-7.786390021790149,-0.9239024399383096
-7.29457867701322,-0.8085504034714535
-6.825193276239345,-1.0837109316932303
-6.235169505885526,-0.9634992765504403
-6.397657174871117,0.2734563046505775
-6.286298784889168,-0.035029440100903406
-5.415302152631695,-0.35194193599190615
-6.735815232194184,0.1327479236452013
5.441020790547796,1.4705089088526822
-5.490734501824302,-1.4086897060172612
5.407363569768245,0.14511344026829512
-5.12619279373968,-1.0679285454621914
6.082969816238864,1.0592118175136243
-5.8163824334397445,0.1630501889296652
5.076149028820026,-0.6713033595671382
-5.2920154672192625,-1.390447896600063
-5.667577233542698,-1.1039286649242201
-5.577154308721083,-0.05974471926066885
-4.686760092660185,-1.552930945341865
4.70927444253375,1.491421831888429
4.95949262868371,0.39189099012685535
-5.086335179697922,-1.4533512460554665
-5.600459239034854,0.3811445651164636
-5.600302864827047,-0.8764901775294072
4.24395998744709,-0.6149016753455108
5.189418538236176,0.9236133471222571
-5.185123832982515,-0.04252583609290743
5.27291409957147,0.6976081206437231
-4.7924140329250715,1.0953156688346986
-4.288810003995311,0.3822527440283741
4.087063147785013,0.18567940106603192
-5.33482188939289,-0.25283743901798333
-5.0823329441582406,-0.6465042969874812
-4.584762971173733,0.17654664011989016
-5.00701489317782,0.6772898157092934
-4.705331744850047,-0.5052314288964758
-4.093315907939323,-0.8606219857036105
-4.385100209549979,0.3365569761589339
-4.847384380737016,-1.3217860580853016
-4.490555530392875,0.17199623264343677
-4.642957913406818,-0.7184027869888334
4.431119027561829,-1.0868549062462856
-4.474300738843715,1.3715780011570877
-4.090390615986339,-0.9558537637169425
3.7374325544267113,0.5592667332498409
3.479438904869917,1.8573864046376733
4.308243043366551,1.5016143439567498
-3.9026302261397325,0.9021489630403249
-4.046397471732449,-0.25345640794523994
3.472417025499828,1.3897699986576122
3.7145321620401592,1.3471310994834491
-3.736766622304954,-0.9058334823209243
-3.533268669532108,-1.3719934567550176
-3.831724002905487,-0.5399437366006357
3.345562093022755,0.03116506082810225
-4.151107758810559,-0.509898665450528
-3.949129515220396,-0.39639131706977243
3.965896344005487,1.059619420938073
-3.51190146524639,-0.10571603207105822
-4.322032163916077,0.04452170361845228
-3.6692425631796315,1.222712926693211
4.319262390331405,0.5349382293951079
3.625517353924485,1.0268312092768044
-3.9211837524023054,1.6411266722479636
3.93112698285861,0.7756412211403636
3.2639918879676553,0.9139243293523193
-3.7745402521427973,0.43591378693647553
3.2508993538940816,1.2764320683077552
-4.141628102973362,0.2481892984695621
-4.000476215172027,-0.7757679291235714
3.0618624695339016,0.29166865850705004
-4.170225906740617,-0.05315078314078592
-3.006967360920691,0.6276137605792227
-3.7645152415885494,-0.8951911314552071
3.260747969007527,-0.5879795685361601
-3.02683757338122,0.608539121395701
-3.4881776269465385,0.0008084853911910361
-3.1581410780761967,-1.2378638482674906
3.0469261226266453,0.03419857927323587
-3.7836789072371815,-0.1630546819543971
-3.849877624889515,0.10928439934291406
-2.933087485411873,1.1166085962622008
-3.3367457323074583,0.4405033744284619
2.942489464736715,0.7101008950102548
3.287853067399168,0.491969754544258
-3.042001814610406,0.0579613274544473
-3.08027357784018,0.047338485740536194
-3.442391573521476,-0.3791017044015632
-3.0685873399193286,-0.4857507109056701
-3.3323126993463825,-1.26091066088361
3.5295018865694607,0.5430660466133089
-3.0140380628645898,-1.0192272332893322
-2.8434609882930446,-0.3325192081014749
-3.2930021818827213,1.2869118330400304
-3.361382859302633,0.4512376072919019
2.787374224406675,1.5764311817940164
2.8593941004272825,0.7054521198250076
3.1240259837693314,-0.1260684808022105
-3.5267902500041353,0.5731873830947328
-2.961797814827494,0.2200517100759708
2.623694794352998,0.9909810395960384
-3.047012673094406,-0.7417919405538179
3.107293944037191,0.8957498432408506
2.905274104325302,0.7743844638312518
2.911559417999562,0.6867464588143569
-2.847190085203044,-0.27806792512611844
-3.0470832363358924,-1.0131254169905954
-3.1275346937926085,0.7734771660019428
2.6114635034033213,0.5066346486410555
-2.8390719806605147,-0.3902217728150561
-2.8020630633238928,0.8834163968103566
2.8899392827565653,0.7070577226657103
2.9271648575551645,-0.32737327557050483
3.072879052803314,0.5537778680982833
-3.1366284241937885,0.03714263856248185
-3.025739459466763,-0.025529804403441245
-3.0872726573867277,-0.9961579982345786
-3.047722475075588,0.5283623572444208
2.554434555157495,-0.09800297005803318
-2.970696767867305,0.33369587462647
2.7339902806139045,0.9615417032362175
2.539314967932451,0.2934253994232247
-3.0771438031461518,0.0010296088257771958
2.9542655090942427,-0.33923117759765103
-2.4656089656722395,0.6274280216127138
-2.4235541672124543,1.5934999727569905
2.59419074272436,0.7412973045786585
-2.2901826661877926,0.8741985734656953
2.8365321454999313,0.030678315556317667
-2.1783855512363957,1.8671803067091577
-2.3826816350217084,0.09717137495606057
-2.550382729169241,0.5651490174296144
-2.15670431648922,0.7081312145327014
-2.266520874795947,-0.7466324034101197
-2.8715191203423633,-0.9360707815297868
2.4946535671957393,-0.3445805382646703
2.413981871521632,0.08474543928711696
-2.8837959885376083,-1.0186083080637245
2.075516754652259,1.057498764283542
2.4480507766716046,0.5887206272786403
1.9111132699631632,1.1316208739716365
2.373562551528816,-0.1568880759580262
-2.34970676718081,-1.3108683187686956
-2.482500284586832,1.0205183845783914
2.0262769275630084,0.388997277084302
-2.6237355690405093,0.3588094044771887
-2.178148576500889,-0.06213828133518003
2.4995388012887205,-0.041944152637083315
-2.2688519166621757,0.3132327068848513
1.7445481089298416,1.0946394107893216
1.7474930161900832,1.8013312776150066
2.442902006725054,-0.1609129788501553
-2.7750732891043564,-0.7413658609791455
-2.5626562823415684,-0.9266447891990193
-2.0399121997581773,0.15954075052329728
-2.174865877752603,0.45125553323189543
1.810316995768147,1.44956732875315
1.990466240839247,0.9134794900085149
-2.0790991864607378,0.018632911670475323
2.4882426126246924,-0.06344983594675035
-1.9303702265510354,-1.4648210390196548
-1.9437310072222078,0.5742448948483442
-2.3264448840452667,-0.33218392295875726
-1.9023665065793578,0.520650010484536
1.9489349374751301,1.1394011969773876
-2.643586587177846,-0.3126781550890761
-2.0515664191792653,-0.6313186598433325
-2.346235839478129,0.22949521604105128
-2.059566924403388,1.1589824275872025
-2.2635868810698194,0.8906371390367424
2.3393297717871797,-0.6086809003656308
-2.0003870168765436,0.10648860405739319
-2.119957522046346,1.112633494400794
-2.320179808351935,-0.3420657184430937
-2.422985895539439,-1.0250658256004277
-1.955723365911106,0.2118548586192672
1.8689222780892918,-0.49633097371472323
2.130600844819501,-0.012384950025869734
2.1925841154847245,0.16789446527305524
1.7433304493393964,0.6906001964092202
-1.9736841321128025,0.0928022094698705
-1.418568773129745,1.120600164378206
-2.221730075022245,-0.7874239045250097
-2.0077784619952657,0.9588426876915573
-1.952435845888427,0.22351886045402805
1.6581781637976425,-0.4778507617771442
-2.0105111660768364,-0.6151857767093308
-1.9479191231376318,-0.10670302090827731
1.9289475216808436,-0.3327325146588744
-2.179901760222202,0.017467931797027575
1.5654278940131332,0.89825904480195
-1.5712156892197595,0.8957373808119159
1.8111881309954492,0.5871425252665526
-2.1507832664295092,-1.2294603089489535
-2.289026766189795,0.01897276153918878
1.9381314111083974,0.9127833573541488
-1.8370158332722033,-0.0507336937719316
1.647474697860868,0.7392908783446077
1.9133048562188957,0.6201284560800326
1.619796679583786,0.201256085262777
-2.0182247754739855,0.13855815652730186
1.8180949240862847,0.09698463398353269
1.5100841138496195,-0.9197951293056016
-1.0975127735450467,1.6172506487777636
1.8166699035632787,-0.35962628980373484
-1.7916329607533485,0.47526211804934065
1.7524886902651076,0.7990661892107268
1.6653979145674664,0.5181478950621081
0.5855581210573981,1.509399893207164
-1.9365089387860992,-1.2874368620783918
1.1894170394958536,1.5371396027384292
1.4107179575946742,1.1442882144262922
-1.9840877833196209,0.48929668246751673
-2.110751045843233,-0.1301386310158914
-2.1022846258686925,-0.8796905006059988
-1.6972162614979704,0.1885680741908513
1.496227669725913,0.7415560726055361
1.76101914911311,0.02216594179536746
1.566122007861832,0.9103060154030143
1.1314194293257516,1.41268470225465
1.7610785454156108,-0.07766251749476483
-1.9064522732429923,-1.0263210294877623
-1.6858722377187456,-0.942223292224407
1.7101869127142482,0.25036629955520784
1.7687444674369672,0.7898795240892367
1.8477532727270352,0.16920811851035272
-1.0566062914021703,1.0317109973653886
1.5300044450712937,0.8867203273641537
1.7704786938974342,-0.5218520221836859
1.602920966165727,-0.026457093744136236
-1.6347956755364264,0.9045170830591552
-1.977929716323535,-0.12696552149609122
1.2234768454492846,1.0552006953107502
1.5299298405014652,-0.11057762893049304
-0.4105482097560586,1.6708860256894928
-1.8276438769827774,0.005306891744872462
1.4840202247543506,0.36881800211857235
1.3165885644354904,0.8846225362370207
-1.4200729034456512,-1.0467044666913161
-1.8170118354525682,0.6553669614327696
-1.6832620671707283,-0.05177564104768601
-1.9442255696404809,0.09124581614810166
-1.7381040333334299,-1.405548789766956
1.187506310371439,-1.2207676539466095
1.0227839066847806,1.1655335146687167
0.9095413070358834,1.2596547138513303
-1.955090416004054,-0.382638452271048
1.5246860736059697,-0.46476429356340215
-1.5772620574591467,-1.3398141132955497
-1.610176658527777,-0.9312688688538244
1.4873950298960743,0.7631865938963556
1.4538994694095408,-0.23644883274911144
1.1609529357967223,1.1074811558062692
1.2534901226202952,-0.6160504020546742
-1.6052685365265296,0.8174866456243495
-0.6798973259655492,1.3850788645423266
-1.5878531348593306,-0.19874511558037813
1.31254296203558,0.37397625915946575
0.3322607884989036,1.802775747909932
-1.8327865417081295,0.0943962238151748
-1.6316178259550806,0.627007327220242
-1.7841868373134437,0.48194766636215086
-1.884333150694189,-0.7876966236132673
1.2054667571070503,-1.045827177537399
1.5279641059864912,-0.20734574649716142
-1.5320951631577684,0.24358675941083158
1.6063707715032252,-0.1290084472864851
0.005325132532278055,1.5712910951482815
-1.5866150737317428,-0.4137300975100863
1.5444273167697888,-0.43394423581994424
0.04982757337290155,1.8441619958626219
-1.4173432918737334,0.8558433451910403
-0.854039324610273,1.1298297768151049
1.5952112181908786,0.08174426552161788
1.5007372706182782,-0.20874819741068312
-1.6606923996747065,-1.3995846925904936
-1.8108514157640159,-0.47689065089503946
-1.4649545276579972,0.23106884190080035
-1.3039921493405142,-0.8753772165338338
-1.487814761534301,-0.2919039594334763
1.1436481832039815,0.772634210762682
-1.5408496926380533,-0.20173887352782308
0.8265992968389595,1.3632503465695003
1.383689528704349,0.06320780760886287
-1.6959999756888884,-0.6850488608863992
0.7327950499578274,1.2427870963086218
1.158472455703629,-0.3661446584774674
-0.06013281295435824,1.373052046657642
0.49515347765260553,1.2357741813969905
-1.1946666357913462,0.91678171960136
-1.3195608236025034,0.6944228533032395
-1.310667299143259,0.5477020914940643
-1.379243050714738,0.24723045113094153
-1.2160257754686326,0.8498284571759926
-1.6130512350935784,-0.2168988328791522
-1.6043001946262663,-0.8657606817257631
-0.4091161877391747,1.5253130095983993
1.0000786012892062,0.9890130835448092
0.11398141976664371,1.2673765618678838
1.2327048980457307,-0.28084467007646446
1.1894009579895106,0.12479093385721254
-1.4563185367846698,0.16219756332416943
-0.13160423748820307,1.4215319671723645
1.2039231706493656,-0.2441647351519042
1.076372809453144,0.8915391180741303
-1.5512225421605634,0.20498392888435224
-0.5695191641858098,1.1419300900600777
-1.560239012934259,-0.9552055159507506
-0.23644194738459237,1.424053295280872
-1.1227172390354536,0.8241992765540606
-1.124372991156063,0.6979303805304244
1.1240103237252017,-0.466524158600153
-1.3985868021443353,0.10203519160002004
0.49604179699977075,1.422266065236899
0.4761482562446828,1.1593807723743161
-1.1283129169500095,0.9205888586939309
1.1365162879685908,0.15363377083761748
1.0978812382460328,0.7335664128357353
0.9485183852716589,-1.0147689551703551
1.1020631703026091,0.8767684840673993
-1.2106368140143096,0.6674260722686053
0.5113298577405799,1.198072757405353
-0.9080241194509991,0.7560098709144288
0.5640376151777974,1.2490288858230176
-1.2658018925447008,0.30907913269035564
1.1744489619390364,0.7797277670754225
-1.0221582464452268,0.8734841932982054
-1.0637613477495669,0.9333864158259383
-1.0543966074418905,0.8436596914746163
-1.272242154750352,-0.0947280605346194
1.1543853515130302,-0.7270496372597967
0.16469822424306552,1.2669176084861495
-1.1871973911635127,0.17199653924185107
-1.072872485277019,0.7686630448425208
0.9232308395510259,0.6253167016663533
-1.189637136681581,0.48789052077341455
1.0255754757542277,0.6928971592299743
-1.5986237702047663,-0.24054825372052296
1.1609321761567035,0.2723948491100109
1.085500780765621,0.6453445151598781
0.9984786914220611,0.8533056719695699
-1.2572091989462761,-0.013763911852874962
1.2828165776465132,0.32960363804476395
1.1621638515499284,0.16950178298269034
-0.059709657389916806,1.2842030635974229
1.0669392823765151,-0.45541256445205647
1.0185004055824483,0.8079851622140778
1.035494436991323,-0.2832966438557423
0.9992975271737065,0.2689772500698896
-1.3528712838554102,0.4288338985089723
1.0610815629324706,0.5353698429793704
-1.0633971900758228,0.6994723386037993
1.114874077349797,-0.3542511718051386
-1.224603425454494,0.6699968887286004
1.200583778648137,0.4446472334967358
-1.272934942415212,0.013199101326511238
0.7758396593600246,-0.8381248847610017
1.1917511756367343,0.4400054922356498
0.9817904363354976,0.7053959262133387
0.9004323659389606,-0.822182572462279
-0.9093606876152559,0.7537702967905119
1.1205971926992278,-0.3872561863594457
-1.4264157142541583,0.17006033026379008
0.7497220225388798,-0.9105389274570871
1.2335381544528359,-0.11410166860342003
-1.3109509831248425,0.297468863020381
1.0837799834977129,-0.3585827709683351
-1.0896861036713639,-1.1004196691849406
0.00888753289789021,1.496542525846032
0.573009170069358,-0.8439062288124225
1.0647924411005567,-0.334649691739389
-0.5402634438895874,1.0942001616034194
1.0290665639076246,0.41876515606418263
-1.182618213904532,-1.0853873212094531
-1.398327513581967,-0.7162185485706398
-0.18823758681598013,1.3996516637286418
0.905285758976443,0.9234795863302481
-0.7678078865208005,0.9075574232606287
-1.29024924708843,-0.9320531209668546
0.3961074659896815,1.2377919263514767
-0.5687214960305257,-1.5694637209625921
-0.6259197859618594,-1.2643094560309882
0.3809237973281177,1.0692817408208597
0.6579955005012079,1.0212837101938954
-1.4399070497484174,-0.34098531128455345
0.9974375861209077,0.41189064572692874
-1.0624442964782066,-0.970610521687049
0.2265933078763643,1.1165296144335313
0.1480759655468202,-1.2413074233729604
-0.5081551719823006,1.2291286463852924
0.8928628768294917,0.7157425491224064
-0.9509634982406538,-1.3792439993944703
1.1199600423172142,0.1720228901814603
-1.344232024374421,0.0009252640021739979
0.9079376242141838,-0.6341218744763628
0.9017366665854585,-0.1977881179849039
0.93783091662519,0.029810218820985824
1.1777087843874168,-0.03586195245591602
-1.2684125492416174,-0.09168013424402129
1.0497331926296922,0.09130531579009439
-0.5645755928719056,1.08290799894401
-0.42881034751660946,0.9736704660830084
0.6574424402901735,0.7515213110417126
-0.443625534646011,1.005597714221392
-0.956133569398664,-1.146782353699877
0.865812899286403,0.5670738470794762
-0.6562740034757426,0.7994451396746255
-1.258020386686939,-0.35745211115421544
-1.2142501867351811,-0.1418973064022384
-1.135613135725477,0.4866772352078881
-0.7559470531975222,0.8002680640395812
-1.1192670751935958,0.5016409302283859
0.7873843665109486,-0.9026969278315574
0.5384793907376677,-1.1414332545402635
-1.0361653694876012,-0.49276478550789055
0.5374518529000049,-0.8235206269381724
-0.866999195210935,0.5161914974861258
1.0383567752587661,0.10651146492213714
0.8994552550146411,0.36846802336749834
0.41756152396334917,1.0080816812895799
-0.7781403157786672,0.6022554798915007
0.5649300667145805,0.9467979303410361
0.5359141666464644,0.8300548281107449
-1.0284314239415144,0.21491714504200407
0.5953837537493277,-0.8115899040889482
-1.325013494181234,-0.4456308648718223
-0.7244818343639873,0.6091365191123798
0.0038181997666122025,1.0933731401900664
-0.8256911540233147,0.8155492161777163
0.6846722165338105,-0.6004257923822702
-1.0494181449641453,0.5180503219654734
-0.6805566615514166,0.9971301145178967
0.8016855457714852,0.29454804305446675
-0.9070875782542547,0.7753569430524423
0.9942249331712055,-0.17005652796335535
-0.9991280759946348,0.26485760620980703
-1.2852995094236384,-0.6766089157164887
-0.5709523499236024,-1.1683207863494254
-1.16342488198075,-0.2232158184528687
0.6305924173515887,-0.6242409365174661
1.0413261478245246,0.23396619034823826
-1.2985713366643785,0.3938359714108189
0.9034050212673874,0.22936277408076983
0.9137802827061704,0.01656666280250763
0.5624232591666557,0.7314877298816936
-0.7112497161520063,-1.1806246468606814
0.61686998425167,0.5744939072725311
-1.0707513178660888,-0.11199847973845317
-0.7340640416064766,0.5392572059266725
-1.2184881896042365,-0.23939769166263944
0.4538794332355919,-0.8785664040043237
0.1003043211326046,1.0240360799642956
0.23377498411384978,-1.05992687653263
0.20750274817603032,-0.7750695175947198
-1.0049892117426171,0.3525517328697823
0.5572729757437251,-0.4054060059499198
-0.9315534549518686,0.5553603308664047
-0.07740266811205254,0.9906305488592454
-0.1321271287412941,-0.34340624891563387
-0.23468864148498864,1.167748885494809
-0.8941091393278787,0.41045755328140227
-1.211822941346666,-0.011844432755128814
0.8075636738726587,-0.29364586912323054
0.3884382113951336,-0.39296208784015896
0.6432545565707583,-0.6154574616481899
-1.1733713141407065,0.14016747045589023
0.07409493946123132,-0.29980200839625565
-0.04704384323337519,1.1207878223947747
0.041626217580745466,-0.3905427815725286
-0.750937121314581,0.7357108511319723
0.8366290254223359,0.45361849716374697
0.7794385640633603,0.632629880251537
0.7687988355386237,0.5009527097026071
0.40116543687876033,-0.3241396784953564
-0.13955196910117368,-0.40126550902057184
-1.2449252172788743,-0.2383112378913043
0.11483364747195753,-0.36682285539858756
-0.09711818434941562,-0.20070093206956713
-1.2547923758262893,-0.7315714714164075
0.25082253872856597,-0.36781393191812095
-0.2887930827806875,-1.0375600666949623
0.7681657748703441,0.04928456742528062
-1.0032336377400906,-1.0085309773855688
0.5117675772128796,0.5992788132079253
-0.19102760038332778,0.9590235602595331
-0.15061260160607673,-0.3064839869439726
0.7507436580613546,0.6918889095317109
-1.1220697315358128,-0.48958045560523744
-0.020776790342605284,-0.29674347944711205
-0.1824760646356104,-0.28791155924553374
-0.18870212851947704,-0.31072947387073413
0.33729442135856186,-0.41355978639996255
-0.9717971126496584,0.01122917102646595
0.7425435322599434,0.04852932368544028
0.13151162270139885,-0.3506208499293878
-0.10937421776385028,-0.43600759878605033
0.3219941401445887,0.8814525165045973
0.8864840014716374,-0.02278210668036784
-0.0693645044455043,-0.5260636601359138
-0.06266294990786718,-0.1653473711251162
-0.13047229697560736,0.06391322581084348
-0.28471302626094114,-0.5884253061856451
0.2477726992317793,-0.8705034559496607
-0.3016287640790268,-0.41293089331396887
0.012756593141383403,-0.6414908837580757
0.6962753915196884,0.43392282508109686
-0.06119909057138656,0.033253005215684285
-0.9302159147869041,-0.7001766894878705
-1.081371834778312,-0.7150498165774284
0.08263557564120749,-0.057318587290731714
-1.0013647548421103,0.07505760682678307
-0.1525658509274993,-0.15634927228268541
-0.14551891690204832,-0.48741921334688465
0.010107532908551448,-0.21044813953702504
-1.1243310086428315,-0.8507547154380758
-0.1516228635015726,-0.11805632967084591
-0.7768920230976684,0.7388856330367628
-0.009992379603267878,-1.022048874136801
-0.020888352878511186,1.089019832259618
-1.0532118262452461,-0.8395574590460709
-0.31580435616183283,-0.561653114005518
-0.21443464549400812,-0.7256430961427358
-0.30584538341980083,-0.5899061847855784
-0.19427191016404224,-0.13769095565417078
-0.2021548379450669,1.0443164899654382
-0.3619483828394224,-0.885522164344569
-0.0034070075491062484,-0.16961639536592837
-0.8162412548723434,-0.9897529350465942
0.15847374205695525,0.001428809516329236
0.19556256715670686,0.05928953377483363
-0.17841579127495083,-0.2566476755226416
-0.14989670990492704,-0.730632928062995
0.12358900984236938,-0.2685293296575829
0.5128389076169281,0.6820416100350446
-0.13283555013704698,0.014026744580341631
-0.2103756424031428,-0.9254858782569869
0.1529444475406689,-0.10626568685399251
-0.29089220890275863,-0.4747448794012117
-0.1407207401985081,0.13542278433834873
0.38900171981393006,0.8494967885164156
0.5383330896008109,0.762186278097945
-0.2729722101707779,-0.3725402408666993
-0.38183140802132776,-0.934466798492462
-1.109459837577851,0.09879402577390839
0.16452875936810857,1.046553121002612
-0.38660861201332813,0.6962486170055366
0.8446889203511505,0.018479777703026484
0.22200261287153336,0.872820873914426
0.3886176561143777,0.8518537163901735
-0.9012663963756703,0.13207935582614733
-0.7565893639200121,0.6093229002417003
0.21828990024887662,0.12233326277748276
-0.3275700155961426,-0.6393000675527142
-1.1415608752705766,-0.05793535422798813
-0.40741494500149855,0.7459791279953414
0.35970305758144694,-0.07568287593832734
-0.8200870416475209,0.25215890922003864
0.6354345189758791,0.12282973100941841
0.2956266861556335,0.9870305484146537
-0.8723665327205273,0.12739046122193357
0.3228474512698434,0.6102837681229506
-0.24599204987447684,-0.7652822495450361
-0.33003619147718055,-0.050090065045164986
-0.36008361111163667,-0.16879396341277558
0.3723051522953559,-0.0819903363697534
-0.1289194770548609,0.8551415569553368
-0.05495194082727269,0.19644232254261162
0.8425318328555408,0.3662219242720559
-0.39647626364748767,-0.6274965796480387
-0.3787444135241039,-0.13240054091984674
0.43520972291298965,0.7018824445217952
-0.26126033288499,0.15992065352720183
0.7148191841226877,0.5895023668914297
-0.3126784598751611,-0.17478978525416586
-1.0178354726278829,-0.2992096364000818
-0.9466022395423882,0.32425499127027313
-0.16089692251668605,0.2544943619456229
-1.1568876922434514,-0.6427982689335859
-0.9471509591815594,-0.9009251708559768
-0.4936018867855605,-0.4704166676641621
-0.41586446345343214,-0.022259239097550055
0.2938911702086198,-0.11639190664873696
-0.319818507743356,-0.04831714681775732
-0.9623371150508483,-0.31024429240251084
0.37844023374996866,-0.008599890150083543
0.39115057987333235,0.14456953369699385
0.34873231746440814,-0.02792991815282555
0.7073166436944084,0.30756827731051173
-0.11111984045985238,0.03270090569556643
-0.4917804564381423,0.6974634288893932
-0.19275511401886256,-0.9673391974030375
-0.37248321625315794,-0.5314994863155961
-0.4696081654686348,-0.1652776029737282
-0.3106028813591023,-0.042358690993210296
-0.4426039186288127,0.026778343682202475
-0.6218547999751775,0.6685766775389728
0.7226804708080043,0.0378553974254955
0.39583265345571045,0.008152952463550342
0.12964948064399245,0.7208262123413682
-0.5114690611792816,-1.1236711223848104
0.6285180400894519,0.5071150482891115
0.6855769879762461,0.508343157801869
0.6181844899204211,0.03050089039322702
-0.33346254761574107,0.12239890665623837
-1.0457469776403225,-0.11603564773110205
0.6917488621174351,0.32290036345336776
0.27492087792151043,0.1756107469812405
0.21062280619896484,0.8173848991690769
-0.11378647754635594,0.3679995025077805
-0.838859488475768,0.32785186730363175
0.4375353409577733,0.6523049136661517
0.3505858343865892,-0.24166135486617615
0.48594121462829404,-0.2295273761727597
-0.26769342867923024,0.0387076476557801
-1.0266927019127026,0.05165329292240774
-0.0007452304684624781,1.0469875043276922
-0.3891218953099479,-0.1803869394548615
-0.15253545091722084,1.0219586314746774
0.49836621600563596,0.11042874899471217
-0.9482932306421143,0.007957067509643189
-0.7503517469393167,0.3728849352870471
-0.5598956615898891,-1.1015243604427793
-0.6187164932630582,-0.20021727210201085
0.13795591766021625,0.3301307099988502
0.34804957786864793,0.6475697713543168
-0.6490249407317277,-0.8561815002147533
-0.562156276206208,-0.26125847183121315
-0.6706242598617062,0.4158375016980564
0.361193414712639,-0.0854170086749307
-0.5051461049628079,-0.9550433294066355
-0.4301550751322857,-0.6790090528164352
0.34198739544365486,0.1584159012306431
0.32625848862715134,0.007755006697823524
-1.008215589503862,-0.32862630063158443
-0.3811020930282059,-0.6803654006109258
-0.13793713781538489,0.9799683602031541
-0.6681145289675341,-0.7501322698798896
0.3761264655755622,0.106740649926081
-0.7942766919652169,0.681756789486688
0.6128432865692404,-0.31276583341596703
0.5063465276557327,0.6259350651722364
-1.0468604529859897,-0.42977024107954703
0.4794440804791988,0.5153978435097251
-0.08320287153815341,0.3076658859307221
0.3743440684198437,-0.18683682207687644
-0.050293569285933586,0.4515902581593662
0.27286690043004624,0.2012964236296066
0.1153186189331296,0.09845622502652268
0.32436795035884847,-0.07008391097780828
-0.9322987628355289,0.0012499068765008592
-0.16592135289551893,0.30924637270621225
-0.8333733319156019,-0.11391761731463204
-0.22026252051328,0.1674079232032366
-1.0401646023669144,-0.45373551658545813
-0.15340363014393402,0.9132731671354769
0.6463975711899689,0.22690362333897715
-0.4487339308762792,-0.31499597367627036
-0.6282039562943766,0.5637875400036756
0.5301098919585239,-0.18892551354316517
0.5751947774971394,0.27675007068830565
0.6615616899162656,-0.20649027723828578
0.11961123123731672,0.1620322921153788
0.2631852595666387,0.38782840945535024
0.32278720562047597,0.20977904232914496
-0.5153016474162537,-0.395455418599248
-0.5438089823385734,-0.27353096103624197
-0.6674789313714666,-0.5757470815062731
0.7097268184256326,-0.17876023872154953
0.4218343498342876,-0.06733771229820333
-0.4171527273525094,0.8915182475873051
-0.41402955530054697,-0.5931726677399528
-0.8350487994127506,-1.1004119601196487
0.31279279076094374,0.23075240332590216
-0.6319528905148345,0.3783517764253716
0.509079870170148,0.42760367455822107
-0.43072814704868767,-0.11636205523021495
0.4746688779079887,-0.2548414788576651
0.4764818018687371,0.009405641551990473
-0.3001154583732707,0.195363784875763
0.5856559905373521,0.44122693434701704
0.5561766462766402,-0.06533406633196148
-0.5723884793512551,-0.6809405323037759
0.14429026395900243,0.8948167859197181
-0.7538080439450895,0.7244678484590255
0.3492469205665719,0.04675461149646548
-0.40931059649806334,0.8707847606288491
0.44985226789935057,0.09856758464353933
0.26839717632241505,0.5733321266030647
0.10703434399894421,0.7213400218102788
0.05053105917192626,0.37257817955898115
0.08059076470079606,0.15861259069142358
-0.4068601113051337,-0.4155724946597164
-0.8621211240859525,-0.5234891340785477
0.5771296638977477,-0.2263802586441264
-0.5158575694820298,0.4334670283126201
-0.6562829658032796,-0.9851715480137937
-0.5428127658519472,-0.2275466085850468
-0.5079871737523138,-0.08397100897308352
0.5948787964430968,-0.2262642087082886
0.36777084495407414,0.515392662305581
0.32753372704022377,0.34395661632830526
-0.8186788242496696,0.33398369258901794
0.04682147838206494,0.4140025473472432
0.4444725604643334,0.4023357485097134
0.6476906409323181,0.36107356005802804
0.2709272223154481,0.3407238977197167
0.32225736474558553,0.20728243681705028
0.3063580378203,0.6621511721329905
0.5322249635408826,0.1869029206938584
0.6529243023528718,0.08290072891028412
0.4576290767376546,-0.1758715652477846
-0.5902207382654311,-0.6550113278366397
-0.5616794489002866,-0.16628634543616502
0.12677654836153368,0.5239104324091916
-0.2335379281923282,0.8517684754641184
-0.4175320711986483,0.5886415687774665
-0.06282799461088422,0.9654351055541837
-0.4145849029090209,0.1575348639438977
-0.3831378104617168,0.20043838914873147
0.44019802969449356,-0.17988531303329156
0.6006229792401614,-0.20667104951486331
-0.9434155773253894,-0.6116623302253281
0.47331669540441423,-0.10050419551531015
0.7153517007599228,-0.156489485031472
0.4163721194700335,0.2217633996951028
-0.49864375343631057,0.16506732757419545
-0.881644935945144,-0.8701262420159951
0.33735021772540386,0.27251174509907605
-0.11541214791143024,0.41718746873189944
-0.0088647944244603,0.566294016065329
-0.2914265467208619,0.5226057847479976
-0.639584607278587,0.5375841980265319
0.4365323158322544,0.7440422838878937
0.531675462763295,0.32634527319342427
-0.4687773233606433,0.7468133695769539
-0.09043129998074416,0.38808886264957027
-0.6468727451809838,-0.8882513176956989
-0.681503989993864,0.4467125151384133
0.5171300214592954,0.6023499124625096
0.6473445505211919,-0.10060326223983093
0.1008816397330615,0.3887465305062149
0.5861798049423279,0.10569663110496542
-0.08409025294017192,0.4887905417681417
-0.5545003355750845,-0.07406495195245362
0.3846875507659628,0.3310263619880927
0.4604446743025447,0.5527994414532771
-0.6533720757092062,-0.8716323673435825
-0.633073963212172,-0.10985758498915099
0.26524836937157104,0.3574288173337805
0.47931774335311483,-0.14804701750465987
-0.4634385635927753,0.29578336261213867
-0.902319501964641,-0.3136935466848905
-0.7422327897524891,-0.9277899559870709
-0.899858895964323,-0.00715746665287458
-0.37792167315152414,0.7014169795344095
0.25494087544040483,0.6964326238126722
-0.840764860610279,-0.26486828631281845
0.3090001032422202,0.27136101272074903
-0.13091566456747375,0.6338777319666342
0.39091938497946216,0.5321316759537944
-0.21076248506032585,0.29428799338534756
0.5198917582178916,0.37371564256175394
0.522899994110036,0.37730320304695386
0.3869498534743468,0.6219767872352037
-0.7896813219512138,0.3346921726225165
0.46011809140227,0.44944422806144174
0.35416378549947525,0.18244261647223603
0.6441215585228814,0.09605657397215375
-0.03819890441019052,0.545786945735673
0.6763686614895186,-0.1820850720989816
-0.383965321051135,0.0009270446284934111
0.5404348264472314,0.10740720995478302
-0.5440552222774049,-0.29475242297391807
-0.5879512541734581,0.6457463555803001
0.5615761242964322,0.023383384975342206
-0.7740019285062134,-0.5564849804699176
-0.8666520160917597,-0.31979579269957836
-0.6406266281238069,-0.17938195472623678
-0.6232054669457228,-0.04395498098898248
0.30252792862830735,0.4087373035968382
-0.2845861638781146,0.28989482032682234
0.28769902804732245,0.5706711799848874
-0.001596036581841158,0.5372843520629357
-0.5852662078280617,0.07874071540957585
0.5871545268522173,0.008469040998256506
0.36292639718932057,0.5513579129154044
-0.5710328901122723,-0.5148215164089384
-0.48665574247345306,0.30487496320055124
0.4121614579323827,0.34133129150449376
-0.37074149117483324,0.7062322113483738
-0.3797504841954089,0.3277456246760326
0.29460397307380015,0.3835029848987224
0.4144871103990987,0.25159625874679287
-0.7687461828242401,-0.9006429629227902
0.4084397801662763,0.5282618804302632
0.2537712057067101,0.5148359829828034
0.3194504022777652,0.8005487402101845
0.23887579155854796,0.555790510960789
0.5276572964702971,0.39963727654583914
0.5598420413314356,0.0035344857681818545
0.28470680672181714,0.41105078815017543
0.4297744237457027,0.2887007220956373
0.012179804177103416,0.6494135661017623
-0.7667766027849751,0.22343167201740882
0.38180617025975355,0.36496377682038256
-0.1665567927232341,0.346831362029388
-0.04174451854355972,0.401703605081289
-0.4866934154925556,0.6836138407039808
0.14275361702054312,0.32488356281806585
-0.6425450758189911,0.6804638952712264
-0.7422808813814833,-0.16962441675651402
-0.6442120165938316,-0.7464658726844123
-0.5150086128496626,-0.47934120166020905
-0.57749846648709,0.127350978357921
-0.5848375878546509,-0.29245084367951074
0.33486210492392704,0.2591058547768622
0.16339494897792536,0.250525017131776
-0.6129169844308311,0.6707721637711382
0.3657435272632968,0.25823102282017274
0.02582819887006891,0.38412276401555556
0.20171394078969432,0.3941012892135768
0.4395610551292091,0.3459455244173783
-0.705479854526526,-0.23481449624751324
0.42149685279709526,0.5391915872890177
0.07866104746947411,0.35336351791913767
-0.38678831479288867,0.017755377466283348
-0.8246938270640796,-0.34074619297711106
-0.35196410194057426,0.38764695570337715
-0.742448186879316,-0.6235012030183243
-0.2440063024336468,0.8414095438524781
-0.5680999675939308,-0.745989434847442
-0.4305983907388164,0.6744652443287792
0.3337415863902846,0.446188762564513
0.3941497084900219,0.22450449174818304
-0.33715018510920963,0.3196214794143653
0.329824855420742,0.18416481744369576
0.2959481309645463,0.4199736678851226
-0.5688315353412915,0.566562750601222
0.4131906337252444,0.21508685943630632
0.16890438987276118,0.6174351183730593
-0.4538163813250511,0.42543080432952163
0.301415297977997,0.6328882067456373
-0.42638511452698286,0.37072360911654956
-0.6796028684119855,-0.7623223131937149
-0.9600143369053485,0.08483926856162938
-0.809681986329237,-0.23817375939788826
-0.8288871849033022,0.22154760373247245
0.4008134682782538,0.30589177576653487
-0.5754686495561743,0.14132936112905056
-0.7520608913686891,0.479866586482887
-0.2690770278653801,0.4691486032287347
-0.009791153271949146,0.860351028514849
-0.701940752575578,0.12000993292712052
-0.6264085830734206,-0.5941092298118396
0.28865382036711346,0.6132850241779547
-0.5505832279776594,0.48403489507678876
-0.6633663377034398,0.5170278958053677
0.0890416233784074,0.7884420249175509
0.2115458552781017,0.6351761135936485
0.3498905184435163,0.39429250043700026
-0.9918218207822237,0.23170546760244687
-0.6906991820071409,-0.030220157206223047
-0.6516593451937203,-0.25394722261390607
0.3759278957236498,0.46556665114813484
-0.027616128561817534,0.45939236713186243
-0.42737344021150475,0.15579432954310893
-0.29718256094929185,0.32661292147540705
-1.0416379759047274,-0.48933622087201284
-0.5761025261020898,-0.06485778248031795
-0.6005311138758652,0.047230669047026795
-0.4784186861735546,0.20173493316472066
-0.5545171160933855,-0.07035637274607463
0.23507445854896372,0.5185712150024367
-1.0145793500661588,-0.1445190536960975
-0.8679309785034371,-0.45197783898975497
0.18702947975401418,0.6678457420660139
0.0007196489543766439,0.4472695169680847
-0.6485311544530725,-0.3763529172130726
0.2593908506473337,0.49963028317441577
-0.5493556037995826,-0.22911559948897164
0.4113614856797557,0.25793458126960805
-0.7088480196277148,0.1565981934561799
0.2508577374816302,0.5568130072243376
-0.378784787641083,0.23454345139871222
-0.5745873201308868,-0.15389432909855555
0.0068025681545307885,0.4534504164940006
0.062149467307896764,0.4586211000684024
0.3497828779698987,0.5186459118925736
-0.13709914721450375,0.6719929284280809
-0.4407721762667756,0.833347476875575
-0.32398018108012333,0.23557483786283842
-0.789681978628752,-0.8823421914594649
-0.0961594997655197,0.8772894106488245
-0.8188565385473026,-0.10557413186410351
0.17929270941649877,0.6637360552606963
0.21139025459952496,0.4340034767158451
0.06754132100624283,0.7953415724509143
-0.6260325175842617,0.544969663656356
-0.3764446872412371,0.5951191496772437
-0.8973827801855689,-0.6681336979293074
0.15827249388924372,0.47177683456740044
-0.867828688484975,0.10770017731430565
0.05595371095103812,0.6443586187237561
-0.6591034161278966,-0.1682908719468494
-0.2157211438101036,0.7234045359410711
-0.42437804745314356,0.3064338399436432
-0.3341682088024243,0.3750596145820683
0.3108271842529533,0.5476330651938203
-1.0346756697999189,-0.08067225385256242
-0.3746700433752813,0.38833945276963683
-0.6535148931283427,0.39724228120607047
0.24758705382095444,0.485980256410439
-0.2963187550847299,0.47074140080665444
-0.18265578298595075,0.6936289489123243
-0.9147085942193811,-0.28257685475479477
-0.7062866438657622,0.2769231418321661
-0.5440512467037579,-0.5744052065105069
-0.9038655076465898,0.027716188230468473
-0.5102071576168223,-0.3596702875009289
0.21981639119783974,0.689481350672108
-0.08286138925824123,0.6989575523559204
-0.00878076177167507,0.8103819162998646
0.2274297870223776,0.4132115116879238
-0.5131355443370349,0.1830522466725375
-0.9101446425557396,-0.15469835579004484
-0.6175037498562651,-0.24010598795076576
-0.5339763678506837,0.32144258258045466
-0.7915515880731177,-0.07567637965183205
-0.20717882367056087,0.38863252051425884
-0.6087980968589585,-0.33407532527609035
-0.8351844405890283,-0.356438964135758
-0.7652109486979456,0.32698955698491744
-0.9314159314723034,0.1469742145731061
-0.7071535582266202,-0.049031221225678254
-0.7500064200807729,-0.4560562286426182
-0.6073950364521391,-0.13340241520180945
-0.7369860728179086,-0.23547783942065664
-0.711325252691922,-0.19966551148235548
-0.33298978828702097,0.5443776635160645
-0.11972889392042822,0.40571213606925405
-0.6803192447083621,-0.7120992953224264
-0.2719628305330417,0.9045428998881127
0.19024744485616898,0.4800473224056561
-0.8663485523854257,0.011504035719612334
-0.4067595985049382,0.6683253395366373
-0.5455157878762832,0.7175059297670365
-0.670337618274104,0.5718718557909939
-0.762108908767539,0.060112750058894465
0.1516313745440186,0.5446231613777771
-0.5089322397584017,0.6007642993635031
-0.2775662655398701,0.6048716357876074
-0.7161807699951521,-0.18555340688789346
0.08803340365204369,0.5001052673296308
-0.05846026181757929,0.6889368902119276
-0.013229716790500078,0.8328189068119243
-0.12585282353225344,0.5816667919166436
-0.33729862317121123,0.517085461260881
-0.4785699077043354,0.5422815097384873
-0.5938704840703106,-0.2830995810276208
-0.12263688381121526,0.42782815640694405
-0.3808434669570932,0.4164928576199468
-0.8905888893605927,-0.1965397086529219
-0.2894769250654833,0.3959758676912447
-0.6233673163533858,-0.27128713542803706
-0.7823281237055707,-0.7432394280653192
-0.6081502741711575,-0.05407515628170485
-0.716724100737981,0.10233106738202412
0.12343175576347575,0.6950975868424145
-0.9883945759362605,-0.11947517080780685
-0.838074798814001,0.09398550979047965
-0.22130743262410543,0.4369034535148558
-0.6056310193480546,-0.21980636515639376
-0.6231787500594684,0.006638550932915009
-0.12075650608165149,0.7762603730292511
-0.6066811396552978,0.6351654633314506
-0.6342046829767345,0.5979656088630956
-0.20700415638986916,0.5358149812066215
-0.13467767916560783,0.5215777513756623
-0.32953362994695523,0.5368742816277392
-0.6972266151461698,-0.15143384645530655
-0.7985309480305618,0.12971528509011235
-0.6520923540646913,0.4025265612573793
-0.3491943257066772,0.5396353701484503
-0.5170733960286993,-0.6536483601516968
-0.6231526231164101,-0.18570795758831957
0.08649191100371954,0.40691677120822495
-0.7116466065561307,0.2579989796005655
0.056630568343288584,0.47157865978064306
-1.0362174338615395,-0.5128536294190794
-0.7937598587782573,0.0949318315693868
-0.5147095397452576,0.27285797187900956
-0.264419644800715,0.42614451284020916
-0.011032115415110682,0.6750927856889662
-0.7121312694655745,-0.014814530670316824
-0.45070032555277423,0.7002523023279217
-0.6270820192552309,0.39220232837591956
-0.8385834447321422,0.12905750709983274
-0.5177061909180125,0.3034457739088244
-0.6283965496502665,0.39004488135759546
-0.03211036924613754,0.4933886071221415
-0.606015800218658,0.09614699239938476
-0.9486115118866835,-0.0961514818151643
0.0045436597987696965,0.4552179825625496
-0.7048449191083926,-0.3991990781551005
-0.7881636297605182,0.15213370985211447
-0.5000371336686488,0.4766873128777319
-0.7573273790160456,0.05551302388250071
-0.4799483682071195,0.09324923398741175
-0.597457092240788,-0.7603799745699595
-0.6117919721959372,-0.013370532346666327
-0.14692625233486103,0.711752234405523
-0.6930526773677645,-0.7687630005016622
-0.7498279002845195,-0.9018637201137587
-0.6833520985670204,0.007421980560334034
-0.005498435073974077,0.5832419380926137
-0.745964487119852,0.267481320659741
-0.6602483940251462,-0.20464796214791792
-0.9492533072251722,-0.13786651932196253
-0.8727808122661348,-0.3986557915014165
-0.8318084616126512,-0.3664404815860205
0.12341627595178947,0.4597899845803174
-0.006031648606028728,0.4960091212854649
-0.12590795609051586,0.7677110766708833
-0.4634458390762514,0.8027497546388828
-0.3553906016372319,0.6598330578578752
-0.6475993872453931,0.42885910966973323
-0.384887511856818,0.4984351722638032
-0.8596146045688716,0.14011692747731008
-0.7743206775697129,-0.5135826250276347
-0.5336751139214162,-0.4885418343680194
-0.41901762357903777,0.5992141240145381
-0.943475058878562,-0.08950027591571716
-0.44791092458742754,0.2993708220843402
-0.724463582165103,-0.38661572798484983
-0.5992241904719333,0.597398794985554
-0.5835264867778517,-0.08951815985327598
-0.6162127444619734,0.06324659563505627
-0.7166092107129565,0.1673416962488394
-0.40417413183262824,0.38535653966982497
-0.5883149356293828,-0.5014747415060085
-0.21066904476947165,0.6284028311833874
-0.7678901119111361,-0.14280524626993768
-0.5597602557213509,-0.25785172334519724
-0.5118219829691352,0.3513773788945042
-0.8106783438265514,0.20878522184511056
-0.6778551100071021,0.3737193975857477
-0.2933164766003339,0.6240035161985995
-0.642319231628673,0.09303452235197589
0.015318292813198464,0.6011506718024875
-0.632479841182597,0.4492109664343613
-0.17692200926200582,0.590164070366218
-0.7111486178276779,-0.20475266295012579
-0.9055216396629452,-0.24297320638465492
-0.7707599067036818,-0.14738297213944143
-0.2982614459429652,0.4928806700701572
-0.37660934525036005,0.4646216812775611
-0.6165815031297764,0.14654291008478676
-0.23855726076072056,0.4770789500495061
-0.6982182872029304,-0.1860275723694164
-0.1457244975315595,0.5660290362890126
-0.11519387349345553,0.6393884007088215
-0.27871757265099245,0.3745108914756495
-0.6250539055401669,0.11853297821768456
-0.5809203661405504,0.08966466007507914
-0.8062609962696624,-0.06829051543197495
-0.03948266219771365,0.5237992874759817
-0.7063584787662051,-0.03381355325766806
-0.10053215088818747,0.6727845609354116
-0.5579628115525076,0.18364193021464226
-0.10208187578058976,0.7137796537731822
-0.7101724405081916,0.13688402660880503
-0.2888888241785873,0.49566221537425137
-0.7558334318680541,0.4443321871249135
-0.19923146272721906,0.4888767585444578
-0.8699501408839289,0.11496544815103034
-0.9578590462959289,0.05402129060272691
-0.2510740502801376,0.6781321245502292
-0.7294407115737511,0.1753354513405327
-0.8696524033400621,-0.35416872344678824
-0.03540986853477075,0.6478112249278967
-0.32519772653648665,0.383620118234412
-0.22587435561142413,0.5515592858156191
-0.7465146008431729,-0.026317416217972147
-0.5495620905043808,0.23415638962318655
-0.8017834317480893,-0.5596393734319536
-0.8817667798981448,-0.38351186633756396
-0.9508876092794518,-0.3661775359886713
-0.1471812170008775,0.546336938708172
-0.4550939754141904,0.37628209474598256
-0.8797957769740867,0.2792974171118066
0.0062443139578002614,0.6072880105736804
-0.4923838939530919,0.528552870368122
-0.4530124108569799,0.13447047015563998
-0.4151764797332156,0.6155890736220493
-0.7493362499790726,0.5969017928354234
-0.4089411291039315,0.6502149403707103
-0.1475100357502948,0.5019237291417982
-0.7790004911473247,0.2505418078838695
-0.9049540581654246,-0.5526602721976057
-0.7851634482605097,-0.21795010478663102
-0.6539630709597605,-0.6672446913107124
-0.7839283643522067,0.3450331256571688
-0.7224761894661635,0.019956341879966435
-0.32049822810665385,0.5439718038511352
-0.6007020446031218,0.14649755482081706
-0.5284376538287568,0.15184024843040378
-0.6524986868706155,-0.2549966293395651
-0.5709831515958804,0.28001859231188536
-0.7110883209074769,0.11739283706873574
-0.7222451517617143,-0.4519333395585443
-0.8472138900346351,-0.143084146707989
-0.2962829352607931,0.6123843402032705
-0.5807352707135902,0.03203137530461291
-0.5262878073000969,0.4247735059112746
-0.5310637752549804,0.2786710971503433
-0.4544961574562878,0.5914986718684745
-0.005961859318037053,0.4797446380659193
-0.7224965365186392,0.13934750950808494
-0.6501810425016417,-0.10343245281939782
-0.7480462506934497,0.13604448130758157
-0.7978386217333074,-0.18954296686099983
-0.6149118421392382,0.024020604761981233
-0.45034272817689175,0.49763330376776066
-0.4363352792759411,0.3733222678605212
-0.8740926802723706,-0.18161720977720183
-0.682825231223572,0.3371727037435077
-0.4873805342278962,0.2528202347083376
-0.21207353680081129,0.6215657855843935
-0.7303321070202577,-0.035454488834122465
-0.7009729622464979,-0.48979471091551946
-0.7538764686464683,-0.29688205031346265
-0.6781293849080713,-0.4087056157342375
-0.499314552100878,0.37242479396796707
-0.476413732421501,0.6112218733069339
-0.5369394267099757,0.11238891719841812
-0.18414137522388177,0.44678515279194325
-0.6389036563856326,0.2593968559985001
-0.5958232157192654,0.30420740981758077
-0.7106584981771135,0.3121828811828454
-0.8030043688586133,-0.2530606051653821
-0.18346482314869578,0.6495169729822375
-0.8236232054578049,0.09600883360340678
-0.6570554401273017,0.19717557595912888
-0.4072688393083392,0.4296634939051474
-0.6887919510954197,-0.5775822759108573
-0.771152427030046,0.16023813847282098
-0.27263104749881734,0.3289578254563848
-0.5147199235286022,0.20624149556224064
-0.37262582197431926,0.4576486814584914
-0.4565192324251995,0.27530195166769705
-0.6951314708232766,0.3903384182723092
-0.705394407757682,0.1088224191642964
-0.8407259150486803,-0.040909961161470096
-0.75396432887466,-0.02306758299169091
-0.8709056427781375,-0.7499909905081641
-0.750602334083186,-0.03153445079303025
-0.6405624818324192,-0.08421016712063517
-0.6966702469543506,-0.7471121822861986
-0.6551174526114545,0.12294331619167834
-0.6204124092347088,0.5600122447893324
-0.6562787765561491,0.09629228440116583
-0.8498897404310604,0.15278207891627293
-0.14932202857812638,0.5849581295321812
-0.7132898878678082,0.12152255054614816
-0.6460209658174357,-0.04669198700697746
-0.10587322522200344,0.5794137538172938
-0.8034763671653947,-0.38817391291145464
-0.7706787216029888,-0.07139290369892091
-0.870576682658416,0.14532982399467748
-0.3871067630587951,0.7428654663914365
-0.9240349207356869,0.015501294070558039
-0.8163700714550993,-0.19196276058187517
-0.7299715017760351,-0.05962871954649329
-0.9194270454390395,-0.3581556979622035
-0.5507471108014907,-0.6099521238167327
-0.24898433917237972,0.5304349728215367
-0.6567005120736378,-0.3594716780168745
-0.8586727767576798,0.10798693106595952
-0.15781411197835907,0.741379741482343
-0.8901869613801566,0.09982402096057728
-0.7765693027956748,0.3454821093240598
-0.6283875334295868,0.18215940616470103
-0.6812647836979668,-0.4721433803950726
-0.48840288502797036,0.5473753398489453
-0.7452992721724071,-0.16853868610653214
-0.5327818189258857,0.2878694763467417
-0.4755305795878139,0.5227797999682043
-0.8460479547714148,-0.21401469281323654
-0.7308928251665838,-0.09083250771324411
-0.6077863898581319,0.12895062308893254
-0.489360956009937,-0.7322267979453655
-0.7838232772123996,0.08510357929359195
-0.44674115343506937,0.623896128533391
-0.41864339614979335,0.5929149812795886
-0.6569154380807279,0.2334772475883613
-0.3237389084960496,0.4997230496163701
-0.7355842231237792,-0.18029846651129244
-0.8302271970213378,0.2009934353207923
-0.7505160071247231,-0.24613539320930072
-0.7898286021830979,0.32728830460327646
-0.7766811633695068,-0.7857768622461948
-0.8191487637593947,-0.017641552818040415
-0.8512223859030873,-0.06789742830140368
-0.3302134282139374,0.6245358310721074
-0.7644559343892017,0.09449880346302196
-0.659281176987381,-0.4939132077279794
-0.8685370976052694,-0.5960266653131014
-0.5713826414871627,0.08318455627819903
-0.8259064864455211,-0.3555540287351001
-0.24413931403586475,0.551259041774605
-0.28706661362963004,0.5593053791650056
-0.7694702730580023,-0.17620597756677547
-0.16333016061135402,0.45885745313631676
-0.3594367090211254,0.3579449694886704
-0.9847492789370041,0.10950195261258251
-0.8565801270814565,-0.20903433275776384
-0.6884669400308661,0.1537528856719882
-0.5039696163582497,0.44689190047860644
-0.7800298747172649,-0.292945340708369
-0.6169933471317098,0.2797917563384497
-0.749334435444177,0.29393428868181554
-0.7562174034258645,-0.1485596158184728
-0.6740630161670396,0.09877810121853899
-0.5344835806136754,0.4008778014243528
-0.6302406929901911,0.4058051884515272
-0.3482515262348036,0.4197460943641884
-0.643653363865854,-0.1336886793083069
-0.543596744836354,0.24974400898807242
-0.5896360339061788,0.3183616286222358
-0.4336454970924275,0.40360544930621356
-0.7131892895952006,0.2683119355602925
-0.502830178015337,0.4688665632387964
-0.9839579776300723,-0.25807485883989034
-0.5454376444563708,0.539818694236073
-0.5326807495117551,0.3152687022093093
-0.2226543667676542,0.4793147535945718
-0.5364098709533364,0.25067423371952113
-0.3168822706232219,0.6080381349931869
-0.811577783461966,-0.6387645169686262
-0.6805025892167783,-0.029006968452856222
-0.7085407112882409,0.3544058521757964
-0.42220401071327285,0.23895304244846893
-0.3727160344865478,0.4753215997103006
-0.3663903109174981,0.5699214255877981
-0.7999043946518283,0.204171365351616
-0.5638355059153459,0.30578629308663957
-0.6244078109982456,0.15959276007153794
-0.2899537745554135,0.2875924214017291
-0.7522078292053227,0.3469121966795538
-0.6380957125761558,-0.015353975054291208
-0.34230473892887847,0.6116721762387978
-0.65882482628008,0.16132997282344408
-0.6275680563526052,0.552363092737182
-0.40990632406126565,0.5446115004732563
-0.7366805189927177,0.10773856477145335
-0.30777340208875636,0.6095837654835159
-0.48719615373420666,0.1432988297410958
-0.24554167875877173,0.534933559523353
-0.7763185488081769,0.14977054713786983
-0.7015723714190641,-0.19207388591029523
-0.7888889822886076,0.09311593539194281
-0.8488238240294371,-0.143159672569412
-0.811404008793171,0.12179849160133106
-0.31639730940074545,0.5146048081449415
-0.839154342160353,0.21009241668998116
-0.7137668328209549,0.2788686697542703
-0.30451182617889455,0.41727060924145015
-0.2709618562586244,0.5269637545526404
-0.22672478116916156,0.6037251224017114
-0.8252337612667536,0.018196097947384037
-0.31355752386935754,0.6073024116680721
-0.707853939592731,0.08569131773392921
-0.31311892228522814,0.5280829631110934
-0.7051959579587994,-0.3635054044040851
-0.4256709158156263,0.5556781381006602
-0.7578359189032932,0.14263607296624248
-0.5029036384785955,0.4011653294937083
-0.5833977008687298,0.2413417131591155
-0.6698299745770171,0.15155277701552897
-0.5538155446022568,0.38339590952092667
-0.6411337151602913,0.07297736872714597
-0.2928335465361026,0.56290021068893
-0.8326202737594478,0.0054583255311085
-0.7077902236572935,-0.012615582292596786
-0.3558337420135997,0.5696073817693167
-0.7348965451426536,-0.32595265408809043
-0.40382797286588534,0.6151162442592726
-0.5260775878085543,0.14762574135297823
-0.6980939596833738,-0.16350066004210667
-0.48450837666883806,0.41152606629400973
-0.4855440045320032,0.24916960833157728
-0.6292287574357186,0.308118778066755
-0.6538805340122251,-0.03644351411963234
-0.6226582551706741,-0.4825942522122115
-0.6510976776530893,-0.03215234836793426
-0.6976693626862805,-0.06354687182980356
-0.6140748429764411,-0.6359142359728982
-0.5924728972279893,0.501834674130293
-0.6048933936675156,0.28800634029458166
-0.2576328463768629,0.45174049710171926
-0.7705093190088268,0.2776971607186318
-0.6685951312603663,-0.10620415848737189
-0.8246462972128461,0.10237337534809679
-0.49416746776696613,0.3900653893497601
-0.8136124526800422,-0.13650836473575964
-0.5189076959114735,0.46581347212800767
-0.704988160377127,0.2540079547056535
-0.6580103776801465,0.13932876910981326
-0.46443423950872764,0.2625705908683582
-0.41375591444154125,0.4474991407846566
-0.41928305002467126,0.6210054726983683
-0.49166562295191524,0.4191968044976991
-0.4475717646485658,0.2835662369311756
-0.8440895591382714,-0.15896686948357466
-0.4829382032123181,0.31643891283743397
-0.6375808079751389,0.3722519932405875
-0.7141583598903283,-0.08350243778227408
-0.8238190633534901,-0.3423916112696913
-0.6630015978981487,0.42656993768284923
-0.6931171170251335,0.05681977806385292
-0.3826309609367225,0.4687433184976946
-0.3788082044522711,0.4581039059710704
-0.2619852702959467,0.4991811720763676
-0.734309797224531,-0.25735844818645215
-0.8507978548935846,-0.16162926475679604
-0.2829907191062826,0.524269735959344
-0.7123160561575762,-0.08537969161350988
-0.5776176358028609,0.31136994276750474
-0.4653431892942652,0.35807527930972266
-0.884724518402032,0.2369249302680639
-0.9475549844207128,-0.2578467702343637
-0.7615441034727527,0.17787928653347643
-0.6313693844271999,-0.060755009020054485
-0.793384491726616,-0.23001012230279316
-0.7905729013091458,-0.25716070177909606
-0.7819595122843296,-0.04261001902432953
-0.7456435304305769,0.3610638689887018
-0.7412929219835834,-0.11295902344995482
-0.3719759245119406,0.5032339056441231
-0.8790241609299091,-0.45033237709346924
-0.31141884007010384,0.5340888659029445
-0.46174997638369164,0.5694595102659268
-0.7534254405286651,0.09217420544168374
-0.6163559346948786,0.40908087165318396
-0.6643234673204113,-0.026168198910024577
-0.3718273485563759,0.5749311047945517
-0.8470417611614712,-0.21427054277886212
-0.6664117467495971,-0.6905088566229968
-0.7305713391886487,-0.3117612546374365
-0.6993343743929873,-0.21689045595216871
-0.2902014658711373,0.4543055021892932
-0.8207778685483866,-0.5030608894856673
-0.4354615393541218,0.43581136184546865
-0.7304849163688332,0.19055596586813162
-0.7069907957127747,0.4002508274536898
-0.3770410396169353,0.5533203136432993
-0.6701641001620086,0.04912347591502756
-0.7274268896116679,-0.45887791147647666
-0.7307071448755519,-0.06954483195132938
-0.7432596746722329,-0.051226176276758774
-0.9140503068530209,-0.08854283084595028
-0.8202022640541312,-0.13966899132475805
-0.6431478514224032,-0.09413879611270623
-0.700900825794914,-0.4422631181715102
-0.5351389736161931,0.19620156149865114
-0.6211686393907623,-0.3288885229118253
-0.42795472427308473,0.6327820821637428
-0.549309764465031,0.40837291255971475
-0.5571848500808335,0.5038586613646698
-0.5437928212251788,0.3468424142808151
-0.8487908916444241,0.3442448859711923
-0.2823750680334232,0.3949911771841025
-0.5765162716298259,0.5875508237968692
-0.4260879303993887,0.37722023957095424
-0.4797455655320351,0.5020632677667746
-0.6834104432764224,0.26400260439797263
-0.7467167447804305,-0.09198049380755194
-0.6391612637137357,0.27466413163286085
-0.5489053219021396,0.5372744326765447
-0.8963330876347038,-0.41115800586886303
-0.7028318751592691,0.4034797319279517
-0.5674270504279925,0.5186073267714247
-0.7286326579792644,0.3171121264560018
-0.5087420700162403,0.3997692983494645
-0.8809725395504902,0.14564907914162037
-0.5370140262441438,0.4554423032147624
-0.4059466708776452,0.5165897480855736
-0.8064630975109434,-0.461942700045456
-0.7681511427051154,0.36762331389945824
-0.5071530803473423,0.4575572245938136
-0.4005503361015895,0.42848268602272876
-0.32168110275976386,0.5564996089457193
-0.8479574603600702,-0.2019456490893977
-0.5771709604903965,0.11831233733365039
-0.539926867973162,0.24358999443263885
-0.7352625798855134,0.1795821282109116
-0.6768488791660776,0.15611546187962946
-0.25719751135003227,0.4304695948833973
-0.7658578616200021,-0.4175016247086344
-0.8043602626230065,0.13699947486669048
-0.7969143123134846,-0.6398490105194412
-0.8658619633745097,0.08471629486548624
-0.5927089754327333,0.49575053258057883
-0.714889499586771,-0.3870191752410544
-0.4017927894121001,0.5389756772698695
-0.44827566951654746,0.5817005396526813
-0.7076926912617613,0.38584509948816026
-0.5675972657883107,0.5292009359490765
-0.7807027876031428,-0.1501594756064242
-0.44199701298943306,0.48234262590446336
-0.6777947570163174,-0.45687649440442135
-0.7962421370154948,-0.289711109710411
-0.64244767695616,0.13942651620413185
-0.6521158055078055,0.2954352469031693
-0.5879735429843107,0.5747867039495081
-0.5167029903217586,0.3537252845734446
-0.7964044650410865,0.02098716950891111
-0.38409237741459096,0.5142957075402433
-0.4828146127039111,0.4315880976808985
-0.8129616463216225,-0.3474846834642586
-0.47494930172551747,0.47244218473210176
-0.6192023146779403,0.000270465718458065
-0.6955706506715326,-0.018349374022861173
-0.42848589779612106,0.29077162324431616
-0.9281755505014112,-0.11198042983634958
-0.8288332034929996,0.12652810558145405
-0.4347586485234986,0.551334568087574
-0.35462100386969037,0.3862814149174816
-0.6786612173115192,0.40167172484292485
-0.6538078898104959,0.28922370418284743
-0.6790712876039868,0.5345923292199951
-0.654516403410366,0.017290268081307337
-0.5639111788669906,0.1557421729185471
-0.49283322989394784,0.4970916067555369
-0.771484813938209,-0.1917788216835755
-0.5832491047519961,0.38692964837958777
-0.8051078305066138,-0.24720945437562206
-0.8320523879478918,-0.24923781443277518
-0.6178357238428944,0.34614912908039297
-0.7444400634506613,0.16949774387999
-0.7765417113566232,-0.1665251492438628
-0.8629482674941594,-0.14717487778698807
-0.7346463711940028,-0.2565263950577957
-0.7023422646580815,-0.22081900675866295
-0.7304513735803259,-0.05691212903585449
-0.8365514083186871,-0.32772993107130427
-0.6835551701756957,0.38929730487245356
-0.6847041133152522,0.14954838878366064
-0.7916013597363241,0.061646029937424636
-0.45299883876599595,0.4573642627121723
-0.42467508927172154,0.456422746447172
-0.9168761970095995,0.11205601634747131
-0.3302496880007787,0.38075539876827125
-0.8660445315277558,-0.05283810816278492
-0.5907112064279558,0.44729536996738223
-0.7826881656515347,-0.15479586586724786
-0.641010969958282,-0.2067531940557466
-0.6135927742672329,0.3390105566034351
-0.8284719295904057,-0.20520870601566757
-0.496289683599,0.310543036643509
-0.7464974745523614,-0.6699870544501721
-0.713203484088576,-0.3536966698714965
-0.5849837290421135,0.27395890375305765
-0.7397043507167794,0.27866319053788835
-0.8255401854979234,0.03331735903575693
-0.6598814884826547,0.03816087164164251
-0.8719268727203201,0.04449915045108926
-0.42931443151452203,0.5748448025184855
-0.6244924273341186,0.23227186374760236
-0.7949970345650664,-0.1109642220841731
-0.6903913236435102,0.3822858633641692
-0.3690402845904311,0.45437477360583106
-0.6997324958722975,-0.38310939012500644
-0.8765201921018745,-0.5446880061568706
-0.4738316922610486,0.5336628956370896
-0.7321386259560188,0.18798473924467585
-0.7303612398789366,0.3595215544848651
-0.814928073219482,0.0014798260625329361
-0.44160324865477346,0.4612608007592437
-0.7295462490881173,0.33651962500336463
-0.4857610278468643,0.23740942257882044
-0.5390719029090508,0.4092832824600917
-0.5958607932786901,0.33075251763578173
-0.41980694343996605,0.4657190149862386
-0.4369900781549292,0.3140097564421669
-0.45705200996531253,0.5140864914812431
-0.6657456942968982,0.1562541911980296
-0.82226841042242,-0.20436812963092277
-0.7341337331476674,-0.28270931059813714
-0.8479014744476996,-0.011913025384420954
-0.46331650441276967,0.5521782555262916
-0.4676437579577238,0.3831831275850149
-0.6845047010675,0.136237314712046
-0.6027765432888362,0.27931121696228456
-0.9376739485010963,-0.4623650899381611
-0.6729108799715396,-0.06367636961215299
-0.5484762931575003,0.33918414235251554
-0.5830643267681264,0.4812241497786047
-0.5624444956896598,0.25518026581593106
-0.8095382020682822,-0.36048349945936076
-0.79601001008698,0.00666407009507006
-0.7796943114980613,-0.008338884589831211
-0.5606589378574658,0.3167595827756174
-0.5131406123893827,0.39079127145069237
-0.4943508528800195,0.5501062041845858
-0.5465347325902192,0.296356296761093
-0.49897774334151296,0.4767042383816047
-0.7618230557474452,0.1727247659425015
-0.793595439966863,0.21749652598343477
-0.6615868566360843,0.35298618033263024
-0.5817246878977081,0.3576405948368725
-0.5690579699203804,0.39797453189235177
-0.5366042930554763,0.34401866071191833
-0.8220277420608064,0.1417970586595068
-0.4779792893419371,0.3194904911763599
-0.941397190325308,-0.36584122747106745
-0.9801244263908352,-0.11705557543193545
-0.49604693232850966,0.2976925668864708
-0.5935714287861312,0.49236856538994955
-0.4223012741741486,0.5009636473404768
-0.843628265546432,-0.2769157046730213
-0.6238525265869654,0.050964779242038384
-0.8833816235949938,-0.6266466324162777
-0.6614077310553155,0.06746668533668428
-0.36482560242192225,0.49718496132064427
-0.600284709853992,0.4839344280979524
-0.5239386009402344,0.4050636282537447
-0.812870915139223,-0.019623311769811202
-0.8595195221554418,-0.15541947099834688
-0.4690367471751852,0.4215570330390098
-0.8155597575901055,0.04790951166425905
-0.613600505058528,-0.07399607743995718
-0.4454241760144684,0.4779133644564227
-0.6673398799900769,0.028562448489399234
-0.8723513046055722,-0.08762990049471901
-0.7148034909960832,0.19698701474800115
-0.8364008660677871,0.09110878860093834
-0.5804818814825266,0.42295477004060444
-0.6796448583488479,-0.277330665429841
-0.7066754626553962,0.29552070053494217
-0.5267224343499188,0.5567455388788655
-0.5185442740885418,0.16011229105086972
-0.4866416562389501,0.4402800109950327
-0.6995048661857609,-0.22413144105685195
-0.6835382215577189,0.1667827891204892
-0.6813500615005951,0.29693297474989555
-0.6598883216097087,0.32173074479454117
-0.7826380022916912,0.17541454804313752
-0.4982185407135089,0.3859270217502721
-0.7764158057030807,0.17058659724895675
-0.826121197656574,-0.21669471975173224
-0.8417652723551219,-0.27425715813520696
-0.748342086488848,-0.08468572961406201
-0.8551398270078636,0.09506178769541351
-0.4751863563410612,0.5382233937729806
-0.7024297672276546,0.1010728566791573
-0.7163652711580041,0.33703923076737385
-0.7502848549498962,0.19820275577799443
-0.5840920745678434,0.21112910951494648
-0.5592181820927932,0.3897069682510247
-0.748753975783322,-0.40181109067248977
-0.7672743516065499,0.23038374628051556
-0.6318112629323009,0.09109897833779072
-0.6798769384489494,0.04807258376882088
-0.9238198695995988,0.2339303686182514
-0.4257081261030712,0.41240402395832904
-0.7173738178097948,0.34431268551693867
-0.8266389284295053,-0.5133561987725032
-0.7660732577047167,0.22335090752707037
-0.5385827300636049,0.08669806826745614
-0.6231399203891135,0.05741922998339688
-0.6022425694959612,0.4723203561184271
-0.3922584905514131,0.4113045004190427
-0.7123787089584649,0.036543261754686016
-0.509408310260546,0.35830919726792343
-0.7919870934751365,0.23060962729799156
-0.54845672356589,0.22159066850662104
-0.6934442618540665,0.25419149718222145
-0.7047905114872048,0.305354761348986
-0.694794972708946,-0.2931493085281937
-0.4609530483461381,0.31400297944436856
-0.6488671900492148,0.1461706739361956
-0.6473710629296324,0.4216140816800201
-0.6813813893594275,-0.006589684294354829
-0.7301223417764731,-0.3256480343935714
-0.9031272556103549,-0.3066276904006292
-0.8227508727426447,-0.10147700260190626
-0.7353957221017134,-0.050460029376176586
-0.7059052995636873,-0.17691520357810284
-0.4375845421064894,0.44149367278729357
-0.4881444896973115,0.3303622714439892
-0.7405589791585123,-0.16484224599841116
-0.6494503815742744,-0.38115336335809136
-0.5126291207668555,0.4854460406102415
-0.601309334232583,0.3823214053242883
-0.4876382408773106,0.42389240328037137
-0.6814903858610427,0.23922176749724072
-0.7487234614685101,-0.11852543489901989
-0.38175336985870684,0.4133612531804555
-0.5402979652099668,0.35659824736857226
-0.7350050749028793,0.10678096169211682
-0.7826392988968449,-0.4633182474565344
-0.6414551292126282,0.18956429158843463
-0.6217043859390545,0.5534084693213748
-0.4530145672035064,0.42091796258456476
-0.6814196700349242,0.2851856649480989
-0.6282580622974835,0.24355352109954706
-0.46170427373560385,0.26556014833273184
-0.5428610947475644,0.12037881544023117
-0.7709000506929177,-0.03236236407798248
-0.5954241453797491,0.4084486822483992
-0.5981387738365087,0.1017247411563756
-0.8761788551168913,-0.19225248751549998
-0.5329011069558736,0.41905111750581564
-0.7146918845705347,0.1383753725697372
-0.7326863555345453,-0.2813309955594959
-0.6363155383741396,0.2815027090723847
-0.5740153882637423,0.14817964371867082
-0.7211060181765103,0.16153036440055324
-0.4525020742440832,0.2880370642147607
-0.5380944911158321,0.31626051619458123
-0.6186910767187063,0.27891537045534565
-0.7371187540149008,0.16071009882469658
-0.5727769170642932,0.44196995978360626
-0.6320864868616639,0.5454415943838729
-0.5972502976628113,0.371929905262579
-0.7189685619296081,-0.40444206943745287
-0.46203172549408356,0.41027271414977234
-0.6628314310534958,0.3493537283320643
-0.524716973666475,0.34910601258633245
-0.6874812380270507,-0.042866818976204056
-0.5943369668986547,0.5128469205850341
-0.5673704008240057,0.22227053285907164
-0.6236776833697286,0.49008403095338215
-0.4831017152568484,0.43015945695861213
-0.7426384875505058,0.20463815016624806
-0.7776179889975585,-0.03676297676604978
-0.9319516238567327,-0.19166140577039542
-0.5310400442122427,0.3357785833337143
-0.7202823007679529,0.05403011551030693
-0.7140396575721586,-0.15967656245379047
-0.5887221124612465,0.2876239254382271
-0.544346748056136,0.3845433936694898
-0.7531812397469231,-0.2268284159039309
-0.5362816262310225,0.4955637367318865
-0.7123199944501996,0.15827255603838947
-0.6658666134116283,0.39765138784013415
-0.7893624310671906,0.30469201140051005
-0.894796447832922,0.05332226057640084
-0.3825669009738476,0.4904311506038036
-0.7803978429342164,-0.41885444635707414
-0.7600311761852442,-0.021592746384719832
-0.5844528907506215,0.4396553284387311
-0.6602664051120435,0.28248462154157056
-0.7011561334049992,-0.08326910566639438
-0.41368513013873137,0.5472656515151787
-0.5124301983199706,0.38006378028998145
-0.8484711059625534,0.2068659625034156
-0.7069313766922123,-0.47388026374712483
-0.7564594352264694,-0.16552703099887447
-0.7812132511426518,0.2399229002601555
-0.7908576126445553,-0.17930606872025676
-0.6967046511937887,-0.050566909033325884
-0.687825894410241,0.3317353863609714
-0.6619832406649089,0.2939519035723255
-0.9316293833830276,-0.23265995607184722
-0.5690103254124185,0.25788360862923465
-0.6941993867231868,0.4141379064441326
-0.8737354508315839,-0.3983144296582804
-0.5569525794219586,0.5259149333649368
-0.5381399056737021,0.3984324745284169
-0.6647906355862615,-0.4270725119576274
-0.5973940544612135,0.40931232564431586
-0.8027445484390828,-0.012198088494918321
-0.7717079775303299,-0.04181481870393458
-0.6211872788884516,0.13080741892000855
-0.8667929420622452,-0.5662363784348486
-0.932824645591009,-0.16084274475945723
-0.6917204479669763,-0.050988380090530805
-0.4742668380569343,0.3192835127240785
-0.8442815177400228,-0.28396279182490314
-0.6677171717663515,-0.019203817676237262
-0.5855726705614358,0.48262355668479573
-0.6840101002173428,0.07843042672456266
-0.744171922735087,0.11278359802262924
-0.7540676685635321,-0.19659774102897182
-0.7213949793493886,0.2659390945977113
-0.7459757741222947,0.15191952061409567
-0.8535342225927758,0.02887149028747489
-0.5045569132310145,0.5060636855753312
-0.8237107171177213,-0.1742420296517563
-0.8988026466787467,-0.2051827650243134
-0.7082913897361475,0.3601093837754931
-0.8592134848703695,-0.3736624093542863
-0.43921884274872536,0.47239701853495125
-0.7168023545813416,0.04692151004712515
-0.44360520898944517,0.41504893647384
-0.7114322778074252,0.04365489986077337
-0.8301649863767471,-0.5163203131703513
-0.8662172707458755,-0.1541138848402727
-0.6373812466305139,0.36003846209949614
-0.3838171247192847,0.4542009046379261
-0.6814716997462661,0.034464653547366976
-0.6508101228944907,-0.22395939137774637
-0.5852624461434486,0.19405639296661545
-0.8203947870525267,0.02221574394680925
-0.7710893708706729,0.09844576961746695
-0.6576460748903078,0.009248353216783056
-0.8678975348233757,-0.26283571576376125
-0.728009171756983,0.34914585105591445
-0.7786958691329731,-0.174110554465682
-0.794060336880584,0.0933224513025419
-0.6219492675098642,0.3385421365369954
-0.6790439860577282,0.03876340941647434
-0.6354097921662144,0.5136617051137993
-0.7606170528861239,0.2871731377171311
-0.8346657345594753,-0.348082275240033
-0.6490707724820574,-0.4842230542244192
-0.7843749348721213,0.28019887111226344
-0.6716648168183591,0.2861953255743127
-0.6409875749294146,0.27746245758342575
-0.5301763566721742,0.3973736039424787
-0.7751697616312223,0.0420872760713291
-0.6430087384185134,-0.1435755134481065
-0.6623124963303234,0.37123141449864044
-0.6766508686732806,0.30853939923717694
-0.6604460695580436,0.1948579915915766
-0.9112908592685256,0.14965868191754836
-0.5190494250140951,0.29999359798466513
-0.7601000832766841,0.05937783333978461
-0.5221422806325886,0.349782715437025
-0.5765676979496719,0.46036356895371233
-0.7397963801169948,0.11643969439793757
-0.5599852336215982,0.42731668695647057
-0.8447991251556064,-0.43949482989193445
-0.6682788733060772,0.3447183845796099
-0.9574492249727978,-0.25027861384581274
-0.7385294223471961,0.03584059211866725
-0.6264455237430115,0.1466614290693992
-0.9056342616378704,-0.2984005183374134
-0.5631758097471146,0.3498192786114921
-0.4836844986721936,0.29013441075835805
-0.7065049187895551,0.3980187791990559
-0.5505671676841017,0.2737498304601628
-0.49382026796620826,0.3128304825934302
-0.7369139061548156,0.18289540233451718
-0.5624216467534191,0.4130932593287929
-0.7389065625501948,-0.14072223083811294
-0.5827835728178924,0.3690969540780198
-0.7516610957840204,0.059371785895079784
-0.6292787717171544,0.4737379497854755
-0.8387993422406398,-0.10682330543471774
-0.7874513867015821,0.15111011720040038
-0.8175742344254981,0.2041045291175211
-0.771282378922781,-0.236665818860983
-0.5130976261544435,0.3742789995377021
-0.6006505710652152,0.4648585310658829
-0.5968302596025314,0.33499108278767814
-0.7870711577442531,0.07769917433800567
-0.8174406366433538,0.00017740739141636756
-0.7485746921623072,-0.0001145849379755413
-0.8133374779896806,-0.06860567317982329
-0.6839994893250911,0.22411215406427723
-0.48655575079121155,0.4464842460830213
-0.8065668837767234,0.012448269710917542
-0.8065376129882846,-0.31766272729478484
-0.6739377386773194,0.2217865709794207
-0.5256244467715981,0.36200934733037027
-0.9721764463199446,-0.21672441715618898
-0.45703050034665105,0.47426559287916054
-0.7113134673851815,-0.36598033238876604
-0.3968395262541938,0.40882019507072664
-0.7841195740151133,0.20776126070936524
-0.8290987081726436,-0.2384428211238366
-0.7600115118917564,-0.12240540440770624
-0.5132415165375305,0.21919188655332672
-0.5353279324555066,0.3587449211831964
-0.8235014213322729,-0.13084246152588194
-0.5850281640471494,0.3484585364153794
-0.9003989584317565,-0.07819100018541389
-0.859789724405436,-0.3041674043980273
-0.7754798365657875,-0.31081187679858824
-0.7191544487180258,0.2833473415539381
-0.6985114635996419,0.38299341245892504
-0.7833343641902163,-0.014168209388878701
-0.6812752581926367,0.3871228298514308
-0.6258630108044797,0.40800505900362755
-0.7088392446232509,-0.06194072319149463
-0.8029434660295524,0.30622709626060707
-0.5239366431445914,0.3662356394902434
-0.9222302144778424,-0.39782803601843114
-0.6628721926207336,0.1125401386186239
-0.7584979889738709,-0.09205340147661345
-0.7372645593106237,0.29603040172462897
-0.5286097114191849,0.2714597900855219
-0.6774653956846197,0.06995927499923893
-0.6279841366988957,0.15185056762828875
-0.8508177126731906,0.20063129240122538
-0.7647890136608165,0.23361691919960328
-0.631486693522908,0.392410579525365
-0.6240398639395458,0.0779329731807679
-0.5840172861856768,0.21938365235671894
-0.6019721782187222,0.23813537841170263
-0.6542365288049058,0.2937238470752908
-0.8017357533308118,0.14943019925500492
-0.8736734585203477,-0.20847886550121003
-0.6684445484592997,0.06734641263983086
-0.651681403043571,0.21029707513981843
-0.6520853982714967,0.25585854005630576
-0.6767639846938613,0.23820245800091525
-0.6100646224875753,0.15268196105426443
-0.6978799390048329,0.10022397509953401
-0.7324830886461778,-0.04294023032841319
-0.7106448902395066,0.2599387030219895
-0.9223506235147797,-0.08888892721347777
-0.807919284668295,0.10920122245971217
-0.7778903646209399,0.0338176730374716
-0.6340089619303905,0.3734296094102916
-0.5469151637867135,0.3902991984213054
-0.7777821696403113,-0.31776837846346584
-0.4745455575556747,0.33810217791059
-0.7765916380293331,0.07584312443605906
-0.6259847473917588,0.21583166562483283
-0.5527029891384111,0.24608520626117927
-0.7460827685428089,-0.13128022969480135
-0.9965707073955207,-0.2949934732235942
-0.6232807086646539,0.2646467695655391
-0.7914135544448576,0.20254599411056623
-0.7599286497065633,0.10787737830702587
-0.7328361651108201,0.3266943893335897
-0.6494335934708991,0.18180996888321396
-0.617997853549404,0.411413605225578
-0.7031205910522481,-0.07118982242589819
-0.47384979582366454,0.29768843430420183
-0.7063505688949031,-0.07158232679434126
-0.6485881900361729,0.32892862678547724
-0.5775683372718085,0.22534727039716482
-0.9501838721528538,-0.1285300566078972
-0.7833773187394262,-0.39998596771543105
-0.8872056596449831,-0.11065645814758442
-0.5565881765153302,0.47004529594536987
-0.7729980162465261,0.08727759311354369
-0.5948410581800522,0.32662457837677245
-0.7622352388755629,-0.14317265909307822
-0.8810682620895827,-0.2205137960621687
-0.8023045341842456,0.021732871403237177
-0.5852561215313824,0.3333082798342863
-0.9145918478090767,-0.06330855855313157
-0.7427521048538692,-0.24063612517818828
-0.7367616814820797,-0.023766629092600373
-0.7862798274068978,0.12210182598041036
-0.7999976366712609,0.09132899049459094
-0.7531776430711818,0.05332524437967488
-0.8181768374382794,-0.10448825287785403
-0.7262284790716637,0.2663704274783871
-0.6433343098282935,0.02173284277952486
-0.7286440145690145,0.24968356977615871
-0.7756642851689195,-0.17959889458445666
-0.5487013639021413,0.32350543475358107
-0.5595342004582711,0.2829467519394268
-0.8573347881530493,-0.06374603055720526
-0.6998538723620251,0.24575521347988913
-0.5742764390188446,0.3809216201435052
-0.886994872029502,0.07687975796712841
-0.611728938628141,0.3749010273083976
-0.6799138516480504,-0.09158709261396004
-0.6937302857016151,0.34759564712629987
-0.8212955969980148,-0.14779246883054303
-0.6564711743940227,0.2476466187468833
-0.6632055287619663,0.46697711590475943
-0.8211136063062242,0.15895780676781798
-0.7834707262601177,0.05959273553684697
-0.7255942342738875,0.22639619294365443
-0.8784632133395229,0.006565337817357112
-0.9409835426574894,-0.12719839633067434
-0.7875245077869119,0.17565382172793995
-0.487161440627434,0.34301804060380353
-0.8035194596199922,-0.29878288206811987
-0.7106207556506997,0.34514127238140063
-0.6306506434555209,0.109382757046378
-0.7609238698140264,-0.38008262994999564
-0.6225938502248349,0.34345069329877653
-0.6594787549913871,0.13322856571400288
-0.6921862384369761,-0.14376224948063948
-0.8233404739467627,-0.029317376433498424
-0.6042988806756486,0.19463496492696686
-0.7994378654729275,0.33938703925696645
-0.6558706865559943,0.3288864997123023
-0.7037183931453355,0.3171916819114994
-0.7348045270735093,0.36468724105038053
-0.7208445341500149,0.32651029426420636
-0.6562867220552282,0.16258037032436917
-0.5732822546585683,0.3366060557178084
-0.6581149232238548,0.3818834584515195
-0.6993089692635275,0.23284175837055074
-0.663826969339336,0.07058069110185791
-0.6204604632562601,0.2713832689869944
-0.8096408027397103,0.19203341933022053
-0.8570312042991185,-0.03798081686401857
-0.6322495958281704,0.01744687961029679
-0.8768547837359766,-0.30182474045575075
-0.6009513303332124,0.3579111958738895
-0.7105452948773088,-0.07042145865174915
-0.6628233540475058,-0.19085003248457372
-0.6498910094558848,0.2973350877975858
-0.7938207390371347,0.07869932013216988
-0.7394581582298829,-0.15232166265071626
-0.6623777277726627,-0.06642234991714463
-0.6159955206059391,0.43245650780034417
-0.8389647084905043,-0.042336735220193863
-0.5776632631979818,0.4258910850918578
-0.7323973281542613,0.27198666358504175
-0.8870742797557204,-0.1539871994793066
-0.704030244269528,0.30007291278426657
-0.5070634533940631,0.3728137539417563
-0.6537571053175618,0.2767413096600846
-0.5944026117847305,0.25889096115689647
-0.666808652954172,0.2792700929765526
-0.5596672906503861,0.2258784683888899
-0.6688865996856251,0.3512737980707112
-0.6361112342142541,0.1749109025794609
-0.7180627208084,0.11890402672018281
-0.8649326829614074,-0.09739748415360795
-0.8720903480955606,-0.06602306958804922
-0.7167920817036064,0.19541648275206497
-0.8183239440652951,-0.007598150581797203
-0.8283128245022822,-0.14518587261567956
-0.6785005935433026,0.3001507563221731
-0.6322751552367166,0.10840217602719975
-0.4229586014355093,0.3930175290341944
-0.7941244321703171,0.12465389364321544
-0.8314965551946395,-0.061278075038702425
-0.8691019784215486,-0.14798720443121027
-0.5996397683324942,0.24404409375027786
-0.8827771722532046,0.2051796769641691
-0.6655144726524262,-0.38038178763003244
-0.6844835405175922,0.2963885270835178
-0.694888192950624,0.3377819944442768
-0.6955021287169105,0.2502073167615753
-0.7050668114560218,0.2539085843782713
-0.6807600615214755,0.26026838185240136
-0.6564287593524273,0.04694913410298151
-0.6882865213851365,0.23158665202656323
-0.6323196266147149,0.2436569539214666
-0.84320253520395,-0.1580155945553001
-0.6569686991227672,-0.09974378128670039
-0.8916611931006819,0.003048284286521685
-0.6766687093710948,0.059516320823985586
-0.6912424215548731,0.02943564721981759
-0.7914477625127994,0.18498036535657747
-0.587063507352752,0.3466838560889758
-0.7127782852401278,0.14384903092485624
-0.6299121349860064,0.07938503100093137
-0.596536826604637,0.24443301218608407
-0.5911737201293443,0.16543475862640086
-0.8577269408965636,0.0853252161646059
-0.6656647213509979,0.21485537888564357
-0.8394330174631327,-0.25822898508532877
-0.6414926251651446,0.1733536775531195
-0.7479479688802306,0.3936338928882593
-0.6817820085032292,0.3018470435842359
-0.7434984873163236,0.28079347414908834
-0.7393462955991955,0.35286060734074676
-0.5293759387274741,0.29455675636761586
-0.4143101525111794,0.31970293359221263
-0.8205762345636621,-0.3503635920737177
-0.669188065346788,0.3127529287217498
-0.7316538659484173,-0.14951277226738885
-0.8243417840529077,-0.06133334989478797
-0.7233326793680722,0.015090795093289077
-0.8139276515211241,0.24894570223884924
-0.7819945875875013,-0.08878598480128107
-0.944765049854652,-0.12522441308725277
-0.673041647898225,0.24278934794403667
-0.683046261840743,0.050014370275067145
-0.6687009611968396,0.08097919010880206
-0.7472481475654739,0.2716439356909428
-0.618616652173273,0.251143248830799
-0.5430081385442658,0.3871769737298308
-0.9448457096394272,0.05029048598127779
-0.609395270494571,0.38001804093848074
-0.7689623896486746,-0.1969036924830021
-0.5838359547622618,0.1198911084596194
-0.5693635936146493,0.19947082651239648
-0.7899565416823741,0.05916747066783475
-0.6449953758793527,0.05461530054883947
-0.8424588840802312,0.265166058016078
-0.7675989086531853,-0.27577080745195837
-0.861638588350518,-0.14017743925426804
-0.8099743427267113,0.10440114153012275
-0.8806860601850898,-0.07131575630471512
-0.8090617578608778,0.017118111036833954
-0.695393132806226,0.32865908811950445
-0.5419940525586424,0.16799929254697735
-0.6491191075989944,0.12376563435300773
-0.6128923044826524,0.1031412558735346
-0.7705053874568942,-0.2638543755277421
-0.6839575142661063,0.14355561228855188
-0.8668914360194676,-0.24194203076999896
-0.6048535849749973,0.2481446364844317
-0.9341965954995741,-0.15546741673533962
-0.605631213197458,0.2385485857079706
-0.7533239178797646,0.01612806208174444
-0.7626679607733524,0.06147641701482346
-0.6001184009368069,0.06278657581476854
-0.7841360433624357,0.2655919850802265
-0.6955545817860305,0.20672139188033262
-0.7236345877315077,0.0004368794929315166
-0.7252437468033277,-0.42873916664203504
-0.5682709990301148,0.3640934042319565
-0.5922820458468417,0.28657790417477536
-0.7120043828022061,0.3295861739585726
-0.8803313097269957,0.20470312859316556
-0.7438915314490109,0.15792148587802765
-0.7479449746916652,-0.013716755379642771
-0.7705718022020491,0.28703004228582873
-0.718407140353906,-0.11520564694730996
-0.8511191620267856,-0.19007835759944025
-0.7598778120906425,0.3126191281255337
-0.4430236152794408,0.3538018732103746
-0.6985299662615975,0.1140701076334081
-0.5642418945349028,0.2579332913202169
-0.6231971370507389,0.27135696748112675
-0.7374999393402892,0.2498972464258413
-0.9453786918320789,-0.054716456585670044
-0.7036099555097663,0.26226821650152604
-0.8630403449508617,-0.15083981674034358
-0.8329135667702541,-0.19867655820225777
-0.785032731195537,-0.21307799014896966
-0.8059655517285471,0.15845540077120318
-0.9136075482130928,-0.2813828731522723
-0.6840669552886506,0.11044560477247238
-0.6806144675631826,0.11975508033396294
-0.692598564740523,0.003690454377268793
-0.6678307640046331,0.06364424146817396
-0.7339241650340151,-0.2448543404124947
-0.8249739428821995,-0.10143441574014772
-0.7507139654384908,0.19480222275505185
-0.7068951938930438,0.2628260550150943
-0.7480768073209134,-0.1909374508295599
-0.677447760690112,0.27588127409075686
-0.5264015570918446,0.32566107291247964
-0.714943893109113,0.17986870432486346
-0.785346523597224,-0.11488509748961688
-0.7166967035921282,-0.1961316716597609
-0.594591640753969,0.28702483290397246
-0.7536042718890202,0.23726119546682228
-0.6752412271990698,0.0009683065323322122
-0.6495651254798113,-0.1333683987380894
-0.6472258082910048,0.07704227585399354
-0.6165524546174209,0.16057383254429403
-0.6641958939671012,0.06652088285025907
-0.7442446213966635,-0.05151014580774105
-0.5620032844947935,0.22741055449473432
-0.6432079142453836,0.1295940436005408
-0.7035864482429035,0.22107353688143128
-0.8634295773666497,0.23828520113868895
-0.7766223774525413,0.08068965154185839
-0.8079396738032164,0.06141683208855255
-0.6018785071178547,0.29335144983963984
-0.6759455687943975,-0.23682852108153496
-0.7705573195694819,0.2703456888123601
-0.7868902023316287,0.2270812075692703
-0.8642928206898225,0.004411905840252842
-0.8528325110691835,-0.08710385345672803
-0.8620334991946068,-0.2836185059215208
-0.7665741948453247,0.24225798294826523
-0.6025057138336299,0.33736701993749835
-0.710694114066122,-0.0535475939821447
-0.6618908668224376,0.2667460345143701
-0.6535522958554617,0.20157996309880688
-0.7499463243247387,0.21592754519594554
-0.766144079874008,-0.0021958677692732772
-0.7447596460773132,-0.12533619096325893
-0.5728616234023588,0.30096987053375174
-0.7730559970909385,0.0696959454905331
-0.7432169417577985,-0.1903962881661006
-0.5609665909880953,0.3342044577882329
-0.802633524037321,-0.12133581998683003
-0.7311705566285283,0.0932495621292792
-0.6732111882792269,0.22984929598713355
-0.8510618027315374,-0.1673659961247662
-0.5841936162059023,0.358376142900405
-0.6615909860168635,0.13110664598307148
-0.7922286115082231,-0.0949185997795234
-0.5727875029376974,0.2701262408560285
-0.690370305375848,0.22645792863858377
-0.7339350711264937,-0.014786690832242277
-0.9078253288366981,-0.03492405012266003
-0.6333095769936248,0.27764309920349667
-0.7625225778701356,0.2681023732130327
-0.8483413625540882,0.07766306529957924
-0.9530719021746672,-0.2088093832724386
-0.5159142468854329,0.3188674945881863
-0.7722845727434103,0.16491375934672622
-0.49308529765163917,0.3262482875773069
-0.9040470716609454,-0.12880488676207885
-0.8582511126022747,0.21258769173433648
-0.8385615456561218,-0.17885115062872148
-0.8459827730304015,0.1727093337408443
-0.6274333715161401,0.31881372814598147
-0.6600364551534103,0.19682364096706423
-0.7710667586785248,0.11511238581155038
-0.6797033925961298,0.11230372556430268
-0.971439483007386,-0.25276280765856635
-0.7223569013194874,0.18420957541356545
-0.8638378734208653,-0.2510090080407042
-0.5180777946001913,0.30899019080239637
-0.7859457557532097,0.08211629816414102
-0.6306555461699886,0.32178968953625403
-0.7728342855344437,0.07928450150754754
-0.7938396262641354,0.22423065027393144
-0.8185835358907563,-0.1484197750674917
-0.8030679822137974,-0.1939548574042047
-0.7197538212883245,0.1254953698417148
-0.776487976882373,0.04876807891843927
-0.7222807301897554,-0.18284386357134236
-0.6195860463999826,0.09238778950030166
-0.9161762049130274,-0.010570042116979633
-0.6721556043299302,0.2254383836336624
-0.6962446102999001,0.234184878124069
-0.6879265616858847,0.1740983805662545
-0.7224853064877398,0.23947344560181644
-0.8814919482698952,-0.004914813195486208
-0.7297900502793943,-0.12694290499777994
-0.5951058606315179,0.1876206780069666
-0.6729918406275346,0.28541947874596285
-0.8653020017746649,0.22420716748981834
-0.8949081687071274,0.21611540246580074
-0.8552213158969112,-0.11166497053096916
-0.7030001281151282,0.20281946058361586
-0.5981819956439279,0.401554285085506
-0.8317007745333098,0.05007244717825323
-0.7591637567350198,0.09872532654149385
-0.8355466373982042,-0.09014672832561932
-0.7199721124713877,0.2219125847797321
-0.8362913689981641,0.1615947812885073
-0.7509484208504533,0.129221079598264
-0.7892432665945079,0.21691735224449238
-0.7403782889808517,-0.18702430363484018
-0.7110739782966261,-0.03991335984195188
-0.7012011070983958,-0.001978186059222113
-0.7914009223183213,0.15259002392127577
-0.7695646405446878,0.015350052739862372
-0.6849131846931186,0.11086454233378673
-0.929089892931039,-0.09404925603539759
-0.6929075855678344,0.27207975544705154
-0.5848918613108582,0.2163338414036671
-0.8797594322788397,0.04808336615481955
-0.7411997862373008,-0.13568750934728718
-0.8657251554034207,0.031035358443279735
-0.7584275811670341,-0.09286846123813927
-0.6713645456987652,0.08973989702430979
-0.6395121069806631,0.32125650232204944
-0.7089631617950367,0.11163886987046232
-0.6557375223514594,0.1858319054820854
-0.5287962620851272,0.269101948733698
-0.7008350881339911,0.16350319748547734
-0.957416853760795,-0.16715890689410864
-0.727010069411416,0.03509403395407359
-0.7859213123967528,-0.07209500854441367
-0.7055835531208582,0.3224658112454504
-0.8860592419692058,0.004826352426940756
-0.6583380680447357,0.11441837933866156
-0.7292730810292748,0.27997178590914124
-0.7136293682991538,0.21201503250480597
-0.6169412051877249,0.3783534462252546
-0.7781210478408757,0.03186362044576912
-0.6692796436266549,0.14220153937803803
-0.7909829551381192,-0.24898160160923444
-0.6646363284127277,-0.018017018572243717
-0.8806923099178612,-0.12951658736179675
-0.8498499735381259,0.11202214466289075
-0.7204704814824278,0.3222413605325632
-0.633908470976895,0.14293386173773973
-0.770850347933357,0.1335551483317473
-0.6866141804505759,0.2553785420221442
-0.7920857353434246,0.19646433145399744
-0.7695441424028654,0.015913407281260342
-0.7433743966692691,0.37881784013052
-0.6850051117014597,0.09407109857186884
-0.6225620211886408,0.15472096753773246
-0.771134913202702,-0.04934293961090517
-0.8150772570158109,-0.12663950759719197
-0.6066876118000921,0.18977902246589454
-0.718476619777327,-0.07062654861468931
-0.632964190155343,0.19892929755077637
-0.7535340287563771,0.14219499839189192
-0.635976237025808,0.09435691507402301
-0.8057249515246033,0.07329390219366642
-0.7209831122611128,0.07056856437746335
-0.6547051708617005,0.15541324625850234
-0.6336449444745965,0.0606953615869643
-0.7075890016433183,-0.004233300147187001
-0.6590917835523395,0.011428952362227188
-0.645876248812383,0.08342800094939742
-0.7568532444276098,0.06504882335630867
-0.6833946133180556,0.25507422161035753
-0.6344043475265019,0.15206378170578247
-0.7703081468326515,0.26196311239996517
-0.6538110274802488,-0.05341281545369712
-0.6656493861064757,0.10404694842166838
-0.7597432888032325,0.20407629883649328
-0.7377274999592128,0.06411096729212658
-0.8462205273161179,0.019432535834945166
-0.6013554674591172,0.37115905913507613
-0.7074591494115374,0.18971567309671813
-0.7133917763963465,0.33077204454164766
-0.8444753992140823,0.2370149696661745
-0.7279189761106576,0.33825890322898683
-0.77889902025504,0.15527195529213583
-0.7900137283460639,0.14903888187820816
-0.6619956415170631,0.14547574913076197
-0.7197030008216173,0.05705850363356644
-0.7428943366629818,-0.002357140373147386
-0.8153343216307415,-0.12973214212105183
-0.6475836496600448,0.007726130067641733
-0.6845144343476796,0.13573319909044915
-0.8530235850091739,0.22946015931957872
-0.8368995062961407,-0.10307718066487982
-0.8772868798748787,0.01727462072073151
-0.7681273104932296,0.29243133170957475
-0.6446456066606723,0.18810492336349582
-0.6694092790050172,-0.09179454038417796
-0.6257633918775695,0.02968076021383115
-0.6312226237565794,0.25642951979328654
-0.7698996571068505,0.15409208067518593
-0.847109548169912,-0.05339728809396685
-0.6926757799458655,-0.1423434525152398
-0.547492786821143,0.22140298319542853
-0.6924789573913083,0.2108859799115482
-0.6974089639261092,0.35343076825385095
-0.9092947100225697,-0.09539940498693794
-0.7657672828659622,0.11861825161107017
-0.6942890612719942,0.335897767611834
-0.8666318696124207,0.06828452862357419
-0.6438072871061974,-0.020473632990014975
-0.8235635519488951,0.2227882798247535
-0.7996865654549895,0.2799971247695169
-0.8644006464469991,0.15104929835562686
-0.8411290601480956,0.14429432532073946
-0.7464188353325478,-0.03893394272729928
-0.8887866638217246,-0.22624753201454698
-0.8043576950910817,0.25393485933244725
-0.736574546043443,0.30574954204487387
-0.7212613760572869,-0.08072973945148428
-0.8824068709962958,0.14016542886127004
-0.721318258388776,0.10274621525005287
-0.7941275365994602,0.22825712367707804
-0.7073920053353802,0.24414382689170958
-0.6658001783180137,-0.002876753841866671
-0.9317140573876681,0.031065968472363197
-0.7749089004179222,0.21645609728089288
-0.6345056430337829,0.13521045781088317
-0.695836219783875,0.1662962122821439
-0.7788023273132257,0.14880108263787944
-0.5527279075764369,0.2826137857357772
-0.6516624893550872,0.04407971605826849
-0.9687826293012983,-0.20885842804888663
-0.6823892499450965,0.3307103814541313
-0.7248523504291509,-0.21406984433606926
-0.7394754177772923,0.10632361222260439
-0.6298774596606611,0.05825998943247827
-0.8210163237337124,0.10569672791940417
-0.6854023368445031,0.1592417733663305
-0.7569330074289445,-0.029468629667334753
-0.9212916212594139,0.07721795085801653
-0.8272926151092288,-0.2468328226996862
-0.6386330199755551,0.1584850028324785
-0.6945135794805024,0.08344700450605803
-0.7979837643524491,0.05376056248135541
-0.8389778368038695,0.10169495354985544
-0.8010361630373858,-0.09230748601080581
-0.6877419430941795,-0.07483310074440545
-0.8586594615026143,-0.08365448467631546
-0.642789927589179,0.2059008308704004
-0.758123628221563,0.1445069924414728
-0.8181600004159614,0.09361051584728584
-0.8112944024380779,0.25450763951115746
-0.7901304317585345,0.023986096465918483
-0.6927802757937838,0.07516684829025032
-0.8701219559662967,-0.037552204894668754
-0.7803492995941519,-0.12585443395522933
-0.8353685925613714,0.13229200786926051
-0.7292184870334815,0.09622541414332669
-0.666827867978567,-0.05246208165019387
-0.6871604493846006,0.2810458053799006
-0.7643187308956987,0.06531838617964188
-0.7975145986290781,0.06563011054979895
-0.5467810497170232,0.254115734028895
-0.7571337540592328,0.13177016678443013
-0.5978571571507121,0.09918212821509224
-0.7025752494027342,-0.19830983348922204
-0.5136485839181526,0.2508702516862847
-0.8192968653709526,0.02429400949628987
-0.8218850166074286,-0.11372276832698519
-0.5584883310142794,0.3002936003038937
-0.5586469611860131,0.2318153589253458
-0.552788767219192,0.20208025505661992
-0.8496162535127514,-0.05330986383599557
-0.8100080369822276,0.014389791049398212
-0.6658164671128656,0.16109684302892235
-0.8213690022522915,0.033482077624766245
-0.77716117398527,0.11084103182734613
-0.7051108155011342,0.06200265949347629
-0.7455641244913316,-0.08639969409752785
-0.7769060346167832,0.04107535457020279
-0.933545687616603,-0.02093955355996278
-0.846213358193638,0.02968382684061964
-0.7144082690160223,0.03548499472585071
-0.7189779260284331,-0.0320660618926556
-0.7732115893902272,-0.04301002064221943
-0.6364001532027351,0.05825711984606905
-0.525368534822901,0.3061384886665245
-0.8089564954425934,0.12715986670938895
-0.7535916488046064,0.23092670202484927
-0.5599768258603356,0.1441353404630244
-0.7533421000610421,0.0767756494852053
-0.7712147184318109,0.23866523453230903
-0.7714280023517325,0.14391510654268455
-0.6738983640912141,0.25065671510399623
-0.7485983275738797,0.04106440130690318
-0.7842573561310643,0.2999201290904369
-0.6271992682697468,0.18043576233844844
-0.7597318246622459,0.0403116355530224
-0.5513069939986345,0.31670705433529917
-0.7567091457573034,0.15021086921397184
-0.7150382103478397,-0.008354415477976057
-0.7062422548546753,-0.04918555967077136
-0.7690524649479683,0.06322321384676939
-0.6976597411554725,0.3135058033596958
-0.789867804948901,-0.1742351445590681
-0.7565443284264038,0.17945311204798012
-0.6126898764917398,0.26109523257583334
-0.8000470521153861,0.09374800495963255
-0.7735282398272283,-0.05569870886108804
-0.681783200881144,0.15285291976521945
-0.7401895364447711,-0.17513273856725897
-0.7546403297436517,0.15489352552509691
-0.8064094625496286,0.08556287985386626
-0.7260960691030405,0.339025735692301
-0.5977043115056337,0.2243810426617395
-0.72915999139097,0.3042427298940467
-0.6498338723411384,-0.11348838467440481
-0.709245513318475,0.23786236749550704
-0.6264902889029554,0.21826716559633524
-0.717552071011626,0.10612970448551914
-0.6963860112829064,0.1443571507599088
-0.7081958561767817,-0.09906254813542054
-0.7359891929560937,0.30995232183858995
-0.6067778349226363,0.2506770780759077
-0.860362780758585,-0.06460275485427923
-0.6756237294944083,0.21857876900880882
-0.8599739053425886,0.16007722200901464
-0.6349538011252389,0.11483767421646528
-0.6025738291409346,0.2007076457570189
-0.7954197030320682,0.001895083145249935
-0.8778538014927175,0.10836756354433612
-0.5964785550090655,0.14804265684312937
-0.8356406496831577,0.21897989440671217
-0.7197534847406016,0.19957328882102812
-0.7243173500600785,0.013432045398698174
-0.9118049800870626,-0.07100021386382273
-0.7617037518244676,0.2764020843027474
-0.8780129643051954,-0.12650530346106614
-0.7833177393419353,0.04980856344615045
-0.8234779672427976,0.017004493988388113
-0.8107678561703351,0.017294250852379203
-0.7708758912685767,-0.13631601365949292
-0.7789358881075802,0.20044335304185162
-0.8239410273027613,0.129377081147207
-0.6426498431653909,0.1113077377064815
-0.6293411256890307,0.20935550971517447
-0.6702017033863866,0.28767412653637847
-0.6012475281846434,0.18182270633200312
-0.5214674229192283,0.20067304778648537
-0.7677584638114814,-0.02307654807450783
-0.7107453360734551,0.05635918954307895
-0.7049117925679677,-0.0052622217049540084
-0.7712356746643009,0.11369083117955041
-0.6750055501891867,0.18680572711545007
-0.5996389473706867,0.20982373828449155
-0.8342201488727642,-0.03277633080679971
-0.7142236912411962,0.13302540789460124
-0.6227698357775356,0.044258590790829916
-0.6727466161456593,0.24534684214560015
-0.7935393761970538,-0.0636240614211118
-0.8283011743104702,-0.029206232272250113
-0.7669042845658985,0.025627224350608074
-0.6769178227454775,-0.10600749861856999
-0.8266728573584051,0.1930777567260713
-0.6884073112105931,-0.060679819544515075
-0.8264581542052851,0.1933489265239024
-0.8029540026073466,0.09193815181841804
-0.7626731398807695,0.07091176590346837
-0.6323893608773705,0.24870318832189237
-0.69503617907822,0.1285764405049863
-0.84807214700365,-0.10053821226676894
-0.7558330060591195,-0.08572547069009405
-0.6925953126176662,0.09564150608214879
-0.8538943338742405,0.0006987510359537907
-0.6759460219248488,-0.07288408360732582
-0.556355628646797,0.2539201264074747
-0.8472791219148984,0.13893544658781953
-0.8079474605535071,-0.03436379505498944
-0.5689175091464477,0.16124513490258474
-0.755491048512311,-0.03041873507721702
-0.7383745819647305,0.01350622490764782
-0.5987635051784319,0.19890649794296844
-0.6261072195908682,0.2313293013054415
-0.590122417682251,0.2709593415913078
-0.5605708630128826,0.1993679134013598
-0.6672701379421945,0.2636272407177622
-0.8770127364659789,0.107046026974743
-0.6591990046109327,0.1791286649993814
-0.6846862577646242,0.23317815741301232
-0.7791623082291501,0.09524332859332842
-0.6677089192046328,0.050233548421870694
-0.6588084742298351,0.23982577648575193
-0.8399324922707027,0.10691655966860394
-0.722477288664444,0.10742826940288415
-0.8027203556322801,0.23554604607475532
-0.5915980920915279,0.28756842803262794
-0.7828857655184775,0.017434981091319326
-0.7690396890473841,0.023783853916961303
-0.7586364775260964,0.1819521223723924
-0.740497487659897,-0.0906861678447465
-0.7723114599207267,0.16281278439667823
-0.7514475326719677,-0.06362864761756562
-0.6520157164132415,0.10263240448297066
-0.6227992702407567,0.17178512354287517
-0.5080001568667701,0.25462483782514517
-0.7894934173997964,-0.13077324473481106
-0.9229340249008889,-0.15363004047663106
-0.6111232685175415,0.04152578494657075
-0.7274338963101619,0.24405404055832602
-0.8346819024882673,0.13447099234933133
-0.566785220125994,0.11672149497853535
-0.8274876414129091,-0.08865028339092712
-0.6652678837310981,0.21441136915521775
-0.6059481237553506,0.19479693327434097
-0.7411730563391534,0.2574548029142449
-0.7615309640077572,0.2610129556577404
-0.8659382900505694,-0.14722090806874522
-0.8089869005312018,-0.23997693863257977
-0.745425851902843,0.3284783062183516
-0.7699950846587124,0.06521075204864313
-0.8005748083496229,0.22398345888667703
-0.6933005871931875,0.14939491748969946
-0.6604566076145093,0.04874430030609737
-0.6378131280663677,0.22544539477662556
-0.6866582002164305,0.052404301348044045
-0.6888325503436985,0.0767799972897794
-0.7585676679860917,-0.004877997368372797
-0.728070277160631,0.12408003265120858
-0.6516835621641179,0.030264514069523123
-0.6864224221028267,-0.07611003812475078
-0.8432947811679712,0.0420363212755036
-0.7519804456059974,0.1843757074294228
-0.774995591046324,-0.11042547061075847
-0.7424764837945281,0.016336451915910558
-0.8766079282121526,0.14769139356150965
-0.8276928859285269,0.060642998965705054
-0.734958736432273,0.18963550116564803
-0.7158450008357257,0.31407666859208044
-0.8257102230612348,-0.02553318463754104
-0.913522120178132,-0.006530545302842106
-0.7698435924076902,0.3231439362948754
-0.7457767677665272,0.29877937055621484
-0.5193223205575688,0.2275229768037033
-0.6986482207747842,0.03266213189779543
-0.6009645476720529,0.24170215249396354
-0.864077100683523,0.015092401853933712
-0.736416054833476,-0.0664996527469276
-0.7136709127558473,0.09049983751929896
-0.7061250775735372,0.02018464719639132
-0.6998177060528803,0.18797576456391066
-0.6669085958287644,0.16199002326869594
-0.8031349026924018,0.14558897134660462
-0.8596609993007176,-0.07687687811925642
-0.6943350629863781,0.2673650725219453
-0.6051497629088285,0.26451472778907986
-0.8075619758607022,0.18660495730274398
-0.9363293920181263,-0.15377714526835748
-0.6183757514647621,0.13195564848521793
-0.6718044174277704,-0.02745737329769427
-0.6601934903343211,0.05383526472087034
-0.7517144217439085,0.16808354074445261
-0.6275400981708122,0.1393718350406476
-0.913547149410643,0.02383019991700872
-0.7512624338010518,0.034070594567450145
-0.7745660747617213,0.0844256140128643
-0.6674318587226951,0.21549714405629194
-0.8965870948910397,-0.024360458693721013
-0.6149825330871482,0.12420054451300155
-0.7796564148207136,0.05520543153879597
-0.5409174684827693,0.22493114227314534
-0.8822639071631176,-0.03440003522713921
-0.7769869954241563,0.09681384936662343
-0.672149741833468,-0.05129268032237183
-0.6835975900062207,0.20318998708389976
-0.719418995068791,0.23992053105135625
-0.8256901062891927,0.16866291013218768
-0.7547428264793055,0.14831399508593265
-0.7901124707509581,0.022958172845232865
-0.6072764816443819,0.2392904350413177
-0.6808204966818366,0.15054296148481947
-0.7901662971423676,0.10377366243173275
-0.7606900703633119,0.14193168057358027
-0.9841229683304913,-0.23343737556882063
-0.7468784384456442,0.28780361087831674
-0.6281779187680179,0.0941948385525355
-0.7087384035430205,0.26572351451447174
-0.7840068364722074,-0.1189617827582007
-0.6276293305200512,0.2068951870584367
-0.7438500058542464,0.2612851207358944
-0.824791497985589,0.05642629181032718
-0.7893842511049182,0.09900346578013844
-0.7331102275591459,0.05916789459510066
-0.7654170717987717,0.20587476642586583
-0.7558279992491209,0.19621883107330731
-0.8808133937064613,0.07525329022162261
-0.5874085090314957,0.12814851304441585
-0.6920468892408582,0.09781670045993283
-0.6569050366300051,0.23448208668406037
-0.5720200440962779,0.24395463865473552
-0.8130571887836303,-0.09945762773239439
-0.6932198309280406,0.16936722630091003
-0.5726872395996978,0.26874933306064314
-0.9070642483889471,0.09004489709618914
-0.7229307531359251,0.1659736082403473
-0.7215550008052988,0.1291023926387577
-0.7365490651108163,0.13951804268745124
-0.8254502999870765,0.11779736293218258
-0.8711538563983965,0.11961251616236988
-0.6464315182540703,0.028890288706534772
-0.8429159677412914,0.058048507777513164
-0.6271444577540712,0.09274711167948575
-0.8414072349285073,-0.0931723644774632
-0.8645256485006152,0.19709062578236863
-0.7742890856024262,0.20669134602175296
-0.686804561305026,0.20721426229759576
-0.64426796383401,0.1252528438758971
-0.5967656641504336,0.19210569609746564
-0.8031691559029227,0.06925906547482087
-0.729373736831527,-0.0374031118290513
-0.5699250956337406,0.28521232221667414
-0.6543116716798826,0.26525355024560804
-0.6568743189305712,0.2481238848669335
-0.7676621208882475,0.30705388452222426
-0.6672151826998212,0.11110531002570857
-0.8298734273568391,0.09528553659699081
-0.7169471540426726,0.2356228082673622
-0.9748367408806171,-0.05564465035763869
-0.7953757591189075,0.16055038391292153
-0.8486907596634172,-0.08457719834569015
-0.5515196150252362,0.21521817687978428
-0.6401422259720707,0.11172790196046807
-0.7757080830427812,0.2933571544525381
-0.6069119527075377,0.2669205402928932
-0.7537229774207757,0.010675248535788343
-0.8146987175845595,0.032126334984021704
-0.6975901218126102,-0.025309897673153593
-0.727378902356963,0.2649526617504579
-0.7719360495300943,0.009521059949696174
-0.8115138189219541,0.09886497207125519
-0.8256075044481853,0.1963665747186803
-0.7377439807673614,0.025890609801937768
-0.8137694978447635,0.02314224338531777
-0.8834423567329642,0.010107154483214002
-0.9018642618296153,0.1154726128589795
-0.7847628269292372,0.20521399686783
-0.8073084485064455,0.09480366225554254
-0.7240336670193701,0.03292580796565426
-0.8133313906076252,0.06415348120439367
-0.8739558166989321,-0.024615704793336766
-0.6921382416508127,0.24798379209476487
-0.8371988352219799,-0.10811456203855581
-0.6843684714905642,0.3276565564459834
-0.8298569819463268,0.009378741555557854
-0.824933732045386,-0.06728052873807322
-0.6084303780368957,0.1265716320892296
-0.7600909946881572,0.13895332801164254
-0.7762372831711253,0.21919469069922443
-0.645186330569989,0.04060810577574821
-0.6383735734937096,0.19907446129877968
-0.6712791700500781,0.13205018508511446
-0.7412876959142902,0.26562346711011714
-0.7860117141955468,0.09134388216718138
-0.6919639116215711,0.20788689379921896
-0.7436702355409877,0.01487148298974019
-0.7564366839445061,0.056622593785861916
-0.812686525095322,-0.09731477566312195
-0.9288025390788454,-0.2793001872663854
-0.691807705399265,0.11612083448462901
-0.6774511772726983,0.23638194999845083
-0.8437661789377279,0.1189634769471793
-0.8180852888525382,0.2707163288717844
-0.7009687922325276,0.08015396734951498
-0.7486497301955495,-0.01572748424166388
-0.8748815193882354,0.09586714270695548
-0.7362693223116792,0.033616835045432614
-0.8378117071224829,0.11287953141893488
-0.5343912994605661,0.2337969878072272
-0.6923803629235139,0.07555288651050962
-0.7758131890914445,0.10048977693421045
-0.6671080305516033,0.018139372795377747
-0.7453439557298717,0.24798533059318417
-0.8382898654269737,-0.09196070520519621
-0.9245071528175658,0.1003370655156721
-0.8298485718670732,0.12247425304849072
-0.7626033272703447,0.2916748707284333
-0.8235164000541711,0.010363866557177448
-0.6660489083879912,0.26916782551535784
-0.7238923146033718,0.2081803879920917
-0.8043792273131478,0.06253889286238465
-0.643975564231851,0.2468711206962047
-0.8074452444515525,-0.0016486991032970111
-0.7654017681812973,0.13194944555372165
-0.7832455881569005,0.11722313076504971
-0.7375867967546181,0.19595456743578032
-0.6016914814416964,0.25359424436825034
-0.7203126333114627,0.2521585975740353
-0.7771304390919804,0.11180732878334095
-0.752392246236316,-0.013646116118168424
-0.7535502743982189,-0.05709345298252641
-0.637169152611184,0.10323285941553294
-0.8291079465108876,-0.17849265455481986
-0.8327614435742683,0.07105282870132987
-0.6434871175523446,0.24452008440399295
-0.8388553821690711,0.06424524084558554
-0.640049877719283,0.1576621259737886
-0.6869684277227222,0.19031788045142686
-0.7443741826607837,-0.002053059717207369
-0.629041891373456,0.17732668922666783
-0.6625042485723184,0.1817189527597879
-0.7737226921132586,0.06813037143721302
-0.7069821077448003,0.12546415902550834
-0.6090197855251226,0.162699535375116
-0.6705919916181053,0.07068534688576904
-0.8701427226706132,-0.0798758302471176
-0.7185398251238652,0.1248885958454315
-0.803990850424833,0.005391502739841791
-0.7250373686725554,-0.012831481750665522
-0.660463715902245,0.051761332837893775
-0.693119297233256,0.05379766288491515
-0.7532134135459464,-0.12686764099504216
-0.7270953133387161,-0.11279249988156348
-0.7891597727456084,0.15167517996429383
-0.8949436810982332,0.0281149699081987
-0.6260423875741182,0.07760125168549714
-0.9186115919922013,-0.01233786597714949
-0.6637397237953001,0.12689459880318746
-0.6354912502392233,0.07908611064613658
-0.8015505187601757,0.12407316481053751
-0.850512266772583,0.026087126819351863
-0.6909656473066821,0.23758942071167297
-0.7440575325118848,0.08889140848477717
-0.6010164909302187,0.26414813197900017
-0.6769489176091325,0.20169959249932537
-0.9466932551612719,-0.05637372934237517
-0.7749147541234807,0.2455429121542577
-0.7119899915451101,0.15785319034302148
-0.6955049926547207,0.07479524259128349
-0.8136590308522098,0.06841628143563779
-0.6155510994822252,0.26141745756170087
-0.7861507908224168,0.05595414662669375
-0.7623636248210638,0.15851034875887543
-0.8474763576298238,0.0832962694298284
-0.8375468987207401,0.23849486414745882
-0.9003768685948135,0.056803353167834525
-0.6482825881152332,0.08902635978044551
-0.7838997626996189,-0.15210048474501645
-0.9302206425298135,0.018767339218046637
-0.8955055071472198,-0.15295478858970704
-0.6814114114186745,0.06010695552118909
-0.5602795059798277,0.16318375421890635
-0.7554076752375767,-0.026473854622448997
-0.8795589937076349,0.009099962814796985
-0.7906273533083089,0.11915811717280061
-0.8659516523459755,-0.05536577282514912
-0.8418018687833689,0.19721049365292556
-0.8492322983162339,0.19972727659645828
-0.9067350405639127,-0.12896161629971342
-0.7998310372938275,0.07845925271899531
-0.7874882911491585,0.02124447043351303
-0.6886088339244197,0.05835209602816107
-0.8826675955909951,0.09994826621403952
-0.717992553714484,0.02982814347895165
-0.7454817930054631,0.0965778240368021
-0.7492202794087115,0.28290267040925765
-0.9088149892605538,-0.02609016807803567
-0.7398658386793424,-0.14206142109963857
-0.6504551681197832,0.14195881412321418
-0.6467978633721971,-0.00404269525892436
-0.7042174173284272,0.16205497763150437
-0.7812428056349539,0.2793782466578532
-0.8216598388406947,0.06096774159914915
-0.6464521743667894,0.18609096351205104
-0.7556579584738728,0.19010968863674005
-0.8626993382314755,0.16851274975251154
-0.805675257884223,-0.08647032793238156
-0.6572218268229324,0.13266802530862842
-0.6895810201202982,0.05554504635948326
-0.8412957214066068,-0.13478984800319388
-0.7141018620038488,0.28095883856416054
-0.8475482132788829,-0.040515433321641245
-0.7346927460667613,0.2446182658384578
-0.7648229592421374,0.13640920783879304
-0.7484529462193664,0.13194879554424302
-0.6937541244484219,0.2998542929424832
-0.7676461934117864,0.15821301738737767
-0.7559778558696926,0.201740766881792
-0.8934024258326768,-0.11058001712067637
-0.7977104923529705,-0.04371860391035183
-0.6009195089429077,0.19632556153646158
-0.6520591473692978,0.04223438285202901
-0.8664044145597436,0.011591109480418704
-0.7840599692032248,0.02282068095171846
-0.7817365023136106,0.29883699878951636
-0.6959232680354401,0.19160966507598942
-0.7163232778830851,0.15128987728667675
-0.8370390302592976,0.20445400788197943
-0.7568336683686964,-0.07072898438470811
-0.7039611231499803,0.170462767139763
-0.8137423286312676,-0.04533224500600478
-0.8483623073782568,0.08962542961858615
-0.8155485892577349,0.02002454011157371
-0.8945295494219845,-0.0416582009073768
-0.7313005594845805,0.11252766833967315
-0.6462232897723376,0.029801444083977287
-0.8693011995830207,-0.10014038811040817
-0.7202878797799258,0.3283985743051612
-0.8983911151051865,-0.021021267100780422
-0.8606967677778129,0.06392979386395908
-0.6573087482242213,0.04027183531167339
-0.7073831010160876,0.30568997601264947
-0.7865058562515616,0.09159153391792547
-0.7768473633268079,0.16867811245276618
-0.7346504367432812,0.12126528110270755
-0.8518656462983374,0.07353633868800175
-0.7369539555158244,0.20626289785871418
-0.8323762758657411,0.22853931058164237
-0.7439151024811553,-0.020751406268130143
-0.8061673350836562,-0.055256041385131544
-0.7610182485525523,0.09335625983308196
-0.8794386540440317,-0.11312728000558404
-0.7723594710472607,0.1813778376151944
-0.8310512867515715,-0.06360938389876651
-0.9330910736755217,-0.009087691259526649
-0.8123461045681997,0.1716933769910548
-0.683424487026545,0.07655433001884848
-0.6760487435799439,0.14177031898307468
-0.6504547559309977,0.02796252510192643
-0.7101052210825092,0.11427641910516313
-0.7316493211787147,0.20569441594914326
-0.6495863993180706,0.13997746418636695
-0.6379580070958946,0.025589004573840148
-0.8100303002442496,0.22452100653510892
-0.6097772243989429,0.07031873453927562
-0.6167666171930634,0.10291734020605094
-0.7807987110129572,0.2689674575421116
-0.7814323015417445,0.11313174156682702
-0.6914471299783642,0.13023434145504936
-0.6649988710516263,-0.013087241986065347
-0.7564574403442238,0.07446332851896463
-0.8084817475294582,0.04530162408035725
-0.7657494291087926,0.05083043662931014
-0.7383113687893768,0.04914071045603412
-0.817967161400448,0.1831993025129681
-0.7243737071313893,0.08873186618292507
-0.702179835603923,0.09283921268920887
-0.8222322247838336,0.20425186179608604
-0.5916929446351021,0.05417290847915859
-0.6996167610546059,0.29228251735306693
-0.7373772420029682,0.11384881780809848
-0.9045144778629026,-0.021803512734645862
-0.845776596333011,0.040848123029826135
-0.6649276718798653,0.053257444652687905
-0.8106543005786215,0.20436370254436523
-0.8593055125412539,-0.06568532883000029
-0.783986655682542,0.04357618234878949
-0.7416143056928851,0.12198861516270533
-0.9299225058546164,0.10767166660958605
-0.7315521176473565,0.09295408971452691
-0.8361954690228125,0.09515336519588244
-0.8383592241202449,0.13626120064290737
-0.8507199063373803,-0.035721546823559505
-0.7131097665766888,0.09416227378605664
-0.8584205146471467,0.11901888997990472
-0.8977667143843815,-0.017174940533064984
-0.9186491690149381,-0.019085669653222084
-0.8324899531888635,0.2028959220275838
-0.5620037866569797,0.1763263204270509
-0.5586957071406734,0.16865005596836605
-0.8526646951712897,-0.05393538877859699
-0.749695955621206,0.11971706991023971
-0.6448498378305924,0.15309833416991073
-0.7603469618208255,0.2588853601709828
-0.6640327537323428,0.16513021080011722
-0.7913080491165838,0.04351259584358439
-0.7221699869080348,0.2245553661952609
-0.715344248232916,0.24807577227188732
-0.7359563075815676,0.004530335610417391
-0.7531171881438269,0.12179578565614324
-0.7968817353037019,0.10148026715677928
-0.713316441900573,0.0019222358683399225
-0.8083907107410737,0.14468164949606208
-0.8209917025853075,-0.08564817637287162
-0.6613212270042526,0.12294661921578126
-0.8468782772739003,-0.12742644733769162
-0.6837054775654476,0.020107549850138226
-0.670703892323499,-0.04137639281525879
-0.7678070713483199,0.13766897496854896
-0.7498837471555155,0.21029006458786928
-0.8899497590201775,-0.12648529401329323
-0.7716683008603339,0.13928799879332035
-0.8726518727983084,-0.10267439258301975
-0.7086441628272057,0.24817349935922636
-0.7627810367309372,0.05346610253408409
-0.5511027904649586,0.18688295542416866
-0.8181307143293699,-0.10685506713943542
-0.8036632325023145,0.13102967672207974
-0.8233663192022636,0.23224149214351497
-0.8083885972196136,0.17870761653023828
-0.7360971137281195,-0.06565564546093307
-0.8540254723189028,0.07411865754300824
-0.6887416873075897,0.1877626843406287
-0.9233027160030829,0.0949895517422062
-0.9174961549880045,0.09397013552580341
-0.7453999865432058,0.20127377043063566
-0.6939326907289982,0.15394454733780283
-0.7673230076011799,0.21404284156421524
-0.6362870054858505,0.18032620730096438
-0.6606620628518401,0.02480179898673617
-0.7206102920336599,0.015731424856714336
-0.8593856870351926,0.04252431644127171
-0.8909398962574959,-0.09509521477614674
-0.6514623684798448,0.057504800665807265
-0.823177374042102,0.17248470190871146
-0.7810305526505003,0.09010587301462483
-0.590312946426394,0.07843095873565228
-0.6145529573290294,0.12138381837806388
-0.846653356474415,-0.029025915929296906
-0.6533409597610008,0.11909417722377853
-0.7621148575405826,-0.06787853886800181
-0.6675951747566318,0.06099678003906077
-0.8082592453691909,0.043848281323985425
-0.8463823802994254,0.028520270475031202
-0.7028264162779153,0.26555039443921
-0.7269559629996957,0.01767795369103434
-0.7907300765636004,-0.024840306847716355
-0.8624870228497639,-0.05730425634454607
-0.6692651437613323,0.20863712329257136
-0.7086296804252997,-0.02961316556951963
-0.7286370963574424,0.11534498361004851
-0.6689083135199377,0.08654399241591758
-0.726054224843131,0.0865412812408327
-0.6847700392447911,0.12175246013685813
-0.7954547196172547,-0.06086908156271949
-0.7342948848486628,0.24573143286072544
-0.8491430440622709,0.08402158397332658
-0.7380956328851984,-0.04358820986288281
-0.7150958609713031,0.10716451311826371
-0.7850546080352402,0.1765521882763873
-0.7794534287353446,0.02138504032403322
-0.8103997942556906,0.07944074550887197
-0.8849113927678771,-0.1468692404580256
-0.6213260395694721,0.10606516481324053
-0.7303754940363936,0.11683797361781405
-0.772756710332433,0.2563302581904995
-0.747461921771518,0.053130948707357156
-0.8881569965551336,0.06254288040017678
-0.7862098324469559,0.00370625844525896
-0.811885244608035,0.0016708207196912345
-0.7441927718523148,0.23095892417975122
-0.7104252150393421,0.15338229750602259
-0.797978135267372,0.030107057559823045
-0.675542137581549,0.04949403591163588
-0.8269236720709314,-0.05046194532472681
-0.7377179825729434,0.22696284030959143
-0.8844046351159914,-0.002646014267803443
-0.8369310012565561,-0.06793896724314948
-0.8360854068435659,0.18800274620999272
-0.6781175720807663,0.13566008753079448
-0.760179904700118,0.10269638108966936
-0.7396737462023684,0.28637027025399014
-0.8055669725408492,-0.15251312015335988
-0.8529241592470577,0.0950588540508543
-0.7485798413402608,0.10475198216408009
-0.8679855422858253,0.05052392897468339
-0.587098660760955,0.07620482111645016
-0.9102599070096224,0.011285804542823994
-0.7158308065177462,0.1796568901557545
-0.785986143453293,-0.01348291694357029
-0.8137836570806236,0.15296480809592275
-0.8884328660141529,0.015128266129990933
-0.761307153170886,0.11006880400522893
-0.7590265840221877,0.06037225345548413
-0.7034870155343226,0.19084665269782708
-0.6602113388219603,0.08819353430141168
-0.8821932766702416,0.11104247347888849
-0.8038554099578271,-0.09680015751067608
-0.8247026072262418,0.019973974306800032
-0.604424880557257,0.0700126078152812
-0.7001824301234433,0.11463177439918158
-0.6946324945911192,-0.0050062726102049725
-0.7270112086996324,0.13858092373376393
-0.8016220648525612,0.06889537803779076
-0.8099591003325409,0.2545216509975481
-0.6096581103388532,0.13020730310053213
-0.7614952787769532,0.05427927082962356
-0.7763405497679826,0.057370154973422065
-0.7986962068420003,-0.006205879130583129
-0.7659666215543299,0.024282811228251548
-0.8636533029316689,-0.029578168252377333
-0.6062503125424363,0.14224731302928628
-0.7291292698078647,0.071539096049871
-0.8509382207516337,0.13027364718051712
-0.8099094744569627,0.09899682056142849
-0.7187019880239148,0.08130065447725836
-0.6650825168176657,0.08177178832343522
-0.7502931769113809,0.0926887832042304
-0.6873065345603064,0.00012857658136674021
-0.7423883677203248,0.2214006254388895
-0.6893807743482284,0.16229914337916845
-0.84774168399291,-0.07484114346673598
-0.8743391568666646,0.1744087999131491
-0.7031310613583858,0.16208421354483346
-0.6603184467559289,0.056377631156590294
-0.708159838175262,0.062020794797804375
-0.6846969368679516,0.05088463004499058
-0.7181364191535893,0.02246578298710172
-0.6726895407292648,0.14835841788065285
-0.8013298695167704,0.07445051052900532
-0.8434866890735586,0.17382445805522856
-0.6421797702141161,0.21102232355856526
-0.8575034642114203,0.157505234522004
-0.6142213575172014,0.1571453834595641
-0.7564214776395115,0.05321586844712141
-0.8159427052626826,0.03717255768793211
-0.6559177708570076,0.0772365865070005
-0.7552478572118418,0.17572662326208074
-0.7290586110491648,0.12997709457198292
-0.6794788553645578,0.11477206617585077
-0.6050928053719783,0.12916064507682032
-0.8693299492151284,0.0018464742648212414
-0.7633789787214864,0.17154787234425756
-0.6698333882453205,0.08659871833564328
-0.8363684236819753,0.09789724286685782
-0.8015664953309782,0.150157445917099
-0.6569324988660125,0.23663088315001593
-0.6232190172332451,0.11922944105671082
-0.7058440496385275,0.02461377111485949
-0.8439443512188689,-0.08354271813944714
-0.6967478427896103,0.2714350076904819
-0.7157987623044584,0.05146789331477862
-0.761421425882808,0.059800915853604183
-0.6708594115316188,0.1460390980620887
-0.9629679982115844,-0.08239884848898152
-0.8125281491098663,0.11637048856814583
-0.7255942556012658,0.18555764021115065
-0.8142759541198615,0.06264392819298048
-0.9097646961201492,0.051794986250849225
-0.8234681812747771,0.10203074431818857
-0.6158013166199892,0.13375952188779477
-0.8445188315692856,0.033167129642126175
-0.6794813650722454,0.19741860119374818
-0.942958849002078,0.04548375734716429
-0.5939841117098026,0.18316810140590445
-0.668517806252008,0.05919507397473141
-0.856380008853185,-0.06279126490276506
-0.69868231932485,0.14014642133774
-0.6766046780934739,0.13053226048896943
-0.7287408957518035,0.09327351922722904
-0.8619730410408566,0.1531747390518058
-0.7214271643482973,0.09381828630868529
-0.8019366418516853,0.07154800740252806
-0.8148978358408794,0.09306760114601068
-0.9211441766107489,0.006533770826791177
-0.845204707723439,0.0031319487670712605
-0.8126454501877292,0.09978483539796583
-0.5507317083584002,0.18152169704243612
-0.8497874062083914,-0.026766857601842525
-0.8612560038412196,0.16351750134019602
-0.7243040822862294,0.12444607706253262
-0.702595223116422,0.09162904107366411
-0.6982932761852343,0.009243405532217072
-0.7959954493446727,0.13786816633713309
-0.733376014952121,-0.003662646088244892
-0.6310275996751797,0.08907632236656991
-0.6812920372020956,0.07520722195864334
-0.7275446688864388,0.05473471121870103
-0.7342446022813186,0.19977904742460967
-0.6806538556367623,0.2293815456486609
-0.6636922914892758,0.1873954042002154
-0.575242796205804,0.15403357102537732
-0.7188001916445452,-0.02569617990392716
-0.8124458160852367,0.16528007096469158
-0.7717296338926898,0.143379638599955
-0.7109327313136523,0.052363903252557686
-0.7222388664940717,0.12251580647958815
-0.9373693286691618,-0.037051078304319675
-0.799837388858921,0.036362783848975413
-0.8319242010803086,0.17832300649179136
-0.7537114113710944,0.12214045895567562
-0.8143542221821964,-0.03298817110560572
-0.6906182986621796,0.14595424438850702
-0.8656291567816264,0.17746870452769378
-0.6986269561570997,0.11927719402154704
-0.6113578219276075,0.22356104707976962
-0.7813035299951446,0.161932560405651
-0.7182970363813473,0.08088849346184558
-0.8342506631773668,0.030250616019196454
-0.744599097117512,0.19028963966039494
-0.8160751008699487,-0.02192852649826008
-0.6834311609119381,0.2543841238102509
-0.8035956462065268,-0.002583897748944688
-0.5986481420047267,0.1492220260905642
-0.7568219374743869,0.15033968432980246
-0.75148145266596,0.12172845299205025
-0.7043149181185556,0.13474169731731458
-0.6214583973508696,0.17046555017894238
-0.8288673208961859,0.17337641820031205
-0.8943586600275352,-0.012979438248485483
-0.7819849047726054,0.12529978449554266
-0.8252425871298578,0.18705050975261364
-0.6422300794632065,0.0861712320405541
-0.7023173112109141,0.15225774704454495
-0.8884302623941186,0.1451226032402964
-0.7900773902777659,-0.05129687763565108
-0.6366751996613861,0.23082771959198248
-0.8709618531023811,0.10826211624199884
-0.612499912877351,0.1918079075620547
-0.7682443890216444,0.1672492251066092
-0.7057398991630904,0.15702080552023062
-0.7206874922472861,0.1490710327007975
-0.7496150856757278,0.020814170652014317
-0.9236270778565092,0.02980363681155835
-0.6857847838813147,0.210224108104068
-0.6317380310698475,0.24202920421038487
-0.6576545443304543,0.22230031418574406
-0.6369239377847674,0.16321133087448894
-0.590433686721017,0.1850724840322819
-0.7175830112440659,0.2217374813871712
-0.7694744456933943,0.09010458461484697
-0.8348766463276603,0.11733854345089238
-0.6335565392355937,0.20791330104101263
-0.7060561874941423,0.18359524070681596
-0.6603700156781052,0.156993200266739
-0.8587466175708692,0.06642607928137281
-0.7206246067573968,0.1180288363377666
-0.6549673902986819,0.2141377315453724
-0.7438246930911694,0.12362995818636116
-0.7344295665453854,0.029372350403939068
-0.7749235970079097,0.10267242700634285
-0.8431092469304496,0.17863355948726364
-0.7711631046097585,-0.017564933875240347
-0.7496604257230757,-0.04302632905574297
-0.7879946189892831,0.13977881356510277
-0.7140272030242601,0.10115052128291363
-0.8054139795836651,0.09996302568761817
-0.8156707445960854,0.09347549360072362
-0.5698341107511418,0.21273396798840014
-0.7656378573408199,0.05370426933106279
-0.7086689257389885,0.09366969192313664
-0.9328585419909856,0.007587841027773511
-0.9166801891477334,-0.05245691605916332
-0.7016043497254888,0.03393772857757619
-0.7840639105164666,0.04807512752127707
-0.629891426243817,0.054787846977167015
-0.7654895414473978,0.09800197218374017
-0.8248368786771619,0.006466995550082273
-0.8048452850652744,0.06386161224557649
-0.8167177849582014,-0.013311432104399161
-0.8347152959488189,0.034027592128927114
-0.7815391633893888,0.18197262843517503
-0.8691607156541707,0.1647881856124589
-0.7275140930564661,0.049536367273452904
-0.7776630995638794,-0.017994524564618985
-0.9220738973277243,0.005208070008025308
-0.9058904413905358,0.04602426916012307
-0.6557975687983051,0.08774655316765871
-0.8312429696213758,0.16505198314328345
-0.8034102372479486,0.08352253265538637
-0.6389040569359802,0.14177572895410695
-0.9081517563955374,-0.0033031271990630563
-0.9440248764826222,0.004117158953782314
-0.6930739868208101,0.06894292625537472
-0.6806986171913465,0.21073559467404535
-0.5902778294305457,0.20645711418728688
-0.8982058610440095,0.047554875176814365
-0.796009630861683,0.15382233854783037
-0.9205890947778612,0.06252757315973353
-0.7696374405651705,0.10187637204345179
-0.685354820630712,0.13084521574595953
-0.7254650270114472,0.08658145174894366
-0.8522698193951703,0.20326355973794022
-0.6223849468429904,0.17620917750161202
-0.7839432697692164,-0.028240230877079324
-0.6554653434772724,0.09628599580435972
-0.7638370843556509,0.12442498581678067
-0.696188364261269,0.16448002047148272
-0.6459526508204043,0.05848459340403947
-0.8107881100757329,0.07998776668865773
-0.7673216018446262,0.17235613135822064
-0.611924676427282,0.1413793536830541
-0.731061082732213,0.17939778833077222
-0.7776142805129244,0.05494358681759325
-0.8511533245084951,0.03039487491951144
-0.7981685998261846,0.11098323380697757
-0.7892973603789291,0.02410957887722143
-0.8341682016090227,-0.010278605196452859
-0.6918730856108172,0.042562359873605356
-0.841565121207211,-0.05974482642763289
-0.7410313380358144,0.08419882229036212
-0.7914720846591206,0.09337442215836311
-0.7658908650326832,0.18502355136443482
-0.928889358736382,-0.012744897908372119
-0.7033152689608393,0.1709960751930257
-0.7253408712573662,0.16341759416899745
-0.6891993888510557,0.0999725452761981
-0.7389040599001743,0.08130915631864749
-0.8090793332659895,0.019068471674836638
-0.8577765777557996,0.15341769540286543
-0.7248578779679586,0.16974411952839114
-0.8500186497498278,0.1132823974902336
-0.6430473577454827,0.15941335966111714
-0.8212890209901512,0.05349121739632943
-0.7268059646498126,0.1742449621680311
-0.7254208084878205,0.10943007757145533
-0.6855694464040973,0.03657188998966213
-0.7697518184820351,0.13936210097842144
-0.6577992343213795,0.08351656305919772
-0.829346496935956,0.03240734464955674
-0.7825567094145204,0.07313717121752994
-0.7299922312673007,0.19094404971800616
-0.7797338308903293,0.16682252265424707
-0.7771372817219162,0.11411217123882747
-0.6306452366071732,0.158870991432899
-0.6278335773847555,0.2330456479751195
-0.6374260675913618,0.0929074084820302
-0.7764607268394463,0.09803296618533235
-0.6944882608501053,0.11800494504954744
-0.8407126148848274,-0.015757775247896944
-0.6902344840571001,0.14152689159217155
-0.8090381929762168,0.16204470703773846
-0.8857410894591067,0.07099561733805897
-0.7417270319438107,0.22070986063849887
-0.8011618843161927,0.1458687553209707
-0.9193607335950097,0.09838691622821466
-0.8517901707389804,0.007435507279223904
-0.7767035219712397,0.16575573793457857
-0.7025531146369934,0.09266429899154094
-0.7257934912320608,0.09488682917506597
-0.8191282855028444,0.09947500365136468
-0.7855353468763747,-0.04312086297452276
-0.8381736897212946,0.018425958135007966
-0.6597822732723316,0.17004196756987947
-0.8030984478791466,0.198382220135788
-0.7660463769710509,0.06915511615912044
-0.7914277283649447,0.18814004324964004
-0.7282031749685128,0.07752436277618667
-0.6585885093498923,0.2224412298686202
-0.6734569600155648,0.06279649462077767
-0.6600360481001712,0.09140463094744741
-0.7258072841745162,0.21992203034660304
-0.8748252143275181,-0.041958525835617794
-0.6689404452963243,0.08535618617018004
-0.7755607979977387,0.13378587169357334
-0.7113488223295067,0.030188442106642576
-0.6616343738162154,0.16744546814508218
-0.8250415790304759,0.10909529182392358
-0.6739112671592316,0.12948269640318183
-0.8248300322958521,-0.04953627828320199
-0.7406335311003185,0.08232622410545329
-0.9120628369095471,-0.017641621442799894
-0.6792459853853526,0.08161715819109357
-0.6828310102291666,0.22046418342771895
-0.7940564118705947,0.16447273447868935
-0.8204912515340873,0.09348966088880273
-0.695130648021543,0.09205403551222525
-0.7938183578443769,0.09043064467257651
-0.7775972125158649,0.17872389322868568
-0.7993736451017057,0.20185691874218833
-0.8077092124160427,0.02707824526501809
-0.6786892266467149,0.10033834370850485
-0.6926243590067844,0.06395108545377189
-0.6858135701147784,0.07934089788968969
-0.6723863233351531,0.11178299799092496
-0.6461139073200409,0.13458373164265958
-0.9428594405625834,0.013148785435190411
-0.7342883967107035,0.14086476972015557
-0.7479478245888147,-0.051620006909748925
-0.8303537185922266,-0.04766183421037556
-0.7728958147788464,0.15332347898953294
-0.8307652389402701,-0.08738130578362152
-0.7493355670033346,0.1013504193598302
-0.8008365287715041,0.13423456080638163
-0.7257477244112923,0.0897404557249014
-0.6337053700547004,0.1457390814347096
-0.6084123944751305,0.14203520610278364
-0.7663359824071618,0.059717650250821236
-0.7402309037379006,0.09195234376931559
-0.6890872253956327,0.12094514524480478
-0.75410289094105,0.12228771552005234
-0.9321377139053796,-0.0395948299932621
-0.6417229990125667,0.1606607444257721
-0.7519665038103395,0.17535839020092997
-0.8035069003356349,0.24522485419233864
-0.7711178487643363,0.033082551581120355
-0.6213043729599269,0.16125407047898727
-0.8086802442536708,-0.03699190802901967
-0.7952885256151793,0.03418313555956308
-0.7667452036723316,0.15175824860995
-0.8067083834431032,0.08011041690950352
-0.7355976929478956,0.11036482235894442
-0.8392542335422551,0.08108986537586421
-0.7229533021606614,0.11909684770336547
-0.9123098291446731,0.06468903444081292
-0.878071175441294,0.04026250459489316
-0.8685776184742522,0.04332276484063203
-0.7934582895098777,0.06608264696752462
-0.8303515706487227,0.06018634806202736
-0.8428538014077045,0.1407555835210988
-0.7958195210613884,0.05388902175922829
-0.7039537596197248,0.11991279257560652
-0.703790033536329,0.13737647800868555
-0.7386007864594524,0.03293612630418394
-0.7229536789222186,0.14270143874750382
-0.745242983627523,0.06428143787210053
-0.61821057975528,0.163678176153499
-0.701940231016786,0.14533904391104988
-0.7518029425112742,0.11862990191663207
-0.7683825451083952,0.1185023898742432
-0.7109539636800458,-0.001289378268435141
-0.754595786798405,0.13354933778161204
-0.7394759721318175,-0.01833442860825091
-0.675246643518152,0.09323648793073558
-0.6503124510925642,0.1287975648846504
-0.6201751469662053,0.11983962760447565
-0.6689177388488217,0.12370481093089769
-0.8408827614238751,0.06918196666129608
-0.7226732025533622,0.13114722945095564
-0.7008100322905273,0.0888764757409966
-0.8379423688253367,0.03225879557342781
-0.8278438457584684,0.07646253120744687
-0.7673231459977048,0.026467827187009588
-0.788119952260677,0.06053727151911168
-0.6824115799997572,0.17726054149792903
-0.7130055536139307,0.09991187579469196
-0.7538840972859658,0.10636398141097456
-0.8121868335338139,0.078801575934055
-0.7518637295293376,0.08986137798938446
-0.826131656200673,0.0653173835447796
-0.8826314956463152,-0.021569844481511925
-0.7914735402137065,0.19932836616610872
-0.7626246389685595,0.1591441374366195
-0.7298982779685818,0.09435288148613225
-0.6231584669123107,0.17018233860702736
-0.8974741050220126,0.12076295537848643
-0.7299638504886621,0.10979700569436864
-0.8203469650588857,0.08196257821147244
-0.8710929493643348,0.1101653291452686
-0.7821320287881424,0.10735320500289217
-0.6998437726796962,0.04395954339681472
-0.7517168545408518,0.16990734373916785
-0.8540209886858531,0.0913501393462438
-0.7223512797017893,0.11397011733727297
-0.7115225764984979,0.15086122061470744
-0.6666002792968917,0.0543631974321574
-0.6915165348199624,0.09046434713293862
-0.8297478485711455,0.015160574139505565
-0.791568268381102,0.17282923967539285
-0.7828543563941721,0.08142194322842751
-0.6850203212376654,0.17657211346352947
-0.8538046876554826,-0.018559196279173205
-0.6994716538065459,0.1571496843522112
-0.654781862133004,0.06119783196874899
-0.860742356208278,0.07662681313677057
-0.6890695521996938,0.09971631313649057
-0.9255232611691331,-0.023834967320281383
-0.7768169709272318,0.08336615964338148
-0.7392550226250381,0.0281129048602641
-0.7113449021376532,0.1988902821276288
-0.6804657275029637,0.20597507771529883
-0.8581597526421386,0.11251478430768222
-0.7745748311242235,-0.0048087559661752445
-0.6928443111473533,0.1884182837107811
-0.6283877664030607,0.25357873149492793
-0.7597063071603433,0.18030295255055592
-0.7081073784344064,0.056111697708017584
-0.8876526582772254,-0.014722758212849796
-0.8066237398628359,0.036575545560430744
-0.7634983030875554,0.03175049309104106
-0.8014274288060269,-0.0019502265908332623
-0.666647895261282,0.2133646025387068
-0.7176258042952853,0.09189953219788888
-0.7241923045908376,0.15264816665236508
-0.7624407778030895,0.15716198666845255
-0.6454670399774692,0.16403370979894802
-0.7628033317540662,0.20528231202433664
-0.7971786899331635,0.11706751820146218
-0.6028551310543506,0.1443603310854323
-0.6777708049508077,0.11721764180842967
-0.7610119809279905,0.13378785368862414
-0.801104810404566,0.10027408798684062
-0.903349551592788,0.013121066752659682
-0.7556034900735472,0.034357636542361215
-0.8102464601660941,0.09090885471602135
-0.7575689754580491,0.12504359699071874
-0.6991791951178334,0.22083879974722748
-0.7995908253992418,-0.02924896534869629
-0.6600306873958056,0.16214518913751286
-0.7291576711135256,0.15727980070137698
-0.8091307748388588,0.06263788716455307
-0.805310883310218,0.11568137073499926
-0.7633200116277916,0.02002816705365452
-0.7165815360152393,0.1680452670096714
-0.786735684295608,0.09364258933590024
-0.7193667662843736,0.23790581263292157
-0.6648308851107141,0.1192736178023429
-0.6440195851344539,0.09567546680209704
-0.642519398456381,0.2212246075758152
-0.7466890227762911,0.03385818896234303
-0.7609064967692722,0.18714755938849356
-0.6941791621487345,0.004579528892049372
-0.5832638202309571,0.16161414554162976
-0.7086220170208878,0.03661155512257005
-0.7510656757833756,0.04240220933203468
-0.8380414834922493,0.12288748411054036
-0.609081848880271,0.17214459385034836
-0.8632351615871209,0.0758512725647792
-0.6984013219770148,0.18042223068578653
-0.7166254070019346,0.125791936732639
-0.8509373547525901,0.1104664559151173
-0.6439623242096546,0.025339544515720045
-0.7871498135881317,0.16111031977223195
-0.826456999794,0.15108772748515653
-0.653080043576405,0.1495334421706476
-0.7378128020065828,0.15947654273520515
-0.7526165738224383,0.11948618152815389
-0.8821655601876986,0.013852943679394342
-0.6789608831024024,0.1476042848137868
-0.833265507912793,0.06379498062862253
-0.685628265945879,0.21784269116863056
-0.7231922106170052,0.12026527853987559
-0.7706699662330944,0.04949887034105532
-0.8352818689761404,0.07879363555801287
-0.7107542107711733,0.023671507821712873
-0.6628966557023619,0.1565854962653687
-0.8794187343773717,0.05739988267463269
-0.826297294390273,0.059026037377241464
-0.7936174159978795,0.04250877883882937
-0.7560651214655243,0.02824116660557461
-0.7142034561136612,0.18011203536378806
-0.7733781958833108,0.14287982449564582
-0.7908327240932658,0.20956327571320219
-0.8020123714027076,0.13403147255535647
-0.871053843803876,0.03192236908071309
-0.6639154070376209,0.22294517078415346
-0.7043427644374104,0.06880331848348513
-0.7718914930212508,0.07958942022092383
-0.6666034096150291,0.12449727579113568
-0.8187558506322753,0.07331135294211438
-0.8385921313883644,0.10519607381824014
-0.7972063522777991,0.04141046001869371
-0.8113129190095707,0.10556812248233209
-0.762061346835204,0.12235703153041425
-0.6936536191036221,0.1744419593248895
-0.755745636836714,0.1359805250141642
-0.8044836560910235,0.08229422779375475
-0.6324968391118826,0.15259142154035554
-0.715453845046845,0.20119076589701218
-0.6898113479917127,0.09468957024652865
-0.8856074656785409,0.13045784248815873
-0.6968937306177158,0.11787190624015678
-0.8112471648543503,0.10733664727591619
-0.6965002029188473,0.09560114984657148
-0.7695377504462309,0.14982291795967953
-0.833435920807651,0.10983286351226859
-0.6647322317599316,0.1323025163175277
-0.6595951406689388,0.10777364415596224
-0.7622202114899934,0.11113138261286261
-0.8223693542007489,0.19639553035809904
-0.833238756468707,-0.023047503501111007
-0.6932866519658396,0.0747379538716136
-0.8030952276498351,0.12461640314123133
-0.7931322828773412,0.13606037841736843
-0.7445964149175434,0.11124656516144055
-0.6981773241537713,0.18433265059966783
-0.5995172359388664,0.18488034405842002
-0.7503532500664628,0.15733898173210994
-0.7081593446578502,0.10836470846303935
-0.6807165917559211,0.07387964662793423
-0.7976371927508366,0.017608238347997632
-0.6741457456397083,0.14998250911432923
-0.7109873261357063,0.19292855021116936
-0.7731904983218328,0.13844032111630022
-0.7135683347131364,0.058889685508945924
-0.655719217054042,0.08208266608576494
-0.6345860803858736,0.09040780180318513
-0.7113341611758813,0.19900328746412446
-0.8063825610754396,0.1489903567060991
-0.7752198444498497,0.13049279534473923
-0.7290429836535682,0.10866925350363281
-0.7206474797935383,0.20139890516464032
-0.6497258775580664,0.03432753327254267
-0.7057084258275228,0.09328058505094407
-0.6718147736580218,0.11072689953404033
-0.7577539059413375,0.09738507353321155
-0.6403242817093686,0.16154267641519565
-0.6578910564455,0.10141221776791419
-0.7902540176347307,0.07787248976526705
-0.7683160004399995,0.13643181234856402
-0.7582376525386073,0.07633002151664339
-0.8267451159422556,-0.010624957181197952
-0.6402243883602265,0.06891688792279158
-0.8366188102545749,0.05034591841970078
-0.8459464655022957,0.11177666328985932
-0.6570003685692529,0.06572245901954057
-0.6916438729777789,0.05112536284524952
-0.6701127232588626,0.10863944595468693
-0.6245094800336358,0.08361784521710716
-0.6217182489222005,0.07341460780249028
-0.6838857588398367,0.03806532279530995
-0.7524421550063103,0.012798656186167105
-0.7141594392091363,0.09827019821664319
-0.7893975816730651,0.019157607628663954
-0.7920329462889699,-0.03940676361248619
-0.789586712388252,0.046014504628768736
-0.8617918648645871,0.051131230563388676
-0.6131857777693914,0.11244736803645357
-0.787813289995372,0.048924580780583586
-0.6604638462318153,0.13665487787246336
-0.7412851051704421,0.08145684575765386
-0.7478488447682291,0.03670243800338107
-0.7111987667438482,0.003604679231407568
-0.7545615243383462,0.19147225395843748
-0.8859767610174505,0.05087506060258663
-0.6214715859238782,0.18223232666983544
-0.777739307391878,0.0751817483607453
-0.8049293647848306,0.17793135421503511
-0.6981966103272284,0.09541200939638567
-0.6907578364053187,0.07322873319429933
-0.7525569258017042,0.015513639561075734
-0.8898679348013847,0.0742955649373964
-0.707868850935584,-0.03153400014784018
-0.8133909993847876,-0.01911574102250532
-0.799637995396743,0.10164318038583843
-0.7207555887520201,0.10823143811464589
-0.7040735908925464,0.15177590555844128
-0.8174405080910816,0.08340519204741383
-0.698854705851113,0.22509956081769084
-0.8206697473480044,0.035744783525828334
-0.7406715568803768,0.12394793883312698
-0.6938992733220332,0.11084818650361294
-0.6411946741025095,0.0840069215344542
-0.6243572137556855,0.19762981415271136
-0.7617726110708081,0.12620482890533183
-0.7694464573721322,0.20899970362362374
-0.6932435800486325,0.0986624498148045
-0.8244142226123717,0.14441287289342045
-0.7936325222212934,0.027901754482181854
-0.733499488793897,0.17359727136657324
-0.7432778481968632,0.01338249074536464
-0.773854324275628,-0.0009452294892067492
-0.7184393553900356,0.12510616506055508
-0.7098046634922843,0.051309642563295704
-0.7540305129812274,0.08961455903578672
-0.8653086774021813,0.03477059139247661
-0.6506656308024882,0.16390539931286685
-0.7503461509839472,0.08298850811407814
-0.7726033414457234,0.20539875210807773
-0.5989130844644488,0.15652531368545386
-0.6453539766230004,0.182266505293874
-0.6292685114519796,0.13133605075844482
-0.7968923315255364,0.0986367617562508
-0.831341357954572,0.15335863283011572
-0.675552468580182,0.09652568662937955
-0.7465423166080951,0.17250231232011304
-0.7179133559754372,0.061829602516012584
-0.7218464540147748,0.10860235286612259
-0.7838951688558613,0.09670175127499868
-0.6916466607332532,0.19276423712801546
-0.8218143443020314,0.06701738151604297
-0.7315636902926362,0.18471474473136362
-0.7480851002999217,0.09587357013794792
-0.7099703212454697,0.13485239845216096
-0.6864462597325461,0.10522025582537559
-0.6338188662116072,0.10412878275376741
-0.7381560076371679,0.0676155511542651
-0.6470104225969512,0.18927790897372046
-0.7977140056688299,0.12025575916436965
-0.7011098718352845,0.23661843991379747
-0.6858532518304126,0.18726665722535807
-0.7112480204182972,0.08540888867932077
-0.634829372389442,0.23953759920969597
-0.6808094244908488,0.10160449024507857
-0.7615113175544,0.10618980454102636
-0.7155058498610785,0.11481060375827679
-0.6769614144397348,0.13445528196152653
-0.6687254330620368,0.20673616596860264
-0.6982699095810041,0.13194433364423036
-0.7394401215626408,0.05579249059865126
-0.6666726689806786,0.17661170868451842
-0.6812965096981743,0.18498899983335612
-0.8354398598629262,0.046225056655881516
-0.689208057945024,0.1408892961038819
-0.734867145569549,0.08795599158572465
-0.7116155352831167,0.1896564354765145
-0.6604522752655491,0.0981551849688922
-0.6116682256774962,0.1586840296609309
-0.8009583478508456,0.019578880239980466
-0.6911481081170842,0.12606297744573752
-0.7231651905631813,0.13138342908637676
-0.7713344711380483,0.14512205208746026
-0.7047517427792939,0.1313970168752495
-0.6626474732345881,0.0219290558344597
-0.8311294010920083,0.07699524455608786
-0.7250370253268003,0.2275000547685259
-0.7535263917726766,0.16908264498295905
-0.7187986437744626,0.0070610497105492945
-0.7518484212364025,0.09159926377536803
-0.8141585406598661,0.07653332646561387
-0.659483343977355,0.11721487834219106
-0.8138488157451172,0.10306692810791862
-0.6597565114668775,0.07106550149472465
-0.7913738949685056,0.024267049005117492
-0.7492860791800285,0.12729204141304498
-0.7781378963755052,0.10117173615329944
-0.6457507629509237,0.23076302496143233
-0.694027650627093,0.09018876244018946
-0.7167357514185099,0.16281916318646183
-0.6980611504859381,0.08768462107783465
-0.7138566093280199,0.11703423883701752
-0.6826061694315605,0.04894465814794504
-0.7023607378428657,0.1038204301494173
-0.7559129005309615,0.17197592062593176
-0.7719089736560931,-0.0035237190299111905
-0.7775959462359495,0.1335872715720656
-0.6820909568994995,0.1763479481333324
-0.8800720494339525,0.05029649914381972
-0.6642183136263169,0.19661532151354297
-0.7738285041820326,0.118309595154707
-0.7168907510363307,-0.019736271794666478
-0.6921063859563092,0.11573755627418611
-0.7334598633839957,0.035260042606744306
-0.7716846886765174,0.08635788822556224
-0.712218582222807,0.06929091791539918
-0.7591236686729675,0.10200364620258259
-0.7924502466289618,0.06295967793847254
-0.8987326947009465,0.013010473121318039
-0.6945670790296951,0.19353919662118077
-0.7052329465564798,0.21151307424819826
-0.8111363358409073,0.031994081548901154
-0.624042932149764,0.16397817246915697
-0.866264718531932,0.008113509084778274
-0.8216765044673728,0.1100065163004269
-0.749568727957406,0.03840107877867198
-0.748438655478544,0.12287227173729263
-0.6961237861520005,0.057633794495976415
-0.5951854340874438,0.21537803528551083
-0.853016511993335,0.12265108884057012
-0.6820562173782584,0.13770145624685018
-0.8619922241838738,0.03670163207192334
-0.7351229879299098,0.12137912598472388
-0.8273575286492928,0.11766849623046763
-0.6093396350992079,0.16301731416247975
-0.7505340168177576,0.21841597690514783
-0.8307659739898937,-0.022095481760796887
-0.756822998237159,0.2259241079041623
-0.7448195859038437,0.004861028856835289
-0.695185140234872,0.16738351503691112
-0.8146994250545818,0.007424225126859566
-0.7103614202330096,-0.008893887353780137
-0.7622955073406953,0.17777454678705668
-0.7675159551863979,0.06963975118412077
-0.7219693204551385,0.12982707891743914
-0.8121659137440996,0.15655047431829155
-0.7350326993907095,0.1224416478900821
-0.6849178614788203,0.1760602749219282
-0.8645712692207398,0.06066216923265049
-0.8048853185898448,0.15457424421590912
-0.6985455191600908,0.1580429464084195
-0.667120563648119,0.1257889693494777
-0.6546110131184989,0.14145016046189146
-0.7037609911497795,0.0682628813575194
-0.678677254924424,0.12607824864735437
-0.6544734025998614,0.19192750468427486
-0.8265785869406287,0.10677512037416943
-0.6824929536000726,0.16151414904655845
-0.7851326874880821,0.08555647132047148
-0.7208840465550433,0.16378364151689043
-0.7074184855557097,0.07936459810519458
-0.6228813247684019,0.20067050502537084
-0.7347236724318381,0.06378758411062595
-0.6073291086992441,0.19915953538960232
-0.6433747805297955,0.1813039849308716
-0.7191288160384409,0.01658693059853304
-0.787388954666984,0.10212690477470422
-0.6319851236582797,0.1712038286948609
-0.7793156325764591,0.0906005220300145
-0.760671647906612,0.17777907365841542
-0.6645607932537965,0.12334255122602301
-0.7122249925391678,0.08415647707802612
-0.6809961224013882,0.10105515100277554
-0.7360496279290601,0.19157370745356472
-0.8106607517618778,0.18479544165723025
-0.7845547750344136,0.13100474111810262
-0.8148217154140623,0.06535721047063954
-0.724440561710803,0.0189321515841105
-0.692864963058742,0.12665820522780724
-0.6609943238211178,0.2224909314597389
-0.8101242679023009,0.0948114569696511
-0.6375110489919724,0.16376686640729296
-0.7228693869875167,0.1561168664478563
-0.7907582202687439,0.03544535767910235
-0.8247399598128019,0.14074807734563993
-0.7125667257662737,0.09876173031648505
-0.8039293371393854,0.1362620100708331
-0.6710525628428262,0.047680142292686196
-0.8797368840690506,0.025385305871483046
-0.6416756640414959,0.1861836064347324
-0.7099757298858409,0.21553647099502943
-0.7349090242347955,0.13422679849966002
-0.7455917982706021,0.10899461621865254
-0.7416834363412754,0.11058020104128656
-0.8120549165298607,0.10169482860986823
-0.7219481350589354,0.15181307218556497
-0.6998050722017828,0.15030970566058058
-0.736453431650711,0.23047985233825824
-0.8124713585751664,0.07981371313307267
-0.7886745171450524,0.05038949823072194
-0.6660091645943639,0.17936018227160724
-0.664754502252708,0.09805468018946921
-0.7705902921854381,-0.013617447506014263
-0.7091660460080611,0.0660798272910977
-0.7923713271958515,0.18937353573215895
-0.7741855980164902,0.21901362422229775
-0.7388035774366343,0.07618067533506319
-0.7253328424127977,0.06819633920508243
-0.740255093747637,0.19205418420555154
-0.7359467820031853,0.18068094550281596
-0.791681421838216,0.14123614623862232
-0.7991424537336842,0.11326509332246984
-0.726092381200927,0.1645355456579438
-0.8228594564623866,0.15252061945675377
-0.8346903153755924,0.05699723847547704
-0.7549910226225401,0.07855209605814849
-0.6966094496615914,0.070278567311964
-0.6131378196123142,0.15852231492772462
-0.8275609327940585,0.10268673007327517
-0.7878983816153814,0.08300195311711142
-0.6552757062045537,0.12312121528120468
-0.7529283848259108,0.1452756690310596
-0.6606103489013364,0.09733061285794614
-0.6780096343546105,0.10591666690835992
-0.7468084693185802,0.0251773926947254
-0.7510308714229172,0.14438637481322633
-0.7553740846073769,0.08154492839584931
-0.7109615280961452,0.17250068897263396
-0.8658197824763332,0.022432200913554436
-0.737334260894695,0.10547311432022718
-0.821333007572346,0.035592686184727565
-0.6266968996656689,0.11896703197525874
-0.6090819223460537,0.21028361689027303
-0.7036639026731908,0.13401722069980623
-0.6350536361202389,0.20451656208161267
-0.6850237977394391,0.01535597960297387
-0.6463327295226615,0.056509994504169395
-0.7097231243390714,0.07269828892585585
-0.6136343519494801,0.2216791283987284
-0.782797014505518,0.13759773372525044
-0.7032089748784551,0.18724867226957062
-0.7799445435613843,0.18339055676406904
-0.6990132102496133,0.16629561487392283
-0.6954383823128523,0.0722590850690288
-0.7181883143803989,0.009420649941974764
-0.688580226820887,0.13782063442291514
-0.7104951626210949,0.0446697872357657
-0.730430781714722,0.04686789454512305
-0.8163008901752957,0.13049173284569987
-0.8061890855363162,0.05497936066633316
-0.8003593682561101,0.05117434153835534
-0.7679092561725885,0.11994289338977486
-0.6248105284076075,0.12242364978755409
-0.7541707374591954,0.010217971383560131
-0.6781028041535139,0.18402707018642572
-0.8498416144170883,0.11334507542924728
-0.6416677717818102,0.2283380202302053
-0.7589601316727977,0.07582148369596375
-0.7368151428744715,0.209796412789576
-0.6746355041111953,0.134457505231452
-0.8321938771620992,0.01226803128054514
-0.6444176160014572,0.1583963706087895
-0.8187311652174956,0.09264811492530617
-0.7220474949283275,0.13671134330303114
-0.761565640588216,-0.021699056395942416
-0.814376704182859,0.043561775473110666
-0.6699917324086087,0.06277579554647651
-0.7340722995945811,0.09955533437845158
-0.8184706158788356,0.19381978651406112
-0.6873352974248896,0.10424824423776749
-0.7350808845852834,0.03374360269319211
-0.6798515920921797,0.10826274867105852
-0.7489093987674527,0.008123905618801493
-0.6726180329692373,0.1992737652042621
-0.7424231478635033,0.13127736900252895
-0.7156302380204643,0.029657517657028887
-0.7938846568316583,0.026248989751206743
-0.6651296616431883,0.07593707085333791
-0.8006422309451012,0.10634361599681083
-0.6398887846188559,0.07820411838190332
-0.7964000246187274,0.18918657052097682
-0.6183798551118099,0.0969067783050606
-0.7731008024964849,0.1021389909110298
-0.7866401899196103,-0.014111099780582977
-0.7217247212665144,0.17705107599996214
-0.727381481276059,0.1769077981077675
-0.6587771064995074,0.14985608749111376
-0.795840769208214,0.031073368693318094
-0.6927185411140843,0.08169280901807895
-0.69766974083089,0.17209618232757906
-0.6511254494064413,0.16554192789300629
-0.7655943995815727,0.0877475526351605
-0.7369838501154988,0.18274761294438588
-0.7683378029215739,0.0649620738942369
-0.7297854289037062,0.06865790400011727
-0.8096821486652908,0.05384774227090822
-0.6397223324812938,0.19086324086318973
-0.6813294418907687,0.15927355479694344
-0.6722617889581204,0.14319447636088542
-0.7199706899936039,0.021723040342857058
-0.676578460717035,0.18575649492074991
-0.7460924005228655,0.08744624424115005
-0.6493321687385987,0.14769276142924806
-0.7111596438069907,0.061862485454395405
-0.6476949308688384,0.11650776757693398
-0.7912593154403762,0.17370708881213165
-0.774356740892923,0.11913642384180635
-0.8315720117645329,-0.03733266983003164
-0.7278091221968447,0.22479926890807478
-0.7946133346269711,0.0740577229019074
-0.7675770745916586,0.09463098465109959
-0.7658660390231486,0.14698769960477692
-0.7729561853725886,0.0006422464587392526
-0.7356856163195494,0.03727031644236858
-0.8357603566685128,0.07073929284005051
-0.844487270021286,0.11931428535036037
-0.7237077478172058,0.1821362582176985
-0.7267164710523983,0.02394799384204413
-0.7237510283125784,0.12640716806905833
-0.7429011297152157,0.16359266655782456
-0.6329427578857828,0.16507485904974425
-0.6885219879695322,0.19565868646364562
-0.671404701781585,0.19352184714517853
-0.8085103019838301,0.14129192765646778
-0.7157232373328265,0.033003395079292716
-0.7096815271207979,0.14485671772954478
-0.7705813566085438,0.17440399249063618
-0.7332708623286665,0.1128372372557109
-0.632263598757323,0.15667850246652434
-0.6594786967631707,0.144746572449321
-0.6686882947432181,0.11863746800624611
-0.6569092032089681,0.12190933445019358
-0.6965620161637135,0.10029340062094837
-0.6976897820911953,0.11285049342677157
-0.7584037653245378,0.14373796104679612
-0.815902565274045,0.1501748485545363
-0.6488662958598168,0.19497556604851154
-0.7636853476780503,0.008334206951401689
-0.7050548044128876,0.06728517483226332
-0.8166564482401804,0.1022420026989379
-0.659086639363198,0.15675734101977143
-0.6071003871915168,0.15250019620521382
-0.7199635822579528,0.060078005212625844
-0.7686781076084774,0.2098872292295136
-0.6802787844992791,0.1372032044837562
-0.6834224492544929,0.17154292930291637
-0.6550844743560086,0.1387316171547519
-0.7696741133492185,0.08969402198598203
-0.7314411342583004,0.10844508246706583
-0.8004744118029671,0.10174182526268019
-0.703387584272597,0.15505360838225393
-0.8055278174050172,0.11852985186916805
-0.7407025745471503,0.15992108511068723
-0.724940278215529,0.2138970803330175
-0.7049252333260425,0.1596663555362118
-0.6714839596347053,0.07699201277331638
-0.7275346957810671,0.11368925355292958
-0.7093566146915169,0.12236874932067413
-0.7515862064764862,0.08141147478256155
-0.6515451477641276,0.04790628098188008
-0.7639154122124632,0.13834517981005479
-0.6905105530436778,0.0917414786802043
-0.762964679233547,0.08593529361761353
-0.6891727642175995,0.10009023425497372
-0.7268035996506561,0.05021302392956833
-0.850909107015662,0.020990282797469208
-0.816042946391237,0.06257292016627948
-0.7319360237223442,0.1433450213034059
-0.675435637088188,0.15183869771227357
-0.7575334962645603,0.008723223401159726
-0.8245587511525645,0.02257388671746016
-0.733809969494119,0.1022611075159085
-0.7551807193283402,0.0836827428283045
-0.6192791895631268,0.19050540673162927
-0.6640217053649564,0.20077978468469482
-0.818155281446257,0.07843692479089055
-0.7596676792545336,0.10253178824024396
-0.6914423611089073,0.11620565924803632
-0.7052655164087294,0.06261970466633372
-0.6457891319902946,0.1593334908693568
-0.8092203349394317,0.1666298009418567
-0.8112852244180947,0.03885407868057451
-0.7044307134701793,0.10566587033315424
-0.686989117967913,0.020579232693962033
-0.760667998059394,0.18272278030357503
-0.7175740832900095,0.040239268776723104
-0.8244696898627564,0.13379559208360073
-0.6657140446083126,0.18075438046905132
-0.7074207033433495,0.20495101376480424
-0.7606202302852845,0.1322298043620864
-0.7550174579535286,0.10942644567720039
-0.8051559780762165,0.08060280258528434
-0.7584423281522467,0.11473053777591566
-0.7820009519877416,0.03451175802937089
-0.7499218852676044,0.1870198947247009
-0.6548443499933803,0.13997730232341726
-0.70671632796002,0.13152615707530893
-0.7021256929749069,0.07357218438877286
-0.7846572811302179,0.0880776568300638
-0.7263277490039732,0.08703760369295521
-0.7393586518079875,0.18315453723110994
-0.733522130506366,0.1966497050182976
-0.8207408536164528,0.14730341132651636
-0.7730257425966374,0.0993399600695938
-0.6716742522089819,0.1337422227526813
-0.7564688197938015,0.16566573915999924
-0.7379867248846813,0.12639425006184438
-0.7586842474939628,0.11488383434797753
-0.6705294507331685,0.10790788449868124
-0.6998689179544574,0.2113772992963126
-0.7672357365874597,0.04100688597878924
-0.650614508525282,0.14817112789757927
-0.6175848293430172,0.15058814438585683
-0.7861872637258248,0.11493792617050776
-0.7349005917364108,0.1273829854979188
-0.6768939199415752,0.15496848219315137
-0.7238447690890308,0.030633105472425832
-0.7595452399971077,0.09355963013175406
-0.7416441741664725,0.17630828212144464
-0.6335426458164491,0.08950977392186818
-0.7173217525935208,-0.033806312054671585
-0.7019399349762214,0.0715269520144119
-0.633010403566453,0.20886222741073973
-0.7024813110114951,0.08641330168393684
-0.661312981318452,0.12939988424809987
-0.6474879581419397,0.10245918514992075
-0.6652756517000117,0.20886806509639663
-0.7026841375943292,0.19752075922619805
-0.7103286885152332,0.10657994834538971
-0.7111737865270076,0.04484550659164971
-0.796882174162748,0.08601574648024177
-0.7792997400260804,0.08638506773104014
-0.7085483126948743,0.1605459800762476
-0.6663925345169959,0.10848943110836179
-0.6984515920249541,0.10121039545089114
-0.7302501943541903,0.05477715638481869
-0.6448734046151732,0.13626266680517077
-0.737291680725432,-0.0051796171805993775
-0.6879747886904803,0.14672541983595133
-0.8220601751454606,0.04781757947287301
-0.665227660670499,0.21508379319364837
-0.6703474940880654,0.1859455803080898
-0.8324580514959108,0.12920196073363382
-0.7995594199069151,0.10190642304497467
-0.7146199839632167,0.03280191615245974
-0.6928230876103827,0.06688741780015386
-0.6693212751757998,0.12354169677371751
-0.6892928764666534,0.06602449699563974
-0.8365081910824708,0.052751637419122255
-0.7316894201578038,0.12543055977909487
-0.7904038303496113,0.09135494571893278
-0.6705438504249636,0.05876120140046419
-0.8120585600100968,0.15520661998988725
-0.7522277067342079,0.09730992370989021
-0.827484897632357,0.07455095027734292
-0.6696545708120811,0.10473167577976672
-0.7344395897098687,0.15343485838435686
-0.7162619016999846,0.15855349677275463
-0.8158194162452708,0.025276413219130114
-0.7016570796889434,0.0852991687245232
-0.6892332723962438,0.07547636491096579
-0.676046615411095,0.10761939353564426
-0.7256017901999307,0.10957965396206643
-0.7144365139195006,0.13089306940662637
-0.6157066453564328,0.15364750441103278
-0.8142873519760511,0.11158215582558677
-0.7372076225700019,0.037711868760945635
-0.8135104677307207,0.08632227786785894
-0.6724505884942577,0.15050242768961566
-0.7267671700238931,0.04435852483585219
-0.7137745907374993,0.16774075641746902
-0.7401724784082604,-0.010234449530067111
-0.714432428618003,0.1490236418662967
-0.6583121954543409,0.16964030889040474
-0.7769429430318322,0.0495306752767774
-0.7399601065238222,0.11949484812890251
-0.6730850794627574,0.19794451693940196
-0.6659177767766638,0.15922955396643015
-0.7803120528010407,0.14448032020257673
-0.7716157370833495,0.13174111491049112
-0.7063333822053997,0.0989218011346444
-0.7230952748008352,0.09963509110353355
-0.8720178409136635,-0.03064197664772609
-0.6903784059542665,0.08089738449136669
-0.7758983598896377,0.17058483348656348
-0.8588696071227164,-0.03871600162646483
-0.7317409833849124,0.052342168048964854
-0.7819116852179535,0.1175285604810838
-0.705809217974131,0.18970454754243238
-0.6319653230973672,0.12423172073585306
-0.7570069041439873,0.0634289618228115
-0.6867326899396005,0.16838718426724927
-0.6205709139072911,0.12663106313928887
-0.7794943295488331,-0.017641039030580227
-0.6339279484657301,0.13417743661123402
-0.8349279851543718,-0.0009359409938490844
-0.6441928781266574,0.09427964989374667
-0.7452283278554592,0.0519502181484416
-0.7185438183898827,0.08544530297717501
-0.7618708251959352,0.041887155776620756
-0.7857587369821515,0.0854498316925728
-0.6508525590421725,0.14898146290192138
-0.7769821553362798,0.04968890992105119
-0.7108625740135649,0.16961825330825678
-0.8275159736642573,0.06853830666755324
-0.6267791088384602,0.18907773557407015
-0.7904191818054058,0.12842187348399678
-0.7716194067353565,0.06900419057809996
-0.7610902080559034,0.1293468914991187
-0.7414379449409098,0.08032580691220229
-0.7244242447833763,0.14820689050835387
-0.7397635262082037,-0.025092891275700024
-0.6922793227443782,0.054104607734113914
-0.8236704940798443,-0.013948124924038234
-0.7062471324148566,0.19417949509212443
-0.6981438057804594,0.18484135199126975
-0.7238586512896826,0.012361743809927266
-0.8234346842594243,0.007443503156989754
-0.7180728633548534,0.1572073308027678
-0.6486524310953353,0.11683966164842888
-0.7199232887043602,0.12381837028210688
-0.7375175830408393,0.12932100645274824
-0.757109246931275,0.0041502173641341815
-0.7673396370860989,0.12030727296800278
-0.7520709747743491,0.15873500336956048
-0.750728973185837,0.014825175834065481
-0.716556806831484,0.08668384272004627
-0.6362727243286307,0.1939482679450196
-0.7953864199777618,0.05636856233524627
-0.7823419382265044,0.1195221333126101
-0.8004184796558683,0.09862678979644814
-0.7369470723110929,0.20678007085794936
-0.7134065617117655,0.21157993179140475
-0.7087998537624164,0.19757256610731852
-0.7028716942091319,0.19963374786851845
-0.7110369606690762,0.10348894994499135
-0.7406211973304787,0.19463090984236062
-0.6073363665259727,0.19546940270252597
-0.7509708991295438,-0.026752385393492943
-0.6845360316833241,0.1408978321191986
-0.664839613463664,0.15612329824470547
-0.7580261976554747,0.019312391516807283
-0.6393022574962977,0.21215781760253538
-0.6717925344304068,0.12096457521497206
-0.793106264287088,0.10359638764064902
-0.8178521231872118,0.14881620003277796
-0.6382261899127221,0.16657748490856472
-0.6691548240570364,0.14041594120970777
-0.8603274645867258,-0.03508449267710839
-0.7754811912596411,0.08269659576321432
-0.7510556815477325,0.1377141110091951
-0.6628497380991747,0.03869010778725141
-0.7238314772502118,0.08143905327986742
-0.7732688884052675,0.1575448051492758
-0.731828309071028,0.1697729153262373
-0.7882605266849589,0.16123836135813108
-0.8427398635703152,0.07491739321532043
-0.8434836399102651,0.07171328604674825
-0.7859050899278857,0.10215535607523688
-0.6939370586116008,0.1964131192034028
-0.8050124271699455,0.1015848298121566
-0.7077862287533357,0.15447226514590012
-0.7625845896591265,0.1288118996267069
-0.6345180858982505,0.1868294748530709
-0.7631285900939098,0.11520826799436751
-0.7898026868079963,0.13802963461419196
-0.6573686105965109,0.18897773150808755
-0.8083590973569783,0.0779082686968113
-0.7283476403579696,0.07666792824037147
-0.7379399448589729,0.1410701706460052
-0.6766561068080217,0.15838912581863768
-0.785074901645682,0.11018644082482183
-0.6498965358756446,0.16714236018536935
-0.720353683690576,0.09654777776643735
-0.7197111711804491,0.1506168955057437
-0.7126895911377805,0.20792100554595028
-0.6681975806520895,0.1027042121116529
-0.7565203717686136,0.15051588482565345
-0.7768938324544582,0.17688588572900243
-0.7646034517602144,0.0691849648331629
-0.7202178847499336,0.0966543694622308
-0.7853883562698907,0.05140287622477514
-0.7710703141235634,0.1985084221601496
-0.7578021743447015,0.11041216342023052
-0.6835781759965166,0.13418203090706102
-0.7150948027154994,0.058111672584195334
-0.7609629383773137,0.12285248067567371
-0.7114925099542221,0.06908275297723361
-0.7848533026784587,0.11662034183151554
-0.6620004790786349,0.05009136254149838
-0.6703074659724823,0.07416908946636411
-0.8355491176588989,0.06966119001098742
-0.7003402723035431,0.031087403259466618
-0.6661738591412847,0.12832023048171826
-0.7855266941692183,0.07412758729516983
-0.7185053569529063,0.20933716135721755
-0.6359311503035439,0.11584526038613037
-0.8039698670258715,0.09054067659126767
-0.8404907031699963,0.05803734014284546
-0.730992972187567,0.15249013756691415
-0.7300885894783107,0.17750438779007754
-0.6745825523061875,0.20428137720193823
-0.8098050464731554,0.10035053594727085
-0.7820819620792762,0.01324728903652315
-0.7828078712592841,0.16190874924025625
-0.6884309655721088,0.12273250160230667
-0.7644874345821352,0.20550221055931525
-0.7257132895206488,0.00792341374634156
-0.6787965845778312,0.1680952409471303
-0.6877828416737768,0.15276960289305086
-0.8079429851795138,0.14262070158396833
-0.8158776129194734,0.01653164358471407
-0.7578046757317044,0.047470391773029835
-0.7569277075762587,0.20030306861394842
-0.7944689416818289,0.13719435529470253
-0.6642784812327116,0.18105854549976896
-0.7241615705616867,0.05173927515953671
-0.8147782917336781,0.09474237655456699
-0.7137760628109165,0.14108095244948282
-0.7236306169813588,0.07009971894888138
-0.7881268259795645,0.13657371046157651
-0.6758627810262325,0.07609734403960973
-0.6888194055442015,0.16152222086564488
-0.8380163063837122,0.027176686390908256
-0.6643727024206291,0.16059913143925575
-0.7751351915364351,0.14811809850833663
-0.7893498337224757,0.09228952630718318
-0.7065171771138017,0.15484391923800525
-0.6102450930004779,0.14919036858747659
-0.8164356504247334,0.055870989056170495
-0.6659335391111307,0.13172205121000927
-0.6505452791641491,0.166892570418817
-0.8244442985760092,0.09333346204806676
-0.745720759409653,0.035971327078131096
-0.7613445888037486,0.0968800919539473
-0.6882098691136415,0.1358083436998727
-0.7916862144995533,0.048312988996529756
-0.8407602205241916,0.0034922173411008196
-0.7793839918913584,0.11529800273358341
-0.6729373914202829,0.2115829819223069
-0.774874963668963,-0.0182900695240004
-0.735924184479772,0.17701203670090304
-0.7928229967766668,0.1274594937980178
-0.6342528379367449,0.13931885230282415
-0.7402544701369811,0.1494351632270441
-0.7662221153820634,0.15510283082564788
-0.8000819452557657,0.03287005574469617
-0.7054056875461052,0.04103794784646266
-0.8203074715677567,0.0782855336701849
-0.6120257698263116,0.19872156241000719
-0.813611892464813,0.06594345908093097
-0.6737704094031258,0.10548907757743574
-0.7429327608099048,0.10674342029985509
-0.7445905901728259,0.13097503690762038
-0.7997108906392478,0.1308730548482327
-0.6707735707354894,0.11649363272215588
-0.6374227253451069,0.19950756371635084
-0.6607255304015603,0.11308748604245489
-0.7779973711166521,0.06498104650485485
-0.6415003263918116,0.060554091382564464
-0.7009616697447469,0.12921947183409163
-0.7230930215470013,0.056863101477104015
-0.6466279237961846,0.13376178321989074
-0.6784159740923541,0.16954479119748275
-0.6553305403891272,0.13185640050176511
-0.7813389003185316,0.10998523129241451
-0.7788635900795996,0.15697873731903236
-0.7309874245515778,0.0862875349320934
-0.6924948692349168,0.0800547753028692
-0.7503422518077677,0.0707370869254302
-0.7861342623764596,0.0761830688368466
-0.7379414170046258,0.1700524955522442
-0.7151163758943103,0.05683838897779966
-0.7672414027906843,0.11144550453467668
-0.8538687298178664,-0.004548256643401657
-0.7610704582282989,0.13379859818778891
-0.633680074786409,0.19974133158011706
-0.7379358523638745,0.031219857026353215
-0.7111902823853874,0.08993655234161026
-0.8129333208809628,0.06297440442837897
-0.7061399740571432,0.19546149753224945
-0.7023940567472843,0.14468509664685628
-0.6978010617501077,0.16711906210122277
-0.7740541397265197,0.0670313570846842
-0.8670542306307775,0.023144912416602045
-0.7391848164870111,0.047041465330748024
-0.7256449803968622,0.03446690397718966
-0.7439830844239956,0.12915905476074588
-0.7398732917829407,0.04536627370365181
-0.7582225441839581,-0.015907861192812015
-0.6883890760424448,0.17831315431812048
-0.7427991800853703,0.2223969931150117
-0.7094258046718459,0.15861078797922154
-0.8808370683870971,0.0559407545624457
-0.7744188229688527,0.17682056995381104
-0.7137659676055911,0.10299764889236765
-0.7759994616881655,0.09401952114214344
-0.7929076000469278,0.05836528936666498
-0.7365926624825162,0.059322546540069646
-0.8204619036058844,0.14054911352734814
-0.793402912900466,0.12888814140847604
-0.6394240072471917,0.09895038547305414
-0.6945858282461114,0.13150495769131423
-0.7341773051234878,0.14858369329629312
-0.8202589488237761,0.13376246302746408
-0.7244123388823627,0.01672214961877494
-0.6972954637862819,0.19632190146622733
-0.6666177531945925,0.19152884401691322
-0.7416069968647476,0.11067262458523994
-0.7162287534782051,0.11946693865551773
-0.754927528987104,0.014982967429454933
-0.6709435625473177,0.11400250489033807
-0.7911658806564594,0.12875475748919435
-0.7739960774577701,0.058419425998549525
-0.6129040639285959,0.16238135545585353
-0.686881632590554,0.13689564956267192
-0.6299022979360519,0.16705119752976214
-0.7469542517689661,0.1330644817924246
-0.623997824923727,0.1454007200342996
-0.7345849609155539,0.15920087214218742
-0.7933784565060475,0.1653024239972378
-0.8028471550843518,-0.011752195530061299
-0.8537126456396366,-0.04580886952366964
-0.7238217604454362,0.15296791777865498
-0.6062162645447222,0.21288227485792682
-0.7917922854378958,0.0026058807802015003
-0.7095590581489302,0.12939407858429816
-0.6868828178872286,0.2102963973578516
-0.7585052301568416,0.005112970800550977
-0.676728773262321,0.07321789473971248
-0.7552062077530058,0.11550780051214882
-0.6093068357880952,0.20207412723045923
-0.6864011063086348,0.14659528318999843
-0.7907983744049651,0.04354250258589982
-0.6835423284041807,0.07796301051358194
-0.728296680255457,0.13182830300104742
-0.737121023727804,0.08915022352394718
-0.7688656360411349,0.06946442332971169
-0.6464954280449963,0.14738039121728155
-0.70844348910195,0.15019223641478158
-0.6107384879395984,0.13664585854625746
-0.6531105709396142,0.1318369418208107
-0.7507420239059569,0.09636763079949494
-0.7287144718826042,0.15257682972118375
-0.7558648561368958,0.1331675618954707
-0.685002598276712,0.20660490591988828
-0.6486596737051444,0.1537029525263994
-0.6618802827057751,0.15563345349907398
-0.63751365533489,0.18947112409013175
-0.7368117251790184,0.012556742125647335
-0.7389740030264562,0.10512410294630191
-0.7522227402661011,0.03599149099239497
-0.7760390641987212,0.14990316135959622
-0.7399215250617622,-0.007824501422682303
-0.7703872987590622,0.08164846511761335
-0.6366891682583798,0.135090765301935
-0.8055319057006559,0.10482179316737303
-0.7542417931976014,0.14292370334837082
-0.7788985120884354,0.18920885716947852
-0.6732694421804909,0.03824256000951841
-0.6871738788865421,0.2146150326507022
-0.6835041264934404,0.1197915895870672
-0.653871347401512,0.11974567691408435
-0.7696160763539759,0.12400057295862237
-0.7724554977008579,0.11804227928293298
-0.7894115616211362,0.10751436298178417
-0.679001439197147,0.10909081568482101
-0.8394631206915306,0.07564042922820002
-0.6259842232942844,0.1712551035699654
-0.850732953201642,0.07042267612686885
-0.6783314590780927,0.12786589214456257
-0.6805637609284992,0.12612118298745978
-0.7773888266928591,0.18681646256856968
-0.6841567403378481,0.11882065588021704
-0.8326155528641642,0.09710182921701645
-0.742035972447078,0.1499816539210024
-0.7818921240640305,0.056780707155281156
-0.6377110852279833,0.13353031614254846
-0.6872114022423703,0.1431605387492413
-0.8538816143390082,0.08613313023070521
-0.692060198370201,0.10259044001601333
-0.7304074775089887,0.17609938855649632
-0.6949287672962086,0.15351979110236913
-0.6345218844234537,0.1383473060115394
-0.6769466928776892,0.1440493900770326
-0.7435445168218711,0.18372394643386583
-0.7715264169723008,0.19276835091385652
-0.6796242361526519,0.09967212833541197
-0.7493086677331416,0.09252408793716045
-0.7986953526402992,0.10605841302126416
-0.6762981972518315,0.17172067732700577
-0.7627593648867073,0.10401275414696964
-0.7106130668883264,0.22170668404005905
-0.7316688176634916,0.07532239162690312
-0.7289729213255346,0.14086280797233186
-0.7349344643493921,0.13831489942637903
-0.6244831183089987,0.15724359942581367
-0.7613063650542677,0.1804416938265194
-0.6859049809831624,0.17964613979152907
-0.6990410749804561,0.15855087850087612
-0.650649706446983,0.11595442242494534
-0.8076750260828285,0.06799097110256352
-0.8019377320319576,0.16184602317668442
-0.7843372065626834,0.13920966867172443
-0.8066632817779597,0.13816564146141047
-0.6898949784963243,0.15334219494143717
-0.6920930022737153,0.11755918302653463
-0.7496140875453966,0.1249656253768039
-0.6045942008210959,0.1658300288832322
-0.7731632089108158,0.028892924764008867
-0.79188191181702,0.08969041182945686
-0.7652847910577163,0.07754544532445021
-0.7832752835722809,0.10510860792471127
-0.7530202994715964,0.05825934839224544
-0.6925951644369882,0.13765227776512748
-0.7159178621005564,0.13696705923309913
-0.7709284873345992,0.06395252298016989
-0.642605149654388,0.2193530180837151
-0.7363983426470253,0.031138820383714422
-0.6607367422620736,0.13531846020054183
-0.7559779220109328,0.13643319323350772
-0.8007266155989987,0.044653826461629756
-0.7487559537629557,0.02961906217283628
-0.7583174868340598,0.0944700807272307
-0.7882362047250213,0.03459447900666307
-0.749019915549556,0.0001624428412503952
-0.6987192027938254,0.017244163699214905
-0.5967769075545885,0.1565736757814437
-0.6747202438758756,0.13888727488055524
-0.6859845817321273,0.14200030163240007
-0.6545663532041027,0.12760519016046276
-0.7351721886106455,0.06354535748355425
-0.8376170321804611,0.1070976788456306
-0.7459933621376748,0.08944671558386268
-0.7587733599963336,0.1581468441163543
-0.7012541312767968,0.13024602037837166
-0.7149891900645486,0.14561425308153317
-0.8124233179480129,0.06105205532959067
-0.6482213579405802,0.1683313787830294
-0.6868089187081853,0.14147392782806328
-0.8029002623199718,0.04684873013184152
-0.7418620180564233,0.034254093525352816
-0.6756090533497487,0.10015960287985332
-0.8055978124552051,0.009507624708895726
-0.6569005498560456,0.1854024815037441
-0.6764854419969056,0.17871110058144407
-0.7470726668382514,0.09112359344283776
-0.6726397242750063,0.1399595312798418
-0.6948375124528714,0.1024425284621455
-0.6675617163016608,0.06798701199395268
-0.7718131898811876,0.1190250869962402
-0.626996913738653,0.14303546032803752
-0.7972451512918174,0.1440923909299754
-0.7785396805924182,0.0791753837122692
-0.7344209627823846,0.03563585796641818
-0.7683724937262718,0.13740324213256344
-0.7567984046372017,0.10952377917013296
-0.7607130960301269,0.11846185071426754
-0.7454191614412816,0.07532247983431145
-0.7150884208140332,0.15047676236742175
-0.7129899648337658,0.07374661612010477
-0.7136085670917155,0.1145713091483271
-0.7367228915156836,0.056980448250241386
-0.6332342553922901,0.12277712313693094
-0.8508133152995881,0.09339598868024492
-0.709958580011934,0.0896834370766364
-0.6800562051928409,0.2193289545121336
-0.7108550904820021,0.16987371271652926
-0.7529354840520492,0.15052827622345538
-0.6954825691941001,0.07374648599344322
-0.7404128460851498,0.11084516421642643
-0.6154831407345381,0.12155832562577269
-0.8028455758821021,0.07724112712656388
-0.7038067394852965,0.104234834884433
-0.7635424187709177,0.05398598294217986
-0.6098138151018091,0.17490369416689858
-0.7565556637114792,0.10256389968442224
-0.7492972215410103,0.09212338903279736
-0.7594250083969012,0.1482112478537869
-0.7739126213478624,0.09246834137166592
-0.7646607697578124,0.17884374119554566
-0.7129171359866968,0.0839803009341952
-0.7656327417753127,0.1758647241557301
-0.7180656282492044,0.16875303448652187
-0.7465128460277691,0.039085870833232915
-0.6888060237412303,0.14507369523541624
-0.7554475769612824,0.08809588076588404
-0.7677681363424107,0.11943721167743475
-0.7262593596554523,0.18674852861058727
-0.8197606947594062,0.1125209174294184
-0.6459700729172922,0.07916000198311494
-0.6383434310713116,0.22408824419121132
-0.8077996293001722,0.15197478687844584
-0.7822390781944135,0.08488728998893422
-0.7267908187282055,0.003995806463773415
-0.7354566470615529,0.08941292203518272
-0.6828068194622192,0.11695289491931175
-0.7417331215982109,0.09035563826947636
-0.7688611759892374,0.07891534977460832
-0.684241109517024,0.2066787838199809
-0.7622256384766555,0.03910580056077714
-0.88135993807372,0.03700620750912566
-0.6627459360504644,0.12164482796235797
-0.8277559955339361,0.13240202970392817
-0.6344027693325509,0.2002461862667742
-0.6225195425507773,0.11941493876102784
-0.7379394105076751,0.09156800385698396
-0.6145944279149415,0.09921191747985489
-0.6514310117000631,0.12621422488013886
-0.7999655054400704,0.08219982520325464
-0.7919784451829079,0.08894103419205261
-0.7806688557954115,0.051156924468035686
-0.6959263002184157,0.026470670187336832
-0.6533565247845662,0.16507571612179034
-0.7629760880709737,0.17531514727091846
-0.7258260956984544,0.13493201936330176
-0.7726949917907274,0.06637555161902138
-0.7705867654154593,0.13894662409252753
-0.7564089813080105,0.027700380429997888
-0.6401599494608584,0.1655262590327027
-0.7320611089351999,0.0810224316626336
-0.7553394632848904,0.05744375245898995
-0.6537882458680069,0.11239830151831705
-0.703823776371588,0.05629967070963127
-0.7870492292726786,0.08442934011243047
-0.829926712171443,0.0926527280917357
-0.6595976424636937,0.10582446377754065
-0.7603977511222569,0.07347696970693025
-0.7129160820627256,0.15308025150944232
-0.6358579963144025,0.1726497832745975
-0.778560522679682,0.13530453028209746
-0.6865069119865219,0.11961003022245559
-0.6891394922827754,0.12253745472655982
-0.7508226543737658,0.04678289980786247
-0.6758796525374567,0.14116713412736098
-0.757233047350241,0.168707852524075
-0.7117085117418017,0.047338664670929995
-0.6655347862556954,0.2204458543650946
-0.7675147721091657,0.016419442293687712
-0.789102465127362,0.05735707696857939
-0.6222944007917663,0.23286237788877712
-0.7201597403425546,0.024541810041275945
-0.7352025977296334,0.12813389864333627
-0.7113179817916234,0.1293589475025732
-0.7382797505716956,0.10341408221230808
-0.7761210314310325,0.036213669375281726
-0.7554509714113351,0.08366460868433938
-0.7094869988129159,0.2128825876274323
-0.8294098702747459,0.09504812707470382
-0.6587521742059887,0.16587802436866092
-0.7324238026000102,-0.01920256737490992
-0.6970351402609036,0.12205936649647074
-0.6858480844732828,0.08463541163202787
-0.6476017478783266,0.14482818252663218
-0.6847424306654164,0.13932737868991357
-0.7360654874436269,0.06271307005616507
-0.7886779151359155,0.048446610734946716
-0.7966883293976308,0.08990033123863135
-0.7487477781942574,0.06242119780230103
-0.7049620566569198,0.1683474299326517
-0.6120572664724409,0.18603676066105174
-0.7804031403090004,0.12855071400144852
-0.782552065926792,0.08062169330857928
-0.763392974036148,0.073081607032651
-0.6690140529130119,0.0886723069526085
-0.7217620161546191,0.04728172851372968
-0.7222263446958359,0.07821919640694763
-0.7436215449895227,0.050124847724420094
-0.6616971571120092,0.1432734083748586
-0.6976149781975128,0.08759873191310093
-0.7801557692631449,0.0967013143391315
-0.7426391071393287,0.18327151885732343
-0.7359594158738063,0.05785128706209609
-0.7254923985447408,0.00934378971687721
-0.7561879545690208,0.18299065319332222
-0.6357906298193029,0.1748387952515385
-0.7041488930757963,0.10095989787453717
-0.6488073927483575,0.17732516142669233
-0.72064887169682,0.0857522359958968
-0.7432985858258889,0.15033590709938013
-0.7405985432782015,0.12402731672059703
-0.6962194425894875,0.09514318408986112
-0.6686851643100394,0.17173311999398105
-0.6511444742856672,0.034767115398228875
-0.7937656454325475,0.15343762819409704
-0.7919132332093584,0.007515177569459416
-0.7587193239810313,0.036168872328169635
-0.6700562424934355,0.07392643435428188
-0.7489693850389686,0.1612006696878148
-0.7768244491114427,0.06177657964318939
-0.7009313143919671,0.16394039940088817
-0.6453602119820089,0.12261629980530457
-0.7188597364906071,0.18736385222937924
-0.7531944693348058,0.13278047646916544
-0.6572779426101162,0.06596863115427906
-0.7653622529097968,0.02137030766034354
-0.7311370399211724,0.10284275411953642
-0.6997569784164611,0.13862884132587955
-0.67741314196081,0.13303509546366007
-0.7251128598350962,0.17779347136758913
-0.7488912982333351,-0.012801664701457566
-0.7516887318103624,0.0885497521351778
-0.6896432380477172,0.015583044203369225
-0.6828938100763718,0.02213827252073541
-0.6269984392023483,0.21735744077651697
-0.7359450847809744,0.0643494651765831
-0.7349568316298107,0.12837391768844778
-0.6923649053206605,0.04143317539109613
-0.8042419277393232,0.04339706445893038
-0.7526377442034436,0.15823221110143726
-0.6197376267363386,0.17569768000357203
-0.7929165583835176,-0.0009564242555667077
-0.6362616202284568,0.17825649724193005
-0.683885654426875,0.15561114843599935
-0.724651706086153,0.08976976626830922
-0.699447836874391,0.07339652568310122
-0.7379972413293859,0.21874207202976295
-0.7638587481003348,0.15199746840103728
-0.7260681977751565,0.10884236019780875
-0.7351195918742108,0.13552450748378328
-0.7519169410401175,0.14022765448583824
-0.7886771533660345,0.11957335660486136
-0.7023098092101592,0.1909326036716561
-0.7529440842830691,0.1012531038101838
-0.7102730877806746,0.10189025509132676
-0.6389718916435703,0.20307719842897243
-0.6389894378575638,0.18085762848607412
-0.8461736990730381,0.023325939786680214
-0.6575965928354166,0.1400350669040174
-0.6723179685800516,0.19862680345612616
-0.720642985317731,0.17397852180233056
-0.7602526746627561,0.048036759474460525
-0.7634941047259579,0.09581951146807519
-0.7367027955943375,0.07305469277311616
-0.8457189517570137,0.08799264019584306
-0.8013514566906225,0.15938880485789897
-0.7382972854585464,0.058568443898532316
-0.726895794499222,0.11709641775564984
-0.7856427992046104,0.057085073470345186
-0.8168110379482388,-0.025546710236064515
-0.775258968655251,0.0880683373520365
-0.7485807431328688,0.1322753220096997
-0.6848971986896728,0.1332664172550545
-0.6490099930969401,0.21208807327464008
-0.6245667100742539,0.18487340421985268
-0.6699700528848243,0.10492071820817997
-0.711596467568417,0.12173780284557281
-0.820530159264821,0.10772799900987066
-0.7118904061866275,0.12033227946903363
-0.7458624226268421,0.1285004669205239
-0.7755489511381783,0.0630669921845553
-0.7202190502132741,0.045390061983604256
-0.6943352698883051,0.15851077536190283
-0.7285410561767515,0.14937570709090153
-0.8101054499675118,0.08400801124845447
-0.7443186629435854,0.11656201946279474
-0.776390180143423,0.1576280046113656
-0.7345034234872397,0.13151355720900523
-0.7934552112817285,0.16682040806687073
-0.648271208550318,0.15863939640436367
-0.7287835945353695,0.1493896795483961
-0.7681985278391141,0.08199124669226687
-0.6874403339133403,0.12938383071198784
-0.7157843709976246,0.13565702533521823
-0.7976485561316541,0.09457457533792216
-0.8155713243056952,0.09142575119017307
-0.6932868715942642,0.10890720639107203
-0.6061825840247815,0.1355827079739383
-0.8199703829198456,0.04941972306698944
-0.6695717314100627,0.11391157769982418
-0.6956997734628805,0.0994210218296537
-0.6957106606783462,0.11810648263655128
-0.8265818289076864,0.027915610848497398
-0.687468872167927,0.19305561153074205
-0.8547176591173715,-0.014271494416043626
-0.6008622938099896,0.2005749633601264
-0.761880848447642,0.033194317166509085
-0.6339098503947029,0.16159935819247695
-0.6453406355992439,0.2020204485020921
-0.6078412326864346,0.1243225488760607
-0.7813270952878251,0.014298723839765068
-0.8057956137844838,0.07404069034602628
-0.7657982943554458,0.029040183298148916
-0.734747381081105,0.1715748361039118
-0.7057613382267243,0.10049953949055217
-0.697241773639812,0.04424375093520308
-0.7772556387216559,0.07141945131736643
-0.7008419529255523,0.0483622998496377
-0.7560068985234021,0.047017904014646304
-0.7888083818615682,0.09729879714414087
-0.6903925833551376,0.045266561849523726
-0.7255349329960631,0.06399135225507764
-0.6867220917212673,0.0886292379124156
-0.7133091738293568,0.16807211626706253
-0.6821008373218046,0.1575530170167958
-0.7103681544850518,0.15539720250866532
-0.7737817768546366,0.13062589962875534
-0.6477884679647639,0.18155366543074053
-0.7222452534993967,0.14435452063337753
-0.6731865930977481,0.1450237530750397
-0.736801673788104,0.10027471182464001
-0.7169853434125659,0.166114340740262
-0.6875186240336084,0.16776772597692777
-0.6297100064259727,0.1304341523172592
-0.7679786633257423,0.1911759586508037
-0.6912797437761857,0.1328169914558907
-0.8246195070179703,0.008321178911944822
-0.7109382820345128,0.14560049448808055
-0.7554576992018021,0.1634556181123013
-0.6700119526195171,0.13124381902331744
-0.7024559901079772,0.11311585005813904
-0.7383204366279629,0.0796600058673048
-0.7938550754082125,0.15379249353409066
-0.6980994342167768,0.1517227155451356
-0.7112891677853374,0.1458365025861475
-0.8552674211948919,0.04413723818046613
-0.8339610842859008,0.11504015533059174
-0.7556464617002346,0.16224651772270213
-0.7639260226088558,0.10850946001887038
-0.7039203754474872,0.13967166532099956
-0.7067856394675974,0.19197633725616312
-0.7143495118918045,0.06811655188633392
-0.7307564124368382,0.12166416174332297
-0.7193207256349566,0.1051415868970088
-0.7397914674288791,0.1738751622316463
-0.6809374896943745,0.09874543830427317
-0.8724338010004133,0.038862671633645485
-0.8158361912073884,0.04852851116397786
-0.7823926389316928,0.1556808082349558
-0.6750870008618917,0.13303509735673605
-0.7974677868017989,0.03397534811800478
-0.6249263180003193,0.12066155343923754
-0.7085315879649249,0.10758071421931599
-0.7616478019823126,0.06465032893234944
-0.7256484606569988,0.11678801994801863
-0.7109787089692742,0.22500705477690525
-0.6484172233130842,0.1794780476561038
-0.8388176049215912,0.04347144721868134
-0.8196099568044068,0.108582425245142
-0.7261324564710548,0.019974747473243955
-0.8433926970748532,0.02099289403704602
-0.6590533869250156,0.1870284155010511
-0.7563511755914278,0.052973570290994955
-0.8059931960907649,0.13204092100699502
-0.6639375533373947,0.21008699816780424
-0.8086444432362603,0.17296771971346792
-0.7690959895095609,0.07958820705970626
-0.8036979530194545,0.10863346551727125
-0.6602755595907678,0.15990335221093016
-0.6859286699683141,0.21930218128066842
-0.7119865589086442,0.10214142930108328
-0.7842308272494859,0.17677869121816198
-0.7649334303290529,0.1317285221747411
-0.8461857609478767,0.045219375164537466
-0.7243858861040449,0.11736577348946302
-0.6937625665674162,0.13351879817767687
-0.7396475792093596,0.14219926552374454
-0.7626634311800216,0.09971538107258426
-0.626801752346835,0.12896494086432952
-0.6596289980522289,0.08456440260671677
-0.7161466702908723,0.01631020011491322
-0.70741885263648,0.18691189369134462
-0.7182641639997969,0.053455625462827
-0.7016953525572144,0.10872175291433533
-0.7202160741711796,0.11867394491555298
-0.7481972696416338,0.0909695568197666
-0.7554330560732517,0.1500464233343202
-0.6914253016708646,0.0730578723858211
-0.7324361996715513,0.10410448355455962
-0.7730994051007871,0.1284250547392078
-0.7365191835904499,0.01571980112590439
-0.7248818939662262,0.0813929075747889
-0.642299307905462,0.12141934070055847
-0.7466108626661163,0.11928659750023873
-0.7901412528926786,0.05516768829823483
-0.7092903482741659,0.09328066962272596
-0.7591656183936049,0.04551288494789
-0.7016013379415033,0.10692232497824285
-0.7465852196531384,0.15745680702746223
-0.7866015390791924,0.062238120142352006
-0.7002064310599282,0.0807664475554506
-0.6384415438799016,0.1855838672170129
-0.7255160262223602,0.1274426907292977
-0.6758333359864797,0.11200004748887851
-0.7513891491146854,-0.020467930143016254
-0.7640111776787308,0.1258874421431912
-0.6081411839309548,0.17287395713740528
-0.8624942417492117,0.005814218755714504
-0.6753670490550866,0.17747723132554918
-0.8218548577237641,0.07173291236168852
-0.6792194090930175,0.14065160516779934
-0.769618258939642,0.014467028780476641
-0.6862050631732297,0.16641277434936627
-0.6657325072797887,0.20266008733419658
-0.7374957365442774,0.12325233702550692
-0.7119018997766186,0.14276701574114103
-0.716477086317001,0.058682309577305775
-0.7612890545355574,0.11725222493341601
-0.7305593807166193,0.0886822912982572
-0.7681056138744473,0.05355632097842894
-0.6685963481704144,0.18577211897118923
-0.8456613663827295,-0.03940860351777054
-0.6180848942783788,0.11235226759237814
-0.6577437642599093,0.14442519575261886
-0.6692158186854972,0.04044278991708896
-0.7014504841432128,0.11721578003712892
-0.7691183409978043,0.11710543285151265
-0.7570418579768061,0.011120220266742947
-0.6764371286076425,0.07351124672277634
-0.7628766918410531,0.20010281108888706
-0.8185078274252713,0.07948519606620309
-0.716443407409855,0.1614152698906897
-0.6492738946721308,0.1337008551465826
-0.7269243999730639,0.1195243804918255
-0.6549568825409012,0.1799048642119521
-0.6772735718880878,0.09544084239564948
-0.6284134014974394,0.1582903903457072
-0.7548132129861277,0.058286107282941244
-0.8479371703788892,0.026963042423824274
-0.6819060996753051,0.11450678990462482
-0.8240940826188496,-0.0219971594946342
-0.823491603279044,0.051399683311631035
-0.8050839672890672,0.07895369752305814
-0.6567231323710364,0.14277504987120385
-0.6583374259044955,0.10919019972265948
-0.751682413432299,0.13453491344306298
-0.638291546231056,0.06997741437621689
-0.7402070005580663,0.10372830373606905
-0.6985982322834464,0.13047531634616616
-0.721871883963483,0.13923165997830464
-0.7724750529838156,0.15514536478347957
-0.6280576068665692,0.22007265244250437
-0.745668631051233,0.16488425115621994
-0.7013587138583449,0.05975339124204535
-0.8035417905489559,0.11569720443769453
-0.7265886497070784,0.18528435722559997
-0.7875284939856986,0.0738840207682588
-0.6972754271618036,0.17166673028518817
-0.743500292953849,0.15323361191461218
-0.7813812563038565,0.15074650499442974
-0.7869303373353499,-0.008915584864868294
-0.7539725644225626,0.06191669239418141
-0.7031590986178853,0.19269431577002913
-0.6774190473569233,0.1930391684999004
-0.7526579614802436,0.09037428383794024
-0.6657046186524795,0.058850025071871696
-0.7742800889413933,0.1637425140764437
-0.7106607010096925,0.13010142346456824
-0.700927762362168,0.17787021027229097
-0.7207709085314074,0.19122360019632814
-0.7298034700847318,0.17265472349642047
-0.7519950670786812,0.09029641553301491
-0.6499734250737581,0.19270692274251616
-0.7380667083369402,0.017074654613991096
-0.752314910512814,0.09788397718403441
-0.7030977185530487,0.07171441383910376
-0.7426510419388822,0.1068755055911449
-0.7865077820700386,0.08066429387267682
-0.6625448984155633,0.12328767787612382
-0.7724389180046631,0.05684624864346835
-0.713093767433012,0.15335881035612406
-0.6363719538573511,0.21064606171085024
-0.7729917007935126,0.10035005728707819
-0.7588598327924372,0.12508563664985659
-0.7783880028494097,0.12821891395732812
-0.7799986022151025,-0.0051017371520165515
-0.706786228526984,0.20022342923399106
-0.713235486957999,0.07665070027571483
-0.7041602640720536,0.11557890057783461
-0.7328035750290733,0.1848791664197349
-0.7481231439955257,0.16365766439267726
-0.634344126231128,0.07842593892432556
-0.7458453733067567,0.18443173290112055
-0.6507014945873197,0.1434142474304644
-0.6882590607510293,0.17259275991445625
-0.7870926816306395,0.08882066100907891
-0.8232844478295693,0.10262704964216816
-0.660222806034842,0.10527431419749124
-0.6499498415610083,0.1494481216403526
-0.6773235107582437,0.10169919859265385
-0.7046416603725238,0.11719345494451315
-0.6750610390711762,0.09584990443415069
-0.7702358262767577,0.10671445046203605
-0.704946052749468,0.05292813180608309
-0.7625855154859871,0.08756275648278389
-0.6718704742428463,0.21015022974908903
-0.82110202996053,-0.0207189500516982
-0.7458076903390942,0.14428048001647165
-0.6864327955528757,0.04459724057372551
-0.6661984694284575,0.025117082988059102
-0.6887210236321445,0.0691800533652226
-0.7625698502898907,0.02564489756291648
-0.7489255293332578,0.04390002121921606
-0.7253174255463044,0.15715635056574478
-0.7132679174892624,0.16404966274759497
-0.676408971544528,0.10125092937483395
-0.631677763200091,0.1397178503960749
-0.7649362353723046,0.0611919337194082
-0.7825231781187093,0.07755071763495391
-0.7087818418756161,0.1930685205308597
-0.6694207285508431,0.1201291953284738
-0.7426200118847563,0.06861035599209031
-0.7551805789463136,0.0610314002794874
-0.7465458872909227,0.06029962883903604
-0.7677195094210391,0.15586314466541515
-0.7070142585471222,0.11521727492460351
-0.7133194012554295,0.1991602008976487
-0.6615407665690818,0.08901383421820051
-0.6365934382028929,0.16025256119750883
-0.7434232846318564,0.04584354314139814
-0.6926880316192119,0.10402145665456765
-0.789022105246695,0.02941583080612987
-0.7928440529886845,0.011986936128690003
-0.7749452468832425,0.06156179264994735
-0.7474597960987561,0.04289626281859094
-0.7021192549967726,0.17132780057066763
-0.7654702873251873,0.1428656659673053
-0.6670901892057624,0.09553360305374747
-0.7708488524969362,0.1848700644228358
-0.7541926896384452,0.16514931637507776
-0.6813748845207283,0.1263050496454067
-0.7000583023092566,0.16267715782370665
-0.7606463620561305,0.16923715873167405
-0.635925543819975,0.16148956136097703
-0.7235253378919554,0.07084685744501482
-0.694610841607977,0.16976014330969716
-0.6589594789739466,0.1558879588130723
-0.7555134638061288,0.1675885030647203
-0.7536009660614521,0.06796441509144413
-0.7397205071951218,0.05569660034528051
-0.7068556162467909,0.18312526274134364
-0.7163321397888457,0.07981747809297846
-0.6754620500980787,0.14263852267608582
-0.6298298002517445,0.18124230399522287
-0.6917047017981894,0.15452529661469133
-0.7597716962861102,0.1885350789459992
-0.7019844233667268,0.12107260856466534
-0.6911276547430061,0.10758886555087688
-0.6992463364252389,0.11837091696565807
-0.7075116289513607,0.13028588542347389
-0.6699791884731967,0.10601536215966001
-0.7855357544669002,0.11946409954988922
-0.7389377819683525,0.029564698999463276
-0.7812438508139977,0.12383416486881332
-0.7391615942837696,0.15186931938290418
-0.6813839363616775,0.2073153856554007
-0.6404515011354788,0.11569992394840238
-0.8173755598435165,0.02634481085293732
-0.7069012724488101,0.043405207283827775
-0.7503685659275898,0.09102388455660813
-0.7380458284695031,0.08917923003373807
-0.7419113402682123,0.15950997141751797
-0.6879454593096029,0.12690819069979545
-0.6809521418585933,0.11894407259323513
-0.6174504274610482,0.11157365787122592
-0.6029061640725211,0.1760496278494729
-0.7020041080211565,0.13476398580437357
-0.7219656345738601,0.11507190258751743
-0.7430999119228484,0.10406564172770713
-0.7109452236841847,0.05774859248219731
-0.7442094648483419,0.0686095586289866
-0.7295615446102924,0.10276442266259518
-0.7835077463682666,0.14862223753988735
-0.6776770188774965,0.2149690467304643
-0.771381006478209,0.10046371192499509
-0.6367276000301766,0.09912925030795179
-0.6988291997585016,0.07052394631420666
-0.7904890786975683,0.01348874031856728
-0.681951645163802,0.17603767835830178
-0.7743634166882448,0.09677752950281561
-0.7812948658933124,0.07523864715655659
-0.7544052200327686,0.10747656718169785
-0.689089400790605,0.05263025267081856
-0.6734449571341015,0.07052069747857981
-0.7403377187704637,0.11717493217665914
-0.7742574712141688,0.1489733729782138
-0.7256000201055062,0.09780907931625042
-0.7036755205755509,0.18137658824458777
-0.7840681441327256,0.1559275573572461
-0.689820492464487,0.18554714659945531
-0.7794822963277218,0.02939894455709961
-0.849056625991871,0.06908848409271201
-0.710230482145386,0.05325857545590017
-0.7049700945943509,0.1540350550239823
-0.7230656147613137,0.1291958128350838
-0.8133867829340446,0.09209816704411812
-0.7038421629517744,0.14469417594579537
-0.7716056339266545,0.0002441319984609213
-0.7788517485213722,0.11608650114974832
-0.6273361201795886,0.12463778253434957
-0.6402803711022013,0.12363550194194621
-0.7921045418063707,0.062348015466459336
-0.6738021099365055,0.1772925043858389
-0.7631445145574822,0.014762756788837521
-0.6622958622393543,0.18312046721195618
-0.7084852150406494,0.12926905506701536
-0.7392150069911847,0.1317998988718233
-0.7651823790324033,0.04814283049008378
-0.7008183853054639,0.0751788213387043
-0.7996779207023315,0.10718312071279888
-0.7602297651891159,-0.007082805258191575
-0.7075396105628956,0.06389032091430798
-0.6951519419835366,0.12848952757562218
-0.7699112269953932,0.04191387179813081
-0.7755050083697514,0.06601069749787927
-0.6571537551876067,0.12538447629062374
-0.8095202179976652,-0.006500113547403908
-0.6866451438470522,0.11777189680448046
-0.7609364880113337,0.10917474906175162
-0.7071467511706695,0.17745834141402017
-0.7368363905999904,0.05747829704225483
-0.8023978247476968,0.11061094340066115
-0.7076436260782101,0.14571684483096128
-0.7727657028527043,0.08749882616803183
-0.6559130954293897,0.07078777817848571
-0.7082049401634218,0.01747257641816287
-0.6595514943035569,0.1990177571300655
-0.7218094321395342,0.07666465551877664
-0.726135793377869,0.15229251741219468
-0.6992567428661123,0.1644382688119706
-0.6212168941700796,0.15330533325079862
-0.7337487397068543,0.0156189700155468
-0.7403447598610328,0.10195843676926712
-0.6461440740595243,0.16103128329869676
-0.7095793274419564,0.05155145924619334
-0.7059018864323389,0.16110296628237752
-0.6827609024109109,0.1361188428948322
-0.7368991480446002,0.08908402955727801
-0.7822461819533012,0.07011767173609788
-0.8298907416047689,0.016084725662767384
-0.7920741779986431,0.023766796491971536
-0.7612290238223762,-0.010580995293097275
-0.6106425912376068,0.15726945543150067
-0.7333335387043359,0.0650024949963612
-0.735606289709911,0.046883896091139965
-0.7608698773193184,0.05347434383414346
-0.6252349505213208,0.17526070909943056
-0.68788297950954,0.11128728527664238
-0.7565649813531239,0.09954834460066489
-0.7253933119280108,0.08335354634872746
-0.7105518287543491,0.14279673491865816
-0.8312417971315202,0.0459250473714107
-0.7938519548650897,0.04724364369695801
-0.8567705454819295,0.0015664460713987027
-0.8088149624950989,0.09399246797218243
-0.7269321136727466,0.07757856782517897
-0.8059407014954614,0.11078168510702938
-0.7108193447829954,0.01950093983231124
-0.7984732554335306,0.054279436941084884
-0.7415319819662054,0.21636944404929936
-0.7367530855898788,0.011628686582647206
-0.728059014251298,0.16302701020921587
-0.72929528124092,0.18816406080643508
-0.6232763571815352,0.16657095994333895
-0.6374887628357144,0.16700439173049894
-0.7545254675892319,-0.0059314437451333125
-0.8055861722474914,0.14983766296252538
-0.7577844314509281,0.17784412122366985
-0.6980599323731332,0.15881385966651873
-0.6868664105267893,0.030566010525799554
-0.6574584314420119,0.08497256221372401
-0.7498695646553725,0.047187561682617105
-0.6819531376917654,0.07616500489816815
-0.6729842950398203,0.12569465308362543
-0.7500909343984692,0.14088878403295477
-0.7464021803283635,0.1146724807032762
-0.7454032873500466,0.007110366949308198
-0.7061932156137932,0.10831405794983412
-0.7144967340979963,0.004037040247629826
-0.7802104006636398,0.09463917126783752
-0.6880234032344201,0.13889775622319284
-0.6719663596883774,0.08615349095893553
-0.6902036906929575,0.04397015547726149
-0.8247681272325306,0.006272301798225732
-0.6848129253460682,0.10298523372822795
-0.7737753456794252,0.12538566461048672
-0.7332326875598375,0.09802586840935625
-0.7660750292144047,0.15781604064906946
-0.7635828352494827,0.06049249715985478
-0.7510657371972214,0.11375608315445926
-0.6963841978087018,0.002659823140600126
-0.6151489542449379,0.13274642587721763
-0.7674788545010959,0.08728439151687888
-0.6615033558201848,0.0639914378093778
-0.7649091489576276,0.15305400103566616
-0.7827463520786487,0.07903137963355819
-0.7158494519476215,0.21212471989149656
-0.8255307110115676,0.1281283607612118
-0.7480232404480717,0.060503434842847766
-0.6848012036705916,0.1557088794244223
-0.6719279340203537,0.060081948200014036
-0.6942293378389068,0.09067806688874874
-0.8170850199684978,0.11555588697414594
-0.7206583954538861,0.16174298095941442
-0.8098907804301926,0.10595994607564568
-0.7369952309045631,0.09998725759217088
-0.8013102868324933,0.08857062510096002
-0.8191869523011628,-0.017219068809635533
-0.6959715701691032,0.002719700020822254
-0.7569562043883659,0.11769948041077898
-0.7590898468286118,0.16225451145879888
-0.7867034371893012,0.07950081612072787
-0.7074733270260013,0.20129763562420794
-0.7381572320473018,0.12599069804879656
-0.7122805474550059,0.17383165035811854
-0.7871012232495613,0.03854909269233158
-0.6374661370606497,0.14862359150526114
-0.7537746403504002,0.03758033712396437
-0.7023426608006008,0.11657924323751612
-0.7184644348333263,0.07787907695272553
-0.7200936904644774,0.09411303590033623
-0.6686671083512564,0.11015614488628599
-0.7543478415452429,-0.04133623858248405
-0.7742178712346695,0.07876034901448717
-0.6404194109405547,0.18354412419404578
-0.7577315689676175,0.03096597525989137
-0.7116458154170187,0.12741205866003835
-0.677219630916443,0.1652906253354008
-0.7331056180277179,0.03912589311931546
-0.721469148106387,0.01744316003688589
-0.7122414060637433,0.07674999891321375
-0.7422749170081819,0.17997326869457483
-0.7221019414624076,0.15621099899672286
-0.6797658698907608,0.15936154743224046
-0.7663604486382473,0.0663979310793334
-0.8343624006085459,0.042715290483372755
-0.6926434660158627,0.15077696956637301
-0.640996353586,0.13546319685027136
-0.7161690729703261,0.08557568965730515
-0.7816695390787095,0.12860426423827317
-0.6822894126712598,0.09913737055468265
-0.7996197023179815,0.07609729317743899
-0.742288576433457,0.1280588356859227
-0.6656361614178611,0.16651157010199716
-0.6845444823612924,0.08786454778826024
-0.6770632014182552,0.19949336343829843
-0.7350569920519628,0.10485175966134776
-0.7787447535311632,0.1417509370270665
-0.7002770336086643,0.05971353958588584
-0.6523678579846869,0.19703530763298266
-0.693487735328509,0.1691729092770377
-0.677839382127076,0.12340817578551493
-0.788414881517124,0.11408185938082746
-0.711504706571279,0.09625491961890772
-0.7923200983720844,0.1445237454086994
-0.6654555071882687,0.1557867398688024
-0.6986753999207622,0.09975250009193086
-0.7680059207822865,0.1437675746098314
-0.6779585705342833,0.041569521725554115
-0.624176969637931,0.15556255287385481
-0.6711126657218541,0.07922102816064644
-0.7615573115402163,0.015588793897343136
-0.805445852962722,0.09303313850450506
-0.7436644770618399,0.13974116498350653
-0.806139396050485,0.07054701885551724
-0.6689527493829174,0.21094613460062034
-0.7449647931071957,0.06461232509063794
-0.7377461780094593,0.15101793163398522
-0.824492826272603,0.0819357907188181
-0.6747238050750958,0.14200178044124828
-0.6985655380090737,0.1723704615228643
-0.675704724483105,0.14092426558097354
-0.8098188877875232,0.044608787883369944
-0.6085437382313209,0.14746033808191977
-0.6290769543476864,0.14131296605401808
-0.6627699868616066,0.12421875520839612
-0.7832085539258162,0.14557236634867507
-0.6847821397957827,0.16939332608094498
-0.7545409166788231,0.09106790736248671
-0.6935074549485555,0.14887480785575224
-0.821298881144559,-0.005241301308836586
-0.6964990439773929,0.22611652779493818
-0.7300032364284775,0.04611213181967132
-0.7204708714404842,0.08551635547849215
-0.6641020301127879,0.10080770064329252
-0.771780943532018,0.11727160678100462
-0.6893318667988608,0.1308458693567697
-0.7407432123401618,0.05533329692357455
-0.7756514899261927,0.058672318791789385
-0.6953036255169459,0.14647725445533424
-0.840913311040758,0.03658415651653468
-0.6691171142064165,0.12859302140500142
-0.7610243291321502,0.14284140090727132
-0.6971476289694749,0.11218535291992561
-0.8178641481526114,0.07151777731947376
-0.7886654715637483,0.08909333428503372
-0.7541066802339295,0.16339158229101833
-0.6584994673488026,0.16107239420578756
-0.7515004730819113,0.19928049583319066
-0.7211161742849952,0.1898100338763368
-0.764295589137423,0.1491147325741891
-0.7947243325228057,0.15739467299672305
-0.6627024328892123,0.19478463797015655
-0.7211740515087409,0.1817023823041311
-0.805059237874016,0.14281283206382253
-0.7846393959639854,0.13980549977317722
-0.6588877114521232,0.16229850308399915
-0.756030375772378,0.16538069690662688
-0.6983021526939264,0.1336694874811769
-0.631067991414516,0.11767763345052905
-0.641150012170181,0.14106290531364196
-0.6481342496156929,0.14717934500335317
-0.7968435978615691,0.08592801854183153
-0.6989715229854487,0.07197889546499682
-0.7548449345701058,0.08407599546886102
-0.7156080609742723,0.08453286956129365
-0.6776886522977265,0.17757375203636047
-0.7437662099905399,0.10026677737075124
-0.6830212177353349,0.07589495766307154
-0.746346878306552,0.0809798499981445
-0.7882048108241684,0.12599929077441913
-0.6459967379156493,0.14842981982038098
-0.6629256899772062,0.11590834090423513
-0.6954226215563367,0.03189076820461071
-0.6374154334049318,0.15725869241019036
-0.6844364701143615,0.1388815444045067
-0.7268662537452237,0.09721572016383848
-0.7947627109553967,0.07539348083725424
-0.771493108883738,0.1459117169806595
-0.66838187981403,0.16200910131284843
-0.6808308767554577,0.13516876726651592
-0.6812949817797843,0.017734109245154336
-0.7082032307010606,0.07791459506751555
-0.7607250044200115,-0.015579924289691837
-0.6595552469730588,0.16474465251587084
-0.6237104470938188,0.12546362523649573
-0.7084254836368472,0.18174961155786465
-0.8022717196627782,0.028553329562384842
-0.8051843540491469,0.04703634497138026
-0.7486020520109582,0.1397330868287921
-0.7633760764656972,0.14272641089855073
-0.8170654607400889,0.14084834797061466
-0.7301813671006224,0.12523007754966758
-0.687003970778605,0.04301527950502705
-0.7698254225153189,0.17606249531430143
-0.6557534745186839,0.09044964642151061
-0.67395411568914,0.20473431722803132
-0.706619025680011,0.20643071037444133
-0.713898541901297,0.09104251314662049
-0.7916780076511254,0.03485710374270589
-0.7754352196062234,0.10651310414321408
-0.7340605435967296,0.15252412869373053
-0.6983200538952884,0.10726366774747151
-0.7077533715127542,0.08401740240323623
-0.6904602217482431,0.09608160603006281
-0.7382035293888947,0.11115174247346786
-0.7936288712229139,0.10168646885198664
-0.7908613407946483,0.13033851340449062
-0.7572226210833217,0.12248773401266153
-0.7335314029123559,0.1467379223511815
-0.7854928869784976,0.1858305306228103
-0.7211432547201078,0.18483434232239448
-0.6213997986235695,0.1308915588762509
-0.6258427819541357,0.1528584485069712
-0.7373124673913554,0.13958731518519246
-0.7047021755103352,0.07818095066090926
-0.7295372511143771,0.04474714983748873
-0.8394761299258403,0.07946314700522367
-0.7310845968762931,0.16128308330814664
-0.6584678719191109,0.19142117460873836
-0.7053171198961051,0.07115571363668786
-0.7075306628116574,0.055858522755821725
-0.7597817756106884,0.051601925402619306
-0.6383372388596822,0.13938057061065165
-0.7756248559287815,0.14511022568691642
-0.7290661763919459,0.10117729416972694
-0.7848702522001307,0.022964037288828683
-0.7673648721839886,-0.038728074465690966
-0.6987849569870066,0.12294416308804769
-0.6939134091479356,0.08310457819488505
-0.6708864150327554,0.1667871675393967
-0.7535124172576178,0.14803218485909517
-0.7915114500541078,0.07232095944805457
-0.737764054275376,0.2098918239823649
-0.783373406501816,0.10859411218859184
-0.6758643270846039,0.1572717968614854
-0.6800474336474359,0.12106179647353059
-0.6928584578512093,0.19490280433820922
-0.6667220384233058,0.1749859561511331
-0.7955013210259881,0.13670767675206943
-0.7534493831775955,0.0329704180497883
-0.7317687476646214,0.08643230241443031
-0.732289931390242,0.12970232044939692
-0.7027004890529898,0.01876829689158871
-0.709684319066044,0.19838779492790679
-0.7285192167364296,0.09647666008699027
-0.6274536813447209,0.11899512082610411
-0.8013838109096045,0.034193843089619265
-0.6782562214828288,0.14221781063868444
-0.7640474830501439,0.05667021149850589
-0.7575399091174816,0.12062291732143633
-0.7572864501010291,0.06159128569751996
-0.8070494904499145,0.008420220114741112
-0.6994195892351661,0.21184847125646084
-0.7247728882400557,0.1614979949598992
-0.7511847947520309,0.09757470484879875
-0.6498890573058715,0.12420508233144771
-0.6607129822008838,0.18877861650922398
-0.682392737062607,0.15289405289794883
-0.787415419232285,0.05998059091005376
-0.76230392346333,0.08941681868628802
-0.6912709520499479,0.07072353851296857
-0.8029036494584011,0.07538217298080917
-0.6756945264249465,0.16152025596639527
-0.7575920264171764,0.10048529621830118
-0.6668386168602741,0.20617078779340148
-0.6841930226560708,0.14850506333188743
-0.7423203623475922,0.13527169827536645
-0.7415424366774085,0.04667350905929855
-0.6875291217961526,0.1207749827472608
-0.7972578613501126,0.0014572046450178576
-0.6807684678223209,0.16238785125027164
-0.6503109546851996,0.2009462823267829
-0.6756049858984101,0.10756135748831082
-0.7181452156849131,0.059274377442157855
-0.711860522227566,0.20108130981570113
-0.69730036237678,0.1550176846744521
-0.7457852033330264,-0.009873083871993711
-0.6607233713530868,0.1615150325236884
-0.7104453016585313,0.15810270899408033
-0.6988050592522483,0.07316890693104107
-0.7591711108855616,0.13197129865406224
-0.6829975688855437,0.19554865159195642
-0.7580566690863847,-0.024021919993854408
-0.7039423951311446,0.1014028168480498
-0.6228887624219992,0.17257142713963985
-0.7003833369065519,0.17293388366070328
-0.8128941269548162,0.03847056669589989
-0.749992213602588,-0.026242656743547865
-0.7630078897927169,0.1454730993020616
-0.7779443473937452,0.15936935072431235
-0.8033159199982205,0.1438368543516168
-0.6913680871421954,0.13592049662581082
-0.808562923157179,0.1620243426635144
-0.748670504089978,0.18523483805987523
-0.646314014875179,0.10015013160223982
-0.7745417754202532,0.016681405125756
-0.6969789656280287,0.0666418177300392
-0.7959017034650919,0.017501866697946115
-0.7882310068333764,0.022100300247463643
-0.7726371248031195,0.1438295747365454
-0.6639773967526817,0.12690953176263747
-0.6316140844717145,0.1234778206210266
-0.6607887278259661,0.19112910620027365
-0.8154965915509282,0.11321412977274603
-0.7420765258399125,0.1458982272991063
-0.7673255865823729,0.061121613050863534
-0.8332997237006553,0.05927180203036343
-0.7057959989667763,0.1415996790012101
-0.6853727024397861,0.12207957070224343
-0.7171819467471561,0.10742040860683251
-0.7252811133382068,0.10880570143673954
-0.7268172780051382,0.04209930015574475
-0.8114728046162353,0.07930120870333739
-0.6436491621091802,0.17939197412702124
-0.7191808796902717,0.10430158673466991
-0.6651810010555889,0.10666954395840404
-0.730438673651705,0.11865457187330457
-0.7253116186470698,0.14339052424356058
-0.6761198253268156,0.1683054082257859
-0.659944274973527,0.06620255027765766
-0.636358725794887,0.15761608905585614
-0.6337994451990792,0.1125788723915436
-0.7787054641999458,0.1113131302251312
-0.6978140359056623,0.1270434158219219
-0.732461837590666,0.1840189992992894
-0.8157153010015497,-0.009391131885773556
-0.7531986362162297,0.10050148109235914
-0.7839338097150085,0.07966949143057618
-0.6838255930060485,0.17919518453532943
-0.6823112095273782,0.13351506743079047
-0.7610098070870556,0.006878414825528251
-0.6562558579084916,0.13016139709500582
-0.7103287022525,0.03092047416980917
-0.7256277297847786,0.0668833613588043
-0.7787612013578623,0.02254537493765243
-0.7589219628590664,0.09314412254463644
-0.6661441001442109,0.11238813220696822
-0.7036748737107635,0.002763881730168222
-0.7817112258132218,0.0834963502306438
-0.7081067851233007,0.10752976206021708
-0.7640571778084321,0.007141405989709514
-0.7680335039394677,0.018433976933930427
-0.7612313834912338,0.13250185479888035
-0.7062164416480052,0.16363123769559956
-0.7819918145525869,0.06385475530315617
-0.7704262946867897,0.013095005097238856
-0.7808726382147677,0.08922447912929769
-0.7720551669692473,0.13992477423758354
-0.6143644228241046,0.1607209875625028
-0.7460009706109164,0.0561240007100159
-0.7959772303313235,0.11308292488451943
-0.7007958162975938,0.16967275843390486
-0.6973911400883378,0.07751476058229514
-0.6793805060423163,0.06574556672676551
-0.6519665445339011,0.11104875013601531
-0.7063728876894897,0.11485189474145514
-0.8117489328417142,0.10500439595909322
-0.7242332852934712,0.20885634535549233
-0.7149969160295578,0.12016767508994633
-0.6763165244605396,0.07084487166159563
-0.772552452393452,0.033339171352186704
-0.8121144760097432,0.11275069431241266
-0.7259772597923281,0.11757606588535632
-0.765545550630891,0.17117258304510333
-0.7234263665046717,0.051152954882854464
-0.6570002351526162,0.15738881892100598
-0.7713095607503716,0.1501966603063193
-0.6615818481075822,0.1732011661156137
-0.7105754803739293,0.10405733476396237
-0.694249968050225,0.1552219535985562
-0.7810452010847503,0.11260644030536719
-0.7225204985868957,0.14857359078504098
-0.66792350097204,0.12621624009633273
-0.7875073254730534,0.15707580807799326
-0.6856954387965353,0.09775047968101544
-0.7735255120666396,0.11723863931362485
-0.775275818662478,0.1332759525581409
-0.6993852361436645,0.10953229933905209
-0.693211329431834,0.1265984655850641
-0.7094815769586854,0.057531696500508545
-0.7968154814785439,0.09245020661382916
-0.7115044009490146,0.17820262577783666
-0.6764694061669023,0.0634520786357003
-0.7159339507161531,0.014168187131518106
-0.6970342001253684,0.21581303092007098
-0.7858726520561596,0.10662598056039244
-0.6699947504697703,0.16827106917228052
-0.7725004935152562,0.11642057524037508
-0.6864896442346644,0.11385785031156188
-0.6748099309608042,0.13008177114234812
-0.7694622806185012,0.0885247040937502
-0.7644861261653583,0.08393188307010807
-0.7971494445369036,0.0808604029992597
-0.6679634471659638,0.13618491350698503
-0.7480601534765182,0.10630935965332644
-0.6973671013119686,0.1345997923819794
-0.6545001055876833,0.2002137223992343
-0.68722715674458,0.18788819076985652
-0.6527271327730135,0.09139461649309673
-0.6650601548760956,0.15520878931594168
-0.6963834340421501,0.09961166249408508
-0.72429502232539,0.028887974308151168
-0.7959405121416403,0.08854343151282863
-0.7872666991080912,0.0817815050770176
-0.7027274799998674,0.11694829689159283
-0.6690231009239394,0.10534866448531613
-0.7141581896466678,0.05025574014877035
-0.6580834154197197,0.17172174037119514
-0.6497458947974966,0.15117211138549977
-0.8086952977407287,0.07400788839818699
-0.6700758780071467,0.1149873241514674
-0.7624659514218975,0.055874579643265275
-0.795149157698522,0.03053290336461249
-0.6386448048275273,0.17810175500437384
-0.7682736495457709,0.17494953312630115
-0.752721416320153,0.056220358957735805
-0.7101857338614005,0.09607308592793115
-0.6441745274148625,0.12266813494358456
-0.6526801081086936,0.1666368245440681
-0.6629026744378789,0.10685494697349333
-0.6582608090357221,0.1740278868602296
-0.730992710360212,0.1792093964337435
-0.6540629042978781,0.2267755438636561
-0.622818642154596,0.12341961318627512
-0.7634026435136485,0.02924489875494653
-0.6733062310182284,0.16124587928044223
-0.6430197140228203,0.1480074600726025
-0.7685046661827242,-0.012170032732143498
-0.6624085576410949,0.1389755399702521
-0.6839999597701059,0.1676338447215502
-0.6716048347583383,0.12648721769634247
-0.6439495135990457,0.16933953871492288
-0.7989556770709969,0.033235328723573605
-0.7094500984235722,0.09726175170377221
-0.7725760034873932,0.04039589986735584
-0.6984223616671208,0.04195024143260571
-0.6335150281441614,0.12123401502564084
-0.7031632012391412,0.1305174600632863
-0.6826169074079044,0.19596191646193944
-0.7125472770099164,0.07860321838275694
-0.7174471669963899,0.19378489482399844
-0.7017545147189951,0.0848659713635449
-0.797335318611802,0.057766516000699854
-0.8121372262383314,0.045867261798962645
-0.76865907713287,0.13001295847688266
-0.7851252309986837,0.11930286388669159
-0.760552098759674,0.1505657182804998
-0.6877320556364421,0.1520504201502088
-0.6520435435624901,0.1002109245402523
-0.6989819117484449,0.16205076954877098
-0.7055925458951581,0.1054821540645297
-0.7376571738227532,0.05004753714528799
-0.836068523588275,0.07822585603558585
-0.6849974755512277,0.17868602245970333
-0.6960435042739809,0.09203221319210877
-0.7756823569564262,0.13818256958766467
-0.7513725470905908,0.08966413542719387
-0.6460016510607178,0.1596633926257921
-0.8209439473234462,0.018450801023472827
-0.7226080387313164,0.08392893765881794
-0.7918860563719397,0.09396776418267161
-0.7867290467931282,0.07660104295310458
-0.7897320648014667,0.12440221905663675
-0.7639648750101228,0.06439613326611855
-0.69370766289496,0.201963710997454
-0.7822252881688839,0.14876045071215094
-0.7932180278454013,0.01500048234547189
-0.6596592175428267,0.11313425415593492
-0.7011792051606914,0.17876860428668997
-0.7223031341234194,0.08739455049590171
-0.6381215269771146,0.11650934845330313
-0.8079226228559444,0.1047960587073753
-0.8046553950451543,0.07661721107975837
-0.7082559058184846,0.13864264878619004
-0.8182907121250385,0.10395604665102501
-0.6978247519930163,0.02666710349611328
-0.6611139075257659,0.11289091539455154
-0.8370788912449117,0.1061269010393837
-0.7112203040474522,0.13099028036688984
-0.7635581216217544,0.07103393091255122
-0.7955820493336028,0.00038632687944023113
-0.6629249203077096,0.20691643882443397
-0.6592679769138056,0.1564752510589484
-0.7112015371318263,0.11919541224381724
-0.7392668662303724,0.08134634517403697
-0.7756449500868994,0.1603182190986535
-0.7721614959879464,0.09054361225724641
-0.7296236689883966,0.16023369909655208
-0.811778678630223,0.05966955188800774
-0.7625903366546808,0.1244219758192669
-0.7572889295319246,0.09864519031755394
-0.8213260156519814,0.048594787143516345
-0.7576695589505771,-0.017654495595603625
-0.7106147919126643,0.15268307592519062
-0.7902232404250051,0.1118247383425821
-0.8216575636295222,0.040268137797921835
-0.7113725729304821,0.08196588674472115
-0.7655366493876786,0.13706177675761969
-0.6617807698551611,0.15547228341932412
-0.6520367636903586,0.15068161199581065
-0.6246500984592633,0.14571772984277637
-0.7541789422083218,0.0606256977062594
-0.6921308964672385,0.08390092769412003
-0.8036013193719814,0.04147429688792101
-0.6074272937002081,0.19373768842078243
-0.7617145328591358,0.009640521830898278
-0.7451900885222065,0.05416560045727729
-0.7003502516816045,0.0797377406352736
-0.789037541344592,0.07968046703308992
-0.7410984868700374,0.16354520735845945
-0.6620898047206043,0.10303753421418903
-0.6532731903984753,0.0983071958293732
-0.6713811303584785,0.1136428887452722
-0.8010433827068245,0.09317293227071607
-0.6334594943644362,0.15216453589499682
-0.7901666050503653,0.04810861715409691
-0.6481347884255958,0.18365193273811853
-0.7706947533914968,0.09359510393332614
-0.7756811597975245,0.0709155811138664
-0.7119754747305774,0.17797202916360252
-0.7896156852577604,0.0756036054793407
-0.7887345226740062,0.017078820686938258
-0.8116720003735584,0.0928449026787247
-0.7385584948364936,0.16002238739724886
-0.792859761105793,0.07047221870272402
-0.7472181091310349,0.154758043389922
-0.8465552493834818,0.03754411341074688
-0.7291139676590989,0.2160446014182464
-0.7592598950970131,0.08573021865170956
-0.7602610576125668,0.011745833110453146
-0.7873285344769172,0.026051967228541893
-0.8034450801819973,0.08216288820059309
-0.7539015187637333,0.07142955483167834
-0.7236761774537103,0.08685023033854487
-0.774129134950945,0.09894808922568474
-0.7767720645911097,0.02614643098168957
-0.6376027614610016,0.12121949282356381
-0.6770696400346772,0.09143656775453546
-0.7850146435372468,0.059808085902945084
-0.7084642293940774,0.09511506312202944
-0.8217797590929864,0.08070765981574324
-0.6936215845652999,0.08698506362784522
-0.8130519564195721,0.04246420200881645
-0.71189838652842,0.0012022876168199742
-0.6212517041275859,0.1587124619984205
-0.641250662792371,0.16463524778851218
-0.6700060461255493,0.11375889881068738
-0.700533992562018,0.04310965370117057
-0.7617758174975758,0.03935019950554621
-0.6764575036647205,0.10408750455370763
-0.6836631167064123,0.17348999084092834
-0.6672675891399741,0.20171243922374976
-0.6646437837367405,0.10575335375971727
-0.7995093212667383,0.058140494236944916
-0.8458773385063432,0.08866829815302324
-0.7441844099068675,0.08758706366580804
-0.7051416599947729,0.1412694662485977
-0.7004464576705763,0.056200811051044686
-0.7047201362369557,0.1598224965809123
-0.769865540043409,-0.012065419444940708
-0.7069171474498885,0.11725931202980473
-0.7695447860542235,0.02283825937581845
-0.7606819339483216,0.11397043442876766
-0.7740455964436054,0.0997191564888984
-0.7392481222167717,0.14499067738649976
-0.7146364275728511,0.1036811993333873
-0.727587081858982,0.07769414948477497
-0.7922827512947439,0.05287029674804505
-0.7208212908262093,0.07132255157006573
-0.7534828463655894,0.06598116933570437
-0.6376391006271471,0.1290765308575294
-0.7316655774435172,0.12828605999138734
-0.6710447824316241,0.14213166553573803
-0.6658672770262887,0.13380333521994464
-0.6801174501020364,0.1164198335949897
-0.7625815985254557,0.1497150092934823
-0.7293887779787204,0.16172362761689857
-0.7396128985417284,0.1571724631393638
-0.6047305002124119,0.13806509358620045
-0.7173038037112079,0.05662417457142983
-0.752624893603075,0.08662869603115107
-0.714686980433203,0.20950257497615868
-0.7581114191560563,0.19178961901717098
-0.7787230212617947,0.08425927084471284
-0.8219275902479594,-0.002745668035380529
-0.6154891971104968,0.14174870580728252
-0.7595836080904677,0.018614779749621783
-0.6637702746610019,0.19374038302674157
-0.7738438570148628,0.019179577984846128
-0.7386774055604637,0.05848661891958032
-0.7326685189798188,0.18923101291792846
-0.7887173641041957,0.10567401350414558
-0.7481206959341479,0.013350921741280405
-0.6958330320349897,0.1172031196523125
-0.6725637854658683,0.0890266645992453
-0.7085497750818484,0.1335494016635617
-0.6214272557000371,0.12079075227316965
-0.6745632979392127,0.027974295038124687
-0.6675779561849462,0.13381956617008336
-0.7244626305455928,0.08405359509065845
-0.6451709969946023,0.13417958680710976
-0.7329079476164376,0.15859326080816788
-0.786299955806784,0.11764359383410532
-0.7506636538019313,0.10572278679347959
-0.7879239587432348,0.10512688970726497
-0.8191015945822401,0.037085039860555696
-0.7251059907046814,0.15566663427804592
-0.7567063163607595,0.020753426363408333
-0.7313077186975134,0.13525555853040938
-0.696119364061694,0.1476601502744365
-0.6267572588348767,0.133068651433796
-0.6567062730169705,0.12999374895413035
-0.6479753232744914,0.08622597311591974
-0.7306302545369295,0.08628183524357991
-0.6310603250751257,0.10784049010784971
-0.7458029847858209,0.1023591031443492
-0.7197837662321196,0.12429774534415745
-0.788341708073379,0.016906204310196703
-0.6787453756785119,0.13089968829735849
-0.7783420460971301,0.12623547542056066
-0.72097901311269,0.18210926432304272
-0.7583944367679128,0.17789210559608296
-0.7117142769394997,0.17140337421816418
-0.7022063428640927,0.08667741275078447
-0.7437240409780892,0.13170751803535766
-0.726715418499339,0.09994639285010468
-0.7387182047480291,0.04797095074401629
-0.6598997847199284,0.048555270893302395
-0.7186183056557262,0.19194665872700473
-0.7119809845012378,0.0869806171691905
-0.7018432142755687,0.13743323005409547
-0.6912342289628689,0.15776079472174007
-0.7689039298842929,0.11348432490695184
-0.6965099224061201,0.012506369115210211
-0.7728556855461279,0.04893138958888457
-0.7314429884236424,0.09429251745043986
-0.6661404024343912,0.21391081579285792
-0.723332854688264,0.12194759042646912
-0.7493128225775727,0.1751212886936478
-0.7439566739794645,0.09807649578864631
-0.7191182232035663,0.06960993527169008
-0.7295903194898605,0.08153415879612998
-0.7412549724844321,0.07205214355330698
-0.7804602126745144,0.15211368776655668
-0.717771076509353,0.10481222676970962
-0.7435766006724362,0.021490711433644748
-0.6753764219026667,0.13179700520159357
-0.7509580585616277,0.005182395958348951
-0.6981846422283561,0.15149964334484442
-0.6835384419558781,0.060870760347966665
-0.8087074967104673,0.039972395924129954
-0.7355937554865719,0.13198347777973315
-0.6819473736979793,0.17680834770948708
-0.6559620219876755,0.15224937458429683
-0.7285080835776624,0.11549807643764469
-0.7385710983088554,0.14243089371350612
-0.708927423909559,0.10487886266174795
-0.7756776089918117,0.1417616591424654
-0.6849652709685724,0.1747301700661251
-0.6640908040969541,0.17390198608301666
-0.7060989629017131,0.05584003916249722
-0.729586413915769,0.12135361683503232
-0.6928630718409082,0.16719801739233234
-0.8336171473057772,0.0895273236285034
-0.6642124380828982,0.10898410582113004
-0.6664534080109982,0.15522788083759748
-0.7123224264192065,0.08731660988092534
-0.7576671044047445,0.16808749049442745
-0.6415969028956731,0.14834124821564604
-0.8015404630536951,0.10660066484471215
-0.6962301288350731,0.15586620168315696
-0.7347765199054558,0.01724295329174756
-0.7734769254770602,0.12727034336452858
-0.6447778089068688,0.1629584478028146
-0.7267707852365874,0.13579627306860353
-0.6919140667108157,0.07542628393533027
-0.7344567671441583,0.06648960982866717
-0.8101069842498192,0.051821136546594156
-0.7316521233690667,0.04492824016513506
-0.8362147943588002,0.046257938621208625
-0.7472540464523801,0.16449242106558348
-0.8613658691465209,0.012233546303011416
-0.744143962177699,0.065130258737218
-0.7270892698210073,0.1571845132741925
-0.7867160650815213,0.0402531292736885
-0.7622835880540969,0.08746899473427772
-0.7245190342083577,0.1621155849299077
-0.7659741255054977,0.11897603289965068
-0.7234799006119811,0.06814888003884913
-0.6818877664629713,0.08501568337405822
-0.7141498609779151,0.06032296709673621
-0.6872704000961973,0.17145969995049043
-0.6393348710070905,0.1189516235245544
-0.7431952968854887,0.09379334329468281
-0.7495620605425326,0.1464268931975544
-0.7412775637836222,0.0065374166591177065
-0.6851321478624878,0.1603408617856804
-0.6706262578794,0.1413166419833105
-0.7568826193854447,0.10975374140885104
-0.6946257324481311,0.1284415364541652
-0.6397142256403924,0.13498556597551878
-0.7656433337610129,0.06909194692585532
-0.7662120553646119,0.007500255587660077
-0.7212030248064274,0.0576277937495039
-0.7637125646243489,0.1352476160950619
-0.7879712669031366,0.08097180232370761
-0.69989161981796,0.10103001751630616
-0.7782719229381242,0.09261755929277955
-0.7023976646092804,0.19545221184887526
-0.6426096144047854,0.17292195044588746
-0.7975425086692046,0.07786474588496017
-0.652898244972577,0.1582155145283784
-0.7604910548328069,-0.011744399783092238
-0.8085353977737774,0.02215384734928585
-0.7142854963035092,0.07012032001062463
-0.7676554023007541,0.07379297308806312
-0.7618036330453635,0.09906784725554953
-0.7550502291236637,0.12416003512151018
-0.7569315677953492,0.05945763972053121
-0.7508601201759315,0.14616701086467734
-0.6865013879936882,0.09760235146884293
-0.748528974666335,0.11076496698821314
-0.6801943162516074,0.07192832380626968
-0.7648639914495065,0.009851571797122495
-0.7116241431150333,0.03971960773613901
-0.7201542653372556,0.09933995669399459
-0.6731312497093962,0.10352100833982894
-0.7070710708217197,0.1614099420719216
-0.7663127941153375,0.10670576231802138
-0.7716295047620173,0.16464975299892415
-0.756531618452214,0.08886783225220692
-0.7220344158361329,0.07709956489853746
-0.6999242351626966,0.13650157386191833
-0.7727766306453752,-0.004558219274744787
-0.7798030914320022,0.051043423738589014
-0.7931953172802638,0.16144109786434072
-0.7231153848496022,0.1724715619485113
-0.7913105352997688,0.07991445902820385
-0.7051679558235731,0.12060724401016565
-0.7605933760171701,0.09936779054489722
-0.7709860516555895,0.11342505724800188
-0.7324117101430717,0.17412487504237936
-0.786654732505236,0.09918326691771777
-0.7094047754405576,0.0468347646429977
-0.7310039508750346,0.18925999560761805
-0.6583657719356887,0.07993589244452097
-0.7428300181800255,0.12650753866318365
-0.7095663701293946,0.1337649409805232
-0.8696971561791311,0.009815222483857088
-0.6501583417305413,0.14821449913690976
-0.7317781581907861,0.014532717426515388
-0.7177429331030326,0.031023335099091012
-0.7423772064235902,0.20487376275521213
-0.7712227903862972,0.09573869595905565
-0.7774202982867157,0.02594444527635446
-0.7412388492308118,0.009530336591776482
-0.800652908431038,-0.018052545158384146
-0.7429007172203421,0.15564366963431625
-0.6622345891250397,0.15366564885910192
-0.7314684197794917,0.07992478573373447
-0.6553861345431978,0.11378526685426545
-0.7853844751284236,0.14904373131939344
-0.7177725009379184,0.1509665359259801
-0.7530926762832832,0.10743675745519539
-0.7466973756346768,0.10914170203264242
-0.7496189888715199,0.1373263650016314
-0.7295091494895183,0.04505083570910027
-0.7150694652590972,0.16609289228594648
-0.6631010155537216,0.12348936954338069
-0.7467838377215353,0.13346805204121623
-0.7539347553226267,0.16670223073947105
-0.7278577282369659,0.15927442470138015
-0.8212572875171462,0.07194587170608621
-0.7772636156253333,0.09975147532604571
-0.6299827466491971,0.15043202139800146
-0.6955217739108633,0.15633175768382646
-0.6551453677440375,0.09722022304983717
-0.6550996789739348,0.12403477771197662
-0.7494837096925332,0.1044166786341511
-0.7200888641680484,0.011890350170197827
-0.7385489120944019,0.04634897834379292
-0.77591045224871,0.04383074226012116
-0.7527894659916884,0.16388107781634947
-0.7005181844821409,0.07345283719050816
-0.6290593844802744,0.1414364255439973
-0.7785335601636487,0.15903337515121224
-0.7038276688252021,0.17224687866774205
-0.6898115916819706,0.1043456864489909
-0.6927568532529739,0.06206149141008535
-0.7212664734467029,0.08363986192031564
-0.7781458031554722,0.128344357259246
-0.6815377498945807,0.15267569990597377
-0.7291890144079952,0.11420491742561995
-0.8019312508357372,0.06384349847240207
-0.6455008817738919,0.10454607390352609
-0.6763441659630013,0.10564506114487014
-0.815919623650722,0.07094649867184612
-0.7236430223478171,0.11100780546131854
-0.7783883490220384,0.17301286934549256
-0.6948848610574038,0.11484807258988146
-0.7085910590715657,0.11443058670652552
-0.7265116339443938,0.008638192583105758
-0.7681783981793079,0.021637296060568637
-0.7314504731838969,0.12365054138035272
-0.7519562666859332,0.15070958781505964
-0.6905850905434646,0.11249941440867427
-0.7709599760181293,0.017614205827548014
-0.7199296673018021,0.13835599824756128
-0.754914525118556,0.1034234697476082
-0.7546396077251555,0.024024451102973042
-0.6953854317271034,0.12234879332721502
-0.7687168294306992,0.16971096575244973
-0.6687420921913219,0.15163853371349698
-0.8006531739116688,0.1288600485073954
-0.7142765990844088,0.1396013787139857
-0.7770136676218312,0.01931233023325254
-0.620400232547761,0.14187542706779807
-0.6755404546687125,0.10261617832291549
-0.7751893306220564,0.032634460231558665
-0.696733458270763,0.12916638573153807
-0.6615811358203774,0.11063702924537192
-0.7526520121568369,0.03962965425853665
-0.7508577552525189,0.17940551896984894
-0.7021747808110053,0.1036930905803778
-0.6756480089060696,0.12959208091836943
-0.706919264294055,0.16216322062232752
-0.730930001792409,0.11584552559497384
-0.7819658896155974,0.13917130194495933
-0.6184442147629663,0.1428436234621811
-0.6255108453570474,0.161675401104932
-0.6994014000106978,0.16961779433979637
-0.6674955540656835,0.14501672941741373
-0.6594318516783574,0.08592779143244994
-0.6898665841421585,0.11496096055287432
-0.6965362655260074,0.010130415533309421
-0.6870464454463475,0.1160924915426864
-0.6963102612426262,0.14410066777596778
-0.7488058415016016,0.12851893807171105
-0.7816198464288314,0.13398829053062272
-0.7186709315690738,0.12041031330642606
-0.7256715797744172,0.05927832747084841
-0.6880057256277103,0.16851567301185966
-0.7197665596277286,0.03241281203405609
-0.7695319728771345,0.024482329592343664
-0.7214135529237354,0.07803937179824198
-0.6844769680705682,0.1543597298700806
-0.7560040354184681,0.016846347066923825
-0.7450808658872212,0.1462231782480095
-0.737285380344306,0.11988346503826602
-0.6704911017782575,0.16164653952878555
-0.7771278123899972,0.014854070958277222
-0.6506116064975326,0.12621733745677943
-0.6528455093485154,0.16789899463057484
-0.7364820731597916,0.09435296704154879
-0.7687407469821256,0.1336070852272889
-0.6884335035089445,0.14472350247745847
-0.7103392098049811,0.11924671450527981
-0.6661549844305883,0.1510002018455325
-0.736120448347658,0.10037086569945738
-0.7178454743096454,0.15859345953157997
-0.70276440375871,0.059489674634545596
-0.7473761128433312,0.11298332744551057
-0.7649575172029426,0.09087048989869369
-0.6536627421272015,0.14030173355413836
-0.8068959863084291,0.08541685470036003
-0.7217016905987987,0.0823814788490474
-0.7708303243912936,0.05083431299838368
-0.6283337859303416,0.14614043788628792
-0.6916572962245058,0.04505734499747059
-0.698762036568568,0.05017026808043563
-0.7129204095598755,0.1661803837362815
-0.6748486798435758,0.11446289984407773
-0.7700715033294709,0.009778822562601824
-0.7788960626312028,0.1293977038161699
-0.8270717351044591,0.025804611207601184
-0.7831195289905653,0.03245899628385204
-0.6663502670989965,0.1293342962213801
-0.6534591928457523,0.1050689349192259
-0.721817932030585,0.06762112630594422
-0.6805734102979697,0.16734489356042784
-0.7174837220779785,0.041403040747525426
-0.7890075831742144,0.0029915034019403802
-0.6895274347795481,0.20169264162545875
-0.7474614776193192,0.07669698643622666
-0.6632932769973806,0.09896064039906913
-0.7395235035307629,0.13844516152957587
-0.7284567790937931,0.03630435077333216
-0.7398846152180854,0.06431767613948867
-0.7414793154169278,0.122515490909063
-0.6981968042543112,0.129437007659276
-0.7648097270099511,0.08591392670885971
-0.7674341739482646,0.10297701648954652
-0.7721127041508047,0.03652769465626411
-0.6449798269816919,0.14331306090269008
-0.7505261859691861,0.09447090578403482
-0.7624100574360388,0.13054887124520062
-0.646146332799996,0.1651685982517782
-0.6885768631798449,0.13495896561839832
-0.6084280057570504,0.15048778905741214
-0.6750449257229182,0.10157472961609386
-0.6690123188613907,0.21634762882361205
-0.6663652966141869,0.196221388171028
-0.6818171706097619,0.08763730605472063
-0.7215475209670297,0.08372353204281556
-0.7061017094551064,0.1346474646679328
-0.6946665221075011,0.08606998759857334
-0.6666773511425998,0.07817793007459312
-0.7794671923943408,0.1568608095311153
-0.6645827660033623,0.1601853438670352
-0.8181611513804029,0.0893026865731236
-0.6746154448912249,0.11096213118374121
-0.8033769554367165,0.06661397001583398
-0.8157164617452541,0.07282966463972253
-0.6801969236748425,0.15162170467612662
-0.7382545431818943,0.13549295131712497
-0.7615128586076653,0.12410170707564384
-0.6749875787566133,0.09459804930201206
-0.6954273791704445,0.04046498370288301
-0.7084469904897962,0.012133964475712144
-0.8277413981694576,0.07785666860025905
-0.6823202104085826,0.10743719533081295
-0.7393902966227763,0.1002864552834632
-0.7345263669841224,0.13439229782222634
-0.7145995239279564,0.12710175238072177
-0.6924629603041815,0.04989583697351674
-0.7247487825112295,0.08215189688781867
-0.7390217739546128,0.017291697452914707
-0.6935832021900759,0.04286538620107129
-0.7554259105453924,0.02622099395991083
-0.7195836152518064,0.16490257773576014
-0.8093143003398365,0.12247565008352204
-0.658426775463319,0.10108017615626416
-0.6581364087046409,0.06208092507459988
-0.7079017444410056,0.09793118524838343
-0.668859882721247,0.14271488791671746
-0.8003471544096012,0.001613621062324322
-0.7515345656674823,0.03428621099908294
-0.7454015449622634,0.11136834704639585
-0.7824714853228489,0.07420205560272834
-0.8009523583654622,-0.005191702725338597
-0.7306679062597226,0.09911553030856146
-0.7437121442817204,0.05797518072524792
-0.7556935560187275,0.07030011359362937
-0.6839542299444461,0.12435350720983394
-0.732527561145703,0.16982501177334272
-0.7280259352575112,0.11565761458255276
-0.7327822941178356,0.06853806789205545
-0.716598511350762,0.16489880610755342
-0.7942732047825981,-0.009284739381230974
-0.7052967469013464,0.10737959281545727
-0.645813959264406,0.13793686180804782
-0.6444152140227732,0.17087891349419315
-0.7742043987382053,0.08054875247054298
-0.6139035843330407,0.17990626085682854
-0.7615622834240328,0.07089868074333355
-0.7797147706626958,0.1345712877457053
-0.7379228441000475,0.08490878291286623
-0.7121255719932438,0.21561817290997115
-0.7418830936540038,0.07119119532168494
-0.6915941787634231,0.1836227763719044
-0.7133378107202226,0.1811200108318991
-0.7313329853109792,0.08421487728119581
-0.6529103234175506,0.18520968757101045
-0.7886422017160677,0.13406600012488246
-0.761927590810909,0.09073751835957146
-0.7410146276585727,0.15728658104494955
-0.7613783453882997,0.07915884615913683
-0.7322649756171127,0.13252941025898413
-0.7678279875282009,0.08143563041224916
-0.7026671886704287,0.07624563420285711
-0.6619063893298612,0.13711448035721252
-0.7830791526698614,0.08344720954787702
-0.6931914466087864,0.14061385159852346
-0.7521740755996218,0.03364959358215346
-0.7572598426428795,0.11190879060666832
-0.7089380151245405,0.08272973483475005
-0.6709267034237564,0.19438585776284772
-0.7534576808668891,0.1148095651267247
-0.7137033247391777,0.1510510514667756
-0.7917065863982496,0.08734967205688322
-0.7630101611448418,0.1196720167868893
-0.6949289636222902,0.03427364473264917
-0.7771066738521573,0.07354099049882422
-0.6776631122236306,0.16183518211388187
-0.7021107930011955,0.13785391186311216
-0.8243859130317361,0.049872006913106226
-0.7377353016048706,0.029795371418425923
-0.7866415737052818,0.06385016733985524
-0.704850666936864,0.1570046376435274
-0.7301923721861566,0.10344757927837867
-0.7741805807594838,0.10973814317439409
-0.6924634507018806,0.13611720063454016
-0.6724260907837222,0.12650129905432805
-0.6936339936463927,0.22457893185816816
-0.7291532094375321,0.017854302010922418
-0.6542332090201579,0.09300769768099473
-0.7614811323447586,0.11554074679618405
-0.7799842710896117,0.09337559076663099
-0.7350775659609542,0.16101271695350688
-0.6494479264467793,0.14751745887548906
-0.7540517707749939,0.09269965537866716
-0.6620803114872967,0.09022903278501258
-0.7896396908027705,0.12083952110162303
-0.6557214911277685,0.06723428932705162
-0.6887062590520244,0.13180778949728655
-0.6665214963485427,0.08493701667939339
-0.7089660488251732,0.1501560339383057
-0.686894293415218,0.09507847841324141
-0.7989111777176855,0.08250151001873088
-0.7910433278139442,0.019785324963793642
-0.6484649779964848,0.09072344795918182
-0.7064558865339873,0.20142803163691964
-0.6868653290561193,0.06054514134298256
-0.7990112280915309,0.07434044986583153
-0.7551060977707043,-0.0037926622347695823
-0.7773697155024859,0.10167933178456925
-0.6801487864470119,0.10714867614167664
-0.7107667597083696,0.0922593522904583
-0.7042861507810576,0.13057794751644794
-0.8107604945274763,0.06853568525788285
-0.6473489762577477,0.14959796499671202
-0.6845898545056693,0.0426375441064946
-0.7209749759663431,0.08070157503242782
-0.7958950431101703,0.07482562754454355
-0.7844893848588722,0.13028129501734156
-0.7908631710511443,0.06979536936752917
-0.7741936394893997,0.018181237293194
-0.747387714244949,0.07025279244931695
-0.6616327028821248,0.14660383771792998
-0.8026640117709638,-0.00011043663888463986
-0.7855482868871962,0.11025521676193056
-0.6744496330045147,0.1380719164240481
-0.6464330317824547,0.14531487924601208
-0.708727334849459,0.20597256336406214
-0.7062324979391202,0.11512601557420836
-0.7360556780189876,0.0425393163910668
-0.7300133536913643,0.02210416021571302
-0.7318320230409301,0.12649694433420972
-0.7184441464882184,0.02183379070775117
-0.7480115285401979,0.1465793446088397
-0.7520702831688031,0.10450538582513974
-0.6989326515784778,0.024242039741024745
-0.68986810880728,0.1476440187571344
-0.6836487758286909,0.0755158912573022
-0.705725348295424,0.16949645864165677
-0.7318853248101201,0.055337343557931476
-0.7631590379217219,0.04403875288733001
-0.6509727281785602,0.15926009359406207
-0.7630877255188717,0.15054002540824923
-0.6832260898978507,0.0901993938701945
-0.6952138107045865,0.13372115588448666
-0.7371760645087142,0.05756033913463567
-0.6680850952127602,0.10940196226102461
-0.6339840636589994,0.1513174210104723
-0.7307574352672337,0.10209815291188029
-0.7206404551286314,0.13865857998150025
-0.6666748783862014,0.12233370915993586
-0.6643889832785768,0.11560232330969278
-0.7455883820212531,-0.016794973857877937
-0.8133224101395983,0.04173032895285809
-0.6726901655230966,0.18474869706181601
-0.6727227873939583,0.1795451962372728
-0.624053217594338,0.15695170289619048
-0.7008691955939333,0.12809136405931118
-0.7538370798339761,0.14939977387842684
-0.7321612456704388,0.04600602027232537
-0.7616924064712108,0.08229802723154726
-0.737287819320655,0.1287870016995698
-0.7083717663868561,0.08704130808966824
-0.8148490313009585,0.07825221517237854
-0.7126837757072311,0.03506854491470098
-0.7270330435230803,0.01661180255291227
-0.7114993501835587,0.08216775054040959
-0.749497829934249,0.10562960332638355
-0.7467414676130486,0.03198505813411682
-0.8060939951314813,0.1347044234361854
-0.8171740327283544,0.06334983744521332
-0.631978655148629,0.20825407610205385
-0.7307338700982808,0.05663437508907706
-0.6940659028199309,0.16571884004106055
-0.740029815491378,0.15227813795968664
-0.6618898162268806,0.1562700270918612
-0.7242150322585281,0.16728517589426528
-0.7565463983348811,0.18234055437167163
-0.6914345729331828,0.13093012708935473
-0.7054852932952987,0.1088481017638669
-0.7405230847817488,0.051385855368781194
-0.739815890118231,0.19092058003802473
-0.7976490194839972,0.1383166066284529
-0.6603254909058376,0.16944853534702792
-0.7663011321310561,0.1652837045588715
-0.6832570359263213,0.13411274093681247
-0.7065237634278088,0.09833033242421375
-0.6603819850839224,0.1758023052764567
-0.7176955994673228,0.04569000676391438
-0.7026010327452228,0.12167694753303843
-0.7721154246662856,0.04537655032953697
-0.7930469352061282,0.11124444844534917
-0.745163851578126,0.03896963346556073
-0.6730859220366833,0.20640337169691936
-0.7830360813430964,0.08856178040516682
-0.7333391136266469,0.17008058910240867
-0.7862366403265524,0.1150846521239054
-0.8278026934040685,0.04928615143948844
-0.8073313040356009,0.06465182283411834
-0.7947033007527626,0.1052002212002268
-0.6966508092774876,0.12502320252502735
-0.7008127682822562,0.1182925013375409
-0.6516530424127034,0.13647918327829667
-0.684496781237259,0.18926351136245403
-0.7139735894730873,0.14100444354446756
-0.7809672412675241,0.16456896687593411
-0.7021660234577592,0.11696194653359913
-0.8318678864610558,0.012537139515851684
-0.7366104037460024,0.15402119214851603
-0.6793524335931843,0.15485379370551655
-0.816297262169813,0.08124720612748193
-0.7300999070347498,0.11848472361174105
-0.6327223661325342,0.1838622095930355
-0.7656509518669379,0.15297596909352015
-0.7033229356362231,0.09232793602688678
-0.7957849791615839,0.04917859320957354
-0.6897029873019861,0.05839919976343301
-0.819735971224036,0.0869793721015639
-0.8297165415875344,0.0286364339564136
-0.6667139952842203,0.13591611816750962
-0.6366662881924791,0.1485212910162552
-0.7084038291308684,0.14554443202681214
-0.7399420194869522,0.08599140316792223
-0.7288217016787202,0.15656958400988696
-0.6527970248153233,0.0557412495596527
-0.7547206402703752,0.07070685819343407
-0.6414106043308273,0.13240605530889346
-0.7570401690313686,0.1364339280848021
-0.7764288226830786,0.08147268155890947
-0.6618770745493782,0.16743226864305863
-0.6576695109579461,0.17894289267770086
-0.7623925875886436,0.04216638970596566
-0.7063517281334126,0.0782803059854324
-0.7373690627009868,0.10025009178427392
-0.7068357883569789,0.03167569017792832
-0.6880954197436765,0.0920876723118834
-0.735124561162104,0.08567778968442363
-0.7470144274337294,0.09478233164306397
-0.7441485806150251,0.15725400643939852
-0.8104731651206732,0.07720703670111197
-0.7176175793053351,0.10343043024011522
-0.6479836094305311,0.16232044866980883
-0.7398838077665763,0.11405854626551638
-0.7259236859637743,0.08195429132895726
-0.711990050505911,0.17526465301634528
-0.7675617707201924,0.11229683390066868
-0.6940622322448255,0.077990901671386
-0.7459049843596364,0.16212882144623597
-0.7869643064148556,0.12639919377592765
-0.6867642767064576,0.09594268835130305
-0.719504694118704,0.040888584758098125
-0.7157394394657155,0.10748678278938673
-0.8206348577797496,0.09288101986626479
-0.7266232840417143,0.07557196079041588
-0.7325674831547578,0.029190645836811777
-0.6921069736625501,0.08184946157538242
-0.7546920695938317,0.06776972810381701
-0.711827648285625,0.1262158170056859
-0.6822051297367013,0.12763146290673738
-0.7479293711514637,0.1249954524180501
-0.7461285136080322,0.15332977015801844
-0.6638767188842786,0.18349663723472132
-0.658966549715419,0.09464273289514441
-0.7600209546752184,0.12887087621328783
-0.7335725961141234,0.07974724673868885
-0.6841863415743455,0.13518026275052897
-0.6820288429729756,0.07417387835028517
-0.704613059467812,0.07635654474395626
-0.6612924601450534,0.14412468811710047
-0.7441088418064659,0.05266375120841362
-0.7356650941381571,0.12070493585604046
-0.8280636108335651,0.06295305388466027
-0.7621345916372428,0.08850664237726076
-0.6566433919466961,0.10264916601350794
-0.7345265142169942,0.07826390988605089
-0.7843605546830714,0.04771429966145761
-0.6565999733318704,0.12815432594964218
-0.724202293853196,0.20349882837205097
-0.6496757440815792,0.05964083544324246
-0.7608039485227222,-0.03810673695522973
-0.7951567141223652,0.07021079496036599
-0.6643896632487116,0.18140659799942901
-0.6471224739562303,0.1416104910886721
-0.7338921583895838,0.11056418405848611
-0.6516411456527882,0.10867965601610195
-0.6854246940246245,0.036218301813894405
-0.6845698559576239,0.14331629785649455
-0.6550749300341804,0.1478092158931407
-0.735508307182055,0.06618863736983621
-0.661545350585321,0.13274112791987394
-0.6744252182299532,0.0666668189065437
-0.6872941542701356,0.05133553867311859
-0.6789299927185481,0.07066895510061516
-0.7445977380377867,0.14169815177781692
-0.6946373490538292,0.12726788609225234
-0.6226487192394325,0.16533642576960825
-0.665826179580004,0.1803929200059938
-0.7029502078808644,0.19626560007484634
-0.6897178493723767,0.20466596365557815
-0.7583459930639519,0.11850630184611573
-0.7778000034893564,0.04110548678621346
-0.7772555774265946,0.05366968591958467
-0.7437411841818603,0.12228835031694557
-0.6873541072463738,0.11723453432192796
-0.7725050465361689,0.044809901494597265
-0.6711047800132064,0.12015561222886054
-0.7177265126482618,0.14712007925985923
-0.702766161393157,0.10647495217527153
-0.6771971076731388,0.21375151236729736
-0.8209125922753048,0.023259424334034075
-0.8187905037999432,0.057179654776080446
-0.6289343139948453,0.17286703292434447
-0.6971234638844993,0.08902904322304185
-0.6507807084325583,0.06399830224124567
-0.7655000136642873,0.10216963280322053
-0.662926684933969,0.1313802340806478
-0.746104796800571,0.12263856100987058
-0.6410461238920792,0.1332405503242362
-0.7191317146735925,0.12386187406295561
-0.7670617162698687,0.1396442025403042
-0.757118811511828,0.13473008179047016
-0.6502326892177461,0.09003471547893398
-0.7072018294917026,0.059415931436610704
-0.697121248571292,0.08538946822762516
-0.7144057804890989,0.08641176177499495
-0.7486820290615436,0.11402587833842243
-0.7728806113998185,0.11010916525559145
-0.615987579808526,0.1349894186332947
-0.7882703386232107,0.04179731406709101
-0.8137878677185778,0.07964455956969652
-0.7397715743117834,0.13370902144701696
-0.7162118473237781,0.06055233671751334
-0.785065389576353,0.006673394801757159
-0.7734186618732362,0.14865491460539815
-0.7399794094907183,0.10869703097406362
-0.810431816169609,0.09972628293586307
-0.7087041178805562,0.023318390821032434
-0.6632642531082917,0.14069314540698485
-0.8353175774031352,0.027531357624236807
-0.6931569246507548,0.1946552363788107
-0.7490151424912397,0.12863366576471438
-0.7285112829942638,0.12548083231804674
-0.6725380248469339,0.12172091378870827
-0.7899877154487942,0.11862506427297337
-0.7741754862887861,0.03686216691437251
-0.7730882434699461,0.13596432710566833
-0.713943852617897,0.10948527490070013
-0.7541341088407266,0.015677685217962978
-0.8185399128516287,0.008618195766260724
-0.7871445802127226,0.0660952744082795
-0.7547159406263708,0.08662623790820616
-0.6584652806260387,0.1009553338826778
-0.6742005159232805,0.059209706066172034
-0.6770868375085203,0.15327438113559516
-0.7497927165272306,0.1373564861899687
-0.7427460668462933,0.09196005811204741
-0.6764830021058369,0.0539926933863491
-0.7079547761576637,0.05923565381541287
-0.6811585273967923,0.15133534046872174
-0.7347535576754805,0.19393889491803692
-0.6688602184105777,0.19298210132075966
-0.7188293112782147,0.08595515495248561
-0.6566748007524856,0.15335016799906698
-0.6878604301558054,0.19088901300353547
-0.7255715618944777,0.1633893277847178
-0.6349438706184962,0.19585500124424385
-0.7420969588609339,0.19385545806448226
-0.764539265982999,-0.012240399006702877
-0.6994243901113119,0.18845827962510414
-0.7333750556774165,0.16579091329990533
-0.7601081476452404,0.12492341363567265
-0.7637222967434177,0.15970092148700318
-0.6298852021427856,0.17766277834048888
-0.7045215650384812,0.09502080713925506
-0.7028424329394376,0.13862211062279836
-0.7416977306914241,0.12598745209560477
-0.7397840172433952,0.17138237122139874
-0.7196467634997381,0.11797225645404312
-0.6386750215150327,0.11331028892064136
-0.6535555514769777,0.18894193976765855
-0.7097873352820014,0.14088010234159853
-0.7402422152501339,0.10184791699091592
-0.7637201996936853,0.1400776222657541
-0.8267741383599453,-0.0024287143622023326
-0.6749954724482563,0.15908042939353687
-0.7287300534435178,0.06102509420378212
-0.7184772153994711,0.09703953954414872
-0.7355746883125966,0.09999934485708879
-0.6900726759001863,0.12550233575047207
-0.7162237675591697,0.11223341613820936
-0.6523344032287473,0.12977882475583444
-0.7793130033921072,0.025170439303515584
-0.7274398718770866,0.07933140167116733
-0.7826157619891492,0.07782946387444153
-0.8195080130092917,0.1024400851616463
-0.6985227639128438,0.15882991267973193
-0.7345924839874296,0.13005498022921688
-0.7640139696815716,0.07310711594553236
-0.7959250175953815,0.04339823611816889
-0.6822150016204865,0.1827232819079154
-0.665174325114566,0.1933907314015277
-0.7175023557705038,0.09805407433360734
-0.6820298270988382,0.13006987296810923
-0.7279568541546793,0.09910899670429925
-0.7240021528350682,0.12582853520426898
-0.6994331401747256,0.10379152197233531
-0.6970862423647803,0.1473175601371047
-0.7094367052190443,0.040247978559856935
-0.7722171348999027,0.09056531390536865
-0.7497113863226126,0.056617097913222864
-0.7354050332843507,0.1478335841286573
-0.6833372470349031,0.15020703872790703
-0.6759121279752652,0.10355178940734318
-0.721245377351716,0.12399605160570513
-0.6903402982878577,0.10015430706737556
-0.6920505570334845,0.04349564900449616
-0.6733013662197177,0.12776822567220741
-0.7977636850309587,0.0906181495605602
-0.6934291261392185,0.044464204054368545
-0.7327262169857847,0.15345930768167415
-0.6531750223272441,0.10564675737410602
-0.6574895854755173,0.15094776377051963
-0.7828768782321001,-0.011470669920190362
-0.6734647340101568,0.1079043060039394
-0.7692766587773008,0.14283230439767144
-0.6846131412855609,0.12565494410764166
-0.7149061739218313,0.15760486625201262
-0.6268693589386385,0.11900978051135638
-0.7112981741192671,0.17512651694492865
-0.77406131959132,0.05180893044194903
-0.7198063071840626,0.08478240558617937
-0.7183583663998984,0.08839025418783264
-0.7375774707368005,0.14791614353301055
-0.7374057946339908,0.10154706256076877
-0.698555566436304,0.16272362358619452
-0.6817818533976309,0.06646468113968121
-0.7227333868934324,0.07205400362671607
-0.6576106288045379,0.10413771224750308
-0.7577824256740858,0.12065312497822003
-0.7085929640270909,0.05415130490521134
-0.6633186848441648,0.09297225172501047
-0.7078256787728333,0.05275688233779217
-0.6728747733886269,0.19577617742676806
-0.7414101362534292,0.07432046938121668
-0.7615982438462433,-0.02149017456951879
-0.6505312789011903,0.12493024096034931
-0.7149512135665672,0.12547943519074345
-0.749289414652474,0.044990442834285146
-0.751148282066932,0.09962783379100158
-0.7117058652638226,0.1624693625757785
-0.7328021620817577,0.1138668528889952
-0.6827189061791545,0.10440055125062765
-0.7115848739644447,0.1789560772351573
-0.677104559088474,0.05591285976745572
-0.7629403501279084,0.019569088204104877
-0.6698551829554125,0.07228096006669335
-0.7837559141477416,0.06442362396340466
-0.745318919910674,0.10405764306233935
-0.6274988134084731,0.18769911865164138
-0.7266223263350071,0.08293575002534011
-0.7561831086755006,0.193003173169747
-0.8087811688935934,0.06190503825519255
-0.6437116180159099,0.1305503767284165
-0.7619950567552249,0.1244034451130049
-0.7554302079059935,0.08126576556110743
-0.6667341080237783,0.1112067000980677
-0.666834467153508,0.10917917339654011
-0.7070581863433602,0.0649075823363123
-0.7660150496268879,0.037438031224737524
-0.6986212111013463,0.09523912892175473
-0.7512641144350823,0.07268733815255181
-0.7036304044298252,0.1205490608010025
-0.7400963506150582,0.10106410963502577
-0.746704795404857,0.03697054697866176
-0.7594712552499543,0.041092190671670976
-0.7757904968229636,0.1418499737453903
-0.7372451099247894,0.17951717493329855
-0.750579598885317,0.1629551216154614
-0.6663952789496351,0.13291557043159383
-0.6837731488146502,0.12875530755351097
-0.675036034995097,0.126134038520025
-0.801091920215998,0.08991273859526693
-0.7068304741972153,0.17278499770208533
-0.7511944633048195,0.08240582778833067
-0.6878040453148573,0.08743025722287538
-0.7024463978037853,0.15034775118478164
-0.7566411703135325,0.06127097876817194
-0.7630886631009818,0.11597358984290952
-0.7740357560999179,0.1511986481612382
-0.769250644671108,0.10502660223871789
-0.730808851781638,0.14612237278630333
-0.6724672039028082,0.1410104313353458
-0.8312291525263152,0.047554986578533194
-0.7840876962143096,0.07395193187373936
-0.7204215340741025,0.07727554929587561
-0.7393221383984616,0.1216854614646457
-0.6456526888640883,0.13278024555370196
-0.7284470358806463,0.1602542337972453
-0.7342415907170938,0.07804603272624708
-0.7381817633435916,0.006397749355357745
-0.7084362830153891,0.10783273986019565
-0.6840977521153321,0.09924167761588193
-0.7575248080806162,0.11334851882972234
-0.6582902547893713,0.17010577961727813
-0.765355160780191,0.0688974744388465
-0.6111814503192958,0.174193058061032
-0.721019874043804,0.10965215009933817
-0.6597396212674163,0.17124148020542676
-0.7479800268672476,0.055817876035118695
-0.7056251279890998,0.01453482596790019
-0.628614399316815,0.19586200010768798
-0.7758374934872024,0.051370800823331245
-0.7826044872398475,0.023701851028355852
-0.7509614943029386,0.11227950313238996
-0.6251904118164128,0.11612893429269018
-0.7693817226697776,0.124617739370236
-0.6426733764938551,0.13946453173587908
-0.7741276346197505,0.10135740023823724
-0.7690198318070238,0.09031298965640626
-0.6816296521310345,0.14787817421266553
-0.6662409435901774,0.17227077472159505
-0.7028611773203116,0.17629933681419246
-0.7855583746351144,0.10449764950681277
-0.7170579838915566,0.0950150469585638
-0.6954881411433417,0.17287507877086616
-0.7761994230261853,0.1401824992445223
-0.7547669534319562,0.09625595673095065
-0.7174632887223497,0.05588251947628505
-0.697070023887493,0.11073181813823332
-0.6577334882200321,0.178898811860469
-0.6584922581329765,0.08191855210709438
-0.7874777352587751,0.00932918479393026
-0.7149228726496636,0.1334428879551124
-0.7690021127107702,0.1072737206441882
-0.7048371833831174,0.10120752454524722
-0.7661319813085059,0.16209358432352736
-0.6419058657199814,0.1844921106542494
-0.672807217590575,0.11998687048579462
-0.7054762912822794,0.14264408247454854
-0.627991948858548,0.16743955817376283
-0.8007058028586221,0.10286225721804963
-0.6109660495847716,0.17859060531399343
-0.6762352870784551,0.08916636448219678
-0.793212853326244,0.12957778774678447
-0.700713018736503,0.12754179094608212
-0.6908339901292391,0.12886427405745926
-0.7424119420689306,0.03421491029492475
-0.7592436697777509,0.04848881042717297
-0.6906088097752153,0.17347418078699986
-0.7226318002008717,0.15099274610182406
-0.7418524504761671,0.098850603569338
-0.7274266438557272,0.19816779933851947
-0.6679986104606859,0.06904110521769821
-0.6189141964138823,0.13304152835445673
-0.6940991082996628,0.13518632166425434
-0.7012609363163333,0.051450855722060096
-0.6971950035497306,0.10745964270523459
-0.7155260160106094,0.13363321781114149
-0.7631375452051138,0.07036166622287973
-0.6855949188511504,0.06850133622774908
-0.6873112995399031,0.08368065163455574
-0.7382694097516239,0.08444467299972101
-0.662308572860117,0.1363660830901196
-0.764550629650439,0.015094919769692473
-0.6615147419276046,0.10472329339606522
-0.7480655928958969,0.03499047348643875
-0.7310701034324572,0.19076921202650587
-0.7452517820508655,0.15562982244067375
-0.775213546229896,0.11226731107953741
-0.7825446974365268,0.05122251920738177
-0.6397664377163531,0.10058845703108267
-0.7499406184111154,0.09823574312896603
-0.7417427586607203,-0.002981497651494095
-0.7464913316379699,0.14796165149014737
-0.7128318990155813,0.12740830510180168
-0.755815176182263,0.02501752034918138
-0.6633559351980814,0.1605993379616293
-0.6769512450380203,0.05376420186819962
-0.7377198833845989,0.014041447167291195
-0.7497369674705138,0.16922811774516094
-0.6998868484737291,0.10319782498279889
-0.6684335761151445,0.17375535404962225
-0.6933452725924527,0.057639108992470454
-0.635276191276739,0.16813551689545186
-0.7570054592713623,0.08679458407404
-0.6149568717716174,0.17098313095843912
-0.7192157002269101,0.045685369879282144
-0.6350039318227327,0.09300665911549354
-0.6930851136910534,0.03628117207664451
-0.7927761705611419,0.12231065738904982
-0.6695875814831982,0.17242071418036803
-0.7653971045734054,0.002602013142942558
-0.7087056381679443,0.12363671307089683
-0.7363656658884639,0.10693267409008168
-0.7610396419573704,0.011833062106156767
-0.716465476905277,0.14567259978766497
-0.7616109542389516,0.1681005857284476
-0.7225706900010841,0.053107923991497635
-0.632093384773083,0.11995247337956613
-0.7133711172568621,0.13263974435945033
-0.7725892633705617,0.040196610767140935
-0.7690635448293013,0.11280049157545509
-0.7126808021839557,0.16836453242212085
-0.7164864501494679,0.07894976643856655
-0.7042002773270697,0.06892144917370899
-0.7974187513483302,0.010261121125776792
-0.6259467617985673,0.17324031621512004
-0.7758863317467563,0.061380323191235625
-0.749427899765971,0.019070625180983694
-0.7183008446972681,0.11774944132401845
-0.7446080579238306,0.09762996231377258
-0.6384174767413437,0.14512363126030187
-0.7196417097635214,0.1609185030295707
-0.67124911909952,0.11826998414871939
-0.6747337166899641,0.142751220240257
-0.7777507640797475,0.16570761921602123
-0.7663341111665563,0.09250362559372802
-0.7061206822223753,0.1780548797311061
-0.7209369202931268,0.09321453848653921
-0.7581622663068681,0.11128809022681688
-0.7093914952922558,0.10936155795054685
-0.77081184759999,0.09792440489673257
-0.7432126453771984,0.12481392046292045
-0.7335399043957704,0.11795519025214758
-0.7624633704118582,0.12252410081295846
-0.7318697684061707,0.09243126172349968
-0.8232411341005467,-0.012450770261799625
-0.6550304160818483,0.10885003294248626
-0.6860523078727018,0.21100906147540335
-0.6896992385312162,0.17177511650396912
-0.6938563396288648,0.10514605125535187
-0.7901199934039572,0.12901649916269395
-0.7066799180832296,0.20530330629025734
-0.6983548046051414,0.16976403424981398
-0.7779342657075703,0.06216404994248986
-0.7843556526875811,-0.005249995975124141
-0.6927438486667571,0.1790001942109383
-0.7103161976438624,0.1390112180285625
-0.7997356693005411,0.08078877515679424
-0.6628510910383579,0.1962431466934218
-0.8099150996527605,0.07912774095641839
-0.770115422646453,0.061877449580197565
-0.7409603812043164,0.1680627539931223
-0.6620167842227032,0.14270298551659516
-0.672655356349886,0.10164198286269512
-0.7883613508392949,0.01526300533810011
-0.621614260439314,0.16004672135932801
-0.7005508431084305,0.10542031542246647
-0.7109734275566827,0.08423728831544663
-0.7674068559545287,0.07827327463232271
-0.6929045174810893,0.1362706508197003
-0.6153006069324791,0.19386796073448423
-0.6827073479782703,0.08560624343646193
-0.6965223085530252,0.15938258887513646
-0.7185399165079704,0.14352586996895186
-0.6420316255077233,0.13200523327831462
-0.7115578221187578,0.14213247915307117
-0.6649903685426505,0.10952438410894229
-0.673124396608487,0.09541260883729118
-0.6222095634586032,0.17135808465806068
-0.7264906649987579,0.025639570435352865
-0.6510290071060476,0.15248917146117502
-0.7066545825080844,0.15387739427365682
-0.6530213261870037,0.17435502661545527
-0.6565245873829242,0.11724614169014604
-0.718974165416212,0.13712164152412035
-0.6967916298033942,0.09409972172923531
-0.6766553872277616,0.06445021537014427
-0.7846837265225038,0.1635428164093496
-0.696098617738461,0.07209961252322863
-0.6807164435258668,0.09469162148439168
-0.7080178166080625,0.0546521435850528
-0.701514051959323,0.06450359459063314
-0.8009148068207027,0.07109147046966299
-0.6642820770098019,0.1414640802913254
-0.6934371636521903,0.08620764646572775
-0.7537455356500516,0.12412846573193342
-0.7367035647862664,0.1722789875533794
-0.7277246556481247,0.14129698552973588
-0.7258771220975122,0.1872749468576329
-0.6354194052760087,0.14628531966200758
-0.7620937597912993,0.14616000082675581
-0.7534807473298646,0.09964978975500922
-0.6877596783731693,0.1689083709988315
-0.7368594464057171,0.11257046576997753
-0.6769411633009851,0.15265740078384826
-0.7122174939279745,0.0918289834291369
-0.6914861920632154,0.0259596057420193
-0.6980457869390356,0.11625189889054992
-0.7671483123560616,0.008173714037327596
-0.7353377332925346,0.08622496863869049
-0.6955553806454182,0.1069915645417208
-0.698187426857111,0.03053035682817199
-0.7796487917825479,0.0793104829413447
-0.7542576858041221,0.005308275063743499
-0.7031853769427954,0.09599812604266228
-0.6868719423164734,0.1920745641420695
-0.6740852495635788,0.04187935876723832
-0.7403943182499915,0.08300204156085382
-0.6835266347294097,0.09555926737300502
-0.7598587212989331,0.12798011822292257
-0.729402324702231,0.04520600973362017
-0.7341035998863147,0.05193442588814982
-0.7006565022758752,0.16974305715525498
-0.7473927061731239,0.05647915622283429
-0.6519359668022665,0.11357431160423401
-0.7362905040000423,0.11953500072433842
-0.6620417411287496,0.11791042373263842
-0.6817203745109175,0.19502302670459115
-0.7771238961247344,0.11928538124888366
-0.7698662734874906,0.06615089382364053
-0.668155570422475,0.15425153616522627
-0.6662919322981498,0.15961505092447734
-0.6963384345865238,0.1804209054838283
-0.7833599755076394,0.08906080328015609
-0.7135765124266311,0.02009437391205336
-0.7476467530270041,0.17004435395249623
-0.7523422405740205,0.07722421769295788
-0.7483644009383007,0.07572715418937906
-0.6710984149235498,0.1311333242881744
-0.7637981037836497,0.09245957206635678
-0.7564106193085778,0.10841568499372245
-0.68353933596746,0.10919146629575217
-0.7761905756082138,0.06250935894961636
-0.760292355920831,0.14474063002054258
-0.7463656040852557,0.0026846240991683485
-0.673923126397678,0.0776687200776633
-0.6535220919517831,0.1288863650183826
-0.6863541576084706,0.14879656098643604
-0.7370835815020822,0.10875069281538084
-0.800257314407817,0.013427344585995243
-0.7479448598748689,0.07409775608525444
-0.6715694884768255,0.1815674480800928
-0.6754085137608169,0.12662759549679
-0.6583697122913552,0.14548003036750098
-0.7026666398203094,0.08040963099006027
-0.7716601317329909,0.16120880651928243
-0.6736151309053873,0.10877902356597771
-0.6196218626140932,0.1270161260349923
-0.7813813952163114,-0.0030401486846667607
-0.7528501942672146,0.022922158718338
-0.7266826732696581,0.10061103040072081
-0.7257006646188292,0.12034292087073462
-0.7483669099300865,0.10737175753101211
-0.7771069291810655,0.09458779468332537
-0.691674014085682,0.07564864124233986
-0.8248980458655945,0.023060958250434378
-0.7607525422833232,0.08587967234480168
-0.715639699908527,0.06399231139244367
-0.7858894441473913,-0.0032788000081968895
-0.6969301211516398,0.08526405594830609
-0.6474681628116878,0.1286606382644485
-0.6493807475263711,0.16612024075372706
-0.7467572552999382,0.05903602899591835
-0.7064998798334222,0.08680457267303436
-0.6695951811621232,0.10379603878457996
-0.7406132815884575,0.07752526743889677
-0.8108583196314465,0.10836536914581214
-0.7141447753618864,0.09989001413257846
-0.679922191399921,0.13984344208130045
-0.8137701190758828,0.05333572793038266
-0.7184476551813861,0.12502494091854882
-0.7268257370525015,0.14688946534639705
-0.717296119597879,0.0760898443292779
-0.804676595767243,0.1240484737996858
-0.6999583106867456,0.1474495265915635
-0.7314963975404399,0.0869257888471406
-0.7704684948474865,0.011212295016726534
-0.7487266814647959,0.07707157241365414
-0.6830454947226631,0.11955968833306539
-0.7073358063902848,0.1175611345411474
-0.7014130550544568,0.1388076358664261
-0.7703590883154454,0.052737673342305384
-0.687924963809724,0.15246767675550504
-0.797057835599128,0.023045064590832377
-0.7103309252766997,0.11855835368267965
-0.7475530368768326,0.06849154127537135
-0.7823865142331862,0.11292739016052468
-0.7202280026300141,0.09059314074269986
-0.6589517743924691,0.08644420038859478
-0.64069359696709,0.13335969593276328
-0.6555283089731773,0.11738721979562455
-0.7084078641734496,0.08417481756542079
-0.7121287426649824,0.026285162869899605
-0.7475118226703698,0.08730233847310931
-0.6904912061119629,0.13960975613526466
-0.6999412131684956,0.07065740861383082
-0.76480724772856,0.12388956855168871
-0.7368467263293381,0.033007350822982694
-0.7183035471642161,0.04276832086389182
-0.6616941178079084,0.1259910254634009
-0.7363291347315987,0.14263459040145446
-0.7106305755757101,0.05118467516603829
-0.7024854360239219,0.02997041415206646
-0.7202680786473584,0.13856341576000322
-0.734622180496647,0.1260792591006168
-0.7943975054932545,0.05313770666533554
-0.763618443874811,0.03789952279232874
-0.7257592945407884,0.15073877668485705
-0.6469765938809594,0.18798167550624653
-0.7360646627409734,0.06325502627573933
-0.7133703559984936,0.043068275759817615
-0.7721327547546613,0.0584332382177915
-0.6614975121404975,0.20835095362718273
-0.6826400527950277,0.16216597122511706
-0.7389627477700224,0.0811778561292819
-0.7612475370590549,0.09236599043175076
-0.7578430544555687,0.0050550125605558155
-0.7629569063259908,0.13354353573625305
-0.7359116463686562,0.0966735768609853
-0.755547021997233,0.01664551613500876
-0.6618136082583161,0.154507863335581
-0.7520835271529145,0.1283792099718161
-0.7156505537404794,0.08268025566879274
-0.7762904400683596,0.037440842316938346
-0.7088640438862328,0.15474326075156328
-0.6355230910404432,0.1599737526251328
-0.6896230871688799,0.08190984467850229
-0.6878587841234483,0.13220394090333495
-0.713326232420987,0.1750275639424962
-0.6846765546213861,0.18151828593641242
-0.7246471492431971,0.00856196531344287
-0.7467016328237874,0.08900656933694233
-0.6799305511409542,0.13129034231719858
-0.6966911392457529,0.13674968884228464
-0.6869458356691116,0.13475127374836304
-0.6779199132913895,0.11882453858055342
-0.7337472871776731,-0.011003779717536568
-0.662590225259491,0.1653907779162818
-0.6534502261281828,0.18636571484531955
-0.7728054521913075,0.02289950005163975
-0.7127754581411433,0.10711075377997822
-0.8033276602964176,0.07510411190788983
-0.7414888873775987,0.064351551988956
-0.7929628836470431,0.07469409963041052
-0.8064646041777054,-0.01840795547857122
-0.7673947784084071,0.041388638070006624
-0.7967380656702046,0.05926186295000474
-0.6582304960036334,0.1292135631762411
-0.780099990100266,0.04676693492956584
-0.6882021975881891,0.147532844025035
-0.7628118758363377,0.10128415846015149
-0.8354606557347722,0.04312006245037275
-0.6792802357771747,0.12710202849931668
-0.6985591359354731,0.14813079295854134
-0.7359593706692632,0.1311480823865897
-0.6760644226709698,0.1898090526978001
-0.7880657961929696,0.04858482831237865
-0.6920081528577291,0.07937972264034757
-0.7024801806160914,0.14694674261370733
-0.7205185323794775,0.09078425755782109
-0.7569394618914695,0.1250241006360396
-0.7636734447892796,0.08631441678445605
-0.7946041049291271,0.05189268569473196
-0.6876020201538143,0.13094690409023074
-0.7080927702945222,0.13547804114691014
-0.7043846930282285,0.14487502975614638
-0.7747776084193505,0.15730027161182963
-0.6387948008816788,0.16360128570970908
-0.7855133583526479,0.1484317202899425
-0.706156274458507,0.14605160444527207
-0.7442647744538956,0.09131894674120627
-0.7379444492975848,0.15082463446772892
-0.7541601666249469,0.06976832060946246
-0.7612788619864359,0.041063811538486775
-0.7283421513403078,0.052520802980927
-0.7050579219768793,0.08607855206092757
-0.7344186422490204,0.11043874113306375
-0.716581659386439,0.021610604684477553
-0.686564207173719,0.04350281003460917
-0.6695871123619824,0.16398055661251373
-0.7803719677892221,0.13090172786978477
-0.6843660435630965,0.06240227941071889
-0.6797597364604291,0.124253492311893
-0.6655849135275252,0.16364469383297314
-0.7720499664858271,0.07033114893125285
-0.7032469513174525,0.1612997032934492
-0.7136913328912126,0.09444265427605814
-0.7498727807648299,0.02329635895462636
-0.773672843795706,0.06431721287649902
-0.7446504163978747,0.06779075654694622
-0.787578446177131,0.04524198549563634
-0.6970373298307528,0.13755096567068287
-0.6249908887969765,0.13186574771419576
-0.7128138755729991,0.06714389642094198
-0.6760700065011787,0.1576075628423466
-0.8408203012428622,0.04894338452316284
-0.7383544689920476,0.10267141515200934
-0.7790775489308838,0.0497624883615413
-0.7975403128832255,0.1263941432430664
-0.7146393839432552,0.045202943996850174
-0.7532713685992724,0.07655754563889461
-0.7033182087602081,0.12205829137240937
-0.7468235908031635,0.06705126272672755
-0.8018699815198811,0.05155532924881051
-0.6666476889585008,0.1364650377717971
-0.7527804249805453,0.04526162050597629
-0.6972789668560059,0.13758954732165798
-0.7153352226302852,0.12909601657766603
-0.6879360447876179,0.16016176146940303
-0.6583319925356337,0.1828220451964294
-0.7336530463093852,0.0913590042952097
-0.7290473556066409,0.1839778406089419
-0.7699995088305971,0.11554081139194695
-0.6863409263328619,0.08882890322522324
-0.7092552303408035,0.15135294635462945
-0.7724281644173121,0.07753369676832741
-0.629411232762167,0.1912223256252896
-0.7647716646819517,0.06692820617447136
-0.7199632084487446,0.08684429694842997
-0.7329036689953433,0.01878164563972608
-0.7298003508579811,0.13927115491234587
-0.7642846874760207,0.04356604267086269
-0.6652100007645478,0.1366099393125613
-0.694004774468634,0.1597221626043201
-0.7863858659198538,0.09045127219686076
-0.7048536737409561,0.12118556065249327
-0.7515161045418369,0.10537974019759411
-0.7250771964824281,0.12185700452103583
-0.702335615045744,0.06851025685636114
-0.8265591983570197,0.05025809164996982
-0.7855218850446114,0.05773468545131392
-0.738502467677867,0.049059720211781545
-0.7105685309848332,0.14616796389891662
-0.679126903602757,0.08864280468979595
-0.7619245871677505,0.14763545909795991
-0.7752608815832389,0.04719381843677898
-0.7019808447117959,0.1022140653782753
-0.6684426427000869,0.07925975310436668
-0.6892707532789119,0.12799419293007638
-0.6933357408872118,0.17545360711139688
-0.6764080915553352,0.06003211176393749
-0.7551817914039278,0.12248456503318464
-0.6885634499820998,0.14401397264701396
-0.6965501462084601,0.12605338817015257
-0.7065324790997545,0.1682122895458193
-0.7481097280823092,0.1677656976637515
-0.7441200900542436,0.10028715936202058
-0.6909445242302783,0.10653136667678605
-0.7366353472870218,0.07211650663582199
-0.6968614918618321,0.1980932943264846
-0.6333895545987677,0.1493030813069049
-0.6926924350780297,0.1168218414467638
-0.7837780540043588,0.021946294371078735
-0.6921679782845588,0.10313195042207494
-0.718674582242895,0.15656039778573524
-0.6563135214295076,0.10842299792786002
-0.6870815653412674,0.08536542015692815
-0.6705101195103583,0.1189598819860309
-0.6597647212067758,0.14653878811257712
-0.6759734058781145,0.11300245523321634
-0.7754516328844439,0.08302645414823613
-0.6456890439864434,0.14814996888594126
-0.6846226838171227,0.1009424649446498
-0.7116662232660301,0.09727447071015559
-0.6766760831599297,0.16045561708121875
-0.6570353124018395,0.11659000591616189
-0.7802611944260445,0.012446061039019024
-0.7029338713635881,0.15638471579956395
-0.7772914140834527,0.09888383088246366
-0.7022230981355913,0.12384686555270293
-0.7061917407912843,0.1952828217088755
-0.7006194998013164,0.1362691258685563
-0.7610766216883187,0.09534407183665662
-0.7628639196004253,-0.015172683628265422
-0.6298128342698384,0.20726382778344413
-0.737716695977315,0.12534291803943623
-0.8248035407040015,0.08217634894016265
-0.7745777667284199,0.06642735785762481
-0.7305745097850534,0.057793791894379797
-0.7226249621479515,0.16046255745310786
-0.6573246000355114,0.19054803774757786
-0.7747695744350067,0.16009330264290403
-0.7054470378847656,0.13088998718308797
-0.6366052676666225,0.16901775193538152
-0.789470829773101,0.1100350098199733
-0.7801161007016062,0.10511794502914458
-0.742864733467688,0.19005324230651444
-0.7485351986849693,0.12174032416483074
-0.7192425811307376,0.13287889962818608
-0.7276682720048655,0.02615387382652491
-0.7598390515054463,0.1088680734469083
-0.6562724970859447,0.17603357939430087
-0.7165347172930929,0.17073540674541712
-0.7763190473404606,0.05751556701150634
-0.6519225588328994,0.09138579484825124
-0.6872335127227392,0.12085486142395159
-0.7096869512628312,0.06242279069423037
-0.7297292646866766,0.11185457643918899
-0.7041363864654316,0.05989003842177257
-0.7585920143688947,0.0890743877454002
-0.6791639368169902,0.15955337098724173
-0.7698273401860298,0.15333481893415676
-0.7332215046523402,0.03583042736259143
-0.7711447728659246,0.11068150355193952
-0.6798777643079281,0.12600655137498418
-0.6683275899732335,0.1769804930591709
-0.6879596532710747,0.07879391825132064
-0.6891011973642963,0.06437655420089655
-0.6883645111929338,0.07022989575401047
-0.7845105314026767,0.08638197080118065
-0.75817766511348,0.03584985682924924
-0.7235249609990142,0.11939191379831354
-0.7437914417237892,0.02277357030493343
-0.7476696278178637,0.11393506035497125
-0.8000770855085586,0.045042901302950744
-0.692804533623605,0.15322052466678346
-0.6940275116917553,0.12228536867838789
-0.719618949132531,0.12182656464319157
-0.6984647995125729,0.07107761313690597
-0.7717243485911985,0.08692403592577014
-0.7244384501164359,0.027204947828262153
-0.7859547351660288,0.1602580694268832
-0.7987555680832606,0.06766977721785446
-0.7516636814048495,0.06491762301818178
-0.7578770163101758,0.09913689213805382
-0.7050154452185871,0.13394154829780663
-0.6768965058388294,0.16555145313673708
-0.6512378696931184,0.16880527009642213
-0.6369687959260198,0.183399127929323
-0.7485023944887468,0.007677586290836232
-0.7054662749813844,0.13606746494340735
-0.6472849167240503,0.15399123974935705
-0.7532655984614757,0.02721956378990493
-0.6675329141210908,0.16174754173624492
-0.6745390224730554,0.12552562569867678
-0.7869184830155038,0.12960828185741113
-0.7062977743304453,0.1266065673151006
-0.6819100805023856,0.10928415696870629
-0.7364640035147567,0.1142125945758378
-0.710631943362322,0.1850093877059533
-0.6765664835018278,0.1573069574582539
-0.7467262725403627,0.09594011705822236
-0.7727979190387764,0.09637562783255019
-0.7523796625301001,0.06377066408678765
-0.6399983219052727,0.16584133921152433
-0.725830257027355,0.09022673540932673
-0.7862235093616646,0.07989089314624724
-0.6472406307762626,0.08604295384204147
-0.739870237903257,0.10919880303643983
-0.6454156583052102,0.1761124064812503
-0.7977999084558225,0.02132512230304802
-0.780522028593829,0.014740518931182502
-0.7493410495970002,0.0969950697758979
-0.694258798998059,0.15091956196096823
-0.6933483779413979,0.0904778228474789
-0.7694147665246539,0.07075557004554833
-0.724280258355304,0.1190187285247159
-0.7242577173504771,0.1454264187512962
-0.7196079796266655,0.16378986569016687
-0.7222356668938698,0.12564441379768437
-0.6978561827405654,0.12859361149991308
-0.7260873990971398,0.13097294566067794
-0.6834415340852521,0.1232315175612636
-0.6455626436313212,0.18308077963328342
-0.7476942799974615,0.10622926020403758
-0.7093636685781405,0.054516279135953
-0.7091506642575091,0.05395965308360973
-0.6872502100977653,0.12007244175619929
-0.7685313018387729,0.046188989632896145
-0.6850827462144735,0.12234045130887282
-0.6549538214978856,0.12814113567758875
-0.7293473899247748,0.09394496419818485
-0.6720285867106659,0.1088144357588439
-0.6671226125444745,0.11470953886470077
-0.7069499916607417,0.0958213892903707
-0.6579961512046391,0.2106544668633712
-0.7756393116025891,0.0015099678177472181
-0.7621558448950295,0.15166012043623478
-0.771301799121253,0.10402617420388145
-0.6749737437400843,0.18606722138165657
-0.643104298367344,0.12613279981085368
-0.7194401693281368,0.11675190006176532
-0.6904503096758732,0.08440218497232897
-0.7081736233798661,0.12465850785031729
-0.6945921186470714,0.05134886384460008
-0.706966458859764,0.11226895565653705
-0.7746981507053553,0.13481413752548685
-0.723302800346671,0.12581141591292455
-0.7181017992365156,0.19524786233176994
-0.6747575608210754,0.078576302361397
-0.7020448076545251,0.19149403841583354
-0.7107894801949958,0.16142313378773532
-0.7101543453494189,0.0672370795986147
-0.7846421606871984,0.08786397002268113
-0.7289728185815703,0.07702085621733239
-0.6994162222974123,0.05300012551414509
-0.6537399379015004,0.18341216864308532
-0.7286057969746796,0.12355807664111405
-0.7301727245938049,0.12523160976955644
-0.7128726030724135,0.10228756158192805
-0.7066307256002338,0.0985717466084746
-0.7387956944287155,0.15762635070141856
-0.6883416737047846,0.16633679817304198
-0.7425688356875885,0.09404910674847207
-0.701929307398381,0.1446657445150391
-0.8031893052723982,0.08639034963716027
-0.713911690531343,0.14151377444066593
-0.7422607423313303,0.07401756066296455
-0.674999608305863,0.17781673554614735
-0.718843589007121,0.19409396682256908
-0.6309449610255049,0.12933386048079967
-0.7669009955970315,0.09383562004845646
-0.7818995744926512,0.0712439453080558
-0.7363971893226344,0.08375026009869359
-0.6835099280261311,0.12873320681161737
-0.6399736356321013,0.1001995169280119
-0.7510498302756217,0.1015565420641286
-0.6613060584360484,0.17574261070731098
-0.7160777345424435,0.18876628752442215
-0.7137735788005952,0.14358803384065516
-0.7071737725446465,0.05434541096891886
-0.6954330933810009,0.18103236799822267
-0.6594669758728369,0.1314381426555541
-0.7362873287997025,0.11670269392606726
-0.7150460027994591,0.09304906032806724
-0.7026258933222538,0.1464949100821381
-0.6885657826511107,0.1406602583778083
-0.764564547293363,0.1202483552805369
-0.690949402718457,0.13884118452208324
-0.6829066884299556,0.09344483457343841
-0.703665028174269,0.1150549312856597
-0.6882370400988758,0.18454390154016934
-0.6295361716913677,0.176062557401771
-0.7484149087851226,0.15969399162373427
-0.6415095716435376,0.18555512253890388
-0.6921368833809629,0.12824489477382975
-0.7779734530535299,0.07761231639302817
-0.731906175261887,0.05441463423844397
-0.6880609617077993,0.10345006728822047
-0.7141573264150863,0.09502795231302069
-0.6637908497907753,0.15642912299051637
-0.8267965766729929,0.08110145717078861
-0.7686338346585266,0.16207276646394153
-0.6944927598354689,0.03661062370892284
-0.7834559950706834,0.07448083220551745
-0.6734925761781855,0.14419615702758812
-0.7019574965875769,0.03868303932021765
-0.6814991070209057,0.14721289800746784
-0.7386533518698449,0.09834429063101054
-0.7200394936764297,0.08716429705679381
-0.6204267220841037,0.15153012268212399
-0.7268269217149714,0.07086401516626985
-0.7728169505388217,0.043057576338991384
-0.6262041874808756,0.15612413142152085
-0.7018550049541321,0.04007422927657053
-0.6273488087135415,0.1837223874707673
-0.7281398069616204,0.08213441562511747
-0.7284414351612549,0.1859398627920176
-0.6818243735005903,0.16115785150507742
-0.7324827251028434,0.12310195845402329
-0.6816332387318883,0.0848815739234459
-0.7415723597890175,0.1738070038670178
-0.7526723906811157,0.0971090954621482
-0.7389206992990999,0.15539848274777773
-0.7524825879968732,0.06374796837427568
-0.6958226597255409,0.13389626025262627
-0.7056108839085576,0.06397012936384384
-0.6474267023492575,0.11004798207498052
-0.8278154396238026,0.08388591225365453
-0.6717823989392842,0.09655127320729431
-0.6497320681335258,0.13156452225090562
-0.6556285872452136,0.2109750801763281
-0.6477195610740354,0.12948063362975193
-0.6706753179747449,0.160151178744105
-0.7277930879830818,0.03397460246154156
-0.7224758586391711,0.16996965763448507
-0.8096933577073042,0.10666029164831743
-0.7476648543675996,0.08619384819628122
-0.7503964112008907,0.08061910435035902
-0.647363391991467,0.15253346481419877
-0.695470131199902,0.10048125789385132
-0.743601955019963,0.03588137587018854
-0.7154186223738704,0.022037585660975384
-0.7567430249626579,0.06427443469027144
-0.7620917182261314,0.02556904073334312
-0.8281682228352124,0.038097735930948624
-0.7247997001199261,0.03510682081637774
-0.7302812556120711,0.1112056176416381
-0.696498448163155,0.1587846694416961
-0.7325734837238309,0.11527033938586573
-0.7496078941420392,0.09105885441920589
-0.8185671102447228,-0.0022488907526446045
-0.667938272342337,0.2151602163251246
-0.730999445561484,0.0780494155764937
-0.7784100419237793,0.08293044422574003
-0.6740615818212026,0.12172978169021657
-0.7559649123115313,0.13169595800489045
-0.7699849303458071,0.05579707054473167
-0.6633712824293575,0.11377321180278141
-0.7539054727765503,0.05949996341170434
-0.6481775416729963,0.1246002342739253
-0.7895082106805138,0.06666855407124887
-0.7062277204107289,0.10556881267043554
-0.8016962299881604,-0.01209225587482188
-0.7111328893972676,0.18581529457192442
-0.67330524361704,0.1531468159400092
-0.663642101065156,0.17554708613591374
-0.7060557082105234,0.02229529470706455
-0.7037730045714127,0.10367316151289233
-0.7142940071528209,0.167637136928671
-0.7321267387184565,0.1784267675868523
-0.669616213586316,0.16638689053895475
-0.6786585893880221,0.14312549525413146
-0.6928685662944886,0.1490412758590919
-0.7058700160108403,0.058985841522931945
-0.6867618278269182,0.052594524538865914
-0.6544852174490929,0.1013132918784442
-0.7977839742955992,0.026945813796594324
-0.7211919948386775,0.06572286493976379
-0.7025724239569656,0.19489212056011138
-0.7512150167372453,0.09247679577961278
-0.7621627556158421,0.061773774930623436
-0.7331857022949385,0.12351654157438323
-0.7122634491656163,0.15810655479287347
-0.7050793764223099,0.13854243492998583
-0.661565691948622,0.14582252965108342
-0.673492997248146,0.14494196766042372
-0.7186097239155648,0.16918895453646832
-0.7672776464940566,0.056883102364712786
-0.6785851168801953,0.10074182125987749
-0.6622901534176003,0.16153333491003233
-0.7224294425777379,0.1008447750803637
-0.7091933997733327,0.06490653185500721
-0.7513872197591499,0.13875978604145836
-0.6469227824292247,0.08258569552699291
-0.782752108121753,0.03798414178863523
-0.6986119523861597,0.08629682477527961
-0.7053596730086487,0.06604562687904038
-0.7896680812702169,0.10032208546657011
-0.7160944185414815,0.06528779703294486
-0.7196763390907319,0.15616299004933154
-0.6855862059300306,0.05908900220287008
-0.7862083663106326,0.0788744283121573
-0.6630346354622482,0.15677775210354933
-0.7047067938100793,0.061767452423532834
-0.780620384880922,0.01623033965053075
-0.7492122599050276,0.11088816945877102
-0.837952226308556,0.06341494740796697
-0.6779702287868418,0.14539610281104645
-0.6880060655120855,0.1741621314898351
-0.6814810205970613,0.17380785618563546
-0.7163767157870286,0.14714290270573752
-0.8063374921535312,0.078583833743675
-0.7843604237955536,0.03448881729893011
-0.6722305573810718,0.21064227077839298
-0.6701613803239692,0.15534898835432462
-0.7020679431449667,0.04546387465539518
-0.7016580043336248,0.1437543046212386
-0.6390205799646325,0.09361985948911991
-0.6951309377961349,0.08486185510269367
-0.7391662852281841,0.06989066863199395
-0.7531077787067665,0.09654530981419407
-0.8009941542962635,0.004566523882952789
-0.7778608720973,0.13160555126300238
-0.7369055366159961,0.12596622592119222
-0.7451112971413216,0.02530745739890965
-0.7618002519938056,0.0930211205360689
-0.6897976624086885,0.058581049031775474
-0.7555326507318504,0.0865083773495807
-0.663323633556475,0.14278805756206103
-0.7217606305620385,0.07041314679501395
-0.76592939879699,0.09198435068940829
-0.768722052745928,0.0025662631886149184
-0.7533824605787437,0.04010809968279518
-0.7254655674125616,0.05558575664771202
-0.7005903734382085,0.14299256146247255
-0.7990701128015911,0.09818587131301794
-0.7760752688066781,0.10853821935170826
-0.6768019401828331,0.0621038983799377
-0.75458681344405,0.13399854828508231
-0.6470538994717392,0.1048328827249452
-0.6414460540322121,0.1656878166704301
-0.6513692347732741,0.12396067919121884
-0.6864691721685904,0.16253479894840958
-0.6250969030809105,0.14412842739699597
-0.7130940500256204,0.12109102709106184
-0.7433595471932617,0.11988837743558617
-0.6971037222857132,0.07861558030343371
-0.7799460437375625,0.14230052032724197
-0.7315416458696988,0.056341880460932074
-0.7268234623971098,0.190670912311915
-0.7524657756298416,0.08498742834855907
-0.81273351175948,0.012972185412341327
-0.7231016866984982,0.0469929225664812
-0.654255907050365,0.1748522261399954
-0.7039976589431828,0.15573641770572014
-0.6798724861942755,0.17367448545382652
-0.7201321917685504,0.16239448201848808
-0.722837482414434,0.11210682777708207
-0.7996567757590008,0.05492292629691146
-0.6420886900150572,0.152708591610853
-0.6761419994486042,0.083277232725857
-0.7516512180297197,0.1300172289273784
-0.7222188457028603,0.060546760934167325
-0.7352104378527151,0.18473154976617762
-0.6811096124403274,0.04697396155727436
-0.7026732836895206,0.13225039909279762
-0.8176384121846368,0.030026468005251796
-0.7294678433834274,0.11370199278653122
-0.6895469457685219,0.05288561252959853
-0.6894003320944835,0.11453733949476327
-0.6386444677128111,0.09745584047961146
-0.6952363925795314,0.1691141775316703
-0.7295490060200398,0.1785298139340137
-0.7590699534410127,0.013434709960176512
-0.7331868414573162,0.1437072097700148
-0.6766395104462816,0.15141712913523658
-0.7493048779363176,0.16737088261548783
-0.6762926601393486,0.10530378449699536
-0.7764028655604172,0.0867728153302532
-0.7050886744343887,0.09208694995223667
-0.7527333743282458,0.07400567662667323
-0.6736437426466014,0.09053146719826156
-0.8281085877133568,0.05994033863300077
-0.6891586691033966,0.062494541133152205
-0.7776188234105211,0.13296741632850168
-0.7394535040769129,0.012598101670786281
-0.7387125422305431,0.09167140947847016
-0.7123972354902167,0.10434324656193514
-0.7243410193178779,0.17107200817301155
-0.6371755931336176,0.18656274542068332
-0.7271691948032195,0.18382289059281293
-0.6626282492884402,0.19010506940260666
-0.7166975464270549,0.06649435073741053
-0.6960711037998254,0.09736263077114994
-0.7420641700989212,0.18089067573815798
-0.6572754514987502,0.1158537593917582
-0.7169708082136468,0.09975571149547066
-0.6656802480844423,0.12623933386254713
-0.7455594700003885,0.11214927235147787
-0.7558494979864967,0.09089748626884842
-0.6597366560054572,0.09884592757013033
-0.6790545706313342,0.09646526395324814
-0.7205740068884025,0.03221316346639707
-0.7268819458612024,0.10124837986099686
-0.7348088238271981,0.1515945331884541
-0.7412947879255688,0.10363552401562309
-0.6261448537412534,0.1919514035347274
-0.7763525921973247,0.12585535297424824
-0.7256094336142865,0.12207010149222132
-0.7393803410141061,0.1747959096589711
-0.7549935783272987,0.0029300770776374122
-0.7404813864729182,0.02811096480236573
-0.6982309155553333,0.04955473924305704
-0.657275331491675,0.14856176253336031
-0.7600961884191857,0.08956199629619194
-0.6153681840981137,0.18118953018429412
-0.7185000457642521,0.1308209774125057
-0.7119754323631,0.07156415409878479
-0.7126071188322413,0.1639180141344182
-0.68036490611288,0.0847769279625512
-0.7370902422070489,0.1699865691627134
-0.6539310683631063,0.16396543169127956
-0.757840036496514,0.12065867934749598
-0.7358202549576783,0.13369546336677948
-0.7114828139167488,0.09837368274701597
-0.6917569984663487,0.07628354190785783
-0.7455141561726925,0.13420364948525584
-0.622793714809724,0.2018159201287435
-0.7017465532636369,0.08883886865212427
-0.7282198089540403,0.09590275298976293
-0.683749636135823,0.16308763221612751
-0.7434259061938526,0.14323774953220586
-0.6672401152968083,0.1392648240556823
-0.7332922944780992,0.0844586026961663
-0.7019683512623494,0.09890641974567316
-0.6999460077497213,0.10495193743551372
-0.8207286760917919,0.07007817787983935
-0.7343816318354852,0.17115376755622802
-0.7228787114731968,0.03439884243001464
-0.7593833666655457,0.0871327137107077
-0.6733226236913601,0.08549988431493184
-0.7385579663106666,0.11497482708715667
-0.7641289043770985,0.07809000953732612
-0.656461634901347,0.19371511887948836
-0.768031810996305,0.03343249765257368
-0.6441221611140482,0.1680228728750596
-0.6902166489330792,0.11759491422608813
-0.7671211059422003,0.1405948285151316
-0.7250345594572138,0.0945716859725948
-0.7048418909473738,0.057688679844435466
-0.7315143364935809,0.06823805873650125
-0.6912654817766094,0.1190585532335841
-0.7551171147593371,0.08983890517348016
-0.6816470800644662,0.1492577054586618
-0.6770287159576921,0.0959273438792382
-0.7015498377251819,0.13828767149754848
-0.7572156244065821,0.04342235150318325
-0.8081233266000026,0.038533111311992385
-0.7059605084431703,0.11751632260989392
-0.7140877787537594,0.01149944774580168
-0.7052591161611605,0.15923897764454958
-0.7139431534723606,0.1098937694229336
-0.759127939743376,0.037938585277638354
-0.7513279272233305,0.03711567188501746
-0.7978692500415416,0.14083083395692772
-0.6642089181744391,0.17361098557477525
-0.7136289366222248,0.05155026203819352
-0.6819743315561261,0.10766230678646088
-0.7838132161108122,0.040811599090308764
-0.7054921774604621,0.12036447052590261
-0.7503148644704051,0.09343430941755007
-0.6406885308274557,0.14925240714422774
-0.7278294130178562,0.08101069233097553
-0.6850294679705714,0.14095258572493188
-0.6910711382695541,0.058683557382565775
-0.6667386886089858,0.15729172677609302
-0.720133184203478,0.10452559470749506
-0.7209204705586715,0.07109481116268189
-0.7748014555258351,0.12928597776790313
-0.8061559052592467,0.10058062334142606
-0.6816144888491651,0.09082345813655901
-0.686971319810038,0.11066550261118686
-0.6577503505812641,0.14583122440627022
-0.7277228553426184,0.15909280482382415
-0.7350839374458592,0.18448861647833947
-0.792766009739265,-0.018879822550488628
-0.6701761133638245,0.17885847801449495
-0.7317642918440078,0.11374998445365787
-0.7697212807199908,0.05801755480078625
-0.6719579875461683,0.13414130836993163
-0.6608828829725153,0.17560945785397278
-0.7964545365055947,0.05402287946409349
-0.796222572682348,0.07279832969615253
-0.6541855695603299,0.14527335731718463
-0.7368061540397386,-0.00518767611126497
-0.6493388959743294,0.13051653253987602
-0.7752252440999535,0.11055109804139367
-0.7384747935086685,0.1557314178526043
-0.745630117132263,0.0752078976275569
-0.7421741665828271,0.13471208506310048
-0.7611463731259684,0.08753732195400739
-0.6534558179324189,0.12526038314679505
-0.6789395975070877,0.05252766158570598
-0.7265103644697078,0.11413048967927378
-0.8041751595992843,0.07140084671648654
-0.7454626425159304,0.10334652079678452
-0.7605098180933186,0.06806507501627188
-0.6800191096005409,0.15851077729262297
-0.7679924313940686,0.11102405186663586
-0.7566436465343979,0.06159306113714683
-0.7047431187166266,0.06275597330027453
-0.6580779293913058,0.07513516726274387
-0.709026458617665,0.07001426274065584
-0.7202571969685049,0.15314292584682157
-0.660571714177178,0.12698557449909412
-0.6889361333104397,0.06564459515283665
-0.666264837445307,0.14286291196144912
-0.6897534131837136,0.050577281414294135
-0.75645368872129,0.10934464618907438
-0.7456723155699226,0.030496303762282
-0.7537032362689623,0.0679003641527756
-0.6991803697736422,0.1290279386644363
-0.6686596212819949,0.1608559486464681
-0.7820407832500922,0.12457588015949074
-0.6794328736159138,0.17424833606866597
-0.7375299545740714,0.1467061058547854
-0.7732883427592938,0.0987953462406213
-0.6939068963472115,0.11859959041454779
-0.6985550584440665,0.16798590897216648
-0.6597474853317583,0.15107776576980264
-0.7513440063417364,0.1019701210513022
-0.7060318037562602,0.0039358935603592635
-0.717441927428577,0.1129089001170121
-0.7232607130827414,0.052113227226146426
-0.7300810865975229,0.09342388375976204
-0.6809807520646287,0.15465358838443494
-0.7241304033023193,0.11175054409800803
-0.7606839120900359,0.1293695227514907
-0.7558596013859383,0.10267204391568543
-0.7021344745824308,0.16055497969338764
-0.70158176991705,0.1998807532650442
-0.7586476658197537,0.01777621261313531
-0.6755152532374745,0.18491237863120563
-0.6926499467064654,0.09055942660100763
-0.73268885416502,0.09473779852933276
-0.6863180106375952,0.10861517979021995
-0.7120294783121957,0.13180676624458093
-0.700916346148637,0.14086622799573573
-0.6867732442116219,0.14143937186224945
-0.7266349377424425,0.05223728575103748
-0.7812458425720451,0.13771265164129048
-0.7636566133838558,0.11144637058181044
-0.6402756584242099,0.18593878189688284
-0.7536580506685026,0.04245396058832993
-0.6960037700111071,0.09023351057322447
-0.6836158349402258,0.1520456476894572
-0.7186755396902149,0.12412101266680811
-0.6531130775352938,0.08358207880813379
-0.7452314269868311,0.04768927194093661
-0.7877905557206506,0.09072024307664815
-0.7686816121771943,0.07326756350529212
-0.7033433519858994,0.11311966320069337
-0.7827396322344109,0.09782977979825443
-0.7041047655721285,0.06336359406689329
-0.7252083578342183,0.1542929154685264
-0.6430023944585743,0.15628716297230794
-0.7298765989018295,0.14533807345963953
-0.6880460045089264,0.18922643500773303
-0.6746559597649486,0.11715616673184162
-0.7333716748657806,0.16084039187824814
-0.7451387667815398,0.03182330139031629
-0.6775279475150923,0.11399721847513962
-0.6946710596785696,0.0936705848503425
-0.765379431810153,0.08930316479796595
-0.7479279356509086,0.05267536614461055
-0.7250105397765196,0.1293655876469514
-0.6959669891084002,0.12161728433457548
-0.72455130490631,0.18501771600735079
-0.6666001871146513,0.20223915407920115
-0.7587282383261711,0.06336010228967295
-0.6439495519379791,0.1762352249619946
-0.7954910902690743,0.10254532330560419
-0.7225166189239401,0.08774958000399183
-0.7355921170886867,0.14781850229692006
-0.7973160383331068,0.026111566825741457
-0.6500676706409615,0.16473494778625705
-0.7244987899788152,0.10676170958417293
-0.7340646316829481,0.10450450621986833
-0.7295601169550158,0.19948089438721253
-0.7979540849704612,0.11435643598670785
-0.7119587475949453,0.03598818583623803
-0.6479702379274658,0.12020432851772385
-0.6830717175909251,0.09590053609755825
-0.7135894688869627,0.13686890717171077
-0.80424068669218,0.06340561836308543
-0.766532488255761,0.09828775919068498
-0.7450367987884343,0.10159225570288437
-0.7002273174830095,0.17075631835562258
-0.6783598421071287,0.15692051665662735
-0.7529708972890083,0.09834891256901597
-0.6429992854621537,0.12490744430986228
-0.6601195337999485,0.18222970063907654
-0.761068886414255,0.09193139586760667
-0.6397086394332059,0.14035927272647608
-0.8002865171008058,0.056227535920043946
-0.6937369936943758,0.054869511530632464
-0.6995373482118067,0.1418830802235937
-0.6576008733782549,0.08972174268672249
-0.6994283089164199,0.16024011979482725
-0.6567669815168073,0.15052922252547854
-0.7274796584159664,0.03154686959559997
-0.7457365895214758,0.11651508812461922
-0.656925962851637,0.15009546119889403
-0.8032400825966791,0.06472850003003162
-0.6940850743417776,0.17933662543998233
-0.7775700776242872,0.08024708597412972
-0.706111647510517,0.15962741011927914
-0.6898200427397609,0.13336894326840976
-0.7095599331878452,0.0495527394049343
-0.7334893640608402,0.14776904832984314
-0.7466830933115807,-0.0012641209162377847
-0.7150817122276126,0.12098109129988623
-0.6693524443574284,0.1289701616712111
-0.792945088828726,0.0628533741995638
-0.7637253605337225,0.13407451059370964
-0.6705364100360234,0.10940915717610823
-0.8197340118782808,0.07400424395789502
-0.697914592408693,0.16929435464891868
-0.7245844280169417,0.19301139862074196
-0.7680091835993325,0.05299904471214451
-0.6618163423976782,0.1357385297720468
-0.6269592194353563,0.14609147145477475
-0.7130342010590347,0.10271266613324143
-0.6925850230249188,0.10702547411956227
-0.7709672021626491,0.0794130804709122
-0.7640813885899554,0.09402175284072464
-0.7591499893147751,0.07630954119725639
-0.7196459472051351,0.11729597987758905
-0.6994119868581313,0.06272929334963458
-0.745748054920573,0.06372122223669642
-0.687588196926125,0.11839852307457553
-0.7553078613961661,0.09674422215211988
-0.6665071024567968,0.07331794623002393
-0.6516549546197762,0.10886113496165944
-0.723775960058203,0.08954500662266071
-0.7118564585572004,0.11243095969436104
-0.715078707880661,0.12502582598683518
-0.7530699081594634,0.08713916747214435
-0.6731395975971985,0.09498993197009886
-0.7620952597003773,0.15306991181971927
-0.7627610348189878,0.1486864813333307
-0.7806621630974816,0.1368662574820489
-0.7149017924526693,0.10866411738625559
-0.727103460007772,0.08362894710312006
-0.7099342425062521,0.16205053062340063
-0.7161629281561218,0.15274068614735847
-0.6578374694366247,0.14209665427253923
-0.7122728942444009,0.18845739277915927
-0.7195831773542385,0.07692935201825525
-0.7086088289659167,0.023392241442144746
-0.7677837146544875,0.053166984055325134
-0.6762199138098423,0.14809817610111764
-0.7290669436158662,0.06004788011168968
-0.7554694982992634,0.1049698134320615
-0.7307398237116612,0.19208729731663776
-0.7655827688204448,0.08119768559065683
-0.7937430744171775,0.05519630967714254
-0.7392651748217712,0.03983243996176993
-0.7424838031913449,0.06842416338158198
-0.7058089672811393,0.11833124406813508
-0.7361432173698781,0.14147752428699636
-0.7371268990026522,0.15054274403528342
-0.6919064860786746,0.15048657509409002
-0.6772781540563895,0.16858859511076674
-0.7124515104015706,0.1259479073949857
-0.6559697570692117,0.15571433627356518
-0.6808720281819708,0.16035804315356142
-0.7505245314774132,-0.025414216462883228
-0.6761248947036583,0.14781837753214777
-0.7500428677671592,0.08741260552202282
-0.7097216068595057,0.0885199312757096
-0.6530553653713667,0.1837734869950733
-0.6729917302214056,0.061743910278189026
-0.6965226788929607,0.1745022622865938
-0.7762122925298618,0.14257360600565275
-0.7465749027743998,0.06736969311142854
-0.655346521409003,0.1877306562256481
-0.7598501831423878,0.11979359464740852
-0.7462429201990086,0.17878544813596303
-0.7879959427991866,0.1268184422403709
-0.6487439846501847,0.1772252044788343
-0.7245591391132037,0.059816177393002
-0.7029158865612704,0.038896836091887134
-0.6832978358811161,0.12451167081519039
-0.7855376596611311,0.1293741533427935
-0.6926047571914824,0.07852748714183261
-0.6864718659339858,0.10561050457554477
-0.7733252443918743,0.02065233140665328
-0.6798626785495822,0.09965624102829397
-0.6634365438584401,0.14255382959193125
-0.7860046098688076,0.147606953782414
-0.7049640113096532,0.09382134425469521
-0.7626460971315752,0.15146816909142352
-0.6624515037304216,0.15205919492252773
-0.6815321176479345,0.08860352441954403
-0.6914325586580794,0.19317057425419396
-0.7346392425350915,0.11006425282205926
-0.6767988767061294,0.10600254183361914
-0.7423748421871412,0.0868592697474186
-0.7536896713333507,0.10953326161150641
-0.7720562226343832,0.16289628751351562
-0.7197444419514312,0.1637492456433998
-0.807933143722702,0.1068582061723321
-0.690957456111616,0.1381962098861511
-0.7509856298055702,0.05919038150923272
-0.7624414741378782,0.07036364948315438
-0.6985114638811618,0.1500686286521677
-0.7087238164266589,0.11033844479268408
-0.7167025332586531,0.03614124464596596
-0.7602481044399457,0.09061503117895456
-0.7390422883853153,0.11396409806074427
-0.6327533258111325,0.1674641624579554
-0.6254944682135647,0.1789713965815975
-0.6830753525074258,0.15478197711664982
-0.6890016904971894,0.052059903437440255
-0.7720048929777112,0.1382308148734482
-0.7184879119898002,0.1543965681913022
-0.7157738795543033,0.15133155306760837
-0.638740937242489,0.15524685530426605
-0.6763467548173953,0.1345512349534961
-0.7511455126113558,0.04163388276548402
-0.7180068473172162,0.1243100265062692
-0.7616857626413721,0.027671536918558597
-0.6854349605075394,0.18643710979769998
-0.802366763151718,0.1258064388214246
-0.722598579021132,0.1562216276691413
-0.7388155994346455,0.020323083198890646
-0.7778651372217694,0.0820623766550368
-0.7261261342162354,0.10310396935806741
-0.7943484908363692,0.07485729210796524
-0.6800453582958198,0.0904802282938594
-0.730773879259412,0.14803252510987172
-0.6362635416221676,0.14011639575334692
-0.6652986463574291,0.16018661164659073
-0.6270136683803897,0.10237745743446262
-0.6993295801316837,0.13695477884021312
-0.6807294854770519,0.097209461767209
-0.7162049690639988,0.19992439835367387
-0.7949991676046798,0.13445716219876494
-0.6871709079697084,0.1460611431932986
-0.6926567284892773,0.13595758160687751
-0.7046471721744688,0.15884181018251978
-0.674745185205286,0.14809835684847708
-0.7129083276613977,0.10784320054114846
-0.6739703709975874,0.1452064465560146
-0.7171248142546119,0.1015891710968796
-0.7768910031643034,0.1308853223331379
-0.7345742528121673,0.1621317359424746
-0.6872678441806065,0.17779385242675122
-0.643095141232837,0.15943696250921988
-0.6603521962035054,0.10863592538957656
-0.6895463177743384,0.18082470566728318
-0.6803295029023475,0.10924806028319888
-0.6979472142104399,0.16621731242840665
-0.7042062559349621,0.11023165616612497
-0.6964882658822097,0.14411660680562197
-0.6479583055152798,0.18202609595155872
-0.7079138928825681,0.12415272169771496
-0.7088644866953995,0.06219073591716979
-0.6863745564098204,0.07766817807820436
-0.6859094485204802,0.11900155993642111
-0.8061159614658809,0.07363399871240466
-0.6532450118105919,0.09608396491149973
-0.6529181045217156,0.1896434187006294
-0.6936742865709673,0.054191581507827116
-0.7809432071763968,0.05000039698312317
-0.685739533538283,0.1316737239061035
-0.700331092338235,0.015612010747323525
-0.748043012526095,0.10719295856355511
-0.7394759934033988,0.04278970885531676
-0.7260630188745515,0.11529797406316097
-0.7638371440297951,0.1439118377217394
-0.7177819062066885,0.10694320153243839
-0.833985279517562,0.0288415454426495
-0.7632985231390311,-0.004323400527549442
-0.6422929005768483,0.16413265062026805
-0.6462421881957506,0.09162973689153173
-0.7860003716103167,0.05840660993010994
-0.7566219227258778,0.00964023210081143
-0.7158601265777514,0.14519730974199063
-0.8180452498629233,0.05831229175830755
-0.7983671878717192,0.0799814074871249
-0.7759644984937387,0.03901560652736985
-0.6794055672776266,0.15786278670720968
-0.7195732524115919,0.13444838121402708
-0.7062420947207465,0.13631468296178692
-0.6933525974433629,0.15360577058010075
-0.755331770378536,0.15397960721562334
-0.7707570506319041,0.1209708596386846
-0.7133399472847612,0.11009790800092602
-0.6427792596866461,0.16509839824030426
-0.7975201646051726,0.12273254915582522
-0.7167527901913113,0.135969061893363
-0.7507650460012727,0.06400052610980114
-0.7937860031226711,0.06406972275955752
-0.7322515941329985,0.15670068833614234
-0.7622586826557253,0.10244052732972327
-0.7584908525181483,0.07466925752630836
-0.7808089281346233,0.05583664809950371
-0.6879524679605241,0.16092794361874815
-0.6886302920817283,0.10041250709706596
-0.7443321340897109,0.12082010961001483
-0.7172518667374106,0.16593951545586422
-0.7153622215194874,0.08874150877026753
-0.7178772856803289,0.17594943763184295
-0.6744077281795112,0.057335036112040876
-0.7340051009477633,0.09065716842801982
-0.743396779507723,0.10989462277176
-0.7352072237364679,0.07957055598880125
-0.74241495333179,0.0847698938202211
-0.7594088063397451,0.07288098425489091
-0.7825286951896947,0.09959333612446648
-0.7263092112271278,0.17064913011360192
-0.746403299216941,0.0832608181797269
-0.6853393274715806,0.07479886075612496
-0.7747591573364001,0.08824659660180105
-0.7119881556304601,0.12200651084883021
-0.7649198420256923,0.09367277035382124
-0.6936250877097817,0.09279843458054544
-0.7393790765412256,0.1455114233787301
-0.6956892298470614,0.09566761795416852
-0.7019461447524625,0.09738231365677301
-0.7230570696269846,0.07184629967818211
-0.6232424701083114,0.17433328426898295
-0.751519551669345,0.1312471022879394
-0.707042572107632,0.06883486882728107
-0.6548715968456642,0.1840063164951863
-0.6379514331574947,0.12754124566679464
-0.7558341949932681,0.1652509837864668
-0.7233780873346191,0.06673230896582635
-0.6597504073409229,0.14093262760675043
-0.7563928185341549,0.09526870067039872
-0.6669366745693461,0.18181902695761815
-0.6285517700030424,0.15315133441501205
-0.6798857893009393,0.14963296225576855
-0.7289559034192412,0.1280189023226368
-0.7327752037906811,0.056227775598942424
-0.6848548852801936,0.08713117486775052
-0.7568571784555054,0.05280862311448378
-0.68274900339272,0.07662065485129138
-0.7656782314845639,0.13148802364764317
-0.6692685661787564,0.0933860842117569
-0.7040758271008455,0.054501481449447234
-0.7098249612419449,0.09445371031565009
-0.6854170658705853,0.15584639803454176
-0.7351478596800933,0.12974167196888034
-0.7050322677592004,0.1436670197626131
-0.7567936724470693,0.1058221625204631
-0.69517976745095,0.07730124399724006
-0.7232944393950853,0.07184780162426443
-0.776918153914794,0.129164297860488
-0.6996428858183631,0.09726939660499317
-0.6272320476410036,0.13972494011323616
-0.7083684073837296,0.16560942037914683
-0.6665497528697397,0.18713097322671246
-0.7633271123866648,0.02139473742314374
-0.6547633265406448,0.18807241575810912
-0.702990609180687,0.1922260347641811
-0.6981657501635198,0.10181422906236906
-0.7870069850649177,0.09208358306635844
-0.7140905413198867,0.14973163121447633
-0.6989749963482788,0.13696712802317756
-0.6405631980007774,0.1774882884869655
-0.7440407158830651,0.04957997887708667
-0.8091816558119418,0.07166897241583862
-0.6981062190411825,0.06621902584152778
-0.7803301802907457,0.141160994848337
-0.7349481901369369,0.14868352710810945
-0.762971000562232,0.10256659508775184
-0.7411845106967448,0.1374669860869477
-0.7322016409436491,0.19048084606071278
-0.7096702419004024,0.1074261006655402
-0.755271596707349,0.0941408919316681
-0.6470248203992949,0.177981085354585
-0.6768217233838448,0.1154250374547412
-0.6310808720316151,0.1190817580079609
-0.7240138904982543,0.1515773837485194
-0.6758836057574984,0.10047106304082049
-0.6433230815588449,0.11053237550468235
-0.6992063385977028,0.16923342451140552
-0.6541544039762037,0.1193200289236057
-0.7427812992454662,0.13616306255238578
-0.6931405108741164,0.13943340780305397
-0.7408488935361364,0.02324216580025908
-0.7340805596032259,-0.013283286650834423
-0.6909485819633243,0.17231912075164818
-0.7121689564420024,0.11224962368639081
-0.7197706828833733,0.1330822159808311
-0.7632745572810263,0.08833186200091328
-0.7005943470166802,0.13708486821020172
-0.7359182190568332,0.15654817379928904
-0.6861168355483875,0.16075241400531076
-0.7662901349823151,0.10881734124694208
-0.7068755918938776,0.1522163388999138
-0.7578230905755513,0.13509477718940896
-0.7275606017630561,0.08441411651416655
-0.6777013951948032,0.08495459303018128
-0.7292249790864245,0.09482323853236076
-0.72605905089173,0.18165372398087865
-0.7305358227705139,0.1001661933372879
-0.7502040842822669,0.09947429937157451
-0.6658216634224864,0.1003480324155607
-0.7899372769071514,0.11123605576714168
-0.754030300193231,0.02133665804104273
-0.6707736387631771,0.11935498250195088
-0.6433069193787816,0.17659149126043502
-0.6561709672772355,0.13335649729576826
-0.7072564277420987,0.10107682782729192
-0.6802314885570491,0.14074034300439
-0.7098886327349192,0.05314652192613456
-0.6447030373245921,0.11664750842546183
-0.7064516931341864,0.16322955967882172
-0.7115038017183769,0.07584147803107584
-0.7783770786202762,0.022676203188242622
-0.7914341422169849,0.13270807846470853
-0.6314204749034061,0.16848385377274833
-0.7461942392804599,0.12853706014250296
-0.7153128068406545,0.11517324860040637
-0.6914822958419715,0.12301945595631388
-0.6588855786283816,0.10995724730701076
-0.7016027646167002,0.09695419532193901
-0.8026159989498777,0.09558794401840752
-0.7207433475287518,0.18260625559459584
-0.7387361809404693,0.09817095871822924
-0.739740262062545,0.0461391613049529
-0.7339110287115395,0.05406375608531144
-0.8199746139739464,0.06631815460642039
-0.7711194563863826,0.13332800262326405
-0.7053814119740356,0.05493336031606582
-0.7375300201461701,0.11645162734697817
-0.6661793920296523,0.16015228399294976
-0.7209409024237406,0.11861844869383315
-0.65752777171164,0.10777641669795347
-0.762138963675064,0.15520618912178777
-0.6920984797353328,0.15264091689258694
-0.7041637934595992,0.14741737007077235
-0.7341347453900643,-0.0012380929028942029
-0.7056302029254841,0.1561065382185589
-0.7364999859844954,0.10276046986082091
-0.6321078309745991,0.16435713056612733
-0.7066191764718474,0.10364667513474476
-0.7147101466546711,0.172455894166921
-0.690929712565831,0.086018051054598
-0.6590166387335452,0.10016297772338328
-0.6891503563312822,0.07522135260561368
-0.7584948226422521,0.13842114569806924
-0.6576341787371779,0.1646082941693619
-0.7242411051415515,0.1629624275038325
-0.7412638420653533,0.09452878346896712
-0.6519047144249487,0.15558361448102612
-0.687446233685971,0.1313767945357763
-0.6924141738561288,0.14171770026422142
-0.7653866324398049,0.04801091164187819
-0.7083148333065354,0.09407001073210339
-0.7887541103189551,-0.015113392307234233
-0.6871361597885418,0.14456899424016875
-0.7353236113975844,0.08572451954392521
-0.7083342839451634,0.16252876472686306
-0.6975796409202145,0.03580717749847586
-0.6881412809287766,0.15194915594834654
-0.6939009348742857,0.11120308054135092
-0.7345460600202091,0.025585723799688865
-0.7289080911820017,0.1296045599593226
-0.7193641648219032,0.037049338350824336
-0.7351392748157882,0.10458827736552072
-0.6434193140432143,0.1051164226266861
-0.6824068607232522,0.12956634431913827
-0.712761166983887,0.10869791433301883
-0.7275008708979734,0.11824305869832238
-0.6893102059103473,0.08655876677782814
-0.7350593024968932,0.17935050609570122
-0.7095636170240002,0.1493979222740884
-0.7317979625857471,0.13772196767190475
-0.6848555722620946,0.053532080697231935
-0.7875837508330062,0.10720950258778171
-0.7463769392096953,0.11775985430756108
-0.6732157739958934,0.19494692915166084
-0.7503160397937513,0.07339016411619174
-0.7559874460991904,0.0875417256286441
-0.7156751534691801,0.12707047551803693
-0.7626725807956234,0.10246938121185932
-0.7252913901541749,0.010337940714016851
-0.7384871158442674,0.0547352318261653
-0.7239913612770957,0.1595887261392763
-0.7647860888169045,0.1122793475836644
-0.7168905026042068,0.04678859876117456
-0.6492916413319738,0.16319501412834383
-0.7372890723453526,0.02196333538115128
-0.7291270740640614,0.09567781289835622
-0.749888594866875,0.1221176340241331
-0.7000716868680793,0.1849380212464529
-0.6953790080349813,0.09049532234287032
-0.7779682608895975,0.06768986111736136
-0.7039384693685818,0.03918670387382189
-0.7406960251821623,0.07456613192982697
-0.7704888800516629,0.0527170287416289
-0.6685911595059563,0.1592903707567449
-0.6760128129482043,0.10751115215822399
-0.649135810895283,0.1693388063622221
-0.7027028180995779,0.11399406680084809
-0.7850472717520082,0.01147627336724531
-0.7626614490405239,0.004850822972192113
-0.7831817149633445,0.022921278241931433
-0.6999047754937826,0.10421607579235724
-0.7385996568546483,0.1252526240188418
-0.7569560136878413,0.15961670832360939
-0.653806940407745,0.15634979053154846
-0.7522852167129258,0.0680844994133676
-0.6557889579334368,0.19112201914221152
-0.757631140937308,0.07837577385135759
-0.7496186904831541,0.05228059175760526
-0.7340216036032013,0.1290369065013223
-0.7619317549055489,0.07550610305422391
-0.7016263241971745,0.118855079351883
-0.7241661784941763,0.14581013629825518
-0.683421774973217,0.07390004734664007
-0.6783375601168581,0.07482788328746441
-0.7532553658631038,0.11943237751279195
-0.7075307170015182,0.15488276001561305
-0.7243192008837879,0.07429012064777286
-0.6624458938342777,0.14664498033005174
-0.7488392316486356,0.07264317423777454
-0.7137411821506009,0.09885202956477954
-0.6833675373950518,0.12182238907295737
-0.7205390152868086,0.1080276337663815
-0.7254476939507369,0.13351466674865872
-0.6285649620954109,0.15710725034307926
-0.7171069472702465,0.17935716670648474
-0.6871505603864511,0.11778692696856337
-0.6546824661377608,0.20441062732251963
-0.7382439151289618,0.04343427389180875
-0.6517403622426178,0.12164977090863216
-0.6618364831817686,0.10701558956060689
-0.7462287776948486,0.05960892340422038
-0.7387224233838094,0.035663709016217515
-0.7550904791398358,0.024595409741390475
-0.8359684601397719,0.06087990221359887
-0.6490731417233585,0.17861517603651308
-0.7829834021715816,0.09359519595726178
-0.7637814087026981,0.10387687168660979
-0.6607684676812171,0.1251046813797361
-0.6593286361224352,0.12900748898123665
-0.7161054205879049,0.08034373831665127
-0.6393299206098749,0.09843702638268287
-0.6771097603220839,0.17636813910346527
-0.6949333435397159,0.04430524028571632
-0.6510048717308411,0.10737851256335218
-0.7034722827528775,0.14442708932499315
-0.6561374418335707,0.15269224351840813
-0.6946260299389562,0.19936848421313774
-0.6420869683668388,0.1289432208393993
-0.7146179338536445,0.1802546038624942
-0.6869053888050606,0.17585914884392967
-0.7005476085276966,0.0539220298356641
-0.7856473066525714,0.056243344326149844
-0.6827551458449873,0.10710371222766875
-0.7754620966709326,0.03663830885487151
-0.6688518262930897,0.1489953624671583
-0.7963744685979773,0.04964393685517214
-0.7750754930592614,0.02824893662724236
-0.7195701328315566,0.1229179954538917
-0.7436213613415716,0.12006189541537031
-0.7749677102072385,0.05790616434039959
-0.6687562249091542,0.18263990504388056
-0.6419498673631355,0.10675951598640518
-0.7606117584292605,0.09925815764241436
-0.7225470279601311,0.12576200052876949
-0.6740831692770345,0.09828724786450754
-0.6621974850307253,0.11938374310291429
-0.768698241702431,0.08748786761834254
-0.6816496474695768,0.09733906591833455
-0.7360391607694721,0.1160227014144341
-0.6950202775789887,0.08693270043401224
-0.7376792298996355,0.059127774025585854
-0.7296404066931239,0.07812686568814005
-0.674601144140263,0.1317248909280506
-0.7133086074054912,0.1807787286172297
-0.6427645546827988,0.13049852978897566
-0.7140015634735675,0.11722320659691832
-0.7529428768419861,0.16527040096610626
-0.6705025456364428,0.11840737930936152
-0.6710954373763137,0.20448749533612767
-0.6844055224317764,0.14135552553876427
-0.720461655751968,0.11123141305966046
-0.7373081403472144,0.06522198793239328
-0.7101683347929113,0.13917372485264304
-0.7978029231067368,0.08929666411701687
-0.7792202858098051,0.13477750584444556
-0.6554272440327333,0.1826101583425214
-0.7654970027571788,0.12528846036578972
-0.7562742005682564,0.05106341124828075
-0.6672465902535133,0.20914281927097797
-0.7446732932804192,0.02230648869776578
-0.7672135390599721,-0.005257410069208081
-0.7111739894856318,0.11175623405296502
-0.72957472936758,0.09655770201039843
-0.7918789504701154,0.058432124327981116
-0.7422079838240875,0.16258832324959244
-0.6976691950324677,0.15063681537687698
-0.7774181166267672,0.09508785855894225
-0.6904070983526142,0.07355075310333815
-0.7682817036503373,0.08228491472799336
-0.7472637886941329,0.07242883153064322
-0.6536678618359995,0.09790093553220335
-0.7168137230813378,0.13632328570887836
-0.6758048816996097,0.18190865498591402
-0.7028720659452258,0.026267003736547823
-0.7831435397989435,0.04570099697524229
-0.6545399404035669,0.18682627426557855
-0.7100339574511508,0.10763190875183219
-0.7044628701285055,0.18719702007092942
-0.7823689577006724,0.07591295696991582
-0.7287140394180269,0.1016565482780447
-0.6577731149672534,0.16457762156851333
-0.6576108441520753,0.11410043406316987
-0.6442436238197685,0.1752260032874896
-0.6921299487883873,0.16206128533507824
-0.6802955466020217,0.07947832702930491
-0.653050147849056,0.16985104739025522
-0.7406967301118036,0.05236237649882817
-0.7623499484703418,0.07627280573370931
-0.615872682661099,0.16834711239594743
-0.6913775855092019,0.15028593818855726
-0.756340456113924,0.08466920567516006
-0.7290980837812205,0.13989834855485583
-0.7664755655661513,0.06931729789989895
-0.703347219267007,0.08734700090390408
-0.6939732749788153,0.1674998448663462
-0.724179392805067,0.1772525929107052
-0.7411443207245706,0.12040679882720341
-0.7931689429745126,0.10990439706570088
-0.6718425077137288,0.18732632988564052
-0.6695116161669442,0.10469234737448425
-0.7027532555457268,0.08401630073019377
-0.6784004635699941,0.1338004830101164
-0.6907780786988195,0.08614850882023058
-0.7099127674638145,0.16559336342292888
-0.743359892833069,0.14805454074442026
-0.6699463497870111,0.09385078021088634
-0.8006806078147337,0.07323247904144617
-0.7274601205124442,0.15821610855021617
-0.6231483835830526,0.14876006427824506
-0.7210615993309307,0.16783233835879588
-0.719010661395219,0.055607602222023295
-0.7630364196313372,0.1122532870610268
-0.6604598650221771,0.12622672846590194
-0.659640926485779,0.11044770958872102
-0.6773436544073834,0.11867737968262775
-0.6320034452138338,0.14227853743963453
-0.7636891158196558,0.121209831117986
-0.7471557912611076,0.022965344174437054
-0.6792936800588965,0.044890945952529834
-0.7532389709684532,0.13668312774407412
-0.6930384163932567,0.15207266511655013
-0.6972188823927712,0.15584820223070595
-0.7065142597523317,0.06042998752097111
-0.7396182826377831,0.08428131345831812
-0.7340008063114416,0.04708302466253149
-0.6397939993520761,0.1369080794480496
-0.7062873714527051,0.16822650047339593
-0.6750832551240965,0.18904698418621202
-0.7065701819803589,0.08503965555285731
-0.6913650791967644,0.15916302265417193
-0.7480958628997657,0.1103039089631601
-0.73116228865203,0.07488444633677736
-0.742697951570226,0.08341090896188809
-0.6705329501900893,0.1590980023840106
-0.7135281219438865,0.06676192524868196
-0.7603230830378274,0.13036736028261592
-0.6452033493140018,0.15934561935243444
-0.7158885638783041,0.11355427472486197
-0.7046082140257289,0.1223556769331994
-0.7385045149742967,0.09988248888266499
-0.7555972716347115,0.14451008348849478
-0.6959248235869963,0.09199688700414646
-0.6222283916064292,0.16529639345978264
-0.750967543574007,0.10155114528449735
-0.7860514825084013,0.14107585481456814
-0.7701569073230581,0.13778687657665123
-0.6513226080670804,0.14821006725031655
-0.6606377121252279,0.19079012920593116
-0.6753657789653228,0.1312484484998343
-0.7133600597450788,0.18973820657325371
-0.7516685252890047,0.1608321754053274
-0.6250851646533254,0.16586709898380175
-0.6456971316633371,0.14468035587990447
-0.7711175905934508,0.0824289285190865
-0.740485053427946,0.13545527421056108
-0.676985604426032,0.1300870672147634
-0.7447827511018943,0.18476556732926538
-0.7053717090656594,0.08536784169278347
-0.7522221421098264,0.07994157757951617
-0.6703141315670895,0.11380685746991703
-0.6711295268645138,0.10071934916031838
-0.6987910244687916,0.17238042254159236
-0.7483085879068104,0.1278802308479468
-0.687732054846423,0.08692210695031825
-0.67317243279484,0.10547362278359983
-0.7477294602617595,0.1116397096728384
-0.7643377882732326,0.013842357281918884
-0.7193520573719989,0.08359885763439291
-0.7024644146758533,0.11503890133295527
-0.7775952781211863,-0.01608660310563092
-0.7197074155806891,0.1225626196025627
-0.6838386215204973,0.15672802879577008
-0.717343971189981,0.059177378947190024
-0.7399104797932746,0.14540387291386517
-0.7303799596404901,0.16891081446507578
-0.6529172480226009,0.12572366399600776
-0.73533580079382,0.1553952594818982
-0.7366080947206612,0.04456466847647307
-0.8015284014654266,0.06488865433785779
-0.7265350735581798,0.09386459133447944
-0.6961148826276915,0.1206895726288121
-0.7573090238528257,0.07109171787495942
-0.701236726260751,0.1154700878866837
-0.7734594069001902,0.0461384856059802
-0.741117760876317,0.026323860319139896
-0.750479446436508,0.04525467831516303
-0.6919556007526845,0.119255038757384
-0.7304982186729339,0.024987692988062866
-0.737193943948655,0.14312827463265
-0.7267076608409037,0.15181472739576557
-0.7571902270570051,0.10288045016791844
-0.7358441622276165,0.05990837694515315
-0.786955946460576,0.03146928940824343
-0.6573864798801666,0.17687962280676078
-0.7130320100116468,0.06310981378382684
-0.7050427012957304,0.09209367018975888
-0.704977220571315,0.14158596471090734
-0.7682052795438624,0.0640336702358337
-0.6608576011582699,0.1871031557504187
-0.6532604921728269,0.12004772257365506
-0.6853928204721013,0.10866732368113091
-0.7302379759216543,0.14938588104546563
-0.7351678152136109,0.07627173254323417
-0.6760007281847392,0.11521099628216096
-0.6559259103019456,0.115702519148219
-0.7196859773586376,0.10915032219949637
-0.6800061122365267,0.13287056300026723
-0.7394346380501889,0.16873653819934487
-0.6745259588206667,0.08472721951665226
-0.7170932240416092,0.0351730803984901
-0.7533607158193777,0.16374196795088072
-0.7256738517240144,0.13797734586261276
-0.7820772334518347,0.016709829416066236
-0.7633150149725149,0.032617813652296934
-0.7098405949033971,0.06150786820473903
-0.6881270200560122,0.09835243262881346
-0.7927753581115935,0.002382548900152785
-0.7407585641535509,0.06229450014529682
-0.683734595065088,0.10052437074742451
-0.6944207047962372,0.08784770554969973
-0.6486161239137155,0.17948284746502832
-0.7556150881054616,0.035341122548172565
-0.7072142283200704,0.16370338265745885
-0.6951902587615412,0.13138199391029834
-0.6382528108931096,0.17188949878690088
-0.7476819765135194,0.1391203080564747
-0.723528251380946,0.06325282814418125
-0.7725111164686063,0.12388179865009545
-0.6996780621175581,0.11025044951683476
-0.7569768343194905,-0.006651664134467989
-0.740609940532599,0.1354954901704566
-0.7530956823494521,0.0821856026620198
-0.7031903250082814,0.16865674560198954
-0.6812642647567889,0.09108886766159079
-0.8104024404955962,0.085409395099676
-0.7674930970055683,0.10407938133268821
-0.7495028777344777,0.03413997325007281
-0.7124328255853377,0.1961841885067499
-0.6615599569011626,0.15622423257969179
-0.653985996260017,0.13318500596125346
-0.7689840023297678,0.0699030966356301
-0.652885335855894,0.11676254143185939
-0.6664882527639414,0.15322478003181852
-0.7760077518105771,0.02791644966563565
-0.6462933668291473,0.1766523094691918
-0.7881125963111625,0.0899861886435443
-0.6642345049491329,0.17774074128743347
-0.7553923690096659,0.09898179449495415
-0.7044844653579789,0.11892056268946533
-0.7151435401605979,0.06328845771659118
-0.7320505902187476,0.03004204909982664
-0.6533398779479072,0.1370039156520183
-0.712923894369878,0.11812701993986446
-0.7324421319075907,0.11820122292280216
-0.7646259257637491,0.10571895217572068
-0.7178558100006001,0.061624339627740186
-0.6842619185297335,0.1187819804561387
-0.6656991162635469,0.1430427430377471
-0.6426884264193007,0.1718693298111506
-0.6877569973856875,0.1701245920742157
-0.742753231266333,0.0696189034201065
-0.6938843838237037,0.11175716621635762
-0.7839703143955481,0.11071298543100157
-0.6711553276308847,0.13669930040795397
-0.7529268010388857,0.11702750295959649
-0.6719352399187195,0.08550656449598382
-0.7011519567593014,0.12542357834881743
-0.7318407797497001,0.08570016609298703
-0.6786340619771006,0.12179816139747528
-0.6604234310248476,0.10389555009473131
-0.7567278210363112,0.02893120342722444
-0.7185247301237592,0.11893229980569908
-0.6431940544826513,0.1617148245125163
-0.7071356670207435,0.1303357366851791
-0.680125548758361,0.16072926420782174
-0.7808150170355558,0.14297756120987315
-0.7606684824583759,0.08007455560991437
-0.6876123662892898,0.13317869405635066
-0.7984328772440594,0.05402488023051373
-0.6471139738147251,0.14089894202176423
-0.6650741222134422,0.17126146971458578
-0.7297706392417236,0.08989249016244741
-0.7299270318210512,0.1775065951857371
-0.6968040244503205,0.07440584990658894
-0.7009007910819633,0.15306597871558322
-0.7064132712464791,0.0982416248561302
-0.7385153744177141,0.11065617776376205
-0.7026637850236485,0.12534509632014004
-0.7486515614353959,0.14801496012427567
-0.6984692554749257,0.12762640178232318
-0.6709737680250418,0.08039756400565955
-0.7157986871998289,0.11049069278346366
-0.7255341165698459,0.1008044087478818
-0.6987313593407601,0.1781627667407245
-0.7229380345282357,0.09965574309732347
-0.6554531768675238,0.10532803207098665
-0.7411694993343936,0.09361916909443281
-0.6446182642426982,0.12721647784727863
-0.7522042906350377,0.11536992151662251
-0.6448104089210505,0.12394316157930166
-0.704269169527978,0.04083645550562305
-0.6925184399642867,0.14503962583289826
-0.6466137426123524,0.1364354470551719
-0.659271141389533,0.15674429356961084
-0.7758998623782332,0.08696983167568142
-0.6821754991633039,0.10705496022785681
-0.7820712876194793,0.0576738806518943
-0.7769654586345418,0.08013149711006834
-0.6965205813587988,0.09595199637028214
-0.6630559540150098,0.12931466544077247
-0.6918241078492163,0.1480834134146414
-0.7483157230218909,0.06369870056579746
-0.7469090241026317,0.0966899694273269
-0.6607079253472765,0.15668745996253675
-0.7449476248352147,0.0827753434408329
-0.729370269240541,0.03745577222330079
-0.6926598927789219,0.14077988693279211
-0.6507990828602178,0.14672493114846752
-0.7493710279418098,0.06694078367172508
-0.6734649883693957,0.12066384865495221
-0.7179758695501679,0.08695282878766261
-0.7600762516848759,0.07161221302873988
-0.7054032499807376,0.12887246510014227
-0.6982796388045364,0.05348760516420714
-0.6972768350065897,0.09276464806756687
-0.6974523147190519,0.09430408804991013
-0.7101734511141378,0.1697404865930957
-0.7500669055474339,0.05105712697805985
-0.7397072248276501,0.08581798179547405
-0.6711041774285883,0.16277796113266302
-0.7485697300600526,0.11919082189050437
-0.6381327940565252,0.15438284740808017
-0.6456430856107106,0.11276384353956598
-0.685021508904727,0.1731077958041274
-0.7265815030172571,0.08364857436168839
-0.6971337188042097,0.14020809744401494
-0.6849723491206724,0.17803452013174706
-0.7123751256085095,0.10456303954275435
-0.6339512904944165,0.12789599972322535
-0.697019800800518,0.11203062543669323
-0.6897645491357929,0.09098075507494571
-0.7062119815285071,0.15116881550915065
-0.7366847869601213,0.08437108392266568
-0.7258195037503103,0.16275228723329388
-0.7232283417969718,0.1441505928398714
-0.6976353512096773,0.17620235296671632
-0.6480972463313452,0.10338450640979525
-0.744780590258969,0.15925774711463261
-0.6289951666873581,0.14920765413063852
-0.6586849530941975,0.18751043639432644
-0.6670312229809251,0.1702340802036929
-0.717317500989248,0.07393026821797284
-0.750610227754269,0.06049496216328396
-0.7918427127156383,0.0755012397931199
-0.8147121372986562,0.07116800244569886
-0.6437629624888768,0.12533448868098557
-0.757062701968189,0.15673994219642912
-0.7300183507027005,0.10589667086898877
-0.7548719856982452,0.14015650103720018
-0.7905783554227627,0.09944373499856385
-0.7058393071860124,0.05035308070246545
-0.7125920550959818,0.11659024090705872
-0.7340536830502563,0.14602482340842612
-0.6867559356040027,0.13479932150728002
-0.7509709003645425,0.13611389423645995
-0.6937811742566148,0.16321701674142258
-0.7595863463182135,0.021906442892486253
-0.769723400269511,0.09852951620955017
-0.6827299533769461,0.1601608246262676
-0.8143680147626702,0.016554084449528928
-0.716891046656467,0.12300423952094641
-0.719640502831899,0.09416573303254586
-0.6936389038032437,0.16338379034981032
-0.7532855458287641,0.043006141399006506
-0.7321135262692401,0.13069653845724558
-0.7418664828578737,0.05872475006406674
-0.6931959175134813,0.12771827046836187
-0.7129459063091435,0.1937664617853932
-0.6793419661430099,0.14100939654833802
-0.7085606768510324,0.06182124856210265
-0.7105161486135776,0.15572289714959142
-0.7213635536644748,0.12227540685299165
-0.702926378126132,0.11995284458060886
-0.7409798224886389,0.038499620288242956
-0.710611229926317,0.045276214006420935
-0.7739047768582323,0.05050351671316996
-0.7085468725011626,0.15816893718248173
-0.7877631432547636,0.040308274421466846
-0.687450003876183,0.14856468732201275
-0.6849184873364604,0.09236037780280948
-0.6902561924625776,0.17830580828274684
-0.6847654850875311,0.05326991851923393
-0.6931416809415247,0.18105178605921626
-0.6655553610954842,0.12542431681155136
-0.7927693682507612,0.07001081665611421
-0.7448208771986479,0.11885288902262642
-0.7837196168562438,0.12527199772868222
-0.6783883069523828,0.1571516929369356
-0.7169433755730213,0.08116179616746036
-0.7444814626903465,0.041461627190758694
-0.7095139789728019,0.19702604507019456
-0.7369784094608816,0.07722610456936053
-0.7080639540483485,0.09598357267078067
-0.7161318288006278,0.09160276621861599
-0.7899881424260363,-0.019062718082258682
-0.7565288410833221,0.05883252464500222
-0.6683966182183451,0.17986989517446297
-0.7355845209261084,0.03482134851744758
-0.7253718910176399,0.11411306952771184
-0.6905424527687347,0.04699517192554853
-0.8001331258500942,0.04948740182866691
-0.7185791517661687,0.09711429894359665
-0.7343567226900134,0.05373225203461708
-0.6629939521142458,0.09074301171803445
-0.7265909893448126,0.06945682083987022
-0.7156664332600634,0.10478551157795468
-0.6889687252552473,0.1849160891306818
-0.7568601987662377,0.10244035178673873
-0.6983821121335253,0.09490754877283934
-0.673272656792159,0.07706888455470826
-0.6266649962432399,0.15349238396706666
-0.7306110956545444,0.11882933073053425
-0.7657986890356537,0.07291090760158873
-0.7858769831943894,0.08815242198193751
-0.7043269890259108,0.09065487355867845
-0.7232614190204608,0.1299780052751725
-0.7595731419634398,0.08397504203945921
-0.7252407807002718,0.13834892498180124
-0.6684163038948316,0.15475855551982393
-0.7172341132773208,0.16442733422200642
-0.6837825936876655,0.10629553377061737
-0.7162487867736398,0.14895049768826793
-0.7726926514653749,0.14532262816250893
-0.669691636672762,0.18710818911568836
-0.7836462539857085,0.07466036022151953
-0.7810277989571386,0.06665772948250995
-0.7886236175465037,0.08830157014017631
-0.7895915399333352,0.1095284340708612
-0.6968578484562695,0.17247597755375235
-0.7196716531395494,0.15543989655660354
-0.6865641012334887,0.07754952617776543
-0.6870142786412283,0.11414751831124374
-0.7586072209488052,0.14316633079943208
-0.763726399427915,0.09025423806898034
-0.6505290735405409,0.1539481285966028
-0.7331628083219041,0.10606819236303416
-0.7347544936054888,0.15913318804790905
-0.6669924850960823,0.09897446859657065
-0.7101844379694162,0.13696809416256941
-0.7213024200500341,0.15622378140134344
-0.6840900679783671,0.06724536501982854
-0.7810638722508639,0.10504794200357462
-0.7251016875461409,0.11864491386573195
-0.713269397353454,0.12391215201013066
-0.6459435405951913,0.116174848202995
-0.6824215148096162,0.13845147291145582
-0.6953582289222817,0.173749265389785
-0.656205883326095,0.19115545466464193
-0.6243580502589284,0.13691329432044427
-0.6813437241281608,0.11667097898302704
-0.7192571219543953,0.1370103220904947
-0.7417408170147777,0.048533379331023356
-0.7601042114554892,0.10188721929572749
-0.6614774184605844,0.11279989008186926
-0.7074423798372205,0.13696308101007446
-0.7301792337958164,0.15665966256607322
-0.7657021652007179,0.10695056985603522
-0.747775331715618,0.11551819613279458
-0.725134320340656,0.1729243739542295
-0.7858883925280582,0.07197796538682918
-0.6518631523193977,0.12249707949684892
-0.7432132984088426,0.16754767437733675
-0.7627744100606104,0.057917329078336056
-0.7094170887742031,0.0772694392816793
-0.7772662327523663,0.06481895570590246
-0.7339044189396506,0.07254362199885961
-0.7525917637664344,0.17056501352622414
-0.737260284641284,0.11715750322048894
-0.7904850989523252,0.03972433274345763
-0.6680926333248615,0.06693836187974891
-0.690231998323632,0.1713707317106701
-0.7628744364472383,0.12346156624082455
-0.7458811286429997,0.08037067051663742
-0.722780072390664,0.0765509708426749
-0.7153544338863208,0.11981620604569208
-0.8053788590115565,0.09500164608748239
-0.7310094179952625,0.15715598684219115
-0.6798030331523954,0.08107320953165714
-0.6652566028532633,0.11168180167384474
-0.7295887928927306,0.15078140636293172
-0.767198322755405,0.05939036972667963
-0.7021159462863604,0.1334451837770718
-0.7755887869925274,0.06437185259625909
-0.6964492712255749,0.16886432168821092
-0.6700587669958277,0.08697985775158423
-0.7173308018764913,0.16377625802492335
-0.7363987691181395,0.13415124301640186
-0.7067181323070684,0.10606280861747555
-0.7887730950022093,0.07962725124955651
-0.69594845949127,0.10038455057895848
-0.7440331316877309,0.11136990326129716
-0.7035719174893905,0.13701011216358322
-0.6455891594108295,0.1838694134114283
-0.7011911761347962,0.11960928642993766
-0.7817238905950357,0.03525882712110717
-0.6933351096594014,0.07552929520448479
-0.6427082212583615,0.20073671675424998
-0.6387224107863637,0.15887131640469213
-0.7748596094381739,0.11044101390523614
-0.7207691905115976,0.018674495479700525
-0.6669801944102945,0.10628686496430426
-0.7539445141017268,0.05726511859477982
-0.6556308690935313,0.19672257172905333
-0.7125116316245512,0.06111700491360192
-0.6944296658836835,0.09750933692175255
-0.7076577176165249,0.1295602953716478
-0.6564395183154179,0.14561090066389923
-0.7153972292966522,0.13735351329823225
-0.7089999795738157,0.1334585891062468
-0.7267044795355233,0.0574680040776329
-0.7789613343726633,0.014109184927228648
-0.7342894971042239,0.12270735596086244
-0.67058316344346,0.15312652197879473
-0.6904852156874973,0.18714511961344105
-0.7099543675549588,0.06819617902519425
-0.6557871488318753,0.14232148195974104
-0.6972176692943884,0.14331052687011014
-0.712952870463213,0.10034890269115157
-0.6952432891633553,0.1381652751602164
-0.7008751026976906,0.045549332997044646
-0.7216763847683113,0.14174260897311788
-0.7420732954105373,0.13812098595045869
-0.6598823941223159,0.15454087406446618
-0.7535363515424408,0.12734128516541937
-0.7604168413624942,0.03846591184646317
-0.7145935501479719,0.046859561483120954
-0.7767116298537664,0.053697337350427504
-0.6538282254280453,0.1813512251081738
-0.7059723151147985,0.20080196401511377
-0.7419863311221953,0.08806469225211895
-0.7279572685749924,0.11911562253662361
-0.690503024348839,0.09496502146469851
-0.6364011558982453,0.1830979882183168
-0.7340972648107568,0.13224683451372343
-0.7079115982304991,0.12070885366098281
-0.7305784440412311,0.09271855575296611
-0.726692903460991,0.1162267353918885
-0.6886393670630645,0.10365681755885588
-0.6815602232520269,0.1219163048803248
-0.6572142318782069,0.09089751988821884
-0.7375350850668106,0.029897281791715545
-0.7302864083035772,0.17025858281366135
-0.7000501841069982,0.08919544155289902
-0.7468665627043787,0.12009791207761027
-0.7199908078807888,0.08302575806879191
-0.7176840465244676,0.1625923728337628
-0.6959615660882771,0.1316835697906907
-0.7079422316299064,0.11698592298988397
-0.7365450632287204,0.1442858936902865
-0.777042320803467,0.08917120426902482
-0.7273763613394891,0.08492326034258196
-0.6948451043945381,0.12817492414264725
-0.7036082464725332,0.1552001161434843
-0.7177715495175112,0.0931888355772488
-0.7372483930657843,0.09556965170729756
-0.7773776164238803,0.01974357839935671
-0.6886123707759989,0.08595203455925553
-0.7049949546404867,0.12740255423897479
-0.6987092848545715,0.1535696667063954
-0.7677750519482931,0.05538067940218918
-0.6454196123868572,0.186435624820195
-0.7725581992228548,0.08284426431693268
-0.7140783053733915,0.06758709461788974
-0.7373054388637641,0.12614557600678883
-0.7334129227013254,0.030008977759385096
-0.7435451823569742,0.10856820527206197
-0.6720701832065576,0.15413544837443138
-0.7117511600365984,0.12957556845238047
-0.7403413820397788,0.0717134546101516
-0.7521354569368104,0.08223994325464515
-0.7455660901194543,0.13365349502227483
-0.7372333718298023,0.10082305685772616
-0.6586976058686513,0.15321068746610897
-0.6897723166940763,0.14173080776283084
-0.6377827116932945,0.1703510475651401
-0.7166896714476049,0.1585326539246196
-0.7336537437072558,0.03809913428981597
-0.7534892712267013,0.024800394541530678
-0.7024817720354161,0.14342324599254178
-0.7190751809466264,0.11240560051467591
-0.741935960735698,0.026030564582263476
-0.7668637796804141,0.14932907586223404
-0.6900633418614854,0.09028248154345013
-0.6629037774402042,0.11077704450209593
-0.7043436754175995,0.14796161217444023
-0.6719337274445023,0.15073880384520866
-0.7191310646001401,0.17846394194587847
-0.7207204696047526,0.05507782220701813
-0.6492185097141892,0.1269818503024154
-0.6397580282249726,0.1693386465489848
-0.7102398347127278,0.1325952057251475
-0.654441010131991,0.13787533193326026
-0.7236038433220305,0.1401324770687258
-0.7276206649365029,0.09579955139066815
-0.7024759918512306,0.12348877911798112
-0.747609719075519,0.09380410829840222
-0.6949912097298349,0.14830763324012036
-0.685625570607933,0.09959061201545995
-0.7627083517839496,0.04163315841999768
-0.6946540948942779,0.14912436405391458
-0.7843715332260752,0.08305925826665525
-0.7486890855333181,0.04395715643598746
-0.7975968572009586,0.04881792183175595
-0.7215208087118719,0.10357787292266211
-0.6767090176125025,0.1731082610900563
-0.7195088848016885,0.12758305435865713
-0.7085964669198886,0.09824221714797124
-0.7209394423901543,0.0822570478162433
-0.676403077286946,0.12504500168806076
-0.6796388273443347,0.09651145152423463
-0.7258142016789463,0.1308292300959612
-0.7528339521608981,0.05866164932770766
-0.766014268998537,0.08774693281872628
-0.7971384654771271,0.10070363081477278
-0.6906875722284018,0.0854751791046817
-0.6403608909148047,0.1949208517020561
-0.7345982462358657,0.12105548951468899
-0.7573760130312595,0.03811166461521982
-0.7143401923039608,0.09020356195749822
-0.712991875508817,0.11638641870327145
-0.7534185832686148,0.1062648273578122
-0.7047774008254801,0.11940929937846845
-0.7073005278755261,0.14685330591177762
-0.7524788622186873,0.055935628668767376
-0.6955266451608283,0.11070503023329062
-0.6987768957743339,0.09913790668928249
-0.6512135769647999,0.15787202660343508
-0.6889022365852541,0.11650429824658606
-0.6571304490160184,0.16481344299881234
-0.6286929269426055,0.13995765515565112
-0.7317291229552972,0.03662847873975721
-0.6650954195502708,0.12196554786781683
-0.7259919855723371,0.17164672911016804
-0.7273566392891694,0.08437474043667956
-0.6881001517979092,0.04602580684333634
-0.6636105276116834,0.1195303350430281
-0.7594079814058586,0.06174472807983074
-0.7175188308866031,0.07085699750666616
-0.7531348771825813,0.08063842538665113
-0.8031535169798134,0.09869218469627943
-0.7347190781894305,0.13748298303008924
-0.740795319261904,0.038632171554895754
-0.6691165858816344,0.09195141637522962
-0.7407913962939225,0.06441386171663502
-0.7440834648174287,0.09048825751862868
-0.6727401442195501,0.07485417374902856
-0.7732923633527072,0.10298635384401082
-0.7518653233223158,0.09843994551423313
-0.6756212953561709,0.1301126185555046
-0.7346397564745738,0.022203543778003376
-0.7073252841940932,0.10514823460995076
-0.702297109140867,0.13848301014123424
-0.6662562138315754,0.12370425982072716
-0.6346243429591882,0.13510665962407595
-0.8106440972397578,0.06428388658131855
-0.8038101991873209,0.04813023469666081
-0.6925576790569066,0.12186160192995382
-0.68303972447069,0.09098034691016872
-0.7256344090784299,0.10775122710169222
-0.6568724408471984,0.120436752216343
-0.7410315328339586,0.17285283744258884
-0.7052101457928315,0.13304398107016657
-0.7935493946360065,0.05539414268687697
-0.6880366521970502,0.07205121945113667
-0.6658111926049736,0.10379097424632956
-0.6929144775220412,0.15138610646421352
-0.7466569007831184,0.033947176993027135
-0.7499643436706324,0.08150399344500664
-0.7764239938818114,0.01551554496397794
-0.7433217738594889,0.120579412868793
-0.7161261151373035,0.0645879687763965
-0.7854827261936558,0.06199787712806838
-0.6789512906018602,0.1760892845249928
-0.7354362939319299,0.14915456904446941
-0.742063445822841,0.11620599424234064
-0.6750113440374298,0.16923278163577696
-0.712158890382245,0.05895747786660192
-0.8014317475647396,0.008593314790877767
-0.6913703401488387,0.12221858866481497
-0.6723131511129019,0.1252629113425265
-0.712930431605992,0.0861613036976981
-0.6849021610945769,0.11508725922971563
-0.8142032319529459,0.06148936756893821
-0.6910990747285284,0.12690681871108356
-0.7933960454936103,0.11381809248249503
-0.747111895415044,0.09805533352811485
-0.7007911781412423,0.13398524133653866
-0.7288396242899745,0.12378275729499914
-0.7557270302620057,0.10002243364222929
-0.7384131985111686,0.13007260403670526
-0.6840880967224622,0.17650964839367728
-0.7286409651052621,0.08630561705850558
-0.6512566909451444,0.17234096457015885
-0.6663718458042974,0.15963510736844136
-0.6760242702786475,0.1600588305905699
-0.6937750674966933,0.04499457573490066
-0.6806050076547029,0.11241221008538124
-0.7573837545844142,0.013316316627953685
-0.7071116531223581,0.1680096615466431
-0.6891271277322012,0.07946985789418287
-0.7324805529151349,0.12150893879161323
-0.7435472982482765,0.14133380640548449
-0.6493253252301385,0.10800283205540222
-0.6644735430664058,0.11676844564709568
-0.6894313869056758,0.1862999221192641
-0.6570506293587136,0.17377269657807243
-0.646065328408954,0.12811664337572773
-0.684926312871927,0.1259903466054207
-0.769425048591458,0.0792861282713356
-0.6975063057532038,0.16110208974142257
-0.7323045278303874,0.12785875317894227
-0.698207138863393,0.15944194588125857
-0.6983227186025184,0.10288631528819185
-0.7079113996306617,0.058661436806224876
-0.6929506384269442,0.1772799474825364
-0.6828601670113965,0.12533018858534573
-0.6858364998641081,0.1417711027023855
-0.6333868671071743,0.17771279290303874
-0.7315619496079745,0.11238737471101529
-0.7481509744401061,0.13931290374481198
-0.6690418028894077,0.14998387635029597
-0.7908274762197788,0.007764172061000337
-0.6927344034156684,0.15523644769342088
-0.7062810254597319,0.13469402123358876
-0.7432084728204079,0.12826132408660534
-0.745089505110393,0.13534799638600611
-0.7407140846693875,0.09241916859928315
-0.7508466452603781,0.06500379552511266
-0.68945941633099,0.11781004252205547
-0.683006437780497,0.15361642164480263
-0.7239560858618841,0.1057513740366092
-0.7049709353424797,0.05927756219445842
-0.7245888654365421,0.07701092864987616
-0.755827610786732,0.06859025245789462
-0.6698071282682837,0.15731094560045897
-0.7464754741865204,0.1029452289475141
-0.7087027630408285,0.08024054351029311
-0.7164711941886145,0.14722982525549613
-0.6970168514896239,0.06858621881612215
-0.7042055683357169,0.14320908673042973
-0.6628768111703542,0.15422438257501098
-0.7056203357606653,0.15291423656183403
-0.7877630768368487,0.06200930582408761
-0.6897901945091566,0.13385155025735634
-0.7067973647354525,0.16263876584722206
-0.6974819580743894,0.18724316432002236
-0.7731296816835757,0.12466598800529365
-0.6932015378536389,0.09413168794413783
-0.6860881389525143,0.0744598915570137
-0.7090427917962023,0.049907895275788525
-0.7073841878225925,0.09288666820018239
-0.6640577108830074,0.10526299944428083
-0.7906527258876823,0.05610789411101539
-0.6728370334937698,0.08897016008445335
-0.7826064358822218,0.02512781872770369
-0.7135202745817336,0.07951174746103291
-0.7672484306156417,0.0880507448138738
-0.6813398608614746,0.16860491081383464
-0.6636637728211788,0.14585638786505145
-0.785862094016778,0.09374101636029267
-0.7232016863514465,0.10652922215549393
-0.673146458564685,0.10548485671397208
-0.6801776073639538,0.12366958312707158
-0.7066559886473696,0.14355076228386518
-0.7314108489909715,0.1760840781266274
-0.6979940278537773,0.13110627243779277
-0.708734837122306,0.0861762770790485
-0.7306467917316468,0.14948286875154643
-0.7209623667316405,0.13183198840358315
-0.6932562651818053,0.10238186006212456
-0.7098322601906574,0.10326325330180819
-0.7112704683687053,0.11674646466444173
-0.8250413471631451,0.043221483188640636
-0.719843913417899,0.04940807949913359
-0.6416313950080362,0.12899387649270536
-0.6964791673418795,0.15585504305851955
-0.7644070820082691,0.04407182449750472
-0.7064413925122645,0.17313599610080466
-0.6814761581631434,0.08351530461184324
-0.7125079498245499,0.14319979458214332
-0.6904073508946158,0.046737147762692915
-0.685318413535485,0.17496866005282277
-0.7199859815591706,0.09041421410930427
-0.7570288798704676,0.09821004406827459
-0.6626842845333626,0.10337048260990035
-0.6573432241655849,0.09093873619745522
-0.6595043880053055,0.1452369090770991
-0.6993821781934927,0.13027682952387934
-0.6639468656423881,0.14011011396400724
-0.6925106019038575,0.10858072658412976
-0.7357946003859362,0.06809728760184355
-0.7220555456118564,0.03135627541747185
-0.731027060019726,0.14452037864169154
-0.704878774719585,0.11919805564964553
-0.6667930908323255,0.14413591545772364
-0.7422087695723208,0.0915353134820151
-0.6639959311753936,0.16770508624016545
-0.6311072262229007,0.11766805246584776
-0.6578140704916987,0.12775480310147497
-0.692533001603027,0.05391167174093153
-0.684854528424704,0.11940134571695533
-0.7126707191644704,0.15805213180158226
-0.7481491214652811,0.03367208951332687
-0.6543305192984883,0.09063247204983794
-0.6901305668932566,0.17086025375194347
-0.7463336271957218,0.04143431096831244
-0.6251906658332522,0.1640280873004688
-0.6930506007606366,0.14168703546280906
-0.7237801472570723,0.08170006195602328
-0.7462747052929669,0.13029013804196551
-0.7974789651267467,0.050006690670732504
-0.7268580582061918,0.04765599916494374
-0.710296117315118,0.14572001082877906
-0.708269871927226,0.044050990799068684
-0.7529525989955254,0.11082421734466515
-0.7065356750271448,0.09168745020875232
-0.66267239360369,0.12977030026293127
-0.7071582425532708,0.13825789746987702
-0.7687464787376106,0.04891215951653422
-0.6734663871560201,0.11420501976729501
-0.7289913352076772,0.16274105939009675
-0.6698667391902882,0.1183713784626119
-0.7203253468708973,0.12382057972683806
-0.7242819535452228,0.07691188274165776
-0.7445952213029637,0.07691019651951614
-0.722765298080752,0.03509885226713801
-0.7175845538606007,0.12425434182026313
-0.7084286408302206,0.14369214180136106
-0.6936021320396422,0.06858602446367494
-0.7083491376838967,0.10570700203280711
-0.7092411752327771,0.16444356400780524
-0.6717081237921163,0.19527916266801199
-0.7075998008878496,0.16227023803038806
-0.7506648920704045,0.09921503187644515
-0.7697221191547002,0.03916514375529786
-0.6486037497347209,0.1282027657056351
-0.7825969638401065,0.12674163911580205
-0.6871158374995108,0.1406200347512373
-0.7124990745114496,0.0826118009652092
-0.7110276934386263,0.10768293608725056
-0.7303922023390792,0.08590830799377717
-0.7298431855649803,0.13645922054903614
-0.6525350605162549,0.18789936427453605
-0.6987107994745039,0.06236869681090927
-0.704398219291132,0.1262052479796456
-0.7552302957205733,0.05640989644801832
-0.6659682803538444,0.20269013507791023
-0.6890187334378182,0.1628424791323826
-0.7288794043735787,0.03311096171055475
-0.6290963873482458,0.16201182198177602
-0.7099126321392573,0.12308836137124278
-0.7813887635657819,0.07158534648068916
-0.7287428953721494,0.16190509508609516
-0.7078608138669888,0.15810392321661013
-0.6750858590524074,0.09355234790380712
-0.7897574133186833,0.06823587103259281
-0.6449667436746894,0.14524040652343537
-0.6843069018418632,0.10513987682230408
-0.6883957633541219,0.1770945999783476
-0.712617678563556,0.11212924217091083
-0.758579005642288,0.07099396081293964
-0.6666925950989017,0.14375390075594044
-0.6794433661538701,0.12387947369771998
-0.7129244237010538,0.062072299311719
-0.6760564049079272,0.12115715228428428
-0.7243099668927601,0.08735179506918064
-0.7188216900300721,0.07767892016084771
-0.7723837260722152,0.10511892176232895
-0.7704767146954244,0.12459239933111675
-0.7212042860157186,0.08971426147578075
-0.7511329881019244,0.07277165193308062
-0.7094688979088399,0.10496967909758413
-0.7553872631337322,0.04298397664211028
-0.7392733672115969,0.1304118815270034
-0.7797560105871535,0.07676636982094986
-0.7355564964423672,0.11549426140280812
-0.7179083131910058,0.08950412694415805
-0.7493118817532048,0.08854608322453156
-0.7332464761054274,0.10537355197875378
-0.7309450395186805,0.1199085723901121
-0.7405604553314091,0.10489816614164753
-0.7330488440923535,0.08262038875584571
-0.7082972908002377,0.129247246262144
-0.6757420836035094,0.1599052164603884
-0.6935303612407702,0.0841744320865168
-0.7030578481281796,0.10872815000083147
-0.7265115328151717,0.11048309642260117
-0.7495408539696066,0.11894743854896367
-0.7357402850424354,0.05899184492617173
-0.7307638753627356,0.0928170228420361
-0.8065670847523803,0.0802722277393746
-0.6399021343426929,0.10162464538090729
-0.6604405955903788,0.1490000402809357
-0.6476322782912762,0.15992915233795574
-0.6653589200847978,0.15658775945221343
-0.6716152668654686,0.10423034039453584
-0.6911529941146386,0.13004033991119537
-0.6995125899340265,0.16281001293974562
-0.7049864673664593,0.11924674723884326
-0.6825197206856805,0.07348229905665671
-0.7131266062016082,0.14110700014822405
-0.6380104410561819,0.14514168572198877
-0.6933480651496726,0.1620788363562934
-0.7241442074065705,0.0990886288871803
-0.7510123417950803,0.07897407058859648
-0.6893281863454587,0.1163481644211526
-0.6843070367283284,0.14042560883855673
-0.7668854521074794,0.03318444035718407
-0.6978120831073401,0.10119090072148774
-0.7036537637801139,0.15060889423683044
-0.7026142620003356,0.11635158201459322
-0.7354143501648234,0.1405012464343916
-0.7325640735709265,0.11489916435027821
-0.6813931597592775,0.1065696804560261
-0.7540336921479367,0.12461850672481835
-0.7804595764503476,0.04970173875181376
-0.7484989804593071,0.15081386247200368
-0.6738350610006468,0.09952132564679168
-0.7777121556580784,0.09308678093220753
-0.6880471074624016,0.08030075382598854
-0.6912735502288528,0.0857248421770364
-0.7504122401735333,0.13321651561142017
-0.7000192921982061,0.08895024593045232
-0.7663108447477406,0.08846919117959401
-0.7556452762498694,0.05250570536414822
-0.7427876591226192,0.08772850459538342
-0.6656237859290651,0.14931339086765635
-0.7053117378474134,0.17865016120830385
-0.6818082886299801,0.17273058480395267
-0.7273724875321564,0.05641787310735855
-0.7088801937269869,0.08065533643964978
-0.6803020817957329,0.09788110190317266
-0.6647637257340333,0.17066721572627921
-0.738578025862149,0.11408807360734223
-0.6768126101698513,0.15407724160971173
-0.6824261826535581,0.07031743733977092
-0.7084359934959037,0.0726963709573232
-0.6746818296679453,0.1583687614580127
-0.697785274783925,0.16411205008334195
-0.7360985884748257,0.11787778568885467
-0.6582296907157585,0.13997945457533972
-0.7256935208093104,0.07072507601797272
-0.7302275020935286,0.05989498030606843
-0.6862627017148923,0.05790512663574434
-0.6829581030026826,0.12179055399947047
-0.7630604310494852,0.13365807538382826
-0.7624074094669986,0.006992092267090536
-0.6867054335772974,0.09749196795965845
-0.7246909990751494,0.042678555766943495
-0.7377442475666571,0.10901138738328074
-0.6642471667553888,0.0962143674541589
-0.6684316263775314,0.13167027564352454
-0.7187566029014709,0.04644632910931557
-0.7733150994115213,0.025100892135080616
-0.7057856413969501,0.05718413315692151
-0.7115258864345013,0.09357818954939388
-0.7440620483637723,0.10270976228274184
-0.7143291226830885,0.056874560607778936
-0.6942142306533061,0.10412093029403781
-0.7010498829547946,0.09910166481989109
-0.6604837799692259,0.13459068352981027
-0.694158782013395,0.1924272480979327
-0.7318536234148636,0.13572623971426992
-0.7598945420728594,0.13783479101652643
-0.7280348367371884,0.08063647724375039
-0.7430897071423754,0.14386911782464176
-0.7339926689605937,0.07685681738239118
-0.720416641004971,0.1603341040678572
-0.6816558512977575,0.1869404028851597
-0.6915554718661341,0.08046967256145578
-0.6750338163495985,0.12716082721893032
-0.6929948417487172,0.1319648269016894
-0.6557999589410496,0.18070624562324286
-0.6924219564541093,0.1934097204910181
-0.7375496302243277,0.13259356622953222
-0.6544995510613283,0.10987951040491314
-0.7254011083715043,0.1622200111896365
-0.725166172777636,0.07342825412107376
-0.7754556606340905,0.048316889301693304
-0.7176249479767317,0.12425522224291105
-0.7248761530464511,0.17901939100025105
-0.7104396604487122,0.08847303320375757
-0.6828034881184121,0.06813345283407181
-0.7445726377622504,0.11805084009990949
-0.7369193247654473,0.08695601639342505
-0.6476788885148859,0.1592823813842833
-0.6628339668467769,0.14015311330791513
-0.6706925882973739,0.13088446162017162
-0.74885119780838,0.019145063048591395
-0.6403240135922278,0.14211572987364549
-0.6886788136677304,0.11549453613755245
-0.6438781944480814,0.15582128831779227
-0.6881085157158238,0.1280892369906179
-0.6430068337601111,0.1403155631213251
-0.7363675808548924,0.14254835719728978
-0.7157101237838314,0.10611233380460411
-0.7229733475158238,0.08028257629058337
-0.6611591708012783,0.09498475434997172
-0.7528967567779328,0.12215729658487867
-0.6994502166134754,0.12100429316990349
-0.7466541443476261,0.060505899874255954
-0.7167510604996055,0.07081427019846766
-0.726195808901468,0.11935727037338524
-0.7154166160229967,0.1255311479056499
-0.6855012500068514,0.12690130353654508
-0.6909719884199087,0.09153435362217947
-0.7618468982941206,0.11029199961878529
-0.7178442568428011,0.12233863381042004
-0.6669753299520244,0.09503885862589458
-0.7127137662963712,0.06276731892276509
-0.7187838812566892,0.11695273575696143
-0.7381831800109863,0.11333966884325507
-0.6518458482745769,0.1182393832885283
-0.7677094792786261,0.017933960927587273
-0.6258225475083081,0.18187742435340734
-0.6605642550939648,0.19221081968860323
-0.7095693476994106,0.05598620601250261
-0.7469199061828871,0.03420960734357026
-0.7767824975680304,0.0787646529514213
-0.7131902487548303,0.1223205645020878
-0.7030929784126405,0.1345833615211475
-0.7706453537432271,0.10782804631305105
-0.6574868841763616,0.16625249580076976
-0.7496399772869409,0.07347925515401975
-0.7178756554069151,0.14280342653113856
-0.7409229174509155,0.08622739210937493
-0.7091645673069218,0.16616571154218585
-0.6865609375080913,0.0413950440198373
-0.7805119361002172,0.09435968977550135
-0.6970867982435338,0.1613402416695797
-0.7317916295268111,0.14997224231783862
-0.7620184363808234,0.02804885931429246
-0.6855983113424077,0.15514962412120958
-0.6909956280026831,0.12064622361397455
-0.7778676973454703,0.11309899482469112
-0.7251450581689243,0.14138831185002754
-0.7047306622042926,0.049874065691641684
-0.7052812856982338,0.09900590911718461
-0.7868810120324199,0.035080177716688705
-0.6964698337762787,0.15303419333620935
-0.6663901327879005,0.13894578960378545
-0.7125237822760749,0.14287220455905542
-0.7209266271260092,0.06687627472890145
-0.7828532384405993,0.08941387115488741
-0.6979175764643336,0.17654669792092745
-0.6810661077165531,0.10064686175988183
-0.780765448465945,0.03409560388050035
-0.7554504037414937,0.06855393545624795
-0.74650953426828,0.029094073295559082
-0.7195757988563539,0.10050095329844311
-0.6927998973689612,0.1431799587923759
-0.6878868275723344,0.10030672810221286
-0.6796580781025359,0.17047658870060478
-0.6802437299628395,0.10592990136723991
-0.7589570861284446,0.10974834786402136
-0.7106428041006907,0.16420040992708537
-0.6954010623047889,0.10615330458301597
-0.629418623728261,0.16223649828777476
-0.7301537983989301,0.07744610825104192
-0.7146620564547953,0.08388404458889172
-0.7377733041180562,0.10815621076080373
-0.740226969081898,0.06300139681378164
-0.7597765006300261,0.03612039136141168
-0.6329168202628928,0.18153549672069313
-0.6997729100685658,0.11117420231562923
-0.7286266372669167,0.05404780573836068
-0.7491642126955943,0.09256533649969707
-0.7768928237605153,0.11527200257758877
-0.7425802900738446,0.09040991339104171
-0.7244416732508836,0.08175903117317782
-0.7442230569904921,0.08614910125099022
-0.6422610509939758,0.1448033039124337
-0.7006853013868704,0.10673138083629753
-0.7339847554883242,0.08666654514577175
-0.7150072749502401,0.08040478359916607
-0.7275338343577956,0.1389852092082024
-0.7212156840406485,0.09874577385500746
-0.6390452558658865,0.1670777167151062
-0.6523669422139541,0.15892054499954977
-0.6537466596804201,0.18125292139940036
-0.6736123137731963,0.13858238577863774
-0.7401875613303273,0.0335675368163023
-0.721529104306787,0.09216664743168702
-0.6880966645964084,0.10025707962033531
-0.7586987822681347,0.05485447808455678
-0.705009736835771,0.13040607057870918
-0.7204002508188091,0.16569330669934254
-0.7298066140447753,0.18314155826107043
-0.6534483498059033,0.1524073718909928
-0.6854339779807711,0.09685122513626136
-0.6922236663352438,0.07730923300989989
-0.7442064947196426,0.09792950811312749
-0.7541099506713812,0.07376383357068257
-0.7456837750013244,0.14686264576846078
-0.6616988102020852,0.1602949024714935
-0.6418506517796634,0.15331828660885732
-0.7559435741261462,0.048761030902189306
-0.6895231165285542,0.15808121339359754
-0.6881731298276675,0.11879244377572576
-0.6800839452466757,0.09441734366905703
-0.7406326534434584,0.12447775565351836
-0.6450035417853521,0.11308044323073692
-0.7347264748805271,0.051365465966544906
-0.7127668961249263,0.08053171673218806
-0.6982883892552361,0.17646223735901345
-0.7218427075661391,0.11547652958628674
-0.7448058398594786,0.13963628439496098
-0.693923804149841,0.15573180537325654
-0.6618953242335524,0.12341340922576963
-0.755955197800505,0.11842653040955191
-0.7051619679462414,0.09495575161945018
-0.7123563559138655,0.08910436055622721
-0.7433914670572572,0.14235806517529767
-0.7412445989026397,0.08688410324410718
-0.7453401295512346,0.02566173731743573
-0.6806134031655894,0.11339379161805839
-0.7356241204949399,0.09291047268461476
-0.672407401759264,0.14709334865755214
-0.7268648894614385,0.09635506420111663
-0.6705183066173261,0.1357264203146003
-0.6952708046408987,0.1346005610288467
-0.7758628709786386,0.08962839774047492
-0.7138941347213204,0.1006493078879927
-0.7351626671710982,0.0018252668158768677
-0.7149196807236464,0.04692699703254406
-0.6871527527027785,0.1377841249793782
-0.6662445170514978,0.10239933201416442
-0.6882478190225397,0.11902947486358646
-0.6925889185251835,0.10681995216607319
-0.6643200698048584,0.12076223115149377
-0.6687794080236442,0.09228350988821811
-0.7496817398442761,0.13302237491011878
-0.6933439634423006,0.09338079372893927
-0.6909013321509873,0.11767283131534183
-0.7826735291372475,0.09061406424521248
-0.7219999111771994,0.11088204568120145
-0.6682581063827302,0.10869055607026065
-0.6979617406406189,0.15056948537320716
-0.785827723224187,0.04161828566406646
-0.682295855615228,0.12605868789130384
-0.6605919604224022,0.14058524067171804
-0.7071433820341635,0.08083169378996463
-0.7457792729073768,0.1524644560548656
-0.6671551071427974,0.10507981798534646
-0.766298849397419,0.01905656677078693
-0.7048613710318593,0.13174882957922934
-0.7163597837082694,0.05486561167605968
-0.6578377265008905,0.10516658969668928
-0.7121522658550663,0.10608471775300998
-0.7030069681865468,0.11383091818135747
-0.7198033378665164,0.06974039446947947
-0.7729343799718552,0.12024304048684772
-0.8032454966630493,0.011692064310370209
-0.7140641997188095,0.1589610086441416
-0.7171268993310976,0.05966432041996183
-0.7071824061917197,0.1527541776561864
-0.7280337438624802,0.12500656247352562
-0.7270855410317014,0.15635362788229096
-0.6434113945570094,0.16994506624986963
-0.6681891175618162,0.15053950306918895
-0.6543877919710177,0.1492864440846879
-0.755949624622108,0.04792022882949968
-0.7655694726067882,0.07370445175990827
-0.7698608219906603,0.1083838610014203
-0.6903706555342163,0.1664563084711509
-0.6778575616654507,0.1490034910008402
-0.7210842218296115,0.13045710429594212
-0.7352705514960638,0.08047425885005356
-0.7150440922811004,0.1214959197459074
-0.7370289389281096,0.090612062203402
-0.7527283969398748,0.1421452940851519
-0.649526713831145,0.11398481707403799
-0.7798454681378579,0.10342448177279738
-0.7102926927176333,0.1366962957306983
-0.7903344720459348,-0.009741396473965106
-0.6615541030834335,0.08746036286599465
-0.7045001187657273,0.1578626252454518
-0.7243785451828437,0.15983494735852852
-0.6927702884839062,0.1096163681502974
-0.6914854745273136,0.184776716645723
-0.6678062676524049,0.16487756498185496
-0.776392135305079,0.029322710124046573
-0.6657317083056968,0.1406208825915274
-0.760409839173652,0.1302305887329294
-0.6884348292425901,0.13353978622460352
-0.692430187540002,0.1416203836720397
-0.6663229482276035,0.14243041077036966
-0.6481789537802086,0.16339851820430262
-0.6664415542083145,0.13380533499657357
-0.7118623211879472,0.17323543519499784
-0.6478888155607992,0.13937890312806164
-0.7072176612026825,0.07060301778803124
-0.7018602061579114,0.04808797786654058
-0.7455962894526813,0.05791367106537929
-0.7836027518618366,0.05031719145066876
-0.7363062703753022,0.06407200886214148
-0.7538415259797694,0.16412690795984658
-0.6908458716376211,0.0676722817299781
-0.7699637625579702,0.03658653570983163
-0.7592153056880111,0.05599402594069665
-0.770204718621163,0.07341167204300852
-0.6626549295284109,0.14611091950077879
-0.7431831590957054,0.1229906883573443
-0.6778619990155947,0.1709546590552691
-0.6989002488569607,0.14764331852109666
-0.7279982011906686,0.0823549186371301
-0.6633543580301353,0.16363335401331391
-0.646598894315762,0.18231365345244896
-0.7608791929430225,0.13364552585533282
-0.7129135683845224,0.10587875750906622
-0.6861242159590528,0.125245454664586
-0.7417817772783396,0.1002054369305872
-0.688679558258901,0.09874706243994849
-0.6998432034522571,0.12231513822788039
-0.6882174222679021,0.13679944922825452
-0.7544196933594587,0.08486194102067102
-0.7427085837996663,0.05907763227136755
-0.7254083771371321,0.1082795901215661
-0.7069926267103361,0.057321062701589695
-0.7569903069277423,0.09128037438305536
-0.7551921860383544,0.12852129028063383
-0.73345076576238,0.1277336343374302
-0.6510785838537054,0.08673410802277098
-0.7252142337970988,0.1216974126419147
-0.7018655587088486,0.15558504350957214
-0.7441793031254496,0.0932914153518425
-0.6982186465690382,0.10312468544105936
-0.6785938286540125,0.04877573860436678
-0.7090510556735932,0.12523648347818203
-0.7378038012041317,0.11754570954948683
-0.7701534069616613,0.024100537945443153
-0.7643807730701043,0.03297161169893577
-0.7161016087644201,0.15275667615979796
-0.6770133996725443,0.187040327609653
-0.7653375466730347,0.04052986655727213
-0.703487748558332,0.10064045414126227
-0.6926854326365764,0.08241412915103882
-0.7438067412866282,0.08696278210459646
-0.6893778949702469,0.15844715972757298
-0.748281765132377,0.10680157800883397
-0.7698125691482572,0.07367407689626697
-0.732726913385963,0.04164306044766208
-0.7086298548504617,0.06702339389727666
-0.7376352793152753,0.07004838381615702
-0.7286644438306618,0.0821399910323025
-0.7307254082616768,0.051142388381141726
-0.7775756722979044,0.0923930347195636
-0.7345693732826671,0.09158359948229661
-0.7126441524276402,0.10596727322400545
-0.7711320715858853,0.017041644862166732
-0.7236995361016727,0.041006761903353076
-0.7100933775415975,0.12440982250035228
-0.7314973840083239,0.05096808430174153
-0.7740361776505317,0.13658848302138452
-0.6770355484955977,0.11589881254636182
-0.6777980891883929,0.1922901854116033
-0.6710252652666628,0.15339635741435848
-0.7134573256171949,0.12520897894960886
-0.6899286603520502,0.19925571007041437
-0.7006609277948475,0.1282553944376519
-0.6732616186545868,0.13253249894831937
-0.6982906155894758,0.09295953896765487
-0.6912712897965911,0.17216495656693237
-0.6896057637579093,0.15351702359768282
-0.7391811666338791,0.13686864211753683
-0.7076546453304249,0.17235197450379033
-0.7634505876453216,0.13072084056629665
-0.677554755841306,0.1852213730691405
-0.6839797200598808,0.1197570064428751
-0.7901607875328741,0.10137219534519656
-0.6843725031962448,0.15377193957678104
-0.7039335697752473,0.10147833036783799
-0.7150142335189916,0.10184985590554939
-0.6669844031686981,0.11689884704305598
-0.6890481298918809,0.13631224734178687
-0.6833074224865541,0.08220215505124757
-0.6804523413654154,0.11551219414848123
-0.7182255616857893,0.06466617887612998
-0.7053540551371993,0.13579202594773
-0.7897842732602215,0.12221664351447051
-0.6649935128319571,0.1377284747235027
-0.7643516741796202,0.14218980788417598
-0.7722890919905039,0.12971584724484306
-0.7486259152172594,0.1052230262449044
-0.7824266869996485,0.13407420043214907
-0.7567647035278884,0.03690861594061403
-0.7548665556389794,0.0925986078588516
-0.7039660217009339,0.1564975349031175
-0.7422361274663936,0.06357954280270957
-0.6881280548299685,0.09307935042212824
-0.691232387884693,0.17660959646217797
-0.7695394253237284,0.02243863325016455
-0.7309930130017964,0.1620068567570649
-0.685719534022225,0.1806891982883551
-0.757953108842639,0.15839098225221926
-0.7884551716348529,0.05176731074903407
-0.710918908248085,0.05579610950832451
-0.7736776714870138,0.032314110989102994
-0.6765376787830323,0.15439546690965705
-0.6873507707221597,0.10576463205337017
-0.7117752149649431,0.18269203063020603
-0.6436963730808553,0.1703219338388665
-0.7821137579412127,0.11623133569912014
-0.6916417608621261,0.12626702889067065
-0.7751109638822968,0.07721331091908686
-0.7706088637771847,0.05721170251950098
-0.6472363444837023,0.17540817652753993
-0.7289447646461271,0.05024693874347284
-0.7733232351188417,0.06037676487183052
-0.6866540989141501,0.051238436847859316
-0.7015947838050921,0.08438411778995514
-0.7126318879208283,0.18035320649917633
-0.7497197868794382,0.0823645283001706
-0.7002280866800519,0.14484394975648146
-0.6695783704161314,0.11462164223337616
-0.7049636894413098,0.11736205224779427
-0.7053153475194983,0.06551232105811058
-0.6804086340768839,0.11559368652222432
-0.6878945984284431,0.17021217612199746
-0.742576173928169,0.03465080992499333
-0.7184850620434623,0.05217020291736307
-0.7177816975849638,0.10855336143992483
-0.7144921337792663,0.09688187304620882
-0.6799977546826986,0.13821931238297908
-0.670462360952418,0.11551123327399203
-0.6887349542602432,0.17641280054186115
-0.6978007142888175,0.0771680379735033
-0.7657350907756276,0.09438323393666219
-0.7478666243473776,0.07461010469984448
-0.6811495391057217,0.1445452497135158
-0.7289647912544779,0.11012473341195793
-0.7379661891752155,0.14097789300976718
-0.658143655021879,0.15614764570905104
-0.6717112048752493,0.1308024195415526
-0.7781762060322897,0.007939531579445736
-0.6407596376648075,0.1505351547934458
-0.709314252428426,0.11544641338755428
-0.7354779731278954,0.10366957110117885
-0.7406084193801669,0.14866415053198395
-0.6826651736971311,0.10618894488422931
-0.7811618050775772,0.06860260392657022
-0.6797799026687663,0.09028928406235445
-0.7248000518399902,0.05129047690872385
-0.8164471980603241,0.04894809584350984
-0.7403309769374601,0.06899147557859399
-0.7654384184920526,0.057397497832660134
-0.6611817129373325,0.1295612625000775
-0.7065553319000498,0.1431819833790192
-0.6784592877721458,0.07179998235598468
-0.7765787646530485,0.10711254015520356
-0.7054562666015718,0.1408847694438068
-0.7165797810135591,0.049583479230789144
-0.6998925237209814,0.12765090576463897
-0.7763520917960453,0.04899482058646936
-0.6778023099968432,0.16332902199262864
-0.6695236147699677,0.09934739101093368
-0.6776164079836684,0.1315693013067871
-0.7570200159475975,0.11852094261117972
-0.7641311672926543,0.031262906788793725
-0.7018913393904254,0.10044795940722856
-0.6815822727998317,0.16151762943117828
-0.7944417298182581,0.037532139244208354
-0.7527577877101597,0.09937907772280076
-0.7067186946676749,0.17665420114308433
-0.7723021791205604,0.13906458348178963
-0.786552083440308,0.05404641326487992
-0.7316635542371119,0.1591535570554898
-0.6806159778760693,0.07898176284935096
-0.724824677895433,0.06155701015126928
-0.7420003435347516,0.13391461406666333
-0.6910184571548287,0.17937453229775568
-0.7279384104994561,0.08633988265204125
-0.7607993354232974,0.059396250022694476
-0.700722539910622,0.08910280457138448
-0.707929711572075,0.1360919816692016
-0.6751953282281868,0.13138019007625748
-0.6509679819509723,0.14211661128178454
-0.7645375907946533,0.070626723613158
-0.72606090612344,0.17598328076640385
-0.7351028094364231,0.10976802107222829
-0.7323419137350811,0.019172532075404685
-0.656254694416792,0.13043756117351193
-0.6250959842416477,0.1720110520875069
-0.7322109220676147,0.04359558784816006
-0.7676058165399805,0.06934492087638815
-0.6623626363045281,0.1904041716387486
-0.7400166309632179,0.04245009142158534
-0.713592062768147,0.05655810699477538
-0.7290879539997519,0.1848611153745491
-0.6808346193596192,0.1646411504706021
-0.6967850641308809,0.10949229650533429
-0.7041824505191261,0.06339424675092756
-0.7366676179161736,0.07717342354272426
-0.6995495458638783,0.07944844768068082
-0.6950081256941033,0.1359924860238082
-0.7033313257341858,0.09199663234433884
-0.6560120995082809,0.14729663353365485
-0.7057913877517287,0.0681082079533194
-0.6736547830484467,0.11346416495642384
-0.6671553967238331,0.12203088872415263
-0.6595154735281354,0.11616227431709922
-0.6562439649930856,0.19328204836270055
-0.7233796648929078,0.07404435185863956
-0.7314225755462443,0.119071840898501
-0.7420177062759452,0.10236473800676983
-0.7654747331817594,0.0010738040683214974
-0.7639741029981324,0.12991466424748105
-0.6705545185007251,0.12668958206146716
-0.7633056443012594,0.09054513547931875
-0.6749391333214632,0.07598284737783258
-0.7254366797671099,0.10956151425848569
-0.6934636634063741,0.11505049796728226
-0.6740031093982293,0.15956783592876486
-0.7248871592622167,0.07719134931724199
-0.6954614559009634,0.09518039749738999
-0.7195120319707294,0.08639175595081865
-0.6986834882144081,0.11928499714422998
-0.7136754708704431,0.07473373397232864
-0.6691338070645189,0.10694506500155693
-0.7250359673540884,0.1436104249323674
-0.6984204950854388,0.12571755409301205
-0.7189109732630217,0.07602545210281321
-0.6787347458631066,0.17451471920319392
-0.7321980944524984,0.09870941450828613
-0.748966217381296,0.02459075755479368
-0.6722377351579795,0.10820306830311227
-0.7336428432222747,0.10559593708516685
-0.7158354636424336,0.12109392079504677
-0.7218452901108343,0.017229643042739745
-0.7313129630499575,0.18204505444389346
-0.7431376765360406,0.0831856814533002
-0.6507754107650443,0.17179610570902873
-0.6895201766662888,0.16880607579070864
-0.7000828310716772,0.11601459913362573
-0.7066155578254875,0.14730274745111266
-0.6747646856280406,0.14429710919051847
-0.7684285313965343,0.13343499998799377
-0.7536253919484636,0.10982626886170255
-0.6530787049264746,0.16941839150749485
-0.7840026524955885,0.1251054796413842
-0.7237376141806141,0.16492473988835737
-0.75864484916131,0.14163040055888426
-0.6778074608034691,0.12410201703066025
-0.6950880102911327,0.16648052033488603
-0.726748171297792,0.16900522024119496
-0.6605136473772429,0.13535684604799217
-0.7050851274003901,0.0657119770403459
-0.6488022249181772,0.16696071263502046
-0.6834240595013702,0.17429248644222112
-0.6708600255707812,0.15603451485347988
-0.687487658393191,0.17431266866476072
-0.6674693934211431,0.11984495531157256
-0.7504096850379055,0.10227717343267609
-0.7034008636103694,0.07298386185636214
-0.7540126333841745,0.15215236387171538
-0.6616827713063873,0.15388039508437157
-0.7114482082694599,0.04983855915632486
-0.6622978437533783,0.16385496623741608
-0.770471344549935,0.04216487371532028
-0.7040955384273956,0.08018797339861669
-0.7338669818598111,0.13140983686115307
-0.7921007732495368,0.07714779149544591
-0.6664872190954731,0.15787779272716276
-0.7536874678780373,0.028140426841897992
-0.7320640969995597,0.11346522957928397
-0.7563079510790089,0.1454516715567439
-0.7937600329471038,0.10868697500335443
-0.6907091025077587,0.12506992553472165
-0.7875775079909811,0.08982105834332092
-0.6792907357329073,0.18629069963606862
-0.7249627622644036,0.07957977789457361
-0.6839261660820293,0.12585730391161234
-0.7042154871051688,0.1275610262787873
-0.6841520866292025,0.14892834541321248
-0.7004066938232727,0.08732017440649523
-0.7374738075154708,0.027302777074294706
-0.7310493780537595,0.13676687166834506
-0.7064463465973997,0.11423155337644092
-0.7428400961893671,0.13200323663003136
-0.6717123904497633,0.11787535012911256
-0.6844812777379911,0.13052241517467233
-0.7410478842644768,0.059349088132735706
-0.7140048034236997,0.0912608592447919
-0.6653578965601322,0.11720669145085351
-0.670504432750881,0.1090265467923185
-0.7665224380312671,0.0713828556578891
-0.7009586626636013,0.1167296999598724
-0.7650837823759278,0.06977449591253149
-0.6382355934693932,0.11207424077568437
-0.6504779216839504,0.16425992383396296
-0.6834222738255844,0.10159620710706317
-0.7065849038659558,0.16542357265746674
-0.7512875785978598,0.08533984300537972
-0.6777042678755915,0.07310893288937424
-0.6434604642497642,0.18291525779446186
-0.7676368907928661,0.08292720949502533
-0.706686999615979,0.12096551030722309
-0.7078554393904618,0.04977074256183178
-0.7237721394580965,0.09336250014887244
-0.6623204241409795,0.12375647344916912
-0.7022474422768659,0.09217816735309792
-0.7598500022022252,0.10602043348796476
-0.7768169626749613,0.11741384570075994
-0.7385731103112557,0.09902290918598054
-0.6377880921407564,0.1347430581833663
-0.7336369546628035,0.14262970982897974
-0.6495903078692772,0.10443510535273093
-0.7101442078257078,0.14625553641921768
-0.6907373953170365,0.1058338608770855
-0.6960313231242165,0.07449871241273465
-0.7510320444683457,0.04055099255395961
-0.7153643584233589,0.1345884591677599
-0.7288042917925959,0.09860475304409541
-0.725837435175646,0.11856211001295447
-0.7260260626679911,0.1870570611859655
-0.7594959133622476,0.09653640224982722
-0.7486009830544957,0.12133000223713869
-0.7483824661208355,0.10091157371084727
-0.7742208150869914,0.09829356434737292
-0.7006782369658282,0.11982378246907305
-0.7534402031947902,0.12280143070212232
-0.6640751975130771,0.14938909237609596
-0.7704464852397817,0.06655694868655863
-0.6980252952747392,0.10997203417185682
-0.7252051270092269,0.07557122789477808
-0.7509156671327876,0.10603930598329195
-0.7004857380299874,0.09552512392278496
-0.6902519855369672,0.1395231811704511
-0.7591183124936349,0.10964882913869357
-0.7188997998233138,0.14793633219049926
-0.6594625712700175,0.11723584933139114
-0.7255345974838158,0.009992924204868794
-0.748286866190253,0.038808755972941505
-0.6819423655082204,0.11651446401704049
-0.653762506268019,0.14830668149405798
-0.7033853205797514,0.11205876745943458
-0.7327572530638928,0.09556625973440931
-0.7285776304643139,0.10196018227267664
-0.7220009119851487,0.15236597029011936
-0.7334979254480166,0.1427112882653122
-0.7630628089424261,0.11051891592784867
-0.6887124755378007,0.17554996245432108
-0.7194814314820731,0.16026329155549499
-0.7341714566249894,0.05400776609116631
-0.7248995859007153,0.053218496890663006
-0.7056407314710463,0.18984531149635192
-0.7144594992983432,0.04472297657075478
-0.6762763391924524,0.08863344056714104
-0.7069516151781805,0.12229771946770437
-0.6417683592228607,0.15578472775842522
-0.6739911387197696,0.13372168973692175
-0.7177455277880659,0.07828587783207312
-0.7174780170940072,0.13398857992890814
-0.7166551309662363,0.10490998794307788
-0.7118909834581842,0.11557773959208761
-0.6810525904386602,0.10389848599370882
-0.6904742359514215,0.14010133382546253
-0.720256327343737,0.17080128256163593
-0.6886504712110987,0.08268407929388162
-0.6376500874752037,0.1507278958211561
-0.7254314192884966,0.021537592107800353
-0.6807509741135404,0.13400217950410206
-0.7288284899645269,0.0670597207544351
-0.7364706812332044,0.10071057234319893
-0.7204499759863724,0.07290473829373355
-0.6980890046409494,0.13090014862061064
-0.7279719371743945,0.16090371513373167
-0.636315105127045,0.1466374001763668
-0.7236881007978053,0.17830261761852825
-0.6600511673324833,0.15346117965639214
-0.7651658920623394,0.019015186819623355
-0.7136398350200415,0.12479228935750675
-0.7450697782536678,0.07235391151392039
-0.7430915654479605,0.03495769584380852
-0.725744473670402,0.14046176084800036
-0.6853410086366224,0.10083911811764859
-0.7336645007750174,0.08530823215755384
-0.7161731907470921,0.16493893680264085
-0.7035874027593553,0.11968493674589206
-0.709187241913124,0.06242472668719993
-0.7450962810872925,0.07967218556897634
-0.7075064275781268,0.07667548935912476
-0.7155672416829725,0.132435695325601
-0.6774200303528295,0.11730724405612719
-0.657753540289067,0.11172990128845658
-0.646665865662279,0.14310952146865477
-0.7847569494696107,0.12661843255801933
-0.697175997301906,0.12601626584774636
-0.6757890104923545,0.1429276209080658
-0.6503994482665346,0.17681458060928196
-0.7285629392970837,0.11102147738008862
-0.7548856674324022,0.04036462450634955
-0.798795087846115,0.027405558870490523
-0.7249011315202163,0.14468456039984823
-0.7162569147299944,0.12027712312822623
-0.682171133471399,0.08635937826994963
-0.6926060681146388,0.09079421639244606
-0.6654626814530298,0.17277677091439392
-0.6690647364031038,0.18469355936154752
-0.7748702684183494,0.08093855839188858
-0.7090188304321133,0.09457283395734144
-0.7265936531034667,0.053880104681793974
-0.7711122181470709,0.01785781952471749
-0.6677461705682928,0.163304718263256
-0.7585761947097532,0.12022441212380922
-0.6938801936697493,0.15060174952608674
-0.7878351870057018,0.041960727324130635
-0.661339540249243,0.12183188683603204
-0.696498572249903,0.1363102466529081
-0.7160717653785382,0.09716635118112642
-0.7604903387699993,0.005621563166020473
-0.7634522607407978,0.024882137133670712
-0.7470930953723987,0.05610724883065169
-0.72901554485803,0.08543538666268453
-0.6820827447161636,0.1036840654867231
-0.6801378397806013,0.13416993070323743
-0.717135926798937,0.10908031160024308
-0.6867448986025607,0.12622902621316218
-0.6619969629224107,0.17064867839380474
-0.76580721370751,0.11957888586896114
-0.7302387687239601,0.02280465398797888
-0.6866427933731325,0.08570589005435754
-0.7651069288503487,0.07527463479884891
-0.7504381010971317,0.13273253085598663
-0.6609167355219533,0.1474342244705916
-0.7047164454405977,0.1323366341499542
-0.7189045812133942,0.06260009566673856
-0.7059363822229496,0.14419038135450532
-0.7245615902060422,0.11978449705864584
-0.6979659458185568,0.09642871488211582
-0.7180645952902529,0.14799022755978586
-0.7848872357863728,0.11049444454034736
-0.6886238473560217,0.11641066541984837
-0.7293958525886639,0.13132048693429654
-0.7345085821901398,0.008763473976442754
-0.6527260262387135,0.18286949951669249
-0.6960405887954113,0.1118594569777785
-0.675061082597132,0.12876097677184783
-0.7105629784846816,0.13297095487671015
-0.7469645077574821,0.16874769736698647
-0.7171697597188734,0.10107148514906888
-0.6399174017795084,0.15018145797722862
-0.6994461894731436,0.09974351139356873
-0.7196248824094827,0.17418919151645076
-0.7270548344718027,0.04568620075322681
-0.7187976208083078,0.05854478484785801
-0.7555153243391285,0.11967220377613497
-0.6998579731995596,0.10509001711719598
-0.7635073443115405,0.04732702785755324
-0.699395836528614,0.102150157373936
-0.6739314241457925,0.1483645316940381
-0.7004472490957259,0.10870337774917939
-0.6966100690763233,0.1206290141097714
-0.765434829803239,0.0794455733551682
-0.6722793518766219,0.09391911870088061
-0.7637702165262101,0.1055517939150097
-0.7475082053785013,0.10128309406447958
-0.6605506521380715,0.14782442741002527
-0.7402086726454454,0.11257083348365225
-0.7087147170644374,0.1500334517324603
-0.6617759990912747,0.1298413066733274
-0.7322538005785576,0.13784596847302244
-0.7514167304190308,0.08464778997015028
-0.735929472883755,0.057348682229531184
-0.6648164255009693,0.13074185663700766
-0.7019349933300841,0.14200558041136355
-0.7465328357197776,0.04614248911009277
-0.6981625971925736,0.14753325094985129
-0.719201548467321,0.12915376576370313
-0.6878803801853457,0.11194994127659648
-0.73592283240482,0.11953274578058247
-0.6753471693078555,0.15495224056270415
-0.7227615807113703,0.1268619749476027
-0.7345790961083595,0.048536382954312784
-0.755555643277133,0.020911096937551773
-0.7460663407540524,0.09169706650960284
-0.759580037737853,0.11036098382281687
-0.6853643150011013,0.0808506951250316
-0.7193019298601667,0.05997697931534124
-0.7023889226649112,0.02791685912640963
-0.6728132906169315,0.19871252219510813
-0.7267355388468962,0.15772291707779118
-0.6940701555242548,0.16083888032615712
-0.6807560943336853,0.1534541018089974
-0.7149515026180314,0.15021073537856872
-0.6500810195237444,0.14782990213152689
-0.6554074238297511,0.1659984283720131
-0.7365426640383886,0.15314749755265838
-0.7473579563140105,0.07968923249924416
-0.7055438676365086,0.16014477248777914
-0.7045304840071394,0.10763533592277731
-0.7247377907031751,0.149389083380014
-0.7118025335424797,0.10798399524770684
-0.6940163110239143,0.12458968831228594
-0.7185224149924344,0.10783980446331186
-0.7570247955743673,0.07343137521714131
-0.7315271602980955,0.05329353300745947
-0.6987604981985319,0.1002743700709686
-0.6797227051298859,0.08668059534138461
-0.6944602890215265,0.06771521575750436
-0.754570500428187,0.02163774220479971
-0.6752191510019316,0.18982162853895806
-0.7846462147680127,0.09781905698021251
-0.780153321580978,0.0616460228583526
-0.7124798779083817,0.14088174235360032
-0.7282180655763794,0.10085975335871264
-0.7112388903801782,0.11579056279942192
-0.7196188555769607,0.03213288748468757
-0.7080045480996704,0.09717658623647242
-0.783200182036793,0.07526751258709435
-0.7569100552655926,0.059518564004291244
-0.7227788359185515,0.10315297877541153
-0.7612661864824501,0.07973220499274912
-0.7350596333302923,0.16765830680034535
-0.7493510724478932,0.057829622184859375
-0.644051483118092,0.1649611953117521
-0.728396411963058,0.12868245834800768
-0.7669152466226071,0.10972539531592437
-0.7181523044975364,0.10074315050022471
-0.7614556955603733,0.09128735081864521
-0.7118095516800677,0.1625468847968021
-0.7088534714341826,0.11974465716061872
-0.7275951732705745,0.03942663180807633
-0.6921594048729282,0.12383390733304755
-0.690837245781229,0.05832668141256111
-0.716784670674654,0.09961638170653726
-0.7083698312056681,0.11172492346362836
-0.6848295359841698,0.0643991532026434
-0.675399524495886,0.15894152910326467
-0.6584985753207981,0.14753138484133013
-0.6944543439243563,0.1618835859230851
-0.6866678484602086,0.16689269823167377
-0.7793045285984997,0.03926802508657409
-0.6741692029604686,0.15673976444776933
-0.7684901668579036,0.052702516283240144
-0.7035696116644405,0.18227850688666453
-0.6846994485697792,0.13046982473254853
-0.7105718602926857,0.11061364901512169
-0.7282396742586031,0.13843217426822832
-0.7705473876901391,0.10530242415535944
-0.7663779434157125,0.1252852254205909
-0.6979385536674706,0.1378049332759181
-0.7175977451359405,0.03354022511106343
-0.7293725298888473,0.10439603486661739
-0.7541819869391655,0.06205880070170097
-0.6859823965648175,0.1756623118576944
-0.6842761591679332,0.16955333823096996
-0.737642157769979,0.04972471925380885
-0.6618056557228096,0.14069914077541845
-0.6837306333202644,0.13825006573860021
-0.7341596024114632,0.059447668274961715
-0.6945464322539906,0.10292629141474255
-0.7626194692037438,0.0768512684033088
-0.7304885212332953,0.15131158163856998
-0.6985378246750049,0.14947413932326833
-0.7260261273982602,0.10911286705794769
-0.6607326176895374,0.1797052346397467
-0.712470191827837,0.15603068868972317
-0.6822772985419444,0.09680967242096848
-0.6489609747021569,0.10210585427864763
-0.7693208950817987,0.07962748356816533
-0.7065357419158171,0.1054262996116425
-0.6745611498972965,0.08936456488856866
-0.7332620426469173,0.05869687321173759
-0.6989403074545634,0.15334166015404138
-0.7718642961136198,0.09231982006710453
-0.7259536140128044,0.12035468595097774
-0.7112825647527428,0.14831908309099634
-0.7292368869223763,0.15043934794926542
-0.740822391695777,0.03840553224898416
-0.6616494889077197,0.15136123274770175
-0.7681443481630505,0.048403008314285415
-0.6972758793932389,0.17809583149072133
-0.6423797250307538,0.16887758676996517
-0.7668756445683756,0.09625158499546864
-0.7015510466855247,0.15054429897600813
-0.7626645544998065,0.12103836133439824
-0.710886774118305,0.11786272949888137
-0.7063809827877395,0.12659514538554784
-0.7209049163614656,0.17498251090137346
-0.7222925569211334,0.078601621652033
-0.710285070126377,0.15439736187779124
-0.7346567693359097,0.09664339122837308
-0.6902896778762079,0.13820012042936874
-0.7168783208971969,0.10469000579213576
-0.6769563177619246,0.13629591079991768
-0.7169748139406038,0.18824287230170944
-0.75892889500838,0.1569011098182546
-0.7137215224123775,0.1313047728071194
-0.7161093087625682,0.09615638422745132
-0.7013731103445081,0.1441071165443983
-0.7237026892732324,0.05261233921294835
-0.6564430778370264,0.17515537156219374
-0.7222276228489417,0.08230968752135219
-0.7078372453190241,0.11600638570028494
-0.7442700429006219,0.08811142639824457
-0.7652619917874341,0.10376397745126131
-0.7383744517671995,0.06638814189878871
-0.7293886974985139,0.10186765598986298
-0.6936846999716177,0.0633481405268582
-0.7672967224725364,0.10392670472007101
-0.6701499588557058,0.09641788402669002
-0.6823239241999894,0.10777834385480406
-0.6496532974017303,0.14670373572319112
-0.7432898833374705,0.12300673150192164
-0.7051001006872534,0.1268630709203357
-0.7065384138761476,0.08799274757827387
-0.7134819753568066,0.10506646443897659
-0.7363629476172888,0.10759858029023288
-0.6691220721832543,0.10645550143051882
-0.6433676548782266,0.11516818077176383
-0.6798880644423494,0.14596905720645706
-0.7029788020862483,0.10631409195387895
-0.7781221575736372,0.11097581405100872
-0.6997685964802979,0.17160580229120617
-0.7151309554598755,0.12856556918150197
-0.7572226310026997,0.08660515195096775
-0.7503231875039383,0.06394499407968221
-0.7119614494442279,0.1069840745060213
-0.7916134497135294,0.05157800844859639
-0.6980765045385624,0.0999824014869111
-0.703261064454762,0.0816078584043772
-0.7099480731435855,0.16007131418700138
-0.6953979993587053,0.08312686516365025
-0.7411236720925575,0.16827495247802776
-0.7000613101871888,0.047291062115298876
-0.6505696951362332,0.1256344753514194
-0.6808288847698133,0.12266482490444575
-0.7391718114659581,0.1385901907328857
-0.7490328277918814,0.10089737971648717
-0.7125164203441998,0.11974306065035895
-0.7165961237993124,0.03853626720782332
-0.7170690688753997,0.13886937559590626
-0.756188782653626,0.08949286706557665
-0.7068654810854621,0.15622086495308826
-0.6936322032521943,0.050922007937625774
-0.6961504862867157,0.1444922037475865
-0.689587219004397,0.05407930644764867
-0.6892693720915919,0.11402239733077242
-0.7266027497972188,0.1237382494379152
-0.6914704370543446,0.16673098552226298
-0.7129507389124378,0.09259500781603365
-0.7512557635578534,0.0846337082840099
-0.7229406945514519,0.14295669383861026
-0.7807333761714721,0.09218280375093929
-0.7909271470330339,0.07589146754356114
-0.6600560816550933,0.10375422251548021
-0.7270896523103445,0.0449968664985904
-0.7227437034939954,0.13560733145752396
-0.775780896838741,0.06651435429950861
-0.7206145730588438,0.04763413893749631
-0.7219919743710881,0.17383993212089968
-0.7797024525508289,0.029830075383351227
-0.6596018099402369,0.1671482158872509
-0.7112038492884764,0.18327533755433956
-0.7082440965870404,0.11558917492696459
-0.7747749286154076,0.04813780026000303
-0.6933144219748428,0.11511168355194036
-0.6689162127368992,0.11788468380829951
-0.7519538254134194,0.04062505817934422
-0.6931806181303256,0.09739486990194707
-0.7343905570099488,0.09569876265124841
-0.7059456994107651,0.09666353793685253
-0.6831186751602657,0.10035254471775698
-0.6696381632929462,0.1362824246638687
-0.654826170430838,0.14311400512717215
-0.6975160451444985,0.15384757884043346
-0.654887921558712,0.13989152147294892
-0.6926051387166412,0.09731595986202704
-0.6719658996718836,0.13786040652980217
-0.7505402310339107,0.10719962963564882
-0.754425926591623,0.16169297387676332
-0.6925829295526436,0.1307217872563648
-0.7136162577492756,0.09469057309063122
-0.7596483667354795,0.07728170730803398
-0.7823474139196369,0.015300839953908792
-0.6698401854596832,0.13139182688459863
-0.7307133974045323,0.08295471969826666
-0.694052156311757,0.09282957154533394
-0.7413318044068012,0.07525794514694929
-0.7434778094181536,0.1662032244635663
-0.6936493238841711,0.0929537586067424
-0.6640408289923904,0.1303230192539865
-0.7210907145202001,0.1271418044614909
-0.7732391866616497,0.07987666010490846
-0.719054335279781,0.03712612836381071
-0.6849802422853998,0.07656103126538241
-0.7663508559894856,0.10699644591285484
-0.7087586963496402,0.14299122973436784
-0.6985026677242555,0.11704676146705835
-0.6959587277769682,0.12002269760989329
-0.6580394209828577,0.16977603386241769
-0.7473296017290646,0.04207569727910194
-0.7111656955250844,0.07672584555938244
-0.7483623498029902,0.13759407647866015
-0.7576193910236078,0.07318904477368958
-0.7146224661212809,0.06172243946449267
-0.6896862721693687,0.11233433569221904
-0.6803562593558312,0.12100063001723677
-0.7102924146565962,0.1594457868794207
-0.7202406616309182,0.05467015562348328
-0.7475028699533979,0.11457237722378565
-0.6925391352738002,0.10997778364600712
-0.6884331638417258,0.15404837656486034
-0.7740805865809204,0.07246665903855166
-0.6713321528187596,0.14817869318883936
-0.7526183947313374,0.10794702280021763
-0.7155502895030305,0.14874936075667564
-0.7176848695231874,0.10958817142475187
-0.6583320515232943,0.1857448157785413
-0.7090992846920418,0.13312330680441
-0.7160378587066802,0.11550615133947438
-0.6861047798872815,0.12770662733253088
-0.6911962915782988,0.07066531182374122
-0.7425007690212478,0.0699797135156362
-0.7035822382046936,0.05685422234949625
-0.655141527014722,0.1038481365340231
-0.7000822224125781,0.14923259497973027
-0.7151936873685877,0.17251993065549795
-0.7767964467849628,0.06600355315024527
-0.7413900393245089,0.07016210576855202
-0.645286756794307,0.14335353758610653
-0.711830044059003,0.10550065554868616
-0.711181255312436,0.07607470179552706
-0.6501691695849423,0.10920850103445656
-0.7060660015733309,0.0319792548462847
-0.7304990606509445,0.1594350366060047
-0.6589215120623809,0.1487057774012667
-0.745503515784051,0.10749304787508185
-0.6615223210390996,0.11211817484223777
-0.7539389133836961,0.13551931452199448
-0.7416925932637987,0.1318530687269155
-0.7361940903754411,0.13025477487701867
-0.7379427532241817,0.1482125489985123
-0.693472021451838,0.11991673747250829
-0.728000835001629,0.10194086104972239
-0.7141047986319207,0.055788941913379575
-0.6967979831653119,0.04826481694288767
-0.7134029420636626,0.10708932285890561
-0.6794209822788364,0.1157652213497363
-0.714327272222866,0.04551155688373146
-0.7719277488811299,0.12648973685268275
-0.7087624672392363,0.15066317286196734
-0.6564979341691376,0.14941867105993042
-0.7353860947662947,0.1571114026481257
-0.7318987054459939,0.159510818086493
-0.693404670433784,0.12856487977862632
-0.7658963817619197,0.08275803844785055
-0.7045697986518844,0.10101502943754181
-0.7449970110915523,0.042611290182370316
-0.7051328465100398,0.09701118690626546
-0.7808568062066931,0.10757511982135025
-0.7003841514143333,0.061006437264160676
-0.6883126609063689,0.10417303376572212
-0.7363368037672368,0.04396347808923799
-0.6632210941967458,0.12172951010178666
-0.6696980793088568,0.07461269012097028
-0.7399555881603715,0.1292446574770752
-0.681430668010222,0.11081243779078989
-0.6667647075278403,0.1159645170178966
-0.7800034057463412,0.05121023366399279
-0.7408853817713894,0.08481672999466962
-0.7412639126650892,0.08489109771648463
-0.7079866096403382,0.11938941285045314
-0.7085778700177126,0.15328691456146493
-0.6741051506679508,0.07885487193899293
-0.7516641827902677,0.056882498908502825
-0.7156422218181339,0.11549509201770454
-0.7629079968014064,0.09769097663101099
-0.6672563360423899,0.11355080793993348
-0.69300055308483,0.08622513841987844
-0.7686094762176707,0.0684442567288195
-0.6898983238228044,0.16877253329077002
-0.7102775472209336,0.04671647949818784
-0.7177859425733418,0.17196831004179325
-0.7505734438636256,0.15292690104182996
-0.7343111652376162,0.06786954870252271
-0.7423408651454029,0.11851598146095402
-0.6938525776758051,0.14143638927190927
-0.7711819247091347,0.0561392669925523
-0.7076683509849546,0.09942263989785069
-0.6820963499261223,0.11282489844314482
-0.6860153192437025,0.16538459942905787
-0.6832275082141359,0.15318023413905937
-0.7406700429376922,0.12559894995603751
-0.7519442590622036,0.12086290737654125
-0.7304744162912297,0.03878526600113926
-0.7169687243836999,0.10530923386405429
-0.7493115911895473,0.11323211468664211
-0.7494669501221184,0.14779680186195657
-0.7655560944549584,0.0857493226062718
-0.6663046748914186,0.13433858759665643
-0.6950288962125953,0.11557776451438852
-0.7237719658474516,0.1835736207983796
-0.7015491860347365,0.09746039119434222
-0.7653397639131588,0.0901591275253794
-0.6610308358211122,0.16529648035044736
-0.7066345790436886,0.09943171544474301
-0.7448085419688953,0.10994254572484852
-0.7105772856449037,0.07882137401109686
-0.7132611733460185,0.12639683593085974
-0.6890152687986292,0.08992982054773839
-0.7062294498440679,0.07465006955093492
-0.713584213655228,0.13405728750412002
-0.7466666541663555,0.05371203299369093
-0.7444470113763327,0.09714458462274822
-0.7075354190549648,0.16240495565620341
-0.796304647460826,0.04497252580701094
-0.6897952630585188,0.052847102756253345
-0.7306809785815577,0.1302633455815857
-0.680479858127753,0.13917091943715912
-0.6989948820261499,0.08433997232398302
-0.7089655610319804,0.15871093106299594
-0.6923037340225999,0.1515325764261281
-0.7398082787529251,0.0817382308694506
-0.7120594482863079,0.09778006859674854
-0.7446199549534114,0.1314139787945381
-0.6965194103179841,0.09776820484727732
-0.6647908009234259,0.1220173377449983
-0.6819465302783555,0.13971163263741748
-0.7464341722526141,0.07236272262223371
-0.6762361278278038,0.17977877814013796
-0.6827076800791085,0.12575721708783702
-0.7635663966304249,0.09633619299854355
-0.7338643905157571,0.08071045212312648
-0.7105139423627068,0.13753479274151992
-0.6792826704606475,0.06770526810754936
-0.725134646320282,0.1317939862530035
-0.7001145569643636,0.08115263808386171
-0.7469843306226915,0.13899549758865823
-0.7564006998765008,0.05838704397723744
-0.7457609570215548,0.05945476007896674
-0.7233610140893796,0.07381419445929543
-0.665455391228384,0.09167404627514773
-0.7302028680987898,0.15959421093787324
-0.6663791474092069,0.08981894698477312
-0.676753963854237,0.18034345129360513
-0.6827726368034626,0.13334063746096791
-0.6690563145599266,0.1676825325588455
-0.6866152430021021,0.14126186016421996
-0.7940528994715744,0.050678680329126514
-0.6739957262735005,0.10147064819516805
-0.7627202223102589,0.11464121755381684
-0.6801136651220793,0.08194190983060497
-0.6679130765371377,0.15138272090871432
-0.6823315366402032,0.18422223799965007
-0.759501819859731,0.06788151062694558
-0.6700376075475151,0.07519821485197878
-0.6849328167929968,0.11668240268969018
-0.7396799911287567,0.10765567889327463
-0.6651159038319087,0.108737073317071
-0.696808837639357,0.18491849132274
-0.7264752631127609,0.04189509247579978
-0.6799477081776784,0.11914669530817612
-0.7350512198012682,0.1227878542609268
-0.6969572078606219,0.12910031593941115
-0.7160691607882094,0.11211880441993755
-0.7141225507812287,0.0795491559545116
-0.7106820291741984,0.14878779098618541
-0.6375976447497635,0.17539718256464976
-0.7099313090446644,0.13805784499558535
-0.6855540941283819,0.1176556829197812
-0.6794254667799131,0.20006940267263873
-0.63850985853674,0.15164609537695345
-0.7361177005219689,0.15547718128787782
-0.6758814195364395,0.14304897987169868
-0.7064001924260483,0.16203558238915336
-0.7099748568641995,0.08433541016763384
-0.6671171724877957,0.12719784290843925
-0.6454619703013387,0.15232089489046138
-0.7603036708107294,0.09472679009406178
-0.7375677066757179,0.11986675151564061
-0.6924936150611768,0.12470225343641447
-0.7520183380883319,0.09998559155315247
-0.7365769657587194,0.08618977826919118
-0.6494000023915909,0.1532577522414039
-0.6702749249949136,0.17486534812799143
-0.702164166525588,0.1701077888636901
-0.6977182437895814,0.07789877380211378
-0.695060238464116,0.1139782101907323
-0.7002679845184184,0.15456855790827406
-0.6996988746151657,0.10739685933558411
-0.743049662801658,0.04717106471568438
-0.7114242641814007,0.1449148264677226
-0.735953599736283,0.02103125485849562
-0.7146790656820853,0.1430463135392828
-0.7470411895036048,0.12116114377446911
-0.712761728016976,0.14127607588088023
-0.7417513421245245,0.06324667293336236
-0.7031792937336571,0.0918961986143369
-0.6986987658982845,0.12067857318779399
-0.7148930795108615,0.07380551288865582
-0.7506906779707427,0.08995205391112465
-0.7033792893716999,0.15871293022166783
-0.7969697673026226,0.09124559536913503
-0.7020136541560761,0.1266930534014759
-0.6824708507332108,0.17046651410269212
-0.669718332515875,0.09998354382454135
-0.713692535647601,0.04618882656139746
-0.7210981304004745,0.047958209152867234
-0.7274914096206049,0.058913288905961224
-0.6952575393830718,0.15757714724099342
-0.736140610903714,0.1390089117300663
-0.6941234408125534,0.129941893787375
-0.7104984928937852,0.12705195745583248
-0.7274395519124919,0.12783868658233222
-0.6876155388428217,0.14705465111333024
-0.7398454768115619,0.1372343394251996
-0.6971225714229141,0.15803309363169665
-0.7242360590315368,0.025001432542027708
-0.7072606932837581,0.12790815478940035
-0.743814640493017,0.05230510550694788
-0.7085834746733772,0.10962682403712512
-0.7217071342545265,0.10479801946262102
-0.7555362480794486,0.07698623285750485
-0.7816844601917697,0.019816912367512287
-0.7217562449205923,0.06600225606041563
-0.6852022260685283,0.15834423091763444
-0.703680280732281,0.15427328937606652
-0.7604004541317994,0.12552604791559324
-0.7445715169265249,0.11087444903487337
-0.6745422665648062,0.10489183883354572
-0.7251580651585663,0.09981689673212168
-0.6854823628231275,0.12739258876142162
-0.7518197624284232,0.017650715799317238
-0.6998685404197298,0.17079909935209134
-0.7356776179197283,0.016006141365832848
-0.7401025954348525,0.07603383094277806
-0.7552099212978638,0.05423934841612155
-0.7183246567235357,0.05734048021258291
-0.7198812629940676,0.047352145377489455
-0.7268165620736607,0.16888936023831128
-0.7142576740305914,0.01999219123012727
-0.7577601019927731,0.09989668959248796
-0.724602901173922,0.13103341607627428
-0.6753023637315931,0.08111326982340156
-0.7059428887871382,0.0884616985989448
-0.7110564329817,0.1132079518778906
-0.6812704190451987,0.11033625594551716
-0.6953299732905499,0.12109917146199074
-0.6740559834372651,0.1707127395639743
-0.7182280481340272,0.022062820404394206
-0.6624848472339325,0.10122186786570134
-0.6888140612651389,0.12859177234053004
-0.7485550929277057,0.07072623370022053
-0.6854589777303447,0.10311525047252978
-0.7291340182036051,0.13263231488856939
-0.7502502259751888,0.11292229706846175
-0.7370131776322473,0.13295860118178005
-0.7409552087517021,0.12314678311195192
-0.7468066227158849,0.05809547497540087
-0.69128485815947,0.10639250293553164
-0.7217073996785154,0.09076598253484713
-0.636553554207177,0.1637716809993668
-0.7246535272413713,0.15457597096694847
-0.6786702100115348,0.1403231886254837
-0.7302617721732989,0.1319644311886324
-0.7138432436982703,0.14525246741901082
-0.6887136088923739,0.15143246753338596
-0.6908311813983189,0.11357008112530993
-0.6593437958076308,0.13616716217002556
-0.7118046455339676,0.1304858906946099
-0.6704492634637444,0.18518824701731987
-0.7248513300124327,0.02961570448613872
-0.7700278994866098,0.09254124555511195
-0.7159887588061229,0.11368069618667069
-0.7376403248287159,0.0837159453934274
-0.6784389582322857,0.15017475216710802
-0.7754834709155419,0.10587958445790166
-0.7562867255379256,0.04511187789905543
-0.7523916875281851,0.056001729462846685
-0.6961377252097225,0.13898307655717387
-0.6837704890943884,0.1260199581614658
-0.7630392393139738,0.04415646477104117
-0.6852416324807431,0.13231210459594153
-0.6490278550604407,0.14476104045269064
-0.7252994704390815,0.05550361024015665
-0.7175376952343782,0.06463481569861451
-0.7370840662685433,0.10732989038615708
-0.6996908090048194,0.11607102173126016
-0.7582708089957133,0.11979881879173149
-0.6935930162523526,0.13255468462373504
-0.7738987100808494,0.08911944180547694
-0.6903337381571347,0.12412854186737193
-0.7692853709581656,0.13459782114245616
-0.682799807780188,0.14231151759920466
-0.7243524816214335,0.13669595523238437
-0.7192856287490521,0.11926950219084523
-0.7259992049730695,0.06118696304519972
-0.7007156140139051,0.1284284373823635
-0.6483812720167372,0.1283709930396884
-0.7754553695215247,0.12606526755403807
-0.6598690812369864,0.17908835142805396
-0.7110689720293925,0.06476721488167869
-0.7339101944024409,0.0284111519220972
-0.6730875600737007,0.1456232487765562
-0.6969587671081016,0.12255334133445572
-0.7269284966274345,0.0686459166185302
-0.6878582290852759,0.17195453923264528
-0.6908524978895689,0.056880637103228784
-0.6727623924164687,0.12130955250961951
-0.6885169307946353,0.13260356314999328
-0.6647707156071604,0.09564615231607347
-0.7588454415709951,0.0752942472795153
-0.7137126616876963,0.09412351958993129
-0.7603467876754371,0.03704527333265065
-0.6883564332209257,0.1339812911923982
-0.6766222583375592,0.11805681821553993
-0.7620122835784008,0.05101304601353479
-0.6706604793816165,0.13052627140839623
-0.6875041181044584,0.05818121488085065
-0.7436766988125119,0.13141013266565024
-0.6637351582696452,0.14259419116711408
-0.7033031357751087,0.10849953134832213
-0.6774241727104314,0.08349696870410662
-0.6726176331882273,0.1101173231303097
-0.6780681117547913,0.14626031911706378
-0.6861371676886828,0.18327114054632643
-0.69004866519541,0.11014926256392556
-0.7145666271054262,0.1310316973196754
-0.7226375321341592,0.06575927038553268
-0.7284170270002663,0.04805899046431473
-0.7469640245862692,0.10303401307646329
-0.7080520159801229,0.0900936221744787
-0.7006037560960623,0.13900435611357165
-0.7079695872808406,0.10694033563976582
-0.7290083599370469,0.1032962160383701
-0.6913611263193176,0.0705764927273413
-0.6519346383099401,0.09820519819955106
-0.7169550986238257,0.04756944088881613
-0.6737388004846383,0.15498785791432157
-0.6641035812853952,0.14700298238087423
-0.6939108887262391,0.0897890743426409
-0.692812101440741,0.1540752878822823
-0.668463130733467,0.1304309617792981
-0.7127237664156575,0.16298923654989422
-0.7504982424057988,0.09577547527358918
-0.7301758420087652,0.08901298004758376
-0.6893498821073512,0.1292533937243411
-0.6913624688901695,0.08863881594677528
-0.7389464147271441,0.1009159311074811
-0.7358334145389402,0.1242180089200192
-0.6639231994137745,0.16082806605432565
-0.7054452005354108,0.08052971589532601
-0.7303804410245514,0.03980607893168925
-0.680303804438453,0.15608514086539396
-0.7537777497629903,0.06227976448691058
-0.7316075473625274,0.06684523612668448
-0.6843503981251393,0.052778977871537174
-0.6735780624234379,0.1046790927125808
-0.6631733902542267,0.12665226331936755
-0.6829334896774117,0.16461129238913705
-0.7761637647298764,0.1164895830943867
-0.6627866521350098,0.17587843195994804
-0.7652893122346494,0.07079470223051157
-0.7231155422926612,0.11640750298724162
-0.6673270361181736,0.13868789090232908
-0.7296053723634299,0.03546581123920017
-0.7496725304283157,0.10325712439870965
-0.686386870484049,0.08791711622181027
-0.7567437815010494,0.1096863222780057
-0.6935495045659176,0.08556234392000969
-0.7041468867834276,0.04041833551469306
-0.6567364873858768,0.1192061062489432
-0.7644243752681659,0.08434614791675905
-0.7905831696195926,0.04593056007670563
-0.7394710815578758,0.06503119677316696
-0.6974256032660955,0.1102682444783662
-0.6565824728677406,0.12465479765773126
-0.7364511457544213,0.037967913824945354
-0.7370071747709352,0.1230510112725298
-0.6779796769512025,0.15949850781411204
-0.6613842601743058,0.1606990637650516
-0.7308879763154739,0.1270411097207999
-0.6552814482349241,0.1136872258155517
-0.7189222856955226,0.10415161604995365
-0.7205079358500016,0.13290189216911455
-0.7071871588795757,0.1300634887240487
-0.7074427646637074,0.1800728741780397
-0.6367507617589293,0.136544427345927
-0.6990894513455775,0.14572807658011744
-0.7228896001397594,0.12303927061034163
-0.6649948222672908,0.09228371503735486
-0.6420484595563403,0.16391969983840363
-0.663686585114905,0.14102597517532897
-0.7579456360227035,0.06277286976064414
-0.6952739347207325,0.06478440148779235
-0.706458958537237,0.049124738957445915
-0.7416406555706284,0.06671289501500623
-0.7185149917068631,0.16418845054854445
-0.6671446774269832,0.11624698729838757
-0.7091031439241754,0.1417612557080417
-0.681050489594278,0.10017301306748286
-0.7248708694471866,0.06533719238232094
-0.7158794353828021,0.06592168844309315
-0.6882572651423466,0.07976861609318718
-0.6473698629265064,0.12190049138621632
-0.6875864226767534,0.14629786839028747
-0.6736198181859474,0.12151833979798526
-0.7266795551173137,0.09698839257421872
-0.7724307908649143,0.11059612446824303
-0.7200852918088287,0.1413534231374981
-0.7378877094588928,0.08132497180312544
-0.728548884877329,0.1324224048121165
-0.6704448381309133,0.14201594731124537
-0.6893156086130047,0.15163172159804308
-0.7006973966146941,0.046860824282844875
-0.745982913553381,0.04678508201064711
-0.6898740435832825,0.09791240496867233
-0.7377705633204087,0.08946117279073822
-0.7022285208988579,0.11318658912289783
-0.6898585091856929,0.08492150201679302
-0.7211983304630525,0.0721589330678836
-0.7099325477285628,0.15141399772334332
-0.7675719343389572,0.07186677655452929
-0.688641581079673,0.140590111411432
-0.6740994693536239,0.15056801667522235
-0.6772602926029134,0.17889322429387727
-0.6482225758330749,0.16871340321721112
-0.7194627173683402,0.1141475606041393
-0.7284127614202832,0.12976241148353
-0.6504518867621994,0.18453757938082505
-0.6724055281588246,0.16817217432867698
-0.7113365528732145,0.15701445936093206
-0.715863032613891,0.09369871753378164
-0.6892834878688855,0.17694093569629457
-0.7270249192848803,0.08162237075868042
-0.7048684102833284,0.06296316299028336
-0.7180277761860107,0.12901461171896986
-0.7115377520018543,0.08920227281072794
-0.6961986901582673,0.17405992512700524
-0.788511880535767,0.09839037805369774
-0.6821892220521418,0.10756045427074638
-0.7246607607724855,0.07532460397294806
-0.7108154026921901,0.09576820650761388
-0.7380713761458729,0.10135948833777046
-0.7478205133210895,0.11250963472523506
-0.792709695600444,0.10243435190564078
-0.753893464225031,0.11555343796708424
-0.747459364846653,0.1054032835858122
-0.702756285723823,0.07327845512877033
-0.6659763021736842,0.10643974478180704
-0.7374355282171962,0.1236561079452848
-0.767113345005644,0.03803353571734375
-0.7236151926803878,0.06209872165708246
-0.7092882329856686,0.14753427587861467
-0.727269781645166,0.15635658802091604
-0.7141776894231354,0.09934964664809598
-0.7247550754667273,0.1591644796869813
-0.6810151647715749,0.12466394282158688
-0.6569709405476593,0.1365651661493244
-0.7141256236016319,0.10420230074195135
-0.6688811226540932,0.12994019695373143
-0.6802866407813694,0.09433971015069177
-0.7334566621655639,0.048174758299036835
-0.7493104609456888,0.1273410626597963
-0.6984800190990003,0.14325364164072943
-0.6941106582478793,0.08572039914686141
-0.6869268583272979,0.06545044228907394
-0.7311841599871339,0.0927199750392771
-0.7137872737478126,0.060959400132026186
-0.7638216817821857,0.06381422704068224
-0.6827059121358459,0.100189743176046
-0.7060902119030049,0.13085198002707812
-0.71769340869732,0.11467674249327152
-0.744192865048591,0.12726776156725753
-0.7283572392314341,0.0655099577994681
-0.7306086852890267,0.10726008905861302
-0.7238703695649576,0.12300306291166056
-0.7288047504452296,0.0891256911641032
-0.6628563861352129,0.16698549232945148
-0.7810756591346595,0.02306972684516453
-0.7426257781965094,0.11091747702438066
-0.7131743968162433,0.09574375055196496
-0.7035679011159667,0.1265173986166859
-0.7098867256563026,0.12310180447804409
-0.6471553881355722,0.1782258088493364
-0.6691691015489343,0.08652577594822285
-0.7368448481397566,0.036822299106087406
-0.6975835603224491,0.16592290091608586
-0.7069194582221044,0.09397119321779787
-0.7072959600837332,0.12075780363185827
-0.7589769047536634,0.12817948625757206
-0.7406423563305636,0.12752738569807456
-0.7306168567803655,0.11961157789672247
-0.6903978280706156,0.13028595786592634
-0.7081228239156254,0.1318302421337627
-0.7438143813073396,0.1154859472035505
-0.7162579517487867,0.082642882375884
-0.7377482011340324,0.09478136783917047
-0.6673455425916901,0.09213015592334428
-0.6635964507166857,0.174247652031099
-0.6513947602772362,0.1349446365223314
-0.6469791987685586,0.14237812820514809
-0.6878967682507786,0.14486044032901557
-0.6793702924263542,0.14208730895865032
-0.7103694456720443,0.17313910569015875
-0.6575463734552317,0.15026289801653112
-0.6602982400067408,0.1916167048367672
-0.6906614933278383,0.10352750504262956
-0.7815470158748443,0.03798503555789782
-0.7402588212494029,0.12568002080476262
-0.7208175722663521,0.0623272251113983
-0.6936119285567833,0.07290317397508218
-0.7454894396737981,0.0032005749335164185
-0.6658228120468016,0.0937575083108204
-0.7487956431846059,0.11530046490721438
-0.7246501403305621,0.0763424806728332
-0.6805671216703673,0.1013265299757622
-0.6635656163229101,0.14718012448835055
-0.6842062877823212,0.12099839450955376
-0.6726715339511857,0.08743386713045609
-0.6763747914616471,0.12291662652639736
-0.778908241333347,0.06582882976928384
-0.7489511673732904,0.1183916422044563
-0.6971872082619279,0.15591955175904076
-0.7134297140295474,0.11926094731495175
-0.7163669586009344,0.0679871850516293
-0.7446458965734748,0.042434059196993966
-0.6889183989319031,0.15155743692787857
-0.6411399486451425,0.18517596281046414
-0.7629802353710784,0.12217073319591515
-0.7403092524599177,0.08973784761461873
-0.7427938481682128,0.06921858572636472
-0.7041549586675079,0.08861867331287061
-0.7233667327617378,0.08675911571718048
-0.7189551901364107,0.09184328865504181
-0.7487099678282145,0.11006948887701815
-0.7031619783744866,0.14729536365753537
-0.6865084597228164,0.17615800320758274
-0.7221901687422855,0.10736876175606422
-0.7190186507243425,0.04882934949569413
-0.6660757547933155,0.10671527586901489
-0.7340046458601733,0.09067473217973072
-0.6467895093836087,0.1527587467555712
-0.7322399256685252,0.0892217334839109
-0.6981247465352207,0.11489503772447357
-0.6876853657750333,0.07486227195571052
-0.7589934068564773,0.11473872194827467
-0.7305597306805158,0.07867097100323715
-0.7531072215260917,0.11432343369124791
-0.7390870362808344,0.08197332571333449
-0.6511970335397498,0.14827939774670035
-0.7499305904244316,0.09018576600484046
-0.7256204419430115,0.157967201950489
-0.6858763460107706,0.13165457943376227
-0.7205368070908958,0.13093787452212038
-0.7125612438603712,0.06307353940975308
-0.7135078994244979,0.12517353719285707
-0.7670844537441943,0.03275091897018775
-0.7504449362947951,0.11141095365272789
-0.7570569528523134,0.08860681009998984
-0.6784956317429126,0.14147089520813427
-0.7516969927958919,-0.001230487728837874
-0.651587698108844,0.10404555334532417
-0.7611630705906914,0.09783310128528708
-0.7549227290766242,0.0829127268494518
-0.7275977618253092,0.15404994015076098
-0.6583894044284491,0.18462496863911335
-0.6494433564433338,0.14248597191312673
-0.7040369982864603,0.08295620824771326
-0.8033105786857855,0.05457954925583709
-0.7314667549087263,0.14809896239460985
-0.7017240484153856,0.07868576667408725
-0.7811475865145683,0.0908811915586619
-0.7252086580842506,0.1113024269833496
-0.7182979112393244,0.07022025088762182
-0.7528495164375238,0.1397053650011683
-0.639701922405633,0.14432833879176987
-0.6641628237806753,0.18981438431392617
-0.7867711362832294,0.07908748830722541
-0.714274597320543,0.13568424366614126
-0.7350744153421894,0.15301319088581788
-0.6954314863160235,0.1943450179167326
-0.6992852289757246,0.05846064758093024
-0.6689314951782575,0.1695494094238131
-0.6671898860804634,0.15088581486546734
-0.7359719439458235,0.02341582762043481
-0.6904562060051066,0.16249282622285105
-0.7032487957514254,0.11559402037767805
-0.7827895249443244,0.07273812997484037
-0.7015845975515095,0.0694177919502273
-0.6967946221976306,0.07466901768174057
-0.7354087170478977,0.0493709731631586
-0.7300802048658597,0.0491201275633454
-0.7086060702971569,0.07936296827229808
-0.7586934168733941,0.06068725128526442
-0.6398462830331657,0.1427117650810486
-0.7049439599346773,0.0772906347947962
-0.652411559494743,0.11579338383956861
-0.6974109573345344,0.13381954506938024
-0.7509834197372569,0.025975042986597596
-0.7351806226470844,0.026067683456375737
-0.7002421874814796,0.08793654586630664
-0.76557903060083,0.029160611936412083
-0.7258446061580758,0.13220911808800498
-0.6871102912250991,0.06654650388811534
-0.7501710075411439,0.08911822103479748
-0.7081250599577175,0.091943890194398
-0.6822376840315381,0.12506857862292492
-0.6712683273748441,0.10912261362653031
-0.7113930948950706,0.09793123546454414
-0.6805549879988986,0.1140311891997839
-0.7285605099006536,0.173225302855528
-0.7571114468901675,0.12439057631185665
-0.7211534699127287,0.105817056853984
-0.6550232645558046,0.1236198072940302
-0.6718315798053042,0.08014863028656966
-0.7206020198518169,0.11855334236034556
-0.7219711185236495,0.14681803032995774
-0.6756752874159564,0.10040712180386438
-0.7071623023942254,0.1269019544345113
-0.7491832970435262,0.01124650618631093
-0.6561560828167726,0.18443235451173065
-0.7153495292254817,0.03584948126819205
-0.7495826954614024,0.07888607491640882
-0.7343353373372365,0.07722247119319726
-0.6939480047168973,0.09964145310903633
-0.6823011277148292,0.07958112470508699
-0.6952747555331735,0.12754125216244108
-0.6949234520763112,0.0752576109167035
-0.742483558507616,0.13944871195312636
-0.660473803246622,0.15081678933545475
-0.688458602210973,0.1422393197792746
-0.6429579522333202,0.1880822478605581
-0.6723303238499273,0.13397618490309046
-0.7469031384589184,0.13427513991817774
-0.7753614455763859,0.05844692440796695
-0.6819325190565622,0.17725373090699836
-0.7069413337177828,0.09361639727895749
-0.7509062873093313,0.09058981279179872
-0.6961821815692043,0.13561889633902185
-0.6868094828733997,0.10408853299253895
-0.7138065420988536,0.10401323543648221
-0.6745058008683174,0.13161369699456338
-0.6820145042415099,0.15723258956609157
-0.7645508601913024,0.0654637352019673
-0.7061142242028385,0.07281017429393771
-0.7259370955433709,0.11451017995290895
-0.6774481446168424,0.15146767672300956
-0.6630970020953884,0.09585345099512146
-0.7022689582360014,0.033239705570816284
-0.7615608998863668,0.08613555854528607
-0.6919855373094101,0.07177158850630173
-0.6844147709172199,0.08961951818533592
-0.707007655940736,0.07243837028018056
-0.6968601605528366,0.11403547069070617
-0.6546216470064139,0.1626305731603683
-0.6851061573263925,0.1577365426000066
-0.6677455335301755,0.11809679212138244
-0.6455691737015424,0.11179989964310433
-0.707534669283022,0.1287162459744612
-0.6583906310529009,0.14407810792484285
-0.6836968110106995,0.1228449631422955
-0.7230099546464918,0.06620686032574236
-0.7086522407573143,0.1091111460862516
-0.7898812197365831,0.06456845106281404
-0.7308531063674676,0.052632536732283186
-0.6768748141630634,0.12029685417736227
-0.7243296233709509,0.1133974848577938
-0.7142675352308352,0.12884865143285087
-0.7198940523382718,0.11309411937160369
-0.7434229814224936,0.11258110724387603
-0.7280802382485209,0.04172930446142706
-0.7515906780308658,0.12971756885343122
-0.6626266722437908,0.09997761456877564
-0.6763110028527853,0.12872860376468928
-0.6506342390097807,0.13588267251764863
-0.7382655037134305,0.07392996140420613
-0.6898400394039294,0.06319141892820132
-0.7237977064058185,0.15708035265472323
-0.7098923594751754,0.10797081340201146
-0.6602664915293773,0.12451590290885076
-0.7394613680165015,0.13640486341296656
-0.6979342056952091,0.16223706005669644
-0.6828617319413525,0.10826077079275143
-0.704394952256743,0.08217528271325379
-0.6606844924837194,0.16954586704619384
-0.6953098429730643,0.1181800156549538
-0.7727035576306219,0.07499755081748356
-0.7007812760686282,0.1040782262674149
-0.6779053348010021,0.1464155747047836
-0.6959785562484486,0.11280217191930372
-0.719208099092953,0.15109646679498429
-0.7278876375461406,0.1701792734244271
-0.726871484260124,0.018232529737532244
-0.7142860485182154,0.08388096639554234
-0.6850470851475258,0.1336578763777387
-0.7544230420310001,0.04834881299480016
-0.7082467678570354,0.11491182961255617
-0.7024210430598496,0.10376536693284535
-0.7088358166894134,0.05814168516513059
-0.7151643683854568,0.18237267504713778
-0.7560285817270911,0.03338330824015316
-0.7008122678153285,0.06886596480347247
-0.7340645593532045,0.10236935331084225
-0.686016734296595,0.07654753669999852
-0.664753821208607,0.12098527957592382
-0.6742972996125133,0.141130517289221
-0.7372473300620764,0.10255916198028629
-0.741846221876652,0.14613244072990084
-0.667421055036461,0.13862737872815417
-0.6936102643229247,0.11402907813871012
-0.7033716266900827,0.05842304915067477
-0.7478185734796742,0.09018857360975235
-0.6584488419673425,0.13046689825464602
-0.7240497976343602,0.1228161622878238
-0.7412195403040847,0.11761832806897878
-0.7638732184406041,0.11512168838979048
-0.7474327446489821,0.09910499766957422
-0.7837678214688486,0.00013651795558122616
-0.7822125060308749,0.018129226837711485
-0.7252427306908704,0.11328872795324905
-0.7252488978267898,0.13483399890408546
-0.7841034943590316,0.058465975856859136
-0.6931663933794314,0.10625585190349938
-0.7636011026505892,0.09549031966258589
-0.7130033619117437,0.102810487889179
-0.7863619497956646,0.04466612011143225
-0.7161603432667706,0.09604897913384311
-0.6638861171515199,0.14650629365069434
-0.6910185873738891,0.16143639775977195
-0.7260584240946623,0.10773599404080708
-0.685871812539491,0.18437342093516637
-0.6585708347827353,0.12992786713677734
-0.75825536197901,0.06520218761683573
-0.7463372871638047,0.13652067587119987
-0.6675365571867812,0.09889534748341378
-0.7168953736942333,0.10813267685895284
-0.7128377342957765,0.1349489648157053
-0.6825220588236471,0.13588841594480605
-0.6753116803886074,0.14081672494797184
-0.7046753887786902,0.1777749733379699
-0.7960138268767761,0.059426334586323536
-0.7758718000839715,0.06676311584111605
-0.7439920011228592,0.07704227048383767
-0.7425293517105871,0.13738132028377337
-0.744639219986228,0.07395446800082038
-0.7046651885658392,0.10355321618742819
-0.6565989984602563,0.15773634943459752
-0.6652061032938582,0.1633379415187949
-0.6590546701690813,0.12441281743858296
-0.6974048562531773,0.15633078412987436
-0.7374445862035394,0.09522897855602361
-0.750117275446937,0.058873835680466904
-0.7702402891790837,0.07338064806404188
-0.6702434563666511,0.1470781824727909
-0.7370512272818613,0.10750620830836144
-0.6754291774746062,0.1451657523504533
-0.6846094888256352,0.12814331704423187
-0.7253917273643649,0.1605956970440554
-0.7267617098105947,0.13851313213138386
-0.6628988429002217,0.15257681328575606
-0.759373566276627,0.12229444823611473
-0.682196639160691,0.0798080722800848
-0.6809336282901333,0.09550190900312192
-0.6524126527981381,0.18202412892917957
-0.6733070172409856,0.1477419557712713
-0.7048354482770598,0.08969353636303747
-0.6962316207898654,0.10664021516061373
-0.6919488145670402,0.1764683916871104
-0.6897038102491106,0.0998106012422054
-0.6733748788505982,0.13423950706379295
-0.77910489516702,0.04602514112967799
-0.6780967065211886,0.15734049436623593
-0.7251267528704883,0.07181541083433565
-0.6905735402892668,0.1373175358647607
-0.6996300546123301,0.14290430205070925
-0.7669041100901948,0.02723537804821709
-0.744639440202122,0.1368994449656407
-0.7289629812113468,0.15745082676775135
-0.6980949473414313,0.10523544634009684
-0.7542642568430766,0.09316023780567165
-0.6912471628221419,0.09897857770595588
-0.6743787200743675,0.1662999748700922
-0.7827235404593337,0.08135670671044583
-0.7025380490750073,0.16656618989691543
-0.6764083310439689,0.1345615082184624
-0.7158213828612329,0.1401907969467205
-0.7035951402419963,0.044750886734212875
-0.7260341019466359,0.10154449130497728
-0.7218710390332586,0.17923694482453895
-0.7809897505526355,0.04567064232959545
-0.6991898356561494,0.08564386476760898
-0.645119306677533,0.13085421127261318
-0.7368450844003473,0.07576713685986536
-0.6637033938111132,0.14168900380258592
-0.741373703507112,0.04966182324284018
-0.7087992190169455,0.15161032029513777
-0.7138149137795486,0.07323324351516795
-0.7527760673287814,0.12036747312516381
-0.7163025238868541,0.033316324332164915
-0.7063552957505507,0.11402473855891244
-0.701017638168016,0.06371894117717017
-0.6607095671619817,0.1615437128365141
-0.7451205767179822,0.08538098598078517
-0.6890851631570719,0.10837056038855392
-0.6681620071370581,0.16642471771915884
-0.7207033689317175,0.13306395520313788
-0.7202807529857158,0.11206907636395143
-0.7604142964714347,0.0542886364660453
-0.7163528433672299,0.10430090270120894
-0.7172178325184714,0.08319383726229566
-0.7258934150585971,0.06264313762328932
-0.6910334933873374,0.1114361248497625
-0.7659594155544738,0.11657891278080101
-0.718005893710784,0.14955688076020057
-0.716063062664112,0.1359358838463146
-0.7345670273777034,0.12611756761686577
-0.7577013784354029,0.1374288699975406
-0.6537684932829736,0.15910606944368463
-0.6609566918697647,0.16011239805892907
-0.679380502052211,0.10054918600391524
-0.6668448539061246,0.1029675938015626
-0.7578023018997578,0.09678154423551223
-0.6717184625964294,0.1774203717274723
-0.7340983677273347,0.09913233963599963
-0.7373988438486866,0.11310750737100728
-0.7103355502254849,0.16557003644667256
-0.7222781900086395,0.1330803948437322
-0.7125684312897121,0.15585549481568187
-0.6981160255984806,0.0970524202563235
-0.6911688443456538,0.08364736982574966
-0.7921083848081094,0.048205092890651294
-0.6967257934018262,0.16081970818953614
-0.659524254048083,0.11735012232782306
-0.6902839692247515,0.1490088047111816
-0.7271850525056112,0.07536795297148942
-0.7125823604457356,0.050997982921062834
-0.7172563792461348,0.15598090891614172
-0.7602337923185943,0.0942447618556915
-0.7454165522291978,0.1215738485914682
-0.6700956284415793,0.11747911348676744
-0.7153577910797512,0.08387429568636488
-0.7056957992046815,0.07250145829191922
-0.7006653086679066,0.17959988206608374
-0.6962594316488272,0.11491581161220177
-0.7254539535237764,0.09208554666826389
-0.7424809295477527,0.07153977397421314
-0.7460062872281494,0.10414936663929969
-0.6633497333692069,0.14293725890788078
-0.7528701104827169,0.11869487419910127
-0.7369811150751451,0.04195318993355683
-0.6927141421939439,0.12523425307616512
-0.7121312400615638,0.054429289136181155
-0.6981083801861886,0.1511240033278639
-0.687634483559702,0.1234107150478159
-0.6657776282174591,0.138986989639404
-0.6840357564559462,0.15100857706754037
-0.6972952268584972,0.14354872743379388
-0.7061795137513334,0.0777245308466213
-0.7250865029194076,0.0859901556684393
-0.6419625276585774,0.13612314299491932
-0.7366581263364308,0.13226791289340048
-0.7516291130987846,0.10054188939562318
-0.7297663069949678,0.13209608586356034
-0.7251463270610867,0.17583827955537237
-0.7042272742548986,0.11990981071416701
-0.7377347020544064,0.09087652402513414
-0.716949257133298,0.1532928366165933
-0.7075170142230871,0.12427290531671108
-0.7296540214408135,0.10028732131433503
-0.7156073982039646,0.15386447610009887
-0.6909281853883703,0.11891054274763148
-0.7239584711256895,0.07040272421578135
-0.7365380314977055,0.15774257088405974
-0.6827316921627782,0.13289859593365533
-0.7214538969211349,0.15315877236984976
-0.7158558106787922,0.12733568085765865
-0.6827659042878628,0.18578312080569326
-0.7375410810498579,0.10448184255215143
-0.6585319568266331,0.14338992119706678
-0.6996978808516453,0.12252418325577386
-0.6823153767267621,0.1636815299974533
-0.7847682944282683,0.04004861059984058
-0.736021340754764,0.09113374263514981
-0.7292818815638141,0.08125674558944142
-0.6436234030643525,0.15199325846965442
-0.6867132463194375,0.1366302758554828
-0.6580117150494239,0.14007574610948453
-0.7130852042995995,0.1184357022158355
-0.7190036768501045,0.10802928059092233
-0.7246167053650711,0.12172548282185493
-0.7165279632152726,0.06711948475682075
-0.6950935428340685,0.09066048957236458
-0.6855348182387114,0.12527514041797866
-0.7301759202312395,0.11519037318174057
-0.7219973091211103,0.09350378113587951
-0.71784864115145,0.06439053177587037
-0.6821316396065777,0.11244358183741202
-0.7171088554193799,0.06856317679700387
-0.6716551934250072,0.13300731201561966
-0.7688139891863056,0.10179726689794831
-0.7134735742452961,0.04085458611575875
-0.7579194450735797,0.08467448441143106
-0.6642489544159147,0.17826046206856758
-0.6538293650715212,0.1318313841355208
-0.6905237080130403,0.17161420155923895
-0.6871381706015681,0.11059066460155692
-0.6889740253085098,0.11513615948702119
-0.6670284583669257,0.14117940091786393
-0.6688553162461527,0.12231354041375299
-0.6601656960174913,0.09353920878646377
-0.7218479939111037,0.12391638610298977
-0.7528925403280707,0.0675769164995262
-0.7180690645374324,0.060732416096883055
-0.6942745469463045,0.16382913022062068
-0.648282073689568,0.13437231442792585
-0.7748394163706125,0.09134615590199376
-0.7117230499617156,0.13948121301355765
-0.7157235424061932,0.0894968250178796
-0.7876787230297924,0.021241658723772948
-0.6939569438917547,0.11199144564206212
-0.7270678721198132,0.08748642714845556
-0.6501468035451831,0.1421883713062142
-0.7120042864020034,0.10806881554116668
-0.7474402832191461,0.09648329676294752
-0.7250728428404511,0.10443787383167381
-0.6891753378504021,0.1266370701852933
-0.6514765382931672,0.15602168529528773
-0.7362767599367097,0.09039400915518365
-0.642736115243581,0.1719973168905428
-0.6874437832971365,0.11796121971937913
-0.696078759981656,0.1709047313123361
-0.686136454023002,0.1030226067027731
-0.7585949053542436,0.0984582960821246
-0.6945669626386005,0.13170097864649197
-0.6773718678286289,0.10022972870322948
-0.7070508462142806,0.10151213438962171
-0.6835341194679211,0.16951696882976938
-0.6640713996507024,0.1765939914697138
-0.7010260656731224,0.11560086674872243
-0.7152951533881643,0.12427583388483204
-0.752379563057198,0.11691569733559873
-0.7013083582107329,0.14822318319743227
-0.7255207180941774,0.10005551729858912
-0.7303953500338511,0.05192256686369286
-0.7510374855336084,0.07932264319702576
-0.7024527256537338,0.066876457375529
-0.7446213402047149,0.07382728271588752
-0.656308518795537,0.14792918232399266
-0.6884170837648016,0.13974052684526736
-0.7430258255538654,0.09900595636404767
-0.7550478654317103,0.06208869258982181
-0.6682950491482393,0.07984814755984986
-0.7382004566393963,0.089297829596039
-0.6715591011919491,0.13544375634640204
-0.689579690913472,0.07576356762632251
-0.7474382689428186,0.07840306777203619
-0.6996853306824946,0.11781723898415593
-0.706472573767887,0.06903575103316978
-0.793438783314501,0.03343797311395369
-0.7242671047002096,0.10564748569009491
-0.775147580847765,0.06946235534528779
-0.6787429545437839,0.10885087946473439
-0.6890549993328884,0.08799568711171092
-0.6705208237732363,0.1369756160272059
-0.7275176929666665,0.0975975469346537
-0.6623412431814814,0.1547635583505867
-0.7377162587395866,0.07721731614950401
-0.7017948534692653,0.13856710996377156
-0.6613922850640804,0.12467242752107771
-0.722020455243645,0.12993509266695455
-0.7037733296878781,0.15720694366806867
-0.7203501493134569,0.08936211108988618
-0.662426925139412,0.10942873827238514
-0.7566339814030644,0.0407061885368135
-0.6506982444689078,0.15446050828510346
-0.7298323942158769,0.1026290790745217
-0.678772429882417,0.13344702458144636
-0.7619086018438442,0.045614752194780776
-0.7641708036943239,0.1270505175220668
-0.7447382217454512,0.07255950433545931
-0.7266236065940839,0.1372745115670196
-0.7698522712310591,0.1100782082217337
-0.704670194138438,0.12040874425057858
-0.7193363938505385,0.08752255754033157
-0.7139057147287659,0.09700228277224597
-0.6783964089225565,0.12986755115646956
-0.6973608448090242,0.126489277932304
-0.7345674563741837,0.07122900045072622
-0.7529087046261629,0.07456715025083695
-0.6754952837090008,0.11762458681790097
-0.7006719522319879,0.1743216422642427
-0.7614385960958265,0.07743337542775262
-0.6653075890035459,0.16558102478530154
-0.708368515636059,0.055969374485733706
-0.6520362035479302,0.1431615999154142
-0.7116811174879973,0.11525064226230361
-0.7530314604493774,0.13531335236160816
-0.7049391116761728,0.1548146760833434
-0.7604280641551446,0.07234425998682587
-0.6588815434656958,0.15523445423049578
-0.758233957418548,0.07272860105128014
-0.6761336112058473,0.12115398049904631
-0.7250787239346655,0.14149570241812431
-0.7121164099205138,0.15030189526946972
-0.6581700927846849,0.15370860357141894
-0.7099690281103795,0.1706031449460268
-0.7173985014380032,0.06720701156218829
-0.6892924901803295,0.1419617043471344
-0.683831074727858,0.0990085870015853
-0.7420383231599589,0.10906505101104079
-0.6549662461089197,0.17060867025012333
-0.7099710727670112,0.12081173087150184
-0.6776688369140432,0.15637022452442023
-0.7244356698923264,0.1386467811132497
-0.6659069258074278,0.13161860282836554
-0.6701679701486462,0.1631146535756844
-0.7749497637603581,0.04246702017441877
-0.7364297483708883,0.08133456259408622
-0.7630122614562126,0.08980419859541584
-0.6792003839024651,0.1624169393580536
-0.7419423394575622,0.12531084000704923
-0.7578272520548597,0.05562955538431064
-0.7522240761996408,0.03795043411279181
-0.6955625214137439,0.11939771968514597
-0.7190136362500928,0.1019700146471298
-0.6983671941425564,0.12809495634703744
-0.7001210432397414,0.14783070587566993
-0.7790944300016627,0.02157540379831907
-0.7207887920427698,0.060454385581515224
-0.6981024793823581,0.1078217212407718
-0.6537023964058108,0.15029676882007353
-0.678125647377642,0.12572774568981213
-0.7234753231061538,0.09777936425411562
-0.718405812506714,0.10357482130712534
-0.7752589138333046,0.029125838130004654
-0.7455734775177255,0.090020168712966
-0.7225555375794863,0.08632910071608789
-0.659874659213709,0.1700657868006018
-0.750703667604565,0.00885950035946574
-0.6950308465601204,0.1543242114596174
-0.6913154141965354,0.13322446989189116
-0.7501555382251248,0.07413821860561833
-0.6744050018928659,0.10019091252235393
-0.6919081036989122,0.15777770942562144
-0.7143634014188672,0.05485534290765868
-0.6816759252012984,0.15141168136901617
-0.7166048323350371,0.07890564748871001
-0.7537247832162794,0.06949676187426852
-0.6902925428918527,0.16165008856911967
-0.7528537806290074,0.12905820991740505
-0.7944333381719925,0.033409754743017286
-0.7206048603158992,0.15028644838363586
-0.6823454094293802,0.15055183673497036
-0.705513408089782,0.08321093412220466
-0.7121705519855026,0.12025433801603179
-0.745216989466905,0.05925492026832412
-0.689026384000793,0.09266888876008214
-0.6625665535081108,0.13088962807344148
-0.6972734181094571,0.10708135016133835
-0.7747867827918218,0.009811912048923356
-0.733734143254568,0.09971424073099268
-0.6651974883795622,0.14042208440508336
-0.7489934635422915,0.11840820574686463
-0.7504363158782613,0.11759142521974723
-0.7437283675173497,0.1442397936056262
-0.6850015341586335,0.15392974834633041
-0.6982825693893527,0.15796396354173717
-0.6966321132500356,0.1445171205619379
-0.6673880308831568,0.1323708078490746
-0.7823606286271414,0.03761630829860375
-0.7065678746813746,0.106154475740739
-0.7059119386478294,0.08962876013060209
-0.7348514661063911,0.11205164586735447
-0.7235259147011284,0.10482720761768238
-0.6697140949466104,0.10271718335914486
-0.7590817864367007,0.08913618580093867
-0.7156578905100988,0.07092749411686766
-0.6628102760866076,0.16466237039842355
-0.6778335649119205,0.10403863901456678
-0.7294073058237617,0.05607184767525342
-0.6670460474099186,0.11772125179321843
-0.7254576250087835,0.10765585055855735
-0.7184213170385534,0.11128923746778945
-0.6692357916219084,0.11593247765313236
-0.6996106962008418,0.14890924309963047
-0.6951979206441755,0.08843869886909674
-0.7388656992618947,0.1430686221970235
-0.7157024611684313,0.10819468200382468
-0.7520911699024324,0.12647071935473084
-0.6400421541609528,0.13437314204823847
-0.7182774134256924,0.10284144973779943
-0.6611771193946526,0.10453823818494215
-0.7711893861220438,0.028543483159220225
-0.6869806328568374,0.13809197701686324
-0.7380425127484067,0.07350115280299276
-0.7524888963505235,0.11278995100031393
-0.7232144837090038,0.11394332869301431
-0.761464745530953,0.08906941888021896
-0.7164552566031905,0.10214171690336424
-0.737050262183119,0.10020702215150822
-0.7337315728847607,0.068994660499266
-0.6449930031272931,0.15258621884378887
-0.7696135569657212,0.10283278184053642
-0.7025308998995674,0.12595052628973333
-0.734936135239313,0.07030206843344615
-0.7026984872964194,0.1280360425551601
-0.766047981984159,0.09461520311541008
-0.7124717255863822,0.14154482697871756
-0.6910185975173708,0.1379686932528116
-0.6777253788482892,0.18278207197188812
-0.6904755457016261,0.06794683603037792
-0.7372412059973983,0.11574880178281623
-0.6904881859864528,0.1517025278996378
-0.708987571810731,0.11130700241469357
-0.6851317712220466,0.0901549270470101
-0.7538011856575639,0.14369801951696917
-0.7525626746718278,0.09512514184191301
-0.7134881957352629,0.03409694400230392
-0.7209148800145515,0.13380220698605075
-0.7219520080502879,0.071997475129083
-0.696441395808987,0.16099317918794961
-0.7341465878107531,0.05580385324318933
-0.671672568609925,0.14434883953924343
-0.7041455158999471,0.13599522902302782
-0.682735115216139,0.09665098495401303
-0.7313035835220105,0.040142195048168586
-0.7466995589835542,0.06692035853324414
-0.6789590671725265,0.08688379712950454
-0.6964396294913877,0.0990942766641974
-0.697237808509621,0.1031084408103182
-0.7472702806392453,0.10581105346551238
-0.7156405785389741,0.08024809939585252
-0.6859183814400007,0.16141761146570677
-0.7343830441558427,0.050435966668900496
-0.6810387007107064,0.14667921234579168
-0.6888385582800297,0.12268458172292501
-0.7556229773724438,0.09995502736147738
-0.7039579270382647,0.17583808410275592
-0.7298789051448186,0.09280892245073394
-0.6881532076245748,0.18326627365971473
-0.7385734899266482,0.11063469680835998
-0.7457024043865986,0.047346967931153915
-0.6851457764577719,0.1725848275101522
-0.6839580848773278,0.1480722890573886
-0.6831135939701163,0.1362598018597343
-0.68405841116594,0.1695398983579509
-0.640915858320023,0.13629535421358105
-0.7677676099490125,0.1070353589232567
-0.6944821967889526,0.15257466017293433
-0.7187430419704016,0.11363547704491873
-0.7361984136204117,0.08832472146185875
-0.7088174642591136,0.18206570260090105
-0.6888699668721098,0.08565358591876232
-0.6916280360938339,0.12269979120512035
-0.7548346869142009,0.13838796709969542
-0.6896484097285216,0.09666396109091922
-0.7476589489604285,0.14858701120579718
-0.7276245764649452,0.13078844874475362
-0.6783919188419674,0.15980280862155608
-0.7442132311866216,0.12771690955717035
-0.7585746045573959,0.11241287861937108
-0.760300284895201,0.04564681078579136
-0.6912959710979634,0.14945963011113858
-0.7139822805690244,0.09341191791454692
-0.7459534610880816,0.08502907971479574
-0.667816171877578,0.10268913149656224
-0.7599173992122914,0.06391472956575205
-0.7033313540759343,0.12596919002579804
-0.6721975743034554,0.1619670488787009
-0.6617464097882377,0.14966866437363888
-0.7486590595674978,0.12249651318586499
-0.7063010301880951,0.10040842449826516
-0.7213468687980751,0.1637891127730456
-0.7340154192476638,0.142473488877869
-0.74943499273051,0.06177528832840396
-0.7289813979344711,0.05169949692395731
-0.723052582740348,0.11109781254195254
-0.7634369621640982,0.05659572847646717
-0.7128908045488396,0.08231768120892966
-0.7703686070670726,0.050720368100428376
-0.6763692342033422,0.16011426314805643
-0.7375403965697402,0.16389426231741902
-0.6908824626613089,0.1767699957877466
-0.7316949199858911,0.1042146793408349
-0.689328547456867,0.1618438008363596
-0.6945306677078031,0.17736525231482286
-0.7581547352068102,0.057230806109254864
-0.6993624397636379,0.1738266601424579
-0.6483024524736717,0.1528465090933753
-0.7495976650500664,0.08423920194962872
-0.694138117271996,0.11062913374755977
-0.6658647985238766,0.11866831197999811
-0.7126242636746131,0.12611145973548923
-0.7530123209373145,0.12097105721181138
-0.6528272231457508,0.13697161609332592
-0.7792143144743373,0.03293343475151192
-0.677940603637373,0.13808227674416948
-0.6814249738029067,0.13652956479557835
-0.7458572838398623,0.1571355173982442
-0.7404439416101135,0.11824635342471823
-0.6892679098963167,0.14880550674086912
-0.6592471698355035,0.1457628314239768
-0.711690096880164,0.15407456719265936
-0.704893391510146,0.13142454469490858
-0.6700077705931183,0.14081393565504707
-0.6991958769915779,0.10586649750956813
-0.7276570600044703,0.08268263038745291
-0.7284758591980784,0.1492957241528024
-0.7000449672694734,0.1112184970022975
-0.6663368114362364,0.11682222054186675
-0.6533969378150439,0.12913257804128145
-0.6860058749432946,0.14020794737739012
-0.7340234978164835,0.11239684960131546
-0.7145293695052736,0.15722246676685997
-0.6912966253395405,0.15764572753349923
-0.6690413269185255,0.18524312284328645
-0.7213326474916579,0.10526733857484792
-0.7042162111651893,0.10034234982046623
-0.6898963260302647,0.07687182923987192
-0.6566005598783613,0.10174649243969972
-0.7142418119570597,0.10572721231179073
-0.7090270141110556,0.11955960662750083
-0.7609216226725264,0.09263800437377709
-0.6949064340590173,0.10982993244606565
-0.7652322310898847,0.1334985037517966
-0.6821070378643433,0.12187699991521248
-0.671311131381298,0.0913082029273743
-0.6628188759638634,0.12697956760199824
-0.6472882496774677,0.15956467730282345
-0.710516558601376,0.1437621823264607
-0.6894117752971354,0.05053369257684482
-0.680957831518491,0.11838436341944714
-0.7398140968317507,0.07130076663779562
-0.7319834895517241,0.042377941394817466
-0.7332758686767783,0.1354027612949708
-0.7154301079134897,0.147851439832474
-0.7015749580354056,0.1617191180927346
-0.7216592222080256,0.16478316603512827
-0.7483976130107979,0.07751819274708409
-0.6742917935090617,0.1619012744700334
-0.7452479224269105,0.03917156936813269
-0.656207901579615,0.16507657077699525
-0.7418678840294457,0.15009171198156476
-0.7411398268861348,0.09659334714237812
-0.7114361717126518,0.10994188019720284
-0.6945372032735734,0.08512467125466806
-0.6833213078860118,0.11806088562705402
-0.7632387500988327,0.11892857499327693
-0.7041073474171474,0.15906535072041206
-0.6899309712697872,0.16179397514296534
-0.6838638012422946,0.07151586399642412
-0.7072549900490627,0.10495514963861807
-0.7708173991605275,0.11192371106685854
-0.6719160638157737,0.16269854046153207
-0.7386180482696674,0.10682510320050985
-0.7391021275766281,0.03642002745984842
-0.7058184783150504,0.0965413563705964
-0.6985799158831685,0.11759605324158387
-0.657549019442114,0.11161831308248599
-0.6834157047825506,0.11976677383744098
-0.708202377357146,0.08147270441233806
-0.7475595546367907,0.12530406230861615
-0.6968259844214476,0.10656938034520079
-0.7481087750590114,0.09357193276856197
-0.7011436624429048,0.07788016019565895
-0.7221205087396944,0.15618760533661782
-0.7401243573181409,0.1038790313850346
-0.6846833072121884,0.16791771547578918
-0.7327687644971336,0.09964490934676874
-0.7143984295356777,0.06697601207439104
-0.7184073595065881,0.15183331844986908
-0.7229049986565699,0.09478431013891742
-0.7577266823394905,0.09050654720152547
-0.7088738885013065,0.03882591513032443
-0.7145452940224094,0.10548339989686617
-0.7225126403460073,0.09503178141117834
-0.7222045211037446,0.12515240354699506
-0.727159350784301,0.11781968044371936
-0.7209662327338859,0.09339229492953538
-0.6673737499699114,0.11690095354506196
-0.7059558755198456,0.028285277703280917
-0.7286947001390218,0.03600395699624759
-0.6706524653300177,0.11295577801763425
-0.7208345607336399,0.06018256149289294
-0.6877171056214688,0.10326203587535118
-0.7611167630700999,0.11384947719533797
-0.6575283542349685,0.1382799622915287
-0.7491837270074958,0.10558709519064426
-0.745103824690798,0.08144235830038962
-0.7243344198740487,0.12149667347067633
-0.6644826605105326,0.10643762017862576
-0.7085799826543534,0.05730735646035575
-0.668127436618112,0.17447829740637566
-0.7548938241274037,0.09006806062087294
-0.7212982132738401,0.09486533793083077
-0.6920931789357834,0.10996623250132916
-0.7140679002399524,0.12344342187173679
-0.6776918828334082,0.18162191363760682
-0.7361824663136864,0.1447201774090617
-0.6962021379057544,0.07243172599069035
-0.6597071942171645,0.15798095687581043
-0.7258298224860624,0.0507257419025865
-0.6997093154475448,0.12355842952465329
-0.734422105157353,0.029502516915813154
-0.6968776838929722,0.06613170363391195
-0.6872652679290536,0.1715525453678175
-0.732509918445072,0.09834485373720621
-0.6814097315749182,0.10609910620872728
-0.677040145241316,0.17432987481801154
-0.7489878586811666,0.08020295297279251
-0.7665856051623504,0.07575833594093134
-0.7139750367483876,0.1404098329914992
-0.6460298618941862,0.13202430137570526
-0.6762766521515198,0.1508163323516597
-0.6887996680542103,0.12493245469531322
-0.7354393574087629,0.14879083903802326
-0.7540215825273401,0.10128750288220649
-0.7124512617040363,0.06689378478605647
-0.7737665826557397,0.09149036022503343
-0.7067830022210461,0.12326735913893012
-0.6873536251207368,0.17586977988096258
-0.6734907155056844,0.12005352044979366
-0.7150186285794167,0.15548423826036936
-0.681083019284088,0.1341454491911738
-0.6964528898370531,0.17900535950570184
-0.7750794436369121,0.08876247644973753
-0.757658180478261,0.012564896234307708
-0.6626077398260788,0.1464615253813106
-0.6897311069599963,0.14267708945197344
-0.6956267047970078,0.10007015071752887
-0.7116256757526103,0.13580903451951776
-0.7246352089050239,0.0627374652799728
-0.6784569938466012,0.14382565170976488
-0.6762448849725948,0.1144132492804382
-0.6933034503017629,0.11753211248045743
-0.7127239840270563,0.12967042209057325
-0.687132161340148,0.11390871705219366
-0.7398693467838243,0.09848105051375797
-0.7497813333214264,0.10702992088513034
-0.732973552698596,0.07607616979448915
-0.6842859070246616,0.1444710677046338
-0.7329174716879597,0.10394641540964981
-0.7494764416499758,0.07566097598806307
-0.697634919082004,0.15230386713663435
-0.6662194747083159,0.1314428077214038
-0.7185183760114013,0.13284624660225014
-0.7116155305802185,0.08548958023985281
-0.7461837377421623,0.09970682697972982
-0.6816002672747403,0.1417593125600305
-0.6987788743439393,0.15849852007080445
-0.7227031764970109,0.09088498396206
-0.7459730698147354,0.1420827360515772
-0.7390774088115258,0.10836364227661205
-0.7877960838714008,0.061692906003233246
-0.7399698806768935,0.08466813313848087
-0.7217904023322782,0.09363947339271418
-0.6959287447335712,0.17120287463865755
-0.7359731979384367,0.10323496196888239
-0.7473872317824192,0.0667107590246291
-0.6679574308573323,0.1506090016960551
-0.7269196471425156,0.06888616457794529
-0.6912762420438086,0.09445528313909528
-0.7021403151603499,0.13800451994299923
-0.6986576807680369,0.12378731186609047
-0.7348213311831682,0.09306451698520699
-0.6529618413239627,0.13669515326037043
-0.6854906839298658,0.17222149063143122
-0.7116229842802096,0.1237794390768232
-0.6909961068929742,0.1418529304137672
-0.724125784689228,0.10550279221553684
-0.7386698119064572,0.059109013269817726
-0.7391250494090446,0.1117853122315585
-0.7579556554695345,0.13843157885259857
-0.6988622830517498,0.1681627834252451
-0.7462166553139055,0.11655017926434831
-0.7121625030024434,0.12378715259320443
-0.721542930667695,0.07115780368613797
-0.6992555336988219,0.12587032356257777
-0.6618631397744185,0.09835350229926136
-0.7390997809896703,0.12385174465806248
-0.7030527212767456,0.090578148047332
-0.6586974823945572,0.16461844430291
-0.7381083943472162,0.14929364831457856
-0.7099553946745838,0.14809766447057657
-0.7026758141741303,0.09466584358758887
-0.6895570385923123,0.16081622095463963
-0.7274052386386424,0.08221104135040477
-0.700976934053192,0.05824112352873712
-0.6633485977928814,0.15127522732973137
-0.6964537201199089,0.11642361112652336
-0.6979552808230083,0.09842339816187687
-0.7099503708860478,0.04824520570199493
-0.6887065636510331,0.10752744025011594
-0.7042645802607946,0.11017134826609778
-0.6940939880187399,0.1585545993457977
-0.6745027280233599,0.09642002381135965
-0.7054173782666666,0.07995719095932488
-0.7198328644687393,0.16144826014795946
-0.6777013288231544,0.10018129654994508
-0.6929890089183547,0.1649087212136643
-0.7423634960647558,0.08963169071700038
-0.685298706208025,0.12905696809145845
-0.6541261394494322,0.13927268702128207
-0.6725878286940136,0.12542314426767748
-0.770316525591528,0.03498809069523115
-0.7499752338558636,0.06288162229460348
-0.6781434427991948,0.10219667838908143
-0.6584648418945405,0.1286614049752714
-0.7287015942690074,0.14585033172453632
-0.6613352518243047,0.14335775101679754
-0.7189534616565272,0.13002354458412232
-0.7285221822340279,0.06247812147896669
-0.7146384776415676,0.1305560574372102
-0.7222500760141448,0.15484378574155744
-0.7317960124875728,0.089171802940289
-0.7083211733395129,0.1436482084649165
-0.6835794342358448,0.15979432928173712
-0.7023438527645396,0.0667977128946187
-0.6911221918852584,0.13159992702387419
-0.7627713209652521,0.09214466268378149
-0.6693718999608019,0.15333938079049425
-0.7145336843518924,0.10062488644629931
-0.7460734388425473,0.08346560600752495
-0.7457843194541616,0.10793695934987953
-0.7053059418564176,0.15922973844700272
-0.7853495279667061,0.04976476890538354
-0.6741559659746167,0.11098327995470385
-0.6754165245562836,0.1531980546911158
-0.7006174292377599,0.17906321360717084
-0.7669643167885875,0.11571277755061701
-0.6659156159506342,0.14235444142126844
-0.692465349286234,0.1360184560224401
-0.7112918611669122,0.09455183310963876
-0.651222210562001,0.13262638501721605
-0.6855574122969401,0.0874458948973186
-0.6894265352454539,0.12912222890283268
-0.6673765361811095,0.09253738140791609
-0.6807841854600278,0.16030470881024222
-0.6827543623842156,0.16278589868287327
-0.6945454526546682,0.07283628814056253
-0.7056700039585849,0.0642183637633583
-0.7056767589316195,0.09916754429225053
-0.698714156378955,0.09045467333093159
-0.72673331940634,0.09993587112144883
-0.7533179936497401,0.03458206747473081
-0.7474741701101991,0.100073291041791
-0.7073098481039695,0.13996197877813468
-0.6707724805876742,0.14733832214540482
-0.7140201580705894,0.1259449809476682
-0.734220493701794,0.08505483298545141
-0.7153138562021946,0.03348394734367173
-0.7469985275555395,0.11770655597447893
-0.7293561111251463,0.06581464472914313
-0.685333579654329,0.14860609509082667
-0.7015234729898961,0.1017120509211762
-0.6842485532264384,0.135360276807993
-0.7142727346315252,0.07242215004640119
-0.7186154525400018,0.0902228088905614
-0.6704890855446882,0.10263407188739562
-0.6901931919286761,0.14602486144709653
-0.7207243391591901,0.153923853109921
-0.7233457466482522,0.0837737130878039
-0.6825671037163983,0.1544564121323131
-0.7341418039340609,0.05694279314321589
-0.6489865818532164,0.1683258759600721
-0.7569066355165333,0.13295125030409652
-0.7778811750801757,0.06452310675407118
-0.6493973571765737,0.1675887481266629
-0.7426383314807986,0.07507533548426927
-0.7249956694688302,0.0789516370591241
-0.7175006223937712,0.13200809098083002
-0.7344484855489622,0.05334746704777025
-0.6830783646877887,0.0896017372930038
-0.6742092933288378,0.1453794405583396
-0.7247944942464145,0.10121221472814196
-0.7158005912263138,0.17363658312109687
-0.6686684760194278,0.09845846635848579
-0.6780980744278275,0.19272252640528065
-0.6912141196358487,0.0754956061048216
-0.7526172429092758,0.10408312757501002
-0.6594531507785436,0.0921378997139584
-0.6742121341803092,0.17851043889863702
-0.7020552559985448,0.11667826155619969
-0.7148956475355966,0.1422930609141168
-0.707186583512515,0.16113488128663592
-0.7333842596941211,0.08054146898760624
-0.7116093070313043,0.13158448596196276
-0.6808115205453814,0.16148176410294923
-0.729860262698541,0.135323051056465
-0.7106505004294175,0.09053990086328267
-0.7788157004265335,0.0702206851005104
-0.69261118508917,0.13503664259943488
-0.7244238177301944,0.13891831733370177
-0.673008524456949,0.18572037824948395
-0.7211129912349815,0.06987756728968966
-0.7320394996095714,0.11457826096282421
-0.6941579870323084,0.16646354485729406
-0.6476930824603347,0.15258040055291677
-0.7096729283850416,0.1243954971008306
-0.7309605272638531,0.0952179324109118
-0.7063599012703851,0.11640811975152078
-0.6402975184184833,0.16278345008495834
-0.7287461286042096,0.07469033942241472
-0.73511979035963,0.04063560590338988
-0.6588232073441462,0.12994465740246094
-0.6885639851011144,0.12730559103161063
-0.760636949026469,0.08647095807431163
-0.75119262052651,0.04460942839437429
-0.7539566387251505,0.10771945683643915
-0.6984518744185132,0.130666285538485
-0.6957646709357589,0.08318025132446304
-0.6586486694908854,0.10332363890063889
-0.6743993934354624,0.15111877398229406
-0.723268345326864,0.12750883409594332
-0.6557328575955781,0.14757569461696085
-0.7077137253152268,0.16287926892935536
-0.760796407360231,0.12258584778330066
-0.7010793141102442,0.12165413864787669
-0.6720340452087048,0.11616852028114238
-0.685175217835121,0.15732302747137888
-0.7186565252727296,0.1062915195932529
-0.7159760161535955,0.054662457553865555
-0.6664606633642636,0.1219296343380123
-0.7235169051375833,0.0960114214961984
-0.7003086048558291,0.1090953225909368
-0.7293742212534029,0.17404840685434037
-0.6565716370443918,0.16739159529824343
-0.7476445821183979,0.12753819005105613
-0.6609428833468267,0.14264556726035374
-0.6713890839154345,0.13310690795452357
-0.7282137700269274,0.07078112650498833
-0.7312749083833805,0.1136011199753836
-0.7470088488328217,0.09409411167710993
-0.6976330337294834,0.06970467170161594
-0.663276041092491,0.11717622301843189
-0.7325379924320166,0.1234770475664388
-0.7247955035380401,0.08510939577080488
-0.7046517913775484,0.16036590647900686
-0.7466443600367522,0.11422707631586598
-0.768659264975925,0.11057276560851756
-0.6814718108159122,0.1290012378808133
-0.7015743337682406,0.17461347337428818
-0.6938899479438763,0.08266668924755428
-0.7064452866089909,0.09407956019087597
-0.6652613593496725,0.10820441981385567
-0.7493519987033854,0.08348733906558999
-0.7619821155994214,0.12386003383888641
-0.6799757156149183,0.17768458041160765
-0.7293275307828322,0.051801783627468054
-0.6628521807462426,0.1082164551561526
-0.7203679379527475,0.08522487608588449
-0.6837055790540211,0.13031112713338402
-0.6936447456481963,0.17160804500375423
-0.7027535925912529,0.07429210807675726
-0.7092571094141055,0.0868329741060783
-0.6638228406712618,0.14681253536177977
-0.7328068674468252,0.08203940725156526
-0.6523674242979081,0.11471264549895722
-0.7441408656621827,0.09889340568283317
-0.7223257914307395,0.07948622343672329
-0.7498781902157593,0.07187797974242492
-0.7614525954918913,0.07167733745249136
-0.7359658503600055,0.12319056526701283
-0.75332166108898,0.06492884632854454
-0.6750270075735242,0.11836172149531946
-0.6966517603643426,0.15919764789145152
-0.7208075034782224,0.13998365799781023
-0.7330377837444109,0.10671310065346297
-0.7333586717802701,0.14599144425943525
-0.6656708069020818,0.14840903621306545
-0.7338257451804822,0.09680049965713304
-0.7616375745455204,0.10772638453731273
-0.7066288634085212,0.12635326703989078
-0.6501444308236153,0.11814704873759302
-0.706198410157986,0.09210981874154546
-0.7153901623993879,0.10918704762000862
-0.7563739759998891,0.10992524430999473
-0.6630623906541991,0.1457482929048692
-0.7966185088525298,0.05058355716253782
-0.7278044635611692,0.1373108542221217
-0.7013176307505256,0.16670069501908658
-0.7214611066178616,0.11705813185909968
-0.7021006080760246,0.06778121132476685
-0.6831837481670556,0.12574510125523858
-0.689926086325939,0.07849612225238153
-0.7041274349317314,0.11839080978276566
-0.7232392769396639,0.10854273090534193
-0.7227920974445831,0.04384669494145266
-0.6584510179640949,0.11630989602966942
-0.7252400115164123,0.14565854391294117
-0.6993323728202471,0.1462715519436739
-0.6991675445036554,0.10137180658323902
-0.6925474624500275,0.14007574936878456
-0.7310543139285043,0.07418047828249688
-0.6979191923147476,0.07474900357412025
-0.6628018131314439,0.16052813559081192
-0.7303686680348768,0.12062946205919638
-0.6736841169989247,0.15766863860372662
-0.7154256425988358,0.12372158756588386
-0.6773459374933237,0.14325884045922396
-0.704778694574694,0.14422345446796428
-0.6680857903715806,0.10735493846584736
-0.7220872971701042,0.12367224710551507
-0.7092074778352705,0.047571852069071115
-0.7238124360933955,0.09910719483167155
-0.6658574142006602,0.14672418978095275
-0.6382959259315756,0.14034766601259158
-0.6615052837775633,0.10617242486820712
-0.6882678121098351,0.17016173539048465
-0.662634630566436,0.15302072278704731
-0.6937529409861095,0.18219497343476143
-0.752153955269106,0.09740002101789509
-0.7303459004980625,0.1461436156296814
-0.7063129379443963,0.17060557301520732
-0.6972016373690206,0.133223024114742
-0.6454349929362527,0.17342353646237782
-0.6787296284240443,0.12005504523015166
-0.683687537957637,0.16706782577408483
-0.7148945178165954,0.11635996682463798
-0.7132090958163289,0.08747008245969835
-0.7140236250810574,0.0803060988302339
-0.7384624430193941,0.10186663131142606
-0.7336058902003859,0.14410126804466164
-0.697120406454624,0.12096117137034457
-0.6856791538052669,0.12916314813916094
-0.7807427969348658,0.07862074118527869
-0.7322664724774691,0.07327226285564316
-0.6574201107023123,0.11212376290669818
-0.7022014889593581,0.11333254361735086
-0.7458550194505907,0.0168037716925913
-0.7246935737267842,0.0650947927022961
-0.6742506443463475,0.1248855436284415
-0.7311575617803587,0.08045588253490978
-0.7598053471868589,0.11716753876716267
-0.6708043718649663,0.15933467190641615
-0.7431040298184237,0.08938288262145506
-0.6913163350491847,0.10142453799193007
-0.7355233024448677,0.14638688089660948
-0.7320687433176085,0.047299911242414026
-0.6825739325680542,0.11437592747278033
-0.7330422726614834,0.1311104977929045
-0.7492417477751226,0.09893179478450281
-0.7424374410478264,0.037213593160539335
-0.6930076137280677,0.12429802827423886
-0.7418031003238338,0.13096216084463164
-0.69715520493017,0.10784526104764627
-0.7193137175008344,0.09827863653265982
-0.7362328276346192,0.05719563547421577
-0.7288807014269427,0.03607366646427595
-0.703569318947161,0.14668736405823912
-0.6996626971066531,0.11936720785588929
-0.6585338727442138,0.1665044862679435
-0.7237614784618952,0.04926434171083453
-0.6760389316670861,0.13016413903212126
-0.6769141503990251,0.16050690320918096
-0.7071752018405159,0.09504382226107021
-0.7741847940405112,0.030837905691341833
-0.7581440248474491,0.10490217514366885
-0.6765419257233769,0.17270836544948165
-0.7262566861091627,0.09344147921389216
-0.7070504695981061,0.11197675681323042
-0.7325067005406806,0.09380317914779354
-0.6919121755629538,0.13426450992725264
-0.6941503800770081,0.06417057268779065
-0.7422893817603934,0.12191185603331386
-0.7313681175132056,0.11774631379400825
-0.6775421073492983,0.15495087174738384
-0.6968003819399745,0.10634592362758218
-0.6916451480798934,0.07430500350417799
-0.6837317309154205,0.15738502915602762
-0.7173840680483836,0.07207830782594347
-0.6825168317159356,0.1560785671233015
-0.6701820934353987,0.11378145942483651
-0.7269970095463589,0.1020357781414565
-0.7336152396729667,0.0917910972038816
-0.7047426398140427,0.10521110497203104
-0.6651619663134589,0.17643455659325966
-0.7438021990536987,0.05426688725889084
-0.7639112765952726,0.10480366026779843
-0.6772372426957843,0.1787896410520264
-0.7450943215913847,0.0751456857081923
-0.7282904573065584,0.09253717729911441
-0.7435447971833928,0.08043425917390966
-0.6733121585010211,0.14809556632473883
-0.7280283974596597,0.04067126696318071
-0.7033059128550422,0.13261175174918047
-0.7060264760287063,0.15565082069091687
-0.6787452326241373,0.12735038751416755
-0.7539457776802453,0.08961188543632038
-0.7250054380102906,0.05776254045975137
-0.7120286283881694,0.05749267828779125
-0.6713652384143998,0.1182601802545749
-0.679881462298621,0.0848515472415791
-0.6520306655809611,0.11786970467009364
-0.6763443130673544,0.08172693009829157
-0.6805594629385033,0.1299986603128223
-0.7463231478436932,0.10494014467245553
-0.7022979941284218,0.05273814317874423
-0.7154766762981656,0.07997246988885948
-0.6765415691029013,0.11959914948407918
-0.703029903523076,0.1396510884777704
-0.7031311238173742,0.07668162803050692
-0.7314067340368875,0.12908044131133614
-0.7171503290733288,0.08814633668532684
-0.6928815962340775,0.13726108535882586
-0.6969423134833634,0.1460645215852972
-0.7404308039827664,0.13530758395328682
-0.7348167382625752,0.11264091719519687
-0.7804273436487305,0.06796914758766179
-0.7380988550696513,0.11422002481970604
-0.6872828816250792,0.08366115673158513
-0.6987950014473712,0.10415685350060212
-0.6661120938684347,0.15408556094703094
-0.7330542070903909,0.07785726546939083
-0.7321404566431357,0.0411276968616644
-0.7287914612856335,0.029671087208505524
-0.7402450078311822,0.15543128553111057
-0.7284765757843579,0.06954087021298389
-0.6431900676584276,0.15404767392930532
-0.6982468315112016,0.1336425201002258
-0.6654219205800347,0.15420809743071814
-0.7037000401829622,0.10634167656524311
-0.7036479588781536,0.1311039437336933
-0.6902881819325842,0.14325979226422098
-0.6600274496620372,0.10414054737190247
-0.7261444046283244,0.08977483066931094
-0.7144601431395888,0.11807216990016176
-0.6523388543815102,0.14860437077744088
-0.6895190688659335,0.12017243584908781
-0.7045548101417897,0.058226239286814106
-0.722261724120414,0.08905868962655773
-0.6577782593392778,0.1307128823508394
-0.7558688127245481,0.03577174195903249
-0.6933016684903623,0.1459206259423613
-0.6585107180209439,0.11345507548940459
-0.6828934353431498,0.1470514386531768
-0.7212558049803708,0.04150744627298173
-0.76047239955687,0.10938609927536888
-0.7423061025557004,0.06323942156579695
-0.7515139898586597,0.09064391041134273
-0.6772112710278291,0.09971230081864081
-0.7515159009420191,0.09726860393911885
-0.7535568616796184,0.08010319063431082
-0.6967536020578904,0.1161104418203976
-0.6839603964150377,0.13919147325371312
-0.6816179185992083,0.15432504025606333
-0.7708485968698794,0.060191122394704276
-0.7335885754778726,0.12075400574016756
-0.7074480793741389,0.07479211387536049
-0.7344941663968344,0.12326090658787715
-0.6511387541293697,0.1656582271441492
-0.6992360510755294,0.17718719185943985
-0.7073250442540174,0.16616836207924807
-0.7202424680638233,0.16743133951008118
-0.7455984866253904,0.052329089408928234
-0.6871953722172208,0.18373937012373143
-0.7592864338087021,0.11752837466144109
-0.6791256282718462,0.17758668913573944
-0.6861936747117865,0.09351708081974117
-0.6715956424272352,0.10645412372238844
-0.7349868492042329,0.10656309836003817
-0.692897126320657,0.11137639138398693
-0.7469057406957212,0.044804842565557015
-0.7093541305768859,0.0647726822813802
-0.7585536172654354,0.04065806829220835
-0.7331676094525307,0.09646544138676738
-0.7505668397426208,0.033708879555369886
-0.7071575569361715,0.15083278130701244
-0.7109087051438605,0.10726891704033924
-0.7138645588181063,0.0736469582283094
-0.6573539259527041,0.17034040514705648
-0.6554353175007593,0.1717758726344721
-0.6570537313161834,0.10457568009459906
-0.7560456752211756,0.10791790421399955
-0.6991389261490238,0.11932095496242401
-0.6590779629140373,0.16285682381885586
-0.6896932944346666,0.1300785261927434
-0.695133344013548,0.14783859537924346
-0.774629981791557,0.09403159552774276
-0.6743033525450539,0.1639677594634538
-0.7517830770852155,0.10023745957808988
-0.6831286350673792,0.13042876864900455
-0.6981208891403552,0.10208493576755709
-0.6902936158003564,0.07472037034318932
-0.7324123730675677,0.0949488321801862
-0.6834549234310643,0.1305653469353886
-0.7021937627671868,0.08884928939112553
-0.6557852234190293,0.14201915936194806
-0.704559194566351,0.15840742202509464
-0.7696454425835819,0.11066609190792809
-0.6634570558335858,0.17537378560545136
-0.7099372161007842,0.15844830648183178
-0.7086605696057737,0.13420436616119052
-0.7261728596367156,0.06560905822370754
-0.676550958254076,0.15394974473044426
-0.7374247616467479,0.06687072602308013
-0.6662556352149522,0.13801621332067213
-0.708613034356965,0.11824491344949276
-0.7341382369598957,0.06161896350562458
-0.7473941080085252,0.07552577440135844
-0.6947506529347309,0.17205952781408707
-0.6981379501586289,0.09152923588818829
-0.7624168458457449,0.06218835223549776
-0.751319605177948,0.12037620694167585
-0.7602292786134487,0.07203898632515361
-0.6953765406304216,0.13458934361768254
-0.6828207044563409,0.09580191732153474
-0.7039884069941172,0.08494702853159937
-0.7181204724844179,0.09675597083084848
-0.7508783843030541,0.09258156374719394
-0.7147087735593695,0.15380774035199196
-0.723632031015021,0.1329383356616694
-0.711035677139011,0.09612371049885915
-0.6588715597316828,0.17817440716031008
-0.7264113799914728,0.07797216685045028
-0.7388266955271403,0.0746157651308479
-0.6738007490620088,0.13626700332703245
-0.6880197424134,0.15284921939136908
-0.7421700685503256,0.11882088688200754
-0.7531446421953263,0.08453447224604463
-0.7027704650748493,0.1625268282743016
-0.6906879483768855,0.1232744875719161
-0.6540562983416883,0.12662956034255168
-0.7129801347984471,0.17224197935400987
-0.6764056866778765,0.13782629270558502
-0.7151477888092019,0.12006490636228577
-0.7013502831538185,0.13318556135092444
-0.6727316750775001,0.13375530123192791
-0.7277906936063419,0.11755024401092143
-0.7014675694965339,0.1059781299893882
-0.6783699703188525,0.16142927370481516
-0.7338962340045335,0.08977515143821345
-0.7888736647367747,0.07170371195002381
-0.7019255977237118,0.13215785242792574
-0.7696029231964556,0.04943916105914157
-0.6922625399093456,0.13925593658407773
-0.6561602600055302,0.144835183762027
-0.7222081949195206,0.15447897671198496
-0.7245892262829895,0.14229658290760355
-0.7182244081030916,0.057860475732705606
-0.7498263147016114,0.0737377004671028
-0.7385378347863121,0.031303807923379154
-0.7190197367553783,0.09084968643990561
-0.7523374179645588,0.07993744781874293
-0.7013154589055537,0.07718153546383333
-0.7242630413949835,0.08230050795741588
-0.7070982542822699,0.09894162972681841
-0.7024674289656149,0.08139718917515833
-0.7192572296328789,0.13626300103695793
-0.7245801224249692,0.12467148385054577
-0.6965102781534406,0.09857539299740538
-0.6696601847487706,0.12338662372692111
-0.6716506977581648,0.09551496984131683
-0.6914886896364056,0.1062297170607524
-0.6867338809131492,0.12938964641327175
-0.7149524888488841,0.0872146545556344
-0.751378063235252,0.09947544380126472
-0.6827467457069485,0.11323994915902691
-0.6560046218393248,0.1649987621536773
-0.7346194561690622,0.13675759094200451
-0.7068482567906228,0.15927979614943305
-0.7646577609630641,0.029331369957103705
-0.7370372965944775,0.1436151165358694
-0.6922917390552155,0.1729688282539552
-0.7412628468552279,0.0355774348781143
-0.6992145063071648,0.11564060367034608
-0.6838322258618525,0.12905288112198984
-0.6519517553626696,0.1531849941592353
-0.7482320456907137,0.07071166966837997
-0.7072394690227777,0.10539746274713631
-0.6425721248256693,0.15850646237262953
-0.7065252097518486,0.1284195422612934
-0.759741074208839,0.05944685279950849
-0.6843867859572955,0.1004734275682324
-0.6960207688827393,0.12848252138543148
-0.717093440267646,0.053291876013589465
-0.6687715812126672,0.12139535476571886
-0.779545253231149,0.05151469410188686
-0.7352198175162724,0.12057741771883938
-0.6796749513582222,0.09903908775506545
-0.7277856136883007,0.1427573285869479
-0.6806481753210051,0.11936852958645454
-0.7007224628177757,0.07013696135758288
-0.7407026267802623,0.14849715285694534
-0.6770228568810852,0.1777744729531036
-0.6600332663138683,0.14349360094564628
-0.7653187915906162,0.12824638411063327
-0.74990369254104,0.139518665639571
-0.7320595366031563,0.053485295802345255
-0.7508963608415021,0.12286724453851006
-0.6792246284729547,0.11906539740747561
-0.7097664725375215,0.13343209228201033
-0.7033890687406136,0.14078124614597437
-0.6880543657125727,0.1433977219855396
-0.7122247401637268,0.16943701591013904
-0.7276255279348304,0.1484326417785847
-0.6541876848740444,0.15912730311248513
-0.6690270107051266,0.14270537760953717
-0.7150901307811963,0.11836678151423372
-0.7222026538779959,0.0742112175462579
-0.6841250688264326,0.1384977563276804
-0.6524128581675741,0.1546081231410094
-0.6993886052397723,0.11996698955748801
-0.6919190338193199,0.06587291607851918
-0.7473428556403157,0.09155333354135202
-0.6875830980694355,0.1156675274477599
-0.7572914000199873,0.08212153058650247
-0.7526582256224831,0.09167615300013239
-0.6648948917027437,0.11097951046517507
-0.7029342462474973,0.16038766729077952
-0.6954515357985742,0.15373304471281712
-0.72914706476844,0.1733182312982332
-0.6679481496682562,0.11556386184933644
-0.6896900494395267,0.0683035787212025
-0.7257633329130446,0.0748932930134358
-0.7484822217309395,0.08068170686374768
-0.740157576723596,0.05616210013750761
-0.6687568999231239,0.1662209393012144
-0.6424701923283639,0.1266611444428369
-0.7163092426302405,0.10379283898644925
-0.6450458126777491,0.15262455260273894
-0.7703205807832347,0.0477599510447192
-0.6853768198020351,0.16925705904996888
-0.7330100566282535,0.09004622794288598
-0.6685124994061106,0.08615433082385057
-0.7256655025423888,0.0674629503623819
-0.759856337990264,0.06453844511287381
-0.6959728190440457,0.13939620627857865
-0.7298458966003344,0.13696168030191247
-0.7106700575149733,0.12465740190466892
-0.7079060261210509,0.12509044585443505
-0.6657524454514246,0.16397191891665705
-0.7145457082025081,0.10716301704371764
-0.7104178684475694,0.09976547382914104
-0.6903367671768595,0.15841486376150735
-0.7184279131959551,0.12362563984929313
-0.688593070329545,0.15896821399520591
-0.7290503538390501,0.06558707908572471
-0.6874318908769432,0.1632733707413031
-0.7136609821892864,0.11191520173528577
-0.6633150385441071,0.13048379521699335
-0.7094740827821222,0.07698100723413671
-0.7048220675636875,0.14168736610412416
-0.7008011602717708,0.17625867204832135
-0.6970009170701539,0.1227840708444274
-0.714602306675325,0.09307945822901532
-0.709974855231134,0.08420208541142897
-0.7464199979487818,0.061489295702420066
-0.6800886647863957,0.15012371659467316
-0.6993539366360405,0.14383880359903672
-0.6661788297326616,0.1163045509875692
-0.703602139573468,0.13126820229003075
-0.6706575991764328,0.13880777301760103
-0.6887255248631778,0.1241224209536807
-0.6964834993146474,0.1020389291766496
-0.647227567121803,0.1573377469338201
-0.6660624424409565,0.14057596291156824
-0.7145440048893501,0.10322079421273622
-0.6990774025001147,0.13598505174311282
-0.7336963461129293,0.06767406076691089
-0.7740593687377616,0.07080574315938491
-0.731665550786424,0.06304236078065549
-0.7183411138464695,0.15165719978838102
-0.7579783104558702,0.1277621068058204
-0.7541258125720358,0.02033049187529125
-0.7656360694454162,0.06142240626147344
-0.6672407696047518,0.11956370517680305
-0.7686250490206584,0.0819160890818951
-0.7089304907519753,0.18180761256602043
-0.6854926247259809,0.13567270631047512
-0.7516663087473878,0.02592636661047563
-0.6980092486629049,0.10139336747620414
-0.7365989029613381,0.06750727131685577
-0.6417798665780022,0.1567700311285048
-0.7264437078151631,0.05661326744893583
-0.7108574677820371,0.14854337542804813
-0.7399341929162156,0.0973930209511514
-0.7046567849738813,0.10708431019760467
-0.7237758576212845,0.14533568955031967
-0.6964913440727086,0.1483619353193698
-0.759274182815501,0.08215775099548524
-0.6948122681368741,0.14226723653857848
-0.6842494878002356,0.12890747392001914
-0.7168013163202401,0.05631259458823726
-0.6962470243546156,0.161313911518369
-0.6778894797572288,0.07668193843772467
-0.6711985350748458,0.15614931984107175
-0.6957938234389913,0.06806018959525968
-0.6960171230254324,0.13897817438936713
-0.6509277690919925,0.16803792795743927
-0.6856100201160622,0.14331872268561285
-0.6687713207732761,0.17080956898002453
-0.6795790074609316,0.1623988506042673
-0.6892027324444864,0.10129352768064119
-0.676068050594224,0.17886085886254005
-0.7672999334556879,0.0607430993205196
-0.7375137585485195,0.06422001462568579
-0.7457904749442194,0.13592331627198762
-0.71835650815977,0.0749109830523907
-0.7429783989326083,0.09821501417928775
-0.698425222088068,0.15044731229186684
-0.7134690807416636,0.11942469107662661
-0.7027455146708055,0.10088834698931289
-0.6705183312984113,0.13722767861692603
-0.7880635455116191,0.08841075349300083
-0.7820398609676492,0.04628817333913233
-0.6639935410935291,0.12644433367647878
-0.710850485590031,0.0929552389755909
-0.7083413038571648,0.12640576146427013
-0.6576642043081337,0.13675309424837315
-0.7142885637687925,0.11508517546595069
-0.6689647962359266,0.11626763371794012
-0.6874753803511112,0.11744109100807675
-0.6977247208174239,0.10640367393727261
-0.7409772044320388,0.10222469421107021
-0.6613524050896695,0.15293812259361453
-0.7102212776334934,0.13002661041195263
-0.7048529321300481,0.07552503414988795
-0.6951805631214857,0.09760101205579275
-0.6996569346034658,0.12534410630794282
-0.6842309937748778,0.11436083497233283
-0.651404469705345,0.1596582553328306
-0.701811621662727,0.09553349921262276
-0.7069453808329513,0.17936924476697116
-0.7576335220217255,0.09720938005308664
-0.72731322523062,0.13156976622732858
-0.6855558124387413,0.1467653929312112
-0.7635588365672172,0.09759221615505759
-0.754885122625492,0.08229118999867571
-0.7121982301694466,0.07659797754020625
-0.7369744105802098,0.01222607097654537
-0.714374798132837,0.09995720492721237
-0.7047205248280972,0.06872361338903059
-0.7531604643441606,0.044884476672791045
-0.7582519470181459,0.06110501449308168
-0.6924246053588561,0.1307391722077686
-0.6662604568700204,0.11477831518261318
-0.6968751239493931,0.16019004311966417
-0.7153968011568046,0.13450711255280542
-0.719543722743692,0.05930695010496707
-0.6780992721139472,0.11569910841611164
-0.7028398925658216,0.15334539346358997
-0.6763166603428862,0.18087850999700777
-0.7139661857532349,0.11855068763111204
-0.6523228146256189,0.1346937622170698
-0.6826012339535603,0.1390761869735978
-0.7036323499994428,0.11109468359710437
-0.726545227407992,0.14395419609246138
-0.7082521940021984,0.16827658349152516
-0.7298476428070504,0.05709975144238553
-0.7445803536123498,0.13363477655463163
-0.6943007753081103,0.04880494364534981
-0.666169907404251,0.15766379139928519
-0.7615359833898893,0.07969659503432978
-0.6890087260260624,0.09949782597720756
-0.7766669296842937,0.07127219868116788
-0.7066991141108407,0.05922401246059337
-0.6801027940299686,0.09293585819765901
-0.6974869282951831,0.11968931307379818
-0.7160588758476231,0.11477977384385132
-0.723175618145385,0.14040282509133045
-0.6513945092868867,0.17476440640877047
-0.664378674350889,0.16595510197771554
-0.7248714351121609,0.14756265613707872
-0.7581191401924965,0.04056855041818916
-0.7113638865714684,0.1481034100911954
-0.6778775113071275,0.10287552485944675
-0.6910290510152479,0.08625801040651959
-0.6884504884303747,0.16867373576644595
-0.7514517572786927,0.08614136151954778
-0.75044866638093,0.10915075308502993
-0.6723062022677456,0.1718462298551176
-0.6608920141362108,0.10392822742642198
-0.7000432518987267,0.06976027454411653
-0.6970238717275373,0.08775710107135004
-0.7298960481683986,0.10802322051289374
-0.6584305115346495,0.12186556706236336
-0.7382235932740592,0.04825241129358165
-0.6754294495873225,0.18627041700907765
-0.7185261387628261,0.15574427387831613
-0.6742471669533359,0.16642897342668078
-0.6622756963982566,0.14952836836214034
-0.7196560020809744,0.06718082431475593
-0.6880199035191853,0.17477632453693098
-0.7019605407900412,0.1297680632723265
-0.7306329705742506,0.11454535972268526
-0.6806289080898588,0.1765104119422556
-0.7286490428823542,0.09786476036872692
-0.7648626989696438,0.07258979464779727
-0.6820065423264282,0.17380680211323488
-0.7383242498802671,0.08696898192916647
-0.7486629399462061,0.10563955918656436
-0.7341503982049628,0.08374200908031867
-0.7335112438646152,0.09680315728470953
-0.7180135136690405,0.08479162512057967
-0.758984335896209,0.12839254621335205
-0.7282518047137352,0.07690342865401065
-0.7088133543673916,0.11412310497326525
-0.6915750027538745,0.1578463879185322
-0.763795354983727,0.09776024848317023
-0.7391021981949113,0.017301998446220677
-0.6823705907348153,0.10833653026373637
-0.7509936982970548,0.03273757229754867
-0.719271636133038,0.10636212654450487
-0.7194062588254666,0.09987501941888087
-0.7570716616694115,0.1159762268102776
-0.6858675891018026,0.10884959096351211
-0.7773474877942933,0.09506985147301844
-0.688651830345356,0.08157264401708199
-0.6789531274974624,0.13290108092209715
-0.7737791111104733,0.08010183432786583
-0.723715746997803,0.10379561766252228
-0.7026556171763129,0.13754486688329953
-0.7438769336138468,0.02517669164054978
-0.6653916005597326,0.11733767492367243
-0.6861372573855878,0.1190475637040712
-0.7209435995511821,0.08507139424571199
-0.7309707937540063,0.11720835488481757
-0.6945612793470399,0.10709940004014941
-0.7317796147465083,0.08041565342932593
-0.6695994093336658,0.15058638081196235
-0.679603131249556,0.1625143960534498
-0.7441232428648652,0.05171325971412931
-0.661806616459358,0.1273991213017719
-0.7105184058317047,0.06961933159934337
-0.7667136150629824,0.043320570152591394
-0.6769643786654034,0.16871424146472494
-0.7408988091803755,0.11229368119395791
-0.7165417993570297,0.1287510450733789
-0.7159588598657484,0.08619575694229614
-0.6806388853614952,0.14755060967992553
-0.689003848571013,0.16064733262044198
-0.6829183442164324,0.15296616250787098
-0.7206146354146862,0.10753507491027517
-0.7130083300587106,0.1178175160070332
-0.6705450954697747,0.11936922757520922
-0.7017562092476561,0.16158240036189175
-0.7198660694283474,0.05374081234800862
-0.7067561034198737,0.047407760154912604
-0.7517945704470426,0.09257554191249888
-0.6986840822810124,0.14693734629038757
-0.6816647661671895,0.12963408228606368
-0.7110148689400567,0.13195681429006106
-0.7180742210575588,0.10188301628014981
-0.6936302329786822,0.09874836847102726
-0.7021952377879822,0.08436573867840116
-0.7022362129076463,0.17147532317198955
-0.7691428616876717,0.07931558401542255
-0.7221617928277226,0.05544905340238485
-0.7320673401693824,0.14097201341610316
-0.7263384262758453,0.12206168873055459
-0.6884362064087974,0.1491997148042316
-0.746662234130153,0.09291385808285663
-0.7273742907183331,0.12255101417256704
-0.6700742396515581,0.1509226987159117
-0.6533433611820957,0.132209475312331
-0.6785483936043589,0.13068562743574355
-0.7531108763543829,0.11633231200572067
-0.6822636128134577,0.10928178987251833
-0.7042235755663172,0.05567337223921766
-0.7239745108840284,0.08158224798419178
-0.7118574229863653,0.1414956242537683
-0.7332086031702244,0.10336580340342173
-0.6968754745281143,0.13330216642573534
-0.7000099101026642,0.14051922071498077
-0.7405864987732453,0.06031019214532858
-0.6979743091915415,0.1599528701459693
-0.6895967899661515,0.11888005880715986
-0.7139908853510543,0.050877726442615456
-0.7164147155258368,0.10922700559760845
-0.7004280058743801,0.1726346843842705
-0.739751164463001,0.1562209985455679
-0.6701744569119149,0.1558132930034369
-0.7375429518381121,0.13503397104689682
-0.752516512332615,0.053052348468225916
-0.7060876213020997,0.10231595260434517
-0.7108696997930176,0.08136904250362391
-0.7872308822397405,0.02987658812466942
-0.7369566377507963,0.07033107753716396
-0.7593158594701184,0.041807881900771136
-0.7269889199684666,0.1219803268422563
-0.7166535212962317,0.12291966845746562
-0.7079190146568116,0.09479567056089343
-0.7277676131895303,0.10685698929756099
-0.7073531186971832,0.1340535699932689
-0.7435608016570591,0.09222021107123274
-0.6911894769547846,0.11412714456210826
-0.7031326885898582,0.13249456699334286
-0.660506339318135,0.17250261847639067
-0.662708576932035,0.13628346830132904
-0.7071443287994864,0.06584100866737971
-0.7223496831990573,0.05191029937732651
-0.7710635359954998,0.09371083395447563
-0.7046992834969712,0.08280742984055732
-0.7483168251819905,0.08238639713615957
-0.6868866950487198,0.1013729085900644
-0.7514007991749431,0.13431732141626945
-0.6700780530266169,0.15662601675256427
-0.7668737217364899,0.0896764926132582
-0.7183909227100108,0.08415352035474925
-0.7305018503880234,0.15228198326809395
-0.6746782970597861,0.18230550988945468
-0.690155851974648,0.12344835094665209
-0.6900922587714712,0.12093251348174472
-0.6830391948507687,0.08371404556349206
-0.6720287767625787,0.12406716744046363
-0.6861240026501423,0.11227955961229387
-0.7371254446989646,0.1516586558929769
-0.6890661124959245,0.10624974441185775
-0.7289023006859181,0.11996782589079193
-0.664807603816367,0.09814869585165112
-0.7129713829678973,0.05798779256827151
-0.7106668699318119,0.10983979366547228
-0.666848716987997,0.1507407510882171
-0.6754290958180476,0.15506249378434886
-0.672374709429725,0.08145443717601739
-0.7236468173345783,0.16037191796840175
-0.7237399613662828,0.16896105031907033
-0.7543729721856831,0.08862317347759636
-0.7074110229518196,0.12880209246254914
-0.6850234991877524,0.11456221117053317
-0.6900440287205897,0.12784254248223711
-0.6864230726506272,0.1393122986702907
-0.6940513524612456,0.05407349421664908
-0.6690791009397605,0.1791936963199066
-0.72052230500282,0.14200774553064177
-0.701410306843015,0.14531683130877662
-0.6926658740274935,0.10357234686717441
-0.7018429214716078,0.12386259004327527
-0.7101722741478644,0.1227983338320337
-0.7069446277492764,0.1220640970119767
-0.7553190530340107,0.09790218303185941
-0.7005622895591784,0.11303353052232537
-0.6931143692556296,0.14089116181234188
-0.7369349471367895,0.12366461258556635
-0.7093714307506989,0.1416922320262446
-0.6519138267494795,0.15042755760347937
-0.6694698129167366,0.12869198040919475
-0.6812592220149708,0.12324460379853898
-0.7159383243575236,0.13993241228183498
-0.7476373700444426,0.099596012648665
-0.721049642859355,0.12306419657321335
-0.686655019611745,0.1437741667087731
-0.6788041833099616,0.1293558443823659
-0.6680946279277207,0.15060525728020954
-0.6810879971361858,0.11726606798411329
-0.7012843994861766,0.12340571163126753
-0.7118234983203887,0.1697031799019732
-0.7479506654022804,0.13969306449036253
-0.7490571282398613,0.049800479652749086
-0.6994190588942489,0.118299249801844
-0.69689964905764,0.06685920130300081
-0.6632650260957792,0.11816273376523913
-0.7605509807648984,0.11150998904818324
-0.7411942354173601,0.10578548295418533
-0.7000282975973725,0.13228133708406048
-0.6756464165231019,0.11961773169526511
-0.7022923303330258,0.09133193488914458
-0.7204043115826554,0.06698844591431799
-0.7053110068267023,0.1219164269644937
-0.7290181715415518,0.1190247921761691
-0.753601617738406,0.06035106005114052
-0.7151599609312607,0.14517862273505222
-0.6767012330063822,0.14184837640368037
-0.7297114568535508,0.11331379639335351
-0.6897176108485942,0.12202050183786277
-0.7693743780031428,0.11062784850149034
-0.7079653174688891,0.1670729233210594
-0.733613331753914,0.10842147446096023
-0.6677905385632769,0.12372773467164158
-0.6705896358659427,0.144149348035584
-0.7011036661170122,0.053591129338117285
-0.6988803234385594,0.1288832036881
-0.7325744659929946,0.057611354865876346
-0.7086862329270309,0.08646112503505794
-0.7196794209659049,0.08824872177564891
-0.6686213230780657,0.15094537967950125
-0.7184037021862336,0.13042537381127525
-0.7115065953836247,0.1126044212987994
-0.7260689278480572,0.12078604400039383
-0.675347708650133,0.08732539029558052
-0.698984464560969,0.0936114220839561
-0.7411920694149419,0.040079816936277705
-0.7028386998278685,0.13631752972832029
-0.7044729091675831,0.12918733578005004
-0.6879017852977918,0.13264310731338777
-0.7042790586141818,0.10192770198592455
-0.7063195195413837,0.09224502446709976
-0.7127938553281534,0.14588352014704495
-0.6915010272839337,0.10185962448940322
-0.755752573294925,0.03134954140670144
-0.7492983418796905,0.10565012147587019
-0.7014334236983495,0.15908739095332688
-0.6649099000979968,0.13162682232231632
-0.719031657777898,0.1542221708076494
-0.7666240807936301,0.06534793469579706
-0.7680042577509986,0.08952877755868477
-0.6649246897617409,0.1499335901519508
-0.6750275579123234,0.13126478539045522
-0.7315395319196026,0.12240571776028054
-0.6994827239417026,0.16257729746632665
-0.6807101556940973,0.1027363438980958
-0.7522189057439452,0.08664243686535976
-0.6893925772807972,0.11055844910034711
-0.7099397326484537,0.09558375579747797
-0.6874353091906079,0.13958497866156397
-0.6967611520676764,0.14582394580416463
-0.7068833439010509,0.07837379317027973
-0.6908658155987204,0.15684714365253402
-0.7285108072014538,0.05408293312210168
-0.6862478705670835,0.13589090166668275
-0.7285038806240058,0.07458434429230568
-0.7398588824310244,0.08852170695520006
-0.775253024767562,0.07176839896771077
-0.6777627695729352,0.1705737977553402
-0.6840775521516578,0.12264470123326045
-0.7497778571289995,0.05806354125118489
-0.6388532420684954,0.1358896333627118
-0.7463571807396524,0.0862205047310985
-0.6531488884591702,0.1627336202316694
-0.7155861447101579,0.029060759900636616
-0.7042645828541253,0.11170040686669172
-0.6392436800175372,0.1554632081628906
-0.7102568347698607,0.15767828176276527
-0.7417879843489824,0.11771254523285084
-0.6936133750676315,0.13659652811527284
-0.6891992065528433,0.06455439546086147
-0.6877454941331244,0.17139833497527748
-0.7274667202078736,0.16395215417114523
-0.7432709229498298,0.13385203913659613
-0.7249853297243195,0.10139825947871205
-0.7305998640297512,0.07287244086616738
-0.6854368281554672,0.1673545139865508
-0.7477261328695255,0.11800150327087312
-0.7169954781402741,0.13067250463948005
-0.6788635151918501,0.18151093270208005
-0.6838507205715207,0.12443881085795452
-0.6903867102291141,0.13956996552061002
-0.7314676247417496,0.14943354563257386
-0.6631524583897849,0.1322517210411213
-0.672779286729584,0.1468278968236869
-0.7113994789447082,0.1360943898860936
-0.72873187859548,0.11800196639214693
-0.7305178940097016,0.06160649420097463
-0.7622814454222667,0.07280085141014683
-0.7275949761595212,0.08724357132658743
-0.7506126402093443,0.12596754673692825
-0.7041191250540642,0.1651092781388755
-0.72382526081618,0.11652518003650111
-0.6999356877917847,0.08023324016946756
-0.6876643677320161,0.14796501995663597
-0.7012628520609688,0.11284032324095195
-0.7542352630623247,0.10349895354629562
-0.677314096893378,0.13687848702409028
-0.7437954929831354,0.1258907921109382
-0.6834740810899705,0.09913352370322819
-0.6769088230904887,0.13765899453559174
-0.6632381096517818,0.16210552580385026
-0.725080500716532,0.14856955498345742
-0.6931251607574529,0.10639736176018309
-0.7342444339581229,0.0746239747796573
-0.7180039329440959,0.10006540844558326
-0.7207067659768283,0.05153588053093119
-0.6691708218936816,0.16422449895291563
-0.7524274522396251,0.06117716883052991
-0.7254514677354187,0.16032146094879718
-0.6999890800972887,0.08837417544532908
-0.746687347103011,0.07407966896765054
-0.7589774270953751,0.10615805475299375
-0.6887586468290159,0.1579287188151558
-0.7663231967048524,0.037507317111990006
-0.6662568783640128,0.11176444231998046
-0.7406074454543349,0.09188866942705755
-0.6893505709981129,0.09557659528595612
-0.6940999484970884,0.12971906355262874
-0.6783686909785394,0.13551948744493117
-0.7187128223740461,0.1606936274961185
-0.7500204933153043,0.14101003957827118
-0.753666413323447,0.024964673497271505
-0.7293465893228642,0.10041264919401927
-0.7594590687280337,0.11232888824897395
-0.7251353406393701,0.14102434318687038
-0.6919302478717144,0.06617713957484739
-0.7246236138889693,0.1196812018617141
-0.7223056575293758,0.13201080949362393
-0.705577653958246,0.14137749941820432
-0.7009491080843088,0.1030677254381334
-0.7608790486462375,0.0735950233275076
-0.7057255458270938,0.13013137436990382
-0.7228912139533022,0.08193132749209507
-0.7052341879186363,0.11191584887111078
-0.702680820054022,0.12883574285653795
-0.6773534870887317,0.13665606147959647
-0.6935136504388997,0.10769423281810714
-0.6820927820275727,0.09153580302698879
-0.7033026540128803,0.11387830988584313
-0.7409662146590489,0.05697446733123598
-0.6984127986644849,0.13318158648998366
-0.7277329479481464,0.09522247343707273
-0.7513150195890792,0.05862062751837471
-0.723928254470412,0.08583172852456843
-0.690288496963549,0.15142473266760453
-0.7192703402344889,0.11858218967720205
-0.6625629289513764,0.1568771403363158
-0.7211026505699404,0.15528714157643603
-0.7345771736778692,0.14356435921369579
-0.6735739702654544,0.11791902864516376
-0.7480480338017567,0.1303439954060483
-0.6789429801299661,0.12174438502350399
-0.6649405734114613,0.13853290531702622
-0.7249837976179931,0.07649437221552972
-0.7139134427863723,0.14731252341171766
-0.6983589401482292,0.13751163153335094
-0.6560468604677571,0.13498275139148339
-0.6870351356286849,0.10458790738210846
-0.7496650982904274,0.11496997726163603
-0.7187728763821274,0.10066562201338798
-0.7104953899600307,0.15355977335599286
-0.681584924776924,0.07588438228503866
-0.7166860217549462,0.11663012688804876
-0.6600980350753374,0.16740180318012057
-0.6723563467624587,0.11970911327205218
-0.7209928543906767,0.11875620581516319
-0.6927909091653719,0.1481077998160473
-0.6745817792218524,0.08619814987719784
-0.6800008028692918,0.13090920551324206
-0.6672826141059623,0.11542045168590047
-0.7226452722347946,0.08311941496723578
-0.7228734478009752,0.15446290005487212
-0.7150501591835845,0.13095181981302056
-0.6830922231848805,0.12878900406109312
-0.6947213235693412,0.1587416505207116
-0.727633591704945,0.0634280074835794
-0.7109523030013583,0.15417241786283556
-0.6903333028722839,0.146582505624347
-0.7543333210402962,0.08864821705808311
-0.7487394462094454,0.09309823606985018
-0.6868961926464654,0.12247709043222914
-0.6887256361903863,0.10522504956800575
-0.6719338139762885,0.14288518724903568
-0.7456831986766542,0.08902554020181273
-0.742510326168754,0.11269240821900545
-0.7643375299236389,0.06839701079007937
-0.7816495657003191,0.081707569316737
-0.6670307256053669,0.11078590754789241
-0.7160852556962608,0.08793337104431423
-0.7175620845629089,0.09620764800960781
-0.6985901193616423,0.15800517468396574
-0.7111474388135789,0.08694092768268682
-0.7085653327496976,0.15386211259280666
-0.6907436153206068,0.11131619982407813
-0.6826303192356701,0.1379299108758569
-0.6951924860419518,0.14386899284379862
-0.6855186727565926,0.09391075230090361
-0.724428167432815,0.1136697287953143
-0.6821571718535349,0.15846415787408896
-0.7188609549638123,0.10245884269226903
-0.6918787677952691,0.11577906092001808
-0.768995965089469,0.04728418873566647
-0.7046485953495472,0.08274367038274204
-0.7502613175668268,0.06214853769402336
-0.7653638289560772,0.04153442351362288
-0.7499291753778983,0.053557002307681456
-0.6954443598992778,0.11613712254530772
-0.7275777736974844,0.06652556616642846
-0.6997274144126143,0.1050597583323892
-0.7191765090758491,0.1101925989377224
-0.703806158273435,0.13095219957669918
-0.7273506070022274,0.07799101225029799
-0.7344222390022902,0.0896457933324382
-0.7051989953388433,0.07865346993426087
-0.6773665098911724,0.12561969257509265
-0.7535404731797886,0.1019597205128736
-0.7138462454088847,0.15079086404142944
-0.7037241478974184,0.07434545241780716
-0.7335705749391155,0.09472058924707846
-0.7125761006213432,0.10914118228827183
-0.6873749369394428,0.1314289558030416
-0.7075068765685306,0.13665795267270617
-0.7582236947634003,0.09880901520294462
-0.66003724305917,0.1261466747931084
-0.7440892377815486,0.0882618247367676
-0.698918500836324,0.10169895607395107
-0.7525527883442074,0.09329751544685405
-0.7327043353691586,0.10065287352717706
-0.7604908986862523,0.12527446612970675
-0.7352776288321482,0.13697158661858502
-0.7019406130206779,0.12985898036712443
-0.6715229735876289,0.15726492434061587
-0.7514825710182598,0.07829438416406531
-0.7020200808378605,0.11727714216366208
-0.7273251336728345,0.07081622725507332
-0.7465263620490558,0.0950392590420692
-0.725201170248604,0.05431588985339942
-0.7254816202552214,0.13834198096615827
-0.7357130926323608,0.12041102424695208
-0.7449748234740172,0.11740149608424313
-0.7173827795861113,0.10355457712974764
-0.7190311408320059,0.12340182209387605
-0.6986648201410608,0.11326000145031466
-0.7189095139892944,0.1543444912503166
-0.686078456589626,0.09136258082852781
-0.6840827345667362,0.10154800792814253
-0.7339231304672056,0.09613151274400927
-0.6692907936658948,0.10775202344127179
-0.7068170135643925,0.1368105264388325
-0.7120420811287598,0.0584882309819808
-0.757456097015475,0.08032649088277247
-0.7024568874986071,0.1317137293104738
-0.7058217659226347,0.10668930177067655
-0.6679572014745152,0.1290581705455224
-0.7146756646719206,0.07480883832185319
-0.7436793951859874,0.12013110275534282
-0.6753125800612161,0.17109139750030575
-0.7008099561132005,0.12152426633523093
-0.7198047314328172,0.10086362095963262
-0.6561493675316662,0.17060917400737094
-0.7167238218074897,0.07021699779109233
-0.7068309021068593,0.10506485178851287
-0.7117126729599607,0.041933769074959375
-0.6968535742630231,0.12758370539387823
-0.6623623060475663,0.15741486453881703
-0.7227643416564709,0.15569500243638704
-0.7058639214063125,0.15154740518550885
-0.7350231925416087,0.11037297087114115
-0.7028600793115003,0.08901892379222777
-0.6569793392487288,0.13529480524136128
-0.7089608548107786,0.07958359384711136
-0.6736280868932389,0.1500674556348949
-0.6783521049729047,0.13209903303980677
-0.6549392327610355,0.1511405623062646
-0.6899156728603878,0.09178377113942228
-0.6994700842791313,0.12981103477680184
-0.7272795065941817,0.08650479223428514
-0.7172831448024252,0.11754982774395104
-0.7383965564247436,0.1049600022802157
-0.6558167685406364,0.1411753011537347
-0.7131809692707716,0.11873367763873532
-0.740542503055377,0.048557887538731116
-0.6713676490354145,0.18257209066419697
-0.6920961795896734,0.15353533060460506
-0.7708335261887279,0.07546201067441606
-0.6991235618843014,0.09500821851148353
-0.7411761912827499,0.10965954985944211
-0.6824802161655648,0.1758738012837598
-0.7265257071164064,0.12066829462254207
-0.7166096665018192,0.08960664110439112
-0.6901352122508226,0.11269775756289718
-0.7407101269415503,0.11105168832223011
-0.7407992941705382,0.11385914095270082
-0.7285805540342359,0.12707204415987325
-0.7329944153012533,0.09784776730240405
-0.7035523218748039,0.1167234878800249
-0.7316035356542459,0.11569578088913096
-0.7141138644186227,0.08538041540011529
-0.720971282342223,0.14531898327068926
-0.6538463135446936,0.1304671064469972
-0.7202262209933031,0.10874782626035909
-0.7070148487728022,0.06529756993826986
-0.7336638841579612,0.08688792145872919
-0.7245037402854146,0.05970449286119804
-0.7233011423822697,0.08665862546003869
-0.7127249594557955,0.1276662840159238
-0.6963856485436521,0.08661401916205688
-0.6766706629572204,0.1542397850523729
-0.757430212981897,0.06038980733851219
-0.6601623239371774,0.1808882130094344
-0.7331295268352856,0.10016096311816955
-0.7386383731238129,0.1333258543920432
-0.7345437938989016,0.1069939844134819
-0.7481180632773373,0.06043956022456829
-0.7101401084348746,0.09219607409424761
-0.7582909393219918,0.11591818865564604
-0.7702875209044446,0.03917922933592649
-0.6659876750540319,0.11312734690818227
-0.7082454771861229,0.13314284644816285
-0.7600885847029872,0.1228428384432786
-0.7148144456136825,0.15352385820013256
-0.7009770572264792,0.12723868146007725
-0.7129544407704129,0.05221996323916728
-0.7128144294223108,0.13058324705859367
-0.7148834635027642,0.08631184348548687
-0.7065375643756107,0.08944187175708644
-0.7061167134686503,0.0824693116936828
-0.6906382244022238,0.12131435344045811
-0.7393257982379964,0.03721484041803043
-0.744250287848931,0.04671531852938638
-0.7300336974863668,0.09909815681527619
-0.7195562297156594,0.13765226651316892
-0.6684019544110182,0.1322658512464903
-0.7358432459161861,0.12092136961179527
-0.701611179360754,0.1056012670858578
-0.7004361574988003,0.08741498382512382
-0.6973706994938508,0.0822874013360997
-0.6554486843216626,0.1399018156235498
-0.6657677138264808,0.11467289975898022
-0.7285599909989937,0.05179663779175166
-0.7542147442755256,0.07727965010535301
-0.7254484542879118,0.10374140174866761
-0.7755297142554631,0.09037079477688433
-0.7207293585058601,0.12651497171100395
-0.6736965576396301,0.17572024343757542
-0.7349215517009319,0.09973297554795206
-0.6865945051615203,0.15885837967631192
-0.7302027202075547,0.10622024341113599
-0.6822594818119878,0.10601471890590779
-0.7190426850091264,0.1406166011172129
-0.6649042938251541,0.1292348813949935
-0.7110191430683799,0.1544498757618202
-0.7479322696451177,0.11931063502749058
-0.6723558097121183,0.12767549101545425
-0.6998534465169223,0.07206900450045088
-0.7054329665353768,0.1300873644172078
-0.6810483273880609,0.08762866519742225
-0.6676669354399687,0.1547105110804943
-0.7240124924494032,0.12017008897450485
-0.7227720939700069,0.12460626562952615
-0.6581100959969391,0.13114555162987296
-0.7441226276980248,0.13404930243363147
-0.7462754319194965,0.06911268438274042
-0.6827946672911769,0.11653915352328008
-0.7419249188994106,0.05989467467061338
-0.7015386651139867,0.11150834019799515
-0.7437354451644866,0.06823733272946997
-0.6600976830352515,0.16083089544912665
-0.7824126973824238,0.052975202222004525
-0.6977647873312361,0.15373981140550363
-0.729537981548038,0.10016655165011593
-0.6466070997553333,0.15379128968428674
-0.7350864091167078,0.06683750634672543
-0.6606482120257138,0.18286925661444964
-0.7244784326148992,0.13984593008822033
-0.7216065866616109,0.11566636857333552
-0.6944521165809485,0.14810165849507262
-0.7411633448185946,0.10762092688969349
-0.7120857316966152,0.15723071792859739
-0.6906282751055046,0.08427727582001783
-0.7265701481887352,0.06980637760997564
-0.6648481412094625,0.11604132484921435
-0.7038291433262428,0.1171072913943494
-0.7071764366915702,0.14995310093135925
-0.7023153765168665,0.1730076109878178
-0.684548946832354,0.15389941845433344
-0.7208534153859432,0.14487768663118483
-0.6903635037947559,0.126935477001284
-0.6991662492010423,0.11150733703565734
-0.6785845225500491,0.12242417766577364
-0.737430984396144,0.12375802652479069
-0.7372767667172527,0.10855021308902545
-0.7396368815861251,0.1257840920249827
-0.6742403543514319,0.09362789188776229
-0.6552928674480125,0.12348864057161574
-0.7244739295300437,0.0893606934948228
-0.7345800728195312,0.10559868637324779
-0.6993300231580946,0.09595210830795323
-0.7138952657441947,0.10966070590497655
-0.6749213139915279,0.15127965125381884
-0.6676555426796585,0.1515990327390255
-0.7062933718978835,0.07494572589731271
-0.6858413534921535,0.1663277896926241
-0.7770737103850713,0.06474167491493112
-0.7167574533414265,0.11043656345306356
-0.7196948830332635,0.08508126537887431
-0.6770149140204245,0.1461770414682065
-0.71487505852229,0.041251833049035076
-0.7381080528861356,0.12452285471241528
-0.696471973307363,0.08401093520565948
-0.6800754574855084,0.13178286126705072
-0.7304698173728916,0.042659116690624777
-0.7461125682492462,0.07376855909837696
-0.7566794420958951,0.10981796020037615
-0.7038204435712136,0.10832162423797088
-0.7241840955009127,0.06920827209383393
-0.7270183670043416,0.09365795980892627
-0.7270039436057014,0.1404569143543296
-0.7002927113566813,0.08684749557945079
-0.6774450374788767,0.12958713486557905
-0.7286426575425669,0.14530178019756174
-0.7179976371978722,0.16907908278192368
-0.7622840356089265,0.08117264339863584
-0.6956996307849165,0.11277534284157499
-0.7577410764910735,0.06740948147636865
-0.7419754234880007,0.08654946006929333
-0.6625431656781386,0.14719247672172756
-0.7075386336539993,0.12774601831041257
-0.7171842721136247,0.09703117076859936
-0.6677520754761509,0.1382377161641874
-0.7727937781811509,0.04922871193189693
-0.7197384524514682,0.12108063692837297
-0.7312277825802684,0.0972515324040975
-0.6547114652805006,0.16444743300588163
-0.7253289473980805,0.08992467551341425
-0.6992485260649656,0.1348372254534238
-0.6923357353717551,0.10389390044206837
-0.7294653486670359,0.0636881032464199
-0.7139835362952948,0.1680661122031227
-0.7156834059439389,0.12827084445433723
-0.7170123948538811,0.106209582601038
-0.7190830374139743,0.059725617158234774
-0.7224832383352714,0.07644682399493134
-0.7002018981340808,0.08319327581215491
-0.7048197651105361,0.12990208765824557
-0.7203724787763561,0.10949309287382018
-0.6725474341905632,0.1279809517335626
-0.6911812034514201,0.08341552009207068
-0.6429255802273314,0.16088235384590166
-0.7042017523155825,0.09065910019283388
-0.7414949252145681,0.0905084741121144
-0.7352150963627371,0.055246195023494336
-0.6844897991489318,0.16550163012953095
-0.774285770090432,0.05913681319001391
-0.7254368197836732,0.09007087960357854
-0.745585600061469,0.04424073829401123
-0.6711422096959698,0.14391312096634432
-0.6625087325661534,0.16591756818335923
-0.7248091574339067,0.09525265487397178
-0.7297856241332549,0.11442012268343495
-0.6683344280680008,0.1659566647741886
-0.7015671634367744,0.09634270897435515
-0.675250055794075,0.10926904493649539
-0.6754089097710719,0.1579726294482939
-0.7248109325807921,0.07673976203369996
-0.6747286424678568,0.10442294983248593
-0.7152275046072657,0.12831241322482534
-0.6794938842692614,0.15501424690400784
-0.6821734197247952,0.09343264706073663
-0.6953616930808589,0.15697235744828894
-0.7151242483756434,0.144411856011651
-0.6803043197096982,0.12678689205832946
-0.7148363766496286,0.08494922237633451
-0.685346762583659,0.14527647336049368
-0.6730977691157761,0.13195841087241444
-0.7199067566166146,0.08959273776255931
-0.7070200689169779,0.07667503328114979
-0.6859809412344856,0.16048801987467656
-0.6917927534429081,0.10486771367603905
-0.752934540754929,0.10276731732093486
-0.7038905496424341,0.16898217355425277
-0.7460757870353609,0.07494249426026359
-0.7282862529039484,0.08739643576069574
-0.6805568748296392,0.14433359666658022
-0.6593681931155398,0.17187435797417394
-0.740196723209909,0.11757153029503542
-0.7415438873819139,0.11729833255530386
-0.7033284553128197,0.15449857538698852
-0.7151896548466525,0.08038582555141877
-0.6741709298310717,0.12979707213260303
-0.707245076932573,0.10333163667861586
-0.7256936799069625,0.08620820496723561
-0.779796651753708,0.05694197173527217
-0.7008404575635553,0.15203153015251583
-0.6871952232523537,0.130166537266221
-0.715278499823936,0.1478688596249565
-0.7327073159188273,0.11084743245057387
-0.74917177747395,0.08071735656569728
-0.6984128876201232,0.13930446794277324
-0.6707278122189486,0.1355226675856598
-0.7287639321580994,0.08232935927901815
-0.6619039864758136,0.1546403825343736
-0.660615143868458,0.1044839102984215
-0.6587679385246857,0.12184989448313685
-0.7288254972799862,0.0677822649835458
-0.7152736567067312,0.15883442427862698
-0.7242881905203284,0.0563379405522962
-0.7435981102240274,0.08705072973407299
-0.7304365941684062,0.03356252988856779
-0.6952680453993539,0.11737129885272533
-0.7046707891180962,0.0858035587960004
-0.7681493624778741,0.07606652947738017
-0.7101886732757892,0.12089678168015365
-0.6674175689690647,0.12299973057714733
-0.7265075519409059,0.07680602832494428
-0.7536953325479052,0.12718897310792723
-0.7025367844393052,0.14152841056675367
-0.7044313130809444,0.1483768291650981
-0.7160636498170582,0.13400039647303633
-0.6913002750967118,0.15622014868803155
-0.7370686469084086,0.050845705774119655
-0.6535427476639261,0.14184153394826682
-0.7328028260791819,0.1269939760319087
-0.7091196648789415,0.11238421323300092
-0.7715333724711392,0.06298100675639923
-0.7128799035763057,0.16221493629842976
-0.732555597654606,0.11889490997622713
-0.7663039755222457,0.0305349494218289
-0.6681459013115492,0.11766913909131298
-0.7400495911374665,0.13570976173514035
-0.7042268648834027,0.13883122661922875
-0.7403936589071289,0.10574842941582038
-0.6933847634921984,0.11013885723160746
-0.7487110044433374,0.08087620349957188
-0.7246577806173357,0.07132523965302594
-0.7247263194951165,0.12150042228313063
-0.754438304693812,0.10647317210913987
-0.7173859218146058,0.07226414628375637
-0.6911242146990685,0.1312831447633271
-0.7011298315768157,0.1328742040116506
-0.6891780150941152,0.12700614309209135
-0.6874012199206376,0.1284556455790744
-0.7096660510762611,0.1408813765726494
-0.7326694045951876,0.14662393143273597
-0.6959871222458106,0.09986741277206874
-0.7355258261690126,0.1026185596210881
-0.7284882074678214,0.11430539942436214
-0.7176334701240086,0.15334220011493682
-0.6918782947088055,0.17095025325360932
-0.693095188161502,0.15433413573955335
-0.6529689553732616,0.12479559307556888
-0.7509568292228387,0.13663239407505962
-0.7412522076478102,0.0915724404541012
-0.6978849187184736,0.12632788220827199
-0.7561745028819373,0.09495152163238982
-0.7371251458251127,0.08387181539209153
-0.7051991850410705,0.15554541409076422
-0.7272766077862435,0.08038328935310605
-0.691939827948849,0.17780565175636517
-0.6802632300974524,0.15665039672377726
-0.7516372950393858,0.040709766103341455
-0.7402355347574178,0.11327921521658367
-0.706014407808391,0.11430835463864879
-0.7063040700907703,0.11655432904465006
-0.6750388644316592,0.12366302230985321
-0.6666899323256263,0.11939546874809706
-0.6766469564153361,0.08840485377471895
-0.7094954621530504,0.12180330207370811
-0.6725675693740383,0.09252229260047914
-0.7104074784416159,0.1331870764941971
-0.7119375634158291,0.08649157076713454
-0.697655311014442,0.15953642220513528
-0.6870838115249674,0.1405685173727003
-0.7232049152703569,0.14285313446494358
-0.686347990981927,0.13497302552228405
-0.6813656109046372,0.18247162232717665
-0.7423804944507374,0.13531284791194517
-0.6852674994992148,0.07991187524117449
-0.6524851016365013,0.17336213278486073
-0.7227841859645417,0.11424140897854489
-0.7102621964811845,0.1107225701643924
-0.7225824155771955,0.10299576589445895
-0.7140252694535859,0.10126437358604745
-0.7382054491798178,0.0617729733189424
-0.6881615759082277,0.1591881867078198
-0.7660127742528432,0.05354694817681197
-0.7066231664170702,0.08617242979472799
-0.6983656748120589,0.14476034173827718
-0.6993157724457832,0.11065204856375982
-0.6995777161588695,0.11499495634067537
-0.7255614429632058,0.12342534229595481
-0.7116879374374082,0.15450088033494647
-0.736555620349192,0.06635714280421642
-0.7451208690162329,0.101326464564138
-0.7061479122374595,0.14352744598863068
-0.7519161923196745,0.08871795239747614
-0.7394967164626215,0.06728766525211353
-0.6992657925720008,0.11170962323480316
-0.6690249653232766,0.13873659517469808
-0.7075364443166337,0.12575344984153222
-0.6907379130395368,0.12841175769212687
-0.7106364394099843,0.09595815896537971
-0.7591994814432004,0.041668912453101545
-0.7651776751877423,0.09761046552232155
-0.6844595042419435,0.13010817506506472
-0.6878750079984929,0.12621496182661057
-0.7431413207101061,0.07095152691914765
-0.7046876319830959,0.14956387702866822
-0.6849792502869395,0.12106056661848771
-0.6733634133928699,0.09675088686219853
-0.6917504715543,0.12241059119276512
-0.7442279385948459,0.08500880619676607
-0.7474529941819471,0.09500446401190564
-0.7309404314724619,0.055954705212176235
-0.6768745566642903,0.13592427726302486
-0.6962093056776656,0.1593410413599857
-0.7250908263272348,0.14011166630593103
-0.727855939972316,0.10606565457071765
-0.6798710570184429,0.1134848700347586
-0.743616949563754,0.09826573540494764
-0.7426005531656737,0.06064618343211845
-0.7316154676872045,0.07415989598780891
-0.6753225811166577,0.1332406185285086
-0.7198145506450628,0.061388633506010946
-0.7155399275860834,0.05822338885658983
-0.7602410073333208,0.08453648364760492
-0.7082718143837037,0.12438952468498204
-0.7184623541782671,0.06551050913974782
-0.7005168411758335,0.1264541997883738
-0.706092842784059,0.12903311434663822
-0.7161958088566506,0.1544331707225345
-0.6703976601977057,0.1491817054191702
-0.7015100469406865,0.10727374183066901
-0.7094645880292425,0.13207899452948013
-0.6720805524820802,0.1756112228411636
-0.7013098497224896,0.12248756700020705
-0.7377136222569333,0.098802234624055
-0.6840471144538066,0.09669753421881337
-0.6951150152908383,0.14322894269977932
-0.7491587312959299,0.09532344632142112
-0.6553585692929366,0.13373876821196465
-0.7688771986105489,0.03895471614564997
-0.6696114247251745,0.12061834513127014
-0.7326758120025729,0.108536323794434
-0.7119929940123623,0.12083937150885561
-0.7257164589444375,0.1330850635990953
-0.661377491895448,0.15076374756987562
-0.7414449505145738,0.12221913093842147
-0.7690133257912493,0.06206491741664232
-0.7164505972196656,0.09867778704308605
-0.7034881480660179,0.15099247659004986
-0.7255292687668216,0.10846555720280511
-0.6810189926458592,0.14405224672925918
-0.7096838208617141,0.10683600942957991
-0.761634462412418,0.07625141026131545
-0.7046028918173224,0.1776782566275665
-0.7050777961554775,0.1445858184351857
-0.7105154444155143,0.14190533452920398
-0.6806124864789836,0.12864031574042586
-0.7001773924676443,0.06937005448022242
-0.7320591714791815,0.11596079045352709
-0.7154982229939919,0.13093622296593802
-0.6994056946058452,0.07912108710426202
-0.6848684588395428,0.16192704983979658
-0.7698020079172617,0.10633550615682522
-0.6855254805446985,0.14846569874428037
-0.7293434702203692,0.11655220134528733
-0.7040539899506798,0.13458977571401748
-0.7503893526926605,0.07366158588505364
-0.6999485105122046,0.16615315023424398
-0.748987588278146,0.109912566801944
-0.6731746930891075,0.10576343405303806
-0.7624368106309249,0.09802089608876557
-0.6880275595637554,0.07191185693874373
-0.6797488765544776,0.14155890464854573
-0.7342102354725907,0.08244972655685154
-0.6958177421024514,0.13668584505630074
-0.6823939647731182,0.10627976043923605
-0.7445256920584714,0.06237925773472528
-0.7291890267780946,0.05731290493105536
-0.7049670297022275,0.12152468311903734
-0.7314618191858979,0.05346966138536657
-0.7263529322532096,0.05931678788271986
-0.7027062428914748,0.09370136155406232
-0.7337619103900721,0.09887913856561313
-0.6772443580803028,0.10867890133469249
-0.7399160779745596,0.11763974688784244
-0.6730057871687205,0.11529440753854145
-0.7565408966677369,0.09373111216419756
-0.6537714275068096,0.15131350406468308
-0.6790058662821062,0.13982127655703083
-0.7296688609551024,0.11630822035519503
-0.7026967619669845,0.12283126962696161
-0.7360588458068049,0.09489146097244125
-0.6800485586710177,0.14609255580019784
-0.6810620078883501,0.11514492371046521
-0.7444331548998413,0.08846813560186481
-0.6585624372947853,0.16119122391437202
-0.7702203685989103,0.06965897989522318
-0.6996533158157867,0.15334393606724933
-0.7288010047671561,0.14911017884649783
-0.6708061178550848,0.11192891624742513
-0.7074492166678669,0.09700133340792555
-0.7033587971288837,0.16113762005742996
-0.6911110133126874,0.1594123327185826
-0.7214815502752483,0.10081992647680298
-0.7316413747734986,0.12824140111698848
-0.6689717923376611,0.15349282177112666
-0.7323759501216388,0.0644603541474894
-0.7674538267718537,0.06860913235011135
-0.7109234569752065,0.1006524846141393
-0.6972105468284036,0.1572421318402166
-0.7080996540533089,0.08097069872065253
-0.7191425112403244,0.16823225247886753
-0.7235567293985906,0.14057831326530723
-0.7203547332292236,0.09090774972914747
-0.7516044274158932,0.12269557420086828
-0.690002016546926,0.16622150337096345
-0.6766228856400124,0.10727572822986814
-0.7039741439960088,0.1292893835113856
-0.7137850876800502,0.12672954990177007
-0.7028054182060811,0.12577056574733742
-0.6798425429223476,0.1570557915611346
-0.7419127150832879,0.09644222773763189
-0.6715078758638647,0.1580401575217058
-0.6881659038940205,0.09216994157639204
-0.6985652227579479,0.14080078210597152
-0.7098792423127224,0.1404750889636377
-0.7216839814193367,0.14110859746865015
-0.7257162756328254,0.09305740787039489
-0.7530341997047291,0.11946840861086697
-0.6842952858004158,0.0779147668633644
-0.7027595361804544,0.10827916194564619
-0.739656110269217,0.10843802001823696
-0.677987953936107,0.11724062571149359
-0.7601481645397973,0.1109912574460864
-0.6663370527388421,0.15504117551545982
-0.7172339732333162,0.13124002025645812
-0.7628025582706105,0.09735854848234608
-0.7363115108853994,0.14873174694976238
-0.7342819672539221,0.09096339448032213
-0.7643389669179455,0.05520662139520711
-0.6959698854414976,0.12393177838389884
-0.6773726140372162,0.15322549534200003
-0.7644944695773915,0.10430917137983878
-0.7473635983285646,0.12459266745634015
-0.7372208555337861,0.12982766540343543
-0.6998786230619891,0.10882117460734252
-0.6865711703437288,0.15615305811176067
-0.665627234261356,0.12532102659081842
-0.701041803867943,0.12629158845195895
-0.6689338654882288,0.13797954884755986
-0.718778737962738,0.13957696225166524
-0.6877594804010841,0.12810132572186328
-0.7416519005909471,0.12265208819803125
-0.7223660430949135,0.10709550179098824
-0.7510921886048789,0.10529479011679051
-0.7504480699474991,0.10392423910393596
-0.7503197414380279,0.10939701734093875
-0.6926736414609612,0.17027116949613408
-0.6912855387363377,0.12198240519193841
-0.6754921150984551,0.1585728762803195
-0.7228006702560782,0.05180470518603168
-0.670099322509051,0.13161418834441538
-0.6829013989172055,0.14249837889725586
-0.6682460192155492,0.1618925151338903
-0.6708029082795932,0.11368604958957264
-0.6832293745642916,0.09971073477708894
-0.7183785516627892,0.12435176819693018
-0.691869502987723,0.14471817731802475
-0.6797585611320534,0.091506431988626
-0.6856045513739696,0.10216462539914949
-0.6869270481758027,0.10708881388062752
-0.7102179519192164,0.07420851376978996
-0.717692764822818,0.10449678091038507
-0.7313251073581191,0.10400985435558084
-0.6982100898203994,0.1562224001122451
-0.6739420785052564,0.12076568421595017
-0.7297931172630756,0.09060278130727985
-0.7293859070099713,0.12098200318737957
-0.716442870302023,0.10503327134534388
-0.7092749221135612,0.10243983868345072
-0.7215606621017475,0.06050365077894223
-0.6924123324028357,0.1073881919793442
-0.6773328789260422,0.11606870186590243
-0.7036896664582434,0.1650202163567172
-0.7064841327157005,0.12061188887305627
-0.7287924877674521,0.0969384767039551
-0.6692813484048453,0.14520867011783617
-0.7169496628644264,0.07467287626769487
-0.7269556690444283,0.06549183136353542
-0.7563110569111708,0.03189713145866064
-0.7283823851713789,0.09238341470780816
-0.755747741452677,0.07568205813911709
-0.7306767510567367,0.13959708302650303
-0.7007306476001464,0.08404623917646024
-0.7353059210826942,0.10950628562083142
-0.7311648090494316,0.10912610342054165
-0.7371686888496348,0.12085233158080715
-0.6768919930263451,0.1121473904772173
-0.7104391351751995,0.09527305666246744
-0.7495434459317153,0.10120493487280179
-0.6643667073727937,0.13169583762066447
-0.7527145185098676,0.09001099007709248
-0.6791108112218854,0.10906832658674193
-0.7143008632423246,0.11473829419902126
-0.7217643861159806,0.11265451812762882
-0.666776326330612,0.13500081892424756
-0.6795692429233859,0.12455030632575376
-0.7153114243048804,0.11937475305897456
-0.65970806946436,0.1659068490194579
-0.699264031337201,0.15758460693355952
-0.702964799707557,0.09045369211210603
-0.6967427374332866,0.14518929166443076
-0.7377646886557363,0.07655251909152666
-0.7036023128866592,0.05678794544346037
-0.6547338287740198,0.12480546293108624
-0.6907087774111376,0.11881995338528674
-0.7193239969235106,0.09683604458245261
-0.7370121577755635,0.11298385892592246
-0.7048666704226225,0.11842969657133176
-0.706585431449586,0.08738765173706976
-0.7590792757820876,0.029349459354123808
-0.6665507907705982,0.16955686790434332
-0.7163025735450608,0.08856581887253974
-0.7078797429426019,0.12368566298928318
-0.6813577734450071,0.1171029521550781
-0.7106063741409547,0.08782894379284326
-0.6932066127862553,0.1055225367621009
-0.6934036728756151,0.09233411728965381
-0.7046355660791904,0.1636363674852942
-0.6670837807658079,0.12982843917894418
-0.7462537045638898,0.04590934826814667
-0.7203545296628818,0.13195171564375774
-0.7094194967690918,0.07753778333632602
-0.7218913904448145,0.12020851144987016
-0.7099775707189692,0.08945442352827633
-0.7073854797447604,0.13123890009179676
-0.7117449163227401,0.1499149350097978
-0.6889445838395446,0.14096245998281218
-0.6871819544170814,0.1599867045464703
-0.7688710638780717,0.06941468278058467
-0.6561875290312498,0.14930829671047827
-0.6685561056979318,0.11104499395108103
-0.6802526786948552,0.15027025619299916
-0.7140146673905375,0.1136993920703579
-0.6799045369175428,0.10913763425185238
-0.6952579559331754,0.1610579379573245
-0.7253991434530858,0.15056627103579687
-0.739546953170777,0.12007700203991553
-0.6999072038956706,0.12407426720686889
-0.6811370279288927,0.16773214472265907
-0.764513442404834,0.085897156121055
-0.6942045273477085,0.0699306589985852
-0.724110186880486,0.13045612492536465
-0.750201012688236,0.056742045275081185
-0.6978449630711044,0.16330938504023237
-0.7079169535633811,0.1371638738663439
-0.6832099770729357,0.09419451548828287
-0.7177105609740531,0.12511602963168972
-0.7584392384099014,0.07350571210600734
-0.7253928182944076,0.1312530689226279
-0.6934630988239087,0.1568017002180083
-0.6959824922784724,0.08689723714717308
-0.7421012814378929,0.0937353176131134
-0.7124519956496178,0.16157473646831894
-0.7181837755104296,0.1322020484618527
-0.6955917698157323,0.1317545192099488
-0.6807280824601195,0.15891007215737596
-0.6726466306243004,0.09253629345506979
-0.7308799572065812,0.07441176675352537
-0.6781290728054769,0.14800398908446263
-0.6870046140371199,0.1130672519128988
-0.7060985194894018,0.0894432639793466
-0.6796286812425565,0.1366105883905715
-0.7288935855858679,0.12878572451757786
-0.7089529994784309,0.10170532585498504
-0.6795515554063059,0.17185175831186095
-0.6846574480368309,0.15195978038451655
-0.744413062570639,0.1220204957352723
-0.7503972620681295,0.08310405059661878
-0.7148872919189219,0.1366557199282763
-0.7212924284449381,0.15627428434054966
-0.7288822217907222,0.04726606869784038
-0.7082178456068265,0.065944815185523
-0.7007663731987053,0.05735627196346809
-0.746951378940807,0.07453290470494187
-0.7105284691094679,0.12390620699285018
-0.6751691271589619,0.12479386845820911
-0.7684588376008534,0.0775113033864455
-0.7171495356149621,0.025589595658839344
-0.6949700063490928,0.08816380982179389
-0.725590761888057,0.10552311428012348
-0.7296803703638481,0.13286029471071753
-0.6918642359242737,0.10071193162265923
-0.6865530933479982,0.12413736544380181
-0.6870391317339525,0.12793937092987018
-0.7366394296025282,0.07836781921426601
-0.6751407536384939,0.17129698163650942
-0.6520677312007821,0.1312358350476662
-0.7242050779909657,0.11965488312887783
-0.6692912539195813,0.13662495185529727
-0.7378092048608957,0.10273791764354354
-0.7273884601514978,0.13495642959596982
-0.7222099958894063,0.1276290831469488
-0.6745571886474667,0.12071683853780442
-0.6745693644060797,0.10224741082218579
-0.7008314503829315,0.1435150064225448
-0.6781789477635293,0.12552890525346133
-0.6873313256632367,0.16565629964160614
-0.7309124483747504,0.11184692218160883
-0.7325484841866254,0.12015611024568801
-0.7222615751589178,0.10329201081332667
-0.6467533405572402,0.15432878026118696
-0.6889992138611203,0.15163400830250937
-0.7316257758468406,0.07108932387431906
-0.6902120356001811,0.09338149906902618
-0.7279126989595484,0.09868171960248322
-0.7319828769638452,0.14427881127494685
-0.7129626571243288,0.12901291083119223
-0.7032214982576316,0.11630417299071151
-0.7403386280389693,0.10412941713971186
-0.7315519931554464,0.055258398428542105
-0.7403120101998972,0.048196998090339775
-0.7301679212504385,0.08990842551348815
-0.6980662733711697,0.07936159147880754
-0.7600990109324453,0.05297824075171604
-0.7484686101185384,0.120896214192211
-0.6564449566709841,0.14070785586505652
-0.7389348010560065,0.07338898279684149
-0.7334213976233703,0.055306948588046474
-0.6676650718851727,0.13498064473618493
-0.705957163548434,0.08329412592747135
-0.6954579181640607,0.07542771412079564
-0.7428920234570772,0.05404041428334866
-0.6899774894511603,0.12507935147675991
-0.7426834625464933,0.08936281331687504
-0.6754431404318818,0.10077471814084744
-0.744025562905894,0.06249127446166363
-0.7040831235692929,0.17205699366443372
-0.7123082157288255,0.07949104914841279
-0.709143705420754,0.054526014602769825
-0.7633250974960604,0.06360546295781351
-0.7545678560730564,0.05925241534950099
-0.6787363552308551,0.12998156605754144
-0.6572200598031425,0.1601596058118747
-0.7700691745262969,0.035090562885444265
-0.6955294676784715,0.09451946087237671
-0.6637042592621529,0.1715413438150163
-0.705493728598185,0.0744276798533838
-0.7289050137643659,0.04290579055465775
-0.7181465688200822,0.0653569949137704
-0.7046082665568586,0.08606777861898872
-0.7283273269582168,0.10342047634918394
-0.6727994345666418,0.1571554007544224
-0.7117089568487289,0.16509989301132982
-0.6912531778301026,0.16205468636796522
-0.750012985890274,0.06330503571686903
-0.7450487183871585,0.062241674004727646
-0.746740366546425,0.07749482107792495
-0.7210567480808371,0.08770116493880646
-0.7047869140331439,0.10911221895207718
-0.7034892540283217,0.15211344186429554
-0.6910247991051857,0.16924385675112308
-0.6928472948013685,0.13368628776110691
-0.6659299001121037,0.13148897018613684
-0.6534278751257063,0.11999725906824818
-0.7191605366499692,0.10117602695768547
-0.7005491103944592,0.1412145704201039
-0.7353100848797363,0.12432693796399688
-0.7299489849585773,0.13180771133623181
-0.6790606785283474,0.13663985323541877
-0.7082964506235709,0.0860036622632461
-0.6479202565949566,0.16210005820864853
-0.6864979144791669,0.1167896932525521
-0.6906156319827299,0.09922828141145089
-0.6723839607692494,0.13966850764629704
-0.7130467507121026,0.10126901793249413
-0.7356351550677109,0.08573597953705929
-0.7155388005791132,0.0838958952261489
-0.6819983860801329,0.13176156933649538
-0.7558956890968281,0.07198128424934622
-0.6844930541544976,0.09113828655287809
-0.7324064581157717,0.07130256134257382
-0.6642726488488723,0.14168872527693693
-0.7332079750537703,0.04593730260808163
-0.6732718926433267,0.1425891097222285
-0.7175258258828008,0.09068321066096535
-0.7030415613615122,0.07687251455978263
-0.6927558915121124,0.14277522261611839
-0.7002128557052923,0.11778827080670401
-0.7184374268343146,0.1287501190777873
-0.7047807031981614,0.10019980184270584
-0.7267666593596953,0.09955361978204381
-0.677884282074847,0.13768936065778634
-0.724196571429077,0.03966109543556301
-0.694533284013457,0.08751142711620015
-0.6803638866484712,0.17117458949109315
-0.7428556936616881,0.061990173716512366
-0.7185979560645928,0.11889094350780852
-0.6620269329030878,0.14815753290397166
-0.7301032962966255,0.09667675359132717
-0.693887126154301,0.16974937197840212
-0.7057592719374326,0.10444862355723968
-0.6739344440356438,0.10648128370000134
-0.7285696861920211,0.12159725412612209
-0.741329678817303,0.10127899623510504
-0.7485749923060443,0.11126295199952894
-0.6839174891905169,0.13524384941646014
-0.712557553856492,0.1252585598655571
-0.7096878594443908,0.054216438181206535
-0.7062051461479556,0.12386918910544813
-0.7216383017326381,0.10454771509028164
-0.7423971189740627,0.11027607819018403
-0.721817723735059,0.1389190713364441
-0.7241891390077941,0.148966766139249
-0.7576848514742253,0.0747404930315409
-0.7225560512292987,0.06540026556458894
-0.6764676191089352,0.12108450203492847
-0.6735567267879657,0.14247546649790963
-0.7555017380600225,0.07016398389191861
-0.690680772069033,0.10124489442415754
-0.6811700550041393,0.15298166166754457
-0.6870199029978601,0.13981855323795417
-0.7381389218200962,0.06490748068764977
-0.6937095716986611,0.13370077474783834
-0.7419187190692156,0.05849178595934017
-0.6564892278738251,0.12099003538401296
-0.6881389808407338,0.1294186188404482
-0.7235789850653347,0.10797341956468832
-0.7296126252611659,0.08713874602840006
-0.741555034203861,0.09087009508666523
-0.6665653425314773,0.14634274282141102
-0.7065622182358212,0.08650915119072186
-0.6928298092016488,0.09037604323258777
-0.7085773834674963,0.10263653400154395
-0.7061651669038909,0.10809284038069283
-0.6788769478805513,0.10400242731798442
-0.685001013704372,0.10641364326791225
-0.6680969856395395,0.11865782843231333
-0.7096644388244349,0.1361177137191118
-0.7261940347037575,0.1029620236152253
-0.7553592666151483,0.11214915664253756
-0.710289179468553,0.12100039408918388
-0.7125313252832786,0.08893148331278317
-0.7308696553335134,0.1149633044040822
-0.7371182058120681,0.1315200981194604
-0.7037819459652856,0.17282496082844545
-0.7196463408221949,0.10793101668754564
-0.6798568709630521,0.12725873874836674
-0.698297381753491,0.08199571845092107
-0.7334121223823067,0.06504381349114394
-0.6910944920008535,0.14113596287918306
-0.7430861536815073,0.05660923010994437
-0.7022659166818452,0.15133897412770272
-0.691595447004156,0.10394086148969406
-0.6976971043691248,0.16128127178333324
-0.7031321473613554,0.0892673280145283
-0.7163142617867327,0.12975275764185965
-0.7130663644258651,0.0722046211521284
-0.7271051757087447,0.07827869518994522
-0.6675609087458803,0.1432055968381215
-0.7166496302967517,0.16004042611575664
-0.6540821315606256,0.16980637925724335
-0.6886679764848875,0.15550480227356578
-0.7001331256217954,0.11682527249458283
-0.6543248279362381,0.1612500805552757
-0.7075024030630551,0.10223555205739536
-0.7321800875700476,0.11350667346148016
-0.6586011569319438,0.14857052523787084
-0.6763660013997115,0.1053259227120084
-0.7502276582984593,0.02425952885837608
-0.7507721083131993,0.10067728329829771
-0.6561747918782446,0.1488048418507378
-0.6728948859854256,0.1417416780927841
-0.6943213644072727,0.13640115188902752
-0.7189739465472134,0.0973344976574442
-0.7119622107870538,0.15126437349181499
-0.705522522876037,0.15030068947251837
-0.7506568715232811,0.07072154321781514
-0.7338465441483243,0.09399666415895588
-0.7209833418032857,0.09231782547614652
-0.7134469717316072,0.10415240048183493
-0.6944597668734587,0.08846344210179252
-0.6549827740185278,0.13748824063900256
-0.7029582123905359,0.11953638998862383
-0.6880865405859471,0.14343291780455072
-0.7242291668042783,0.09457538247314129
-0.69401367500508,0.1059121795099454
-0.6962873040271698,0.11349637177830366
-0.6822482714226447,0.10866232907520262
-0.6936956108798473,0.13177733234975916
-0.6724335161175755,0.1532163731144584
-0.6993717406855374,0.08168556666110999
-0.7084264990211736,0.13146430545247917
-0.6849200704564327,0.16171112293762308
-0.6777453077157438,0.11815573403006122
-0.6840153130476752,0.0850145616427526
-0.7037272825459172,0.1647484068600975
-0.7508685185557538,0.057135166957812865
-0.7572650105574833,0.08022534847011822
-0.6739070712796906,0.1729235994852338
-0.7142605284618507,0.1018446348285269
-0.7220364175519493,0.10913813519207591
-0.6986121556581152,0.15433475297227758
-0.6675277619147812,0.1350165830974368
-0.7051131985301695,0.09330394866528757
-0.7156905414759074,0.09525815453548228
-0.6817512726542778,0.12832599323557464
-0.7151314566130488,0.07019408105275958
-0.6733959685414667,0.12605409698938705
-0.7117876246575049,0.08169253361895809
-0.7341954050125099,0.11600859338304655
-0.731521459698612,0.11196520637509104
-0.7199533573732815,0.1463326489282305
-0.7443969020998742,0.07132740577735623
-0.6961208222663785,0.07239664565025004
-0.7196185042686375,0.11481134072531174
-0.7095575794443135,0.08298271068979865
-0.6872507015605566,0.1382310040474414
-0.6938814221226071,0.11094280433525902
-0.7131263870436982,0.1158402486097556
-0.70830533794808,0.14911153280429698
-0.6968941568105508,0.1706256047101225
-0.7178642311534595,0.12909143556581854
-0.6738465567645352,0.1573763352839843
-0.7435254900421078,0.028658158120555246
-0.6789536143866615,0.15179027809165732
-0.7640028855731872,0.03356447389670686
-0.723755417813729,0.08540013205108542
-0.6821055775873348,0.13160953695921002
-0.7208088519607023,0.13430977620623208
-0.6855852342339015,0.10280369676865828
-0.7311114027073411,0.1514263031357414
-0.6518620279726615,0.13800158282215608
-0.7211934674331036,0.10043041773352135
-0.6856761884626148,0.13950241887392806
-0.6976812529284208,0.12875404852988204
-0.718923059446966,0.05262530285338264
-0.6945350678636141,0.12283886299285392
-0.7019807667796686,0.09717833580173886
-0.6740173617246658,0.16898140134802564
-0.6987618054288689,0.0818039047573587
-0.7364756062453947,0.11079236698476749
-0.6839900792011353,0.1238868081864737
-0.7234044282292876,0.06507988953864341
-0.7491292503108954,0.10727747598894542
-0.6831159265000464,0.12935648343049755
-0.6828010338081573,0.11731110733008848
-0.7505540134067372,0.02421424639151829
-0.7489342743224301,0.075237042890432
-0.735389353437105,0.13903755291233666
-0.7491827753889038,0.08758633776233411
-0.7040294357940691,0.1493702179209993
-0.6996533529709817,0.1353487640740131
-0.6929957472040856,0.10974221006231182
-0.710370853398736,0.10777731482410484
-0.7650219478488354,0.08004586691284195
-0.7243352687695768,0.10100002785279875
-0.7170846331326142,0.12985529386490127
-0.6682062360600056,0.165980384861286
-0.7067427269134903,0.1474218064057897
-0.72255988258956,0.07545692676707319
-0.6838679398158689,0.1693463342056192
-0.758903197512753,0.04389228905938171
-0.6820388127653488,0.1165521483075578
-0.6725486552225812,0.12391780434423384
-0.6968602715429778,0.09651445571755883
-0.685124657376199,0.12060350411350558
-0.7213172238188299,0.06956252250922608
-0.6874845791960117,0.1137085083304666
-0.7035068647112801,0.1663791818497413
-0.7167009887365939,0.1458654551142845
-0.7068919738264333,0.13994955493862016
-0.718317632912329,0.13474637646781862
-0.7190643240340234,0.13616248619457264
-0.7034649040798437,0.0852155474784539
-0.6791467749227115,0.11949329727117318
-0.685470199431329,0.11432843992271553
-0.7034810201953693,0.14252344692427737
-0.7376076907478286,0.08991374489365604
-0.6646282819663607,0.1386126383615448
-0.7003748858592103,0.1438272173712761
-0.7460677289176839,0.09749053195971391
-0.7040286721801301,0.09238154873409811
-0.7029477939947708,0.14659952961398445
-0.7126091093984812,0.08420489620599506
-0.6857041828645845,0.11921408063761926
-0.716411252597392,0.1189600161426211
-0.7074091581038301,0.12555766593256154
-0.7299111786769552,0.09931908556417834
-0.7011645920523453,0.11124241370379746
-0.7370957438573295,0.0878988096043065
-0.7147675306862553,0.1170738073922937
-0.6783965822246374,0.12351675352006551
-0.7214189003319507,0.15364610943580453
-0.7140556759747605,0.08116408008732866
-0.7367646626073696,0.12178189576526724
-0.7061925052471908,0.09703419172798584
-0.7025375081454094,0.10646116792098068
-0.7139962607237538,0.10101156262523392
-0.714807359315901,0.13657374485294396
-0.6897076373772418,0.14669145931766955
-0.7231698652131383,0.08027643791962422
-0.695951013734955,0.09934943373124523
-0.7049504548818372,0.14473672802783052
-0.6923147801726514,0.1667620888097468
-0.7193327687940504,0.0922580351952064
-0.7194038038602811,0.08379612945676738
-0.7142294830165676,0.09685475594881084
-0.6899346856530099,0.12140778753881822
-0.7144003804678849,0.1184292155834803
-0.7126032421025262,0.12143447204966146
-0.6799445111176916,0.12726967652451623
-0.6762916515870576,0.17263668131782384
-0.7498095052101409,0.1171004722178093
-0.670523660178816,0.11725183132408097
-0.7094856301812283,0.1224579909901509
-0.7550920975189059,0.08962902092606816
-0.7018967732055396,0.13407434640510144
-0.7696245581168405,0.025348017203231935
-0.7068866944783673,0.09699206500745419
-0.6865393242837764,0.16605170396790117
-0.7140721765368986,0.11347658483387585
-0.7027247895086599,0.08806871512052111
-0.6930488577492268,0.13481712910628318
-0.6747617048236046,0.17420957950581237
-0.7273145071488416,0.08995347118287149
-0.7296774463666238,0.1118374441283073
-0.7442172972409287,0.13267641394352536
-0.7062713409976737,0.13565846857442748
-0.6819201295092711,0.13457781283514533
-0.7508459187214004,0.09908577354234195
-0.7130996017603043,0.10588103777992779
-0.6770587738054757,0.1414049517290529
-0.6473993360991547,0.14227184385274722
-0.71052187882649,0.10159811204165085
-0.7325459857429552,0.09727015824417104
-0.7339820842765697,0.11788845374599233
-0.7261375222802913,0.09139200689317452
-0.7059469146281515,0.08414489656909994
-0.7316991270154112,0.08648415938826856
-0.6922951065561797,0.108206875052026
-0.6986809373551405,0.1641370881893012
-0.7370822031499578,0.05908141547902418
-0.7000859434856648,0.117545475663132
-0.7061061676857082,0.06379237464663227
-0.7052960324675992,0.11431558650990106
-0.7075806462713946,0.125595356744323
-0.6904234975854747,0.14194961702535838
-0.7081280556139803,0.13267480706108498
-0.7438987193655207,0.08815436050931132
-0.7267540585058734,0.144740605666669
-0.6944244878985458,0.0987765111555433
-0.7033348884770572,0.11806173366009293
-0.7411552667282726,0.11502555963667493
-0.7293918726464079,0.10000974855081976
-0.6923865215300748,0.14611836691220217
-0.7365049148117957,0.045944834758227596
-0.7197411630697002,0.14142168731665414
-0.6778428929484517,0.09635396074271423
-0.6762835824716942,0.13547807518738736
-0.7344721812116449,0.12001722788144807
-0.7218342788863646,0.07141854528289142
-0.6903609943819711,0.10737104025478507
-0.7074482963787629,0.11468387398129008
-0.6765402409055752,0.09979687720600544
-0.7441012367236767,0.09410807315095802
-0.7037220317992141,0.1496483708817942
-0.7204402886547085,0.11685358709580541
-0.7133668984788747,0.13948907528648632
-0.7550040896636795,0.10581133774359261
-0.7014959907726956,0.11343609183271722
-0.7057683793862012,0.08233151988492189
-0.6839957256270096,0.11171997619953551
-0.7520836319020847,0.07938589013801046
-0.6938272047571243,0.15771009235288902
-0.7006197204880835,0.09691640234684899
-0.722105689007775,0.1127747105486505
-0.7290567985245979,0.08165521117354062
-0.679368304544411,0.1365928049127015
-0.6862278755957062,0.09261818631728747
-0.6659883768580781,0.11742633679009988
-0.6959995552050523,0.11745711261414227
-0.6691128855917364,0.12401577260446293
-0.7429194371454251,0.08026021527829161
-0.711672131608757,0.12756967287700838
-0.7608109911818436,0.03146612733720197
-0.7070249099688868,0.16059665971384102
-0.6589987662037097,0.16064001615628262
-0.7251615278598973,0.15210372796407065
-0.7592454642678137,0.08350516474701705
-0.7335399769596884,0.10648528581958103
-0.6907010811340178,0.1658552814534077
-0.6872202739882619,0.16589240358308877
-0.7053931037581173,0.13541886509606096
-0.7328691083166107,0.12062486889462445
-0.7390206217994043,0.09861737720980489
-0.7001866889387162,0.09155234006046878
-0.7421444383751281,0.1132294148429495
-0.7709828106784409,0.0858766385240689
-0.6896763192565188,0.1043092983607871
-0.728827416229851,0.07699364470006874
-0.6650805119815665,0.11980255272073848
-0.7578262649764341,0.06542666945848225
-0.6773200768498605,0.12079910036750842
-0.7386400554457854,0.11046581333541713
-0.688548418574542,0.10514133877247181
-0.7374648737615016,0.08398094985061344
-0.7275915605679683,0.0928303206013645
-0.7097072006162495,0.08484123540947067
-0.7184680403255868,0.09231822176960182
-0.7002020817636018,0.10217843792331571
-0.6701172656107414,0.10732526267563353
-0.7031612376394715,0.11113488067336101
-0.7119562983089849,0.08065901051457255
-0.7099430820367821,0.07865079519059145
-0.7336020077743329,0.11796363148651949
-0.7064261760172029,0.1368629502023996
-0.7431966056243118,0.09807965301259619
-0.6791544068827002,0.1400192016519837
-0.7197456169925867,0.10532957907890211
-0.7023819728906728,0.1382878825065531
-0.7275828243996246,0.07368192996800596
-0.7485009601505682,0.10195836701822238
-0.6628808565581114,0.11103681811826606
-0.71040819053397,0.14238089264432605
-0.7160607839984923,0.15471484658501863
-0.6943130618721753,0.1474199804701302
-0.6772781121567059,0.15286873911484367
-0.7134138355730641,0.1539517012877008
-0.7112919588775304,0.1361822493932744
-0.7452732642173143,0.0625816112453609
-0.6873205500063544,0.11476190931370682
-0.7009025578972694,0.1455271612552341
-0.7383295924512249,0.08958881711363327
-0.7261567318224725,0.0835829274627309
-0.7323922380156225,0.11689001987876879
-0.7301342237369951,0.07111283756245965
-0.739281656885511,0.05159165574128656
-0.6910807530389751,0.12318266677449413
-0.7262852675528748,0.07012676307256792
-0.7272360868606823,0.07974835273887733
-0.7271009016945814,0.1510560337417188
-0.7100262504707378,0.12282088908686913
-0.7173780528967026,0.11072467532794625
-0.7076415818527568,0.12944475756830295
-0.7380001087850375,0.10603242372896224
-0.7427461546248733,0.1162197238193666
-0.778776371477247,0.04763705809703241
-0.695454902945774,0.0852399149428565
-0.7023618594483366,0.13577418122050341
-0.7212277363457323,0.06221651410915552
-0.7027245604133001,0.1248281681609617
-0.6844185705011325,0.1384762541800255
-0.6874732883443634,0.11047205016214066
-0.6758909003891228,0.12818111518698933
-0.7200811566495764,0.09611369289565544
-0.7246081665828596,0.08869308855570569
-0.6829316132160607,0.10802583334977627
-0.6874698929083441,0.15116140794326907
-0.7218875924407515,0.13585343375271533
-0.6664211118846667,0.1548213655471255
-0.6891891194301439,0.11562860697706083
-0.6849803305113031,0.12931799130255384
-0.7275679201744608,0.14789316114786005
-0.7100059770977079,0.12805791395535102
-0.6702691318173684,0.10909394247050885
-0.6962799005920743,0.09842435725657522
-0.6781427337047987,0.16726955560000809
-0.713506200353137,0.08047785768344545
-0.7480176989910586,0.12173567679213093
-0.7164667449574986,0.1270276749651336
-0.7123330937173242,0.11454800946500879
-0.7361064892298019,0.11638883909488934
-0.7035082954185519,0.14870697802452731
-0.7111202146436875,0.06688022574565786
-0.6960383056260903,0.1188177901823966
-0.6989029283339837,0.12566975865797078
-0.6812598404057845,0.14380014593608484
-0.7141467642303926,0.13837019944526643
-0.6917985659280971,0.0847251212509774
-0.7249886663336809,0.0701092017763107
-0.7625566184246502,0.06422271414696533
-0.6847674537255056,0.1651024929344438
-0.7286392364514657,0.12662197224284755
-0.713386172310806,0.07581441165233463
-0.6986702233095153,0.11870624033163318
-0.7134502840375366,0.10740446152548662
-0.7129608779575234,0.13980306388520233
-0.6698911286953132,0.15204793810946918
-0.6802372678165353,0.17761348177759936
-0.7003708396960457,0.12919751586425754
-0.7293250910353258,0.12363989375132997
-0.6849952901795452,0.16558961941818123
-0.6617157040729806,0.13969395526411935
-0.7391206058799696,0.07484782107072732
-0.7260478021854315,0.10781265844968542
-0.6835820314103207,0.13644519069962283
-0.7172681925443835,0.10525475803538309
-0.7317970041492651,0.12015594773351466
-0.7341831955188357,0.07866169511681921
-0.6875024264126919,0.1498452003370789
-0.7343767808797509,0.08111387553466276
-0.714883394182352,0.15145130981766378
-0.7227585446580671,0.0663142302603778
-0.7320419443659243,0.08962593202384037
-0.7254926245716105,0.1430402133366727
-0.6778068214312025,0.12167169690873174
-0.6982941260088521,0.09022428739098465
-0.6870114570474226,0.16972193521582263
-0.719133546160033,0.10138345043585026
-0.729896304354385,0.12569298032394072
-0.7166898277421532,0.1335536911645505
-0.73028694511958,0.1015707484156966
-0.6948665060353548,0.0732528201757882
-0.7049903171513996,0.12772647670198473
-0.7435857423165909,0.07706306847085827
-0.7171022626923106,0.12221877205677653
-0.7096631507540856,0.1405534627842958
-0.6893980863337386,0.09184581470199792
-0.720906399228293,0.12248471811616583
-0.7140860671479612,0.14172561140466566
-0.6727482566360233,0.12634263084254657
-0.6952653529483511,0.10459650127479897
-0.7023612882507606,0.12230408670489461
-0.7442632343360261,0.12110556808798596
-0.6987027023965219,0.07361711628123895
-0.754002173068583,0.07902554329015957
-0.7253496406811297,0.0715186687685418
-0.7449824386968098,0.040428548893124805
-0.7344830458872097,0.10666537621937906
-0.7477080413431388,0.09028560755450943
-0.7085192935520745,0.06885739693397232
-0.7409454419607638,0.04588195099001392
-0.7069245760732531,0.1555264223977512
-0.6796165134505218,0.1303079471564649
-0.6547178270402949,0.1441543262745239
-0.7108406556244315,0.11713257187256097
-0.6836535718581186,0.09740197560108675
-0.7078039627799895,0.138094843443065
-0.663787068161738,0.12115321555301226
-0.6641983514604161,0.12982093634250091
-0.7245671266781132,0.1385282448655729
-0.7380875242091137,0.13644423372142891
-0.7334608314654887,0.123006241909544
-0.7120632469331196,0.07944202866328028
-0.7044478968333692,0.1585612484090941
-0.7211542125825469,0.13134422806777096
-0.7211485218993506,0.11984841414375536
-0.6920855766102156,0.16697248175891352
-0.7195698789869588,0.05763129050359489
-0.6930377896994562,0.17599222661305425
-0.6819917136207636,0.13918439671572672
-0.6947358210484768,0.1143352528281441
-0.7162461505035169,0.09998842724165137
-0.7109114247273136,0.07928561983919467
-0.6895110824204738,0.14806869511528256
-0.7349014846616521,0.08403625912700767
-0.6829118714209318,0.1572108179690855
-0.74417038067725,0.09604009732044436
-0.7102588028028902,0.09384967721750426
-0.7502581985047343,0.09436062311104573
-0.7307172965250042,0.09558386997186757
-0.6647255503313041,0.14851758366085271
-0.6730245118636801,0.1276344789664662
-0.6746892610670192,0.12917531172863683
-0.7265690076855699,0.09618582428267848
-0.7382160432295383,0.10208756421993997
-0.7002364421983697,0.10922987027091526
-0.6879447325169596,0.12550405444232102
-0.6996195450338387,0.14936940691995423
-0.7532429573555096,0.053534541660673986
-0.6997029038955929,0.1360319764748712
-0.6845267181902386,0.09269197595692368
-0.7203629183916338,0.130883757519002
-0.7110812463726015,0.1276992128116738
-0.7099389097214107,0.16404518856963235
-0.7221242605063561,0.06312756701391463
-0.6851828569312752,0.13927597977579279
-0.6700446312760135,0.15998239233738215
-0.6897928250530374,0.14531038382935052
-0.73591330947466,0.11823970989211553
-0.6898323632390646,0.1431751894793313
-0.6749229150023349,0.13543840336814236
-0.7108827806301293,0.09793844704457971
-0.6807394050447267,0.15696863445480613
-0.7026207048330936,0.07731690667466823
-0.6945683788431353,0.13013227560178106
-0.7348386920523541,0.1119728340149143
-0.6794731210357405,0.12850846979156202
-0.7213721053790368,0.13570877279208626
-0.7113570870304328,0.1286684738477518
-0.7047055439883894,0.10310922187721991
-0.7108391395014547,0.06654003096343403
-0.6999459105984326,0.10325652192852929
-0.7169097528587945,0.10692944489752242
-0.7002753289553445,0.12985266753752153
-0.7266047877342658,0.13449648335616465
-0.7303636412662463,0.04105152394690904
-0.7011592202739061,0.12697073865837186
-0.7213992605806528,0.09351049418363108
-0.7345153219438115,0.09384739627524397
-0.6948963658209117,0.1489754691670743
-0.7104533654715925,0.13639770823375136
-0.7151968352887043,0.09572783035248038
-0.7068046418394865,0.1528809759287046
-0.7042344056513877,0.10626426443042469
-0.7153486549253257,0.05844803787446065
-0.7496335920950178,0.04481087767279252
-0.7364124105127153,0.11993385269694261
-0.7126475010152609,0.057219815292562676
-0.7406288678261368,0.11938382852009667
-0.739667299058943,0.1224365395011867
-0.7147212257674262,0.05780619272919234
-0.684726912479657,0.14910985212290026
-0.7208368789024381,0.1583964154809662
-0.7336248303739469,0.11780012307241766
-0.68577876296434,0.11512683167312182
-0.7513285025494085,0.0592631334038545
-0.6806699991035203,0.12376415597008761
-0.704218849228148,0.09175628409503588
-0.6977426100768999,0.1717094033960091
-0.6942167261594928,0.13726125889645208
-0.7238858929174199,0.14620277592347353
-0.7085560534079061,0.10045575513615186
-0.722088810631512,0.11087666005147646
-0.7455866039112832,0.050145337161442934
-0.665105428504954,0.14556399829445651
-0.7003924145407113,0.13257159707822916
-0.6690614478969895,0.15458974233698727
-0.7040110707207966,0.13931721976039912
-0.6849018088868568,0.14406596584003314
-0.7146154620578746,0.13109603297464034
-0.7423469200614503,0.11981273657765194
-0.7439636054145665,0.041943455413301675
-0.6937103409160913,0.0930685253728303
-0.7198493190623781,0.06929036475570434
-0.7174065696412691,0.12687151259545132
-0.6620145713731852,0.13146308893672476
-0.7201950843906109,0.1416064265014982
-0.7679224773350903,0.04361199350068498
-0.7227327848152955,0.1353419889710626
-0.6874882904208607,0.13760255435731236
-0.693344775244441,0.11110852500632439
-0.6877049737419084,0.10829293202925376
-0.7259854922982355,0.13445934024523204
-0.7048195987516813,0.16026777131701506
-0.6842685032533851,0.12842945090334132
-0.7187207097169669,0.10871191513767145
-0.7277848598614836,0.13097651653755837
-0.7306951248500384,0.10458840087160907
-0.671595650679513,0.12477579053144329
-0.6622708788860221,0.15500663378171414
-0.6741658258366748,0.12770495722057632
-0.6848031962629009,0.14975618938842522
-0.7215015262698524,0.07984558151596582
-0.6892598908961441,0.11896106543954711
-0.6914829787577015,0.12663221884801837
-0.6768143396114311,0.10431045135390696
-0.6981052638979918,0.11384633699026758
-0.6966860500135771,0.14569697322990685
-0.6601559666407328,0.15805327388376084
-0.7237895656190564,0.07388636504184198
-0.7630064247450591,0.08812287759772898
-0.7199583718326004,0.11988747455567873
-0.6824379817424,0.13712509135747888
-0.7035019239712265,0.13697405993604575
-0.6638367420469006,0.16136209031469706
-0.7238729884856605,0.12388624220983774
-0.6872705867205352,0.10547337308336927
-0.6844763824471249,0.09325421419416023
-0.7029413794681411,0.1657007847530902
-0.7245406701085756,0.11599624455338965
-0.7033865830896339,0.1134231177213273
-0.7007705346218069,0.13930405275230723
-0.7004069773887552,0.11440140987817671
-0.6990718202435581,0.13447168428198808
-0.7185461828869587,0.11916644235201367
-0.7393621374029902,0.12453059473632794
-0.6707771705894691,0.12431173330084781
-0.6784000866041845,0.12028073681493442
-0.687859968496057,0.10189772621385097
-0.6980315059834178,0.13632762919750968
-0.7198177402436914,0.09800983948894995
-0.7012933498034892,0.17055536804427954
-0.7080756478600635,0.10859849138422417
-0.6911819639388124,0.14174731212580377
-0.7051182303422594,0.09249877562300983
-0.7158102779368734,0.09645021891412077
-0.7321802796362823,0.1221736484301005
-0.7439815231006401,0.09549375443477875
-0.7249601201003074,0.11835632892971396
-0.7483073600687306,0.10252331261627556
-0.7275925064845894,0.13886390807260054
-0.7020036739050103,0.09208772911947753
-0.7262233765255637,0.10925554978618998
-0.7162685622343159,0.13957195089782973
-0.703910351719074,0.12586281219304452
-0.6982663984510552,0.08734826495786882
-0.6894737536433058,0.14038182380971337
-0.6705076127824205,0.1434216723782243
-0.6944772252692559,0.10963641405938092
-0.6647846650919881,0.11401964457692094
-0.7398178639987048,0.1161200685950398
-0.6827476412484745,0.16664772293949845
-0.6959329297358962,0.13532581861721987
-0.7365372738980615,0.09083626101129033
-0.7092080598627856,0.10231966994778505
-0.7395218575199294,0.06793709068429676
-0.6868406588474267,0.1595684989018093
-0.739339695252055,0.07253078074332704
-0.6734675184185441,0.15034737164587747
-0.6717440417693528,0.12720009194302018
-0.6692518627170373,0.16538082175439717
-0.7025621764266817,0.1482503435897877
-0.6885385613611605,0.1289386565025071
-0.6888418817749353,0.13161727254097214
-0.7211347000369329,0.0799648907039829
-0.6645166559715673,0.12160197716683639
-0.7160386659877781,0.1349487839128178
-0.7622528902122547,0.07787029080656369
-0.6885291912086624,0.167068897403566
-0.6996179550588904,0.11420044694927932
-0.728942591301298,0.05054083473957819
-0.7219147139072289,0.134744666311524
-0.7108043509522136,0.06579195462252799
-0.6876256255700819,0.12029665551017733
-0.7060180639213534,0.07785081997876575
-0.6954072237807886,0.15343852094052057
-0.7447392423951136,0.10741169482817033
-0.7364236039934637,0.08516588011751462
-0.7432942239623609,0.0833086907419897
-0.6971890537543347,0.10571859969363084
-0.7358473176840604,0.0517157468172241
-0.6683099439699881,0.1674016588872748
-0.6775807920884932,0.12934282650731319
-0.7163005115231857,0.1317391528287856
-0.7159235445637704,0.14461544939323748
-0.7368373132765985,0.14338319685374945
-0.7281605146018334,0.0943117130907483
-0.7090415675972692,0.11534904390006653
-0.6982353215086906,0.10511564640219777
-0.7343367150064204,0.10909976963217656
-0.6912623119511351,0.1200785522010248
-0.7165010068727794,0.09273157028263847
-0.7330589767654923,0.09182751933167993
-0.6892878237989485,0.14053597564103906
-0.6852894189625004,0.15585723233018503
-0.7101472129537467,0.11135040012877774
-0.6879590031597987,0.09671874139549791
-0.670339904800074,0.1702638287261083
-0.6787548074860033,0.13571432793429614
-0.6820363134713462,0.15490003700919328
-0.7341218309328642,0.1377766388400635
-0.7014246757518214,0.116446759419874
-0.7482634113919368,0.04537307939601227
-0.7104805643601694,0.13773391608892674
-0.7113897095300947,0.11173928561473352
-0.7018653721541493,0.09746935295348173
-0.6921273782030906,0.09181378856644869
-0.7247189264885017,0.13625331065918914
-0.6813043375333183,0.12245687662973444
-0.6952285990871832,0.11777475051212373
-0.6936333031509845,0.11588770667941917
-0.6843603679734263,0.09594879815434738
-0.7291097116523256,0.07583226524064772
-0.7320171054981915,0.07015653936033489
-0.6770030174424736,0.1370471857257001
-0.7362940020501123,0.09402140505867863
-0.6845725845830141,0.13140414290212019
-0.6959410814847816,0.09672139892134997
-0.6932732006668333,0.14087551573974563
-0.728968529343385,0.09664127377219912
-0.7491048417750626,0.08378310382566105
-0.7120272451951036,0.12902390633964364
-0.7195514047091827,0.06115147676307904
-0.6762495837174923,0.15627364213939834
-0.7311403946305671,0.10160786141294775
-0.7173799179680898,0.09407485976573882
-0.6916960748148079,0.0934866993065138
-0.6825999296306293,0.1658602174761059
-0.6761031284215333,0.133779949418364
-0.7228464780019541,0.1028039933166918
-0.6964715045081945,0.1101217048050564
-0.7261636906062188,0.07218808616379063
-0.692247768387688,0.11404165363746528
-0.6806143896107858,0.09303427501552124
-0.6842883255727156,0.1510272561635321
-0.672553845931087,0.17222889319191884
-0.6739962355020033,0.1470736752904304
-0.7155794610898313,0.10014276673771036
-0.710252443938305,0.13841483449921216
-0.721005809625742,0.13199967925873796
-0.6921509603014947,0.14023333963650048
-0.7352838009519168,0.08459681489369535
-0.6878736797486126,0.14446218626009724
-0.7075408821766069,0.12356937726529924
-0.7545448058265385,0.08923851171822392
-0.7153731790528949,0.10580337465550367
-0.7481514513348171,0.08771735068350309
-0.7305176701871949,0.11172070359473876
-0.7305125670346743,0.12460894994938058
-0.6685922589871602,0.14071562802786253
-0.7475041108047059,0.1125163378232676
-0.7430712065090672,0.05792698159569647
-0.7119807754732737,0.14311048795816783
-0.726166702465417,0.08946978202486472
-0.6868244475632739,0.10481991829935207
-0.7084900457103931,0.07449900512455582
-0.6674382130982508,0.13817017384634506
-0.757492454192289,0.08557409699791074
-0.7066935522647272,0.15225489260838354
-0.7190057302965995,0.12502042909017155
-0.7154096813258531,0.15505838530077878
-0.7063580144067786,0.11479710120867229
-0.7310954826184698,0.11397061033764992
-0.7032585441120405,0.14779719904378727
-0.7517608270359901,0.05973483774614143
-0.7084636174737561,0.10765144052126648
-0.7093478202499485,0.14017468503774727
-0.7078368464978103,0.13731883195680514
-0.6904364570604439,0.09527244033446965
-0.6699867596237696,0.13386503290992927
-0.7304065493930578,0.08298632375807749
-0.7270247888832901,0.08474550407429783
-0.7261428704939847,0.07950711922976716
-0.7727733882711749,0.040992790747388985
-0.7247206696196363,0.12250602215067316
-0.7144680391610231,0.07536168424505363
-0.6978026466044022,0.09434958642186399
-0.7008528636049944,0.0919725155642796
-0.7105180504371739,0.13445246068279781
-0.7200531060544988,0.10448290255549333
-0.7092664035090425,0.14396043192908736
-0.7172317027018783,0.10349268082317777
-0.6958383026150509,0.14189480292348483
-0.6813537858045213,0.13218014187582075
-0.6911621676980322,0.10828606364690121
-0.7265836163203659,0.11690259902031562
-0.7092454544470864,0.1120681367434639
-0.7044710218478697,0.1347193327376501
-0.6960403607317216,0.13737500028136188
-0.6610049958603993,0.15645929469646577
-0.6901943162810127,0.1477446877730488
-0.7054166709105987,0.11630300231141909
-0.667775805476708,0.11627576856270971
-0.691556479775836,0.14081441192750166
-0.7326645354205169,0.0900100982952583
-0.69661125175178,0.1079730290080619
-0.7114934334298006,0.13212633786250458
-0.7003450360129772,0.12496293845240462
-0.6983356293386097,0.09919066184297909
-0.6602119214143654,0.15087517535215453
-0.6732261910863783,0.14966074638062282
-0.6640794312374799,0.13719562222138368
-0.7230160238304575,0.12218442282238336
-0.722902345286308,0.1216369638156169
-0.6942756407227038,0.1033047350106525
-0.6958552643833251,0.116730587576787
-0.7069640867106481,0.11993206345754091
-0.7125205418561218,0.07234252870568716
-0.6948911944637498,0.09997734686979659
-0.6817769065725193,0.0936683247974861
-0.7176378387430867,0.11395839283376366
-0.6890157965054349,0.1213493825160986
-0.7080178919036794,0.11747763110561323
-0.6769213638515044,0.11002009761468311
-0.7375338805548882,0.07024714026437885
-0.7187235661288193,0.05472425321418764
-0.704924616919978,0.1485014038330821
-0.7280969653446219,0.09973103400516475
-0.7543310870761725,0.07778160196050689
-0.6689949130757983,0.1484731477989718
-0.6873996664596347,0.1375982633776213
-0.7288550496865166,0.07380458744354171
-0.7165432059274722,0.12405790166854129
-0.7009646045571905,0.09892144315737275
-0.6908014263576576,0.15496775773554616
-0.693968618800139,0.1330637363206741
-0.7352416748924785,0.09517669164275874
-0.6906906102232022,0.13237167339229797
-0.6989921644596018,0.10434655927606562
-0.6996393128975464,0.09478149930549004
-0.6839817444672106,0.0893811185514735
-0.699036894659586,0.11745962824829125
-0.7106757899982442,0.10756252872894609
-0.6799074947725517,0.1528978899839091
-0.7128678656344947,0.08187402746286664
-0.6889726014925764,0.15132275499649722
-0.7292500737051272,0.12478782273413128
-0.7227296437503885,0.07066066565181711
-0.7241063377431396,0.08718733366122841
-0.6849154081559254,0.10140058548587044
-0.7035182974180392,0.11209934687859976
-0.7117109248700586,0.10715805814375887
-0.6958111337710717,0.10690408546746195
-0.6881361445198796,0.13726374615623593
-0.7073979544567405,0.1466526283217185
-0.6895207975873904,0.10418502405973612
-0.7335871424311765,0.1125015103639549
-0.7176952550727866,0.11836918698545454
-0.7377362783251331,0.1182236533915651
-0.7232992745293003,0.1447008866839955
-0.7057459278343577,0.13652626155457206
-0.7203328801790041,0.10787795731324622
-0.7098815888761908,0.1515729856455877
-0.6989707775341886,0.123083464655843
-0.6897219831975476,0.14794831729028698
-0.7099048708167238,0.10828079804266506
-0.7370647993272654,0.13115410658831778
-0.7063348041529701,0.15016389340995936
-0.7289850070667817,0.1209575071447502
-0.7025890417519586,0.14965888058722304
-0.6915554047038116,0.1384254870675768
-0.698022472008256,0.11668541749125762
-0.6802453844542692,0.13818378445565246
-0.7214784954805812,0.12255311939185927
-0.6953922874534417,0.1359113710329704
-0.7194340530496965,0.1327686454444517
-0.7193371934291143,0.1290175420375267
-0.666204272626638,0.11786327127419055
-0.697222544528872,0.14269283719251022
-0.6653836315990754,0.12442351338412672
-0.6990580599575126,0.13458979338125962
-0.7182722733623431,0.09340662699079043
-0.7157205719107536,0.12306630817325699
-0.6947441684430555,0.1415614506579169
-0.7511581393703225,0.08114496695451408
-0.6805423139299093,0.10206826139491774
-0.6926181458352484,0.11419930635411342
-0.7282418243174541,0.11150548724908463
-0.701344561845226,0.12265992976603285
-0.6826557590098877,0.12406820226998412
-0.6833738282201639,0.131097347081717
-0.7153158456492789,0.12488754718587047
-0.7082491195183288,0.11347652591223686
-0.6933453792695384,0.1253942853748078
-0.7024831682175112,0.10072206821189615
-0.6891134251344138,0.15529495741974594
-0.6884411352533716,0.11920436270920175
-0.7052305827672043,0.10783596077001532
-0.7368734221564289,0.1159296310809139
-0.7290325176722681,0.1133960588974721
-0.7288785953576657,0.11555557067539549
-0.7062685977826687,0.11745711144961161
-0.767381741255656,0.047889937845294966
-0.6818787849489912,0.1326680163103684
-0.6633870469844674,0.15623103625334953
-0.6706611102300195,0.1563287611312416
-0.7101191283689318,0.0854177144757649
-0.7143108454287063,0.10662476752482254
-0.6654120357377803,0.16222274368442788
-0.7346957676865267,0.08760170605424186
-0.7190563169492715,0.11052059875345795
-0.7049926492689566,0.1365709626832309
-0.6805999895469994,0.138671372660973
-0.7022529966449172,0.1336852431714791
-0.661889522165799,0.13255035783755892
-0.7359975387891334,0.0985861851934382
-0.6954104545667722,0.10074177707589038
-0.7307343325262898,0.0958502905496343
-0.7194815804074003,0.10356043790608659
-0.7046228219857689,0.1373707008803206
-0.7022633864830621,0.15046214977135788
-0.6783506844398579,0.13865465487047174
-0.7051405586444072,0.13993921707241028
-0.7034724728088207,0.1661432310093551
-0.7123575761883587,0.10759280732492976
-0.7385602455987686,0.06055005122635649
-0.6951398764994069,0.09144226072307803
-0.7130847067209366,0.06454391520267612
-0.7276566937853541,0.06286547601930095
-0.7019702667683028,0.13095849988067576
-0.7191354979168247,0.11013677651904799
-0.6681782201087885,0.11103478552266141
-0.6867031615075007,0.1357976232192154
-0.7111670940879707,0.1359883166988219
-0.6832481750130796,0.15961976015693063
-0.7033970097597941,0.126338221218479
-0.6928471322530407,0.09850332863936145
-0.6969469405504517,0.13899092992353362
-0.7140278427693323,0.14899043970201828
-0.6921443097373003,0.11193066443726549
-0.7277357637565244,0.07559769435694594
-0.6654515160118315,0.13714372432554886
-0.7344924017159928,0.11575275040957902
-0.6916909063817525,0.1499694726729262
-0.6855459934083928,0.14248944218145368
-0.7197412271056786,0.12138882354119253
-0.6964313346381573,0.10797726461527153
-0.7350038803333032,0.11039852742189918
-0.7314759050669672,0.0890193423347533
-0.7512625645415824,0.08604073448624769
-0.7138707384468796,0.10390683454053709
-0.6922179376975195,0.1394492212576306
-0.6545281937393348,0.13965590218559365
-0.7126234918561875,0.12293428334946555
-0.6976106827321519,0.12396295996171801
-0.7391894912307759,0.07931981003267821
-0.7251343737189395,0.09374427786718421
-0.6872660056076635,0.14883375625309275
-0.6789077677719612,0.11338314083062397
-0.7283756204013859,0.11328593194685202
-0.6992395662579544,0.13901370200304855
-0.7062180522788468,0.13864779881359257
-0.7329561174094756,0.11956946742739835
-0.7335493953497323,0.045077158943513565
-0.7012527959915945,0.1251926132623853
-0.7213360266950772,0.09230973290290244
-0.7234715982223373,0.08409853746005555
-0.6980374268627324,0.10078357541484483
-0.6839703717145522,0.09185386090380106
-0.7375237329543092,0.09889970492620483
-0.6900233744651918,0.12911852327693982
-0.7249244803839666,0.13563598300874338
-0.6973003217938682,0.09739372037307722
-0.7051728382193615,0.08252444035012647
-0.731688294681036,0.1380757862419281
-0.7150725708123532,0.06393308663772726
-0.7316752813710055,0.09487770850937498
-0.7250798521036201,0.14487014646380278
-0.6901152500284798,0.09532861007877504
-0.7233247807907609,0.14706582671718868
-0.7331974106368404,0.10111846630068257
-0.6705196048422786,0.1463987924262969
-0.7378521371653682,0.11192890189050023
-0.6761427208212883,0.09838699252633233
-0.7118001501309398,0.1162090869951504
-0.6773170290147171,0.14725345030492426
-0.6875261661669485,0.11677493464779418
-0.7527006028696202,0.07660214376798065
-0.7095721974919315,0.10757910702448012
-0.686846197578591,0.1218835372435798
-0.6863516880790389,0.14513897748136886
-0.7362105386935811,0.12515231084949047
-0.7276125280506962,0.12296423570105128
-0.6878969038483042,0.10448038542356594
-0.757884034800385,0.06046778095791827
-0.7199443930509869,0.10118517824758226
-0.7039699450223724,0.14077612289216626
-0.720178539129571,0.08809185308576765
-0.6967899355889547,0.12849345976664023
-0.6963774659995823,0.13845747589347868
-0.7296596607734862,0.13089411520323024
-0.6837596563106715,0.1346285959507816
-0.7209259949914452,0.08617792526083094
-0.6964597881649455,0.09988823177399953
-0.7601964723661451,0.06643565493520245
-0.7185380034106651,0.1284128062244305
-0.7325405819103635,0.13712269012522724
-0.6883973064444052,0.1301670838737527
-0.688781290673526,0.1491115407264238
-0.7109650830446184,0.11111228535093497
-0.7132498924865732,0.12421419219042332
-0.7291681496947029,0.08358290182156705
-0.6863512867537762,0.14227148000837891
-0.7323328546577517,0.06965508245156528
-0.7152026336356879,0.15075810758214592
-0.7166145728990464,0.10656410308631332
-0.6871173715914414,0.09982929705613618
-0.7193221394216424,0.10411226172539795
-0.747540552437118,0.05486641446897249
-0.7518178182551772,0.08053038702296311
-0.7124114606874044,0.0872678452196154
-0.6997053798825623,0.15182541716527997
-0.6672984866428726,0.12886061339797938
-0.7014063413181638,0.06771982460478704
-0.7333795166278722,0.1280181531906721
-0.6988920863522596,0.1217313397929964
-0.6932826628089642,0.14805423555022196
-0.6864295361678141,0.10511955420645507
-0.7003301072704194,0.13731125055849236
-0.6881014699908515,0.14186216854011643
-0.6954394710811375,0.11784519867949496
-0.7197457009762144,0.09372281788316326
-0.6728109247222521,0.13338448249476428
-0.7398269732087925,0.10338925409257275
-0.7117861994714342,0.11306875491925587
-0.7389686008611335,0.052785822368300865
-0.7256118869699458,0.12389914665311223
-0.6969973585846542,0.10471307656233585
-0.7269775306326728,0.0806078947741996
-0.7185100415273893,0.08407680565809839
-0.689098106953195,0.11888771619984592
-0.7126041345868398,0.0668638476215188
-0.7006906104526127,0.1431159497958278
-0.6702663456110854,0.1381121198578667
-0.7070373499391912,0.11191442896018455
-0.7030940427009669,0.08412446353958752
-0.7134437895699197,0.1430515716349305
-0.7069174446744625,0.09221467383583798
-0.741174649678554,0.113379930895449
-0.67753735415555,0.12622849400405184
-0.7068965408154109,0.13464088060605917
-0.7082685409457947,0.09542983741482867
-0.743026641776531,0.09248740565562916
-0.6921992250039901,0.08761584582074473
-0.6920783670867122,0.11550729275064985
-0.6897716088980249,0.12855600510388876
-0.7406307769453903,0.07931379224530886
-0.702211387207541,0.13554680177509124
-0.7027395744820759,0.1345863223606213
-0.7097497545050017,0.06918607636013033
-0.7255511956989722,0.13107862286162625
-0.6969780514949617,0.16322851391455365
-0.729951397159437,0.0921207917561729
-0.6697074556981758,0.12848510791974227
-0.6986237203232394,0.09868890980238712
-0.7217578646635023,0.1412802671657481
-0.7072572452401796,0.10226309665901834
-0.6929089316703871,0.14268702220906343
-0.7480250836548208,0.07710368958790097
-0.713020728378831,0.1142637588203394
-0.73512567900099,0.06518329787607179
-0.6809804108023403,0.1372726992836755
-0.6665464287419901,0.1601487094527408
-0.6837429999687125,0.11170257601265192
-0.7018420154658556,0.10729258390927593
-0.7224537630024533,0.0928701732756094
-0.7352523696994435,0.1251936364440038
-0.6973484559702108,0.12602949074478084
-0.7002639147334321,0.08890353880467358
-0.7276204012958611,0.10356584214085748
-0.6850820183404931,0.1518856820598812
-0.71121591875057,0.09614489907612536
-0.6772104809078586,0.16684390405949212
-0.6842241893391231,0.10876639206351839
-0.7376089049078408,0.12716377052018596
-0.7068220157212961,0.11783517944467271
-0.7144604911874644,0.1110449269860836
-0.7181876485506085,0.10052606264537244
-0.7058922281239033,0.1109317669177428
-0.6769024368152724,0.14515806042314172
-0.7002145117663598,0.10318391545181498
-0.7295566726103465,0.09297087430062735
-0.7521800602970449,0.09824375774440912
-0.7004957674536705,0.1601301146671067
-0.7447644217528155,0.06624824196644737
-0.6935488814826202,0.14088008134061147
-0.6818183334907872,0.10974251310846402
-0.6615510353444611,0.14850602494611553
-0.7519187800526957,0.07023587251019077
-0.6941465501752606,0.11114508048764585
-0.6919385678378843,0.13827080190311827
-0.7125119727697521,0.14803629919431677
-0.6760400235748281,0.13097411853305754
-0.6928154679360168,0.10310652036788245
-0.6659107102794763,0.14843049898880425
-0.709488810757298,0.119920331311838
-0.6775259040981059,0.10572864334612371
-0.6995528803788712,0.15213765024911372
-0.7083851388898836,0.10501760420794895
-0.6972702699394505,0.14541177904594754
-0.6857180034079637,0.10870564486762775
-0.6996217555336117,0.12063936519363963
-0.6914433131986114,0.11615929543579448
-0.6733971712577446,0.11942429694231929
-0.7069000498703192,0.11551630522570992
-0.7072935807188107,0.14562619944896346
-0.7149231999505178,0.13965359364580232
-0.7184476958703185,0.11190028665890243
-0.7067250749889382,0.15473554523268562
-0.7160349103810717,0.14383334945245663
-0.7500125510771835,0.10775635989752659
-0.6795389345365762,0.1303239767465113
-0.6647645616996211,0.15010540149974405
-0.698320715012699,0.15902257914120246
-0.6849641103723295,0.15471050155771945
-0.6964024433120555,0.15252959401526361
-0.6833425271658116,0.1438111577492693
-0.7226315211031684,0.08158853067382879
-0.725964753515308,0.09402332096985486
-0.6906402143653244,0.11995476133119642
-0.7163989173857904,0.12983235893367123
-0.6840673693025855,0.14447688335751538
-0.6720952495807613,0.13096453311450565
-0.7308631131570652,0.08896592458323259
-0.6938270201158725,0.155644188855421
-0.6906365958253746,0.1275862850561568
-0.6952413629326774,0.09240440041154376
-0.7579157478437859,0.05881710213444595
-0.6888707847135787,0.12487046758596365
-0.7504251980383756,0.11206519689960955
-0.6772230989671618,0.14886941959741112
-0.714393445142524,0.13597441434941596
-0.7353966535393827,0.0911967214040416
-0.7028888878579145,0.12142053278852585
-0.7254801123954656,0.11169866290502657
-0.7536162518836901,0.08746625096165773
-0.7098767519500868,0.13237509927629038
-0.7154799619067914,0.11300144389154738
-0.7149656210322556,0.11029429690437961
-0.685347195433144,0.14896357804150898
-0.6736698191558157,0.11761811115025156
-0.663485108137123,0.1424395038996212
-0.6883802082239577,0.14775431773845546
-0.7063464593714867,0.14767863727446964
-0.7290900553487598,0.060523718081099055
-0.6860124970120116,0.11167755107170559
-0.7264522223373726,0.12945346278340464
-0.7093095587842049,0.12161277562206552
-0.6885284280606507,0.1215962418610437
-0.686415540041912,0.15496013886460178
-0.6738374668296159,0.11287449700160014
-0.6922905336726393,0.13986886806647192
-0.7189177816187428,0.10764460616568654
-0.7164146484633731,0.08538635039480191
-0.693236788097477,0.11908346134400732
-0.6952757891984856,0.09920227813766529
-0.6952461517160305,0.12897848695155292
-0.6830667005509483,0.16519149895107027
-0.6892339373156007,0.12066768854135271
-0.6797565881563848,0.11363330855537272
-0.681776888336614,0.1161019950227525
-0.6907144600414324,0.12427597161843397
-0.7128584757032257,0.11457191815355962
-0.6818837775672774,0.15339206658282073
-0.7339669354136901,0.10141609889616288
-0.7083820157732066,0.1379529715738281
-0.6787610868441865,0.10572547377612371
-0.72626254403706,0.11466476511704467
-0.6701116310379766,0.1673589900929353
-0.7036621603950254,0.09941534833285169
-0.7068268946180183,0.11504507488583084
-0.7018462093156361,0.1369605892146086
-0.7179238461435741,0.10996741322826153
-0.6671466732796941,0.14585301674851076
-0.6990180099728457,0.13532977137582416
-0.6918521439248317,0.12372399312806483
-0.7044811452636237,0.10579761178878598
-0.6905641215591888,0.10796843526495578
-0.6688976550831026,0.13960876423027105
-0.7082233722479976,0.1066535841113612
-0.7104574172785253,0.13491391922394502
-0.6950335004800567,0.13040517400016297
-0.6850081605579228,0.1519914828993837
-0.7048792081911343,0.11967236559477291
-0.7050829241086259,0.08396008669592019
-0.6811744728408784,0.1057289022916119
-0.6959611805620897,0.11851424331462204
-0.7081368087709141,0.09975128018837782
-0.7057715949529706,0.09219495971861225
-0.6918733097360923,0.12112567167149939
-0.7042205208712192,0.13471381318600997
-0.744036396566146,0.07972743296186045
-0.7108077658359528,0.12465916305739573
-0.7033079842130378,0.14798830945625835
-0.7013592833985459,0.1620629900557318
-0.7027525604997397,0.10684517849352201
-0.6980501429373663,0.13578652625541313
-0.6940948265753573,0.14103680004755326
-0.6832835713511919,0.12472149879086583
-0.6920667437230923,0.12818951612414536
-0.684830188274636,0.16101122023884354
-0.6842435156204848,0.13746109802735887
-0.7217421981519013,0.13899433799006422
-0.7157555896368718,0.07802875091174684
-0.688830387523193,0.10944451648868861
-0.6836078167048169,0.1450377878658808
-0.7339067589689647,0.122577059753403
-0.6987705313195111,0.1177899489287542
-0.6927762525270061,0.10552060925487881
-0.6813260749158112,0.14231936282609767
-0.7165070544214904,0.10477566145293656
-0.7159639804897865,0.12047509540647387
-0.6917878968360192,0.14575433470735807
-0.7026601939534042,0.1312344217007744
-0.6861257130175797,0.16100072925116965
-0.7075616065417171,0.13662020466181676
-0.7200715352478433,0.12753394308382507
-0.6765258886139334,0.11135680410972702
-0.7016042682608822,0.11300115713122395
-0.708656509336256,0.11714086978635575
-0.7067199169629839,0.09126206429140785
-0.7211368971449713,0.0747213035402467
-0.7073038433737912,0.10713859251663911
-0.7104260398878471,0.12135891225040674
-0.734176647242339,0.11812470678920628
-0.6719334254734393,0.11555763966500106
-0.7429084156735495,0.057432420862408795
-0.7093649976193018,0.08904647875591591
-0.6654523252628431,0.15270027904102662
-0.7323908402541963,0.12035318242852214
-0.7342638092296014,0.06126508746302774
-0.6897395702931597,0.11675610817697157
-0.673660811166864,0.10890705497203047
-0.6964990959082804,0.12178838982684059
-0.6785454521477412,0.14019900279214553
-0.7256779121870954,0.10182406424633074
-0.7165757487969295,0.11308139588836942
-0.7053384124213656,0.10552749968855335
-0.7279358066416725,0.0673554843074128
-0.7192024825938822,0.11337421361745083
-0.6769596539682807,0.16270165710065443
-0.7162877011890745,0.11117425006469829
-0.7083548323736617,0.08883702114306813
-0.706604423063242,0.13039123764763655
-0.7062854157208386,0.10142368962146346
-0.6896829704099225,0.1458606982890419
-0.6950181700072344,0.14290760501306282
-0.752196822032451,0.06300310921996949
-0.7325381435881173,0.0896625296002796
-0.6653936278420621,0.1409374525933152
-0.6819511416614216,0.12247614496974588
-0.7167344625803121,0.11260000436379798
-0.7427070571256777,0.04271699545389321
-0.7054947119402535,0.11348526285081058
-0.6988241235792304,0.09566519002311258
-0.7552642279109194,0.08279886021130335
-0.6941196615860443,0.15794352220818286
-0.7036708227773966,0.12802707444203593
-0.7123859254928019,0.08722070982084495
-0.6673040027482381,0.13346495223896604
-0.6804522497589527,0.11292786803531339
-0.7311269614458389,0.11328028167117332
-0.7189284664603195,0.11076271184159328
-0.7033500408636867,0.12466184274472487
-0.7260995188518066,0.09737458701574628
-0.672051694241607,0.1302090591961011
-0.6812683528027749,0.1427042234306898
-0.6858515120440897,0.10984710401856328
-0.7048864656682308,0.12672214153870087
-0.742001692273793,0.03590509651335092
-0.7244244363384156,0.061429188982090085
-0.7132738105585084,0.11357692229789221
-0.6939534380037762,0.09174126204576802
-0.6818790169804612,0.15373913891182317
-0.7092621952479582,0.09800362283174006
-0.7444958859467964,0.04996496927478003
-0.7188461041016552,0.10844346873466362
-0.6802508712406389,0.1335926752817561
-0.6982117073341262,0.14693929327308028
-0.727891749481945,0.0845774076161049
-0.7066894132280687,0.1267707042935681
-0.6949682929911755,0.12253412311378094
-0.6902592680023957,0.14623222904074548
-0.698559849736397,0.11893341932057618
-0.6951010497757871,0.1454124623279447
-0.7163647715103884,0.10409582025512412
-0.7108103457926372,0.11041887774920141
-0.6876934281334908,0.15155281206932913
-0.703772051775649,0.09899991138585784
-0.6973588352074239,0.12717055028539437
-0.6957222090441785,0.14386017767232745
-0.6995608319970515,0.1095461482708566
-0.7068305304686693,0.100907971701703
-0.6709730977248076,0.12517383701191812
-0.7034500037730628,0.15200936334535417
-0.7184703692719804,0.09968253729565904
-0.7084859148080023,0.14356406059680302
-0.6885519413532736,0.1587697567794592
-0.6868262602516828,0.1243236165720512
-0.6830925034073134,0.142013886493729
-0.7259049159996728,0.08113347546629912
-0.6927698417095467,0.15475792639201083
-0.7249296568184843,0.09848975458308318
-0.724864598586442,0.1243552299901277
-0.6915871781767556,0.10808112324663957
-0.7009776848619299,0.09559808071123127
-0.7334539335925192,0.0943655653110691
-0.7187049952581127,0.14054664389943206
-0.7171051312009513,0.13577257792044944
-0.6972295581149458,0.15883695572558337
-0.6988037745747666,0.1506410831449078
-0.6992007266317137,0.13832621280560767
-0.677791269162795,0.15895216010480007
-0.7204735150970993,0.13849567208572233
-0.740238382539367,0.0529525881033359
-0.685804162120653,0.12517508675671857
-0.6772182066658767,0.14834005828063254
-0.733777556757495,0.08747827245137363
-0.6843132702453718,0.14832497243814133
-0.724273041375179,0.12152253782168153
-0.6994374984755669,0.09937677268650612
-0.7228690375060814,0.08372238448343808
-0.7006476266159134,0.09076148049889318
-0.6976271046907453,0.11766264753956499
-0.6717818476774085,0.12447034721003693
-0.7066134984103801,0.11971927001862342
-0.7291821942816861,0.06097485287224538
-0.6740158387171002,0.15432353183094305
-0.750768688305426,0.10321544581256559
-0.6894365686448758,0.12844642460410896
-0.7053857312777153,0.13293560012546862
-0.6774401831108697,0.1443652276631522
-0.7541854942828418,0.04319428358356038
-0.6907985823332496,0.09914898987375903
-0.7160115874717322,0.09678017187019607
-0.6966211456635311,0.10315293493100812
-0.6764895554487569,0.1425013477076666
-0.6850926634786276,0.12347657646210147
-0.7011252619608288,0.10037954619985912
-0.6948489882329195,0.12398831730891831
-0.7292122047490022,0.1153098294669729
-0.6932183917770948,0.10970734093328799
-0.7173341154445836,0.08097042519136254
-0.7062902938490203,0.11625337824381651
-0.7183487551110508,0.1253674528973741
-0.7107191090511344,0.10136313780473441
-0.7179151378024659,0.12262489854332127
-0.7300918684945986,0.0895803818213717
-0.6909108305497413,0.13905205657560385
-0.6970721007306536,0.12694516184693866
-0.7220026331300217,0.07672491526606957
-0.738046677063285,0.07146745147725177
-0.6927992154640928,0.14199696648388593
-0.6784127166770386,0.16188830211656677
-0.7148263204641616,0.13093577545703947
-0.7184099265023303,0.11369145099610416
-0.6919083445928461,0.13083504935435428
-0.7095114309090197,0.14499603437834918
-0.7395094525545965,0.1048097810522547
-0.7533960389271882,0.08938804784883765
-0.7248784819107548,0.07414367292237464
-0.6768045854527822,0.13028589900508206
-0.6770314268717663,0.13644658897443712
-0.7069687471686831,0.13810373379822982
-0.7001675002501733,0.11228730547935621
-0.7107604593929758,0.12721034634441244
-0.7077081377985303,0.13199431326544553
-0.6928302642342573,0.1452431114223937
-0.7146525674087622,0.10437763450881081
-0.6800035318232538,0.1288579323232956
-0.6794075975858219,0.13961460869834402
-0.6989892974237863,0.09725911199747239
-0.7035841391439106,0.11687641813204942
-0.7234992934335838,0.08407902879125165
-0.698738420187868,0.15441568640810946
-0.6714666742722736,0.1423311455124247
-0.7442831488064954,0.0784031094476543
-0.6674842079306712,0.12901637673200164
-0.6730841106097759,0.1375609912460395
-0.6711804632662901,0.13563544359657265
-0.7329575405163834,0.07691078627112428
-0.7095727594788908,0.14514603957026528
-0.7178525460233076,0.08011022323553368
-0.6940620210041728,0.1145423406720387
-0.7166495323513496,0.10067782223438548
-0.7347713474185218,0.08665742171355156
-0.6963692726159243,0.14006305029981245
-0.7451006430009682,0.060490967364928754
-0.7025884450365859,0.11679000220843125
-0.7134117328918957,0.08124077647019905
-0.71271980544465,0.13333016263510297
-0.6946783609868771,0.11847936432635217
-0.7316176887989235,0.08389145220357634
-0.7150344910351476,0.09019834931016026
-0.7411012401382087,0.10321624456389898
-0.7021900670242434,0.15372830947643745
-0.7030140062002633,0.1334922059379773
-0.7329974253154414,0.0690589468004303
-0.7016784716123712,0.10892226307378977
-0.6875361571158202,0.16019122996564603
-0.7056896079111916,0.11392600801722595
-0.7178088192931112,0.09763527499775775
-0.6661424322056646,0.15467515480877303
-0.6910654193652018,0.11400868295197783
-0.698190105019801,0.1336598547411198
-0.6649909218559337,0.15391028388750888
-0.7130992411543005,0.09962264626255825
-0.7238654100389245,0.08154464759185186
-0.7170271985956774,0.08839862384558828
-0.701822657902236,0.13147903126042043
-0.6885204861387966,0.130283172010387
-0.6977847601624169,0.14572544238160579
-0.6744739073463858,0.1495091803560303
-0.7093169539425219,0.10590136850864643
-0.7336420121062576,0.0864050367280979
-0.7354698755705169,0.11315424123034509
-0.7175764364620142,0.13000072885087463
-0.6968025646240726,0.1399858002518639
-0.6933198046624829,0.10911281004755558
-0.7263971046032657,0.09383286569176161
-0.6846870736890104,0.11797340107053736
-0.7082515777778742,0.1422709639465987
-0.712626427744957,0.1345349744216918
-0.6702934906283236,0.14188696783585095
-0.7112031041352126,0.07307434142468212
-0.6726034427767293,0.12695364444568438
-0.7121179513822915,0.12443116290517307
-0.7121995240958624,0.10102040860646193
-0.7098055532899555,0.11559797965298946
-0.6827303589006183,0.12762265571948087
-0.731293803881266,0.11051738623454944
-0.7220303107237571,0.10001545579815542
-0.7260098746655882,0.06869586408761688
-0.6765405172285365,0.1389329406125365
-0.6872706040614142,0.14420631723742836
-0.724755501556891,0.08856910192995031
-0.6812832188524124,0.1462608905227361
-0.7112797938019835,0.1007781269098337
-0.7010723837935767,0.1159036742756302
-0.7167585204655234,0.07927547892075043
-0.7059933253173434,0.10979809712740553
-0.7201771538375784,0.11412883939080047
-0.7049547454647446,0.12988251241217658
-0.721837696236102,0.07669139163175168
-0.6985680223370503,0.10610504537521603
-0.7410492750596837,0.09533273990667249
-0.7120870982877952,0.09843003204464643
-0.7216804189311647,0.1274101795704451
-0.6994988050632036,0.11491990526177612
-0.6856573798859518,0.13345434815100976
-0.685560273161195,0.11921432077381175
-0.7055977382855618,0.10211328794764525
-0.7332712899087058,0.1259899752291415
-0.6729046478490377,0.15154078833303558
-0.6625409183599795,0.1428507252779022
-0.6934326495467992,0.1242173084958699
-0.7277242329741229,0.10314106832397645
-0.6936062336516546,0.14913321809117425
-0.6954554626879605,0.09034243751245827
-0.7131034758878155,0.128670251685295
-0.7391842251373386,0.07714647908110331
-0.7280795227565696,0.10388682522155297
-0.7167984335920243,0.07446213306636228
-0.6781421747849719,0.12302027355771142
-0.6851825163442382,0.11964881960164007
-0.6798815570701133,0.13287638798420484
-0.6846292325335426,0.15189839523241194
-0.6875617569750054,0.12392349410323639
-0.7054195682666514,0.10858789055236531
-0.7063485090944422,0.11517163132577979
-0.6933560929835051,0.11310352856054448
-0.6885523294375422,0.13998252388569232
-0.716411284743477,0.11026899485735353
-0.6993901991274324,0.13408489225744752
-0.703503744511613,0.13653724554418642
-0.7000485607184169,0.14986010597156768
-0.7003344012272785,0.11979392846786234
-0.6950272189666338,0.10462173446297553
-0.6855621935071045,0.12277316561509515
-0.7210896570867202,0.07688186453159486
-0.7127156637444256,0.09075571845709522
-0.6971662563205521,0.14648502632001292
-0.7100508986601465,0.08936722407926838
-0.6766012103598285,0.13560200796049018
-0.6875486003738236,0.14392676259915535
-0.7350147935013347,0.08491038515537468
-0.7086993405309965,0.1083109364322812
-0.7177494808309997,0.10417429291478135
-0.7360350606085118,0.07082700821935939
-0.6957997187074472,0.13502944732296682
-0.6920584252258539,0.13045087869864894
-0.6875431399974452,0.12227272441017084
-0.7158536264219357,0.09122166758650613
-0.6943950183547813,0.1482322861838764
-0.6815475741007605,0.1238719298418017
-0.7105244106784321,0.10136251822911323
-0.6916213924714856,0.13523403859404748
-0.7442624411486829,0.07784343930326763
-0.7602314527742462,0.0662542087705443
-0.688049838455563,0.10503090020554783
-0.6920598126192009,0.1000093401605475
-0.6747362142674465,0.1496784480033342
-0.7381898843519004,0.06910144745292912
-0.677267658331743,0.11638893466869482
-0.7188398690528225,0.11210189745611675
-0.7022745667012357,0.11553269746514125
-0.7000887138778731,0.12233220151485742
-0.6836459332056506,0.11128071497012591
-0.6823159804911793,0.14272171738189185
-0.6978121120571558,0.09268545958237012
-0.6954438186695303,0.13979838542648887
-0.7162880928280202,0.10099978698037888
-0.6936210185828091,0.1354143453473416
-0.7338181155045664,0.09128655150988865
-0.7235851235109488,0.1062895065369554
-0.7167687454347272,0.10067393349951796
-0.7227269027688998,0.1052473444253782
-0.7060004449072791,0.1390907290376468
-0.6978570760961441,0.1155535015509746
-0.6887483126095276,0.12805465131705993
-0.7044165944320299,0.10892608830309654
-0.7184879873332429,0.14473536781338536
-0.6951690632382617,0.1359050565236875
-0.7023760284125915,0.12366924520250219
-0.7240890339658919,0.06020428665809962
-0.6890526280462846,0.12511980123546626
-0.6722235641607038,0.1390615419024836
-0.7415238968664402,0.08707065474021525
-0.6904678413183959,0.12327721427283815
-0.7193535402018535,0.10849858397566227
-0.6952508159102707,0.1158633769572257
-0.7211511240592999,0.11768264994308021
-0.7098695670976584,0.10511559147083478
-0.6976791118150553,0.10549642546469656
-0.7125928979746795,0.1170618826027576
-0.7095780156587801,0.11127564775383157
-0.7027798399989494,0.08343928520389172
-0.7212193204197751,0.1204160153879512
-0.7020820424694968,0.14198020817360973
-0.6883083957028171,0.14202629089554003
-0.7071512915816146,0.11654676030794703
-0.7091816931020162,0.1444832153810788
-0.6855891509939166,0.1511988783695897
-0.6924078354958515,0.14072935743571202
-0.7100277611667845,0.1041067584091294
-0.6746758210567639,0.12765431023556675
-0.6950422440970149,0.13546334494952667
-0.7261867449023912,0.09494324864101543
-0.6858949777868513,0.11100467005464841
-0.6856578262628928,0.12196800162911649
-0.6964832489301302,0.14289106713805996
-0.7151028145874303,0.0911467418113623
-0.7436066265825274,0.10483087117959247
-0.6862472516430934,0.15405508754162311
-0.7385664883400029,0.10385642098065491
-0.7001871752930517,0.1066277629567375
-0.74966301851954,0.07985874981913342
-0.709453401478256,0.11312053981388785
-0.70171592738116,0.11575949911801736
-0.6926917437244413,0.11921747370946013
-0.7116224630754542,0.08740406688808273
-0.7264399911206898,0.12781154276260934
-0.7439416673049732,0.0670320587235718
-0.6799292736993431,0.14270285497673993
-0.716591929629634,0.11615871301139905
-0.7234716540148965,0.12446773462531954
-0.7398872061760134,0.08403182221790499
-0.6939272125261952,0.09782802748487933
-0.7326405182892077,0.09924833441766613
-0.6776382951918772,0.1231996168668619
-0.693661094213246,0.12582766310478422
-0.707751718499761,0.13880205221166608
-0.748442531495919,0.08946451078400287
-0.7014952880006464,0.09408314017399665
-0.6848900487561584,0.11841098191647029
-0.6820040153192745,0.14928722363104585
-0.7046283761225222,0.1351282402505406
-0.7409420727615215,0.08245195682490018
-0.6710477335684034,0.1358053924134801
-0.6773336119169189,0.15762179713729088
-0.6831035843099432,0.14513364014617403
-0.6774802580168522,0.11445904915574093
-0.749015840962323,0.0570504795694825
-0.7012601679526241,0.10777436258423469
-0.6791291323763703,0.14800408604964085
-0.7149499731521041,0.08493319306845508
-0.7152165513129429,0.09695054567114146
-0.7324321184109451,0.10869016501994257
-0.6909481181144026,0.15031848870208253
-0.6763287411452801,0.11553074536550702
-0.6860415246145818,0.1543706375944482
-0.711318882009591,0.12067456581023182
-0.7188889427149784,0.11729116524396349
-0.7160173076703837,0.13878521934971594
-0.7265243232257657,0.09901048984018301
-0.7358573848863151,0.08290558373051767
-0.6829697578233452,0.10716905999190866
-0.6873209963665615,0.11942324249290746
-0.6939472420122309,0.12346508921368506
-0.6901176229335324,0.12292312485427018
-0.70225725873578,0.13801959480772646
-0.7224091648888014,0.08913619632446945
-0.6759034536268693,0.1509733726762247
-0.7017513868536104,0.1190343650107499
-0.7077289941668694,0.10108487199062255
-0.7071571281205162,0.09323466478714428
-0.7123221016098117,0.1350579003835621
-0.7325600117501855,0.08947669117044188
-0.7009653740649819,0.1411735943732654
-0.7014765446270976,0.1416308086770915
-0.6974695568858814,0.1303027697230423
-0.6896981959392487,0.11677674977668052
-0.7040805189725095,0.13093666543422028
-0.7358708684549986,0.09294657519801405
-0.7123793439324848,0.12118121113619584
-0.7507213001965175,0.0589880286571522
-0.7030526665132382,0.1398663362173376
-0.7260618981006162,0.11587975889352731
-0.7108469202357621,0.0999571961999743
-0.7071254227333671,0.0908694632772029
-0.6947714648497146,0.10943068567312118
-0.7075401085656711,0.13412245522921348
-0.7327350792702636,0.09082750617171263
-0.6816980115076758,0.11674731824449923
-0.7024558410714112,0.09436229789668515
-0.6935034344803501,0.11257023147218691
-0.7475812974354948,0.09868321806621719
-0.6853839683233469,0.11049771972372448
-0.690001103226565,0.11343697789841
-0.7031235480005933,0.11959701994711408
-0.7228260534164558,0.08167394247445811
-0.7035791128111563,0.11297183033652279
-0.6806503746225896,0.14530989435588673
-0.678788071840531,0.14985688254433616
-0.7149719860969911,0.12246289637383144
-0.7470262058645722,0.1015946581712263
-0.6857312642155371,0.13302132631684085
-0.7177605620467818,0.10647850007085745
-0.6960476677686114,0.1056550824404522
-0.6907400353827794,0.14524927720165862
-0.7287038411651143,0.1087275099847633
-0.6729466635372023,0.13374965013741666
-0.7034881980258422,0.11525683897613746
-0.7054645209728632,0.09323720965993403
-0.690775087563362,0.1055829022992147
-0.7099273832901137,0.14678182522383518
-0.6944300194015224,0.1077326987599816
-0.6778155115635897,0.12299182324569505
-0.6935433597056074,0.12972758771617604
-0.7219735900277141,0.10775383756729122
-0.6958185973136888,0.1183803847174599
-0.689057122016883,0.1122918342917417
-0.7071997919082552,0.13023478354666412
-0.7076259074793932,0.10418368153429709
-0.6933734884306575,0.12487418987423246
-0.7176070377045984,0.1206233977601777
-0.7384289615382644,0.09518340066656086
-0.7254863385347533,0.05160239399224493
-0.7253998707439887,0.11176367118943652
-0.6868312988402474,0.1384963575369033
-0.70991498545035,0.09226251860513116
-0.6749687208526943,0.13028219310294034
-0.7224805515078084,0.09080253784419293
-0.6963627340599782,0.14007505604814335
-0.6790692321796779,0.14053560049504624
-0.7086682514437473,0.1251374216365232
-0.7228688800646104,0.12485476097423641
-0.7037834433859743,0.12760433741069446
-0.7263570217415646,0.07251907814069927
-0.7193148495120399,0.08975364541665594
-0.7238320049958961,0.08083895165897545
-0.6848060388097461,0.1264979502797613
-0.6991917216087803,0.1340926294279324
-0.7085750011332647,0.12864042717146892
-0.6799308693786351,0.1515283266274429
-0.6894578213337867,0.11986375061129352
-0.684915289647125,0.13294695051109248
-0.7422378534179271,0.09288988200214254
-0.6996229923956527,0.09941304809966615
-0.7090149950784264,0.13118885268894048
-0.6871360790979879,0.13265245447919044
-0.7094976433334776,0.1305722739066177
-0.7345256944334968,0.11230832349585944
-0.6676071356763321,0.14343356245374475
-0.7195645980181884,0.07512471987889253
-0.6825900243102522,0.11807161996894013
-0.6840363493910071,0.12378885547575044
-0.7061521619497502,0.12042073734483616
-0.7101319060452055,0.12664688764135004
-0.7149417496001794,0.1294797297821409
-0.713032799608748,0.12068904411599465
-0.6826519363411409,0.14288107886358034
-0.7173974456155048,0.11856082585620192
-0.717294997229007,0.10634951865540432
-0.6947141084195798,0.13424579277705984
-0.728221153466688,0.11397528451580931
-0.7143096811912141,0.10324668187418644
-0.6965038784530366,0.1358161611270285
-0.7110517411396724,0.09699587156359998
-0.7072073241578762,0.13718395860079818
-0.686073364186146,0.14073611855839668
-0.6890390670238333,0.12497768835711823
-0.7093991320347602,0.11613786633186801
-0.6918940426748729,0.12214892171263361
-0.6925591657644218,0.1128627240251603
-0.6883449619660097,0.11611668097951706
-0.7051318578816448,0.09823037837193202
-0.6969836659494067,0.1323679192366682
-0.6993240311404562,0.12428113890008285
-0.7423619803463446,0.104707384442931
-0.6916147209343976,0.1300709187512406
-0.6925693945078448,0.12907545982512172
-0.6738297342940386,0.1346597212101215
-0.7131324782958129,0.10636468006075378
-0.7121790965399485,0.09723878079014955
-0.6839061925311118,0.1455208568128702
-0.7004839054949855,0.13663577724191558
-0.6924454918121509,0.14702748774658356
-0.7253581210254177,0.11965754498496663
-0.68383106888316,0.11195551949272259
-0.6976673853847898,0.1086301235366526
-0.7333680372653175,0.09716251500273307
-0.7171630440191417,0.0813043158540202
-0.6945492057622807,0.10676676114669688
-0.6815197781105362,0.13588411615416007
-0.6846125767749235,0.1547295355186105
-0.7035475750143357,0.08557298618909485
-0.6863906370901459,0.10842020405317254
-0.7353838029725919,0.07739757182653843
-0.7283111560178539,0.12473852560685929
-0.7219616601257974,0.10656571764847327
-0.7134421485090446,0.11995730139506962
-0.7187934853633142,0.11439111673877085
-0.7198797310280501,0.09926707728320276
-0.7084638776134584,0.1220366847498453
-0.7174621354037398,0.12030493938871156
-0.6826279843397971,0.11318435155025813
-0.6986465298076978,0.12800900529009163
-0.6950052544452008,0.09987508481609571
-0.6800718506927658,0.12915152043122313
-0.7094714713794567,0.12709066676747963
-0.6836937253716724,0.15466764877695865
-0.7293662967510559,0.11025220307494003
-0.7016244143628502,0.11807334818865278
-0.6782887497930469,0.12314223448493807
-0.7104349610393448,0.09613926274063823
-0.7026328857704206,0.11450188196669502
-0.7068796458598363,0.1313290537663869
-0.6765073802325828,0.1456625688801638
-0.7011196872653939,0.14318165022510104
-0.7110118354451834,0.08706236487656449
-0.7090071681898449,0.10780356404439385
-0.7227971865741334,0.12227181220758965
-0.7369698826435864,0.07828994883701683
-0.704838002799458,0.1221278436604572
-0.7011569932206183,0.09503941671488922
-0.6920199142454756,0.14692883004617696
-0.6862656115474756,0.1023726099623934
-0.7096494860370134,0.0947443738218536
-0.7121929049121144,0.11595517289605016
-0.703719597936856,0.1351230110122756
-0.7049588437083937,0.1125622885477822
-0.6974081290842707,0.10594193083989241
-0.7002346230538552,0.13495768762874819
-0.6915163057411495,0.13338429870230242
-0.6863603502071296,0.14081202326943287
-0.7228367275962986,0.09962574406997163
-0.6981467479064472,0.1375558903779356
-0.6981102722999138,0.13520815044197604
-0.6878768341404999,0.14652511177949065
-0.6909897359661525,0.12682868550255488
-0.6933407783136172,0.12460783516848001
-0.7042320115379559,0.12540554829199116
-0.6851682982356658,0.11565364716261808
-0.7225206544554011,0.058210644106499634
-0.7138112331033708,0.10784822314291885
-0.7036108404093508,0.14018925396154125
-0.7168442740988704,0.08786595110356116
-0.7078195879844201,0.1261736777104367
-0.7339831384779334,0.06887800425362196
-0.7209531894137348,0.1305202055074267
-0.6968501408961494,0.15182638332747336
-0.6890632546657706,0.12204180289399866
-0.6937658425841977,0.12874239463685552
-0.6926531799338274,0.11181837135225187
-0.7123947143756779,0.12583991658072421
-0.6895824846742591,0.12614695336801718
-0.7091112926142322,0.12675458060403996
-0.6779621359242164,0.13071055874293155
-0.7078288511659865,0.09790607314021824
-0.6825312873814635,0.14001247070000733
-0.7064661890364111,0.11238393196576175
-0.6883012022829299,0.1177029378677561
-0.7391612652270433,0.10912436577732834
-0.7089741900928822,0.1179075471755954
-0.7175377217829915,0.1267592517419889
-0.6938251455642617,0.09769428157654945
-0.7105883659641014,0.10460156604667047
-0.7064246678120604,0.13607045621553696
-0.7447834612332542,0.07789532669342049
-0.685453197897444,0.13488683826023948
-0.7131574711834365,0.1283455522657845
-0.6944387655275878,0.11390760863766712
-0.7135665365406978,0.13681705163324678
-0.6972223488793606,0.12793710088280966
-0.7128511978111449,0.13301399143335704
-0.7150679179782884,0.11080677425761234
-0.705122979949482,0.1316139600334033
-0.7095289568979875,0.07672963999757747
-0.7417142485708035,0.061817267064291595
-0.6923638758825971,0.11921152954848148
-0.6736585785293087,0.14855406131417498
-0.7242264768921155,0.09615205200849325
-0.7103957565556631,0.13135041130500288
-0.7378902523767141,0.11213455473695436
-0.6946072984601277,0.12991878610845584
-0.7131211095915126,0.12963056748752938
-0.7272672115054647,0.09358925515944852
-0.7024407104155246,0.11706293902047021
-0.6887978332677864,0.12688437056637866
-0.7228295300967907,0.10462797871014783
-0.7030150802184507,0.09200949699846805
-0.7049936048190223,0.12814533597429859
-0.6840367906096838,0.13746841779173208
-0.6860263375026769,0.1488505036202941
-0.700721888328124,0.12364655801812409
-0.6929779031893563,0.13242055792792096
-0.7337251837171821,0.11338349082910351
-0.7280420547740647,0.11400111987025717
-0.7244923231549805,0.11335553651083671
-0.705922637531332,0.12537645600959124
-0.7180758673368494,0.10027382845840643
-0.7113867099016298,0.10118731176381379
-0.6957196343789976,0.10044182619540379
-0.6954429480578689,0.10503860480707526
-0.7155631316917652,0.07760801360081898
-0.6947242266143565,0.13731033478866989
-0.6968678261233222,0.13088087638912302
-0.7148564238666586,0.09883495021078925
-0.6959300189995822,0.12409612544053754
-0.6996731475233301,0.10964048837754943
-0.6992384768425459,0.1294298623533871
-0.7132615872859019,0.1274708705882227
-0.6998277660379452,0.11661327234057108
-0.7208674482183819,0.11652713048264633
-0.7128227462301241,0.10897903704492277
-0.6950184731788817,0.1406247383573823
-0.6754229671086864,0.12535859509933783
-0.6895661181001246,0.14894768590520913
-0.7101970433418778,0.09722581312188534
-0.7129077114915905,0.1221737951545166
-0.6971153600544864,0.1355841591572285
-0.7212257059731764,0.08777766875816961
-0.6787072694375764,0.14608622478425226
-0.7077235111949829,0.09494993457221478
-0.7123925243672511,0.13603398095150818
-0.685869215592775,0.14723541050540576
-0.7442202291131494,0.09588077869449203
-0.7171852788907627,0.11952747734606323
-0.6905018569329883,0.11602370730378196
-0.7160529297505281,0.07063900854024695
-0.704850180548985,0.12832303446864696
-0.7146000168000461,0.12430868098292766
-0.6954775750181327,0.1130848055496851
-0.7252975658593273,0.10270283445702763
-0.691446274799709,0.1265035173916884
-0.7137222677576437,0.08333430844015077
-0.7062422196212247,0.10714404411828667
-0.6682666793271675,0.13429591252087844
-0.7020081254656472,0.1059205106989426
-0.7092695137645272,0.10576477512260783
-0.6935572594715518,0.10568645927507844
-0.7120928394411944,0.12147724267195527
-0.71092595114695,0.1047634488363511
-0.7185276186058575,0.09417963386131
-0.6922147636386468,0.13062061962292146
-0.6838598768666552,0.1329698637122263
-0.7134318244686956,0.13770087717648577
-0.6967296993003754,0.10826040760228957
-0.7130992140003116,0.08779558884197858
-0.7041339354099915,0.12882058138324662
-0.6919929497608719,0.11951106113782219
-0.7144682306718675,0.10290996885032215
-0.7245990692321289,0.09198606813393605
-0.730784652428753,0.09084840359640133
-0.6948767774120089,0.13131151287534715
-0.713538456288118,0.11510383384128212
-0.7208008175729459,0.12043229051096266
-0.7195866679430878,0.12564476582645226
-0.7341826111433307,0.10726493997287759
-0.7034927453549292,0.10296397900489031
-0.6825860594282234,0.13498586929215015
-0.685937615134682,0.1481826583796095
-0.7247730747110166,0.10538796767785728
-0.6931202662869917,0.10829364740337995
-0.7026642965520157,0.12767501827964334
-0.7158917248977646,0.13159659984303487
-0.692003452382848,0.14737710986239125
-0.7282353748120478,0.10734968013172073
-0.692722794604878,0.12423483587517241
-0.7252651901015964,0.11650415947107855
-0.721525478683629,0.11590855134548388
-0.7100597876813904,0.10040528436693104
-0.7024947282024933,0.10767293972685789
-0.6888555794661928,0.13965392409077482
-0.6861617512303335,0.1331955669152538
-0.6742447233744597,0.12786317387145957
-0.7060574597970849,0.1099736594125997
-0.7278815751045014,0.10867194311376348
-0.6986425933979225,0.12351056460683038
-0.7034037708206881,0.09267539960369514
-0.6869802015305846,0.11552030047530089
-0.6945043942709048,0.13204299995860933
-0.7232990416342066,0.09211503209926963
-0.7039123514487698,0.13014699632069238
-0.6919982835646362,0.1298312238465431
-0.7063475809314755,0.08987214880083408
-0.7180374020914353,0.10217567621886109
-0.6896776641483333,0.10769364852918108
-0.7135683898143431,0.12340727676040891
-0.6751146168882213,0.1266285221216017
-0.6895083994176605,0.13631600391955023
-0.6974329223153825,0.1108826157744078
-0.6776487547597866,0.1372817578609479
-0.7005440208365292,0.11494490485492224
-0.729038048977623,0.08927381597649754
-0.6991878342357691,0.10614224451216492
-0.6812059791882911,0.13974763958040348
-0.717538682446485,0.11288342943074077
-0.7081957936126735,0.09856183550390586
-0.723050494975863,0.08666471400905669
-0.713204625703922,0.10781551715021907
-0.7362362222480325,0.08726703458584942
-0.6818212216105619,0.14570040306043777
-0.6880472898038549,0.148005964507033
-0.7095729103673549,0.10828283779216617
-0.6899831882302706,0.13002621990174149
-0.6771819171936431,0.14481995963356287
-0.7089245270476161,0.11870894585610343
-0.7352005330453636,0.10245017983478794
-0.696380704231228,0.10443032425623332
-0.7020607735143932,0.13165636999670882
-0.7205117159533374,0.07586596419986152
-0.6917203790655214,0.1327780379732272
-0.7116442487475555,0.1230341757606332
-0.7002215398957109,0.1275532126465868
-0.6887180413341545,0.14159977876499555
-0.7135400594324108,0.12836382036787589
-0.71682127319703,0.09558532506730014
-0.7105550398177071,0.126671336481428
-0.6865440092312278,0.12352673041813793
-0.6882386681695728,0.13905197141976003
-0.6926359473909813,0.11555938673100559
-0.7290058502300846,0.09023180566531695
-0.674619395273307,0.13745085570341903
-0.7192091898756892,0.1218247592866718
-0.703378948685775,0.10139984761775436
-0.7132595407629823,0.10739536310030817
-0.7251987630250724,0.07322195399924326
-0.71373940783196,0.12242825638258985
-0.69078588973634,0.10332991158520206
-0.73335672962423,0.10471711656063924
-0.7190582326563971,0.13709553754241088
-0.7316888467271739,0.10378574787986619
-0.730108867055142,0.07582421151024601
-0.695522152119672,0.10206162908067895
-0.7298829131423626,0.059007519567326444
-0.7061488884574096,0.11835556438351792
-0.6870754918524223,0.1304371859119544
-0.6976955121721002,0.12802656922155756
-0.7098296582459165,0.11548096629641147
-0.6762430614687666,0.12084022130297736
-0.6983617859340979,0.13744325244412112
-0.695966951759786,0.1348795138976084
-0.7195880071429698,0.12479482448361476
-0.6989200623130433,0.13583218523956517
-0.681236295051346,0.13224851890208686
-0.6982478893923185,0.11496297827513022
-0.7278543866200553,0.07983416712743739
-0.714994783245713,0.08474965553319286
-0.6937450299035985,0.14128573034149555
-0.7184073147724048,0.11000179626335681
-0.6964816904130586,0.12368254000734423
-0.7359935881760648,0.0816995845333773
-0.6954402466141288,0.13478707657807415
-0.7099255181019487,0.11554968679542495
-0.6988666284869731,0.1174492152090457
-0.6805308719094182,0.1404994665613211
-0.7100157106812844,0.1019631783849667
-0.7066276165767269,0.11317357019917638
-0.6795452765132215,0.13709736379473214
-0.7026737684212586,0.1302598694287052
-0.7435000947443395,0.07121108969913334
-0.6940856166255057,0.13152252690527158
-0.7123076022844101,0.11658886398470616
-0.7115533131176,0.1156694841135614
-0.7044482138404763,0.12022270994802743
-0.6997747395035065,0.10541919560793658
-0.7124582142584066,0.09877021302043261
-0.6995211559028768,0.11514844736487502
-0.7256409567988165,0.1041228851060296
-0.709566697490975,0.11765544338840114
-0.7009905536399994,0.11577444279760138
-0.731445695765598,0.07841803221851486
-0.6979829693539744,0.13376088847655063
-0.7000926371591916,0.114026926891775
-0.7060687992635629,0.12768831162703317
-0.6960844097415572,0.13420509443831377
-0.6921602326546281,0.14086192445228035
-0.70505063803001,0.0938045274259535
-0.6905796385439771,0.14264306654804979
-0.7152159173592798,0.09291341631241741
-0.7012195694415216,0.106041797907138
-0.7094174614750756,0.1278113697428448
-0.7235759315435099,0.09646890259610696
-0.6754329808468124,0.13623103125729913
-0.7011159199495242,0.13188541989677277
-0.7145500910202598,0.13198028413986934
-0.7376097609604217,0.06460834431413989
-0.7500356018262441,0.05666084323428993
-0.6898078330590471,0.12547694529817932
-0.7168184474897838,0.12568217673709237
-0.7190179534281504,0.1037941664447698
-0.7098998492484848,0.11278924565070857
-0.7326471413895952,0.1004993851582582
-0.722689934774213,0.12377164206888047
-0.7192570083307204,0.11506823145188354
-0.7131285545105522,0.08033652618075554
-0.6940919122131655,0.13232894925628153
-0.695310527035152,0.09877774384076916
-0.6947301978297077,0.10759678006278235
-0.7227858421677721,0.11487314790894357
-0.6945750389656701,0.11985137966313347
-0.7065267148359933,0.1334894227442051
-0.7259664328078375,0.0735828908433612
-0.6791001863929413,0.13426828513703717
-0.702565868117813,0.12944225311641044
-0.7005603873263394,0.10405912176710776
-0.7125487182780744,0.09199117458784696
-0.7285837808495188,0.06860831814526132
-0.7030723166926957,0.13454756728463152
-0.6915123813179285,0.13142581549627494
-0.6897383379569706,0.14132838021195024
-0.692442173564954,0.11556378259237494
-0.6898561996834772,0.12739886764460853
-0.7241175433248116,0.07147862228801914
-0.7224977235397142,0.09268043878229298
-0.7083121505574582,0.11148182627924313
-0.6794546708101602,0.1366543468340396
-0.7090733646405046,0.0940371169065074
-0.7119128602452727,0.11995521997961103
-0.7212956338851128,0.11162585169466721
-0.6740198784863207,0.14041806305356713
-0.6830900315728504,0.13254768649197005
-0.721665393364013,0.12796569024929155
-0.6961615457750506,0.14558180715795388
-0.6983975747971719,0.09791929056462213
-0.6983019763284033,0.11966051900449458
-0.7115506445867845,0.12342625027057862
-0.7303522397077928,0.09762503812842345
-0.6954305750662845,0.13657621421726282
-0.7278445454910988,0.09624926784634982
-0.7244456650333133,0.08519009038103437
-0.6909418172194495,0.13033403066364943
-0.6923593999321568,0.13774817993398641
-0.701001974252843,0.09398269524738136
-0.6850643940962251,0.1408224301767608
-0.6797028253435331,0.1367186045134584
-0.6868394475801866,0.1293018090052175
-0.7274484851179825,0.11164156722510063
-0.7093952619291277,0.1268788018545076
-0.7074309093061143,0.09826175412876752
-0.698130788896775,0.09394076624721362
-0.6877979244056798,0.12842721755138659
-0.7068024258080273,0.11841832743859299
-0.7112346118708133,0.10842756226563624
-0.6822316981501954,0.1490743537355071
-0.7160918937562252,0.09483428222222867
-0.7099479695424225,0.1359823122771637
-0.6885426616553981,0.11743597490316975
-0.689743215809317,0.12410684984617519
-0.7166775947789957,0.08447835285461802
-0.6983175660174059,0.116623108880932
-0.687973400704378,0.14625207032994378
-0.6909781822565674,0.12474000516878565
-0.7069074220245956,0.10531688907855395
-0.7065683785080268,0.10905736352803898
-0.6848453608257652,0.12945958881899264
-0.7129637218876365,0.09757561848795408
-0.7203340538995304,0.09793875148087217
-0.6898331168214247,0.11280698973961666
-0.7064690846275725,0.10728125875959892
-0.7190164572186983,0.10871445802977396
-0.7027970856559801,0.10224058153961285
-0.6885628805903964,0.12001270819812389
-0.6860299690692582,0.13816870357185063
-0.7006042784686757,0.12357098044243153
-0.7035848118671659,0.10483592276881028
-0.6898176485344075,0.13191061453116187
-0.7076566180637145,0.12230717422199484
-0.6899881782875743,0.14083465090303102
-0.6895092980523075,0.12399362972163795
-0.7235385447879429,0.10647331590442873
-0.6839748012318005,0.13510715073311727
-0.7019062075652279,0.1307908135908169
-0.7044229378089735,0.12246678917813533
-0.7009536099413888,0.11831041725358928
-0.7224736169117802,0.11937998333016256
-0.6909516885652628,0.121200965982074
-0.7188045819750387,0.10921497373402952
-0.7119739346469938,0.1250396350115786
-0.6976291631325671,0.14316234505903666
-0.6852179960592809,0.12361872320448146
-0.7168698030222188,0.12551172406275532
-0.6988682429920562,0.12200740362082388
-0.7210803452250651,0.0992608208829348
-0.6950352255478374,0.13673270948763758
-0.7029759626389982,0.11827461358554513
-0.6976121292939914,0.1264696035358475
-0.7090629176893233,0.1071387074042614
-0.6961533746760427,0.119574753084533
-0.7151829131924524,0.12080144927216241
-0.6823350655829826,0.13528390005758348
-0.7007610477031831,0.11920191523728019
-0.7093461098539287,0.09334167685005007
-0.7030996692910385,0.09607418731055699
-0.7049689814409021,0.10477428162740089
-0.6966014352696971,0.14086471129519676
-0.6916457908555682,0.13979224934877635
-0.7251129793898446,0.10732278077206965
-0.6833753308624464,0.1287196150344201
-0.6816400186934991,0.12091378835724992
-0.6946493645952915,0.13616937436366347
-0.6932849393463733,0.1239456153334366
-0.6804917700890883,0.1395596127204907
-0.7156849421602263,0.11100855630658293
-0.7111058018800037,0.12952217204209615
-0.6850450765131904,0.1350953072070172
-0.7172771974281118,0.10825721182341798
-0.714283423616539,0.12200102905452716
-0.7135359858553342,0.09414952352219168
-0.7201995007334135,0.09035939987161348
-0.7211478201512982,0.08881463574140319
-0.6860359981569534,0.1338658154902387
-0.6845610597055509,0.14051599004840484
-0.7113479467243409,0.11689658862973845
-0.7091003904018311,0.12976455737369283
-0.7255737065765124,0.0937579851934796
-0.6953811930649727,0.14195588527389152
-0.715346262130512,0.1186257333433167
-0.7235877823286144,0.10065479394285852
-0.7242898578697272,0.10496000281578673
-0.6882095577462864,0.1152002533491672
-0.7123031188245822,0.10208649858166852
-0.6891762418536216,0.12107921649708052
-0.7058033486308404,0.10590214320483937
-0.6900529914491349,0.11795984215046666
-0.6809661541700357,0.11705665564862043
-0.6944199308374007,0.12953053277575613
-0.7316906902927238,0.08589457132949001
-0.6898734988528135,0.14328297612058088
-0.7097231587500236,0.09598107100988916
-0.7087632800616344,0.12040476676831008
-0.6947987792922988,0.13739267302010783
-0.7086277486018392,0.11350339270429803
-0.7275125596444765,0.0907673230925345
-0.7196510775344966,0.08985713960546453
-0.7155461329140081,0.10427407042374118
-0.7164454143760811,0.12658221886871643
-0.7053363559586789,0.13181464450571526
-0.7071946341778366,0.10880509870515251
-0.7070617431144006,0.1112485348999911
-0.6956876094273104,0.12478959885556094
-0.703352821564615,0.11577894116241047
-0.7015457129680561,0.13044877798158877
-0.7007294097136074,0.12050077668976476
-0.724272427841876,0.06966549027722509
-0.7086880767271616,0.11359618562565266
-0.6903261185893423,0.13235853087541832
-0.6902665668594404,0.1395204208395903
-0.7111361179660376,0.1284640374770854
-0.6835690798015875,0.13271641752198035
-0.70192106681662,0.1091502460554672
-0.7246941745049235,0.10715861242861523
-0.6972763305062951,0.1084983512433647
-0.7300635878936229,0.10167887367032181
-0.7075985984396999,0.12604748229723137
-0.6995221733497028,0.10916140176626914
-0.738630575038379,0.07460245686281719
-0.7065887513743736,0.11867566473419291
-0.6931813189932146,0.11518560101876153
-0.6933588978675191,0.13742269696988288
-0.7023394350728214,0.12623056701256646
-0.7068070984464407,0.10995157157194445
-0.6972498837942636,0.11563353416886031
-0.7142969811598793,0.10762075593788215
-0.7406309783110824,0.080711728141428
-0.6981303151152999,0.12027720934684225
-0.6995419761204796,0.10908643339936534
-0.7098826106249851,0.12116990432709465
-0.7008197210500717,0.13301774539536715
-0.7085973044366266,0.12479803233095592
-0.7177617586581341,0.09698983423861356
-0.7289723537225716,0.07723989179611207
-0.7138868602601797,0.1262929498196694
-0.7192652047180706,0.0963569230445662
-0.7085700312626926,0.12884354261924713
-0.7079182824868979,0.10250221673738166
-0.6926431319774552,0.13203782397773228
-0.6954160814687971,0.14361132931132298
-0.7039951959614553,0.11902011223761559
-0.6927012555608458,0.1396665715612357
-0.7258628961605738,0.08636436936463612
-0.7268582484151548,0.0777538039246364
-0.7009479425398331,0.1301044216137099
-0.692821558948949,0.1230889827586429
-0.688465401760662,0.13929491075012512
-0.6999630717471941,0.11350739775023522
-0.6920792534922074,0.13424391524940832
-0.7212464479141224,0.08156145003698614
-0.6876051024456195,0.13240488754306376
-0.7050895452443462,0.1192693935680618
-0.7001183618820919,0.13340883247444554
-0.7237485114563873,0.10068637896040901
-0.685831622288437,0.12621141074274803
-0.7026084016338452,0.09452453226779052
-0.687995173336688,0.13654904643633944
-0.7262228602509003,0.1131211175439059
-0.6804703542294139,0.13955569381100758
-0.6902623322485419,0.12013154877944983
-0.7099269011466907,0.10829410944021965
-0.6869041952246606,0.12206514969898451
-0.7184319101013757,0.11409041259866098
-0.6957157717459939,0.12495304140622832
-0.7055767906788155,0.12588329934031184
-0.7090486923830261,0.10611429991065276
-0.6978846326777345,0.12179892298639503
-0.6926789466772668,0.1223838392223946
-0.698589637753516,0.12071308248690173
-0.7046660939557956,0.10587304195036938
-0.7323927882701058,0.07414647167907316
-0.7131068088596312,0.12466076500138838
-0.710273983685739,0.12764256452501876
-0.6993812564514637,0.1321550157250551
-0.6882020757343509,0.1285477695919738
-0.6999218685486635,0.11082390574834401
-0.6997813843170971,0.11210155422177
-0.7317034146632246,0.1021485281713529
-0.708818812714853,0.12021491270696512
-0.7117161012255968,0.11508192666521268
-0.7202040629700477,0.07245680871799456
-0.7028263972174446,0.09663852890519573
-0.7099264670906745,0.09203076569515133
-0.6934945923862393,0.12483227528821492
-0.694718111656076,0.12982210509936704
-0.6905849916116067,0.1330426720866174
-0.6950357073223888,0.13425307270605713
-0.7042922967156179,0.11629114082620622
-0.7149694532943899,0.11330774725366041
-0.6999942699170745,0.10652659665020275
-0.7181930336321315,0.1141933353552414
-0.7278398766457584,0.08124818264632198
-0.7001880896282255,0.11137394667016012
-0.7065440744249873,0.11326751454942144
-0.7114616014913042,0.1196677659430481
