-3.6020812111752765,-1.2533831275517007
-2.8640479144988307,-1.4381475646560364
-2.887666695570651,-0.8042783950411554
-2.6904155059715658,-1.1131379531244805
-3.0971014980921305,-0.8753802871632356
-2.6647872867035223,-1.3134546250954946
-3.11398788033225,-0.9350376760454783
-2.8502256941988855,-0.7344478579959239
-2.5880256079588957,-1.0248454454516636
-2.320738491632847,-1.229662304024761
-2.3814452213827355,-1.2229098113454209
-1.990188572275734,-1.2027560880899422
-2.2701981597889445,-1.0995469195216763
-2.1065865161636785,-0.5064692055298551
-2.4399318573809885,-0.5503970378058456
-2.1241372160847685,-1.0326773779442895
-2.321187046250994,-1.180058621914846
-2.248475835534635,-1.0210190185760801
-2.205935681320777,-0.2538522281339641
-2.3599071889820524,-0.8858247597345797
-1.9732718797410982,-0.44517075411670165
-2.0399605539811074,-0.4936735018103512
-2.455368233823033,-0.8908247662350003
1.3007683018877405,1.334009053899632
-1.7624923817446017,-1.180288682739617
-2.0521920737068395,-0.471251778470207
-2.307982539311706,-0.44691874647576674
1.1472582479085982,1.4224736628278005
-1.7691023261084613,-0.7137538761144561
1.2725820472700367,1.4280024107835168
-2.0473502849542524,-0.6020350326542974
1.2298495557099682,1.1544382273133258
-1.9217062248231913,-1.0167912425632564
-1.9012978637142848,-0.32568876919639306
-1.7859586954954483,0.011697704479672706
-1.9174077502529403,-0.4474877018494364
1.0138159051327134,1.5425432759796263
-1.9214620852506141,-0.1557229130572726
-1.8260909423508922,-0.3227681726332459
-1.871529228014364,-0.9722186755140825
-1.996888321740955,0.13695824354015534
1.1700884282531392,1.3109921668811073
-1.9667325419204273,-0.6328333298982564
1.05324419958514,1.3050345807166617
-1.6159570021091714,-1.0667838242779377
-1.6880783805543589,-0.5639202696550255
-1.4973996023725695,-0.9438425710795612
1.1831260001701982,1.534956619152358
0.9183023723507852,1.2735261923453178
-1.5402197280199208,0.12043165261017875
0.2116681890297545,1.5939033549290975
-1.5581297350133816,0.4529826099479506
-1.6171607475064735,0.12018802196730896
-1.6313858014724991,0.028635618600759718
-1.4042354446646081,0.36271846247364525
-1.6570706984135806,-0.3748341068218254
-1.5078250377155331,-0.5813101719130541
-1.0551720248929453,0.7827391272243271
-1.8092415503090447,0.007339702109010628
-1.5774098813062212,-0.6987661511418548
-1.0038466816223737,0.9401033610036836
-1.4555444407096922,-0.6909838244114246
-1.2552623132540148,0.7546758598997263
-1.4898886647856824,-0.3799983483408046
-1.3387374052059242,-0.6771002314588884
-1.7554037063944807,-0.16106942275346495
-1.7515149102963554,-0.9409706565434951
-1.5824200419353969,0.24452260863826047
-0.9470877035355191,1.2062938383889414
0.5082063592504772,1.4242916578748297
-1.7523617468274135,-0.20661851014755026
1.0710745275669145,0.9464031614970406
0.1420881681902835,1.4952970369197913
-1.4916925094736009,0.5526657050894257
-0.9263649972763046,1.1351980623418438
0.29220597618467115,1.2293354645783565
-1.2624575941698493,0.5060615846087868
0.7671226503680357,1.0685457829147584
-1.6956177446026537,-0.008245576606071059
-1.5999589826523677,0.1736244885742112
-1.712959211629845,-0.05686586420979425
-1.5796059145185732,-0.6063358727082329
-1.4686560230584935,-0.21260683442139205
-1.5567847762952145,-0.4889186450733188
-1.4106862934479985,0.28225179631498765
-1.555704770188842,-0.5452441573649192
0.8109514919501373,1.127063028695498
0.7025611725001553,1.1194963376641869
-1.092682446266941,0.47275002847189235
-1.3693920691218757,-0.6453763957957204
-1.278209299043561,-0.5843864342180904
0.6454460060811018,0.9917352099238642
-1.5212181543439298,0.3054603348234588
0.2927222835066403,1.4270036540238904
0.5326691949621544,1.349505729682542
0.29255442286012917,1.3391574179124084
-1.3364010076976451,-0.9316764559872011
0.6596315000332722,1.193480715293568
0.43389014886632715,1.212323824791807
-0.8026347943380441,0.9514324492948737
1.2080392605349974,0.8615346588060625
-1.623971603918548,-0.4626147929548962
-1.5483256868586057,-0.38717385162973383
0.45997670923560163,1.182864472516843
-1.4129774926890646,0.36182863423371275
-1.3521584806928864,-0.24888718339561686
0.4082929563148717,1.406291987316034
-1.5313733782566032,-0.37416929453865583
-1.6173982519935943,-0.7206747556026116
-0.4753142023403494,1.1091341237369556
-1.2390250530371631,0.11974193690692891
0.7997518169862794,1.0084401754680177
0.5914765203176805,1.417658077005888
-1.3707721111847435,-0.48552699292740986
-1.4614218803201926,-0.07853434571665205
-1.4114313995103736,-0.1211764255041384
-1.3661162348921112,-0.151928001227933
-0.9254277297306331,0.8661964389702493
-1.1711836808854965,0.0922187517098546
-0.08551354444200748,1.3078748921995536
-1.2877791640747889,-0.8055361645532105
-1.1317088420976933,-0.7753658141236858
-1.057605406433363,0.4612412948739071
-1.3040997432129902,-0.10922336587183104
0.15080862306770318,1.1226032195609184
-0.7789080944655953,0.8586334009776189
0.45529758942951737,1.0086018807619992
-1.075533183325862,0.18600458529948452
-1.1646373182268408,-0.8909378993032728
-0.7674779859055809,0.6929658036340004
-1.1486525451336012,-0.6076252790199973
-1.1456597616948894,-0.1807742181136532
-1.1517099238483923,-0.2653877180881544
-1.2890547705293205,-0.2595883029314379
-1.3060947735540922,0.42775776668588195
0.8305799003359474,0.3760000359198329
-1.0656825181213143,-0.8742658788270199
-0.5863428474418851,0.8872618673147558
-0.08343155773594638,1.0150455434836054
-0.8737445332542255,0.8814763506125258
-0.46349897216651453,1.0221989109636622
-1.0673352896077897,0.4678453862151925
-1.227859924480465,-0.5908126003684373
-1.1565771347786102,0.2056401962254868
0.7860078337248952,0.6384610189658053
-1.3810205412122585,-0.4172489945627375
0.9042361293034703,0.818412404947706
-0.49200587835148557,0.9121844149361542
-1.018289965711068,0.6414310784344239
-1.2329533404596908,-0.17111662652708332
-1.0296122265099288,0.22360435147361318
-1.1865464612941163,-0.7640644604044816
-1.3069804861799583,0.0190010051081251
-0.8997522194329333,0.5910237191304387
-0.39536726205736367,0.9396138876393589
-0.5839854557756959,0.764845179987002
-1.3940131331322088,-0.7115257012797286
-1.0052637838275003,-0.6571840879787981
-0.6121607702781228,0.8011334843608864
-0.08200836528380182,0.9535164947928289
-0.9527822721486708,0.36420983985740507
-1.110056758115579,0.17895992784178064
0.6865086547252741,0.8737972899916583
-1.1343270565988068,-1.0373913793907228
0.23390707243457934,0.9695431562870611
0.3806890024497461,1.1080578158460626
-1.2432108185281936,0.10167201196760872
-1.2951625115125016,-0.3757897992196299
-0.9183959127570337,0.41053542837314133
-1.0396761051897976,-0.4516196671090049
-0.1677265389676963,1.0565231537410544
-1.3246058767610431,-0.041223174411393025
0.016183107264281436,0.9714073886786364
-1.2260484830204357,-0.055610017744837384
-1.1811604958090798,0.08982457718282819
-0.9093068843514036,0.3083452715833062
-0.7631661732450785,0.8435322964471277
0.4835993898155927,0.899953478893751
-1.2005196600090582,-0.14424126984656455
-0.9080999682124499,0.4898559521027339
0.016441369289907,1.008685533225775
-1.3061047296756367,-0.48956828700905763
-1.1900212420861231,-0.6915541026978972
-0.8671610874598675,-0.8751474528193012
-0.32595232747703096,0.8496229165087805
-1.1319214792556356,-0.9125038523599417
-0.976589145038938,-0.13531428044541594
0.09541601403092491,-0.329998872539787
-0.029562523783224045,-0.44681720788093815
-0.3172670628131172,0.9342452322303917
-1.2764301996116676,-0.34208473020242586
-0.9496306286444951,0.3445299640711936
0.358794721608949,0.7484871142652368
-1.1823261240886562,-0.7791586329064957
-0.11472424726525206,-0.2534465549763595
-1.025216859855992,0.32488487594549625
-1.0009542791373292,0.4064747291675212
-0.2360330358293468,0.958605130991427
-1.1471881745956864,0.12035157806995887
0.43248214063369417,0.8187041158981265
0.09330119810527471,0.893666033897197
0.7861625899929287,0.5154262133569729
-1.0783604742243278,-0.10447318363333552
0.036011433983865526,-0.22650954457877356
0.006859937114505833,-0.14506445333442114
-0.2373881710436589,-0.23781123164973658
-1.0114219980987194,-0.03858189839932727
-0.13295224220003257,-0.1816440235958189
-1.0185698573651616,-0.08710382111589779
-1.0491698312866704,0.10931626000788482
0.1938770321103706,0.9363134329655618
-0.27370926474131485,-0.4344162046714484
-0.3387422853484912,0.7802523387378564
-0.19303399911861582,-0.10485786979978998
-0.08033907223659646,0.8240724781240435
0.7594068413897659,0.5455569636864561
-0.1786897170970898,0.02530182371167861
-0.10032234912832502,0.016226909304142292
-1.0668575791254293,-0.13965775543115458
-0.09936604688554708,0.019790554336969284
0.527545893346002,0.5440695061047004
-0.22822624215411264,-0.16857788642871935
-0.03389270770289742,0.09061626234236453
-0.9638715233257436,-0.06008995524827499
-0.22087584612618646,0.010701335015330733
-1.2312066731885707,-0.3737046515184639
-0.23208086198350072,-0.5812660583166613
0.14466154152205218,-0.016700199841266673
-0.4559318813570489,0.7843227469946609
0.1354858353270591,0.8035070452256765
0.4497554170778473,0.8563747024870207
-0.6639226000316052,0.4743642941219989
-0.7853811067416528,0.319855666954545
-0.2955632995902299,-0.002885260937217695
0.17986602871386018,0.09866636891659754
0.13098545842502413,0.15409623812847595
-1.052059390648014,-0.1805445264422912
-0.13880340125545637,0.07574861899065706
0.4788329663917587,0.8097114846855857
-0.08935386355265068,0.19473699862843855
-0.6230030001376867,-0.841595507281097
-1.1000053128363352,0.022223286798440985
0.27124636935417246,0.8206720282541645
-1.063798983569571,0.020349290771541767
0.08009085679747761,0.1946339913243908
-0.2766724126374889,0.054752157102191286
-0.3336313906295371,-0.13306429738348605
0.06721018237585961,0.13988791062043618
-0.3797480015319267,-0.26719290881093527
0.19546409340434112,0.08062441060037677
0.5858877051787934,0.5508731581707346
0.15958744999671537,0.11195620506575533
-0.09744197673208606,0.1759172761986393
-0.3463112551077866,0.029374603016001803
-0.24766450942245277,0.8681653115815696
-0.3355108340417791,0.08929294940129538
-0.8387790981429387,0.5785970981628614
-0.8309763154226963,0.5898909564872366
0.3506556699978304,0.00656655370419472
-0.34160839636046436,0.06982753798791418
-0.7598765536311889,0.33350244038208093
-0.019082557339812806,0.7919469153186716
0.4883139470759539,0.53214273642253
-0.8301956229680226,-0.8505407826152429
0.3095959774061768,0.015119372494817608
0.3921169341209653,0.8274995030712283
-0.39345620586318786,-0.09729347886956122
-0.29197436910991503,0.09721580723785109
0.680720298524036,0.36691254239625587
-1.1048332209385319,0.07456615577322227
-0.4826283080236304,-0.38452363607684326
-1.1112102332013818,-0.17979150674917027
-1.191798818392552,-0.17967437670511974
0.06676140905706646,0.22143869560140075
-1.0177120412247511,-0.09391588896708628
0.35118116682437195,-0.031477692606041864
0.592604842842514,0.465765360756589
-1.0295150988940729,0.010957065306397229
0.1172740799853911,0.21169978568794556
0.3480636645990352,0.11451249244126468
-0.07080506567260604,0.9062764984821107
-0.31539236641671836,0.22100150801391488
-0.9359215686712562,0.3775444195708802
0.2540955722258125,0.13384618610695076
0.2701984837093693,0.0914522033400272
-0.40584463087144496,0.05672929171460135
-0.8561943829308744,0.06379161633503241
0.372492956486298,0.02001853525358999
0.27060255387499094,0.20499143744177958
-0.4581661952999122,-0.1689858080537096
-0.5074190330670619,-0.25189600911063265
-0.5077736739017253,-0.5935261801794947
-1.0425617212283997,-0.024462557774309408
-0.06433235017478119,0.332290925780042
-1.0450139865571777,0.04567227001725984
-0.4401460608669761,-0.7072835235398373
0.3904777523313445,0.12160248727877404
-1.0013629308071177,-0.2584463384216222
-0.9102525414890402,0.30350577976103493
-0.4925576603229456,-0.7966126614080454
-0.30449141561350185,0.20432040978740929
-0.7934262468756308,0.5664669779452017
-0.013951757295032586,0.29657402916964565
0.23691002917566983,0.24312985769010326
0.19947767259033264,0.21621087974182351
-0.40383141145347307,-0.1844962754057588
-0.24631799435483534,0.8865285129522168
-0.6991562592478733,0.6388949994028832
-0.24975039258226853,0.24337390876077336
-0.07935367023116406,0.9522527433335045
-1.1067826624192645,-0.11360568567039388
-0.5313134084496546,-0.2451157474112916
-0.41694587999128196,0.6408451791524566
0.18268834742902532,0.3064543627149401
0.14364212387173558,0.2759697211261096
-0.49094877571287465,0.5801818284197274
-0.5623625865992872,-0.47221766280924593
-0.6944221915543897,0.3539562539639864
-0.10173061005542909,0.8377293917304416
-0.5557196726240129,-0.3229247884571292
0.5142964477464724,0.4874977417850999
-0.5373006621476701,-0.295455936338496
-1.1083374648916,0.1326916975444097
0.08255044119852949,0.3172269477565598
-1.0486576616357601,-0.0014294788477058184
0.37276437838959003,0.2531986253341332
-0.24958151449874877,0.20359694809337733
-0.35017897866882974,0.2154343082364139
0.023449153854434156,0.4038095367753137
-0.3828910085442108,0.14941940266256168
-0.36905324411878077,0.8164944876918253
-0.27986356337005897,0.16350376098264166
-1.067892675693299,-0.01383745658854527
0.26319310102571297,0.22497125199081947
-0.16730586436032693,0.2815803322821201
-0.12082698935953348,0.2755605970295938
0.11560629462124801,0.352763335695703
-0.21267225449077676,0.9457511569655629
-0.5114986488628875,0.6816908511995985
-0.6446377224547334,0.703552172876101
-0.6642513054444816,0.638231567695499
0.2458269095626539,0.38580452346017324
0.1292471168962893,0.2792357685178203
0.299063263900454,0.21232314800931565
-0.7126735143996153,0.491121496921958
0.08118013135099322,0.4130800119051613
-0.07308791589014631,0.7460055971714443
-0.6738817847801846,-0.7263857263270348
-0.031466993969083396,0.8002542113642929
0.4425856641229704,0.16604507313461186
-1.0601698195858589,-0.31178160634621793
0.015119551957825826,0.3822328169250338
-0.5064481541157214,0.6170283332580263
-0.11440049940143306,0.4193197551537185
-0.35696390635538866,0.21571191873639492
-0.583324518373411,-0.592897527317407
0.5716172991926677,0.17000768921048673
-0.7320986168398117,0.36296977714883916
0.43870375227973113,0.4770636434621966
-0.5601461512103939,-0.1331343381973872
0.3100898990961032,0.3838379994560592
-0.9798179484409751,-0.09911696771112499
0.36482588405008987,0.293064050361588
-0.49117248756433984,-0.2473763191540486
0.051448663528093144,0.3327592590071028
0.4569267999952226,0.5543944891154569
-0.03947999140085191,0.36506816811613335
-1.0127169697439529,-0.22974240563511988
-0.12587801259369216,0.7495385299595483
-0.28104676035200576,0.24657874248771056
0.33907049203451606,0.2729291646480346
0.32245675943833363,0.6709996057151713
-0.28686321252323,0.2225118045264511
0.45091038276683443,0.5864257187176654
-0.21404083393313392,0.6623902805095995
0.42112103619284075,0.7159556435192054
-0.598442963398112,0.6238294357341688
-0.48812374845704243,-0.09329856285729972
-0.6414459748420817,-0.39551062041552554
0.14541269012546434,0.7322499894347594
0.09444675115033968,0.3127683442902968
-0.9462867787600648,0.28369857365405177
-0.7351310441818407,0.4327095032682209
-0.5249508186884995,0.11356937509062558
0.45738597253616164,0.4258978119886042
-0.9683469417268538,0.06997743082579813
-0.5303708315674203,0.16566345048572534
-0.39526935547804487,0.19429609415168192
-0.19073569207310384,0.7847745256295138
-0.11965180750797748,0.7099832772323608
-0.46507543458226247,0.0522191535335381
0.3631631111424383,0.6469176071720955
0.2604848304116734,0.6664224248055981
0.43806243632411657,0.4990727405388307
0.34977512014454737,0.6517090727056829
0.47290903306350335,0.29051544442372285
-0.48445129677680715,-0.42798659056525956
0.043871638477575914,0.471715791659751
0.2015228184611463,0.7128777170089675
0.30939468925111485,0.3309135660457674
0.43143478213378095,0.36540732521232383
0.42454988254990617,0.42487194239386444
0.2907890366983945,0.3150134583645687
-0.017898448703725114,0.700580721757265
-0.023093980113577103,0.5121646629104972
0.0027182306773678015,0.42356523300269305
-0.09323366782029749,0.40646588745272433
-0.22603113929188448,0.3790913935956085
-0.044489999099815915,0.4851394343931774
-0.01412106540054994,0.3815202134599873
-0.4630047053247962,0.03808996558461451
0.2096939952948605,0.33232541635689955
-0.8929149204814105,0.03805607993362606
-0.6642844931626597,0.5498452615476814
0.15531487873684943,0.8287241114245216
0.1922776792041054,0.37857440225504
-0.951759486831336,0.14494714732156466
-0.6241175575898128,-0.447352043841987
0.4357631032140361,0.4805156595453065
-1.0464039322065648,-0.38896802770878386
-0.33861147069779773,0.32626833632689733
-0.4088180463255824,0.11577488460947546
0.24316841144886708,0.3952690681521279
-0.4729962469542385,-0.2426952156185398
-0.9914993476676607,-0.39177565198201836
-0.658157507486373,-0.2819291961042662
-0.5000314003117382,-0.004460987454171654
0.3170785999816607,0.4513481861057712
-0.6413674679741718,-0.6706155679272354
-0.0026552802330215295,0.371232675667861
0.44078906487722486,0.33377876935994744
-0.45588524376507616,-0.0339988561194305
-0.6928170089009242,-0.5543093494614617
-0.2901200282547533,0.27805735853625757
0.37521367671890266,0.460212309379209
-0.7060052591660839,0.3763925458699559
-0.5602497603322767,-0.30412752477103305
-0.1978653919450287,0.3215051872419799
0.025029648677922886,0.37857181820112107
0.006728119875319834,0.8785603918292357
0.3756187676755914,0.5459694187587193
-0.485304621153332,0.13411587056997423
0.13775837220822376,0.4696382816161674
0.11732717231341475,0.5257676528761446
0.3343560239654948,0.6011014020321922
0.36782773541746006,0.40062863427298273
0.10495601090520347,0.4618551284283153
-0.29213284458159455,0.6297316503354582
-0.5794220254174579,-0.0665019633989143
0.3425018652765622,0.5019699271195605
0.30729173772302565,0.4055157025228488
-0.5206919362820153,-0.24988614128474212
-0.19509808382234545,0.4149406531267478
-0.6209595230497589,0.003609206119875684
-0.701413681061183,-0.3358019812740568
-0.8352825834954807,0.36884611889026353
-0.8593274862424987,0.17645158472252973
-0.08627009165585184,0.39402909922940543
-0.9570639883181296,0.25201888745736295
0.01516557893224902,0.8296286358738383
0.1365574009930949,0.7431143168786558
-0.5957658491110123,-0.14350144547227076
0.1267746537396407,0.8389121667722588
0.3045623324585487,0.4053075936801121
-0.42986141370218356,0.21898713326928473
-0.33157386993704724,0.34678939666208175
-0.6747932300175364,-0.6951749123223402
-0.4065984403058701,0.24927651153429695
-0.759103267839009,-0.5902554593440699
0.004307468019918367,0.4743732124514421
-0.5167493491720704,-0.07209595540315607
0.08294038942043974,0.4514272875199318
0.13512536655986995,0.44553385752050184
-0.8742742835728977,-0.608017113286771
0.013350199130802052,0.5215493350901972
0.24492660128426927,0.5746621143364166
-0.00015375683044342348,0.7460092951635812
0.22447456648456784,0.6229027763869831
-0.37188245398705316,0.13372165836741068
-0.34935267177269425,0.20276913470316504
0.3071212813967875,0.5192008597620323
0.17304720807805216,0.44167574621323114
0.2218572828291231,0.6450337515939847
-0.40441006784833367,0.2502288991554127
0.13160212690417483,0.6407894457649975
0.18865848585468312,0.5735453283655981
0.1912053880570378,0.6582586687419043
-0.46870435228463475,0.06587045034467155
0.04127018770964427,0.4865958991777576
0.12821486298144785,0.5090273868342315
-0.8346104794451894,0.19357035098624925
-0.006337932551444726,0.7696472860866886
0.20473024350087002,0.566081021822652
-0.3743867491323492,0.21412565729779057
-0.13109523476800913,0.4993102778281843
0.09729109225881499,0.6773409362975559
-0.7953563003142944,0.44370036566480026
-0.016965033905404475,0.6834859031282364
0.06448204830864515,0.5573492289779199
-0.7782550616702989,-0.5698118435878374
-0.6348831539980112,-0.3662659094281661
0.25871950983805136,0.5450835382429132
-0.8459807280654329,-0.20576978056487907
-0.08804985280526764,0.48907868552694855
-0.17710296042885199,0.6666694501456554
-0.5939534950914394,0.5033127172635995
-0.4880291721134409,0.12264959025134475
-0.35661890131390506,0.24348964854631572
-0.7157122213544272,-0.2725074658588934
-0.8429548592069314,-0.09950231702052378
-0.27805559054705153,0.4003481806324498
-0.5750353075924024,0.4617310220038437
-0.43214304722649954,0.5709006006500177
-0.25033195588543894,0.4070819516929545
-1.0193419709948734,-0.016307337405046175
-0.9032157686482067,-0.5514074426853438
0.041197367164540234,0.7692112417156867
-0.8733679214547335,0.14860123633092195
-0.7343799365602357,0.036436877242909615
-0.5645403850132451,0.08380015548010518
-0.5157323100288972,0.2601549219465128
-0.5848336581098754,0.1651234863125623
-0.7601087486556269,-0.39974417877777807
-0.5829108834900092,-0.06065877343554306
-0.0462291581199747,0.48036724249482426
-0.2490256889405607,0.36163826192815135
-0.7516517625717227,-0.2469808687296005
-0.08769610052845465,0.6399438707262894
0.20429318879051525,0.5378602236202004
-0.5734322164871494,-0.2981477140741872
-0.332417989024227,0.39198118986704394
-0.5626031644064902,-0.1451473156172306
0.11033852264658287,0.6905492437206023
0.10332989329419313,0.5711500704932416
-0.43913471034059254,0.4594721600381652
-1.0308231200308795,-0.2220430677748166
-0.007062596232770773,0.6210966777890764
-0.6679874607552893,-0.2488793819332063
-0.7068202437454205,0.30793108923529006
0.024870750540437355,0.49914262824349676
-0.29255784201048296,0.6338307634546226
0.028582012712511675,0.43507418483465543
0.11995246543714151,0.7478335565347827
-0.7386481145218282,0.2870913876795535
-0.17238566377877867,0.4941264756515251
0.14489568585353998,0.6287527626425125
-0.0277362675162773,0.507172122001189
0.07105022326764841,0.6488127042016401
-0.3924505726342785,0.3379046238624839
0.09425029585919145,0.4911519790047682
0.1688102574479445,0.6787654270428305
-0.6193132075533604,0.37799970072906475
-0.502265795596345,0.2394611511822215
-0.6196176313693443,-0.579586735759014
-0.6759747327984503,0.2699452546547871
-0.09419479154796959,0.7235719954555397
-0.20065475246529543,0.5406603796662968
0.02834520479053422,0.60080883938589
-0.2160323453005053,0.565465807573901
0.04558218965966536,0.6573015294005184
-0.5553246884331736,0.015565201589165748
-0.33059928854124554,0.40240759554148986
-0.6739198649158634,-0.4517427518340283
0.1564131991965846,0.6192945750183563
-0.7056014334866522,-0.38244887134774636
0.09961606552626498,0.4914718943440544
-0.043068657169377654,0.5896709260245343
-0.10109804751089065,0.5582521108274535
0.09600280726784496,0.5976694475567043
-0.7988443628830172,-0.6014519759283029
-0.6353164630685698,-0.3190395871606448
0.1345849737601379,0.6003463791395458
-0.8377533822516862,0.14129810389115205
-0.6222907618657114,0.07448209840200715
0.06420027594315839,0.7094184335466943
-0.976034035901326,-0.10187080233527943
0.028606632870325156,0.7534270507766777
0.004942522397035637,0.5738636748653329
-0.6785857193835451,0.29715510889406965
-0.31785072024366035,0.595207419317946
-0.8190556310929009,-0.010262089871692786
-0.31306063213662794,0.37011095845146813
-0.6536568788432853,-0.21128891464466523
-0.027523671491515266,0.6422843800092934
-0.6946920872155099,0.5094145567154719
-0.055764320568295035,0.5177484796704196
-0.6575013485287152,0.06169660391441804
-0.09562204164078406,0.7210362310541492
-0.622292155639643,-0.03676509844303568
-0.788830994786044,-0.06460416338446279
-0.09209195453345183,0.7138290730652211
-0.17807413351502044,0.7707800695040754
-0.7675931444682287,0.2954578422945169
-0.23995965691732143,0.4885275220582398
-0.2679457549193062,0.4637956638612727
-0.877793403069341,0.101905414336473
-0.8663779981733738,-0.26513148131570474
-0.6246195849908897,0.07404984329992553
-0.5920755096097106,-0.06331261635110355
-0.010224484930098985,0.6711602347940251
-0.20952774220525552,0.3960364986679639
0.06106491646595431,0.5848206392322036
-0.9267970016980182,-0.541003797741212
-1.0661298121102716,-0.26125257103770777
-0.7647486135951792,0.2467847077405401
-0.7763173701237838,-0.3348888081874048
-0.03350250213838079,0.6842332221993588
-0.06577732626686848,0.6358025012761356
-0.3013659916199262,0.3780519588453941
-0.6313441158222224,0.6075486354813792
-0.5199827485947183,0.5993890822740111
-0.15922971957309656,0.5799624231937585
-0.9684658446779835,-0.33083335328087643
-0.20111451952151227,0.5915561174996206
-0.6461760772180493,-0.0954393939912901
-0.526804945739789,0.13395841655501234
-0.1923637696025355,0.5275913355145174
-0.6074509861557098,0.20041041546981084
-0.8152675007127237,-0.3697275559631511
-0.3909836582628819,0.4009325756647211
-0.20429466807382088,0.6686889862485562
-0.756507651602729,-0.39296671895776775
-0.8437065909889387,0.19001348057854436
-0.42464732237476627,0.6246546453466757
-0.1184138935427089,0.6881013244477105
-0.023701499289830362,0.5935153491715628
-0.5711929375083583,0.22819616993659744
-0.04993566431486967,0.6907700149780424
-0.7502410131572861,0.2427980119793755
-0.151345787423766,0.5998585990772741
-0.36218244558997553,0.42209868262753475
-0.6974492906453016,-0.02651037007102974
-0.4110738566940543,0.6230303491539628
-0.15415659587885305,0.6106493079755261
-0.8647172900077963,-0.15913898543014382
-0.1711825741262615,0.5638817322737047
-0.6887818956053283,-0.2809648083055025
-0.39535132771456083,0.7029106793016099
-0.46525955692211723,0.21957155651410465
0.009829216132729638,0.591081763300698
-0.7353545123350531,-0.3730020200146385
-0.008257660649453989,0.6147693306444101
-0.6812295043855372,0.11600640106251547
-0.14386022823764918,0.5669304416130687
-0.6991115996680036,0.02808768306135754
-0.6424028738330749,0.36283862345236584
0.04137444535231347,0.6073933072557013
-0.2941453239178436,0.6381735205924547
-0.4100100324813691,0.43169800304435724
-0.8590065331289248,-0.0018251554474633435
-0.5609590664783501,0.2921635658923869
-0.1681931121890389,0.6943511073654304
-0.7939088512291226,0.1144384911074675
-0.4017364746870174,0.29380356157851295
-0.3004256125475317,0.6146209336500674
-0.19157463221453117,0.4349226529393188
-0.5794440020342123,-0.008456955964738444
-0.6338322142252111,0.4584470191156865
-0.5403513088450829,0.1262114832017606
-0.7518034465714345,0.20420989772396034
-0.5706983464628316,0.30180398946759235
-0.6275319244168326,-0.2989856252819207
-0.7491065311926786,0.036625630061909144
-0.7888900522638067,-0.1950651366912599
-1.0313277397736758,-0.010722443887068235
-0.5376884646637303,0.6272473094818991
-0.1376257603600535,0.6193166293007818
-0.881465967467608,-0.15023382485194034
-0.34038470732634685,0.609739376540315
-0.7149928259474524,-0.03282826836191797
-0.37447855251914064,0.6852212603805915
-0.5843126079100862,0.25862782673726875
-0.7138571394601012,-0.047587515799472714
-0.1851161201249317,0.4950210470510277
-0.5993629174240547,0.24679301425704553
-0.7122212095563454,0.20217757922947285
-0.15821529743591284,0.5700346360954034
-0.8298716961339572,-0.48862920830623485
-0.46221401526805006,0.38882229290257053
-0.3883699414096005,0.4378600870222467
-0.2913301927758194,0.5058990711589374
-0.6966702962833903,0.2866849268875573
-0.7729670368645402,0.2997816060728741
-0.477350817321478,0.17618815830113568
-0.6853736599906957,-0.29870693232060436
-0.44647235104970023,0.6613413291777281
-0.742731585578419,0.09588375029597936
-0.21460717040441063,0.47387994240027936
-0.7516356471086286,0.07470939352147188
-0.8999528569175412,0.010286404327284919
-0.4822060443275325,0.4781026874580045
-0.8943940077921311,-0.16049812618699452
-0.916823540418479,-0.4677245415415858
-0.4237036449000307,0.2927773370874999
-0.690179170799639,-0.03377105939272614
-0.8099417822215297,-0.39135267991578104
-0.7896568541564596,-0.11530345393007621
-0.3917436084774801,0.4299033638522276
-0.6996151763837447,0.012610031900403763
-0.7531143429648962,-0.3311758058520439
-0.8570175499951499,0.046646506919512255
-0.5816349416042138,0.1845651988075149
-0.9020655714905826,0.005073380485210732
-0.28138085213558095,0.6905657236041911
-0.6111776495409715,0.5041595049342952
-0.15992527576144938,0.4775499738415662
-0.9446649101570896,-0.2063217121721361
-0.24082717699833606,0.6004704658801848
-0.6900573334094346,0.2088872419173068
-0.5984875255651693,-0.380661688660062
-0.37675415100850346,0.4632770464869082
-0.6654270557705835,-0.04899380272623027
-0.3572880894326617,0.3689223562227903
-0.7478071278700194,-0.26799420400207985
-0.5762280809958716,-0.012249164316824279
-0.5620953358105567,0.3829062271319747
-0.7684055164229064,0.12822236008782903
-0.41203565828350985,0.380246837117076
-0.7049224326795598,-0.3245753259778087
-0.6301431237321994,-0.0689324015372455
-0.7744779448324587,-0.0485323570954703
-0.6468602933678792,0.36186301185483893
-0.7919650964884556,-0.13669075087934812
-0.7646023084186298,-0.18721408567533726
-0.5157830043133622,0.31071968835510516
-0.6905878407921364,0.31946239647111907
-0.6252509131046619,0.08930413982568991
-0.15070427015739796,0.5007834382048474
-0.4884784317747172,0.20480365070521328
-0.9018406388652338,-0.018470143301276904
-0.6200585298570951,-0.3355769764455298
-0.3181705044558872,0.5367407329994855
-0.4817087261193651,0.4254751054233921
-0.6030175859580169,0.35615062493095667
-0.14313692088862687,0.5548082682713154
-0.43854058564623205,0.24824537832900775
-0.2204902177744182,0.6354016155330461
-0.1464231419507131,0.5666903866399997
-0.12108471480264016,0.632016142190252
-0.9454355624887176,-0.27157247792939754
-0.7857651545245925,0.20384431790797017
-0.7255777773278458,-0.21573117407461656
-0.7057136484820307,0.028450072334934864
-0.40653038160161764,0.4221989438752816
-0.45600806419868706,0.36815563309784594
-0.7056926845724945,0.3840508975310529
-0.6582225502110645,0.13021637609133024
-0.8493627579363843,0.18229118723445584
-0.5371356667812331,0.19219816303282308
-0.06687817395486897,0.5655926497699152
-0.7643903860033242,-0.2576281697434863
-0.3152913931585705,0.6101607630190325
-0.9441485160129949,-0.31726043488446454
-0.6126796431614936,-0.025973865346720606
-0.62027277214928,0.35756300534413404
-0.9436169494747322,-0.05341917876190012
-0.6065769835499328,0.1421936242521992
-0.5249470944467602,0.1113284970262477
-0.573369845118454,0.1611703798752768
-0.47262581114561325,0.5835926487335256
-0.47499070986612224,0.2883391732815461
-0.1760394143831071,0.5055492249146634
-0.44265199548516987,0.35784124125163935
-0.36450491917548045,0.5428913023716158
-0.5684950997760488,0.0594640359974082
-0.8862765192623461,0.07866422756629342
-0.9580688798934599,0.08362678932541172
-0.8228055645726378,0.0085089715290841
-0.16329376523765132,0.5816531156926324
-0.4045298893282308,0.3916990597709265
-0.6722028397233061,0.22972954971799986
-0.1612926948928753,0.6348632306749676
-0.27825660871063007,0.6798072483297952
-0.3630523036555255,0.5180621627911095
-0.8106795984677088,0.11594725961753866
-0.6099747608899989,0.2664894414586945
-0.7587518652885852,-0.36629011088886543
-0.7551195267057236,-0.03522568891328261
-0.20798737341832044,0.5671489424708328
-0.2728239928646216,0.5338772660979859
-0.39084289837120917,0.5282308096285668
-0.9510660190612309,-0.16633052349516983
-0.30001187135904456,0.6372833145979555
-0.23366805853048972,0.585422813355004
-0.2940806678043168,0.5421158173996975
-0.19964521034716595,0.5557228098081753
-0.6379177693406816,0.1467829746396911
-0.9312699675137583,-0.19703427356653944
-0.7032601478290547,-0.07497611165715447
-0.7201315705178708,0.1263766845037283
-0.4467703559652147,0.2609132512238022
-0.8482260034982775,-0.24748865695042344
-0.515173497933102,0.46832622467460283
-0.20028245992004404,0.6193629433956669
-0.5497254504960534,0.3963413700081811
-0.832447019903148,0.020185777067918607
-0.5040138718633569,0.6360705162338418
-0.29231124707102185,0.5622200666316226
-0.8075850872623525,-0.19834652960637428
-0.442459623978858,0.6221295515141383
-0.7403188082341257,0.04955808585543893
-0.6712375732938444,0.10961369646330847
-0.24942793720954806,0.5568627356406209
-0.36810000150216615,0.5201580765025406
-0.4052508837137143,0.38996522875270767
-0.23935722879044885,0.5851453178190311
-0.7294500685330892,-0.3478287310506393
-0.328668391736109,0.42838982956835514
-0.6017271982747884,0.44530900629013
-0.5740082123629435,0.3332085599013661
-0.20007693083438582,0.5029857567358129
-0.7471467933012211,0.021547036411051632
-0.3781341997054727,0.44149994615366817
-0.5634388904995381,0.16255882037279715
-0.581331433598333,0.2667663202761953
-0.27888452970317057,0.5052845610719928
-0.7404548877934374,0.18811793682678002
-0.5987921087292556,0.3531493722635655
-0.6450144912391866,-0.19505304429833648
-0.45598795456824764,0.46778020430558503
-0.49596527293635767,0.4457852977061908
-0.6898130579090073,0.08937450366247682
-0.3760413449861826,0.5332187194697333
-0.8523874584150604,-0.4602675501959392
-0.5490233356384573,0.30773745641761346
-0.3726883414160038,0.6136403697899276
-0.7571958126552473,-0.22744833351941823
-0.6977946862295143,0.08446426674435181
-0.1687062788362655,0.5968150539182422
-0.8320601832536934,-0.0660775323708864
-0.9154127000850784,0.065317638832038
-0.8332019489090937,0.16532570188064455
-0.5752457467445004,0.18431697963521412
-0.3933377807549135,0.42153267422094604
-0.34360305034207766,0.421763867515358
-0.7508377050865797,0.2777525479631695
-0.42351912309483364,0.4706896470112083
-0.2907715424797926,0.5384004705815083
-0.8058029392265564,-0.11739786986525953
-0.5527578986048732,0.23962282373093644
-0.7809643074829338,0.08816393370440363
-0.6763724539672356,0.17567197975959375
-0.7712509608555552,-0.4082866715687518
-0.3262364995029568,0.4614540872809838
-0.6961912837507639,-0.40105766186953323
-0.5394823764960023,0.23891483376146766
-0.21241872674038328,0.46030867528505665
-0.7772565538234303,0.22516271092534318
-0.6574897117153948,-0.3668195902160865
-0.6987638153914706,-0.04662952481553419
-0.430464910936931,0.44031840574095166
-0.28503261088816384,0.5945387178764723
-0.567347913936736,0.27855889154220126
-0.49965735796611155,0.5578119765640096
-0.6254853370827004,0.32627556612683306
-0.5052008477413006,0.3944069170637096
-0.8112050342128111,-0.16564784613106362
-0.6433151917772091,0.17020049192470577
-0.2787033487142176,0.5019224209874916
-0.7119163150127074,0.056502464074008094
-0.6336835037133496,0.26813010558973355
-0.8527699839132965,0.07952018344695232
-0.9453137971634937,0.08386052686668433
-0.7243920158945961,0.1797684690077777
-0.41131549921208244,0.5091148400230142
-0.7036779081499296,-0.2276879147354534
-0.7649466900235746,-0.05787482368723781
-0.8064149334195043,-0.3788745419910624
-0.8020449956859786,-0.13230659456699878
-0.5065496630875035,0.4059048396841196
-0.6993283436863346,-0.13779932623871624
-0.47513762470448195,0.44267584849079833
-0.6608914175912329,0.3161883627288965
-0.31086507603457647,0.5137217150416946
-0.5351533017513957,0.37123538594976857
-0.3882450972665525,0.5217846021478956
-0.6324548246087285,0.38731146283856804
-0.7287020419360504,-0.2192497567114009
-0.8721502734019042,-0.1390497409173777
-0.6665725702672476,0.257394469300289
-0.405475717416596,0.47222819880125194
-0.7975484488002578,-0.1258792175270987
-0.9079450331684552,0.027742764802504736
-0.35709225338430584,0.498480462833424
-0.9306891700510209,-0.3745026662089245
-0.7940785538323138,0.08307396961099582
-0.964668041032416,-0.19620473928285215
-0.23243981135481578,0.5124775441832181
-0.47651103605164835,0.369100227937278
-0.5211791211778908,0.3586538061412357
-0.36192110442259845,0.5794771798475696
-0.6568930604052278,0.044134859894096864
-0.24820366795193635,0.4798198129730687
-0.717716978080017,0.019758287391905677
-0.7954131768170453,-0.19487508887989505
-0.7998049670213823,0.004128006373546804
-0.40259963111396535,0.47120428134464737
-0.7177808680732897,-0.1353634370519578
-0.7949737992926823,-0.2537352345518085
-0.765293336287084,-0.31431632360681006
-0.6812590271304407,0.3413692975957642
-0.7230448472607119,-0.12806923576550025
-0.8038480666813445,-0.10142024286038699
-0.8301903243999856,-0.37265085913306084
-0.5862384566671242,0.30118096324657717
-0.4671743723137467,0.49652832546277365
-0.6640389742404716,0.23736127727876682
-0.4122060965809914,0.4065061884751149
-0.7467504749778134,-0.11405503955085922
-0.8320945407502038,-0.01639590499990023
-0.7556340074378887,-0.06784403060825278
-0.4166367447253017,0.5543844524671383
-0.7281178461024587,-0.04314028968036939
-0.7441113767128771,-0.10355988816556999
-0.9012814392874868,-0.19226514011822787
-0.9666689620412108,-0.13896020985731042
-0.9167426221117425,-0.15315665239009948
-0.39470105058820887,0.5792295366039539
-0.5292658431138497,0.519623441268666
-0.4315471174495849,0.5440929767273116
-0.6882736270603398,-0.0466819498076876
-0.5515455261134624,0.45070509070196
-0.4348733507661129,0.493922632416956
-0.7687799696612759,-0.3400124959832003
-0.5919037884750891,0.49872339635636226
-0.688039269375997,-0.19661871174931345
-0.9521154687666632,-0.18536068329243954
-0.9198731822970713,0.15509897524611535
-0.8246600430987477,-0.016595640258016738
-0.4604059259375778,0.5300206584888791
-0.703612219508073,0.10695334602566567
-0.7547096066458375,-0.03824065886870144
-0.799882285186879,-0.03156136002328832
-0.8582223323543952,-0.2612286585566722
-0.4092026488771183,0.47700753672898444
-0.44429852058521174,0.38069421607053117
-0.9214425018371005,-0.2629014452856518
-0.7312775234288643,-0.10406708035479918
-0.9117405803919897,-0.05292206394041334
-0.6686524408208722,0.4471091846584507
-0.3452787708615837,0.37140814660105886
-0.4672555644574977,0.47213199337358064
-0.50483288130396,0.5637738814058947
-0.6736868101749576,0.11411015706684761
-0.8129645728652463,-0.22196172992353316
-0.6142015214990675,0.3814002457666584
-0.45125238295481973,0.32194637942295484
-0.4260483157581183,0.4691635928330336
-0.8496105522011741,-0.03488379465186771
-0.6703212919617957,-0.13621113011310884
-0.8093004232597807,0.25599894390712663
-0.7531954989156668,0.03794583010695756
-0.449693116045003,0.555982748444239
-0.8249033540301178,-0.012146852408290295
-0.7728846149925581,0.12873508153910515
-0.6646050032898861,0.21523750203720282
-0.728030671524807,-0.21490462099168184
-0.45168921318337,0.4792593605747275
-0.3725121289961256,0.4515111356433109
-0.7167225567134777,-0.12595011466386552
-0.5430968567430291,0.34814879097147866
-0.32641699048887696,0.45737482331148976
-0.3419738263650538,0.38268150657574374
-0.6319317654251516,0.2707368907000995
-0.6911984637181152,0.2230453900451518
-0.5161636233282509,0.42524934899698513
-0.5034471479345375,0.3873783285781355
-0.5340682635780919,0.32172695417205616
-0.7494580552951259,0.2172233156682989
-0.6612355503378943,0.02128776467120722
-0.46199770005381646,0.5095535619623076
-0.5211488576509916,0.36956610057529343
-0.648921654520869,0.06747764787054314
-0.8533227439090035,-0.3403639679978937
-0.7486012366482796,0.10455550150566871
-0.7730316021344766,-0.17922195253739112
-0.42192278276362116,0.5531244349812854
-0.7016871097024715,0.10459216460078045
-0.787504761545153,-0.020865033474181
-0.5073959972480128,0.2692539000120128
-0.40090744508162235,0.4532671757071352
-0.6393598004027442,-0.07949120094247364
-0.8436686652815649,0.006822812399585966
-0.6338594974216054,0.23797961145160432
-0.5593663174169029,0.31999515709619714
-0.724511546370067,-0.294814197482166
-0.6053212995313272,0.28485243741378447
-0.8104093364370757,-0.22134134378757098
-0.7004386193760733,0.002925255145058096
-0.6463119023087788,0.0003634364699297162
-0.9026536267527461,-0.21961739896040333
-0.4269778880077625,0.3561852483708197
-0.3600181100299108,0.5569486244155681
-0.5521954826852605,0.40713605480050014
-0.45057635741282553,0.2459724209719111
-0.687204697836008,0.11074085585915423
-0.6212383315125892,-0.05342162231065697
-0.32345449701780693,0.42819531318063364
-0.5800698408439383,0.1755873473674492
-0.42617869955481863,0.3698329747710528
-0.554221293777334,0.4059198076121051
-0.5225584682686522,0.5278856092334233
-0.2997918439765827,0.4691044206391016
-0.5198908551112785,0.3442522828866544
-0.8005148784198858,0.26341856661552526
-0.7261534910436064,0.06441786730927519
-0.7836697132107292,0.2797033665671152
-0.5184521679314708,0.24921036223320486
-0.4953008459028574,0.5151767741447734
-0.43194977339159385,0.2765656476232091
-0.5309736812585174,0.4383346816327062
-0.717382147192716,-0.1930908117648982
-0.42817369976473507,0.4984403430430016
-0.7662005537589166,-0.0482560962975128
-0.4752592749516928,0.48475563734521976
-0.5698839430178334,0.3800227417739611
-0.45443966124120777,0.429584782841291
-0.8016292860359829,-0.04156191314074552
-0.3942698534305183,0.41532259080523815
-0.9357168357445493,-0.2624872521390503
-0.6512215103048763,-0.13007621326492605
-0.8284857565647047,0.027183176813562773
-0.7244652627745092,0.05276946331425798
-0.6628275934963531,-0.05658093744675384
-0.8068793698830118,-0.2282013661000241
-0.372656575267758,0.5108189184715917
-0.5664292984766541,0.31232749124794923
-0.6591261744324117,0.14148981935451274
-0.8608643052681291,0.02447596796962619
-0.3852238102394495,0.44773094904624067
-0.6075218382075361,0.5118250215868922
-0.6199957608382022,0.23757128964938076
-0.677760940820961,0.2544415282573623
-0.7507488685407716,-0.14040631172359905
-0.6226987177532018,0.28197677732938636
-0.9070507959340366,0.07175526572751532
-0.5653053888283793,0.4796688120386772
-0.49245672797395745,0.47829260191868156
-0.5771283847980027,0.41007195182400136
-0.5964787133224575,0.4352974306055838
-0.37753435850965,0.5652283656601866
-0.9360229502283407,-0.1361717936502304
-0.6201751503693764,0.08011142571089433
-0.7165111987286619,-0.06866252890436625
-0.7735498440889136,-0.06189354021033767
-0.6581703604200461,-0.06937334238947998
-0.8304575561831183,-0.43591928614604347
-0.8120435346074023,0.292048980629541
-0.7840625424301245,0.07936125332597446
-0.34681366965461896,0.46256530404698815
-0.5239507152892404,0.40448399861111317
-0.35783047498399423,0.35723720860946784
-0.7764245111493353,0.016639334010392647
-0.8405679122848204,-0.34284818301626113
-0.887889004352722,-0.05430553851750349
-0.6446802762022259,0.07585886174197484
-0.6307227498584593,0.46797704932762113
-0.9054733495438023,-0.16431079887525435
-0.4637249328084783,0.3866408310095527
-0.5570716805218697,0.44725880219266834
-0.5991926106098321,0.339779182111673
-0.7321516230350551,0.0656940963683633
-0.6020173445919397,0.024836566229022916
-0.8899177666804015,-0.4637630947402452
-0.5091475955235467,0.3993708768587456
-0.7567976708476971,0.20484012729981907
-0.5586571176823101,0.32296752087627695
-0.668645712187259,0.3262345787841396
-0.6505898687991544,0.27401080710706516
-0.5566705503790477,0.46942930601784083
-0.9139023960520274,-0.10336517849598541
-0.8181460735802892,-0.33774033764197864
-0.763715623936108,-0.038262181773869114
-0.6334008702620717,-0.24246360526489724
-0.6362421248056971,0.495740199257495
-0.8187469616546427,0.2185363446162639
-0.7697904178377817,0.06402303611360487
-0.655820931514652,0.3178588227686348
-0.8349640044737241,-0.29818902018439075
-0.3587612712220977,0.3802614775321774
-0.64994734319444,-0.13666031960879726
-0.8541724381093884,-0.1019263940051086
-0.5937829730707569,0.26004184276985004
-0.5074631174525511,0.3004701891313602
-0.7396191811007982,-0.15409824530193153
-0.5373551209452615,0.22154895486387233
-0.6175088638579429,0.5003315770324595
-0.5959531499570666,0.21862641778106107
-0.4803181410312854,0.44054354637157755
-0.6808076334822333,0.04154693034457671
-0.5229398489307755,0.31999073506328196
-0.5570496127922425,0.25484434357498725
-0.5661643230042984,0.384568516806435
-0.8651727068503241,-0.049342669642215335
-0.6939070852999837,0.26389550321083133
-0.5969604247063262,0.068196351914427
-0.5862906920875184,0.2353857016411077
-0.595890905879028,0.1349101520079841
-0.6406128043739544,0.05988482470946828
-0.7187591393588084,-0.17969441445945572
-0.6084299500962541,0.2651788922358217
-0.6632156036739073,0.29455059658943383
-0.7546074652714329,0.11411730577917203
-0.6716746642478508,0.16807539774296165
-0.8320527252979485,0.18894376339431823
-0.7245372138078385,-0.07567170474048725
-0.7325835655233728,0.13808003681224065
-0.8584512637297438,0.05135125192844873
-0.6705955727442358,-0.14015647695381472
-0.8816964438029812,-0.07051962078208775
-0.4033865137446148,0.444706795622764
-0.6318083059957711,-0.003100290780442276
-0.7723350628601549,-0.058713883507061734
-0.9398768326053317,-0.08546286522623754
-0.9421578297662992,-0.369246559887369
-0.6730616476192532,0.22622621393116094
-0.7113545618165714,0.08757162929236773
-0.8073974770149305,-0.23458905483199444
-0.875330374177338,-0.4269895830064405
-0.7164052594114378,0.09792162781214303
-0.6601559156303285,-0.09734484041544
-0.7995653970262242,-0.16379620513985718
-0.40311997931816973,0.3586715101124507
-0.5356750975944433,0.34136134902133175
-0.7485824045787278,0.17245085196611185
-0.4402809178145953,0.47976926902252254
-0.6912205180511642,0.2960253248832319
-0.8060720332931246,0.11167621261401507
-0.7177422798838411,-0.14913666496461014
-0.7077951127826392,-0.0821167396044222
-0.571725826425473,0.42473440349637787
-0.5682851892764236,0.37541645714648647
-0.6286664575411472,0.2340396929360481
-0.8345732583565687,-0.2591180885276235
-0.7022741619560275,-0.025209438786196352
-0.7328035375226106,0.05385298119629233
-0.600301178556371,0.1630874027648084
-0.7233328136202487,-0.225809639403142
-0.6402322324609516,-0.02804292136945778
-0.6839243848312806,0.16688445272217198
-0.6476507383832825,0.03735637740228819
-0.6312067223200277,0.2174931789950019
-0.7334848865529271,-0.3510653089272655
-0.44812382843045184,0.3398313824879324
-0.6590787833633469,-0.23829594882325628
-0.5599772528168612,0.37542063841625983
-0.7817139739566276,-0.0726823844996439
-0.45923257144947266,0.4141767649466122
-0.6470762689025132,-0.009951532870455297
-0.8359897715294988,-0.1666793982653604
-0.7421484577389432,0.016929362636073562
-0.4891140437542955,0.35308648507544116
-0.7382117757577866,0.017312548893721497
-0.7913681425607353,-0.17395417935005908
-0.7337953308520695,0.16905143961725308
-0.783637793860374,-0.1386385142838886
-0.8248213630041564,-0.08865829542251225
-0.5556907513173364,0.3396163174057942
-0.5695662994112083,0.26990922777314647
-0.712947207688204,0.3000916568897651
-0.7930162585835474,-0.22851585317085443
-0.7892176155900235,-0.11036491984332605
-0.743342291866505,0.10455809080806251
-0.6030692233255667,0.0899651381690695
-0.5930247928887163,0.4125365111405584
-0.8119402344303852,0.2513059872127639
-0.622826986110098,0.21973609555113113
-0.8039101681647959,-0.23194410744348407
-0.6630305981552497,-0.1534117152537998
-0.7492239954076302,-0.02179081558729146
-0.8468140964470334,-0.1806681970329699
-0.662453377901459,0.040604176620114965
-0.7373011150299078,-0.24408225670101935
-0.7619765658280474,-0.2332847565022926
-0.5758999253875539,0.3878417275438079
-0.794624259730396,-0.19355062015431534
-0.7309378386982716,-0.24765905333577862
-0.8412363385070728,0.006123213600720885
-0.854011360687181,-0.2599812716396221
-0.6890135894767625,0.23905079979481145
-0.6927322122689854,-0.276603960638467
-0.6913759132430083,-0.049882812147882344
-0.6070219662517236,0.33618468411252916
-0.6802661545452429,0.06876344579687728
-0.5878246509905568,0.363077696530228
-0.6830058382259054,0.2595905103401004
-0.6696158837895217,0.1588321090196447
-0.7784620917055433,0.12055376595203039
-0.5962108345900226,0.30600708431098234
-0.5654635237949786,0.5114695688177056
-0.6934400849367631,0.37937919189301106
-0.740312847946824,0.024178382463261393
-0.8715391719408819,-0.03488359490881753
-0.8103507725828428,-0.2070607885534068
-0.7189087397449709,-0.1282121994798759
-0.7510347953970435,-0.008651923994270073
-0.711768281192236,0.18979677959514202
-0.5381887856098353,0.13363913442277847
-0.5031231324732504,0.3364747386862568
-0.7043274614805167,0.3579900078091399
-0.7315630645285405,0.12225454094033948
-0.54633601220068,0.43938816247928475
-0.6952047101057096,0.2494067294751328
-0.8286662897369953,0.1473612326990256
-0.6716339651764903,0.2550641027932511
-0.7331678653370112,-0.11932713691921283
-0.6734756926195509,-0.09720348812536891
-0.6897209980044502,0.0982656717779494
-0.692460169156105,0.21604724701250866
-0.8151963765381536,0.056257229336155276
-0.6442664077646219,0.38589743383199904
-0.684365894313382,0.365505575975152
-0.38211353450501445,0.40498569667490836
-0.7149051148831651,0.06892549086470717
-0.5917985600225995,0.2698909481367304
-0.6506329506584029,0.21481655692360438
-0.772411494937053,0.10084547119599425
-0.5091861530035839,0.41346549585213427
-0.8815415306344511,-0.3292480212865987
-0.6588479110530775,0.3481860770680363
-0.798042915183535,-0.15530225709816498
-0.4687321625265698,0.38485922430178454
-0.4682757896002941,0.3015767844690277
-0.6212973680831583,0.016816176471936475
-0.8766871491880104,-0.11274704595782391
-0.5062331192953318,0.31079083644316313
-0.6916739890419388,0.2477464911296036
-0.5316911173497146,0.38048215719272244
-0.7627769890403131,-0.07742510947801316
-0.6531037590725627,0.23257083341987062
-0.799953536646553,0.09012615764295663
-0.4701935143513929,0.4083562648558275
-0.7352117186644922,0.14650396702053534
-0.4940917988742292,0.39113265962529603
-0.7221366266718889,-0.1355697475494839
-0.8577247250081205,-0.3250364666367709
-0.8524533525574979,-0.14410333002004308
-0.8017216652450753,0.05774323614970494
-0.802232637649565,-0.09556808820315675
-0.39640068540481593,0.4040957162147347
-0.6766811318513088,-0.030086976613678196
-0.9265227271960003,-0.17188859072939883
-0.8061982378614877,-0.23670662983480645
-0.8826675601790764,-0.05629617057683734
-0.6580905622941535,0.18885222623821468
-0.5642984303884518,0.3127053539234292
-0.784744757364744,-0.1311083970356025
-0.6737143273574614,0.1978895385416627
-0.7845746137985075,-0.11165510542738975
-0.7387590815307082,0.2865445714090207
-0.42944738525253073,0.3266382638478558
-0.6348859659573735,0.1861163050161419
-0.660875781793313,0.39033510990843595
-0.6574103267958372,0.2874929288783637
-0.7339355948230002,-0.02134784384518271
-0.7006029324350695,-0.17683568878797434
-0.6689617575984267,0.10660598860706484
-0.9127390103269762,-0.12907069125158868
-0.5792081148174094,0.21508530578403295
-0.7372431888652086,0.18568910206582998
-0.5861174740998149,0.23775507971547435
-0.6353541914875248,0.3282215105668458
-0.5854082758231617,0.20814121240023178
-0.6821585233485232,0.32726991547997614
-0.5943159015550507,0.3195143427449735
-0.8848934164671399,0.0708059204103557
-0.7389441305004215,-0.26747132293937326
-0.6803552147270618,0.03673622254485915
-0.6306329978269182,0.14853664313451415
-0.6099462437039773,0.2930680867276232
-0.6002623344770249,0.1485436468187995
-0.8252750252002073,-0.08076044313129073
-0.800636402122319,-0.2976170003392927
-0.8725674075613581,-0.37417282493474135
-0.7711351474873057,-0.07008152276642744
-0.7258973411332234,0.19177295024793783
-0.5538131526120869,0.3441109695714688
-0.7884336987948671,0.25315339421634664
-0.7804729647764223,-0.0016297959193165795
-0.6931655332482191,-0.1355778220926874
-0.9281164456844645,-0.2208102772895348
-0.8035998165128173,0.03729227140061284
-0.714565680915068,0.17643124250115622
-0.825367798804749,-0.1989052845958606
-0.6205075893260289,0.13320718342376672
-0.6628520183095691,-0.2571955480430785
-0.6720919287323811,0.2011128281312861
-0.6675344973362082,0.37523386552013
-0.6804124483196125,-0.20066818657966412
-0.7447695574683354,-0.2783849564997689
-0.6372752173792727,0.15673316275892485
-0.749379048339261,-0.32970135610206175
-0.702757240546505,0.16915228883697997
-0.7707402055351775,-0.1885039579673474
-0.8476178029432815,-0.363317447212997
-0.6517060947537172,0.09698140333085355
-0.8238353542758413,-0.18668165873947118
-0.702978222111398,0.05938098235395893
-0.6892087973286279,0.12001568367212373
-0.6447455625218245,0.1715834153411515
-0.553500156977779,0.2586099482775338
-0.6526221926256246,-0.10498721604518055
-0.6964775034671545,0.36934987282690807
-0.6400182457654832,0.15579794486875706
-0.5001344333127183,0.2931296603194899
-0.4873223115366852,0.36412306101968966
-0.7137248193424455,-0.30678678869562337
-0.5876602433984659,0.23940753159393283
-0.778750671810339,-0.3702744074890201
-0.8854453955581945,-0.12892713205521128
-0.6253616132409408,0.26495333308778984
-0.6410022292244998,0.30483694058919325
-0.7474733195477924,-0.14466730766101102
-0.8584620616514529,-0.059438202183071116
-0.8954496825464721,-0.3101447412475904
-0.8616808197876162,0.13175754286483377
-0.7371617421402626,-0.10864702398179234
-0.48112778515861676,0.3928496318635953
-0.8096088184954119,0.221563057116532
-0.7041007477226349,0.12164017100455282
-0.6584615627990847,-0.029569497597579247
-0.6751390833841919,0.27961654400059766
-0.9181365898934637,0.10676910885501886
-0.8043275202854145,-0.2050835356280479
-0.6321661913913836,0.3697858105407115
-0.5308953136641821,0.34868927069023636
-0.7388167561959148,0.2934523881787377
-0.6839151748902536,0.2918000544208435
-0.8327584268187099,-0.08028736872497205
-0.4657183421257072,0.38154226085305176
-0.7178873944140189,-0.017389253459594186
-0.7235315712415499,0.21035075544926482
-0.738795769699386,-0.10838630970479383
-0.6520223082668833,0.23856308924852374
-0.8260843495429354,-0.18611590511240084
-0.6982208704714136,0.1296641705589905
-0.6333801701040978,0.31509379517212793
-0.7316458624819433,-0.023018963842222226
-0.46189218684911476,0.36111257433618676
-0.5599451963737524,0.4501548854104229
-0.5763775754829873,0.27146748385584774
-0.5207610302378091,0.3170784849196779
-0.8896412687254245,-0.2548710966935397
-0.7526573907401709,0.0128320843497864
-0.7878430359452663,0.0836766955622727
-0.9568530457445767,-0.19692929723813934
-0.6997811342840601,0.029540122101058473
-0.6973066758050256,0.08354188159089067
-0.6323658741600183,0.4201606046251062
-0.834141848055801,-0.0885037307031796
-0.763182320057808,0.05723405599950778
-0.9331114046498158,-0.18220914266219643
-0.8317907236081201,0.016484121548134566
-0.5515686410609559,0.2929310066525231
-0.596723453380829,0.1588506282946938
-0.9324616158493338,-0.2536272513729451
-0.7000186067574884,-0.0930085193278242
-0.7093783743162531,-0.21350783767878348
-0.6319366183292703,0.1989809579306799
-0.5583254042829728,0.21736609286699143
-0.6981482440502437,0.3809617278389806
-0.7045873284522994,-0.05773437371138323
-0.6753651315074006,0.16850995437699845
-0.771416455421831,0.059898138708946
-0.5704090082108583,0.21028737332095634
-0.6979849169165195,0.07677532835210464
-0.8904255236471444,-0.029884828735909696
-0.6851311101749941,-0.06987360979181
-0.606558413229707,0.33547164466583657
-0.8948241264918919,0.047097889296157686
-0.6221660472986331,0.26663621302662854
-0.8461884609667328,0.03827612915165098
-0.8080145222048802,-0.10685200211704625
-0.701587164693758,0.13890400773828585
-0.6594671801589405,0.2044978800248045
-0.4961164482337139,0.29738129776108196
-0.5899796014649921,0.22571872627492856
-0.7968147511158835,0.2031717956745611
-0.7870254959916204,0.11054384509212223
-0.7332700041332011,0.23737852208265037
-0.7704186780368805,-0.20725707377631278
-0.6486701416646944,0.1268940386758044
-0.7116640542836687,-0.022985712336536637
-0.6323111935495157,0.3187962852478849
-0.7017255709766956,-0.11272510402586845
-0.6638146408107349,0.2474631156018785
-0.704985077522469,-0.08328637440600788
-0.8000482532371604,0.32670857585012836
-0.621381725322772,0.21398996524124012
-0.7347160707541771,-0.19591908120622814
-0.8304435093321262,-0.0975239553098076
-0.8057728716062794,-0.015958574482456165
-0.7103066747267054,-0.008360064044497975
-0.46754652088540355,0.3626241727353032
-0.6818770121496411,0.047596064858320984
-0.6749531982554385,0.2540030902400351
-0.7678368155955057,-0.019541075461266513
-0.7661882408622166,0.01857009106275136
-0.5674724676361843,0.21417580442611348
-0.5536769212849292,0.2516215368623946
-0.8424957194738636,-0.15424345511705917
-0.8642069214772654,0.14727472961951701
-0.7464860402996347,0.11530643004205071
-0.517671996772045,0.23715365455799592
-0.7792119664929177,0.1622128179514456
-0.8163292331396371,-0.2659222863172093
-0.7236832228194353,-0.013338748239593958
-0.8545719439777938,-0.29900945382607014
-0.7115013571065338,-0.09718047861396192
-0.9379014331046768,-0.0837229984576488
-0.8195613057487176,0.16806217807397664
-0.6337690055829152,0.08527189635655945
-0.7779249935174666,-0.39258649944810087
-0.8033675624619524,0.2880097454620402
-0.6597303350371612,0.26453133788386735
-0.7041408475094295,0.24370373095734746
-0.6463696977714299,0.2433660273075822
-0.7529353762783896,-0.14788661904015493
-0.6297412845559426,0.30208146472196296
-0.4526391574161958,0.334306659925072
-0.47219127709767134,0.27574869990616135
-0.8195925030456813,0.21804853002368182
-0.6006185009625444,0.22075169952171544
-0.6541860342389063,-0.00902887098637396
-0.7587104219461778,0.15694775238702927
-0.9208598182001476,-0.1728329802337268
-0.7976788644681284,-0.42343658154191866
-0.5157922778715994,0.3567101716619079
-0.7838551883102067,0.050418854702825366
-0.7500410649502934,-0.0395487258524822
-0.579688808654536,0.21386395291653157
-0.5694899775566836,0.2511157371293958
-0.6316957804614294,0.16467150132102315
-0.7908661209502145,0.11275475965570313
-0.6378552318765248,0.18683887745778927
-0.9347483838763918,-0.12325180482313537
-0.8049014946454208,-0.12669760289940185
-0.568677340130746,0.2535036497788183
-0.6307034172707947,-0.0014583068670717377
-0.848668285436571,-0.20613113159531662
-0.6941337297389744,0.1274455039929906
-0.7284781089303137,0.26320550205315996
-0.7193455258246098,0.1046091763884289
-0.6566915832051351,0.30071324257358134
-0.7596560518407321,0.1198498519370097
-0.5798238691465613,0.3005454334015431
-0.805097672555827,0.0739356550549647
-0.7393667503494344,0.3193323244127104
-0.7066193454384722,0.29894237926465156
-0.6061658364276693,0.1121052085804514
-0.7485272118727468,0.007209274006916818
-0.6274668921082028,0.27927997019640505
-0.6364920733092241,0.0997662468106635
-0.6887600511617565,-0.02407747756681329
-0.7908447965358187,0.0422572242780264
-0.8191087606853565,-0.2864067238159787
-0.704752048885396,-0.12211989922773134
-0.7442556802745912,-0.0637277404552065
-0.6345038728617578,0.35413683105262855
-0.7393486736594459,-0.13175994680117645
-0.6355823185056535,0.068502617422531
-0.7845831757163475,0.3101838320022065
-0.605636542061506,0.3455810087628799
-0.7041634104189367,0.016368445166484925
-0.7317667796240046,-0.2105187237524149
-0.7772291612441206,0.2755361665475301
-0.7836143550257124,-0.21624522040380736
-0.7035880590094946,0.39027028748043346
-0.7716186770287032,-0.14483813098659798
-0.7635514877873193,-0.061287163161248326
-0.6746748804944003,0.24150352495991764
-0.556795199506411,0.2190784168887708
-0.7394516256115463,-0.003664584972922494
-0.8550942902066894,0.05289124933311818
-0.70298533585378,0.20418078152892732
-0.7610095973969742,0.1283704929951219
-0.6616688265656406,-0.15564182661756143
-0.5616849982604197,0.3365502293349227
-0.8970380188443732,-0.13053002301051972
-0.9496092743509131,-0.028594877926287444
-0.7907723147160007,-0.14795634062371163
-0.8110998559202313,0.2395085803426423
-0.5242441454433643,0.20741553570176546
-0.7499241748852676,0.0014924705385668806
-0.7647493051371438,0.15666537833160488
-0.7969675847683629,0.19258832117712116
-0.7537015227527838,0.16658920377253522
-0.6842443791106662,0.17313840779319947
-0.5885262760408593,0.17285227870902964
-0.6271299802984317,0.40732523312938335
-0.6845263445107324,0.18264596290036475
-0.7686961228170476,0.20545901281762075
-0.705699855360223,-0.1774086609789062
-0.8391579901584688,-0.17501485649724263
-0.6661919848076153,0.12465728211867139
-0.6061156902662554,0.18550786689814885
-0.7329250819115923,-0.06539561285994709
-0.6560898799543399,-0.047506412273995186
-0.6584665757515693,0.17545710782416202
-0.7921210184980567,-0.13054761181814803
-0.7119526302106568,0.21635019161102245
-0.76011006962995,0.0928997988386239
-0.7660079427513004,0.2696213438448055
-0.6999507597953355,-0.053657521496097954
-0.6919396267645784,0.2623287601236838
-0.8514510701972186,-0.09688575834645695
-0.7961040350714345,-0.1667627884920921
-0.8847158879242295,-0.14078907811020244
-0.6958496974149805,-0.1378428915929106
-0.7175885764242106,0.16868785747413956
-0.8106093838009545,0.11248054635572854
-0.7817581701409307,0.1791368583966592
-0.8720096325929239,-0.355387288135124
-0.7818154395320613,0.11243301034605568
-0.7294451894785118,0.08944752588449442
-0.6819973939844315,0.11390878241347387
-0.6583041204629161,0.2970827803710205
-0.6171296012324414,0.08444225578545106
-0.7599834988453325,0.3465558325532856
-0.829974465660994,-0.10205817534606178
-0.6802013552267195,0.09659329878100743
-0.6937896121426657,0.24324031770468735
-0.8612554065700261,0.09855850047782383
-0.6109521545985871,0.2512656867910403
-0.6717833929144461,-0.18042319310229668
-0.5562525089506043,0.14373265939549768
-0.7016664524598939,0.33419542468245667
-0.7667998006606794,-0.017676810979011987
-0.7121719041506783,0.003244500042155073
-0.6857836667840136,0.3737966471220147
-0.8137041399179932,0.10241809178839754
-0.6581024274091594,0.05366765871128754
-0.7271547750692635,0.21672902394964538
-0.8428966680351244,0.12492791778896666
-0.7524652604439136,-0.061549748050315024
-0.6828812441578717,-0.13228597907395048
-0.6603775168291169,0.11310065722553958
-0.6547863259625406,0.13555402659011573
-0.9295159469993043,0.07628144941309893
-0.618573745662929,0.19052973705112072
-0.7870641503511692,-0.046112291632694494
-0.7369530578385671,0.17262879680994733
-0.6596748427476914,-0.11450449909180442
-0.5943400390138495,0.17542452817504559
-0.6754026947424804,0.24496248168949888
-0.7660585645032636,-0.1676643279692311
-0.8508157610722067,0.0013347104741551297
-0.6756054131951329,0.026815665444037424
-0.7459163661768183,0.07294567289918509
-0.7945848243882282,-0.09132287582669045
-0.7067765363089568,-0.259280513934835
-0.7187952342664076,0.3476890007070315
-0.5785147884211688,0.2151433578939334
-0.8273617816039341,0.009150435082458884
-0.6460671677442614,0.22920671990195543
-0.8679998149921164,-0.1402608430026896
-0.8510122494039286,-0.09367042703962693
-0.8117645191193734,-0.019619688436145394
-0.7190766633820909,0.3727056100952135
-0.696554605675948,0.06223194823293097
-0.8937045065201795,-0.21801432700429743
-0.7689633942921632,0.20053476240448867
-0.7424311006561138,0.13742726315982373
-0.688210144199381,0.3479488189721683
-0.8789376840879689,-0.2502654556151713
-0.7440024903127846,0.15272973321655292
-0.5451959175663208,0.35196654649031417
-0.693676579363236,-0.1885638423058861
-0.6807324206859059,0.06417302354693673
-0.7418527859835994,-0.1368930170673218
-0.8053165405999533,-0.10425105600326515
-0.7841032844356145,0.1258249888223506
-0.7105296631691412,-0.14050626423171236
-0.8249977287280028,0.0392773477941507
-0.8308229950560647,0.15579366353125132
-0.639572153845552,0.20697495721609857
-0.8023009620004183,0.03477107215906357
-0.7573963931599814,0.04013492683866432
-0.6730590374931945,0.11471233750174109
-0.8159128729786554,0.0028449360185418687
-0.7371395778723123,0.0986762558675786
-0.747299669710299,0.017416268109771902
-0.6464134558417921,0.2417769811744776
-0.5970167727525982,0.24509810600947737
-0.7522417421047117,0.3250333661241234
-0.7210564570560352,-0.01240731761396696
-0.7781786385170818,0.147725356614804
-0.5959855560096985,0.19880179217321242
-0.7109729397165786,0.15222017269335436
-0.842040557644401,-0.11627613612122431
-0.728300461423822,0.20737851603502302
-0.5409139969317077,0.24405708034483306
-0.605817118233332,0.1336048525138972
-0.8371962926960731,-0.2061878737280134
-0.7377199587008958,-0.06003688963338583
-0.7549800820827905,0.054013097922009756
-0.8321311353134884,0.20231590904952781
-0.744464036108222,0.06060277774562126
-0.8236664620338774,-0.10650434910395687
-0.523082389376038,0.21678694054829947
-0.7343098259024787,0.1878547037122193
-0.6248515301463253,0.14844039703978987
-0.6169017069295482,0.2781121085649153
-0.7861907414427004,-0.15406633008012077
-0.9092860582117739,0.022761197283257477
-0.7591256724196868,0.0494790042596868
-0.7003078970498849,0.03480872892273854
-0.6452895331571705,0.22689040646189618
-0.7394340164227774,-0.03506118358307378
-0.5699262705725568,0.1785394736998025
-0.7774082516114947,-0.09296770042966518
-0.7748678085585008,0.14979323081929882
-0.554449223791598,0.2971217165648974
-0.8860842388608152,0.08319707929856768
-0.5719834143555969,0.25118837262882016
-0.7516473287469758,0.09236511520060241
-0.7724124226950033,-0.12999780255831547
-0.5758554049247739,0.17334056333896675
-0.6064872635193093,0.14046473673693155
-0.842920430900072,-0.06571094215294407
-0.5832193447071079,0.2769640872652807
-0.8803905963513595,-0.07455300668379283
-0.8272429919726927,0.1564181715203095
-0.7126362127338666,0.24757945010392993
-0.7266499842264578,-0.17614166993415165
-0.6593936032307068,0.307468786694087
-0.6956884485851371,0.16196018628263456
-0.6814498436319022,-0.04265150607283415
-0.6220520628585866,0.2058298804810218
-0.7697189816025716,0.3054024809691778
-0.8720421872057046,0.03589755417564568
-0.8061854114804802,0.11518153515030528
-0.6930508783234711,0.31648885904730056
-0.6528407200156268,0.24174242277087382
-0.6741398526379291,-0.021211554496474563
-0.671262934261253,0.18065557731719206
-0.7910670198139882,-0.06515776618943714
-0.6555306473327919,0.15018943341450952
-0.7350073709079369,0.20964437665589963
-0.7239404157517331,-0.12020890685448721
-0.7047028339848047,0.224744206246608
-0.7895050408285308,0.2143128539759253
-0.8097798935457233,-0.12145088575842267
-0.8902094397170603,-0.007867845430136858
-0.7966558961024762,0.017331255539125425
-0.5634501746885429,0.2999240123716629
-0.7736755533105631,0.16590304897511213
-0.7652351451153935,0.2950305670471842
-0.836874483324755,-0.1456119618570067
-0.7665623852397249,0.13594240505703792
-0.5313197894044682,0.2707223344814094
-0.8075982563605235,0.16649697556785972
-0.6022925788960724,0.27587895799605283
-0.7308909653893041,0.14497858338064312
-0.8706262143430787,0.03411318213257375
-0.7226889903374849,0.2894675144076078
-0.8581769943405498,0.12376171575619772
-0.6660026971265244,0.25193084956246437
-0.7078212438529926,-0.21216498675056375
-0.7608759221016809,-0.01930904406742016
-0.8893825730298175,-0.1562528387734408
-0.8468879840984583,0.1565259045056351
-0.7886596076131799,-0.17443855970994426
-0.6872786537081625,-0.08324511558452627
-0.7328646385436035,-0.046946561186968314
-0.7251348282000519,0.15662789353405981
-0.7297318135885404,0.15150971017408163
-0.6923803804893361,0.1319605833667384
-0.9218831936690125,0.003923488541258266
-0.6985121174892057,0.07954119623002119
-0.6001441919124635,0.37546926905481387
-0.672317254799913,-0.06271823479473676
-0.6504630270894207,0.1541200343087475
-0.8636998572078,0.07581480801214358
-0.6068929223886049,0.26526509378644764
-0.7083783828466245,0.1606415069999473
-0.696707714905189,-0.17315863765513254
-0.6450669723645366,0.34648761126592725
-0.6490569840606812,0.05195694230620284
-0.811477213471993,0.045686968124335696
-0.7280887587987952,-0.10806277984602368
-0.8515675832676124,0.15334526408087806
-0.7396224522813369,0.2639544095410209
-0.6588388835627863,0.16188892146557887
-0.6282353317958528,0.28276227549853833
-0.644225122646582,-0.0662520374673267
-0.7119823382018584,0.038929022729296
-0.8294845232841027,0.0034140702215152557
-0.7867887429971119,0.23251360043476285
-0.6329560143259751,0.3030522932450279
-0.7227479408128519,0.08781475677320964
-0.7555238859545246,0.2704970706987693
-0.6714038714238044,0.16618840590786133
-0.8150288017052296,0.16504599661510563
-0.7778692958170771,0.07190046576997751
-0.7017761738691545,0.1328198358518512
-0.8565634891060653,0.13182459508452168
-0.7330636434434357,0.3758482521434578
-0.823285329407302,0.10613014539903733
-0.5076412318157915,0.2563842125616494
-0.7786525231409903,-0.07505677081132334
-0.7083444060346389,0.06906558316869746
-0.7190686548339542,0.23801665862275126
-0.5997367231433463,0.268819141205559
-0.747176155503705,-0.08599208700699021
-0.781987448558576,0.199077445855535
-0.8405246803321875,0.07719631317331316
-0.7550394456137693,0.01798543349415026
-0.7988661027047795,0.03283465513267229
-0.5477177493686721,0.21164203117401922
-0.6795497513989232,-0.10459014591167032
-0.8989950880533161,0.07533313839879649
-0.6105762303384035,0.2407733585224632
-0.6376449292636793,0.1994472572361806
-0.6645021474550392,-0.10896011571531575
-0.7866666281237163,0.15480130130592726
-0.7906175191123458,0.02144559427716532
-0.6046002840589757,0.2597127889598131
-0.6334331258237753,0.12403346655183721
-0.6929440184404363,0.06967100063991258
-0.8480544573521986,0.1217178234991824
-0.7324010915783152,-0.005186525338767468
-0.8295241082197269,0.2229071410285579
-0.7611334831869089,0.17302909031504574
-0.657067854230206,0.11080240999927918
-0.8795824566197372,0.005897935095673567
-0.8266321266589084,-0.026199693094560567
-0.7324184124110867,0.06148737131703136
-0.7649055602869201,-0.0022722148675001744
-0.6849457936306333,0.21829686084574274
-0.605778527325678,0.14518713981092118
-0.8963625875899258,-0.11596880951772633
-0.6888588583513284,0.2276658350089287
-0.9280832669355562,-0.0032642665634811346
-0.644187249129902,0.18931490922962038
-0.7274589102529165,0.25818882731508175
-0.5989604516920836,0.1475237069484069
-0.6912943952669792,0.05536834563760689
-0.765767827813995,0.14789102946862676
-0.6012314993702514,0.23991662252374227
-0.8854738488610916,0.09993811163927503
-0.6608036366398354,-0.09195627613804663
-0.7218455757346169,-0.08092503553043304
-0.7244778986208628,0.09038266447671388
-0.7431353363189912,0.12986122416600318
-0.5973589274566478,0.17654924396261557
-0.7523789725828114,0.020321907740470727
-0.9269502810500858,-0.20643309636966956
-0.6849983112105315,0.07133972628747319
-0.6724637032407963,0.10669179784251996
-0.7239713881101956,-0.04616697417130499
-0.8776289738725499,-0.04468096330084663
-0.6410747012855196,0.12589049371954314
-0.5918331829875242,0.1746510878078798
-0.6722750516858956,0.09918575432325598
-0.6725428080935315,0.09942508409978888
-0.6231048156924166,0.21381756128892893
-0.8574175788416507,0.14362703139118257
-0.8703702307821443,0.0944999202976745
-0.7289433207116472,0.18478002321604284
-0.8115330930797995,0.07717011852174246
-0.6768478552313866,-0.0573415552517854
-0.7171977439695382,0.2896437873391233
-0.5961661792903434,0.2894781087594521
-0.7479414617056961,0.08716189086866408
-0.959130781478556,-0.23571045627875442
-0.7119191349062501,0.1861111511096579
-0.8701836989866524,-0.014180807797066458
-0.6736801221700898,-0.12902914999056997
-0.7890645974032489,0.16422784895228096
-0.7865637817550046,0.2194997144611564
-0.7374285798141518,0.16989607876359702
-0.7814865929073619,-0.16262179584487668
-0.8156420073982583,-0.11849357412179376
-0.8495112814355452,0.043463528144285675
-0.712038827040021,0.2607837971681602
-0.9176979163956571,-0.21922188090474667
-0.9386648498403297,-0.013958935917559364
-0.6998345918820423,0.20993136814967733
-0.6650136191412245,0.18293936018529658
-0.8075525211382817,0.13964922853016506
-0.8663428529475123,0.020060541842563107
-0.6010389388582003,0.1233667784727564
-0.611415999533657,0.3199088167138225
-0.8789566182473073,0.0227670248406701
-0.8380769592580267,-0.07180724693464534
-0.8875904202813966,0.10574994083633103
-0.6781562323584752,0.205939312854356
-0.7146763956358029,0.16740425052228705
-0.8385525848343789,-0.1005951149751053
-0.7182275317341595,0.15317224117303227
-0.7532498622983388,0.2618144976228767
-0.8572645771119533,0.060159803241087564
-0.7694858355208226,0.05854559858423747
-0.7692798237794454,-0.18663369581288472
-0.8961477092662425,-0.15912816978747188
-0.673342703071073,-0.07746613568096297
-0.8300045738882328,0.0041504762518340035
-0.6615674403922065,0.09905915290530043
-0.650343649638774,0.111217387865924
-0.7834631466329136,0.2211842232371288
-0.7947243431249258,-0.17175015503259053
-0.614376315457338,0.13460692142877506
-0.6957308051066403,0.146948208202913
-0.7228744404225121,0.1350870059708021
-0.7892921257170321,0.1908548756789185
-0.7402020161526603,-0.1768323772823858
-0.7262804377042559,0.1968464152595228
-0.7475638222038666,0.15327919448877714
-0.7884050942969977,-0.06910126218440327
-0.5973415296423894,0.322367227339325
-0.9152481325055891,-0.19890092443172908
-0.8099466920585078,-0.19947301492339903
-0.7612058356864537,0.11528886634410371
-0.5906271115794656,0.18517580291893862
-0.9606258288649411,-0.09651138795820106
-0.8900867924564416,-0.09734069599491245
-0.8840854418451228,0.0485570541609811
-0.7391899604267309,-0.08765910664352386
-0.7429383971667416,-0.014075752456134955
-0.8295243967875721,-0.004263190814830805
-0.7684686625687789,0.054068900005462016
-0.7650030741882928,0.03582345454555073
-0.6215511185579825,0.27087550542070993
-0.7928785738966803,-0.07815153767567698
-0.8346895442126356,0.17566480782599397
-0.8115285748105959,0.09947405043445018
-0.7366212098791162,0.0849657397584424
-0.6933488087048044,0.05082162165648097
-0.6005496382467698,0.15592306514518578
-0.9029846272681236,-0.07564003645928057
-0.6489288469180765,0.07751331465927584
-0.5167703953431974,0.2659109611351684
-0.6760320036995504,0.23274431089819425
-0.9303927781593866,-0.1339435766452925
-0.811170455710229,-0.16440397376445218
-0.5936681045846057,0.1465519541748668
-0.7979037884302157,-0.22606516315006128
-0.5599767945847887,0.23381658451806214
-0.8990915944913636,0.029434768736837334
-0.8032844565746405,0.10144658365589235
-0.8884965063922902,-0.08732378736268454
-0.7443423985109494,0.03352574303626106
-0.7630917659964558,0.024002177234630884
-0.7013369862413531,0.18142995582001675
-0.7586087556743641,0.01100254938526873
-0.8708068982827858,0.007085930402628985
-0.6581400645091567,0.234009294336404
-0.8178398236147028,0.05685554164546449
-0.8746501337291078,0.12357883475369268
-0.7591140453950087,0.09659805993147201
-0.8921875369192269,0.10201985944020699
-0.8589108316817746,0.03852665161376478
-0.615770155714047,0.042086798420413886
-0.7926669114044369,0.09918138929108106
-0.7801652540915489,0.2624841596306664
-0.7605497659737036,-0.08414792496534573
-0.6911127664775054,-0.0512749404700383
-0.9159199844806842,-0.13598206447745773
-0.5535206430155477,0.1849397684433415
-0.6053576276449434,0.23028432867504528
-0.640925619995673,0.04326061177503503
-0.7493484964400511,-0.11625472939968746
-0.7367403243594027,0.11419431453391353
-0.8313926439844517,0.03822677409613006
-0.620584738907462,0.18420582163812188
-0.6699371806197907,0.2541916953005236
-0.8133382277182456,0.21035390247059418
-0.6680403511131014,0.09147971786179361
-0.7690520661971936,-0.012370896185310717
-0.6702366653452109,0.01129535148804533
-0.611633638527014,0.15073917375135115
-0.6970034420797019,0.33988377269707093
-0.856619502167093,0.013424319997798686
-0.6762887355101751,-0.060093311037139434
-0.7894199426820279,0.24505920076746054
-0.681301287108375,0.26531506392788706
-0.6320994490108655,0.27331389950717444
-0.7738885468867125,-0.01945689127786692
-0.8246029336856914,-0.0856488724481981
-0.6758976271006496,0.22218994372729006
-0.615846396270151,0.123530251635227
-0.8748850296993241,-0.002228163990674778
-0.6869155668816262,0.15200199313430526
-0.7739235790687461,0.14190825393259607
-0.7264320396298559,0.15404278477462927
-0.7860425083164692,0.20521543934316877
-0.6600397879248876,0.09392448765043074
-0.8680914199131994,0.046434252096280354
-0.7746957893051072,0.17388100467048156
-0.7437583789361963,0.0652104054021977
-0.7281738302095146,0.009203778585457064
-0.8666899598227299,0.001771028688403249
-0.6812171147050117,0.016315438280881753
-0.6617628558265584,0.10298981150808222
-0.8233882361609569,0.0037331160441346407
-0.8162641428195351,-0.012940824589165968
-0.6670680481519102,0.15362320004299365
-0.6226976156983098,0.19006153593648303
-0.7672138104500503,0.2931023134486665
-0.6557849852207481,0.05270674808364675
-0.7100183036811013,0.032762874792300715
-0.5824173190940984,0.1188343479542497
-0.7720672761671594,0.0566221273954403
-0.5843255825323139,0.2653062338501841
-0.7807298175157912,-0.08469965283714195
-0.8203401970425278,0.095159121176032
-0.6888582978528088,0.3198424489255027
-0.6636933633319048,0.15796424849593677
-0.6556381191445639,0.04713231754902283
-0.8559444694765789,0.1481694098713554
-0.810757271404352,-0.08704537325207988
-0.8153604037532446,0.25052427913239067
-0.6057232960767527,0.22543052599136146
-0.6951089613350498,0.08577918187917129
-0.5592620810429317,0.23442268465563482
-0.586344920177965,0.2444938244335366
-0.8447247438647498,-0.19865983989937996
-0.6006488719620694,0.2741125279854782
-0.8470550465941156,0.20672490264322296
-0.7504800310909506,0.061304888655011144
-0.5299792775405547,0.2758372115875725
-0.7204484278616541,0.16464253934128828
-0.800323706404482,0.2875759269423569
-0.6186847487256497,0.053481010797070044
-0.7573706854003808,0.011649375815553547
-0.6792407740823072,0.1798980778770774
-0.6811858330325228,0.261668372331649
-0.7783485047765267,0.06311785208771312
-0.7610675169277211,0.13830098830753093
-0.8561283259549728,-0.20670416944075926
-0.7955863063394486,0.19269438707566622
-0.7966561550458057,0.06284373769023356
-0.9368543625853899,0.025187972555457717
-0.8687238844414981,0.1370782620246438
-0.5925723550906968,0.16645734277011295
-0.7126352630860479,-0.004204545795369906
-0.7151359699062712,0.059126139744753094
-0.7805800715998988,-0.018665502712145177
-0.5174592466221009,0.2715575538026725
-0.8437354105724233,-0.17539842944118836
-0.7321932554655811,0.19438786494276605
-0.7987619049172969,0.0699384107602168
-0.5399887310794488,0.15686217548851206
-0.9116585440652628,0.023368999657255314
-0.652049554160212,0.21975841449739983
-0.7848708449552846,0.27581384209081705
-0.7570354461885228,0.008880155283857457
-0.5282670605546006,0.22451711213510328
-0.6222878705688065,0.12758296256339233
-0.8609780413955072,0.0870205791130416
-0.8276048065526926,0.2232145126058576
-0.8966205648960961,-0.0789813423443455
-0.8496284339409602,0.14435027533440162
-0.8662895650421667,0.085834023073641
-0.684481668244596,-0.039562678654861815
-0.6446559598728153,0.20544059921545318
-0.8684707590518617,0.10449228327622097
-0.8258964017960683,0.10425881983580322
-0.9015142593472676,0.11731736258231099
-0.6249093874978918,0.07091938847382809
-0.7990553152277052,0.03987355209787362
-0.7952244209811533,-0.02006362723139337
-0.7263488224353182,0.19420391139278748
-0.7057914240221208,-0.12198974236821387
-0.9470117452702689,-0.0976971920104808
-0.5674388474123672,0.2972103651245891
-0.724036946170659,0.13543427264540617
-0.6155943894239385,0.0512358921572625
-0.7413958685368662,0.18909918338237092
-0.7568041015454764,0.08866186656922037
-0.6293157389393637,0.09042533132232446
-0.8097332976711507,-0.08478791099037973
-0.6135937066846926,0.2318332253430403
-0.6149175270080699,0.2702262937082837
-0.6236556965360157,0.25058580187068963
-0.7840108164786898,0.06378612522318348
-0.8083751701923647,0.21730952873659148
-0.7752615478549124,-0.061120990386794846
-0.7721617161717944,0.031199649816631106
-0.7795087079809081,0.027144616874031875
-0.8440227894311083,0.1831534803557153
-0.931701846920501,-0.015151974738854433
-0.7977775583287491,0.06835886370056646
-0.8940094313558304,0.0633315235146656
-0.5510762663171663,0.2167344345277916
-0.9253199076963026,-0.10469479342021565
-0.8470319098587229,-0.04586404938873436
-0.773805206069159,0.02888080682866662
-0.5645603913716449,0.15959789063201452
-0.8731584890149106,0.0874927999533392
-0.6990811899647139,0.27270264239757097
-0.626038937096755,0.24242522902023392
-0.6364618566050491,0.2514581991551005
-0.6659559788049478,0.22795277900824018
-0.6805668016956125,0.23337081894537434
-0.8274510705292458,0.17306683844387752
-0.8767909397247777,-0.16958748556236206
-0.7175831662862601,0.20148574298763133
-0.7105181742883822,0.12072139205645772
-0.7892309582325546,-0.02500767467716453
-0.6665026028945767,-0.03215332871753379
-0.8544188274782389,0.08035050074448152
-0.6020162186971642,0.30119011860784795
-0.751134562684864,0.040847259684006834
-0.6556587035224222,0.2275312476397883
-0.6829117220638726,0.26455296460525346
-0.6459918482556389,0.0987917677639158
-0.7952029077604733,-0.028933301200982985
-0.6232962260485201,0.0323572370228815
-0.5980438641542818,0.13203958556953296
-0.7076710998123154,0.1357972649940118
-0.8451460222461631,0.14351040397736223
-0.77462405447904,0.16878616866985136
-0.5458334749958832,0.24145345042102656
-0.6787675485746616,0.1645418777062573
-0.809717304976741,0.12447186524602585
-0.7403563313180399,-0.11066407207036477
-0.5994945373089708,0.10993941347031747
-0.6476279341511282,0.15272397541360772
-0.7420076776555622,0.16640236946220746
-0.8578780728712732,0.09252428396029788
-0.9064072925696824,-0.04994997489698285
-0.7614412065420664,-0.015130749941542574
-0.7274620462587721,0.05608052415323149
-0.8358046089967027,0.21990154921739088
-0.67719161322106,0.06372795236627149
-0.7559935603780367,0.21501666453570384
-0.5654344692492022,0.1848601069359789
-0.6800597673183949,0.09743667463665767
-0.6996848252294662,0.08650912083182975
-0.9171289182542378,-0.050386243140601625
-0.697183031762056,0.11717634997530944
-0.7585535452751695,-0.012561081638239175
-0.6870029741847747,0.10276548420082397
-0.9123990433023198,-0.05310893161530834
-0.7158508376182701,0.2833174784548084
-0.6939594513741546,0.18662530108345288
-0.8224704241074722,0.030825416297972745
-0.6894291214401853,-0.00902687030049171
-0.6575246513958903,0.08639535294693915
-0.7241269295380452,-0.05276217621639298
-0.7174631536050876,0.09376640987790523
-0.7335173941873235,0.08671494535766941
-0.8119372096051861,0.10819844845273438
-0.5945856222752037,0.13849807360094962
-0.6112978707692971,0.09992662825927395
-0.7199925223560842,0.16375536543391164
-0.6569032928955612,0.08619691603354003
-0.6841635503932645,0.18050977777821162
-0.8412434296578275,-0.08378725921122594
-0.8652834214444756,0.02448205129908319
-0.6234045062606395,0.11849624501734732
-0.6277289416449156,0.05731923751917153
-0.7481963252921932,0.2032746305511007
-0.7890916513969466,0.23556170082859024
-0.7474777182681448,0.025691928603680057
-0.7366376573546196,0.07921270782014996
-0.8902859371370411,-0.07823639935968119
-0.7177303690504736,-0.02290885815397388
-0.8740366806707377,-0.0883189059149703
-0.6426659529788703,0.16055478151119457
-0.8440210748252002,-0.07858213841058774
-0.7741854545343965,0.12708596709034875
-0.8464173099480936,0.12074556120543553
-0.7350543644166582,-0.03482645562428002
-0.726581862717685,0.030699321995865038
-0.7708369775096037,0.12559666242938797
-0.7614976720015745,0.21521303510123363
-0.617434747402754,0.09693811981866897
-0.7640744636136512,0.020713883787250385
-0.7384957519739921,0.036490406181830914
-0.7690037119125869,0.015943272423617445
-0.6278203610531522,0.13569703955246837
-0.6587498576880887,0.2870028968280262
-0.720206865251984,0.17289286243893157
-0.6104682468872185,0.22876237853838033
-0.8294003186206532,0.15399525661693594
-0.8340442745714206,0.16283023170744315
-0.9160743411389312,0.14702199317067358
-0.8425298037758658,-0.13612271900855424
-0.8786989777508425,0.0032057009903292094
-0.5813512147301698,0.13620705803895178
-0.6968955694167739,0.03338416370651298
-0.7166667841027589,0.09774049295069957
-0.7860639519269197,-0.020212683901532448
-0.829156682065903,-0.04149451553909365
-0.9194852350072826,-0.11925181898848052
-0.7393646673834907,0.13921144148963038
-0.6042460505146059,0.14246720116293202
-0.8239267113578368,0.07522400929589079
-0.7685962710119331,0.0536469092558719
-0.606421402147281,0.1410082585829563
-0.5576482337144353,0.25326665276507054
-0.7813927416075521,0.15205675260360035
-0.828698261379944,0.02792448080551565
-0.606645734830083,0.26655717487231956
-0.8262118356038972,-0.044712385754789544
-0.9511137902801389,-0.07036336907653234
-0.6770951230200644,0.2680083807736806
-0.6363240102143767,0.08483502798713251
-0.6296970808838975,0.22972539834074965
-0.6522245645319311,0.0005077365807392613
-0.8476797057119866,-0.11208723159544234
-0.737263326926474,-0.004036579929585206
-0.9002873623341685,0.05314180393564395
-0.722584478686695,0.16783488684824516
-0.7265949099261642,0.23656385659593068
-0.7945718115620563,0.01892884883716649
-0.7777329910375452,0.08345476047738996
-0.6878605868673145,0.28754809238819673
-0.7324530159918489,0.19417497877744666
-0.7993319222324896,-0.12623109730375381
-0.7373947823327549,-0.04657763562043025
-0.8000329544408824,0.003465253428566096
-0.6840105385877593,0.20568782561048127
-0.6534731239691917,0.058570767743481016
-0.7417294105949533,0.06688395637060042
-0.8336173770840664,0.03295741718432031
-0.6780991601147842,0.17386515239759398
-0.7713544268511616,0.2276877960356987
-0.7677236440115608,-0.06882302485565137
-0.8146747535379085,0.17291806183804415
-0.8209490558524343,0.14850655504600896
-0.814485655463995,-0.055798506144157475
-0.8284928924549579,0.144697248364048
-0.7153972285279857,0.2041200887217712
-0.8857168481038605,-0.16177710576593138
-0.751043688507165,0.056401596127565595
-0.9007861006706722,-0.08542855132883781
-0.7181567878535453,0.22750053688948732
-0.6617262612953563,0.10191988434702463
-0.6195209146140361,0.19320241740712557
-0.851189282291432,-0.02475990012832771
-0.8837494698248515,-0.07846928651040778
-0.7752732283413365,0.25642342311599586
-0.8151645516631351,0.1105297867736949
-0.5703612647116459,0.2106581552302073
-0.7787493891694927,0.020466492192908237
-0.5982620404985575,0.17571388983424197
-0.8274659208425241,-0.014831156656572685
-0.7829692866665635,0.033335556716622784
-0.640913316753523,0.13301626983698428
-0.8472096798599402,-0.0832249206860111
-0.8622734534257904,-0.10061988050806707
-0.7192063244123386,0.1279871653318732
-0.7026557937248934,-0.06168260613010459
-0.802514835969879,-0.03788898151565533
-0.7542015676118556,0.06831073129587249
-0.6728810265318824,0.05037715285059651
-0.5678374980215672,0.2076299910436255
-0.6045498901479796,0.12796020747343034
-0.7733981547966089,0.14930525235459977
-0.6815140461362947,0.18204387584733253
-0.6748979382554805,0.2161440736022688
-0.7363816704717173,0.26245032848460376
-0.8212681865236747,0.11049559896666242
-0.5998379124800778,0.20250078430383367
-0.8450579864080611,-0.10370012323976219
-0.6533966704762499,0.11430459612059027
-0.6903169042315123,0.14671692046434798
-0.8352098103493697,-0.06370440402020014
-0.6073870999885655,0.1347766459986638
-0.8054517742708086,-0.05469077066106725
-0.746253578628363,0.2515952874251624
-0.7842482947182934,0.18058871415860198
-0.7534681874733922,0.16277041468989284
-0.8838093860561621,0.09317755770106849
-0.8276236995881867,0.021909551591666764
-0.9190942536520689,0.078263324218239
-0.8985372168280965,-0.08687938820292325
-0.6845908081802741,0.16766915847253544
-0.8983667935449116,-0.044765545187985506
-0.7619142154078639,0.17433152729825824
-0.9207588860835323,0.10023730390014897
-0.7501019543189674,0.046426925119260734
-0.688822138164815,0.21286027140930905
-0.6382870366262303,0.07830176015875082
-0.6083861138684646,0.26076990834269076
-0.7660514959793531,0.22804882483755387
-0.9538719606974075,-0.1009531076452739
-0.6110292162661787,0.08208301675429272
-0.6904800966556561,-0.00962204382670003
-0.7279233363286721,0.15205448188135504
-0.6137704408629137,0.12349947223055606
-0.8518017189044139,0.07821818366313674
-0.8667945663763433,0.014066484310676025
-0.7007138243332887,0.15142910615353855
-0.8456537828069851,0.04902572556262474
-0.6522211519553147,0.04521347564726774
-0.7292259233802123,-0.09288774865546756
-0.6289400839951611,0.18189890153998822
-0.8570029887021561,0.057758568057394946
-0.699937655038786,0.1333762741851373
-0.8059390853981341,0.08787913517487611
-0.7893779014657525,0.10209303415627383
-0.8872582714169326,0.06991673170414148
-0.6962307472139618,0.1480030961365579
-0.6838728271887133,0.10039342160942272
-0.7158872536220029,0.23638671119640153
-0.717675964498975,0.022792322659636138
-0.7656023107508191,0.04779840905203141
-0.7821690880754264,0.19409767310168355
-0.73473467948381,0.0671453428866002
-0.7300508624426923,-0.02090053764494193
-0.8413474080403845,0.06558375248779998
-0.7720729179429442,0.022687505707308164
-0.7616014658373308,0.27283277646709736
-0.633162742495559,0.13919463621549288
-0.8208642709711187,-0.017825128604244272
-0.7659796778594553,0.28007842070247907
-0.7780688152549002,-0.04345895431348228
-0.929976817990996,-0.08479029472711377
-0.7922782947051638,-0.04089624687717518
-0.7164394011327162,0.16209777214809426
-0.8653472490887099,0.04904724931486338
-0.6883070596890039,0.17402439595544558
-0.8095333153937289,0.02801736826609249
-0.7796734020616167,-0.11421436302161547
-0.6892150236312463,0.07264009522368904
-0.767664836267918,0.2323283274217184
-0.9214697236568578,-0.008741826197354283
-0.7609154337902932,0.1341386617906691
-0.8278716689390356,0.09731669205164216
-0.7820596390795359,-0.017185106252507677
-0.8426676993018876,-0.054189861086218864
-0.6341854154477573,0.06143567972370956
-0.7471172939062825,0.14953700603392317
-0.7467758341198909,0.14594707157809186
-0.8877874539779986,-0.009832092539386697
-0.6837486468586983,0.19854048996392756
-0.6279094764754978,0.04278354911284946
-0.920852474759389,-0.08213171255053331
-0.7831259155698401,-0.10340265350926198
-0.630946087419118,0.14291300115771294
-0.7031185487518853,0.13734388523036006
-0.8620369851082547,0.06455391023635493
-0.849215774381592,0.14381680044954184
-0.755048273978803,0.06559373307784552
-0.5865886354589349,0.14867170874469335
-0.6084850290979275,0.2576755749146911
-0.760625388802565,0.152254853711909
-0.6500617643745722,0.09000707796403157
-0.7448832903046122,0.004809110254382874
-0.8033596868317936,0.08880870897531411
-0.8638099989054053,0.02158044253943314
-0.8150791942558774,0.007649643049725141
-0.7819775327790058,0.04829374576091386
-0.6431082849847679,0.14526768585213867
-0.736230813267319,-0.06551210829432247
-0.6919151158850495,0.18656965237492243
-0.6230758403203528,0.10093468595108351
-0.6961076264466554,0.0019393910530526698
-0.6834133859389613,0.011189538206486143
-0.9110498326879053,-0.0065656786221334265
-0.8036135295032221,0.05745706496988679
-0.9041633503363162,0.058049011980663624
-0.7111463055140295,0.08227210168061212
-0.8175968368044927,0.014277083245097005
-0.7250839659937107,0.10127230181795432
-0.8124684312229614,0.15209907390208466
-0.8144017352098322,0.10372641111258407
-0.8052786356454226,0.15345002908687935
-0.6077786748631888,0.2605423219562346
-0.6182762577222948,0.19165296357056805
-0.722962924002382,0.1359144394512354
-0.6459129237801025,0.17348092856426914
-0.9345850174371542,-0.1177827737656641
-0.625725596416169,0.2364105057044621
-0.7974120091999087,0.26440322316601034
-0.5712987018232057,0.2045831356501191
-0.7673508343643762,0.15284788759325105
-0.7340706928648397,0.0715360416857055
-0.708148715069373,0.10510589071472042
-0.839719843900013,0.12108235219789101
-0.7296532685214048,0.11382607111779035
-0.7415234403225482,0.06539712039300169
-0.7513896885043564,0.12629356487101448
-0.6554423666442861,0.11966610147489738
-0.8170681647675208,0.0794785388916013
-0.8790593075298653,0.02414842852969492
-0.6626573799606593,0.2225896071140238
-0.6794055857939342,0.13900104392006327
-0.7254309036048325,0.2517452790382636
-0.7210737136897781,0.193663444464577
-0.6148171904169255,0.13211209813780156
-0.7087044057441634,0.011908668602367634
-0.7608398792450498,0.011261818266988138
-0.6486497183013151,0.09259935281617793
-0.8578416142408863,0.0394825019364755
-0.6400749982895261,0.08848842178735847
-0.843255103137211,0.11750432613086337
-0.8419508045328258,0.015018496178827372
-0.7744556641844687,0.07239703963204548
-0.5758746628605869,0.17999496599622145
-0.8102801716966387,-0.020461882084125138
-0.8586494413689336,0.12259259089991896
-0.8676148897900371,-0.05576103717299764
-0.8302243228039583,0.18728303419512687
-0.6095010811142139,0.13384315784915463
-0.8280180202329444,-0.06332614564829178
-0.709951026479828,0.04404890517070323
-0.8231964152073623,-0.04753769751886802
-0.6964736617379987,0.1346765763630753
-0.6296692733588256,0.18942697640205292
-0.7696554952257587,0.12171253325004666
-0.5667397463571473,0.21486053330811508
-0.735453052275363,0.18339588710988775
-0.8274039059465259,0.21208347896021346
-0.890075758864491,0.024559011641192893
-0.605682619264164,0.22392275831816905
-0.8172356234755801,0.04101224986400644
-0.6835180530218157,0.16997178917403113
-0.8054774398020412,0.121574427323562
-0.6519694661963777,0.060871127416445805
-0.6007801111186996,0.18864512924855686
-0.762980206464984,-0.01633549980495616
-0.8460029840051889,0.08238302147438978
-0.7871524412026994,0.13145126251114933
-0.8692223216143525,0.10377994944130692
-0.8411376141632684,0.16112946103425738
-0.7042998371545554,0.19719869327029085
-0.8432628243401462,0.09641396346191881
-0.6292254351321737,0.14476675783124
-0.8298371001070839,0.18122106399296162
-0.5544015546583406,0.19332345113796823
-0.7404871956907783,0.15270203960196116
-0.7646124179233967,0.10792169096435085
-0.7163209931426927,0.1768073815028482
-0.7443364222243608,0.025725428113614186
-0.9029828306742087,-0.11113094834607455
-0.7639176530109937,-0.013332701252208722
-0.8758756126071883,0.16567160208574322
-0.581047567954226,0.2274077529415495
-0.8113758394330086,0.1526273687945461
-0.6775747235472697,0.06691818339814047
-0.8409774740320279,-0.0681999008131904
-0.8984723299543813,-0.08359121310297216
-0.7040336773884996,0.09948948894534912
-0.701054912625749,0.09987383190478095
-0.7735563166718025,0.15087585819551289
-0.8296152983072657,-0.037997637767152
-0.8791616756547433,0.05854047936382519
-0.8840349343906031,0.09034463383198678
-0.7739996955427396,0.008834697988460372
-0.7233575351515616,0.20019434721083873
-0.823348643579903,-0.019273896922580122
-0.747407974460347,0.035083992559897255
-0.8970664855703919,0.02562665549795058
-0.6820592641460759,0.17285484996662845
-0.6913065301095653,0.022321982719074922
-0.8313724640709048,0.127594624377293
-0.8114211314356994,-0.03912016217244931
-0.8633707543207196,0.0338303589788221
-0.9343841117078804,0.07348829399324894
-0.6730485373573194,0.1873580811122398
-0.6738870351810828,0.14964942244392712
-0.805898784474041,0.19838572599241644
-0.8618199915945002,-0.08270100194384762
-0.6206841149877567,0.2028117086932655
-0.7712022556564653,0.05781153668415637
-0.7321376209974543,0.15930197812872507
-0.8642509018262353,-0.0019939432920201513
-0.7599935805654067,0.05986556490782949
-0.6460567189020724,0.25322747814542185
-0.6583410767789605,0.11493734134874245
-0.809968585456041,-0.12236787269426797
-0.61851973664788,0.07654669540294405
-0.8442247097970306,-0.07303451803614563
-0.8191648263261647,0.10232656697864519
-0.6795397377093711,0.05547624225478558
-0.912332804309148,-0.018380345080997392
-0.7990457926185975,-0.034398694110797504
-0.7648422492220242,-0.0263315130054064
-0.6596961021669666,0.23493242086152924
-0.8360851047783253,0.08838301523326246
-0.8350125180865999,0.09384971409741993
-0.6607539537117454,0.20415377570414792
-0.8569058302879803,0.04835266449397623
-0.6351367860764963,0.09748671477497163
-0.6510903257461623,0.11887999033742878
-0.7722603628005384,0.24875525093750053
-0.8915618146343565,0.004828186488987433
-0.8310595018575921,0.11482329139321396
-0.8748151720710697,0.07939804212709735
-0.7847964439433955,0.05146671583616692
-0.8168211233565486,0.08689200342096076
-0.697100086900992,-0.029987046680482028
-0.7560809377925686,0.06594699301154872
-0.7816820866706242,0.09248825826897963
-0.7972495826027174,0.009870303585716302
-0.7148997263281747,0.053611320713694115
-0.7920387515381383,-0.054026391565999074
-0.6349023549329216,0.2517157833504301
-0.6452990461632854,0.19588995117652444
-0.7433255855905783,0.26695150226090636
-0.7845153463482363,0.03825528778372707
-0.8172162534372471,0.10312056096967685
-0.6695942908101178,0.07036958879101093
-0.7514271213866974,0.1135371359957186
-0.5965652370814816,0.22180842549870694
-0.8468307742258895,0.08434695424428708
-0.7678919794618937,-0.0019770892280339533
-0.8938551408010856,-0.10618881513342886
-0.7823125978910772,-0.009485651536895403
-0.8394608220245123,-0.10899071916989506
-0.6991292097920615,0.08700830526413142
-0.8526259542841438,-0.018471450590157805
-0.8297283511698244,0.09237224273691894
-0.6136919275462608,0.13609530608740653
-0.8763054789072531,-0.04548530608543212
-0.7844458598221342,0.1291604249989372
-0.8175376374049583,0.11548446702647859
-0.792110840742749,0.033158437964649366
-0.7451056989838238,0.01597986517187897
-0.6511153086626608,0.2120458687840386
-0.8001717714622402,0.12306422518231629
-0.7982002936631473,0.047208985655134
-0.6922208874341592,0.16292573593769702
-0.7742966060609617,0.19528715603042876
-0.8392640824618524,0.05524080184553542
-0.8729371515664948,0.05093827133388031
-0.7953556851873277,0.19515125209805323
-0.7633225304827441,0.21840050215034182
-0.8047947500932582,0.13903409137641842
-0.7242537985307002,0.19431508440429177
-0.916450725915066,-0.05640296799149447
-0.7058801139997763,0.16957809034643181
-0.7436169963623929,-0.00704446457349007
-0.7774215305483587,0.05046885490047411
-0.67013611761796,0.18928322428432126
-0.6394271852912569,0.07907896688582647
-0.7655032170759934,0.06566557282321334
-0.6340325371966032,0.1868352211786112
-0.6853528027924649,0.12870975523777556
-0.7857753289789475,0.11227402072347957
-0.6283868614428835,0.18361236474928214
-0.9039080436306156,0.03245948235752448
-0.6393550793852247,0.21988551793395006
-0.8752064055030623,0.04646106869139175
-0.6442398479901124,0.20041794640893
-0.6578922667524207,0.04602796677981128
-0.8830870266615564,0.06847732850222503
-0.5935752593819359,0.18941707369270522
-0.8791316525548382,0.07709144647039141
-0.6091857204614759,0.23569762111302148
-0.8088427975350022,0.04685909371699857
-0.8911413311737056,-0.02726994915648702
-0.8393487861746965,0.11543615398012648
-0.8331866790809611,0.1269247671442479
-0.7737185083753536,0.0446371379627307
-0.6601968397579658,0.20138344303023253
-0.8599877745543231,-0.011095912152788625
-0.6915313731797292,0.05410426830124657
-0.7783849810445689,0.1588800739039269
-0.6069995038639293,0.14790669541537618
-0.7876302768446345,0.16499972162003615
-0.694872446597455,0.23932752015103023
-0.7005746595202512,0.04029307448035693
-0.7058243857331511,0.024019885090346582
-0.7562207728923994,0.1042976960435699
-0.7813908491001177,0.1731412857523629
-0.704789804538595,0.13905213685501158
-0.623665960960253,0.11190718562919524
-0.6423800751084731,0.14817595177118847
-0.6124004703669836,0.2627095024541391
-0.7442855589932174,0.1921269284842961
-0.8283589068941121,0.0751075581029214
-0.7921795404184886,0.11942135527770179
-0.6242613085721715,0.17765886781497658
-0.8459414728342904,-0.08541069344785358
-0.6646888769903253,0.2140617657588479
-0.7258544143250285,0.1622707500735393
-0.8875339320518477,0.05611575294098438
-0.7866412779387509,0.1567256575467369
-0.7600305605538291,0.1402212084629355
-0.80349442822189,0.18580706106660297
-0.8106289370055266,0.0857031820465284
-0.7881063762141968,0.2386091125095296
-0.5996078524813235,0.11916416188974749
-0.8215697062538446,0.13096272836835057
-0.6554248783343265,0.21643926411520956
-0.8552231917599938,-0.02122920902316687
-0.8355390373452958,0.03687293647146587
-0.7317062557807253,0.09480782043178221
-0.7845830736893973,0.05067356434066063
-0.8248654678218561,0.01584740286550258
-0.8435215839830077,0.06578761558876345
-0.8137641245884905,0.016942717430087215
-0.7230169201434655,0.13206571010627527
-0.6904551925615539,0.13382322475663283
-0.7820806079991219,0.027739967162851254
-0.7239410408511822,-0.03605561840635744
-0.7224587093615576,0.05947905031281441
-0.6881050940210206,0.059681783600929746
-0.8143595559393033,-0.024342395060637352
-0.756148008801253,0.20411433256209127
-0.6663647221580963,0.09477109736234111
-0.7038806118728138,0.1565275270155276
-0.8614429249011556,0.002052295865859077
-0.7146622355094913,0.24267361064545973
-0.8465906352811778,0.007338903096600478
-0.8106795190943983,0.16282123450497454
-0.6984750144237936,0.09510730169724478
-0.6438278991208274,0.20089385307574834
-0.6524075318569882,0.13643533005836245
-0.9096179546443639,0.012518167203874365
-0.8211122885888238,0.006466453787225452
-0.6853239371766934,0.09718304626629441
-0.6549648120231293,0.07426226807093841
-0.6402453837745727,0.17340422591626262
-0.7563301912617337,0.03711612590306525
-0.7983782799375697,0.1713123608631171
-0.7488671500806472,0.055060651804295216
-0.7916328722149653,0.18056714123746676
-0.7300826632055617,-0.016758838710549305
-0.7704990378293374,0.12690821691144263
-0.7243856518357253,0.2025626886303432
-0.7753628263499052,0.1370450405053284
-0.8745136498906336,0.15780080634808433
-0.7332455438362084,0.044704186163362004
-0.7141225008082873,0.169085532395351
-0.7268270507551072,0.09245606002452661
-0.8670071745252722,0.0006182097844399182
-0.7616367584903797,0.0895667461663441
-0.9176467451253764,0.009110149378699275
-0.7842447427336163,0.07132688249141034
-0.7729848349616705,0.17367515860715904
-0.7844940328147958,0.045726300598859584
-0.8858096430132275,0.010445731799387646
-0.7300094761306587,0.12799736738760803
-0.7733797988527514,-0.03380793774182491
-0.7299538523721573,0.05939364890412398
-0.7530676942029175,0.04368594961038015
-0.635507611479976,0.17332338236980882
-0.8416722966188107,0.029527653196893253
-0.6709584561639584,0.1969044640554012
-0.597046517849908,0.15298682075691972
-0.6607781143931624,0.08875835208396321
-0.8570113371226471,0.01729685401590287
-0.8743304925279911,0.08172065092053253
-0.7605767705370691,0.0865461713361244
-0.6525870927775865,0.13507067434271536
-0.6014859992638232,0.18048761427687526
-0.7346926640120618,0.1089951357776706
-0.6297736208575548,0.1504771508499914
-0.8323690669683004,-0.07777140612852794
-0.6675746832150717,0.1763152638701946
-0.6665364970210408,0.1273099690164951
-0.8224020403501041,0.020070586017784182
-0.7247292704850017,0.08749949245902432
-0.7657982942588857,0.14958246467470532
-0.7210619222628142,0.15519422707921948
-0.67060706031613,0.15303647532093578
-0.7442736673179584,0.07772543918553504
-0.7532059147334272,0.12948207724752883
-0.8563504198740207,-0.0023327212424549804
-0.7650374927883636,0.12234722054167148
-0.6874765600715833,0.07198530953763527
-0.9176298368735947,0.06725067045516954
-0.8819396475713793,0.041733762275496265
-0.611822885641705,0.21649225830488586
-0.8469960136517353,0.03227083458837402
-0.5926739568406828,0.1133783377985419
-0.6203031991157016,0.1337525629224181
-0.7003399603767765,0.1655960149403084
-0.9006677888156949,0.09649454092301625
-0.7555752699531622,0.16452364384702567
-0.6870590649950944,0.12988324236029605
-0.7247438738515727,0.04121151861184959
-0.7717718337706629,0.17978100238417746
-0.7858363327512609,0.12231935992718412
-0.8505309657052004,0.12161623056833559
-0.8550452798242922,0.03369649321453111
-0.878084895170074,-0.04387604755392977
-0.7941375541651393,0.08931046664469594
-0.765638020816923,0.04857835878218886
-0.6691595961151768,0.23022009106769065
-0.6952161903179853,0.09905884670336182
-0.6604253109728788,0.14659741670848897
-0.6966446855428348,0.15190737185968237
-0.7856584344121117,0.07869513394992614
-0.7225837098315233,0.13284844903780113
-0.7177591804798502,0.0655943808715879
-0.6870925954634386,0.19546899913790475
-0.7886845648726509,0.08793220704090586
-0.8435013636301144,0.10656394985647011
-0.6689637614596583,0.1388858220135489
-0.6411116283992667,0.1394021653389138
-0.7817753796600913,0.11337641557252147
-0.6910736061641995,0.13008830422315515
-0.8611520132839204,0.016034084785809685
-0.7963024113443424,0.061774321809297254
-0.7712749938608222,0.08785919378698141
-0.7937475226390059,0.07252189207056076
-0.7613160615487898,0.06877259074814104
-0.7147338650515425,0.1552598165162289
-0.7277863293156165,0.027883386279795315
-0.8256392204315693,-0.023840216037037787
-0.8247054241117431,-0.04874029553201469
-0.6423920227171962,0.04115711472374308
-0.7481087067665914,0.0769339582398463
-0.7954430155050083,-0.018745263071695443
-0.7007592674140404,0.007489354090616449
-0.8184535497981386,0.16895007785198057
-0.7291605255400125,0.17539487004534557
-0.732752115533879,0.10399588109528363
-0.6327508897474685,0.13188993337579266
-0.7192430806744395,0.0988769928113759
-0.7348337084712484,0.056803337181739605
-0.8543602505386444,-0.01204559085167151
-0.7030808114503581,0.19075721502378526
-0.6891737050282675,0.04230834846670944
-0.7866544304375587,0.20753957339040707
-0.8841004042253954,0.11161021754567702
-0.6522239224509783,0.19020241130582133
-0.8112055480538444,-0.04573218963362818
-0.7335219608696321,0.06747457589137427
-0.8099787619358351,0.18004863609159444
-0.8667148562353812,0.07753603891131725
-0.6421540656986017,0.09551407939880874
-0.8487477939948629,0.07284501483169815
-0.6527530910692232,0.17713770194375586
-0.730287285769528,0.0317001447416729
-0.756329754016735,0.15569436241897952
-0.5997282447258518,0.13134708313841056
-0.6880635310489823,0.20447234191991182
-0.775060754535342,0.02600766434606595
-0.7848231267150948,0.03169363323200042
-0.6380348286365914,0.2018821399130168
-0.6321511224161889,0.22213739423109635
-0.7415270472196727,0.17074258635681533
-0.7784236477897521,0.0352380197354448
-0.7044295187292522,0.14846838818009328
-0.8500788128463665,0.11603138634329224
-0.6642135420959372,0.12019344992798546
-0.8542260065004844,-0.02454942867043381
-0.6817492488803845,0.11907664596991845
-0.7144700777484537,0.14860970993232384
-0.804177466937388,0.10182997409998269
-0.6411373159331402,0.18991850983320985
-0.7355835728911106,0.14953064957597278
-0.859525465754705,-0.022833419370803194
-0.8021956989908785,0.023130093731923707
-0.7265144316300814,-0.00974877326269314
-0.8526037981582391,0.16365299906256606
-0.7842547139219672,0.08419770534903659
-0.727132081694599,0.005308321650886046
-0.7357408076127263,0.057997138539633585
-0.606085793995014,0.21536415748200946
-0.836621300416862,0.0895245294991343
-0.6636602226526102,0.1353883863326079
-0.7006745343180913,0.008314885391960085
-0.8280318947271378,-0.016000221445945748
-0.8095307723114683,0.08658275252318318
-0.6694273576353134,0.17456641920467783
-0.686073550232479,0.1610384350865242
-0.7208517275973981,0.1156819193243698
-0.655669976538101,0.07078809146002248
-0.7191335122559757,0.0559706582480456
-0.9136181302065429,0.05838821741311254
-0.7160459704426054,0.12062316734459157
-0.8275179335251258,0.11927852449164031
-0.7899297149800948,0.16819357062835869
-0.7632091459098963,0.11555070484008188
-0.6657028971807422,0.0220630959646254
-0.8233855100919875,0.08225753656862807
-0.8328150958716719,0.05948881890613767
-0.9089577939459479,0.09017060639406863
-0.8274136758963139,0.013955267432352609
-0.8649498255201249,-0.027773437428287282
-0.8201605093478754,0.070720927021926
-0.7573586144634048,0.1545260196062277
-0.8259587147260674,0.06654713473491776
-0.640366780522648,0.109987068602133
-0.7283940103104295,0.1026529320671725
-0.6339927512577315,0.14731114802439893
-0.8651573088173145,-0.0031209516428662492
-0.7984242280177524,0.034444210046391435
-0.6516780557028417,0.1868693468287984
-0.6538511924286834,0.20625387124934713
-0.7861080502428461,0.18294747061768393
-0.6611144909456659,0.21580070395934542
-0.6984132113818392,0.07122133967653993
-0.7612355459301403,0.018687255396333494
-0.7435801016525332,0.011694039069497023
-0.8375960955120285,0.12804129628066746
-0.6332459704339123,0.1944053606240317
-0.6463962815917875,0.1534564608911868
-0.7671659055431959,0.19393068983539477
-0.7188474861424848,0.10671735753789773
-0.7826061191171514,0.0015984594024904403
-0.7837319926468581,0.195683549320805
-0.7064650484492138,0.18461540431741663
-0.636957808418911,0.08325080336547117
-0.7389437252552792,0.13014920146436743
-0.659202930837927,0.10473983423412755
-0.7218051477337922,0.11872173211622714
-0.7160684480094819,-0.0027082446061540847
-0.7676536072596266,0.13042367694092358
-0.6797613950095224,0.1847725036722924
-0.732477101853338,0.1590608806718888
-0.774171216777415,0.18108779346167697
-0.737456012231311,0.15078248339487116
-0.7750379555862202,0.044514134025035
-0.6494390728799697,0.09518960326815888
-0.808953691752074,0.14169318611053286
-0.72267990297758,0.12936328949397174
-0.8121732357032961,0.14232473249128091
-0.6577659250511446,0.15023583898694762
-0.7449987166534612,-0.0037787963568155785
-0.7510954778072083,0.07549100028438394
-0.8028391153590513,0.009227889954633686
-0.721473713952638,0.09683206961110973
-0.7512617948834623,0.16740325578914944
-0.7273748327551592,0.14774059730666753
-0.6456528930363503,0.17055570518662205
-0.7022426068308916,0.12999243071732985
-0.7233882494315218,0.14153654917516267
-0.7678905901027685,-0.015375753341570134
-0.6792566823102043,0.14088282179796327
-0.7354056649413644,0.20909028300438753
-0.7023954634509747,0.12857353812851752
-0.716869898027187,0.0666869848958057
-0.6933930453668593,0.11129739163198848
-0.6689909161774863,0.10398019098891272
-0.7427545612552666,0.17747323150789107
-0.8836417770392719,-0.001087854407129857
-0.7954410560560273,0.05622615697185546
-0.6866339248610263,0.2060913545837254
-0.7875166829034018,0.1838895052292807
-0.6511682834095313,0.21862311264437212
-0.6184669804762202,0.15444880265296865
-0.7538038556582535,0.11313990984371959
-0.8242597239754065,0.10564497293955519
-0.7410102589604779,0.058215798300932875
-0.798028955723909,0.08843972829554693
-0.7494239140805877,0.1676672580731196
-0.6189421260081737,0.1603409211845856
-0.7434322045429468,0.12030789209555116
-0.7355355804985503,0.08246351218368668
-0.7647487547694329,0.025656372459456425
-0.7560594999212791,0.1584140421269946
-0.7228064156967411,0.08563241822992892
-0.784272479523708,0.0436972492884023
-0.7395225933428282,0.16060789741233783
-0.8511012760308672,-0.008865014229128465
-0.7207653835521487,0.11136249214547636
-0.6708098158796334,0.0675325855428992
-0.8052524514726741,0.06819087932705117
-0.6564385019218022,0.1553817162310986
-0.8960878550630486,0.036851899690009245
-0.8068415063231886,0.07209730533827614
-0.7117795548397117,0.18401997302347695
-0.7257406642897422,0.17586182356932664
-0.6667711186447267,0.17883948137160574
-0.8576799189691139,0.05467394983928446
-0.7455454343523039,0.050373138510665626
-0.8444907075530386,0.12494412585451992
-0.6452706768027537,0.03519620624243438
-0.8703259902306161,-0.0001275049054050349
-0.8423066238872063,0.10293794938763745
-0.7488086336627789,0.16429243001682903
-0.764654081442956,0.01381523184685711
-0.7380985479804641,0.12024911971724603
-0.6348479191655244,0.19635514696555248
-0.8403067750493888,0.0422329946432917
-0.8581015385710254,0.0009400899376960111
-0.8408200379328782,-0.01137594261576372
-0.7574372705012722,0.09125020347717652
-0.8292133225120397,0.018684430593511738
-0.7658907042400229,0.052314532529195004
-0.7540655769699037,0.04376065108124886
-0.7935171712425033,0.0716575887891622
-0.813129299462138,0.04925724962606195
-0.7720857663497247,0.029551397249277366
-0.6032384966225113,0.13840114249028054
-0.7196191228354012,0.12867102502770938
-0.7853536346594643,0.06007318563478689
-0.7545964824521864,0.09001067525074866
-0.7645980012057714,0.03693014463648513
-0.7785155917224511,0.08727713849542112
-0.661563622717255,0.15275160230943247
-0.7426153544816056,0.0007615714377728694
-0.5833782227827835,0.1765960531236706
-0.7119128663715623,0.12580267482535723
-0.666354967576326,0.140220977570968
-0.7371196364651167,0.12882861111899405
-0.7823887117917296,0.15234619137808522
-0.6251861921270804,0.11841932174760043
-0.8271078510392766,-0.02622144380827865
-0.8558566170126831,-0.006532716191021989
-0.6856870222541986,0.1716361239353277
-0.6875779306027245,0.14096209344463667
-0.7676896233748985,0.08714290207831138
-0.8060282670552698,0.11418534612415177
-0.7983287044336949,0.067780612315298
-0.7367712514316378,0.06888999594177284
-0.8440118718138155,0.014106141403255784
-0.6393907624062237,0.08361093316946049
-0.7798283040007497,0.013564901701243724
-0.7516552315526582,0.03984817986129129
-0.7893501367181679,0.1484851070992365
-0.865426144851817,0.06662578371184247
-0.757730708733082,-0.013571116038509981
-0.7237041826257694,0.19526432558619394
-0.8718943055938772,0.04629764927150851
-0.8149300911031624,0.09029274977201891
-0.8063125002727991,0.0740197613470146
-0.7902283523498806,0.16380355415588943
-0.6798799561177533,0.1821083144685075
-0.8516920359100079,0.07047892665224739
-0.6701877111936689,0.14046005694360536
-0.7057976020846375,0.16465822723658433
-0.769938072971335,0.005923984463587952
-0.7376366489362316,0.11080820885139998
-0.6938182995236767,0.06320962976078852
-0.7487383468848907,0.1407559327351569
-0.816682046106738,0.16772414518772213
-0.7083543135471586,0.17391441613398836
-0.6672884621309716,0.026259319153107002
-0.6476967494071455,0.14843303299910335
-0.6499917394102449,0.0675627364746412
-0.7045148528567508,0.057685851294118795
-0.6121940021654912,0.12915904979018264
-0.6844166894617504,0.17863379105972793
-0.7592694976205451,0.10781791464922676
-0.7403891139588021,0.11394335572536617
-0.8416919852135846,0.0918812217711203
-0.7546529642050618,0.10381870251826304
-0.8502766752829864,0.14704927622219816
-0.7401837045172613,0.059259706602537404
-0.8047055767642659,0.03393615614342345
-0.6469430303838882,0.16299944940275474
-0.6786665931124793,0.05933374882891447
-0.8124143237041543,0.14525024153017538
-0.81450527006239,0.028383255686070502
-0.7336387796906285,0.20272988982766746
-0.6858100130979978,0.08110736516376871
-0.6880244147646167,0.0648642348026347
-0.7942773678598005,0.03820087423256663
-0.725004125903326,0.1848276349446365
-0.7543288568182347,0.09061213367323237
-0.7687827645548037,0.1933546507454692
-0.7451219934745648,0.10935237818982209
-0.8268087784229879,0.09258269434554463
-0.8839380907663497,0.09185835837048413
-0.6143594442115821,0.15576087459802132
-0.6464003394774854,0.22137828840804846
-0.653343294686138,0.18020587432920412
-0.752633724607829,0.05026036488550425
-0.7695531768507853,0.015742426729525912
-0.7317729045587128,0.057666802627452204
-0.6787234307658804,0.10374205236973011
-0.7341143808308159,0.04425811113256764
-0.8046784530283123,0.16213139546533895
-0.6650694661473004,0.07258318473994203
-0.6798015730217711,0.15784031603692494
-0.7253640773238703,0.16041876519898476
-0.7286705008988068,0.060715353814927944
-0.826626344120028,0.04399526356185521
-0.8226772503239801,0.1259592411650758
-0.85157972332922,0.040599722068914365
-0.7258912534806523,0.06109045136362951
-0.8042565526481725,0.11177554512508626
-0.7886224818007623,0.12495582844057701
-0.8308426794415812,0.01674595412807358
-0.7800974319329509,0.14737447705505288
-0.6350395496427271,0.16119307454643267
-0.6641175319323125,0.06385903627494688
-0.7114465211796797,0.20668009395862594
-0.6703662461550881,0.12774968964898065
-0.7056443389629042,0.09518501834456333
-0.6729673379236147,0.19162813954369592
-0.6862367039509624,0.16478978601129224
-0.7107344764781307,0.13508070979970144
-0.7416502398851412,0.07983117635527348
-0.8325047375127217,0.06213793183687707
-0.6653610794865716,0.2267659016172443
-0.6463428024016915,0.1808146630905789
-0.6583436515563998,0.12563197945753102
-0.6499155743129402,0.1898984400584355
-0.7940805259570142,0.13540310253064186
-0.6733396076081244,0.13587561892880376
-0.7968696986795495,0.11347591442807506
-0.702588268936179,0.17621099230406514
-0.74104080372892,0.042618681927151965
-0.8345699284939767,0.012108719850255635
-0.7124708871296768,0.2215715853520791
-0.6429488079478088,0.14461568405444178
-0.6881445376992028,0.18718578088558727
-0.5963629489650784,0.2042314536112993
-0.716324340060102,0.14263548142796786
-0.8719712316827677,0.04940747990029396
-0.6304172490767186,0.10724928264208107
-0.7292982865687792,0.12705751610011942
-0.8585136778815672,0.037819239005455904
-0.8510097018191022,0.0038614523911221907
-0.6899959252693203,0.03777140147738123
-0.717959137168576,0.07311085685057941
-0.7925886603800126,0.1332706627516028
-0.7783263701269724,0.08844856318026215
-0.8067611835417552,-0.02610003520105001
-0.7438846787247243,0.13982953651903526
-0.790917781845178,0.13085032016675766
-0.7828325101850067,0.05888900647564683
-0.6224209981658695,0.1296751264457191
-0.7290513787443051,0.11057265046910837
-0.6586249165218929,0.14672877035089407
-0.7860552221085488,0.03227290985956939
-0.7342437052949343,0.09598043595339983
-0.7453978990437878,0.17595076524477582
-0.6936384920350827,0.1622589646846494
-0.7382750098428861,0.05354981050742915
-0.7306451009363707,0.06413552471359908
-0.8109777249542524,0.1795550446940308
-0.8000844634010391,0.13383638231847927
-0.7959809685299261,0.1042696743418891
-0.7664329179334929,0.0728173383237947
-0.6231398105289445,0.19043504566130456
-0.6815560482335451,0.21225111650857065
-0.7034580541077108,0.07876408204514555
-0.8618771334261102,0.10651389162464445
-0.7596110036895114,0.027302378847026996
-0.7961578858324453,0.13635730570130533
-0.8040828437619583,0.12934874458258658
-0.673904563118392,0.051908393026906856
-0.700325720017627,0.07548991360647161
-0.7402365103875781,0.14501598808431018
-0.6610437909104658,0.1823889647989349
-0.7244323190082185,0.04629820208379228
-0.7706036501681158,0.10729551144838062
-0.834679071181701,0.15336466021366438
-0.6318226056202705,0.1434873958922142
-0.7498305314829881,0.06430475760705234
-0.6538849905519268,0.1821565515660454
-0.6629376114989534,0.07352910105436213
-0.6305460719299503,0.17156777997304498
-0.7596757717670624,0.14567851223484277
-0.8953742527197054,0.029648598802118627
-0.835593835679933,0.03920534299639498
-0.6749104208783047,0.22698990010423267
-0.6793131504148765,0.20681640303666804
-0.6532878213654599,0.14677318821226498
-0.8167999174990046,0.09180612481653333
-0.8226463513780955,0.07753732999848358
-0.8070173631961587,0.08888936472453958
-0.6632794563542883,0.06952373863042892
-0.6218051430001263,0.2050000369775504
-0.772907762632205,0.01888708238720073
-0.6769045083763449,0.13844643392823527
-0.6516033835770556,0.1275393340530813
-0.8132999451198923,0.003199760368818067
-0.7334583527131323,0.0770055678942305
-0.8763365203882365,0.05027281114500369
-0.769941811878099,0.09189040786605918
-0.6623854226249848,0.14559598303942736
-0.6862091890388046,0.15738027635902568
-0.7035615277081388,0.10740163566882359
-0.7023446268065482,0.17622137814649183
-0.5965823297695598,0.18181152670342463
-0.7444919156126386,0.026270138479303047
-0.713943019655056,0.0526432542518178
-0.763367185929495,0.0838304116683814
-0.7858773424476374,-0.014635126349602814
-0.8236560016684091,0.023437217041567038
-0.6740307951183436,0.14025199264486216
-0.6693037073565297,0.20335966300155386
-0.6846998316171871,0.11906355313971403
-0.8219420996979511,0.007904356244806312
-0.6679757661062626,0.1103405295377655
-0.8616697886418541,0.026885664511452828
-0.7048778696280318,0.2139195505523889
-0.7521117247131129,0.16127607356267262
-0.7799495398789177,0.040607124888842286
-0.8655408855478732,0.029840697767461212
-0.6808970589964732,0.0978935847985981
-0.7770407032158994,0.00789903462112884
-0.6709196910557635,0.1770261798838573
-0.8144073617324968,0.042782496690377696
-0.7529114080348083,0.10063846266409314
-0.8140223617619834,0.16825827581735078
-0.7224033341955884,0.20373206379127295
-0.8329543469646078,0.08081301136362457
-0.867825696630125,0.026274849935302977
-0.7786446345466,0.08227246266704882
-0.8366905026854576,0.11619900787623366
-0.6329134934186368,0.18461707864383806
-0.7930004222679318,0.12542796147190813
-0.8389177632665198,0.008414173340822301
-0.6568164388405492,0.10290940108589675
-0.6358683253526275,0.16000288483099115
-0.6764005871001596,0.1147955796385145
-0.7522428724555204,0.0017837414717391462
-0.7113798943182958,0.13764232681595148
-0.656910876042259,0.17338280476677162
-0.8058301577398577,0.1765522484594276
-0.6830838800442796,0.103645458920442
-0.7840855890868021,0.09163496645163428
-0.7594233800330754,0.11183908708684953
-0.8166051620198989,0.030899770361992943
-0.6457004612944186,0.05694290940640986
-0.8457775639836324,0.06182019933057206
-0.7449592728074632,0.14064705463717733
-0.7251560848085915,0.19608055648074904
-0.7980110530378395,0.06930990373184279
-0.7824275651213075,0.1611304791910326
-0.660801676148134,0.12486525032109294
-0.6984981039214075,0.1752477083275276
-0.7821894073943687,0.11490019122841245
-0.6817639274739715,0.0663569384141407
-0.6746436347704526,0.20678037269572358
-0.832893202630127,0.012706372768010368
-0.6607141930844586,0.13087472734292238
-0.7136193272086859,0.026579742843090247
-0.7610192821642762,0.12007030037607919
-0.8075948789464018,0.05111124625044409
-0.6893625294909922,0.04131554148278517
-0.6903807813854623,0.1905499095551087
-0.696004973701616,0.11931725147251523
-0.6589508408566774,0.1813281353752295
-0.7397855642705452,0.05225656882335436
-0.7751546508796904,0.13059966837939274
-0.6613826773892362,0.17531191433135826
-0.6534404955532913,0.12444079509925218
-0.8360593094047544,0.07588979972378504
-0.6727012115819634,0.00863442127161714
-0.7223397103957054,0.11574612335309777
-0.726775953811641,0.07566101675442344
-0.8072032282315706,-0.013465586198410682
-0.71654528974907,0.11950553066369372
-0.6279779738708358,0.11674507897317561
-0.7080666606924636,0.03911319805058946
-0.7018232548978681,0.15837383354918344
-0.811268820560433,0.07216507175846494
-0.5996872246905844,0.13992142897067586
-0.6783290580846556,0.22202726110706433
-0.7381665822180621,0.17950603174065002
-0.673549994745157,0.1773693591568739
-0.7026002540211864,0.06304865340228755
-0.8053560938756665,0.1100326105758127
-0.7355470807839916,0.1769052759581048
-0.8619236551890008,0.0201162622648737
-0.8255853176044042,-0.030006794883312173
-0.719450235379487,0.13299897651057013
-0.6562663819209866,0.11771139356705934
-0.767955665457614,0.0837672973592199
-0.6336266351514468,0.07568623318219432
-0.8300849813573451,0.06724102689740795
-0.7264729129831162,0.03438947375876138
-0.7055860142137576,0.06652984501965936
-0.6815712327768468,0.21499025128252214
-0.6803597381972839,0.13246790776483205
-0.8394824883297509,0.03650614226479513
-0.7730523177229914,0.028573011667354247
-0.8161537769749541,0.08596692765334281
-0.8273837809487244,-0.015309332868918536
-0.7993941263808568,0.11112449928548586
-0.651427408786643,0.19882247379575443
-0.688249647588988,0.1405772100102872
-0.7656749605914963,0.10409948528775534
-0.7821401816497994,0.062447767012475945
-0.727997893028254,0.16100212673039713
-0.7739394930938004,0.09577522108370103
-0.60848306100151,0.17374590664695283
-0.8191532177588957,0.10530759565545186
-0.6966541123721244,0.1102297294104529
-0.6640016314107443,0.1530044604736092
-0.6642709424790473,0.16967966767844236
-0.7947831066860729,0.08429597113544371
-0.6846074985672432,0.16316940530438545
-0.824187459573754,0.1830768298082329
-0.7619339990473539,0.08629038698997489
-0.6279088979471913,0.17983926186622318
-0.697188476706006,0.054746956836779964
-0.7789319166807188,0.1705260227377084
-0.6872467207374688,0.17325937355822985
-0.7084660017430288,0.14073516524167753
-0.7652733926387371,0.038693286856252736
-0.7650494570409779,0.07690288437210906
-0.7373139646400079,0.1583933033560827
-0.80573617495515,0.13931197083441582
-0.6462110543469022,0.2038271473883282
-0.7568048154691291,0.10728322926837007
-0.7585566811218639,0.10521241626823645
-0.6061471600042361,0.08608019064661582
-0.8433173174992424,-0.027601473103851117
-0.8673781176624191,0.0513374436548912
-0.6774399758123932,0.07401666664428119
-0.7919243255232915,0.024493555933416566
-0.8386379750906434,0.02484271716249096
-0.69426542652785,0.08919235154497017
-0.728730143086704,0.16207464419654624
-0.6808453092573575,0.15824627842856295
-0.6251925221728164,0.156816003473881
-0.806655060644376,0.02545362381088862
-0.6549750288875232,0.11398177595462812
-0.7087896734249258,0.17497986117489708
-0.8422210185613719,0.0015161117605061222
-0.7470087528591112,0.03525193621505685
-0.6089406335664221,0.15484922892855904
-0.6821927824472941,0.14369822412288596
-0.7331684750244163,0.07055155257031626
-0.6168952823239312,0.11834419985545716
-0.5886010487191027,0.1803558456581172
-0.7908029922921692,0.034034820157788546
-0.8241853313222325,0.14338160006971754
-0.6862671363620202,0.1215594214530616
-0.807047658595066,0.07154027873024064
-0.6310737825849295,0.19490035157520663
-0.7930524264277704,0.1051234909978057
-0.738982368996342,0.0015572064391141333
-0.6635497335836378,0.16649162680949955
-0.8145173047885916,0.07326178548537725
-0.8253592592850517,0.12266254945826609
-0.8128356013614683,0.07103896916001558
-0.6843733239650499,0.13221276852424363
-0.7855225255925806,0.10209797771443625
-0.6583237337108819,0.13690654239103145
-0.669102716105264,0.06169922798097774
-0.7414830954029238,0.12069535180330518
-0.8418387990503178,0.0587351427577732
-0.7600725177974262,0.057213319019707866
-0.6205224642108471,0.16328943568012072
-0.7498098794787226,0.15605928171688313
-0.735843270613513,0.14506801438271522
-0.7129653491352331,0.03241119755709896
-0.8671566776228202,0.05906709904556637
-0.8012017169455676,0.06710035859366806
-0.8002411796926923,0.028055440022540398
-0.6384358288097683,0.13043851336554607
-0.7791027394326562,0.10138556700042205
-0.6936843629901585,0.041516016538746106
-0.7119358699246996,0.06202868575507498
-0.6612905428242118,0.1484943224266562
-0.6846156710112143,0.16098178801046537
-0.7286711407366278,0.11805047255079634
-0.7614372275893024,-0.007573615296061258
-0.7169303541285502,0.15088581057333966
-0.8088707486138197,0.1389011497528983
-0.784545910726335,0.1062681738701098
-0.8304461777935679,0.09090892180721435
-0.7961215831286771,0.04145005390585867
-0.7261036419749426,0.07968945472381503
-0.7785915441354437,-0.023038467435266035
-0.6984487703741022,0.06269257319401554
-0.6873315253803071,0.058842372271875734
-0.6874701772089128,0.15011730759299555
-0.6657783482407353,0.15872632390083896
-0.7588735106824432,0.14551804466044874
-0.7498340882322152,0.170937020680157
-0.8667447258515905,0.029033344362018123
-0.6321872742805554,0.12253067560504582
-0.8061897131157492,0.06571914221653265
-0.773256220529992,-0.0011467111807189018
-0.7319085027159002,0.17531315927574068
-0.720889290157423,0.08023998259544889
-0.7502703024943786,0.03967895711565858
-0.673894171468744,0.2164134033923815
-0.7632878479748565,0.15803784048342032
-0.7006910768345408,0.051880961840457374
-0.5884237682925468,0.16078537717911415
-0.7493163122032269,0.10258464134856224
-0.7822247108032679,0.10760067137770198
-0.7347527829466877,0.14549491254083305
-0.6498942960185793,0.20864686874166238
-0.6957191958166442,0.10221292007012381
-0.8136615631552077,0.1497370337248603
-0.8046016955552729,0.14924872167225142
-0.7338311542809085,0.16212530680438164
-0.7639054308761369,0.03892620849937112
-0.7002544137635568,0.07172916187922461
-0.6508886202297758,0.16057135767432693
-0.7383346845016638,0.1542436342181698
-0.7755748091696907,0.16597912292078393
-0.7350230129598081,0.1946396632462494
-0.7466110306042696,0.17081390916647102
-0.7294648377768538,0.06793439228349095
-0.8496806020043247,0.008961795540207191
-0.6533188065463874,0.20275782520084915
-0.8046430606659427,0.08503878176841813
-0.6995230058232614,0.04699031528361941
-0.6354266053655265,0.17214471814823828
-0.7884720995063065,0.05791518459367579
-0.7494858520524696,0.1773192800943704
-0.7998062287898096,0.09921463886798935
-0.7016982350890463,0.08006554467266966
-0.8475054111859095,0.10497838585290976
-0.7719789624677753,0.019877605689290104
-0.8026408010676435,0.08454118423735309
-0.7628166990456471,0.21987481577025828
-0.6240540064109262,0.17195002107173094
-0.7872028977366144,0.14946905652534265
-0.7847574031584181,0.13880765183325333
-0.7670649650304445,0.06423377718457927
-0.798688887094477,0.05441850738346857
-0.799188822832051,-0.01321605347786171
-0.7204633963509974,0.006009685467967654
-0.8411623072593571,0.07352576073498686
-0.7611068756453224,0.12179237244692682
-0.6670341652992039,0.22026328884583593
-0.7824772333669245,0.09393522890360144
-0.7357872064584104,0.0799354995890193
-0.867170546348457,0.01483463396875139
-0.7824605984792459,0.15880866892337847
-0.6671753510879137,0.20710922848577626
-0.717988833906765,0.09522841655633736
-0.715285953558113,0.10804919646371443
-0.8247882419232582,0.12064208741391823
-0.827068195791004,0.04245819990678553
-0.7511643286253086,0.03333951953621957
-0.6836358557085846,0.15573074452340482
-0.7841321924933341,-0.002668607247956844
-0.6764722073782469,0.13055125638199735
-0.7512538328660708,0.2035503344468354
-0.6621182631227474,0.13320338197614273
-0.8087844089395892,0.0002774982608362836
-0.7073655420771623,0.05595464041509178
-0.7006860220660593,0.02664169677277939
-0.7029823169483682,0.17241228034014788
-0.8291219599121024,0.046941532324295404
-0.7381615458058962,0.09229995828140357
-0.7491341069580715,0.024730588382252037
-0.6431224023998208,0.13198916465765
-0.7610157584281406,0.16203285213829707
-0.8032894066993697,0.027755355707619143
-0.7095338216472666,0.07932835009061687
-0.7624171652077566,0.1216411342465187
-0.6632793934901475,0.1190225426891339
-0.8070024401153393,0.04870208105328182
-0.7476653151407427,0.10768132907913451
-0.733490286729807,0.11251311420259814
-0.7955735926965921,0.03611921235770076
-0.8501283404814797,0.0014134455081989317
-0.6178155004911614,0.1409825501669794
-0.7368081605465472,0.09200906134334204
-0.8139413481432332,0.125806572520894
-0.6800379081866477,0.13874129729878232
-0.7641812381670754,0.14373145354429043
-0.873728959061086,0.04279369967619213
-0.7366863867628022,0.04446687006771296
-0.7753366415097013,0.15205169538790966
-0.8478674310971953,0.03459018348979224
-0.8552158055541246,0.0037383695215452754
-0.6194521612501044,0.13668544348313377
-0.6825442316251324,0.21565222961717087
-0.6349039617144464,0.21830200632132055
-0.6196324892821217,0.16553929431826117
-0.7867292608332306,0.022744775434378143
-0.7740794568318049,-0.010141781932507149
-0.7465657898997305,0.1966280832436368
-0.6858789852501485,0.06579889282673412
-0.687089727352671,0.10932021222996768
-0.611155505516559,0.14955135431470265
-0.7212219164912598,0.15646221504722532
-0.7079197164847133,0.07946398999660709
-0.7291436870079442,0.030725067784906326
-0.6484955212067354,0.16887177857693275
-0.6901212255608042,0.1649514214137708
-0.8380680422669229,0.03511368047414587
-0.7888672912912875,0.018062925108498832
-0.7222700195611572,0.11368801563380888
-0.7325188007601968,0.039042853375120506
-0.8393009431281746,0.14847019792013189
-0.7554464170800903,0.12088306579422789
-0.6099084589279785,0.15814547232245516
-0.6357271623727327,0.219352079120446
-0.6548148180108168,0.167585449803141
-0.8058615488132946,0.02385998895712208
-0.7964290843617259,0.040365938839011226
-0.734916741959531,0.1822984482988473
-0.6371368603942731,0.11313793865008977
-0.7002576233208077,0.1486139774937702
-0.7958648483327693,0.14400320013659687
-0.7201446467677654,0.1560919013344687
-0.8013204599044335,-0.028258486063648374
-0.7130985221612505,0.14158029194174576
-0.6975227739241949,0.0479785098752098
-0.6883216096639581,0.07897989045467425
-0.7220319744626746,0.08269606810578616
-0.7703811671406263,0.10326335135441486
-0.7114294028383716,0.10028045673721529
-0.6315390315621399,0.2180721352313088
-0.6643090347178219,0.10056479136855756
-0.6355828443779474,0.10365435232355358
-0.6030606097623015,0.19909854623995218
-0.7796125834191742,0.02354171661255347
-0.8360494424105933,-0.020505184145014968
-0.8042049749665678,0.1363536712183232
-0.7781578454868864,0.10599541421902618
-0.8467886256562949,0.057196396490872964
-0.8119757787254721,0.12471377740482754
-0.8033555008337964,0.163186341849885
-0.8435724606296768,0.05379426659105165
-0.6542763436260639,0.18184169277376191
-0.6766400571616044,0.09524397246733877
-0.6551681710184004,0.15688379746848055
-0.774102350266642,0.012798819012997245
-0.7880857770780354,0.16729984709488474
-0.8018080414077872,0.005989863721246399
-0.7422433323598867,0.166015235605767
-0.7190764283499961,0.22926643164447463
-0.7057600930652803,0.06438084658693398
-0.8377400674939158,-0.005191520805046781
-0.6539823064969796,0.1661093508479662
-0.8266320461378351,0.0022280936938203115
-0.6403572111344841,0.18025323653444308
-0.642561953013638,0.11011340307025591
-0.7543958708872824,0.11840882350421429
-0.6207343456595235,0.14842810688877897
-0.6744054068498934,0.13183846066488478
-0.7016811651029503,0.17861838101923636
-0.7392002706384669,0.04007041186382519
-0.8239436342408333,0.08197359227008742
-0.630173213730758,0.15496964824620293
-0.7697275719200748,0.10847907845418255
-0.7461334423878837,0.11393932653796258
-0.7740772682887725,0.1352749516163554
-0.6660817039665233,0.139705165587295
-0.6522252187267208,0.14058389251503478
-0.805740058826315,-0.013271238738733667
-0.7419080192096957,0.1606103365516044
-0.6886158113709057,0.09765566418482985
-0.745970964516291,0.08388770924492196
-0.7078398913759826,0.09089213484029132
-0.7452384223869802,0.0844059518769331
-0.7155075928792642,0.15686203043616403
-0.7556371069742663,0.055827201135361944
-0.6596119772923978,0.12509158413544352
-0.67820640630371,0.061843469131795496
-0.6767791119397153,0.13510980636874917
-0.8396561960694767,0.04964019308759641
-0.8510303470873256,0.06905192251339144
-0.6966938570887148,0.1712083060892911
-0.6346185198684644,0.16745275760693254
-0.8032482261858721,0.043442679513189086
-0.7547289098998193,0.1748354802324884
-0.6735888003257168,0.12318143134342131
-0.6530392536265479,0.10453288763557016
-0.6783183860112216,0.056719370794374495
-0.8412170784903433,0.05806919030257436
-0.7082527352992972,0.10097273069524894
-0.8390009928550526,0.12390403049095944
-0.7252506745896398,0.10233440227853004
-0.8013270740995209,0.04474655145642527
-0.7253825627954565,0.1065984913995896
-0.7452810727980983,0.09603011881921038
-0.8326450516346625,0.07563787160713087
-0.710512756552888,0.10789948479643074
-0.6784659509319981,0.1199340590279337
-0.7098041744464828,0.13807499195222606
-0.7514866873645132,0.09643572661475278
-0.683303706660545,0.08321656894189548
-0.8086065123582855,0.021968556948443164
-0.6464436448106353,0.15727124370988158
-0.719969583155645,0.10519098245520175
-0.8012967270700764,0.08961095506292018
-0.7665470787369547,-0.016388096485108233
-0.7501527263728388,0.10597483849034492
-0.6853013970810431,0.06432271147619706
-0.8027218869309527,0.012784669621010773
-0.7747304499134662,0.08436529304741638
-0.7320657368975392,0.0710984695114014
-0.797600355767548,0.07461833597876051
-0.7802716763546982,0.11661803905676621
-0.7204799977292635,0.17619715574498737
-0.6667324759359994,0.0974378116019079
-0.6830543818824921,0.03585013005443044
-0.8372507900416216,0.11855908857763994
-0.631208251493504,0.12457212008758675
-0.6919700355102139,0.09281216133890649
-0.6039059870126159,0.14850707785561337
-0.7173771304591612,0.02576272549121081
-0.7350443266425368,0.1496344479256567
-0.6563719663607324,0.06878988032774402
-0.6834018629913635,0.1957864233192485
-0.7865352524257069,0.11912551680801814
-0.7677859274635999,0.17029056862742734
-0.838214629582104,0.029664389025174435
-0.7401222078800358,0.17834892718302686
-0.7681248515724102,0.039426478908342104
-0.6272711790273289,0.09429555258167559
-0.6870508905761005,0.190727550901212
-0.8060023944223459,0.07836720002608967
-0.7033071846589934,0.15330242462751906
-0.8235414367344716,0.07686011641280939
-0.7478179399666969,0.1434032514187729
-0.645763602782843,0.14769631442092399
-0.764907462916094,0.06122189339001891
-0.6896423387450719,0.1869272568450147
-0.6319260462206181,0.12218501548016113
-0.6619931464336098,0.06004250618047635
-0.657369184163042,0.05857434611038214
-0.6361025304750318,0.2071942724288086
-0.7624630995801058,0.023017557273174345
-0.8016342780701334,0.05249630737969248
-0.6513548788506783,0.07709446426876605
-0.6001266314281728,0.11422086192087284
-0.7492084269114464,0.16780002398436902
-0.6849515691027294,0.19040806426734508
-0.753912227348274,0.15720448222809574
-0.6601373522631242,0.17861015798280358
-0.638268193862084,0.17916179298279394
-0.7321605819373572,0.21423194678110843
-0.7149474612176447,0.22085937729796037
-0.6861952623239295,0.04404359730614421
-0.6854921022103825,0.1252980347038664
-0.7443045247182597,0.12019717133960349
-0.8220726360061187,0.03481551043612913
-0.6158713741553115,0.15267427113787493
-0.7346380780624244,0.034958628467519126
-0.7692525437463915,0.1536375838138189
-0.6889568076324257,0.17715874570200335
-0.7686840161976383,0.07152076707282079
-0.7935922411780106,0.1442244248479238
-0.7543664430423602,0.16058033518737683
-0.7430535547182269,0.0607640448726793
-0.7306918078648622,0.02387860224795687
-0.8161474251409984,0.08538360857839992
-0.6581261576066697,0.16975808124395014
-0.7087955463900385,0.19815261373808085
-0.8139323323723396,0.08849982867191404
-0.7899739767665972,0.10991865183115936
-0.7844945755035354,0.1140348847150472
-0.7334062288879382,0.14599500609615657
-0.6766905048699872,0.09065900915360942
-0.7149904525478448,0.010235862720411534
-0.8035445443064493,0.14665296005578926
-0.7396852805397813,0.10973299599164371
-0.804947145088898,0.09582872145281614
-0.752747289285591,0.09232684650205135
-0.7507856588959767,0.1356957498782903
-0.7991995910310162,0.12254182149287808
-0.6697512871107393,0.10023606840620199
-0.726783774441048,-0.0019068288055258883
-0.785804587886868,0.1637033233601782
-0.6317525138266922,0.1508167178761185
-0.7893083532241951,0.13211775480152113
-0.7128878153414907,0.1349305951207368
-0.6672463975701547,0.12356607339589361
-0.8173258410735463,0.0728754056777022
-0.7072359219754608,0.023852796591397506
-0.678308796197639,0.1630536922469831
-0.6188952051749348,0.09667138637569934
-0.7723326689800084,0.05323061139311596
-0.6898417355617421,0.013373927703872183
-0.7410079582720066,0.17707579067717205
-0.831394730395925,0.057662472418509
-0.6626828931931267,0.12933726387623065
-0.7536401007892929,0.06099809717568012
-0.6296632314159788,0.10848616562517578
-0.7952922899714446,0.1445760261593524
-0.7224757167857542,0.15299914315389881
-0.7967276771777462,0.10632973922772938
-0.7795118014144206,0.10074571105287636
-0.7235636627682498,0.07385503649107691
-0.7155629072209372,0.13867672296924943
-0.688127226689459,0.07980064770048974
-0.7970014280152339,0.0969053466588569
-0.6441835837089129,0.140258046500006
-0.8384918614820971,0.1356157949851195
-0.7603200801663046,0.08164239070954464
-0.7529098567550079,0.19091652345111584
-0.8226767517132558,0.047996593733589187
-0.7302729716541724,0.023496628922949837
-0.7661494763381155,0.020099495545089552
-0.7861240622455018,0.007774963368297274
-0.7365004341661736,0.05083552145650907
-0.6705418573230678,0.0441201830665492
-0.6291364179711513,0.1798007413008731
-0.7388591388570286,0.2051278482613274
-0.6564109906710157,0.17083506372068796
-0.7564903966786154,0.027595239236073064
-0.7374886391945429,0.09673344581084971
-0.6848274091397606,0.04592489397551461
-0.8473034278326679,0.11456425751414986
-0.7837853271522207,0.06251992254433958
-0.8418104918823548,0.038431978134853884
-0.714787047526969,0.16350823302406972
-0.7712099936208158,0.03933114454642807
-0.6389667822165342,0.09423611654566373
-0.6810096363990912,0.12881557040488048
-0.707635110131781,0.15951044375865792
-0.7779344540342932,0.14001291955495884
-0.6774234532255282,0.21875038014612466
-0.6068052761291285,0.19443136805769418
-0.7795457973893767,0.07877614952853457
-0.7042579390434736,0.07379360015229075
-0.6285710230779309,0.11477970761632746
-0.6738574110775994,0.15718429588167473
-0.7294376624219318,0.13855512273523757
-0.7328965312434721,-0.007989614773911457
-0.7240355016094738,0.16079086401655468
-0.7081509875001855,0.06761208228349179
-0.6745197354866221,0.09293709764389207
-0.6600191774660418,0.14705105406602872
-0.6415813173504173,0.19638031549528326
-0.7599959064140013,0.12643741278417586
-0.7327079398732149,0.0761879142673938
-0.6968257492408694,0.15941830343010832
-0.6922672340351845,0.20114002408946813
-0.7485618259589643,0.12396511502980391
-0.8096193721328362,0.06909740134384425
-0.8077609702721842,0.12648756279927056
-0.6520736772266041,0.057864938971758303
-0.8363654403552907,0.08302519512282211
-0.7425308282429711,0.03123164901303088
-0.7362008636666335,0.1972722588709648
-0.7136388059014418,0.09624373500655828
-0.7492494800950456,0.1825893750220092
-0.649810377924493,0.1650332370885159
-0.8059284545114447,-0.021767618141898325
-0.6982871432718886,0.1574592074442387
-0.7592349983316407,0.15816664664284066
-0.7127578847907026,0.0828867810013578
-0.6455760293240661,0.18447015679031395
-0.7217267082967725,0.045651551423272436
-0.8070678270734962,0.16050717275360493
-0.67235865133735,0.022276410607399242
-0.8731073622122207,0.047629900275609975
-0.7961317271883208,0.09086347921397837
-0.6299799255522996,0.21601984569601398
-0.8460575314787743,0.044952768950181195
-0.7768620616939201,0.016113861517841242
-0.8132074417212624,0.12106418099492243
-0.6438580479088845,0.16748507845262783
-0.8096607762503757,0.11690574895881539
-0.6810412181193666,0.1697117691537205
-0.7831192883319552,0.1062448566521899
-0.6906187702365703,0.1486133704081979
-0.7476884319537421,0.05225936554466483
-0.7240760763655845,0.11612071881162411
-0.6591478131997478,0.19904751057460826
-0.6945755062596319,0.10526234052543819
-0.6119616146105014,0.1428971202347779
-0.7483378369108301,0.10473586682118843
-0.7179219006043789,0.17537444862762055
-0.7710012631934782,0.07288312472108563
-0.7930959576776113,0.025019713343200304
-0.8170940687014471,0.10125697650715988
-0.7947994341674168,0.15703361607456318
-0.662271564061783,0.12001855252960308
-0.7062664952036058,0.08363845275863065
-0.7230004075900528,0.16269055791339368
-0.6598184358842377,0.11969185875045409
-0.6975228984021269,0.16609802745034993
-0.8084180606287552,0.05792674537569286
-0.796686984369843,0.15365622906233314
-0.6899215618013491,0.1339318330418088
-0.6853500107674854,0.08129673415060229
-0.6885559223998857,0.13921067857471578
-0.718818776082638,0.14243663830309664
-0.6325240783307556,0.1766159342219116
-0.8079883922368616,0.02411049604382917
-0.7522578656411921,0.14094969287808706
-0.740957489925396,0.09512137894690913
-0.7690809568543955,0.10056697095687894
-0.7791516410020132,0.010885881030533416
-0.6717345867410849,0.15766062724469077
-0.7645642360832631,0.13205265480757708
-0.8004947639562138,0.13853301701881163
-0.7173176178612276,0.08210131913241787
-0.7072806628189776,0.21692196302430733
-0.7055074679975172,0.16531933162406462
-0.81904752582737,0.028036163345941452
-0.7650256085602122,0.07422380884887722
-0.7483757222966649,0.0928586363554718
-0.8514731727244117,0.048733284122741215
-0.6855331272696259,0.05910027604337289
-0.7368650445273518,0.14372162262680227
-0.6530280154157452,0.1075831485946677
-0.7138622838671598,0.06375072592360605
-0.8041629239821362,0.016056030272155693
-0.7931618770184696,-0.005677788756470495
-0.7372192319555925,0.056735895535421854
-0.6889501107518026,0.18759498697471458
-0.6392851179676394,0.1706506508473489
-0.696523104266015,0.12749276984185914
-0.7614124381589168,0.089347853715964
-0.630594057514839,0.08172943286385098
-0.6682232969222984,0.14506787469041876
-0.6500328134917239,0.04865615664656278
-0.6874218203381552,0.17863895684404496
-0.7771482487151091,0.14681606558872973
-0.7614075342191975,0.18192881582111547
-0.7931121367774127,0.11257294714924618
-0.6430711922172333,0.20265412026356386
-0.6825555665833634,0.06425275165764821
-0.8066668541670268,0.10234917093643851
-0.7716797020754725,0.09493390823129193
-0.6821393367608205,0.09186879782392247
-0.747430617431512,0.09542377719190229
-0.6648990180533194,0.028722511314138784
-0.7368345801506548,0.15570474282277313
-0.7543428692516867,0.10207598649595452
-0.7040017360574222,0.09614276901624626
-0.8389145879863265,0.05378599418603169
-0.6739492427198878,0.07254797728974706
-0.7125516957198422,0.1203152384688959
-0.6861735592298052,0.23042455045071691
-0.7262852917092987,0.03809444132046219
-0.7743422665489781,0.01961998815488059
-0.8133050559890733,0.1608898507905768
-0.7087786315609564,0.06701903751682425
-0.7195074009212273,0.17537977023536694
-0.6083174904016564,0.19401011050942454
-0.760124830219717,0.16662914885753644
-0.7514230390633073,0.026712318934055474
-0.6361789131231751,0.11674160196283186
-0.7742775734000008,0.0723374062982796
-0.8159146250716927,0.06867181744256833
-0.6872395460439438,0.1217659099138345
-0.7760955355923511,0.04446010912232948
-0.7182718502246381,0.09441239444723518
-0.7402563770255376,0.1846553205821322
-0.6986420465586205,0.1486353187167025
-0.7198633825775049,0.1625427886686166
-0.7576970971713263,0.030901071718771624
-0.6403473733397016,0.09363068013750579
-0.6016754700456522,0.14791199202824112
-0.690844247368197,0.07711718992128684
-0.8128712907079447,0.12230006294125995
-0.7254343596803042,0.14633679681165737
-0.7686088444737306,-0.005464619042899132
-0.7621602219873436,0.1682352652881721
-0.6677204261385493,0.1514587973008208
-0.7098503218371575,0.1282487088707251
-0.7949231068781103,0.11133780097622754
-0.8240341174800134,0.07632515108346731
-0.7818776201128215,-0.016802540116287908
-0.7567186705855027,0.16221385995561405
-0.7613526861798973,-0.016029470303078004
-0.7009339290179183,0.1003317244684896
-0.7888521278248128,0.07932074435277303
-0.6707702544230633,0.14721526884956307
-0.7597166114330787,0.1762437837015254
-0.8294315165961513,0.10682058999933106
-0.6437284489079015,0.06905470659078182
-0.7725312461834929,0.09265637325955928
-0.7282791991001919,0.1817789286457029
-0.714932608847923,0.033323529477694985
-0.7347801034743257,0.15181654272017864
-0.74962805289358,0.12107338323802569
-0.6617774426759929,0.1315814396967507
-0.7214402884485076,0.13933556072810396
-0.7103728287707582,0.1869710069294898
-0.8418368702185013,0.05903744793729841
-0.7428339363015738,0.16108487150402304
-0.8008253003318493,0.029230467638849084
-0.712484366253719,0.19024171877921356
-0.7186023168322436,0.09664729558611329
-0.8361908848937399,0.059196340213137875
-0.7981809961641486,0.11483235993357717
-0.7838433987775503,0.09324997811346959
-0.739122600411386,0.03606675402340638
-0.670129576126179,0.09812494563383632
-0.6849703502623116,0.12008779220745107
-0.6301831452386812,0.08452961509865155
-0.7880907997600508,0.014202016707538324
-0.6174419238192658,0.1055168208098246
-0.7647687979801083,0.12322712421307959
-0.7490862747436152,0.09201116108002313
-0.6573921818479912,0.15426222110279156
-0.6939593886657941,0.14221794991365144
-0.6103250932251155,0.1893103934026799
-0.6981909662899355,0.05864091200539857
-0.812712293640259,0.07911643686094506
-0.6375159463398761,0.16162117982920807
-0.7226384822636364,0.1560177156728341
-0.6284457171923762,0.1616160052533131
-0.6685069292641443,0.1027320290037454
-0.6333261738889137,0.16983317331529157
-0.7623306978367015,0.06290848983020408
-0.8297189936597358,0.06462547141372464
-0.7297311270425721,0.06585835321004974
-0.7698148769718638,0.12925210458307373
-0.6574175802734166,0.15429439181248797
-0.6892127444517392,0.20844137274093266
-0.7220408889792838,0.11562285369819786
-0.7972973499070963,0.03674739094822587
-0.7029042763015937,0.05105942602549544
-0.7415538569251996,0.19729144430300438
-0.7334881156718515,0.1540644016335016
-0.7892813290679908,0.04581624719517055
-0.6139266341365855,0.15697378133477094
-0.7851808470606033,0.10599747832089759
-0.6721274296563619,0.10120899856986594
-0.742772077239213,0.11368067216955499
-0.6973945468312802,0.14366515655293607
-0.7754032186523399,0.03555255978560761
-0.6244174919818897,0.1441695935830836
-0.7829412463152842,0.12322004589943453
-0.8117108225417287,0.04504031946978918
-0.6889060021652149,0.10880229332405333
-0.8197949110064231,0.08727201828956795
-0.7105712619239476,0.033318432671761045
-0.7479119101435253,0.09247942631257045
-0.6336746828611909,0.1502086217593973
-0.690745530769133,0.2118554164414643
-0.7769404848787983,0.024382178033529232
-0.6574040871245098,0.17378926610642323
-0.7307054255874688,0.13520371595916048
-0.6573627739174476,0.16458078685821928
-0.828614682415825,0.09388963732652851
-0.7266802729405408,0.06303791041160524
-0.756851663927588,-0.007583638472022698
-0.7227579543031021,0.12642601988563354
-0.7616519389148415,0.17549036374627486
-0.6521142591993536,0.19955404938331842
-0.7216072610630535,0.15765014322170798
-0.703396526497468,0.007271227629493137
-0.763416424332898,0.02872242716907072
-0.7408797235300875,0.08351787731957672
-0.7196966733065683,0.10756058520417434
-0.6036532278360673,0.16553200985955982
-0.6960453163328436,0.17037434938876242
-0.835709537715155,0.0823488401254121
-0.7650135913141514,0.10933756446606041
-0.6965324040641474,0.07158550642783246
-0.6546387894338395,0.15347518537402477
-0.7814709779410919,0.07923594102324905
-0.6823865951033479,0.08378772758719027
-0.8466675236317762,0.09041137649582735
-0.7439995334971881,0.05183364410176179
-0.7614003270331514,0.03580233357993738
-0.8397550346698622,0.0018177911155269908
-0.7372602025876157,0.12343180084032758
-0.7369571707779171,0.11910705533245464
-0.75181358090097,0.14791657091394222
-0.6750515701208538,0.09902533154461464
-0.6541228830943523,0.1572334433526602
-0.6601605994719691,0.14780244329384556
-0.6187112141987313,0.09945392291249538
-0.7162269258633026,0.16224886231533164
-0.7412397460630205,0.014408982224288967
-0.7491582487213078,0.014910963050302442
-0.6966785440834227,0.14562971210660142
-0.6323630012797691,0.12034409593462436
-0.756936729915743,0.09618387860798691
-0.7791397962972559,0.17562194474812468
-0.6312834322543228,0.12989319073629427
-0.6881280872156429,0.13482125670994738
-0.6520932618440614,0.1350429357783973
-0.7174941834921434,0.13289944503805126
-0.72393381146604,0.12229789884554618
-0.8319151557275902,0.016675338571401917
-0.7921899995314722,0.11274268437479948
-0.7652019682481871,-0.015993526203566304
-0.6922346499886171,0.17669991466031046
-0.7592563239269925,0.11073364540231227
-0.6589521207473978,0.1285023167323215
-0.6405251630747951,0.21373732623727265
-0.7449451048397268,0.051822158058386934
-0.7264325240378857,0.05360081639083494
-0.7687301388594902,0.15733645125722268
-0.7458184461184353,0.1308712257049314
-0.6840975959902916,0.11032670805678163
-0.6960346985476124,0.10042918366642156
-0.6362228946730157,0.15363137052593898
-0.785244734081278,0.11469012175268697
-0.7288340837676509,0.06446178987187864
-0.8413364970953594,0.017853703055910372
-0.815073335239246,0.04555991406754466
-0.7919313662333395,0.13447217633898356
-0.6736474948516583,0.21028937740986414
-0.6582078175217889,0.07501985657416725
-0.7243641480818641,0.10012851089275106
-0.7292372618985652,0.1178036548279142
-0.7512476973927709,0.12490139090706168
-0.8475651802760511,0.09741939495472281
-0.7745305366796694,0.15136596320049583
-0.6562832649504019,0.08202800742729373
-0.7080915765665136,0.10879846518068877
-0.7811560918346647,0.08981774557118097
-0.7788706886287134,0.042243782351264844
-0.7327239192436934,0.1452775080738501
-0.7963069519294805,0.12420515030031146
-0.7746338380805367,0.07675810371778638
-0.6123272610441138,0.139669828845376
-0.7655223510296908,0.09939472133187817
-0.7164122575966954,0.029182378935303968
-0.7432965942836837,0.08289704705604892
-0.7059378784865029,0.14008182270056455
-0.7907755231314041,0.020778191212140137
-0.687335891823484,0.17662432032414585
-0.6689341605076978,0.1599704248744875
-0.6463854647329396,0.10504075455943723
-0.6441596084710165,0.13524294269244289
-0.755557377231536,0.07735323435169475
-0.6467237169465012,0.07146241461797713
-0.7498779526629863,0.04845902280760868
-0.7353658250548816,0.07002612977193028
-0.7524686523825884,0.06356587828799494
-0.611082726855181,0.15792065611460956
-0.6534056563533989,0.14916315131396998
-0.7251780565029934,0.15434841959106516
-0.7564110878266767,0.06265053326656735
-0.7208054555211937,0.15636755628014493
-0.6392197085479389,0.18830007377319014
-0.7475230167423152,0.027283172948402115
-0.6875693705235665,0.1794234912792483
-0.6668914167222971,0.066802668422679
-0.802394110996402,0.11859860076373782
-0.7411142056493577,0.05164804220862213
-0.6606128016424009,0.19491425721520664
-0.6798909593712553,0.10534840630837314
-0.78906712559896,0.12759201362477773
-0.7282601456233947,0.1279973214769773
-0.6882623752410236,0.06776377085322845
-0.8113108731395108,0.03274249603086047
-0.7936027672710673,0.17682151720727823
-0.7304695749703266,0.06420463468315671
-0.6825387312924247,0.05434444195776924
-0.805269718728822,0.1672257412341244
-0.6630872872785781,0.13265601834356333
-0.7985909257509567,0.048347057279791654
-0.7800843947594092,0.10626201043225594
-0.6229808811411874,0.13830011084552676
-0.680293967056967,0.04832914028167919
-0.7562471091428948,0.056479026561930115
-0.6622712402624492,0.16467779553188233
-0.7950209192700799,0.04372947667615753
-0.718202177428984,0.15364057075916773
-0.7070893930109181,0.15059207098280875
-0.7368448179104605,0.1392217309743395
-0.794062958972352,0.04357960292421633
-0.757880130602566,0.1367559430077115
-0.756244859399418,0.08064999114415462
-0.6769088644589022,0.09544131100211473
-0.6570915962526864,0.08329166402632086
-0.7101888205549203,0.10283931910872089
-0.7556702767118885,0.15131935810065994
-0.7370363216011996,0.18459720424397819
-0.7525874689624006,0.09064984456841108
-0.7908783702610237,0.09121290938446286
-0.6566803245887359,0.14476562605678014
-0.6554091732345341,0.11782523093126968
-0.7566536843136826,0.16211786169163833
-0.8309549200562664,0.07443852688412818
-0.7808398143535837,0.0929885797790734
-0.7471699787584495,0.0827138556429346
-0.7503307396658316,0.012902476307421655
-0.7553555599988392,0.08380331102983793
-0.7322423877455776,0.06202840535321552
-0.7470329550460386,0.06587919657591308
-0.7127644416846721,0.049732911363561214
-0.7803368137651744,0.08893227537304764
-0.8364608109183851,0.09460887721911175
-0.7522947924597765,0.0583219882862368
-0.776412052216255,0.10924369241650454
-0.7108322787961694,0.0775486731361595
-0.7675026037958936,0.032947477703432926
-0.761814083769872,0.05375906522653441
-0.6915642105374096,0.07321469435103098
-0.7682386885253278,0.03262269280854891
-0.7225503124798994,0.10205415995335529
-0.6987000345890715,0.20798855553343557
-0.7787936042460639,0.1361362166146935
-0.7330558498543481,0.05979104422250107
-0.8257967965961619,0.020164718979745578
-0.695011671720904,0.182305520984212
-0.7648257041358005,0.0586441613857968
-0.7814190190522307,0.06388947656800226
-0.6657386420187352,0.062121851771685804
-0.740800954484632,0.1155849417659988
-0.7854413248314519,0.019506085660535345
-0.7064652023547066,0.12467513989188812
-0.7726625132736754,0.05667844100031233
-0.7375733691511591,0.0761838803234624
-0.6431946637466817,0.18507328588417699
-0.8128447060260664,0.08983751149840745
-0.7808128620419917,0.09255817465898226
-0.7639638332941446,0.10666696443539989
-0.7049787722746548,0.0656814975559524
-0.6088480082938855,0.13737828404642247
-0.6790586965284677,0.09997779040969236
-0.7844931700188509,0.1458390800281987
-0.7137556606310762,0.19978293414240386
-0.6621301490132392,0.19533313800330984
-0.7091091738962265,0.19381141663734755
-0.7086512783451753,0.0821599488470977
-0.6987024777040723,0.19037880849065522
-0.7852914043084765,0.14787869773960222
-0.7317533142479007,0.0444189052923761
-0.6150313208973937,0.1349288821017676
-0.7681747477524622,0.17909067542582996
-0.7050260044158382,0.14820593397904078
-0.7813335726278531,0.06309103053697863
-0.7132665396232157,0.045793653625885736
-0.6574972362674371,0.12862424250102475
-0.6484140930666544,0.1286784856673601
-0.7526726212120309,0.12180034153354109
-0.7765646415769684,0.10764788526881777
-0.6487225906865853,0.09402734636132168
-0.8304118345247687,0.09197401299669396
-0.6273591033144215,0.13664391291894007
-0.7105173944567525,0.13181498384122253
-0.764967802483993,0.07851586094742405
-0.7755154808497836,0.09790866386221796
-0.8000581186407715,0.10603471656992969
-0.7121406580944951,0.18642397313805947
-0.7453669939892289,-0.0066180810045309655
-0.6835347194085121,0.2044131291349993
-0.8347813877849177,0.05591748514816842
-0.7780173876123868,0.10300944023296274
-0.7200879523798306,0.11349489302963345
-0.7557854433004163,0.058646810073114036
-0.651240635432785,0.19294678864605458
-0.731085592339796,0.10027011684510824
-0.826868189844793,0.07041192415117699
-0.7025780203271471,0.0984836518046283
-0.7343275575890962,0.11181056363109584
-0.8240225802769154,0.14592824291183104
-0.6818399995432398,0.10564978616074812
-0.6206349481021789,0.13166567318424566
-0.7884219246310402,0.10132415791172661
-0.6396327821049863,0.14960689810938108
-0.8213544494974395,0.10142106981938229
-0.7874862744798188,0.14051237796957294
-0.6505147975724048,0.1614187906492622
-0.8393445425061847,0.11778419049132022
-0.7629287850398371,0.06063330342998865
-0.7223245001706192,0.18230668467243136
-0.8027690645889886,0.12558556028327592
-0.6650264399395792,0.19667071565461555
-0.6344611941572255,0.21487326919852862
-0.7487897706021753,0.09328699035583678
-0.7815672820733588,0.157526272672038
-0.7669745646805856,0.07044323465640702
-0.6426657878572734,0.09509279199188952
-0.8294863613809482,0.021632284110786975
-0.8115248277116368,0.11264415820009117
-0.6678730677514048,0.12108265485419246
-0.6639045472185198,0.11582874508038624
-0.7537471676162966,0.024894700638636434
-0.7154650640569216,0.12413385711559856
-0.7058940424733477,0.13932968453441436
-0.737175677192908,0.15857919874662235
-0.6524691318408045,0.11524489555463166
-0.6771847669514929,0.06943660477745177
-0.6112779112629132,0.1037627351672685
-0.8015581418598021,0.08431693074405745
-0.8434634979804606,0.10744833735059332
-0.7258243787088828,0.16146065673988083
-0.745429279735043,0.1557205647790956
-0.7869588828831073,0.042840645222043686
-0.7418020568696766,0.12102338692939887
-0.6267095302245814,0.10205222267576002
-0.7978434188712545,0.10615739101643654
-0.6900992884122334,0.07998316398550943
-0.7819326994330278,0.15726541139750935
-0.7211739089526065,0.11784841424961841
-0.7542106196831097,0.1708519204117497
-0.7245793049011705,0.06197463617267008
-0.6776512582871052,0.06855534637263198
-0.6709039624455003,0.10799973557170911
-0.6749159058690397,0.0820863021961651
-0.774393786721326,0.12416176077731488
-0.6616659249923315,0.18347878926286698
-0.644436072411685,0.10318095854949408
-0.7038196291802219,0.1973402242958175
-0.7788743764121212,0.18930590600465844
-0.7350190277960885,0.02647642169089393
-0.6955543259596828,0.19429661263199083
-0.7984957321062484,0.05726636302818959
-0.7811964474558978,0.048771145672554396
-0.6900891772248401,0.1463360483671008
-0.6575371121368525,0.15014739318857467
-0.6981189665351477,0.12824463802538183
-0.680925887222282,0.13156222788547808
-0.683614289436111,0.034359540826514864
-0.7987804284835632,0.11988130443347877
-0.7767622414320305,0.07670781324545665
-0.7670130402105957,0.034342781725975914
-0.7274240621285836,0.17173011240110853
-0.6653100332274168,0.17669145897790978
-0.8326900951692247,0.03719171176897705
-0.7696944046270879,0.08652533973915588
-0.7802228451070393,0.15151495075816115
-0.8139895540985259,0.058713933575483455
-0.8013781134167849,0.09397751249040054
-0.7414561013130165,0.08119375361220488
-0.818247418237541,0.00830736457656759
-0.7291525374510963,0.14991600714110076
-0.8367694550653181,0.06791423886690473
-0.711620411714526,0.08769203316431406
-0.661780419085884,0.13455378449868405
-0.6572937648917967,0.1744807405319309
-0.8441671391006569,0.04999125826010055
-0.7740394905987812,0.08734766336454983
-0.7744038135703978,0.11133494521258613
-0.6547838290115581,0.17295522530300333
-0.6957365409202835,0.09578081455092213
-0.6139875471975939,0.16709537354116272
-0.7477155098896149,0.09217523984225016
-0.643383481170293,0.20249538919539448
-0.6510696045403886,0.17450997431522738
-0.7117045914121305,0.0013340561114515103
-0.6545728220735115,0.1273266823884504
-0.7475946065267901,0.14323816351670396
-0.7220823519079635,0.06417042406095722
-0.7674804090667008,0.10002599467111876
-0.6785905804207645,0.08112394966215468
-0.6829168255584978,0.20903312458744572
-0.688971179280212,0.11038041825111203
-0.6795732152421974,0.1754581979599462
-0.8210012211856039,0.0759103040515649
-0.7718824439589823,0.05060783769771143
-0.678194201866583,0.199354488259231
-0.623684248332623,0.13948294991725046
-0.6775636100430236,0.13160153549800538
-0.7109340873385749,0.20939151349967675
-0.7153933641645762,0.15272725233376677
-0.7234967011716896,0.14067788624933278
-0.8258955016570041,0.057402599658298484
-0.7641143660995818,0.03796771525996888
-0.7764837066793384,0.16961350821130705
-0.7739263471528574,0.06521577209630605
-0.6391471282677929,0.20275493206351458
-0.740051934113551,0.07929900032020952
-0.7621683753203412,0.006344201680494243
-0.780588487663583,0.054466591337561106
-0.7184335920505028,0.19533062637745005
-0.6923709818004751,0.1687513283233112
-0.757731549056507,0.09545526073637473
-0.8039568907248306,0.142005525398542
-0.8265579009314102,0.09588474100902199
-0.6877756413747097,0.11005573204128595
-0.6798179807194846,0.16054387141149284
-0.6228533365576776,0.20138178602933593
-0.6303190046773618,0.1645253688510483
-0.7789398417885322,0.17548371729393075
-0.7246532678646197,0.18245700820447452
-0.6670009649797897,0.12640023953410845
-0.7733408755820477,0.14737227003260667
-0.6733627973909465,0.09195788629064568
-0.7773923816173363,0.1631251093642951
-0.6664489230223414,0.22777377210543168
-0.7162532744236881,0.10735512651158277
-0.7601647141269249,0.04601182427103338
-0.8030531449972806,0.03965225143890808
-0.7867066801906647,0.07918979954884185
-0.6995836910234797,0.07924640299160515
-0.6434791640024696,0.14088801765747241
-0.8030612459369272,0.08858987089302282
-0.7313047082534161,0.12778435710400896
-0.7589130435027349,0.0974126394143593
-0.6637916383075597,0.1520906792455933
-0.7950572812051854,0.06843113843320592
-0.729466450283106,0.12663332586118586
-0.7385364903565115,0.11375098989754394
-0.7704334089570576,0.12869840075961056
-0.7068786308300214,0.20562664231176486
-0.7406269543965963,0.04993477594116423
-0.7185384093567999,0.05978673099749981
-0.8328386683898389,0.13012564308115934
-0.6454398488619755,0.07169307146989187
-0.6107862842010344,0.19672643624702438
-0.8205452085789602,0.08039054029225877
-0.8379309863890316,0.08149199505188315
-0.7596124993804261,0.07238485409627002
-0.839179176569735,0.09224586603940281
-0.7709120752899803,0.09455664516528657
-0.702083651681529,0.11483494597342547
-0.6797992667658815,0.10478741492229016
-0.7757563856300531,0.11792893160714
-0.7845804423865778,0.060368318993864536
-0.7248524670751846,0.18517465150165727
-0.7384365589747347,0.13827600389481998
-0.8166219645375755,0.08874464396818964
-0.801850838437715,0.09580497043612116
-0.6737826724878144,0.1890578875120464
-0.7934043162285493,0.07327640303874364
-0.7556612654769496,0.19106309703933283
-0.7452106832656535,0.11557509691777684
-0.7908714244215337,0.043013731906059484
-0.8142219831137677,0.1128277766497823
-0.7669876611307612,0.12638350470387963
-0.73425813100155,0.08875753486031965
-0.7276188319140457,0.07484470392013479
-0.7126585815479473,0.03657742545605302
-0.7332662445948337,0.15271206475473284
-0.675743108969992,0.09317918701550407
-0.8276482595495593,0.08030939097798982
-0.6944126819621742,0.18473495679689125
-0.6630627135919819,0.16090398147709367
-0.8278913184586575,0.008915725338395387
-0.7475427591617486,0.11597470579505842
-0.602975042084344,0.16481587888133115
-0.6784080181187506,0.12864798274076705
-0.7207422949732412,0.025690926513549428
-0.8067666180168681,0.17161652966518706
-0.8061417701885781,0.016473038154843134
-0.7817077900986318,0.09020570078257881
-0.6680788773475616,0.0673731998630816
-0.7058707842336501,0.13692763243112643
-0.8116452619144304,0.018556439476730986
-0.7690762643932896,0.07504708947080593
-0.782906122747421,0.1397067310631391
-0.7063108447187927,0.046994755709837216
-0.6991587898315184,0.12051765249952721
-0.7324782028461639,0.039167135168159325
-0.6715418388165899,0.1619631436024943
-0.7909709188704608,0.07743770621722294
-0.6846306708993064,0.10297012741276047
-0.7968188106677472,0.047020765498723166
-0.8193450789588596,0.12200396378656295
-0.6451946572511308,0.17867310370272327
-0.6761518029728117,0.20131533518082595
-0.8108682914437191,0.10040816551928147
-0.6541436523556869,0.1712050726135741
-0.6731416371486414,0.19124347116836324
-0.7137389383239787,0.16147671758588383
-0.6406130729150323,0.18117072804305104
-0.8210640896736694,0.01442284246225234
-0.7258130023976908,0.08704489135443919
-0.7405744762317583,0.11811460673426881
-0.7887222535638744,0.14249549035114162
-0.715357435860434,0.056936452401268024
-0.7302816081840203,0.05931269168972875
-0.8001708105608625,0.06149793844011331
-0.6937260272430438,0.1345873994465305
-0.6842790784811084,0.1014969535895866
-0.7086920447901726,0.08889037571224284
-0.6499970052708762,0.0954955411753907
-0.7554186388027484,0.0642636581743539
-0.7270409181147179,0.005834425785871115
-0.7856097171424571,0.05073986148963319
-0.7084102833635049,0.15443200789861503
-0.6437244361081311,0.12706674643264873
-0.6387775628184356,0.16245376679995963
-0.7364799823571849,0.14376840007964245
-0.715546010029704,0.07370776742693828
-0.6669774900317053,0.14685904514288955
-0.8113349193527365,0.15587970816735536
-0.7694130814069238,0.17180410199770346
-0.7869214124650566,0.16772222312046772
-0.79901084681389,0.046112703050498575
-0.6467974512086008,0.19247140142327884
-0.8127893066249616,0.14351183003002727
-0.7367302708151141,0.10510680363129475
-0.8098977936826164,0.1381843847043302
-0.7906834631651155,0.08489019231911353
-0.6991343703455819,0.17071801297303102
-0.6946084186579468,0.05749760405498422
-0.7605274556610805,0.12353762059097867
-0.6904870870935615,0.11119425422215483
-0.7871451687582361,0.031079588531016614
-0.6290716357683162,0.19320307994560754
-0.8008294714544554,0.10593894247909798
-0.7630378432179548,0.035404510619733376
-0.7161355624742904,0.11531699577945828
-0.7453699780753452,0.08760880712328868
-0.793885226599411,0.030166795856152076
-0.711891965925764,0.11393314243172269
-0.7586045422120453,0.09810827703772601
-0.6324077474458579,0.14212268799076336
-0.627305704747912,0.09629111186917018
-0.6458700674993806,0.060255671067450674
-0.6374709534443467,0.18528217021243795
-0.6062548551910231,0.1355746124083129
-0.7137685829636929,0.19041998833423715
-0.7996915137542498,0.09057955481399738
-0.6564555007083306,0.16811559503443335
-0.7098135282208117,0.2091294619247014
-0.6676408019529991,0.15520058778958867
-0.7429507032797592,0.1046312481728327
-0.666827522761554,0.1253413962239363
-0.691937291114053,0.10633501869446794
-0.6530722490731999,0.14902128566676384
-0.7853051061035993,0.05237104071609373
-0.7423789184551293,0.0599941255777504
-0.7582265348967614,0.05842722088088169
-0.6988884821586009,0.06770898049807712
-0.6455243258515421,0.2233453513452525
-0.7418733500353664,0.03359777152458619
-0.6835879503722606,0.21134595556030056
-0.7499688983553111,0.012575362881182231
-0.7542809092056213,0.17707647822890674
-0.8047691623747952,0.12757754224891993
-0.74237095127873,0.07195938887727901
-0.7739848099600611,0.09716159276946985
-0.7722926025752801,0.15687720988452009
-0.6697377199673838,0.15105605128417104
-0.7588635712356679,0.11823976139452594
-0.7284659381526625,0.05274304038241071
-0.6739398332910943,0.12347594989974853
-0.738475430294674,0.021780948708850376
-0.7675284386666686,0.0467616643095845
-0.6562566579323222,0.12668585154033288
-0.7153008012986901,0.10471785335308334
-0.7074646293943769,0.11120688181293298
-0.8246309431329083,0.04897793686186575
-0.7642802076749661,0.1274917455028272
-0.7329934325382377,0.0942351191178483
-0.6854474963186256,0.10219548359168322
-0.8045722181006533,0.086451556404299
-0.7321787315581847,0.16388386773183322
-0.6997446293329026,0.17257671900313126
-0.6082486438239566,0.18305551608980603
-0.6488753694703236,0.0860837133375884
-0.7323968768544461,0.1370751630405847
-0.6995993214447938,0.18386092093678694
-0.7043604991885342,0.13477104971451476
-0.8298700127854665,0.14097738874151042
-0.7124575587928332,0.13860691620611318
-0.748572343854134,0.05432632101182485
-0.6812928405597558,0.07731380057028477
-0.7250732927734359,0.08588745920123277
-0.7166627055061155,0.14604226950769783
-0.795636894768647,0.12017798261256217
-0.7593358866609697,0.01899731850792337
-0.6656134176467016,0.055692583739416865
-0.7095879145699758,0.10915276465519551
-0.6963547139045321,0.11651489625645113
-0.8149434260683378,0.09730018906632279
-0.7790406342093973,0.09040231560382375
-0.7100329608721196,0.06449729471777431
-0.8220811691011402,0.04442051060415368
-0.6595990776397403,0.1492404251717866
-0.6437629421737262,0.12610374725841503
-0.7071855044177625,0.14158673353126197
-0.8018309563772615,0.10040173056733327
-0.8052062903603351,0.09892353472950967
-0.6416827206467612,0.16051690257836948
-0.7798516417339676,0.12456684368956066
-0.7108303028244429,0.20002176281081469
-0.7669414686005067,0.09104877007066708
-0.7137151126436403,0.09880589322668101
-0.6865408546314606,0.19902464362562053
-0.6664416043492787,0.11907437319086638
-0.6602673733496571,0.10490678059726341
-0.6857026807832584,0.13045709171822734
-0.7454565650870253,0.14573232962431332
-0.7070647492282516,0.07837062775101261
-0.7229030399419858,0.13546304757020014
-0.7437231347459645,0.12922353700991207
-0.8329822362896394,0.08643364329488337
-0.7712433536449647,0.15031781554749582
-0.7691120284468359,0.043152482990789935
-0.6916795114308846,0.14138024836378008
-0.7098642557607,0.1753573694202799
-0.6724609258490196,0.1306324860201333
-0.6778222164942229,0.15645681397685376
-0.6847409383075594,0.09476963291350995
-0.7321685967159887,0.08076836989217379
-0.6734708693584335,0.0853625594737302
-0.789926894235359,0.10858603927447964
-0.6705411921176444,0.08724599496944868
-0.744722123374265,0.10957530936231286
-0.690453293894225,0.15295153521772045
-0.6902959504274213,0.051903600231110056
-0.6667928437065889,0.08621775879833928
-0.6913728189149745,0.16937433174180022
-0.7341395214015581,0.12375965249255155
-0.7545610581486599,-0.0022966894588071283
-0.7301671000714552,0.0953936331510132
-0.7151380297655991,0.12720548273503238
-0.7296045390937062,0.12072117489200088
-0.7818637460754789,0.07014797490379072
-0.6849997105999719,0.08216251717921315
-0.7470888418559425,0.05570805230749679
-0.660326218200662,0.06999882083697641
-0.7534801282506374,0.07049171683348558
-0.7153129785641763,0.14991192318322946
-0.7125293250041953,0.037197408756786864
-0.7534310728251227,0.13328148142040286
-0.8115639455433026,0.06911002418809535
-0.7674695665343151,0.03483051600175945
-0.6941741982230817,0.142759261311556
-0.8230697172106033,0.010312469617716886
-0.8100491656164188,0.06856373054052822
-0.705297275820671,0.14138422186716953
-0.7305432285673742,0.12443008235861859
-0.7660180089713878,0.07945593170750936
-0.7235876345456517,0.13437804922863988
-0.763724692357064,0.001381632724675838
-0.6260292316913586,0.12117152868163678
-0.7994356399551329,0.14248608790207676
-0.8035417540117833,0.12430055511931014
-0.7806133249805638,0.10349595093628478
-0.7448769248036178,0.020976149305841223
-0.7676378399684586,0.029294254600960423
-0.7208025273070889,0.204933994893053
-0.8252682837494124,0.10940490925657938
-0.6395814874644562,0.09852398268978312
-0.7116576300797853,0.1375426133496841
-0.7292066734164059,0.10073340372305586
-0.812799224532245,0.08136943946389462
-0.7908543663714004,0.0668225244757503
-0.6146378215560485,0.19053685301578177
-0.7458245402811619,0.06804148110853388
-0.6846306144902548,0.06561620757376758
-0.650460075734343,0.1301901362287509
-0.6623658408766124,0.07209700928946923
-0.778813617876189,0.06974489550864725
-0.6850774796198469,0.10385000457737402
-0.7945349573847043,0.0720783037306055
-0.7920115816952769,0.08875102449937441
-0.8171986962776553,0.10083562572852724
-0.8121337709133377,0.07874342035495793
-0.7533250900716549,0.1384314576290608
-0.816343058680712,0.10483629072004198
-0.6729199195823707,0.1446549155399835
-0.8139080460869135,0.10159110930705263
-0.7096574837518422,0.07201629314174737
-0.6144001569213566,0.19178841051463963
-0.8306988980786482,0.05419180737890155
-0.7248780539439432,0.11677770247169925
-0.6357251317855385,0.19115308952141227
-0.7815740783867723,0.033881664544288245
-0.7671573082887112,0.15075403761793718
-0.7808835584929157,0.12110946199347963
-0.7984955498953216,0.060729379456069384
-0.6672580105289199,0.18535691734947174
-0.8401799383612029,0.045177030823875294
-0.7063157996198086,0.15299418831033276
-0.6485015518706668,0.1635449784577734
-0.6720000934727361,0.1482501474389153
-0.7279941267790806,0.17604864922949276
-0.6688409671226305,0.11476751935599583
-0.7523776415161277,0.17932630514834066
-0.6999442324015943,0.146974715222222
-0.7150414523969106,0.1399486491283269
-0.6623346876395543,0.1185461388389248
-0.683591403795721,0.13305873264117726
-0.6989007261791687,0.181454466360762
-0.6601158277492556,0.19446793144277186
-0.7816677988187734,0.1545669444610133
-0.6321571443991965,0.11275412012904071
-0.6798387533982936,0.1914964236546562
-0.7528950642962045,0.14775852254724622
-0.7680092842238295,0.1024713488003495
-0.7077799955999953,0.10165320868063582
-0.7009975129652481,0.09665344233730552
-0.7062809975774774,0.17917225339702122
-0.6567643525563581,0.15465598845447148
-0.8055468366500945,0.07205816649226893
-0.622464328555652,0.13174348427632146
-0.6781282102912761,0.16438858068899
-0.7402906359708954,0.1738726510052432
-0.7629132091225179,0.05480554744256237
-0.7397791508640997,0.12152582964123367
-0.7222413567585982,0.08389138044527754
-0.7832066836162234,0.05942689531216963
-0.7831161359302525,0.11407312525573968
-0.6547246208327215,0.13666406614572432
-0.7782973113482722,0.08011802979369438
-0.7148513328489229,0.11897869711211398
-0.675331200867713,0.15418060080276064
-0.6921558632719668,0.1468465728856347
-0.6305092036112342,0.16573532255987547
-0.6824589547485402,0.13980677931642496
-0.7162064162257192,0.12161246979776238
-0.7274614190549284,0.13301193950515608
-0.6679767440235813,0.1487043077673434
-0.6838212744112407,0.055256510834068386
-0.7662884949447131,0.09087466851144715
-0.8081888036168924,0.036441676409534565
-0.6604711483033686,0.16190818601632448
-0.793959626376417,0.08104556514075235
-0.7325805802805727,0.042246018121776294
-0.6788165844995323,0.19451287273180257
-0.7748058002866494,0.0459588540875178
-0.7842827657277275,0.10236636736712977
-0.6656753763454115,0.11214593100253137
-0.7405533767598419,0.08960076917162442
-0.7074724498080847,0.06468102718302117
-0.7808871531794648,0.07905008286177237
-0.6877459090870375,0.047167484773415064
-0.6677720789525158,0.11584544193818697
-0.6722271614362729,0.08605240505943894
-0.796034067640459,0.11741202213259408
-0.7480152195123592,0.15948354901290318
-0.6813861333245612,0.029877551238200403
-0.6991933635318816,0.1267807436381484
-0.6345569280123436,0.19489840628655955
-0.7596526863035528,0.0804552187949731
-0.669991819088737,0.13958009594213605
-0.8055252440696543,0.04188951097294576
-0.7526723649659596,0.10219052679278715
-0.6790490992585675,0.1673273502655767
-0.789290435637864,0.11142162452318756
-0.706458139735555,0.15403324861597825
-0.8048422151587998,0.13396543473506897
-0.7141177602187412,0.14211126475326635
-0.7029135520435207,0.03618867194010413
-0.6744180665257505,0.12982040674457923
-0.7136135445824068,0.07108252630277902
-0.756812810753124,0.10465456540435251
-0.609181111755513,0.20175879561665216
-0.6750973711014958,0.10497908784944666
-0.6847263976497336,0.13351166485123636
-0.7629481446639171,0.022317584841159085
-0.721884073479387,0.1689059436418305
-0.7607432331172823,0.048348243004167915
-0.7203683676910648,0.06913484957820945
-0.6814412231182828,0.10597292136992387
-0.7115294466913016,0.1076705561228748
-0.7887064460247855,0.12881553735974288
-0.7741025031617521,0.10124644542784351
-0.7697359799692365,0.1168517403615102
-0.7945661780033908,0.170581456325688
-0.7839537103078785,0.12220587762610156
-0.7646422026365827,0.042225662904996686
-0.7068643995290947,0.12019433051454206
-0.7078054906556014,0.0518413333580395
-0.7944559083571626,0.04415924809776628
-0.7579900647034675,0.1519455301320841
-0.6314615087163303,0.1546366024900841
-0.6809804892527506,0.1531743750496628
-0.7548001164632215,0.0735903180829267
-0.6784041370054696,0.09016127217772618
-0.6211783854681627,0.1606858613782449
-0.7810225392932931,0.13943287100342341
-0.6724049506097117,0.1240637297839412
-0.7738886902610668,0.16562248395095008
-0.7398375218343285,0.02094993241432142
-0.6389972643426637,0.18871325096244718
-0.7886833089490048,0.11990165892468689
-0.8158814798169597,0.12285960650614275
-0.6620844339005892,0.1012757283944193
-0.6677785887828407,0.050975905703266294
-0.6499219615289626,0.18266530145050291
-0.7320278807558734,0.11074234580230657
-0.7506822117970892,0.09147732994651897
-0.8065285988815917,0.07868149015306283
-0.8053348622378134,0.060785596307661505
-0.774795589654587,0.19074836182331892
-0.7787475810302537,0.054338681329059196
-0.6676601440134678,0.13292895369855598
-0.7916263747397307,0.06243279332144667
-0.6359669781963653,0.1876317376360972
-0.825475567262549,0.07549668764078353
-0.748767697030211,0.07764189416247753
-0.6369889024477792,0.1797667950742256
-0.7508035638757818,0.1122824175105162
-0.7225992623748017,0.13841005166914544
-0.7987521834510536,0.09012714740629157
-0.6508359622350487,0.11436606058052373
-0.7072922502232531,0.08634756083847137
-0.741891450900884,0.15134019478754343
-0.7721125834152541,0.043392459763492604
-0.6855923905177195,0.13801164664260782
-0.6928951214125658,0.09105583455387488
-0.7746444435518504,0.02543492896948882
-0.6833157912891032,0.10509593211143341
-0.6714933167553154,0.19122296459216395
-0.6412106636860436,0.15739732637368833
-0.8115762000967932,0.10855867961241722
-0.6477024485127072,0.15421138292833608
-0.6845838882382681,0.19738014916220065
-0.7517787722364712,0.13793636532713593
-0.6289146331600259,0.11724317416733554
-0.722694463245547,0.06321900164657483
-0.6868931982725134,0.10312055444075635
-0.7374540881781209,0.08988047729644875
-0.647311506675988,0.12259580735405302
-0.652212461345441,0.1619362703705833
-0.6938120417283941,0.12477385547672266
-0.7083470051244486,0.09442529270655539
-0.8005745037815724,0.11226893056511257
-0.7975120322864838,0.14040310831512492
-0.6230564546718189,0.12394049226510553
-0.7109658723690828,0.11933479198808203
-0.7052369329494571,0.15142097668963825
-0.7913644945537123,0.12772556343091526
-0.6722008132777554,0.1590417891605487
-0.8059823288432966,0.13976526504127923
-0.7428156002637447,0.08423607213659104
-0.8105072504595601,0.1122165660549592
-0.6406288777633943,0.0920862162491695
-0.7936707392447269,0.05917847541948583
-0.7084289984812263,0.011338968327516482
-0.7012810002689432,0.12138190762508944
-0.7860940137958782,0.14469146219061577
-0.740613946933979,0.15731010960870775
-0.8211173628975932,0.0937608602197746
-0.6260779101013533,0.18221453373131755
-0.7051112306126949,0.1252759554245195
-0.7193772791311721,0.06947550568347695
-0.7286282636172033,0.1945802631117446
-0.7846061571714993,0.07250468486044852
-0.84250969075283,0.10172682785228451
-0.6750257628972022,0.19274274093412083
-0.6671844092062768,0.09597965483266027
-0.7082615506460909,0.10626072851808575
-0.7059957725227363,0.04285116140714652
-0.6310430798181611,0.15263632180782877
-0.7338842000774585,0.061823798473754604
-0.6863881583144021,0.09222952106735
-0.6822464115362454,0.12425615290793952
-0.690917526590625,0.14012779104842746
-0.775300835989285,0.03750750759415634
-0.7278142583668864,0.12231636196374689
-0.7959887132678797,0.06811922434433056
-0.6921839615408463,0.18805818599218255
-0.7561357858109787,0.18077533239174812
-0.7388472395036243,0.10627114130032754
-0.8249196723478387,0.0320679357760853
-0.7243177721859257,0.12545298803521446
-0.630372784134836,0.09448102756473518
-0.7781749110212286,0.17680294141691133
-0.7629415661070043,0.11203387439565934
-0.6951206293544777,0.09165886185023694
-0.7490496248763563,0.13933188673755065
-0.6626119670678229,0.13312328108264052
-0.8176276853993718,0.07056220358856959
-0.6293230587074049,0.10636657808641606
-0.6294068329347547,0.1269623873814307
-0.7321052430838219,0.16561123204777808
-0.6536227710595849,0.13786855726532526
-0.7032123647742136,0.07641154136231255
-0.6692262051383688,0.22999052125269154
-0.7030331206756222,0.10498576159923573
-0.7399034878949287,0.12628328809593153
-0.7378665095196142,0.12254345205671467
-0.8142902522945802,0.021745766113386567
-0.6869139132178198,0.06122081424471329
-0.7258164520118877,0.15341007078773106
-0.758606999585971,0.10229199123011239
-0.7000995670756169,0.17023853704472386
-0.7237785570644283,0.16652846407212732
-0.6357685670483109,0.14539585454368614
-0.6532580164041129,0.10016422383063757
-0.8171043247032536,0.13303786587602165
-0.7443748642333247,0.13464203755214912
-0.6366787038761738,0.1555015311072144
-0.7888979551481656,0.12316926389115498
-0.8206458989659638,0.10014997443759988
-0.6267663967154771,0.12900279014873345
-0.6865873918516406,0.04652572782311856
-0.6918124046284838,0.07728244862861806
-0.6037508894604277,0.15823697883869808
-0.7725959110538626,0.039332542625706075
-0.652551312791822,0.1712197287404505
-0.8241034220063036,0.11324783810241469
-0.6535023135024172,0.05739505667595789
-0.6327702385358562,0.0945831867307995
-0.797821820888261,0.04891873281500654
-0.690796772636074,0.16261027351013133
-0.8074492201668566,0.0969055671217399
-0.7303990292475134,0.034789480215509344
-0.7787079559911557,0.14125537872239544
-0.7246191048413197,0.10553955921594202
-0.7347406947695362,0.15634608723754997
-0.6828695056791126,0.14446874231334084
-0.6773964860916829,0.21231635372867658
-0.6954790159336387,0.13592339225750452
-0.7410866028622279,0.12303156772638212
-0.7496859284259798,0.05719717675445252
-0.776079620457196,0.056447888149936204
-0.7171523720635186,0.13313521175810492
-0.6819960642163829,0.15784423167634648
-0.8282704882636385,0.07492369938023494
-0.7529398745198497,0.11781636508078272
-0.6396784703934478,0.16049873008020868
-0.685450216841635,0.1871403163983689
-0.6379826083318709,0.1749309783874859
-0.6396636992517079,0.12536643949028292
-0.7312378716852478,0.12561486508035227
-0.675179961704743,0.10967383857798284
-0.615966884752988,0.18826734096793557
-0.7404493638589654,0.07548751766167698
-0.762153115167815,0.08248204835778462
-0.7370889106492812,0.14341098421954587
-0.7042356790001798,0.12001537429957332
-0.6898499112432585,0.12132404110863564
-0.6624995424242863,0.14577383349709092
-0.726609858723538,0.060878112249962126
-0.6454841137488545,0.1322641243136938
-0.7270933973320602,0.0865068483035667
-0.7191922800369257,0.13116419842020643
-0.7302017687726968,0.04642841703040756
-0.7166379169192699,0.13383440528192822
-0.638770532608923,0.17526823426768265
-0.7294856074179927,0.17507459661118505
-0.7785890569860564,0.07859881533405678
-0.7619317978958452,0.058615744045798036
-0.6263344461002675,0.08857509651707479
-0.717301960004519,0.1358926568214207
-0.669887452820619,0.07133296775615929
-0.7976826858442975,0.16602626674378282
-0.6835448475223586,0.10885724145691257
-0.8016654799472608,0.12986153081880977
-0.7222723713724549,0.15712929827217442
-0.7679658545547315,0.11669189876075695
-0.666815207564918,0.11207222166289739
-0.8133554488862261,0.030148685633328523
-0.6696124240565619,0.18054663505872695
-0.657703221078546,0.10076284089843227
-0.7721779810145446,0.05332080185299383
-0.7589780158518603,0.14122529204052134
-0.7602374314067996,0.03461854527981971
-0.7846036944006743,0.09169052433381127
-0.7445006037949988,0.13756243782578798
-0.6673486950942459,0.12984569952947891
-0.7719252478609429,0.15885704193982134
-0.6641748276963798,0.09200051188390523
-0.7174122422065429,0.08899139304224601
-0.682129387935449,0.1029924618381603
-0.685458982558653,0.133338921401431
-0.6334234979032942,0.1698702267191386
-0.6516728896971725,0.1269204682841421
-0.6201539134898506,0.12427457362231524
-0.758804053587521,0.06605260810182684
-0.7269008525972196,0.0252680324676737
-0.662359640204335,0.11598866633146783
-0.7912652936617166,0.11419750268302371
-0.7429159687728316,0.04207956632469945
-0.6252086347777008,0.1436151177399734
-0.7078768225419502,0.026770876681343838
-0.7225205230979469,0.038125375667042674
-0.6928528521736569,0.08508191143385792
-0.6478901964464671,0.13703165871534992
-0.8259443553393433,0.12707125512951806
-0.6168059398802048,0.15683740260046525
-0.7453800271401149,0.09759552566430912
-0.6815149022832921,0.1891310132682846
-0.741695802907496,0.13401592191569886
-0.7705065254995196,0.14781658216566979
-0.7904414032099323,0.08942138434231987
-0.8362155913002336,0.09421997305463217
-0.7676247710736966,0.0807725493452779
-0.6898789092315293,0.1509724806815608
-0.724478969399589,0.13588154195745372
-0.6830955895847802,0.11791724543856398
-0.6406447823016135,0.2063544621335885
-0.7482400982459365,0.15306677890896192
-0.8292150210128678,0.04121328203926791
-0.7296650975639718,0.16085575352134668
-0.6640095368625907,0.16017491707250714
-0.7258191125259427,0.07768086851853603
-0.7238088296298555,0.10791619943260465
-0.6857602094919318,0.15438874788329143
-0.6763485617301856,0.10125745801069166
-0.6772970486385937,0.06381394349132974
-0.6662515894462446,0.19303602599494332
-0.6599851498831221,0.12381006434527136
-0.6413863935084066,0.1762558586850273
-0.7582580360521737,0.12054547297939032
-0.8061594800694529,0.06846944347476229
-0.7623029617023472,0.072500697610249
-0.7781591734861768,0.1282283253369893
-0.7050657922107817,0.10384491256628244
-0.7634583919256391,0.12595587596740343
-0.6996778025655446,0.05539747875354595
-0.8333531406393857,0.05551003326267959
-0.712257213544052,0.023084550503221266
-0.7040051471246009,0.0878826690201437
-0.662929492089272,0.15017041370415557
-0.6433279681587216,0.2195431034279006
-0.6441442610418013,0.09243357066472924
-0.6817402211986455,0.18667462849643063
-0.7732236210725096,0.05755367009149169
-0.7818831417194223,0.05974295203944719
-0.6709045517195024,0.18497319677601268
-0.6496987996020811,0.1899878423712593
-0.707444402658869,0.12022807672075578
-0.6795021056478414,0.13838027822270474
-0.6972696197234798,0.029859995385299064
-0.7718228516524407,0.12791851122739326
-0.6909725842357491,0.1487967813404805
-0.8069908080828337,0.09268498796244028
-0.8160809645682521,0.040243047642093216
-0.7190250233081309,0.08903238647638101
-0.664921473661847,0.10820670699457294
-0.7702986752332099,0.16595938286498557
-0.7221537729289426,0.20768790719579053
-0.6337749498765766,0.17421201189186408
-0.7627442850587179,0.11083871400937445
-0.7874099456352329,0.10132631260618637
-0.7026108410905632,0.17183452565670437
-0.6989418083277651,0.11577378674573134
-0.7711917478225182,0.011387811837117227
-0.6837287816201937,0.1578483917629012
-0.7902579504350439,0.12012869448305342
-0.6886209797629118,0.15384222014193613
-0.7481152227920422,0.11310552184048998
-0.7301826825950968,0.06247414827752039
-0.6590115719425137,0.09099536354397947
-0.7274351437431157,0.08729968638857874
-0.6807092320597813,0.15990801779149996
-0.7057873155185824,0.09707520125166035
-0.7145793230377923,0.14415502516016496
-0.7365252828140134,0.15848308803371
-0.6399156769853795,0.12700049438870967
-0.6455127631552071,0.10156078426688335
-0.6875290459389546,0.04101863769245102
-0.6209974711655569,0.12542089928662853
-0.7941832162081572,0.040211936862278266
-0.6316565009101324,0.14237921419001287
-0.8011509678405584,0.07689847713991645
-0.7627290451146315,0.0767168804027585
-0.6150717545553098,0.14821188463952023
-0.7491261763763367,0.0839900416949608
-0.7070339133474212,0.16425237833224304
-0.624488809207886,0.11766302514601636
-0.7015731218022345,0.1885558242003497
-0.6870392976237764,0.15635914218292654
-0.6726871564376266,0.1633267947467167
-0.7418136743322264,0.1367480961039805
-0.6686763265070378,0.09233169011819793
-0.790920118913611,0.14914413600526327
-0.7097208948742525,0.08942826793912283
-0.6785834465816001,0.14633460356788044
-0.797295567331016,0.09222279648855923
-0.7442938699930811,0.07307821370997611
-0.7582166510181209,0.12357293847376682
-0.7197648502496691,0.18685395866238738
-0.6941953044987111,0.18359945815230116
-0.8042234336248414,0.13385140940482482
-0.6528811906685121,0.09023440766347589
-0.6456821405957164,0.06216510602035991
-0.7407459794657051,0.17263338707372028
-0.7091650236640321,0.16842292950292584
-0.7206255956475753,0.11339519430087765
-0.731982928489676,0.028994037280853858
-0.7309237710211903,0.021226655096509423
-0.7488629919202738,0.04883375510078345
-0.7470335903797042,0.1215711556323531
-0.7316635554404556,0.05258724007485725
-0.6655748632947344,0.1989536046338132
-0.6804086514425752,0.12285886777037776
-0.8097186907511342,0.11430020033809232
-0.7745372363988311,0.08754431101683388
-0.7469715627427364,0.08119328774289884
-0.7741267734271192,0.021033561640108046
-0.7291933154984149,0.1630903204621297
-0.7435277378569719,0.14980825095679554
-0.7981771387104208,0.09577737939578487
-0.72240895422229,0.16294366223745546
-0.6339382530169149,0.11979001435147925
-0.7188589696264608,0.045972840445731945
-0.788965380706495,0.049409729391606996
-0.6310921139943005,0.2073712140842063
-0.8187966943022503,0.10792420025525765
-0.6556850130312695,0.1306704924479269
-0.7234446998345521,0.17807409636187987
-0.7342112414071249,0.1662297590938643
-0.6981181365412903,0.14333286043307578
-0.7589179691752317,0.1416744348965827
-0.6943426768628805,0.077099620778472
-0.6504532958858963,0.1603520510916031
-0.6537337581564986,0.17438109951387784
-0.7443622916030422,0.06307354760133103
-0.7625434076907001,0.16041728846655143
-0.6885752963043681,0.11887267260293503
-0.7051295553355154,0.13068996985597667
-0.7463862588278454,0.07821908583548241
-0.6946695157714297,0.10359671130416558
-0.6993307585225454,0.11514766839525792
-0.7761201530199829,0.1028057492763772
-0.7453770698580109,0.09119787197341948
-0.8371892893400482,0.08976535371267906
-0.7324306082971646,0.08123082483967141
-0.6944738605385109,0.09290345704360317
-0.7728126342590244,0.14381140533750442
-0.7498609637645969,0.15551326640664231
-0.7149601181661523,0.16938127115716436
-0.7384434388106836,0.05246811032824556
-0.7273625509814343,0.08819719102294014
-0.7403317254369962,0.184970967655522
-0.7257201134591201,0.034639297261219705
-0.7156936108984145,0.10982748184466382
-0.7430424920882457,0.050429208135594386
-0.6962339323594781,0.09216851151538709
-0.7573386366859284,0.1044431313274183
-0.782744227189403,0.15700653410868373
-0.810668257622421,0.1229331296195263
-0.7429437387509283,0.10711497849080769
-0.7635182514006765,0.14046584148073407
-0.7987795983506848,0.057599855437490376
-0.7120220613467765,0.15449496174871108
-0.7431718878173614,0.1287611402701912
-0.7906342348536256,0.05396016381146084
-0.7886332700423923,0.052327219495723415
-0.7700236372033844,0.1337913685599675
-0.7439255896526387,0.12109542787210717
-0.7598252262021408,0.09670692292575674
-0.7363604045198822,0.07942409573034896
-0.7860173755362277,0.06100759625373385
-0.6644805442064712,0.12210754492105379
-0.6463442091616338,0.14953978365014947
-0.759466048697383,0.11161395328609891
-0.7469626518390977,0.19530752189271244
-0.6515638126208096,0.1355174921207883
-0.6724557385994421,0.09760864257999777
-0.7698134043278675,0.18376893492143842
-0.7704355454116869,0.09638609463558413
-0.7313541967947786,0.1188049212118595
-0.7191457342641592,0.11031588535010559
-0.7186332650459284,0.20315766360751455
-0.7496426842928943,0.04886529943176641
-0.7926250413335494,0.08518913508652319
-0.6630536123468489,0.1227904848358466
-0.6573105786770873,0.1372508545486939
-0.6806468524299137,0.15217804964412557
-0.7082410132602728,0.03900467679629236
-0.6871823916528818,0.13187265500905337
-0.6762632850031536,0.18678785339320186
-0.779890422097688,0.14496857051085255
-0.6976989018770989,0.09277655191795192
-0.7136329014045564,0.1416130674833029
-0.6963135928710875,0.16039738255790845
-0.7163681282782274,0.11332085569161233
-0.6897010769672822,0.1392020418498225
-0.6724048085575919,0.11070193505776432
-0.6735485789661778,0.09571486739342308
-0.7090346199711631,0.15320063456488975
-0.7176724980848541,0.1522833917584404
-0.7024695649797784,0.0838898958779699
-0.7053528226478418,0.13354553022205432
-0.7197842832321606,0.17009547858086144
-0.6911067059492918,0.12381764319428996
-0.7685464785653382,0.07881045534484327
-0.8107040418171054,0.14127029365447016
-0.7098894861736239,0.14239213319265326
-0.6993230405311531,0.16801055660463632
-0.7288163454114845,0.15106408952280162
-0.6867021234725292,0.11455214326638456
-0.7164273502122719,0.21150553536837952
-0.7423510121596126,0.025004067406585784
-0.6162676519524066,0.1746773058211763
-0.8042304149307966,0.05418955753145748
-0.7355744388738237,0.1925290447504298
-0.7322524074945217,0.1909839730801713
-0.7858688963066762,0.1238538940891424
-0.7072319592202921,0.1528268971268944
-0.7459778884451055,0.16800490657126516
-0.6589990416110313,0.09570406629014216
-0.7646884517014552,0.10105183998083385
-0.6845756619854776,0.13108550015420214
-0.7747577961136808,0.12518591769491744
-0.7059332218175287,0.1672128557852929
-0.699366090783658,0.13449115189209274
-0.7446314248108143,0.04272848741704803
-0.7473081818224346,0.07444722372117779
-0.7906623817037519,0.12499432818234002
-0.7360991428434743,0.1973000003696663
-0.8300022663006742,0.043804100855061506
-0.8029909011455348,0.05083279112833613
-0.7805193736195222,0.13660240641390592
-0.7295864929606504,0.06143801541431228
-0.7969588337772339,0.048117653827649
-0.6250366364165388,0.21431815346686442
-0.7335759861401503,0.054173216776324626
-0.6826716408225016,0.1416288220213604
-0.7281911950719757,0.14115526165842282
-0.6620709577513089,0.12461800335780716
-0.7353751225300731,0.18374573108869222
-0.6616379707350727,0.10966145933840113
-0.7936545646412979,0.12214246092624971
-0.7080564016229243,0.1836139416780716
-0.6783785922112973,0.12303901861811047
-0.7378482311450096,0.17605101427209205
-0.7003121225793404,0.17368270791512902
-0.7704023195336801,0.05748164831233415
-0.6611915709333266,0.05846704023685962
-0.6984066735952346,0.12064578864337168
-0.7673033009587582,0.07072036935331817
-0.6786919741529759,0.11869570954485238
-0.7581557772920744,0.04823987154444226
-0.7807258210901633,0.0603731219793085
-0.6563429858277143,0.12545061684991413
-0.7507952414570624,0.1697985711999779
-0.6750321212313967,0.0824030880617168
-0.6984728482652786,0.04356648188554572
-0.7322279915490256,0.0748484576469662
-0.792188121631299,0.09223477679379631
-0.7657914540063492,0.1268505993381684
-0.7498444708986196,0.0857679083270895
-0.6530370461667341,0.1244064604982687
-0.6882516305729247,0.13872087482133996
-0.7814937600493969,0.06392967129622795
-0.65634842870126,0.12048168175654557
-0.7685374000885667,0.09196659392904627
-0.7647314207947314,0.1580264783978164
-0.7180102707453853,0.14279808682552403
-0.7153496145576496,0.09564281168082248
-0.7392459334163474,0.17404363622529784
-0.6752196401644884,0.17143995938292927
-0.7209687137345054,0.16984219974604445
-0.7618668334153482,0.11113958116725353
-0.7177535693275057,0.12076733355495504
-0.684846634952028,0.09791578396712323
-0.6614046244848851,0.14228129739743223
-0.7649737616313436,0.1068765877174045
-0.8253323081467584,0.047834690733210464
-0.8057764527083235,0.09263949963343708
-0.8023837872088292,0.06291257586594318
-0.6125538633133218,0.15294868049445923
-0.7316675341800624,0.09421955213514274
-0.7133362318966107,0.13113297825953096
-0.6984690703020453,0.11896184091886998
-0.6439566292207589,0.18069806820544326
-0.69204901337096,0.1775881443787317
-0.7665393258369747,0.10538703080276948
-0.8061077643995714,0.009743082386852224
-0.7340771886527275,0.058914452572237125
-0.7249622507267822,0.08420403265473118
-0.74472326543509,0.0846069321486387
-0.7531691780364358,0.13830834276453655
-0.6905127244509848,0.14037457846137405
-0.7391462774998546,0.09720474199638802
-0.7034238486205441,0.030232275288316637
-0.7897067569609479,0.15977050683202484
-0.7498277384371569,0.12713883910917784
-0.7371283785280179,0.18799657564937428
-0.8210802098290028,0.06765260802124261
-0.7070177506055234,0.1315941589046121
-0.8024166513256143,0.10050499550606624
-0.7558058825077578,-0.0004950611884760281
-0.7727824955243066,0.13943439154767087
-0.8282387823315609,0.037117072735152745
-0.7591106813969288,0.07850797080840372
-0.7025818756527515,0.17262707544814646
-0.752382204250943,0.13938327414664956
-0.7741549689049246,0.028510439678178297
-0.7934647001531637,0.08912222411586386
-0.7107121707854633,0.1466731174957239
-0.7714231374495337,0.042423907442424136
-0.7161583273345883,0.1085664674137998
-0.6675613787347193,0.1350959089702495
-0.6608306348496835,0.10682290131854544
-0.8142731710912062,0.1193791007178728
-0.7560757403213892,0.10246105463973844
-0.6855424003800188,0.057544099001332095
-0.6716371300120617,0.17749261457776544
-0.8062560738651601,0.12550290079298487
-0.7055713414887,0.12307565095442644
-0.721471739558842,0.09038558835875546
-0.7492397618201535,0.14791627849424738
-0.7985920700149041,0.1324316142689909
-0.7740109969416193,0.03058302415443048
-0.765908337184415,0.00929270898240443
-0.7894537574370164,0.08196686989743425
-0.6473534531485788,0.1752198213263216
-0.7225035404974203,0.12769470913450637
-0.7200199458549853,0.18436981866256338
-0.7433671406968191,0.12743970683684336
-0.8202719541276303,0.09950982630813154
-0.6633665396611437,0.05849801943355947
-0.696998840242249,0.19085634378436328
-0.7450718231768834,0.07072387265726195
-0.6809701346605105,0.20655410207639885
-0.7467309181927075,0.1326416894388071
-0.6992907694507604,0.18938998118708913
-0.8115326351710864,0.07559898676786307
-0.7537622692579227,0.04905604381119264
-0.6405059554539287,0.1526238534372436
-0.680558535386159,0.10441674364940648
-0.6270626140740067,0.09217785853403888
-0.7238816121355144,0.04027267640086875
-0.7866163715562786,0.11704285850193176
-0.6501015476499897,0.1448326734010601
-0.7859525265447342,0.059506323784953005
-0.7077556145228711,0.17685820705050762
-0.6935462611813639,0.05566619217444414
-0.7036893456345841,0.09596270749898925
-0.7441128338665284,0.1386426682233976
-0.7847394004081776,0.08415364521333885
-0.753865305167422,0.11588826010012715
-0.7065783011439754,0.15696640425651115
-0.6669618979738676,0.12003674699056466
-0.6862558411149553,0.11210489610903179
-0.7580778067320727,0.027369120719797198
-0.6808608054476034,0.14223549264931634
-0.7540609537265416,0.13742588644231202
-0.7965861236916019,0.13471006147510506
-0.6705041545331365,0.11254954632852564
-0.8104424417907765,0.0692785945063654
-0.6601514384762847,0.1935956562403216
-0.7549782863477353,0.18591833798156182
-0.7010271213412107,0.06851936832982185
-0.6794804546390028,0.07857034698821408
-0.742008680696617,0.14655520249745166
-0.749746295666357,0.06650538887068815
-0.7306014009593211,0.13016822787115961
-0.7709117657958615,0.0007609935555842911
-0.7055168834281588,0.15476214568334906
-0.7579744158693451,0.08178292165441685
-0.7996527059476859,0.03430562118386081
-0.745292888802399,0.1794889208767164
-0.670679269913032,0.09459924095782231
-0.7238947446629135,0.05822420571568643
-0.6497215587563944,0.13842698741208115
-0.7803235313236213,0.03934158042241609
-0.6822301967401412,0.06591191728191019
-0.6878574412890845,0.041600176243955345
-0.7270215470684452,0.1691075481627846
-0.6691615909316272,0.08202621851293085
-0.6704391603510751,0.14699651453211696
-0.7036845702435857,0.06129093387189624
-0.7621751607720959,0.07293704607828123
-0.7733687464601227,0.0956985587975066
-0.737107333193408,0.033297705016773135
-0.7504682217139519,0.06756232049259625
-0.772721823769869,0.026144951677609787
-0.7492680852345368,0.1578486702615582
-0.687269154795536,0.1230450122986715
-0.6563054761391014,0.2202426677673946
-0.7768257578373585,0.032372572264555075
-0.7019989322000055,0.14040983052950773
-0.6813352265336664,0.10398928836106078
-0.670961950363414,0.14394952688855805
-0.6711103892873201,0.07839693784220718
-0.7220207544971342,0.16637129748090068
-0.7814269731601101,0.12062197955898177
-0.7781181245592279,0.08612250437629884
-0.6711039762287364,0.15948295430196743
-0.7448044925075704,0.10364622459250154
-0.7712416087861954,0.03539162684836086
-0.714608853255836,0.08510363468942093
-0.7501588673673476,0.1277840606690966
-0.7122383060656345,0.15156548043814366
-0.7484687721423093,0.008448539239525805
-0.7027774557051588,0.08792608178662223
-0.8312084980840507,0.06597392661155847
-0.7857828615546267,0.10957102190552934
-0.7871545685906235,0.16183277345305955
-0.7129808171823242,0.0473640696562117
-0.7519309694700278,0.12709766654333846
-0.7246841177892606,0.13449835141431807
-0.7078466583768301,0.09646448916347725
-0.7610551920731268,0.10751359258738778
-0.795936626705246,0.11802590506525067
-0.731863900868051,0.08684010896552234
-0.8148954285869081,0.08422012171437077
-0.7564588770906671,0.08562377418267679
-0.7506451616706977,0.06780235806333787
-0.7051002990842727,0.1735683670821883
-0.7117622076601854,0.12383293756586204
-0.7317217044643279,0.1430715880666507
-0.6621034727769046,0.12560479478314365
-0.6560817533978713,0.1587745753936348
-0.8033613192484074,0.14719474642498548
-0.8381601661238713,0.06546245349147868
-0.6466783909318523,0.07952374210869599
-0.764461844267505,0.06713911493994446
-0.7214436988485164,0.0768466886201425
-0.8016001164257285,0.0723614575266907
-0.6520245491077763,0.1334220574471195
-0.7030322396353368,0.09092046620895708
-0.7249524996836657,0.1343774274662271
-0.6845197649571341,0.17495843463068314
-0.7482325265966183,0.167068020006106
-0.7563510615546369,0.10281301599634704
-0.7143723129636749,0.1163265666197177
-0.6761185202642643,0.17851910704889898
-0.760754435449031,0.10945485536235719
-0.6228543765552447,0.18941023418616762
-0.742366291049917,0.1406112782718025
-0.7580601989702439,0.09552837790762184
-0.7992851003621483,0.0705561111409469
-0.7527001100882081,0.04753544970738946
-0.7436746984526315,0.11525464297317486
-0.730121632685691,0.15783783475554766
-0.7260277399225052,0.12363993469631852
-0.8366247319946105,0.07413143164853736
-0.7108501219745647,0.03417500097186474
-0.7611644175218003,0.049079292943339424
-0.7025456808694431,0.09765337430889216
-0.7896366827310344,0.11711143333198266
-0.7473361809875031,0.07732463362343298
-0.6437352405692734,0.19241618688991188
-0.7740044749059032,0.10724627571893104
-0.7880197047323814,0.049193167260745234
-0.6592556803187989,0.17472032074318333
-0.7879279438749105,0.08008525539312547
-0.6361321168296287,0.13167364797296224
-0.7156200177542921,0.10666182727139922
-0.716151727436087,0.02365794516445551
-0.6781251710959744,0.18001417696024827
-0.674448656897254,0.18602274574999128
-0.7436168815874321,0.10795425521597728
-0.6996103777777851,0.08056799725158412
-0.7858698276056196,0.14694568755546383
-0.712021400965636,0.04865153197368945
-0.7636207913508818,0.01963321256971085
-0.8086577671044686,0.02401012973040935
-0.8232212790675268,0.1213305154209365
-0.6872916260394215,0.07946574206121289
-0.7919935735500991,0.0643413795052276
-0.6857671265385907,0.14049087802618096
-0.6857852874044811,0.06632978908986824
-0.7011337728547341,0.0968955886702924
-0.6843282392417946,0.19113189105104642
-0.678135270899754,0.09950399208409272
-0.7692275480925282,0.1061167786170321
-0.7114218074789209,0.21081180948990574
-0.6647488388336393,0.1522531478924838
-0.6771632030975331,0.10699023716425597
-0.7793454216211808,0.09191782773589476
-0.6460315392081928,0.1812711343171084
-0.7849808322800528,0.14480892060167927
-0.8088504300547132,0.060433481057489954
-0.6901019038943709,0.04460580868900157
-0.7285015941148892,0.17575336203061515
-0.6882615534496038,0.1310500038639509
-0.6885832527899491,0.1938751650139391
-0.7804907828308343,0.04395557290457255
-0.8051238729398057,0.07260162464493153
-0.6960819133980695,0.08594299185505784
-0.6781489068248028,0.18779413696202446
-0.7770574348186802,0.16110641509929283
-0.7350076107984889,0.12504237019920328
-0.7745714308376423,0.1637169687049176
-0.6872713937694163,0.10259689226410666
-0.7461026359523311,0.13771129723766348
-0.7565361814569243,0.14414622052977213
-0.7093658569431962,0.07233844978450474
-0.7374279839654776,0.13470794672628636
-0.7363514002117302,0.09787542959806236
-0.6146078698544112,0.14165342582745818
-0.6919757311534656,0.19657849267627064
-0.7457793563676152,0.09377397214817237
-0.7482392960564943,0.1428896776411207
-0.7010975245899453,0.12153621059371399
-0.6904784557233257,0.1143074264442697
-0.7607990968207928,0.07194857217260912
-0.7638051809937274,0.08456991372202499
-0.6829921763362284,0.15150034252880723
-0.8055337938314888,0.06561913571595986
-0.6926139014522461,0.08473777657451338
-0.7055049838736148,0.17771797228398203
-0.7989819464019566,0.09556999342510873
-0.7770979529180084,0.13837614117334138
-0.699703987087018,0.17615673651755742
-0.70241603256793,0.1393264017730723
-0.6542310271784444,0.10388823856065287
-0.6724036368406753,0.17957477366499083
-0.7286838358593875,0.06949536823289107
-0.6331261993433589,0.1697216914119082
-0.823906203018165,0.10352589659828271
-0.6390164872037283,0.15127471800436462
-0.7157614507705446,0.12329653948808986
-0.765808723487328,0.15590678599537153
-0.6963845739370442,0.14839437800142805
-0.6444239333055832,0.12117365983804046
-0.757137382438137,0.1762886555293642
-0.7576017039726677,0.0761509637210233
-0.7966420826082536,0.04789593393288336
-0.7518123124226153,0.0986783531938165
-0.6960549808659083,0.06501965443459393
-0.8056319729534945,0.050663676463907924
-0.7334448634868378,0.1189622963629774
-0.732880034395854,0.10037737010869593
-0.7157649689860812,0.19763763830853975
-0.6636261168743226,0.1615149314402261
-0.792803432370304,0.117486528838869
-0.6882532738210224,0.14429550641533015
-0.6370340192163538,0.12219303730583406
-0.7557875485096219,0.1428140839715766
-0.7528617652217726,0.17294805963828436
-0.8081540737072279,0.09535523909270834
-0.7109087541088213,0.07662480140572639
-0.74961079077573,0.12711036213829852
-0.7678599136363017,0.15917540494899243
-0.7412030540988047,0.08362863173451789
-0.74820087320575,0.1639962375925591
-0.6763340580064076,0.19785999307215352
-0.6913059990236126,0.040150851253890785
-0.6784633889481817,0.12231363834804897
-0.7093731017993496,0.1418013424615714
-0.7743147737877834,0.12042309242321306
-0.685051495105956,0.20325339345111165
-0.7563478009699621,0.1533174909365387
-0.7499644776709204,0.14585295270145598
-0.7301370482864795,0.1256159692799939
-0.7714534525690308,-0.0016297087116025843
-0.8341188346298268,0.07688939693374519
-0.7179053341727295,0.0372430919632285
-0.7331215202634453,0.07858235901143676
-0.802384781881211,0.08837287553782815
-0.6238944808914335,0.13607293791936687
-0.6119520242858193,0.15131406018263766
-0.741163713957536,0.09805984244280956
-0.7591945745977516,0.0966961799864652
-0.6744158697638718,0.0754011515754611
-0.7047544475608382,0.19524879376210208
-0.7510269030059912,0.1669482833163101
-0.7423913326308396,0.14580926539308994
-0.6815534899203071,0.13685702397355407
-0.6367491269055254,0.132292462227389
-0.7047959314147085,0.10392829211578394
-0.7682846665130266,0.0893803726724875
-0.7088276469620148,0.12578171062646465
-0.7806613664363967,0.10990447013352096
-0.7196356835454002,0.05844806546901495
-0.7380256965340756,0.08692536990000585
-0.7165209317885429,0.14411845691149877
-0.6340342523968404,0.11547962878681789
-0.7431459238897783,0.12924205352901524
-0.7156247896791402,0.17274377185425419
-0.7100279126539788,0.15246913056864544
-0.654738484292815,0.15803871429359864
-0.6735818311944609,0.18184520087443093
-0.6179538494209459,0.16805409787304468
-0.7328135257251607,0.14232223878627412
-0.7115488408600178,0.11187356002238381
-0.716959570996697,0.12928998155359028
-0.7674641378700313,0.09894122936698645
-0.7048354847496021,0.10007033477951337
-0.7308421344397924,0.15115975249148067
-0.7703261768719153,0.12555522661935126
-0.6618508917909696,0.07155738757510262
-0.7376125786931614,0.10647866774999686
-0.8333796761044685,0.09205787909162516
-0.7591934196643791,0.07752315664102308
-0.748493484285646,0.09476923534605235
-0.7092821482005467,0.0420812244823229
-0.7821001485761804,0.11515482703903462
-0.6884806387068177,0.06281543291958465
-0.6926126071516024,0.15555799142524343
-0.6749652364084511,0.1940070486268176
-0.6815299663608141,0.14391285219207053
-0.7804583747415448,0.12781516249312078
-0.6972678892729571,0.11963242491230987
-0.7725504629226078,0.14595770898680138
-0.7600306606212948,0.024000092832546907
-0.7346415443509462,0.12148566174444343
-0.6933871372929319,0.09605380077892167
-0.7372826689264329,0.17753364865632065
-0.696326253723327,0.2088665680954165
-0.728450057901869,0.10599396516166855
-0.7393554300378011,0.09035080715327998
-0.6882339429252926,0.09488205286258299
-0.764264378220071,0.13778068373139477
-0.7298632516051899,0.1881488513593667
-0.6759766688365809,0.08839168072994236
-0.7265661526266451,0.18423365610275166
-0.713240405816013,0.06510721436404031
-0.7783573945911254,0.02038862703989724
-0.7772950945354469,0.15119676698338336
-0.7317046005951552,0.06538831184764435
-0.6746445203330149,0.14781959013613688
-0.6936352318947693,0.20426644918402875
-0.7746983199242061,0.12151501457589725
-0.7094507153297311,0.08150466979848296
-0.6845613914884193,0.14464096569264367
-0.6978416186165383,0.17482820235475535
-0.792940793115733,0.09977172963610682
-0.7973626473907529,0.14728046961476918
-0.6940632604305932,0.036249452248642344
-0.683073877774707,0.15607497175844587
-0.6395473906087614,0.1811200610339664
-0.7339397214858346,0.048988001993349205
-0.745209837843412,0.12196174770276114
-0.6998100344467432,0.19286060350686962
-0.6838327690979293,0.17296101369350178
-0.6953983000991499,0.16589258976145613
-0.6427622521968074,0.1258051484965454
-0.7327062083489876,0.1686345434428259
-0.7773097244431958,0.09184758219903139
-0.6386900500162142,0.13865228816941272
-0.7065425548611954,0.12868628639445862
-0.6669223181754169,0.1669947586399905
-0.7288919643972277,0.06277910088459365
-0.7890741466488299,0.07131943180778964
-0.658830906434047,0.14732400080728775
-0.7277285456680018,0.06918499358978886
-0.6880736261624831,0.14605722329291712
-0.7422093742978629,0.10013747615400354
-0.7577885712941024,0.12329798657544322
-0.7180874896940843,0.0933444450573291
-0.7518450784438979,0.12486411473871366
-0.6786150442819865,0.09483091963261944
-0.6319282574877356,0.15529288416670592
-0.7667860289162944,0.11317755957757043
-0.782385456178357,0.11213112021750632
-0.6920363049731546,0.06549494964195869
-0.7472916839288917,0.18305925821813818
-0.8178703439303904,0.03033071010575026
-0.6887264651639239,0.15254483441997407
-0.6955833870588394,0.10424915161527426
-0.7678798346552566,0.03785369462624465
-0.678284574384077,0.151557765608442
-0.7252917056681562,0.16625470514448945
-0.7635069761689032,0.16359440517609053
-0.6589790530461797,0.06377579455333504
-0.6602228260214239,0.14781872611574917
-0.7257335283433469,0.14952494711562186
-0.7569492115774022,0.07944929059379498
-0.6834786806667112,0.11478319078051964
-0.6825405296303382,0.16511626688927267
-0.6990438941214631,0.0730853278116963
-0.6819325596511435,0.1684516654334767
-0.7701217667028236,0.1420585860587965
-0.6458855549352978,0.13231057054897927
-0.7401703492083176,0.13386981029100276
-0.6379686508270542,0.17644162751767525
-0.734712357706711,0.0360326533528152
-0.6636180703819988,0.18909712473196721
-0.7599768576489166,0.06432719167086501
-0.7594997239607537,0.11214620969391825
-0.6750152678272485,0.10602723068195243
-0.7906667232485214,0.10758489358863159
-0.6782604798780097,0.185141980010322
-0.7718670631595261,0.12024540478882687
-0.7163430573029215,0.12178911660207817
-0.6832360811035283,0.12089532741145033
-0.7242004563208889,0.011813131328068856
-0.7381967627660229,0.09121600567657029
-0.70507389571492,0.08394806860544773
-0.6715026685421013,0.12162313790005823
-0.776762278080196,0.0887808383673421
-0.6409435576068283,0.1269001573759344
-0.7607609524944401,0.12214172231796815
-0.7714210907418176,0.12800278466773055
-0.6445010441907552,0.16421356955124333
-0.6388923609112234,0.17002636359466425
-0.7725237370104064,0.17052600301705026
-0.608202215214321,0.1809934577415921
-0.7700876575425117,0.11061591908289546
-0.7056473888431476,0.09074055991523405
-0.7673106876741916,0.06459003673501983
-0.6730410615920484,0.08710951136675787
-0.7615315250963252,0.07000525365104177
-0.672937380747596,0.22204944378414124
-0.7039156635193006,0.07891346128691558
-0.7776606792756942,0.13393972842483762
-0.6931903839045421,0.1392287531884525
-0.7791117850063015,0.12139412453630524
-0.6318500324107116,0.1349971327816945
-0.7501568593535868,0.16585905545324556
-0.6953615693542637,0.1137996408206734
-0.7255171018452504,0.09589941281897085
-0.6498226909232858,0.15287904342606776
-0.6536743171989892,0.09032554796377847
-0.6955469380930059,0.1630293178992611
-0.687561305873599,0.1157350749687856
-0.7301630675176632,0.09518114211611281
-0.661017631478673,0.11354061796437812
-0.6639526735425715,0.09515069252382422
-0.7022716325890793,0.035660759564341275
-0.7035377105492395,0.05036024699956538
-0.7777497150816616,0.05573100923377997
-0.6896165018335998,0.08559136429013654
-0.7051251949176363,0.12293737439312331
-0.807372524365383,0.07560263881304156
-0.6657139881172571,0.04819506702954617
-0.688139672417237,0.1044151631625077
-0.7536147876098004,0.09799782073095295
-0.7026193663107062,0.09229377513425117
-0.755812320887934,0.058256603226820275
-0.7571840216615875,0.14630947280056616
-0.7268662857468398,0.02509472059126844
-0.7386413860960962,0.16546847676451124
-0.8078923584029377,0.13326947123181182
-0.6651551258585912,0.14463705839648197
-0.6928445251695445,0.06945558667942589
-0.7668628901968241,0.07889507696030869
-0.7745231652063475,0.012812860792834089
-0.8169614400698042,0.0647460928917349
-0.7892108126923965,0.10041112261269115
-0.7351839850664471,0.09769484828210476
-0.7152273882437857,0.07043769024284136
-0.7846891832151887,0.08307348371905146
-0.6633342425512554,0.15070358437270723
-0.7182192722092297,0.08300631624405141
-0.6849150552057593,0.13143891335208438
-0.6676267959996564,0.08867420905481974
-0.6611047622331134,0.09578348023914825
-0.7246456437266104,0.1496580868504907
-0.6421900318388852,0.12164570661449035
-0.6621812661969093,0.1892938126628012
-0.6815485557053229,0.1643216703066151
-0.8175540699393528,0.10037087044496582
-0.696110424145688,0.11831613655422929
-0.6723289576316677,0.10342429659497394
-0.6919980358703863,0.12017724391004435
-0.7152147048584724,0.1801364895781516
-0.6483209655058064,0.12752819346718164
-0.6584301543681922,0.14599393034551109
-0.7311351593181732,0.06651079575694738
-0.7735889514134799,0.1168315804612946
-0.6687949773702891,0.12959390900047305
-0.768333303348724,0.043474323872349
-0.6406140114785435,0.11429613285391584
-0.6979004135385372,0.1718229639841434
-0.7081188182262272,0.07537491310467824
-0.6869611310625677,0.145811662427049
-0.822309314007892,0.051835291625164905
-0.7539035003105866,0.0027670719853717224
-0.7682791219573006,0.08524966719103078
-0.6949259506836377,0.10355982296937738
-0.7423964280001286,0.12662971398846473
-0.7020757279636021,0.11943414682832787
-0.7133834492016765,0.07634587203905746
-0.7349360372942629,0.08067961026722788
-0.6707104271337121,0.15678371194824717
-0.6115496328697284,0.188453439218644
-0.8108131032996884,0.13431600793512832
-0.7266690662846984,0.1129736807045367
-0.7134009860462363,0.14570459674384598
-0.6840239307262219,0.07001798692053199
-0.7193878826780349,0.15360335901653635
-0.6559145356567652,0.14103627326657192
-0.6369651898505422,0.1251888801042282
-0.7254835446884155,0.11710311453987408
-0.684152496568258,0.07118686657388203
-0.6986572848349413,0.10202472036067682
-0.8158405309027822,0.04984770567937307
-0.814556760434948,0.04122071678225863
-0.6721430095159645,0.1434200963965708
-0.7429644593204018,0.12128673109137843
-0.7557082663775025,0.14363915228112145
-0.6187754667058581,0.1251189111163161
-0.7555070105412495,0.04665019171241447
-0.6447269134433353,0.14570816518210047
-0.7414257071330087,0.13561521859434467
-0.7383302325268432,0.16864542955563674
-0.6470150004694474,0.12177912493247924
-0.7626889614213411,0.1220936102161163
-0.7642015641784454,0.043556832456825414
-0.8216245974843853,0.12341525731887938
-0.6494883834977461,0.13291152440807996
-0.7370384309732171,0.12376587756163612
-0.6392203794240838,0.13715834785348002
-0.7130786158185447,0.2024192825964117
-0.6890546506308531,0.11834159979776401
-0.7256563067584577,0.03667225581392157
-0.708007230445545,0.12103893750351437
-0.7605948059237576,0.09700020302754077
-0.7399282331631685,0.053441374540134035
-0.7528842166328026,0.044183523776518206
-0.7711653859133992,0.16298878444346623
-0.7670141881104553,0.04927928087264877
-0.7211005655812278,0.15832916249955908
-0.6869762282407996,0.0907414003301386
-0.7956571062003593,0.05867135850070293
-0.7699287824416388,0.05723280110488616
-0.7993123768941021,0.05991296052828417
-0.7905035282617546,0.04645963225155327
-0.7478057091655566,0.08539531453917579
-0.6609975948733606,0.09592105095718187
-0.7012599840824753,0.08398017319611815
-0.7138169996002766,0.0710997985136218
-0.7900131447685347,0.10580371113962538
-0.6978126809220294,0.16130974999860992
-0.687177504446378,0.1663038155350758
-0.6938143791103663,0.08408639324635912
-0.640435968940177,0.10505496356629679
-0.7593179565403241,0.13551002652574737
-0.7468509636638979,0.07742746104056719
-0.6856435734544608,0.06808285066060898
-0.7259976333626008,0.18377068070954553
-0.6745679984528359,0.1487057182853441
-0.7443533859630252,0.09477190182058184
-0.7574824748392534,0.10047753727510647
-0.6475245024884945,0.09287045264264548
-0.7658377320534586,0.09529513885442005
-0.7330757939803955,0.095052209887812
-0.6349284134436199,0.13149945204317515
-0.72417758677216,0.01692721459250617
-0.6576106421714955,0.09913297589824417
-0.6457791791372147,0.20968751087288742
-0.7705067154310605,0.12044363511545737
-0.6790061366951412,0.10476223145138741
-0.6645935027445199,0.09164359372208657
-0.7512551174412498,0.10679685857577711
-0.6391544793188999,0.16072553502930928
-0.7525752695660477,0.08548193236911934
-0.6693923971844565,0.17663622745393434
-0.739251643663968,0.10117816350509212
-0.7745938683805877,0.0753720153816757
-0.7873511396330657,0.03982695679793684
-0.729064117637965,0.15943343253242453
-0.7785345297998931,0.04539299096535833
-0.7236031001498751,0.1979233166781459
-0.6791913246122111,0.19687007134388304
-0.6547046780197827,0.1433647580321821
-0.7658255410882405,0.14149857383364778
-0.7214458842120268,0.11501210805631332
-0.650000405055756,0.10482771696017051
-0.6789397020900885,0.14611503278245339
-0.7226453788982636,0.13885176425944848
-0.790028949338272,0.08510385779195977
-0.6996782703552262,0.11597704999293428
-0.7546362002953213,0.09626175554916812
-0.8098161847858086,0.10212089781608344
-0.8331118368835936,0.056938944121922117
-0.6199096872571612,0.12718424845349294
-0.6786659550453693,0.14003651251762386
-0.7390408640407392,0.12951175340819332
-0.735723826175351,0.11829553136609419
-0.7127317807261965,0.06849618804916259
-0.7443667358609523,0.04798626590913704
-0.7867503428046497,0.09197628776244733
-0.6623199348047117,0.13989146603340638
-0.8142828369777985,0.03223633484548362
-0.7714910286304603,0.09101013081891701
-0.770742220317262,0.049507672292995006
-0.6709752060040485,0.12445746485356968
-0.6425073415250516,0.14066297170506778
-0.6676079025448041,0.14527807241862872
-0.6707918130978079,0.12426847394093724
-0.7015652730467093,0.15544858813018794
-0.74633760716248,0.07416661514644042
-0.6622323961159701,0.1916849234471598
-0.7328329889487756,0.13079347296248078
-0.7154776048857443,0.10521044797237955
-0.8094963894380087,0.09367209059831881
-0.6995921368162272,0.0955143624197927
-0.7098984796946235,0.09825452063795707
-0.6781668847225518,0.16089451477789427
-0.7737823197859666,0.10837589099742309
-0.7577402911259034,0.14246750585104304
-0.6909462350167125,0.0810649798528312
-0.6535373630191174,0.10182051126321329
-0.6395813487912059,0.14616473949170197
-0.6736475740163982,0.1499732332502022
-0.6718876122182759,0.14920995047098143
-0.7744503219766778,0.1002194779551187
-0.6725763903484224,0.1712014349221157
-0.6775276767620472,0.13264703003413464
-0.7699128430733326,0.039354655623015766
-0.6620202035050484,0.13121264205892258
-0.7182647249764945,0.14507171291120477
-0.7621837440682898,0.08083508813586271
-0.7703064632912536,0.015411251055085392
-0.7681370240322433,0.1517510654549307
-0.7094687023079694,0.10520790074367711
-0.7163878591904096,0.13358612224441824
-0.6672754593345195,0.10160927828824672
-0.7912768598571219,0.05151762877317463
-0.658502020055222,0.20648284645392842
-0.7580622879597891,0.13863812741504006
-0.7574020510813185,0.04572982803726557
-0.7431580631290302,0.05371887465835571
-0.665711309275335,0.1765258974963707
-0.752431318883606,0.07727449561726915
-0.7221757648763898,0.10902336140416853
-0.6693092696847062,0.1744731975137566
-0.6900378641068233,0.10018102511535279
-0.6586462118330865,0.18388650264630108
-0.6608031217031991,0.13226786016798375
-0.7618021384622875,0.030445226681515662
-0.6340126464867102,0.16192339550721294
-0.7413636988595727,0.07075292132752685
-0.7513562981680617,0.0738642765874743
-0.7555403859511537,0.08114328057084548
-0.7058578659694287,0.09615082913204842
-0.6575326005153077,0.15576329660950505
-0.7088862213389411,0.11986317162562954
-0.7345969979379736,0.10736282030957554
-0.6528855301936656,0.11784066303064579
-0.7549746901697973,0.03457147026643312
-0.7295668653565823,0.11861991957224657
-0.683210108892097,0.1331280748895837
-0.6591112082130584,0.12662786679658705
-0.7203593046378849,0.0708726924936377
-0.6464497559522043,0.1167164975403755
-0.7714589663607031,0.12734883855804832
-0.6843297991327955,0.12947477494251833
-0.6466989412750109,0.14947041814737166
-0.7489371243334342,0.025299787444696013
-0.7275823351332525,0.14522990429264193
-0.7129193935454234,0.1701787002804666
-0.7379094993175881,0.10111003617784436
-0.8033024607761889,0.12318946547903568
-0.6432715085065106,0.15425440358588433
-0.6585228525182223,0.08298054703344429
-0.7107550613136786,0.12970674130082227
-0.6273939111961115,0.14036530180131104
-0.755191173099213,0.16751184127064012
-0.6251616778723297,0.1449650075430495
-0.6752629214171453,0.15051596583819613
-0.7239204768937116,0.19961341519540313
-0.7272533696742173,0.05134919210409361
-0.749533410760115,0.1674556774066564
-0.7005559754303097,0.14306256506842815
-0.7239027640480502,0.10292720433611209
-0.7542992683490416,0.12583993177151132
-0.7287594112456492,0.1617534298585512
-0.7528123499608335,0.17230985310113978
-0.6793803626385,0.17701721991218322
-0.7117512292760244,0.11630053377694911
-0.771472221321571,0.029493217803593787
-0.735000562976964,0.13253385015966987
-0.6390189202141274,0.18285172066363295
-0.654132483854555,0.1765799440068958
-0.8038362442519603,0.11680810012107207
-0.7154963418887343,0.043514154295645605
-0.6764486137028608,0.09270545989825776
-0.7455901264596599,0.04013281647215771
-0.7910076002640591,0.08702705024387475
-0.6752689304532314,0.1145948568263004
-0.7421278038733092,0.07675404632121782
-0.7601605385207447,0.0840318331123043
-0.8047612261308499,0.06429576691217077
-0.7152485495960068,0.08740331749771353
-0.7933335168420811,0.033122034545926944
-0.6405137272942405,0.14678982067887356
-0.7370195942604971,0.14608202926682867
-0.7248459524156162,0.06813366764103991
-0.7256792113584994,0.06724495176420352
-0.7134265977613727,0.11551280100843819
-0.7551294351882097,0.07321137010738592
-0.7325472182477585,0.06441499630278666
-0.6781544618528568,0.06791713855300112
-0.6443998490830385,0.13243659849028389
-0.6861949450099682,0.061013875545168655
-0.6192936495203787,0.15340281676058656
-0.7509650367819644,0.056816960501867006
-0.7155801346811215,0.1447133924283856
-0.803352012828045,0.10641457921585336
-0.648282237324579,0.11866768086132791
-0.7478635769685917,0.056659932155729245
-0.6381103463399629,0.13070216390458023
-0.7208841321109248,0.15484601947929666
-0.7026392824932443,0.13229701442935762
-0.6677288583354574,0.17160486345178727
-0.803224125752626,0.08459104837005585
-0.6201702878598,0.14201562922652416
-0.8071584570253797,0.05605264679462137
-0.7329153145871526,0.12549436083304907
-0.703792220171988,0.10623403062847063
-0.6818282875396002,0.13291029234761736
-0.6713372180792435,0.20972988539566056
-0.7184735822865868,0.07842623692091191
-0.6781840968047272,0.15355774721079013
-0.6892894268430032,0.1269714419653934
-0.7322477926033039,0.08364970173240349
-0.6949963951223973,0.15087861101757835
-0.6920648694517447,0.11495006550484976
-0.7253754417089696,0.16301889251049176
-0.7882802769315862,0.12342825883439215
-0.6450955749990384,0.16759051866130756
-0.7334723553968565,0.15352349913784458
-0.7649085648902978,0.1169442919322976
-0.6225665867992107,0.1354020292223545
-0.7415556643750782,0.13872001054673824
-0.7002428173653961,0.14943907713815016
-0.7156314706514195,0.0886767477615878
-0.7241212538239667,0.056665956997878665
-0.6892722325815565,0.13991611534105064
-0.7129881958200727,0.06925962309053232
-0.6592236791923047,0.11577508715094349
-0.7495813654945748,0.10636930886175554
-0.7055067128659045,0.1692128753994651
-0.691776667604922,0.06690548873886998
-0.758506625392635,0.11595998802718908
-0.6512722556613758,0.11674974975153657
-0.7176354088217215,0.10226892265834817
-0.7111769544573634,0.11698632828732011
-0.7961455529276312,0.02891315529541589
-0.6312861742727573,0.15047231380237333
-0.7366751293688598,0.08876747063412734
-0.70652400677533,0.0935528786559256
-0.6244173077716516,0.151740307875802
-0.7146845842384728,0.14179713132403016
-0.8113830860465299,0.11461407008141929
-0.7157258600993958,0.15953076691693
-0.7720287559234188,0.0628820262326891
-0.7726715399722743,0.09548277943775085
-0.7953033144204721,0.07398164573089094
-0.7661414379764736,0.06326304482641029
-0.6940007042326877,0.12917874953250696
-0.73166572322591,0.09928537907713912
-0.6772163990127955,0.1644055236970928
-0.7125828228074077,0.1525466419685703
-0.6581349620024863,0.180756515978801
-0.6280957752196389,0.11288253026870433
-0.7797421268690948,0.11116954856429136
-0.6568698464153081,0.13222878878564248
-0.7413441009825632,0.11860303498758828
-0.6563271580028147,0.10596687908765322
-0.6565568678314896,0.20134322950872713
-0.759426823958712,0.1162269212139605
-0.6635315351952378,0.186286961821021
-0.6261369984058626,0.17675883087531685
-0.7129582867739079,0.12191268009737832
-0.7913185997681496,0.12288981267211865
-0.6674438144995228,0.09142483653563738
-0.7061841497247225,0.09780487019845586
-0.7696589521261428,0.059529882191722616
-0.6772129103004139,0.08617129833743137
-0.679008624379977,0.13928905902567434
-0.7866440326756394,0.07866576817912753
-0.6897735473226434,0.09736091440948887
-0.7203165153814786,0.1086291074273724
-0.7514026787842865,0.08858134953066081
-0.6755634262662521,0.1492797297160281
-0.7375274101489774,0.10844955834772765
-0.6448909646302323,0.126979058831351
-0.7931299552965458,0.04324710625402248
-0.6681644173438553,0.1819392736897444
-0.6995346563349316,0.1418309456480087
-0.6880371686269288,0.08276667379811452
-0.7055951035486516,0.18989855771371753
-0.672807048429674,0.16021602296751003
-0.7730066879040701,0.15254861199650577
-0.6782768568629217,0.14625433758130194
-0.7668554433070368,0.1389193312929529
-0.7342460544345605,0.03676295108288594
-0.7700561797747606,0.07519570042292396
-0.6285147486007976,0.16191998396695326
-0.617479103020239,0.12200584832872101
-0.6264142848339188,0.10550372245507934
-0.7327695650914527,0.15924928907498637
-0.7133744249795754,0.13875677158726515
-0.6758314004144367,0.19770344863499467
-0.7335643464141244,0.15453985791607927
-0.7444135372404121,0.14185975625479685
-0.8177331061791906,0.08942097379958183
-0.7351081153954677,0.09982226334604712
-0.7367526811297251,0.05943054269232117
-0.7291982728966708,0.07262127056574234
-0.7632181832173113,0.03419660505216028
-0.6892868252459716,0.06253815328347834
-0.6557038187534338,0.14359302798460843
-0.7383511037151369,0.12977250298574594
-0.7169427294550166,0.07625358131374363
-0.638051220836826,0.16147516520140226
-0.6939085307331286,0.1202201285890286
-0.7739440799336407,0.05023479813344719
-0.7381024348199238,0.11987177098664634
-0.7199632451865772,0.16492284549314568
-0.690896403219337,0.08585038788844744
-0.7133033797793877,0.1426797971364182
-0.7663568326494177,0.1365494540197166
-0.7716486176268499,0.09253848152219991
-0.6825908527323403,0.13285588507803717
-0.6849841504097762,0.15365940976847817
-0.7285798202233494,0.11478628566150689
-0.7483974615711422,0.04224073208647398
-0.7048843476406775,0.06239812247726073
-0.7416929229700803,0.12798688836243388
-0.7494419939470253,0.055807564028051294
-0.7690653282607604,0.046063452177066096
-0.6873985319420093,0.17007431705237794
-0.7047656896254442,0.16031962411612652
-0.6493339534006084,0.17293119537360058
-0.7875484236358962,0.04714393617707527
-0.6864836703723038,0.15606654000425418
-0.678081529802413,0.08043939002253563
-0.6819699959010675,0.15516338291713652
-0.717046251131045,0.10124197957481441
-0.7285207365554447,0.13288102155608178
-0.6442930149375937,0.16528864536052668
-0.6913897284388982,0.14113467255687018
-0.6645493163460771,0.09752331427459336
-0.7603176189542995,0.025045623444537514
-0.6994292101264903,0.09859675700878018
-0.7850351308526566,0.04627419109440344
-0.7908061694537375,0.09878559130290192
-0.6916879813817706,0.09852044653690656
-0.75090925352158,0.1537343234796265
-0.6379580191464016,0.11640942205642793
-0.667678655052868,0.0850053344505118
-0.8051882146694712,0.06637013188044445
-0.6823969322962754,0.14172308113386484
-0.6982997278672753,0.1318771179482691
-0.7467362077031395,0.10965745115829983
-0.6489105613356642,0.15506759661411104
-0.7071600006480843,0.1108737601579491
-0.6991500990947038,0.14224863616323188
-0.6318149161602972,0.12662010501741533
-0.7487523692958555,0.15399843808456298
-0.6849707705989057,0.06509399773311798
-0.694586241480314,0.15971620388025567
-0.6581045545578853,0.1490569722976072
-0.7605420327962543,0.04331246961747901
-0.6257169177380608,0.1304516863614438
-0.690215915242464,0.13634884492025118
-0.6997412226797122,0.03778438724797176
-0.8098512905296956,0.06078246273630607
-0.7153455710883292,0.1435990492088885
-0.6846686766422937,0.18022929059736106
-0.6890899552591624,0.12106876470000855
-0.7382519372616541,0.1881924206391213
-0.7727887056762585,0.08215130277117065
-0.7709828745264303,0.0781317012416124
-0.7307036517966079,0.11830998374423742
-0.7191495505186164,0.15242739300018313
-0.7704321746607,0.037300777920645366
-0.6826020571891405,0.15630433072064268
-0.8068395156467438,0.04973617511151001
-0.6694372549786985,0.14399695733359613
-0.7021611236753263,0.1403594774678283
-0.6859852748483086,0.13422901719898322
-0.7355217732579166,0.0790139219548985
-0.7360024941476698,0.10904748993350952
-0.7160700422589932,0.12394996521261596
-0.6748886432495962,0.07120173555325317
-0.6977198845962399,0.18927179137678304
-0.7787551944243459,0.06620203026767872
-0.7365306862568215,0.10347718824199492
-0.6875873988428802,0.12315789136056189
-0.7055182730893896,0.13958767344901968
-0.7031425636240881,0.056790817444286226
-0.7394093747103461,0.09663723377190761
-0.6911254812792154,0.20336319924516366
-0.7225596850476954,0.13697010200030724
-0.7476768041084352,0.01281669129983239
-0.6799744673157562,0.07632743365814244
-0.7604152807556488,0.11764591492383702
-0.7276608540346712,0.15630989531189465
-0.7763340343249985,0.057217885359093675
-0.6692751009875297,0.1426755093050327
-0.7251616827550771,0.012160260851853661
-0.762163421680269,0.046694805789441525
-0.7880016599192206,0.027856420354545493
-0.678087798438203,0.09805258093169654
-0.7311221957948034,0.11122747201840935
-0.7877209950268893,0.13895114197589023
-0.6524642270607409,0.07735540900311401
-0.7319525866541802,0.10939803042696852
-0.7057124320324383,0.12194580650060977
-0.7687240206194065,0.10236198292600558
-0.7817003701082915,0.07948651480380498
-0.7171516258049274,0.12597282314153607
-0.7221207382707876,0.07811065312964614
-0.7122285042135241,0.15146736944399447
-0.7744282856501564,0.07281160652397205
-0.7535926109818932,0.08923726860148933
-0.7626097979995402,0.06577162547356814
-0.7222698357627126,0.16277122991745915
-0.6961521269400025,0.06970975042467933
-0.7968369382851218,0.13547453236159526
-0.6909024667647462,0.04988057790268739
-0.6728587784388675,0.1499587092575725
-0.6695982759263213,0.07708627021400964
-0.6662195124672187,0.09622771144787298
-0.6817370744787008,0.052921327664733016
-0.7230086204266098,0.07011110957865084
-0.7653958891938009,0.03741097175865834
-0.7366575782523933,0.1338964203520123
-0.6499322889658954,0.11341413458607884
-0.6774423962576231,0.18036826823248864
-0.7701353433956495,0.15925089558742744
-0.7342309186599791,0.08722694774846343
-0.7251769862023524,0.1467417837116273
-0.6893873867892668,0.1318064044098276
-0.6748225235290465,0.12890867752839924
-0.7177056069599569,0.07807548279267448
-0.7107053332492905,0.08093168016239378
-0.6507201742796879,0.13136965794092173
-0.7446514931777934,0.11335845806764532
-0.6872695123365922,0.05254022724826112
-0.8021697964154456,0.0545414689442033
-0.6999356550802243,0.07509121078580658
-0.7786919385616885,0.037624885641248544
-0.7955174755459263,0.0565073149535487
-0.6493137962086094,0.1589183951287957
-0.7675157104061673,0.08180686205473997
-0.635396881213788,0.1004069088537649
-0.6412986351868755,0.16303792062140587
-0.6910984009576087,0.13035542528715074
-0.7152195499465306,0.13910438581494153
-0.7657756440426101,0.07267120997112088
-0.7571182827334756,0.052626508696880556
-0.726642135552256,0.18039751907484675
-0.7855604841723564,0.061412956671478044
-0.6446542316703031,0.13987550257848497
-0.7106421267011702,0.11390982846056819
-0.8046617130875303,0.06463594752686871
-0.7401987518759949,0.03179295540080718
-0.7852734048726941,0.028391330176370053
-0.7446503507258571,0.03802500231462702
-0.7058091437208424,0.08162175176483741
-0.6570542835286899,0.15776047244899935
-0.7091561221150026,0.11994423432337353
-0.7468699095745721,0.07159798441603767
-0.7475588164078845,0.019411859310896087
-0.6453819423138086,0.1459364805697156
-0.7111608428125007,0.18449541492463603
-0.66854269976774,0.12020472803369112
-0.7657742062516387,0.07263856513133084
-0.6870028583458365,0.1848372024978619
-0.7159091410592573,0.09605847627273383
-0.700353519798617,0.156221783746222
-0.7235116648439294,0.10351372830242611
-0.6711369367254122,0.16790404171332482
-0.6870314049590237,0.045198064400103884
-0.6699245217454376,0.16724952206538388
-0.7668316735063397,0.1357303182348087
-0.7065030746123981,0.061775988781107884
-0.6862065443290777,0.13301340085079208
-0.6374544264304172,0.1404037082063616
-0.7054542509070534,0.11565138188707194
-0.6739285776662364,0.12113506841843721
-0.7598976188736919,0.0720004855089781
-0.7421291192253014,0.10579085329659715
-0.6989477671634577,0.18425366927830708
-0.81949671915637,0.08435273134440598
-0.6538527634317274,0.13756419511202603
-0.6397488253835383,0.17863642656762138
-0.7425337268541068,0.11625146484885349
-0.7288311209892157,0.10288920075930143
-0.7598921220161304,0.12808813051323653
-0.7743405981045789,0.1458704805794766
-0.6839637114208286,0.17800013819234145
-0.7280951640093576,0.06435043595336667
-0.7858045723744267,0.07981903776223927
-0.6177300112234191,0.16287096684730865
-0.7023388824538159,0.11203377234801114
-0.7374136720196331,0.04377262792689319
-0.7981300739964948,0.0690620978300125
-0.6748357582573439,0.18949917123962035
-0.7733527560405097,0.08829828862185649
-0.7015062027739005,0.12243602260666193
-0.6907103133863282,0.16298395818620742
-0.6247295136380147,0.19232183698050972
-0.6853025358544322,0.16923167963974522
-0.8142927352964369,0.04360963656826687
-0.6513153411611087,0.1501435492310453
-0.7638138053554385,0.07705322898823148
-0.611160154362644,0.16274959313656795
-0.7171868285316233,0.19113422303805244
-0.6537111800543088,0.19651223830218756
-0.6933891274246659,0.11361487269586444
-0.6619663971517102,0.08825673939650706
-0.7099138671912973,0.064144616824505
-0.6702798690538363,0.15863217711192434
-0.7255541530726891,0.058804668307762376
-0.7205283812025391,0.1295048822610757
-0.7607507858781022,0.04125217992315093
-0.7013405928399765,0.061321915996582016
-0.7061024164744426,0.08303652783029729
-0.8030480182714059,0.10299047645977148
-0.7522405629509088,0.18265158420397865
-0.6654187001700155,0.15763044717678096
-0.7240051040233152,0.16405118648571979
-0.6989097220974599,0.16733515687774744
-0.7317991552499534,0.07813417193369661
-0.7333060903290963,0.1429582957196584
-0.7797350379821788,0.11116142634510529
-0.7478498456374255,0.12853628056808322
-0.7317461197327203,0.07366351343244751
-0.7065635108949377,0.1862311998409723
-0.6695539666451894,0.19542879511161826
-0.7406823359954152,0.019763315491869236
-0.6836285514721094,0.12849862965337355
-0.7844406755282859,0.03631756464663064
-0.7760013605570979,0.07186844315492108
-0.6708634216114004,0.1555109820665277
-0.7500848381253993,0.029393921314816874
-0.7016188723521732,0.09950989814031652
-0.7711905469807704,0.049004588562906466
-0.6262179329312304,0.18528393913781457
-0.6834102035226127,0.1890667721850461
-0.7338398724247951,0.13764577742701195
-0.7642315679605312,0.12292530895270432
-0.8024637510608911,0.10999425789773677
-0.7621632318607136,0.08399802498697412
-0.6937398174662973,0.11303589381482346
-0.762019354516456,0.15222788538063642
-0.6699908745559904,0.1543452621288744
-0.7532210311699308,0.13013371244032182
-0.7445815711928813,0.09496706377489633
-0.6457364294576803,0.16560618640966812
-0.7599584863239981,0.03795954102425826
-0.7647378606205449,0.13472001354680863
-0.7078994144661652,0.06785410959549747
-0.709408051274286,0.18254370554760804
-0.6739964283009694,0.1377283714294753
-0.7497460826677501,0.05661511497710851
-0.638266481283305,0.18352513400701517
-0.639430043944631,0.15567078825630018
-0.6489946050177955,0.12581660368540473
-0.6560893065916936,0.12690159611865204
-0.6560173435920835,0.19155431248355945
-0.7105974217728531,0.03749232741406135
-0.7010736550168866,0.1110711238725627
-0.8111317054825302,0.05205195338362707
-0.6962593667502524,0.19710155139516206
-0.6725974210836166,0.14064302040097706
-0.7041281590561694,0.1003538320440614
-0.7868963294379113,0.027973206246888548
-0.6613013033651888,0.18053462837288736
-0.652086991016591,0.1048100724107212
-0.7257189265170134,0.11347133332977208
-0.7587615863616486,0.05490101327743837
-0.7027680808468119,0.092082653992596
-0.7967449776025197,0.04777605304564268
-0.7344810052438108,0.17791988795927835
-0.7539491942310679,0.09187879083953117
-0.680856367245729,0.069052544218645
-0.6328095164537214,0.15476590306119029
-0.6747237019764156,0.15650432595990554
-0.6823991144667083,0.13678873422632687
-0.6735577913369216,0.10782269224798491
-0.7169908377040045,0.1365408519362952
-0.7170964287704892,0.11639957570307417
-0.6696210934966711,0.08645825887119984
-0.7683621494478842,0.10331945002146135
-0.7134305796636098,0.11424489248945038
-0.6921966462908162,0.16358290578150214
-0.6591041258841704,0.1515406328000745
-0.6629725336879612,0.12048101891983543
-0.6848888740631164,0.14940358592205705
-0.6859772852888759,0.0785076368582328
-0.6903205476139224,0.08711727045925595
-0.7467154157796737,0.1045954679471478
-0.7334361762474696,0.09316970252303086
-0.6619196345500946,0.1349407500844976
-0.791256796238991,0.09955526641132265
-0.729272594860129,0.15710857138997306
-0.7242711823300455,0.06429489283308983
-0.734475856389729,0.16054220077901196
-0.770284792824234,0.13725331336934926
-0.7693741712015448,0.056472686430650884
-0.7127194745095723,0.08271539845077304
-0.7042511637514414,0.14753629531356482
-0.772835854617096,0.055201691084021356
-0.7059525149394281,0.11634784621147623
-0.6402111414542913,0.16317373442479963
-0.7095310973082017,0.13713712631442324
-0.7770765949903015,0.14640858858929762
-0.6776202739500942,0.09569813048564538
-0.6810864395568759,0.09417035217041696
-0.6639453350400086,0.09358433134591643
-0.7745135501034609,0.05699879096233062
-0.7508429786657055,0.12320019670967224
-0.7519860558999368,0.059929591196761466
-0.8047000311436816,0.07149664156432498
-0.7391384241356945,0.044226880726939796
-0.7350631371579337,0.1370644674793144
-0.7853729714127683,0.05996618354789265
-0.6837735855238655,0.12065790407034085
-0.7877689939533793,0.08517916361123958
-0.7672309771540675,0.08723894126329172
-0.7780784352555403,0.09689718959137014
-0.6521416711081487,0.16686705228600476
-0.662366990129259,0.155811749065366
-0.7142604601731122,0.030148914927280127
-0.7197159869616108,0.05131026807391635
-0.7636519035787791,0.11057542082302203
-0.7321585893917641,0.11398646369658376
-0.7827347601199356,0.0910985886776338
-0.7912023591705698,0.08249553922701501
-0.7940493319790979,0.09614345339518104
-0.8040766335170131,0.0446847410175756
-0.7084199215232778,0.11243634372547584
-0.7948933632784813,0.050538215387957566
-0.6973653411897678,0.09784282163158235
-0.7656975062426298,0.0669808226910208
-0.7462830126398678,0.150368619545706
-0.660717833130492,0.08938019149779121
-0.7357741176160648,0.08519250885320716
-0.6665177750485232,0.1374284905977177
-0.68658317494886,0.1606606519009355
-0.7258094006146356,0.12766264812608671
-0.7532265461388536,0.02208976762775547
-0.7674044473327178,0.1295495743926117
-0.664105698072331,0.22011491498162608
-0.7906497122513758,0.05184428504467923
-0.7053605482590822,0.14146278625547123
-0.725422489951658,0.16160719491041914
-0.7118115205020952,0.08633961490117485
-0.6980543512608482,0.11341308248209758
-0.680512019348814,0.1828844660947584
-0.7207548957889914,0.1333928687092689
-0.6900895634588065,0.09969962803932772
-0.7162783380013359,0.14451796366739586
-0.7827666403794931,0.0925808656918003
-0.7460099096528338,0.17511833068583924
-0.7606398778956172,0.10224058921808059
-0.6655370185573687,0.18906639772005424
-0.6768765481797051,0.1654749504294753
-0.7235901198486929,0.13001556283908208
-0.6787732393588544,0.08609509591233938
-0.8193014316825297,0.08198686104435379
-0.7518922284402768,0.049920033096256644
-0.7222874012308842,0.14450289157066404
-0.7334651225015335,0.038933105349277804
-0.7551057900303821,0.11449161181997429
-0.7331533555529604,0.1492323821758992
-0.7119403235198601,0.1399262540366033
-0.693863031296912,0.08513049852189274
-0.6887339928621712,0.061342175633825505
-0.6546207615734333,0.1441135504056687
-0.7142928345404763,0.0682956060188033
-0.7791249632212939,0.124173915692617
-0.6415163691600092,0.15718171609736437
-0.7893421652056107,0.12218148339976843
-0.7045798915351783,0.1497597132926944
-0.7485487318372239,0.069082320570989
-0.6768402671711139,0.10796000007062244
-0.6708498934264854,0.10989818379101904
-0.7894801431428892,0.06856064115828157
-0.6973627289187748,0.1317605858724555
-0.6886175180056621,0.07041411862815239
-0.7494887839952041,0.11625760068868092
-0.7697070445888633,0.09287749640181701
-0.6557507713910521,0.17159443966248028
-0.7307129848835778,0.06718774912549823
-0.6686035876528923,0.06356646633682518
-0.6875687080319784,0.06628439225014218
-0.7666104233024323,0.04881602598040298
-0.686976581894996,0.1311100825713587
-0.6466711054843066,0.11807108106144402
-0.7905181819613967,0.06887447321563386
-0.6150978926244878,0.16677202860466364
-0.6673177140578879,0.19413906066599154
-0.7682380787411061,0.12747250475486452
-0.6917145362308217,0.12917138766484845
-0.7023143568484077,0.1528654314526012
-0.6845707979831026,0.12042461474464991
-0.754649954596998,0.12431232727039303
-0.793082969861517,0.06980327934785763
-0.6923470030365237,0.1309893239735174
-0.6727254024401731,0.06347949748145391
-0.6491243228804456,0.10809221722094817
-0.8181928538858855,0.06972806881943476
-0.6979323664218171,0.13254669753169082
-0.6385997534260389,0.1198581467140073
-0.6264413315774546,0.14856188204361834
-0.767676954878027,0.1073689394477133
-0.7853492624046166,0.12709942498327775
-0.6939135565760294,0.15177130700007016
-0.7389664077532787,0.13534225757840526
-0.7625621621896992,0.12681481489745616
-0.6922435955981695,0.061244388402104846
-0.7666978067884314,0.12098330084950748
-0.7617808535550012,0.07410588101520504
-0.6642676743134518,0.15639676621566942
-0.6984484517657448,0.13587481253958802
-0.6829770633299095,0.11542591965785386
-0.7228334440488825,0.0896741159867225
-0.7308328566692156,0.08156770648504416
-0.7508170210121025,0.06272910856855039
-0.757324388921813,0.15174600702954488
-0.6668656175353984,0.15237940965641844
-0.7035958292609484,0.08428198252531906
-0.7404908026104221,0.14655973707407535
-0.6909062736600313,0.09802026186027123
-0.6196819892490953,0.1619159944542746
-0.7515479777623378,0.15774534407110002
-0.7320174633216278,0.05142502078243878
-0.710344200795305,0.1356285679185109
-0.6509418677488537,0.19016643464864116
-0.6527817534420847,0.19648715199892602
-0.7803138447796073,0.04595822270823904
-0.7538315182497173,0.14528756694373646
-0.706082540176218,0.12565061953845774
-0.7387316018959219,0.1638710991103436
-0.6935341432968178,0.13884838412043815
-0.7344767510978918,0.0829382913053092
-0.6744471277984209,0.16672584967584247
-0.7072075397559652,0.10978920288158199
-0.6583146315678162,0.15921806601108932
-0.6624593381615005,0.11568883622744916
-0.6845514998030893,0.14086297586265853
-0.6785768524602656,0.15798796309223134
-0.7473642375057007,0.06493172612298345
-0.7644981026096951,0.17958124275523357
-0.8094737336885922,0.10531820426277345
-0.7417518666644385,0.053819721185409376
-0.6775038192826681,0.11402394184631583
-0.6877796322470779,0.04852854515492168
-0.752032714140348,0.07173645979841133
-0.7328845663924122,0.09033781981171443
-0.7059280411561443,0.17479077844420723
-0.6784434735652355,0.1646396963004874
-0.7052237133637785,0.10419886070441627
-0.6477776659784419,0.1653905357646061
-0.657470853640782,0.15836441041856666
-0.7400476136228147,0.09274282636091451
-0.7205454173323972,0.047178660753200694
-0.7475113885841925,0.18569941986097077
-0.7799061899685381,0.06753658656109245
-0.7474770871732191,0.0533693845216227
-0.7494062990478084,0.12378460663928872
-0.6828138082708226,0.107662406964847
-0.6498212813626758,0.12502831583540144
-0.6888028140378545,0.16151400933146548
-0.6152569811605667,0.1658453770875001
-0.7199587110915087,0.0921797320796689
-0.6807116685999239,0.13523930437677
-0.6330011072405332,0.15292569667650174
-0.704810646362809,0.10389044904956533
-0.7732151024342349,0.0957778547046702
-0.7749300286170047,0.10110702745339155
-0.763714433357464,0.09624990967856523
-0.7677499045507009,0.04262330745200369
-0.7601196781994073,0.08089477043558602
-0.6511315074013064,0.15860562607178155
-0.687819485022374,0.11109543250468285
-0.7344517511108823,0.10155081535555086
-0.7790646279524792,0.09014067411248114
-0.6584018072043891,0.09179716600136471
-0.775262988386295,0.06927873314464605
-0.6814084397481442,0.1490298951017392
-0.7693416458938148,0.11606131449444632
-0.744683012759983,0.10710957316836482
-0.6844962538840036,0.03932735054642338
-0.6513032217186744,0.12524996181184106
-0.7276516287229534,0.14158636047659406
-0.7835690138976609,0.06752853898271355
-0.7309613765165409,0.14120996452503964
-0.7008235512452455,0.14383123075966173
-0.6661340083999656,0.10061629164135556
-0.7328588799926898,0.15168198888856574
-0.7348416767030795,0.08761637260446281
-0.6779263138971758,0.10868664179759666
-0.624533584265742,0.14545366607549057
-0.6829704898667643,0.04201114224219192
-0.6708132334784745,0.15840281713395526
-0.6359232710674234,0.15845829658580393
-0.714247618169849,0.0923772140055567
-0.6833011361145996,0.16820290354105527
-0.6984693994093119,0.164879010532254
-0.6614344807943302,0.14265592633876517
-0.6987191138863038,0.08011008885907009
-0.7701912528820275,0.12897977754728077
-0.6650725152109283,0.10362922141809011
-0.6957917216084057,0.12583962207999344
-0.679538016315587,0.047637229751712355
-0.6542257046638259,0.130369335147578
-0.7075382548330424,0.1307262705529103
-0.7130949603888592,0.12000534387310885
-0.6860694722550861,0.18796659092680237
-0.7608431934918521,0.06681319165210918
-0.6840477549393131,0.13912774315091656
-0.736938881544581,0.06106423377776925
-0.6782112235907791,0.15649576074168328
-0.7008906776043479,0.17286543102129784
-0.7247070158777751,0.1879599033461602
-0.7588817047130402,0.1082928800319078
-0.7391907818698111,0.11504641931695452
-0.6719115583051156,0.1150466295035195
-0.6814493571324086,0.16676154157426357
-0.728643853647071,0.0869893370396902
-0.7211493614375407,0.061430024929751026
-0.6833890489178249,0.1066913620796517
-0.7059675943137564,0.06253164750967707
-0.6760201248612708,0.17500453442309052
-0.7027907650738804,0.17581376891028178
-0.7441927876331947,0.06116720172471721
-0.7718058305746376,0.07345733154642703
-0.7152493314213636,0.0958941547797428
-0.7065682591992619,0.19008824812403047
-0.7894529879971315,0.0735419643514685
-0.7565334366960993,0.06939142551443828
-0.7439459841612486,0.13142559818022387
-0.6925698333165421,0.10429932886523106
-0.7911246373839016,0.04572741739194846
-0.771438225757961,0.08198661015806981
-0.6643577034591759,0.10976899210805358
-0.7213815178995338,0.13573922756709883
-0.7172419325227473,0.1639252372312716
-0.7153529357416184,0.16306544574384077
-0.6344497452543632,0.15503792384530435
-0.7953656864254778,0.06558301289222077
-0.6756852142953785,0.13194105069972384
-0.7094791452160245,0.08122712252779574
-0.7189373758854765,0.13871021056996788
-0.6750970584097234,0.12533741648146104
-0.6548698262919462,0.11215453281487855
-0.6960685270399285,0.0873491407619447
-0.7675762500905623,0.1189693564027261
-0.6415553434587947,0.08699318010438613
-0.6416247983751686,0.1799923324901582
-0.7778293446561971,0.09807384265774743
-0.6755016558051008,0.12597728006863096
-0.7339281489587263,0.09738966280648449
-0.7305675259267416,0.14458921681858053
-0.6765280361234103,0.14457302659257742
-0.784443140363962,0.026218692406046063
-0.7460742221328801,0.07613882660203823
-0.7367438885043068,0.1210347578407012
-0.7144998740108945,0.10500193554505977
-0.7633045192737911,0.09093441508671136
-0.7378664511633185,0.13879007057132403
-0.7004470526438683,0.1734379033822218
-0.682848358794995,0.10345774610084064
-0.7295642012537544,0.09654908008821576
-0.7851606500672675,0.12307178186100727
-0.7259869764575039,0.10611094200134971
-0.7103042993004111,0.15062782041243392
-0.6579454908788203,0.08974946971813567
-0.7261865840424421,0.16544320377931576
-0.680267980770209,0.1932726276692456
-0.7027932769851625,0.05489137768757832
-0.7371612101317956,0.14429369653961036
-0.6426289763523909,0.1611008954398306
-0.7518725131478452,0.10579748209358326
-0.6753826660651182,0.1054386326718214
-0.7232126288449356,0.10757672933729719
-0.7217976325407667,0.12760696688633386
-0.6593142701674364,0.17849035146528586
-0.766323971626831,0.12360146208839672
-0.631707552780501,0.13944139685276358
-0.6862413549833045,0.13636965194903217
-0.7681409373096887,0.0406480532568852
-0.7770758382018682,0.11466584270886013
-0.6948663663790564,0.046622434608520405
-0.6863816814394644,0.12581084538997997
-0.7253475980347405,0.10709413344324524
-0.7199407061314924,0.05557782250084471
-0.7684675632124427,0.12945249072921378
-0.6714579926170386,0.18311456389855166
-0.743115399182512,0.14481272143794371
-0.7045182346361017,0.1752874114010201
-0.6574622698446785,0.15119002373325865
-0.654929049752942,0.12501494812875072
-0.7627765477078631,0.07292737084971201
-0.7611993595533026,0.16638075150336426
-0.7926540391949484,0.1104372753796246
-0.7493304605299345,0.1564124325608001
-0.6880164771934949,0.10707404990806275
-0.7577737643996201,0.079176177340228
-0.6479106739323914,0.16193097757240632
-0.7192168440381919,0.039117893467862985
-0.69697479645385,0.12117395622807685
-0.7389883947983403,0.11177858597701969
-0.8034107317908826,0.03444999538152889
-0.6600217860587108,0.1592945097216913
-0.7766048237067531,0.10491067578811887
-0.7098947499407015,0.06965538640971143
-0.7124108489950199,0.09795791260240282
-0.6972921049230826,0.13637482696845474
-0.7349037697582917,0.14423638136353165
-0.6858615178600801,0.05314458754270071
-0.6861618909804786,0.1653240540939627
-0.7905711936144635,0.08962674987942021
-0.7540304168198232,0.12642767132924518
-0.6389747170534493,0.16121819837644216
-0.6494797900699878,0.15700214374539176
-0.6881126069209814,0.14521113286577053
-0.7723523030088699,0.04926717088272368
-0.6385614574012839,0.20103778922843274
-0.7145723391997411,0.11541242475147565
-0.6866671328694114,0.08038221208616238
-0.7678753171986109,0.024996917422083854
-0.7102676071807845,0.0991265304782565
-0.7194466947800424,0.1850911213612635
-0.6958259053903171,0.13566844778580028
-0.6730716238276105,0.1457034200736934
-0.7448064904064399,0.16424111159846694
-0.7052542053163693,0.10420113525297327
-0.6450580833913614,0.16060584957427784
-0.6601768119925169,0.12974385997944346
-0.6760598626034314,0.08574009535008388
-0.7458281395495839,0.12976853101777786
-0.7358507295791662,0.03753033319665628
-0.7656862812518295,0.07639851101233604
-0.7370466566778072,0.05250516659692758
-0.7047390366760885,0.05416458969895252
-0.7628672270622229,0.04471495004969509
-0.6906808365283589,0.18599896066690744
-0.7134965134771153,0.19571296751789746
-0.7496122134145096,0.05824405371451256
-0.7120528853943481,0.13778909419945462
-0.6712924321397967,0.09853597898124712
-0.720609937952851,0.11921872366805784
-0.7424800072814921,0.13001846224165206
-0.7503343534342863,0.02196465195250069
-0.6614705156444123,0.17470701134717895
-0.7288158913246937,0.036051330346131755
-0.7389708942949107,0.1621400384696996
-0.7288009687485614,0.13952642961112585
-0.7405474797111846,0.11587826738155378
-0.8063832163169844,0.044977681287513276
-0.7130266633191416,0.09280261257344864
-0.7315220742945268,0.1805960564879648
-0.76971173812836,0.07919087412037328
-0.6224758439401845,0.12841558083875093
-0.781118146314493,0.057589047344913616
-0.7913605304274409,0.1516653571218593
-0.6974683774767856,0.09880028720920166
-0.6705016422981311,0.09354590499665434
-0.7585067561973542,0.12930772173882568
-0.6896890086383629,0.19739408913188136
-0.729146616030369,0.06020705890657772
-0.7205392279305577,0.09348010835577611
-0.6891641666663212,0.17369884439779731
-0.6763041307528741,0.12680180116529707
-0.7204702325203917,0.10709788475237629
-0.690768167115739,0.0837594476974267
-0.7552300949222109,0.10249172573472348
-0.7282815938289057,0.16366305929746613
-0.6734446008746804,0.19179440244748477
-0.715527529905726,0.13572985277614436
-0.7592395134358102,0.132063661881424
-0.7707832774994525,0.0812352803785299
-0.6649375504171516,0.12277400980936173
-0.6735865428597116,0.1457791396872962
-0.7168297598979531,0.06919109933005083
-0.708857239982369,0.17651433875644892
-0.7255277252448668,0.11896639415333847
-0.7952953381156496,0.12697376574072658
-0.6562086974006431,0.11765384306957273
-0.658968819283585,0.12312735260003373
-0.7587500029129401,0.03139259567132579
-0.7335778500957579,0.07339813192829217
-0.7178394303296484,0.1557428516973881
-0.7679046951376024,0.04812614797852178
-0.7602227717762906,0.09714423235855157
-0.7200655904247831,0.12508214166978845
-0.7134482422924843,0.11571563096829304
-0.7337499098693714,0.16907023941658694
-0.6794176722562885,0.17147624416680649
-0.7840422078277256,0.12766656113753252
-0.7019203447048458,0.1212724050822691
-0.6429212739611962,0.12655227341157183
-0.6952304614118,0.15519768214172128
-0.7972144292347503,0.10884502270580511
-0.701147448542248,0.15132573317113232
-0.7407877908968709,0.10965168161488795
-0.7108471619622166,0.1374376864494139
-0.6493581096815294,0.12010359337300748
-0.6615828704224274,0.12444835813385928
-0.7264813146146051,0.16447075956770002
-0.7733756120099239,0.05007918048889286
-0.7759104057875067,0.1049431740776092
-0.6717656830665341,0.1621015594563929
-0.745624071484415,0.0643287509615635
-0.77784290062803,0.14538850394518948
-0.7452778687895694,0.08392099945163878
-0.6897562260536957,0.12931010848014202
-0.6728565160533269,0.13189393600456167
-0.8053778543127226,0.06979415017259656
-0.7109337199836467,0.16943989795135692
-0.6759278295758953,0.12585829847077307
-0.6295566008046038,0.164356704006359
-0.7380796250550011,0.07555358682742166
-0.6934731883006956,0.09811161751242806
-0.7409633066784417,0.1226155911901584
-0.7588966686210454,0.08122191840696623
-0.6614817866838033,0.15369802751472253
-0.7383082212542242,0.0983642308712126
-0.6969088696102812,0.16552478824759673
-0.6964061884094829,0.07519086563027726
-0.7288484656516359,0.1037400000436207
-0.7057094825871446,0.046848379187222386
-0.7812932607200889,0.08751566573796926
-0.7865838962129851,0.10629716916185503
-0.7355925652410366,0.058224320346436036
-0.7923016703194761,0.10852107890543183
-0.739587725840622,0.04033723654804313
-0.8005073074766273,0.13268654847596942
-0.774676622842659,0.0879493541376759
-0.7523508846287302,0.10676720395247083
-0.7080994001364547,0.08154287355205193
-0.69573572143767,0.14838810388275625
-0.773327166734925,0.1153678088565927
-0.6429453474495885,0.1714459341303748
-0.7148284595636636,0.15044939230966992
-0.7844471713324721,0.05903791515564319
-0.7395018833583882,0.05411225946561372
-0.7110153266276064,0.08300625242518746
-0.675335936172674,0.1551724059102606
-0.7483747635713939,0.13538616883928825
-0.7059486658745248,0.14106223122886166
-0.6835858687779613,0.1647758719239623
-0.6356597547832984,0.1412878872714087
-0.7300712108863214,0.15772563411648186
-0.7845567508474693,0.07056711067754022
-0.6830708521631284,0.17316313594942553
-0.7196535654093063,0.09923297155668548
-0.6758085642013316,0.11027262367823372
-0.8075890318280375,0.09734168325455775
-0.7272467615278247,0.10059040839223952
-0.6936160867130727,0.10124751431963747
-0.7238803536020705,0.16704374917132628
-0.6966333410186938,0.16452236728499836
-0.7806349256173153,0.12321649882696355
-0.6410074316669926,0.19604882031323445
-0.6764949066181556,0.16533727106819548
-0.7489925454471617,0.0969859856564678
-0.700371471382588,0.14231454579454553
-0.6924111637672589,0.15453430164941867
-0.7539842630209236,0.0339923769622326
-0.6664860443046816,0.16784348845887478
-0.7549567971008443,0.05681869956513599
-0.7005668635499086,0.1400422920726996
-0.8018760055511471,0.11450047156982925
-0.7433013568979596,0.1648198764029568
-0.7155248489881632,0.09368505367973497
-0.7752640998507354,0.12721688641441758
-0.6629144753679125,0.10907307134529827
-0.7343184342928246,0.17977142337404275
-0.7301092957407831,0.02873904959061471
-0.7721476078345091,0.13827996076861676
-0.6429675904318564,0.10783892433587496
-0.7753080625598685,0.08304881690652327
-0.7305384105677658,0.11920271722883237
-0.6301605660443965,0.16400559070945897
-0.7067271112605286,0.10986508295066306
-0.7368262871588087,0.14628026928436005
-0.706760036418227,0.11351419092823209
-0.775314107519178,0.07364149906955118
-0.7055594183988,0.06703768726449909
-0.7253120418841952,0.17171192004089916
-0.6397688138297918,0.11472359698097656
-0.7593318491137231,0.1423880689952729
-0.6466010876936835,0.13903462675123252
-0.7440188276206816,0.1136960098261174
-0.697580647070459,0.18397832311673173
-0.8024603695600457,0.11545603654934553
-0.7475079241810739,0.16804686614668007
-0.7053416185746857,0.128090535763704
-0.7267645564068438,0.1709389668571334
-0.7770007835394132,0.05915981643735576
-0.7151614221512673,0.14274573788030506
-0.780383368378859,0.12440394210825603
-0.7808360679200006,0.07251861510527838
-0.7270463841096559,0.12188993431613325
-0.7236130331615381,0.14803986349909665
-0.7720810834095325,0.0856005127588577
-0.7325880515150421,0.0755430847529799
-0.6743719483974018,0.1089276339135064
-0.6841511059296266,0.142067304466982
-0.790070322884022,0.08057514745234921
-0.7831433329710792,0.13058890670298565
-0.7421962814100905,0.09679246245785647
-0.8160457079361527,0.07408657109237607
-0.7038983300061752,0.06622960213335942
-0.6928323301538438,0.11838713974104374
-0.7066519628489022,0.09902043186051325
-0.7463671735676196,0.06552984600285038
-0.6887212159687758,0.06885552516322026
-0.6600472954276446,0.15704588571201233
-0.7127236921105925,0.1365971445109298
-0.7116147666548694,0.15665152910585972
-0.7463547874807089,0.11646193756908976
-0.6780620980802259,0.1525497471525874
-0.6843338856675664,0.12415361969712764
-0.6328787594997332,0.17556107459649328
-0.6826654195942691,0.15549828833811996
-0.6513425003121941,0.10209996723155972
-0.6740810264497149,0.1233995453612261
-0.7320724347607912,0.08971302108806449
-0.7145750488755294,0.07330771934511653
-0.7397471898082187,0.12182996962395468
-0.6863730190684574,0.18156079092942715
-0.6785153677188921,0.13497190132187722
-0.7509693241544885,0.15150205509681616
-0.640212830750068,0.13852105958632593
-0.6855264465301342,0.16934702656267067
-0.7484047386960748,0.15091433303768537
-0.6952130311330137,0.07390520202276676
-0.7787074729031509,0.08808995394854864
-0.7181907321709918,0.059944952290325544
-0.6578118232938744,0.12267538391450304
-0.6619338055394343,0.16216581650835105
-0.7107952455803812,0.1296299384892387
-0.7148129867706065,0.12943793569528642
-0.6627893682030939,0.1520625339634429
-0.7377345020219128,0.07630383458721868
-0.7039631895729906,0.10810993660424673
-0.771092868888705,0.118589243853307
-0.6778505344265543,0.08090670641973713
-0.683563855212371,0.13378137087709063
-0.7646119843280855,0.10632153730741548
-0.747420893241462,0.11971748811910082
-0.7033146641605892,0.06642814934192061
-0.6719748436424151,0.1452037242720083
-0.7497974740168394,0.07065737147528821
-0.6820950021512675,0.12286411392746333
-0.7744896685811867,0.10817221118006105
-0.6915386084905149,0.14629083205958401
-0.7233360199094588,0.16157593052223979
-0.8069816178845085,0.07758082751565684
-0.735907613203745,0.139507996906895
-0.6966251659401985,0.1612128599345618
-0.7568758259887151,0.10816858957224573
-0.6876062944287759,0.19745807100841825
-0.7069895658497994,0.19149035309300894
-0.6663827463212428,0.1664424484545486
-0.7345021245555977,0.1305814743002482
-0.7388970503443378,0.1488778538016464
-0.6546432338216631,0.09734018248161323
-0.6927576744673132,0.1060907362069421
-0.6813642889542384,0.11944851451968265
-0.657423652900336,0.14809640416075856
-0.7088999665159611,0.10175827973068652
-0.736840808751188,0.12652134953098415
-0.7512496236888779,0.09340091563271263
-0.6173375807224877,0.15885412718450126
-0.6670869102824903,0.1040648895184688
-0.6652269373572862,0.11474938241666055
-0.7467536008055992,0.0404174146534377
-0.6525552659783413,0.10146371020722604
-0.6809624118196608,0.06970000211601914
-0.6704435014913018,0.12667158417472055
-0.6642101085167277,0.16124787543121774
-0.7167954793161991,0.09795814640918715
-0.7560480574505425,0.05694835255291045
-0.7533870722937415,0.08019622662794423
-0.7483468467063087,0.01719526371934874
-0.7442538423094679,0.1376422569368838
-0.6628774553582604,0.09831807753178672
-0.6693775378818673,0.11590273674802781
-0.657211716010513,0.18594797900953675
-0.7112940689663834,0.13549881080912535
-0.6268897427328213,0.1631695466127322
-0.6669647739474696,0.11777373550731206
-0.7067769725609304,0.06619382601818499
-0.6530369444157553,0.16567653288458525
-0.7738590046322297,0.090604654038327
-0.7870052284518643,0.11902563941721227
-0.7660710763368488,0.09302513076119805
-0.6633238423433582,0.12122776044603745
-0.73298609544136,0.11003023236596396
-0.705342537852764,0.15517932137390755
-0.6763280969090718,0.15185087044319917
-0.7262207109151559,0.1775415204488309
-0.685702612369657,0.12517579950838745
-0.7171531153957931,0.18251487457075682
-0.6775775627574845,0.09359568300472856
-0.7345850922429116,0.03463683930223189
-0.6777650588594633,0.10990026969105514
-0.7541898794476254,0.06447874263600947
-0.7418798553958366,0.09032123684394354
-0.7441831591585302,0.13931987355669628
-0.7432031949497602,0.07208630247174753
-0.7650055964693767,0.09332464267923832
-0.76140509740473,0.10532563317181128
-0.6826306760054802,0.057652253518268096
-0.6873815428848753,0.16062630238959602
-0.6227011685865704,0.15694071887166594
-0.7586980353094275,0.09630630586021473
-0.7498480902980117,0.15526682824806567
-0.734541813782129,0.1056869726650519
-0.6951479207466771,0.07048833984201106
-0.7278425381775693,0.08721559277763231
-0.7574646068771915,0.09672506444172281
-0.7095806452785159,0.11019616104421628
-0.694669479792481,0.1206041940473707
-0.7007959963077443,0.13557723485966763
-0.73776167521435,0.12299935187149222
-0.7650482777033714,0.17789225478518608
-0.7693576471146053,0.07163788033731493
-0.7604846232565129,0.1354459126267858
-0.7369230116676245,0.04750464652886144
-0.7641153181359878,0.15074992817766175
-0.7064120166918387,0.16697427108365057
-0.6561500138167485,0.14745354285670897
-0.716678732119494,0.061944394240517994
-0.7673476582912413,0.13637978897363526
-0.7936074055690765,0.060615855084620855
-0.7366860267778549,0.08173431055407068
-0.7494647205651205,0.08109429735646217
-0.7058667774174052,0.12339800248133913
-0.6540109568507162,0.19527001582796935
-0.7486266356548197,0.057006456387619434
-0.6728305497735886,0.05483758424150082
-0.7790806961571028,0.047915020769130186
-0.6202724091271797,0.16351680094530935
-0.7563475268852854,0.1306552607996229
-0.7237416949655016,0.05881444160299027
-0.6998831727689475,0.12328139374678182
-0.757035761157985,0.08020920737105885
-0.6901599968837621,0.13518308716973584
-0.7013348828390413,0.10346053805999651
-0.6458813598078325,0.16450233505602846
-0.6824419619701354,0.12584216351517202
-0.6845684643972573,0.10980016537186608
-0.6901687545806908,0.13424019079891691
-0.7427228186292866,0.08805026722148006
-0.7703525841108354,0.07640836985225638
-0.6721776049111777,0.1461267983480268
-0.7206370803173187,0.15721218480679952
-0.7841483934120462,0.11168783150586886
-0.6568501388715026,0.11629949006618197
-0.6545324059871184,0.104603455425908
-0.7035951910312017,0.05801578544385246
-0.7230324877570654,0.043737738604347015
-0.6661111423099564,0.1247436128385683
-0.6299445803328623,0.16383776793044177
-0.7458074391698294,0.1486558731096911
-0.7989465927863746,0.10659492503364763
-0.7137325920373591,0.08603880612780347
-0.7451378305234302,0.15712663252815612
-0.6339493207285726,0.1585895740755565
-0.7369075887523129,0.12020589752935015
-0.6907065354613884,0.1946010171426682
-0.7461947916880285,0.048604910542737044
-0.7049416077513678,0.16818262251976043
-0.6287216689734209,0.12486111758410252
-0.656510911954793,0.10332631172403625
-0.77633152931858,0.12454111141357105
-0.6633131226005936,0.17433720351123042
-0.7394008736432359,0.10534123312900086
-0.6790116366349747,0.1094956138973953
-0.7464735458931655,0.06253794388489838
-0.6848425493666151,0.15495898114275902
-0.7331215657002547,0.052649823098367673
-0.6976816216954662,0.07133046707783565
-0.6721701296271989,0.15021092159555752
-0.6622616680158138,0.18106062164508435
-0.7339309768901645,0.1327955864930351
-0.6761965202545833,0.12739330090788803
-0.6240571495248045,0.11698308200806877
-0.7448274688936948,0.07726997408529822
-0.7541095065628173,0.0768487221227406
-0.6663741983958804,0.08494083262539304
-0.6420396910041687,0.10341525199266634
-0.7535501112280103,0.040339301685382384
-0.7070758037108976,0.09279999451447338
-0.6766799602831585,0.10775512057187195
-0.7587335845904817,0.10082675458581199
-0.758940691694836,0.05916907453890935
-0.6552398305606797,0.0908104984608656
-0.6373895783002681,0.11205597927437345
-0.727198391182437,0.07418621374873433
-0.8010495855382467,0.0590778602300202
-0.7575667312416017,0.05774991868039424
-0.6418775298821774,0.12020861748800579
-0.7113403588062381,0.1484493780122483
-0.6485501188851529,0.15196601835115747
-0.635858567442644,0.10582264145848479
-0.7332624682650566,0.0901975122543535
-0.7144935246020924,0.09829589653140634
-0.6681633428370333,0.17825216779357317
-0.7010485244182993,0.155017652082533
-0.7471441791690676,0.07637648082154912
-0.8043410288143494,0.11610825437625238
-0.7171266613629322,0.06283845846816985
-0.738194541675386,0.14096842161072656
-0.7832093075895935,0.045404430597580314
-0.7822728826694543,0.13043292355768943
-0.6903844550226794,0.0998471732728179
-0.7639908350542443,0.1444817756660224
-0.693340197802272,0.17684636255636424
-0.7390849357107752,0.1657325430993098
-0.6561357580734662,0.1111792370839037
-0.7666669611904425,0.07243585773323398
-0.6465852157575013,0.14523615293830966
-0.6792874944922169,0.11318392224456059
-0.6879609216749624,0.15683958896318473
-0.758970998188119,0.11936479175496281
-0.68599748931067,0.06912286993529707
-0.7444583056376712,0.07567247419175697
-0.7283928730953082,0.12319550360465684
-0.6803603383899576,0.12347710712669539
-0.7570217117422642,0.17828775259971086
-0.7544285500614285,0.10195978402145317
-0.6458189993260038,0.15246866604849
-0.7994733634062335,0.0640288416570109
-0.7362933936026907,0.08050513196505221
-0.6302771712171914,0.11443155929174463
-0.7807296374899532,0.1169281165679652
-0.7440296353465887,0.12097753935618892
-0.6956930009812272,0.08028019548805448
-0.7786070176174181,0.02922782384799323
-0.7132555159184387,0.10198623208179926
-0.6806726731720525,0.15990000864245812
-0.7029056157824506,0.17319221651157785
-0.7286065744299494,0.15815961659224154
-0.6858602898973712,0.04070763416939811
-0.6751782580072948,0.18504447251133294
-0.7057134297910158,0.09946231556191516
-0.7034253750213327,0.16253025453906778
-0.7448909569454805,0.1781586013986472
-0.6889927527070049,0.04692426288399953
-0.7248511457050634,0.07202031581755043
-0.7979615634649886,0.09321634386172081
-0.6882979333320124,0.10179477587135684
-0.6225457242076066,0.12111673565776164
-0.652047703343993,0.1252287962146178
-0.7025476658604557,0.07218288919634919
-0.679120366363471,0.06468951543010378
-0.7564010212193624,0.12567367899396503
-0.7333173465893814,0.12501315255471387
-0.7357189880339006,0.0322936318716456
-0.684226062398355,0.13968957536203613
-0.6909168783042392,0.1409967450406626
-0.7355702799861553,0.08066438851688112
-0.7763226903639613,0.05374645572986508
-0.806741193223931,0.07042982051455801
-0.7013101003842831,0.1654379064064055
-0.7532587587661236,0.10128855273345105
-0.6503777867442286,0.16848555132554338
-0.7843932755228624,0.10133987901022853
-0.7103036131431452,0.15234770341617931
-0.6829994071179714,0.03957121647395288
-0.7760469659641587,0.14292777251808766
-0.6397060197764791,0.13538703174884437
-0.7008425092308382,0.09020614181853405
-0.7400655699840056,0.1121234311280316
-0.685230126089495,0.09901561885370445
-0.703781193226668,0.1514191053627482
-0.7324482836148496,0.09023929599849644
-0.6425299464874573,0.16265879980440248
-0.7102409701994843,0.08005367802301123
-0.752131740017891,0.07666848884130818
-0.7238923973594198,0.13716358137766002
-0.727714237487295,0.14897984419208507
-0.7673111743448482,0.1394479541039764
-0.6861851340591779,0.16477645989409875
-0.7628157606966356,0.08611216308922492
-0.6793270943451616,0.10859767469745851
-0.7059445349519058,0.06447678692316144
-0.6826088248247579,0.12996251949918114
-0.6635427388631268,0.0970290600362199
-0.7088753553646218,0.10680587146360411
-0.7066495634507736,0.0894579339489088
-0.711415332782748,0.17646184247390007
-0.7278396940320521,0.15144497006200466
-0.7584749614700358,0.1118563983149726
-0.6406505274901462,0.13118411117050505
-0.6967912094218166,0.04906034192503992
-0.7020218752020932,0.1540257513110912
-0.6949283279697488,0.14398617243787434
-0.7008050211684034,0.10837626646468253
-0.7019247496200729,0.16460900952122232
-0.7369889349183288,0.09581087983652549
-0.6354388589216756,0.14566405738897198
-0.6468820084454214,0.13892635912643536
-0.7161901418761294,0.1260240529263792
-0.7450460258867296,0.18641900491962482
-0.7971911283686456,0.05072272557899333
-0.7584848159259537,0.08244598596193531
-0.6267035938784145,0.16393629359235193
-0.6983876234840277,0.08923374851742884
-0.7795587417403221,0.1053196818368677
-0.7112890761752817,0.07012597302528562
-0.6974158609365761,0.15593731693191884
-0.7032236755515571,0.16175187543105735
-0.7217493084388821,0.07140657165574062
-0.7042850874347296,0.15712724122404234
-0.7154182864755421,0.10161975271353758
-0.6797739395964438,0.13816012489023535
-0.7678621247108924,0.07187906758194282
-0.6984990571384152,0.17404821249855928
-0.7361089497241631,0.0631263473216654
-0.6871847777557155,0.11154308452792448
-0.7087005501550292,0.13304888753656502
-0.7282159343485707,0.13396291846747188
-0.7071734475624704,0.08227114850676856
-0.749784328841519,0.1469695522922159
-0.7161618304149573,0.09781444501190067
-0.6984239987864387,0.1635692058881973
-0.7226305670463752,0.1845781679696819
-0.7249533588005586,0.14747208887823884
-0.7059793517910441,0.10131751015012905
-0.6723930220598583,0.12706296907622439
-0.7308499350429765,0.11687175357702093
-0.7208282784347717,0.10425870412024928
-0.7091394192928674,0.11956358110409615
-0.6872958711749534,0.09858257868474858
-0.6628441301940434,0.1548879603521056
-0.7781447438327288,0.14106755252861833
-0.6654463538590824,0.13431476086149724
-0.6366625931202743,0.10707613206537993
-0.6849377749903846,0.12842375440526724
-0.6187714567097284,0.13255126455748595
-0.7420905550647328,0.14845526392000774
-0.6450380333263973,0.08460038689655328
-0.6900918257182965,0.15103531060278838
-0.6946855979671832,0.07786544348194137
-0.7634122466118227,0.0819700661277376
-0.6803776584493569,0.1857484084689627
-0.6862347931387054,0.11500480021526506
-0.7379876458525068,0.12689501278748933
-0.8064568034883673,0.11097643734977182
-0.684016986293115,0.1681939232667997
-0.6881584953252363,0.15661809600026128
-0.703948036702055,0.11918838431141292
-0.7626324706007495,0.025234711768605787
-0.7309606182983543,0.05200735202365083
-0.7515094212667478,0.11826649551348428
-0.7283514390600246,0.07731879040159573
-0.7044352537828955,0.1492360256098349
-0.7183532152299904,0.08958200442004449
-0.6262403902493818,0.1614052223338884
-0.6797540536944862,0.16528038953764662
-0.7184315249340266,0.1754464292534601
-0.6277486949065835,0.16783376993008606
-0.7220666137642904,0.036607224721106474
-0.657947012442289,0.1441215980104539
-0.6467987194563746,0.1613349992160074
-0.6792413839624339,0.1848348158462818
-0.731530978381371,0.13125536859068448
-0.713825334646984,0.05932189245970067
-0.73096706546057,0.12411602215179489
-0.6471077449108034,0.10046590132388816
-0.720233149484646,0.1819301593939681
-0.6665864659850324,0.1998443362315456
-0.7531857768293522,0.11773506222470774
-0.7140339373198855,0.048273136278280955
-0.7618411041325545,0.0817856833956824
-0.7593342953817055,0.08659847585935519
-0.7184777525593101,0.13109748196878634
-0.7178707565123839,0.1142949517803179
-0.6272292786868928,0.18439437931310926
-0.7165379586601771,0.1600782308109755
-0.7611229020298252,0.07643099787492516
-0.759041518241861,0.09722091518822552
-0.6638221716199881,0.20602885411991612
-0.709630144939761,0.11240853096471198
-0.7326350422073656,0.13521692054837128
-0.680373022967754,0.17842926157611855
-0.7377340278107356,0.1191418729948356
-0.6572622158399226,0.13731334773558293
-0.7583301226578264,0.10737168532716641
-0.7357084803355131,0.139995715823705
-0.6440688389254347,0.11362003949062063
-0.7523769520525395,0.04969625884556285
-0.6362057964759588,0.1752370953666376
-0.6697999022379608,0.09549152132599684
-0.7414289240159713,0.11574849311304983
-0.7068978140853184,0.16920465986925715
-0.7285787302392863,0.08712907031422598
-0.6948334291269935,0.05019091801443988
-0.7415453446271649,0.07543603347666689
-0.6657739945260688,0.146042652490323
-0.6629918077654012,0.10384139589971149
-0.7488291802715454,0.1754247408951414
-0.6822301990384675,0.1589802722183349
-0.6807063200308575,0.10628453331322926
-0.7661850006490878,0.03879913786279554
-0.7620498384668657,0.08439255414208906
-0.7946245589883878,0.04449138142830446
-0.7011573338163115,0.04455659322529243
-0.7275025035356438,0.07607924435135652
-0.6423842969190589,0.1477958882471226
-0.6786921386540372,0.08736420715997159
-0.7079977579625025,0.08644003716641964
-0.7084841775174481,0.08775473958240189
-0.7123689272903316,0.13533793269843974
-0.753661126035967,0.07523211400657454
-0.7109153873551026,0.10666882644423244
-0.6961229392993402,0.10195801216031097
-0.7297266775344672,0.04842807705613312
-0.7279051971918995,0.05424117031228044
-0.732400046958938,0.16836191864637653
-0.7098164087276937,0.16465443846821193
-0.7676124431173854,0.0776517147113579
-0.7768683778519387,0.047536774886766796
-0.6271568930401986,0.16328671730138938
-0.6638797596278025,0.1819554168516096
-0.7522933552175874,0.1273936832358167
-0.7155704897725638,0.04595560480353099
-0.7424839721673768,0.12623872910306813
-0.696964877902061,0.12027740224912731
-0.7133377338712555,0.12971238329464335
-0.7369703350031581,0.16898290480324774
-0.6534200607751137,0.17708579806866648
-0.6508620666664449,0.08607015889423486
-0.6372182392062452,0.15648470227923647
-0.6835414178710087,0.1751643059024737
-0.661811453308374,0.17092716563279797
-0.7097648826151494,0.09250610021135744
-0.7290634491263988,0.08369439947450873
-0.7247441646161475,0.1654143322346346
-0.759246624449845,0.12050556736925493
-0.738337838558037,0.10946624164824814
-0.6287480662434493,0.17720250889768183
-0.7302991340217069,0.048427596014730775
-0.7065047801571976,0.13957548906177544
-0.6319647436576106,0.16457700717320445
-0.733735313215866,0.10780173001044462
-0.6559636639673871,0.1736646026882744
-0.658601740921958,0.14688518939727999
-0.737492805500678,0.14499152170541402
-0.659002728193943,0.10129469771627096
-0.7199714077358172,0.1197281382271148
-0.7307761341349995,0.0409056947316193
-0.6845823893098538,0.13321995083299285
-0.7387916153345366,0.1333606822048706
-0.7292872914409189,0.11631535318521821
-0.6681928875889074,0.126294396696508
-0.7487313686711802,0.07477644034094938
-0.6824745890844649,0.07730803152782265
-0.7089791380262324,0.15219464146195363
-0.6306022741564027,0.14664782201897353
-0.662465357998862,0.12278667323181655
-0.7081591783491977,0.18903920470965116
-0.6561601156707686,0.1466848315895428
-0.6759705374473756,0.1693498648640044
-0.7147565018079675,0.1282917140155195
-0.666192726924397,0.09669081774983392
-0.7005879492749698,0.07165319552219011
-0.7471296365527411,0.09036618540051058
-0.7279841429034455,0.08586711083233196
-0.6577556469759832,0.127532524303221
-0.6809617409747354,0.11811554790511948
-0.7488844105651542,0.08451235375399203
-0.7064674080811737,0.10336604391997853
-0.6642524905577453,0.11606939108072238
-0.7017031924571662,0.09879024703977035
-0.73741389725828,0.10152994016743386
-0.743394016189391,0.10248968675203965
-0.710905458280624,0.16615657457794025
-0.7017036643499753,0.11005266809321974
-0.7639561349410814,0.13537489003367076
-0.7032288256975907,0.15872706987572255
-0.689425098305571,0.1736060118603062
-0.6956289637637326,0.09361343814650798
-0.7011161515271783,0.08677417924747842
-0.6682700348528708,0.13216810357820524
-0.6845189581786809,0.12428986283774661
-0.7714583171983467,0.08391202285351936
-0.7088158960865367,0.07115558787873172
-0.7508675876748846,0.09214725070397305
-0.6442759509882249,0.10292702281026161
-0.723065157888603,0.09713273679600741
-0.7181237749683052,0.16683575791438787
-0.6513713402575039,0.1417457800251956
-0.7540538743758447,0.1520493137683882
-0.7263669272864873,0.12428239231741346
-0.7728010768859778,0.05698432524172897
-0.7364241703952249,0.09417225833826369
-0.7577310030364973,0.1344055225074693
-0.7766644487011573,0.0663830706212385
-0.6928439871762037,0.11769809500486828
-0.7591597661964378,0.1276166543767867
-0.7259312458923132,0.1002371378603381
-0.7314917572968843,0.10623418578167375
-0.6682170505289401,0.10242506645846
-0.7026192348177344,0.06892795628286069
-0.6882288422381513,0.13864650008138807
-0.7513275442337246,0.09392565256850038
-0.6605424715140896,0.1378792893265548
-0.6410239479903773,0.13164662325354284
-0.772836344947263,0.10342804979671373
-0.7519249209227001,0.14802394183530881
-0.6702273266842812,0.11599608669066283
-0.6916726945135288,0.11962147423618626
-0.7903622476480583,0.05378025207993029
-0.7353151069568927,0.1467271255758964
-0.7442288847579266,0.05644529831358322
-0.7335100785660756,0.09477987132950703
-0.6409580913162968,0.17662112413289266
-0.676712651334645,0.09166188685433564
-0.6780886706955122,0.09094425558205173
-0.6535352295067575,0.18586528843339026
-0.7284344226749816,0.17210909070195224
-0.6894499153446039,0.15044514468676443
-0.7408226286848463,0.056906308244950674
-0.6972641202470327,0.09369133323824275
-0.6981020147759166,0.058729401844668266
-0.6970255506337225,0.15329133546444873
-0.6378009982319361,0.19424859651723525
-0.7199139451887956,0.12198857913466876
-0.6617479344030194,0.1433144841180934
-0.6353978453384325,0.14826637853952668
-0.7559248797794106,0.06872951958870331
-0.7796772731744269,0.14484189478928422
-0.7165883493499051,0.06182349091931674
-0.731384379914322,0.14950061428075834
-0.7716833496990232,0.06797615943017594
-0.7074562949208603,0.10311671550682044
-0.7343164493062156,0.07312754314862993
-0.7294831705984683,0.11423543986016949
-0.6448170682765344,0.1657341518598656
-0.7133217376850018,0.16559051694968244
-0.7098434727405479,0.09950004628582393
-0.7167391405996865,0.09681760603718577
-0.6988003663305967,0.0849569969786794
-0.6962350979189869,0.1618343771552244
-0.6878203115442676,0.08379763108907122
-0.7364931165871541,0.0623288567154777
-0.6896432225174353,0.1769549709974064
-0.7289570407496041,0.1294614936337804
-0.7670669887345242,0.1204885174430362
-0.6616631829452534,0.16691790360947428
-0.6439188723128989,0.1752041321938155
-0.6413589509502948,0.16539811028215534
-0.7086079877000903,0.11310725327517
-0.763600210848958,0.08434579878197378
-0.6219425965598705,0.15501624609522555
-0.6645617740021736,0.13701308147933905
-0.7594259424394797,0.11089810474501054
-0.6647688209795907,0.09745857798463735
-0.7048470216842883,0.14727757943890757
-0.743063835873062,0.048556310769975186
-0.6524490192981571,0.0849598966284293
-0.7904724421245227,0.07448589874334569
-0.7640695623720745,0.08704787844315023
-0.6239120530334612,0.17300619639124795
-0.6850312519708848,0.06336744896539545
-0.7147940041529317,0.12109338123968912
-0.7653077593683522,0.03167480605710579
-0.686057318211723,0.16282710233173756
-0.7723228143800488,0.16122928217219532
-0.6775553206460664,0.1255567430442222
-0.6900171348922199,0.057585539672290235
-0.6807508414703161,0.10551844007768467
-0.6872907150558788,0.06547465273444648
-0.6966998134005042,0.05302736050151958
-0.7917115432748182,0.10939672294579678
-0.7014581556228888,0.06980844483803958
-0.6663445613763694,0.11906107211510368
-0.7546117664692699,0.1512631137977274
-0.6682640615682485,0.09313223122902178
-0.7305646225893719,0.09806898261611095
-0.703953152905338,0.10801170329663823
-0.6483836809544988,0.14615660083196863
-0.7062504309706504,0.19189132747349386
-0.7803621154878251,0.11567109365545959
-0.6636680642006142,0.19740606304804656
-0.7571287547523463,0.10223147634571847
-0.6849726215827133,0.14567619696049697
-0.7119982688005552,0.11978118412076336
-0.7204444434248903,0.17573285554466506
-0.7001661024981227,0.057125222869979224
-0.7653559203854211,0.13554878336329287
-0.6871617385529986,0.1224660119730098
-0.7223730784830513,0.05308195915465484
-0.7885710977871246,0.10260855254325879
-0.6556285504193858,0.14121803432640978
-0.7548700376673607,0.14494721464509133
-0.6966318543861215,0.12895675840490467
-0.641171970241254,0.10403906621748737
-0.6604271684417876,0.1270242418563594
-0.6879348839356711,0.12732160611696508
-0.7553078074886376,0.12300309050960412
-0.6331694279825046,0.16191540368437088
-0.6942834830039535,0.11727061689576151
-0.7721616311959815,0.08568182816349001
-0.7443546470723637,0.14672238522474865
-0.773007057498405,0.09274519181180023
-0.7427307996864281,0.11492535162161771
-0.7624483785462361,0.10498091856354354
-0.6520460704633728,0.10079305523030473
-0.6713384624723093,0.09276070535816199
-0.755772783395256,0.1071184855125895
-0.7659653150847028,0.048888823269037804
-0.6815370758397918,0.16787401012923137
-0.78322616006024,0.04227951854451446
-0.6795964563634789,0.15304203032379546
-0.743120205878531,0.09946558415527378
-0.7651932899771825,0.08576369939467607
-0.702056195915506,0.09207634683232428
-0.7509772918247859,0.10289967577249563
-0.720384293003791,0.19269945707692382
-0.6970413996412775,0.18763283913362108
-0.7260964937323653,0.08696413343654465
-0.6604764872653929,0.18460637710502703
-0.7080455336166568,0.16006178473334418
-0.7094985728221861,0.0736115079365688
-0.6722307827091851,0.14193021613199286
-0.7403861847458229,0.03778484964805057
-0.7084329611466685,0.12455651490483147
-0.6964926410197698,0.1885012282698059
-0.7291691424826867,0.11033301474057461
-0.6951385098588858,0.06123042349333833
-0.6710710220700629,0.16795780451794412
-0.6562834157047797,0.12544672024910597
-0.6911526455837319,0.14281716670961866
-0.6808433194110668,0.18951031325648202
-0.7295098154682534,0.1333749591381194
-0.6704655186580876,0.1309475314662624
-0.6277407510497807,0.11506629596649527
-0.6987785048274006,0.12623281028108096
-0.7143082797585918,0.09816260083121536
-0.7170955875299748,0.10726613476106536
-0.6638506730067891,0.12455414429198715
-0.6832400395836123,0.17382084706608483
-0.6902282574437333,0.11856520563266744
-0.6938061906432261,0.12760112103179713
-0.6574527096752443,0.1091826903089876
-0.643667856382245,0.11941513725163362
-0.7383524698897328,0.16605405409363086
-0.712168229770954,0.11775247666146534
-0.688586868951842,0.13698789613106666
-0.7756587560648696,0.08890006716720099
-0.6371964206405072,0.19230384584603202
-0.6914808871375187,0.09360058934934984
-0.7553373062703228,0.14279338710428513
-0.7060397296193001,0.09868563853317426
-0.6694716068428527,0.1538107033423172
-0.6877164731640635,0.13212501572114133
-0.6479992044535124,0.17588793487624751
-0.7695147786637136,0.10221461313040683
-0.6405560725230702,0.14458242350185646
-0.686348858486627,0.13332868497354694
-0.7703133917976317,0.10833036106404483
-0.6915443664165958,0.153107904722933
-0.7485479459883608,0.13655129739667535
-0.749427119718938,0.05639598809202929
-0.6733290725288881,0.17676984941499496
-0.6932583945617702,0.12590125417397224
-0.7040992421844164,0.13251032610663513
-0.6438359888168279,0.11132935763156329
-0.7291309151722133,0.11650777501559592
-0.7708889100850247,0.06681217572948306
-0.778195382698114,0.13369423766453659
-0.6694642009782414,0.07179561717169582
-0.6552842162680773,0.1169708320127374
-0.7249318050655311,0.08561917261123836
-0.6826442162428238,0.18082953992343992
-0.702963190161719,0.12840224862187063
-0.6525726391370759,0.1587826052799986
-0.6727958001260976,0.1468910355066862
-0.6710276133310135,0.0776062180039894
-0.7622318021881466,0.06322345991944507
-0.7523228197663056,0.13086043225470645
-0.7066950461504742,0.15038312703800089
-0.7117637165800224,0.11373427725485337
-0.6741488506187626,0.09606069173768952
-0.7108880786686533,0.1512913877296158
-0.6661309602970126,0.09058264469163271
-0.7469907455173568,0.11832028762989584
-0.6301269709550205,0.16338713945462965
-0.6931502578968071,0.15344714232599493
-0.6752254458568302,0.08821564199724331
-0.7027507492814173,0.1461840775312092
-0.667521939239371,0.20526940101398478
-0.6621689415441956,0.16206834329993605
-0.6343989278637958,0.12142884978586645
-0.7594580358031985,0.12219795612636046
-0.6695631718017153,0.12643172124903615
-0.7406808250270358,0.05063106798513845
-0.6841130927604695,0.12931273644412872
-0.6968272648236813,0.03691564810367704
-0.6929757027827593,0.08357671191947291
-0.6922423135660001,0.10091624288869822
-0.7320472668188143,0.13028870019197514
-0.7995791560030956,0.12594453466052635
-0.732957575031828,0.10019139708220673
-0.6614735193101398,0.11377046123336304
-0.7379424440343919,0.06936873021212452
-0.6339203127664035,0.13720871002183618
-0.7029450918132119,0.12544667739080714
-0.707570306522023,0.07093070036933956
-0.6541250266439791,0.11139673173891762
-0.7239940043964986,0.1320716371402538
-0.6387425837860818,0.19430992027840308
-0.7229579504352411,0.06674257346992785
-0.7731432940205368,0.10440638487178529
-0.7375906283012457,0.056299537922978676
-0.6717955399617492,0.1356831462579924
-0.6535594947095414,0.14156374176200354
-0.7218018394722622,0.11853302455117831
-0.7396566588482251,0.06581493516091529
-0.6931505380301516,0.1287275292295613
-0.741512705155309,0.08473923357920653
-0.7109795836653802,0.11903015943982599
-0.6316920691618403,0.11610155612713584
-0.6504663445051379,0.11208518497591662
-0.7473093966429037,0.06020759030172212
-0.7205876933146035,0.1310072804659511
-0.7132600972105093,0.07628189784933564
-0.6630647767303148,0.12688033001182727
-0.7909537805648414,0.13896960341330683
-0.6626837569702843,0.1697551762959716
-0.7635157980594801,0.11915962436605136
-0.7035382663963654,0.10031387655996937
-0.7199783531914631,0.10780984776544723
-0.6818487844372902,0.09900482658998402
-0.6824910346995018,0.12617402186409346
-0.7019539012523822,0.14294390233102164
-0.7104388495211491,0.16074821842658468
-0.7486223028047614,0.10540118752585316
-0.7150315868291164,0.08823500654186361
-0.7245175706663537,0.08078622680490416
-0.6819757203620733,0.1379096570274778
-0.6499177761997253,0.09304346724429112
-0.7562295009415372,0.1224294322107595
-0.7148359954015606,0.15024172339537417
-0.7637506990416335,0.09287125192339765
-0.7664031452183361,0.17153546694581442
-0.7141720101399341,0.13695469319146902
-0.6693102883243082,0.19515798125173564
-0.6645494567535026,0.14490341335158063
-0.6776436338769624,0.12180465643364387
-0.6965901140363218,0.10337414752326066
-0.6371176192026696,0.1117557787804905
-0.7417587907614365,0.12774513878283664
-0.6919951317442404,0.10265387351367762
-0.6919879062831826,0.10734047209441089
-0.6661498117422712,0.08835139125687572
-0.7444240653819657,0.0248553764190951
-0.7152823592966592,0.09219877223804555
-0.6964366591422494,0.17618819303858774
-0.7583060387244472,0.14150479651928227
-0.7061609357377905,0.0790274058395477
-0.724983917499132,0.1267963456524782
-0.7268844213007936,0.09868777018140033
-0.6889077404725122,0.1636912405040172
-0.7124352688537444,0.0759950853234716
-0.7459835393204287,0.12555184590682697
-0.6749626925686157,0.10498480428696982
-0.7736224190111308,0.07909132243223026
-0.6987248255032898,0.10171214387334901
-0.7687168433613097,0.13589969843584054
-0.6681398352919505,0.1908960664842788
-0.6589623408190801,0.14441806924228356
-0.7311151715788691,0.05648622831939927
-0.6837880213355702,0.12720508359461186
-0.7877928363854921,0.06324710908269504
-0.7918490756300133,0.0832356539457977
-0.6790126243558836,0.1264500351165744
-0.6608024603745675,0.14826740528547472
-0.7194005260898676,0.05012451395120405
-0.715571942576266,0.13472146206449695
-0.7555191360671564,0.13356996728060053
-0.7799803695704686,0.10275084776633533
-0.6799731424285321,0.13858189745567612
-0.6977451702330434,0.11511947105781077
-0.7159602139797435,0.16006216111177224
-0.7115576809374748,0.1604230007373925
-0.7436122365604008,0.13137721253591483
-0.7305644478802336,0.07798506267243827
-0.7367114582457268,0.15789543593295308
-0.6706886626223854,0.16776602175278077
-0.735603711977104,0.11720418573815156
-0.7323857424602751,0.12454874296922099
-0.7151672463759843,0.06959582471340472
-0.6751587938006485,0.1148555613008374
-0.778622308682034,0.07294630601886486
-0.7197970566189271,0.1561034597533085
-0.6823138488664768,0.10543570517452933
-0.7711764876954393,0.161775728064791
-0.7373139819386902,0.08227408375905142
-0.7392965527010051,0.07407660812911826
-0.6960616673420312,0.13229321339174835
-0.71960902724266,0.05580681456645616
-0.651422167584405,0.10564198773952642
-0.7600754109669657,0.0742528933773933
-0.7249963271688957,0.07436906777581619
-0.7359610751399634,0.18232793244603365
-0.6664842920380047,0.12539590844168447
-0.7250826410942783,0.08567382199830634
-0.7114573819308789,0.14419391668790177
-0.7609422776136237,0.11549296618610114
-0.7275259573433192,0.13785482767675888
-0.7622781080514485,0.1001457499403168
-0.7194275483707433,0.08651896344365909
-0.6959789519688002,0.09913698467050651
-0.7161354455578659,0.11494046782907559
-0.7111564626332233,0.13251723727350015
-0.6562422875584539,0.12688378078125856
-0.7640892879066471,0.12366313057472295
-0.7153470095288312,0.10594948290287863
-0.6893840837466874,0.09861871296813766
-0.7283183745899225,0.09915024686384882
-0.6729294427210629,0.1417197066777444
-0.7768253804937744,0.0668649244299057
-0.6591628160963136,0.12490003646195036
-0.73280857177979,0.027979161861192873
-0.6509663864965758,0.16021614329554593
-0.6732259300097554,0.09940135985079547
-0.6296227789259204,0.13584553959758222
-0.7776536851272468,0.09645396809679263
-0.7295423781817248,0.13393245936128656
-0.7596390850595838,0.04247128941714775
-0.6569348207091334,0.15383918943451913
-0.7176887882594397,0.06835269638265198
-0.6949982638705273,0.10233604398550164
-0.6347482493723752,0.1225462054749684
-0.6861272999329036,0.08593777405138431
-0.6506228257273888,0.13459909898513342
-0.6631140013545105,0.16807877305563462
-0.6878448199143604,0.11193701707421386
-0.698173654548099,0.18152944165697732
-0.7961372082231449,0.07796403205850871
-0.7927953968472655,0.06726403838801955
-0.6383568970639932,0.13613949640061138
-0.7560727493056502,0.14708243833774834
-0.7119493664857428,0.13339559098796705
-0.6967101823986737,0.1402697047087444
-0.7441043766164187,0.06984538480323334
-0.6984124150323542,0.10553513148784954
-0.6946725901151821,0.06226175181448115
-0.6474612790786527,0.15965311828323184
-0.6808687878936535,0.09263429184251673
-0.6697150383394461,0.14127942494495416
-0.7183836025460508,0.15767592473049172
-0.7146792206550875,0.13124997032300195
-0.7309163320697136,0.15416937862076677
-0.7802804418819802,0.06922266617558419
-0.7280884977387726,0.09497937497137829
-0.7300979403206778,0.14035248051668706
-0.7428060813760156,0.07738592739665454
-0.6867028405778659,0.07787679533592766
-0.6825841172879508,0.1034046575669798
-0.6902360830108962,0.15476604601135774
-0.7020328667169552,0.07692475602577485
-0.7010741401544885,0.09133292888193562
-0.728992364312907,0.14127465273659054
-0.7322014928350878,0.10826848113089718
-0.6543449117596093,0.14025257774499744
-0.6537080507795051,0.14244267365129032
-0.6471709869506934,0.11231024338664282
-0.732489174160495,0.10630399475614663
-0.7709503567621839,0.05947063717259002
-0.7629097916007904,0.11724334276421289
-0.6422157643845844,0.17194650856005872
-0.6478247071990666,0.13635203382935945
-0.7285932150592755,0.15345137631247832
-0.7175300783031905,0.06700369284026643
-0.7548234020964856,0.10287645734690491
-0.7382335917141204,0.03818469973379373
-0.7064943708496061,0.1313970220099593
-0.7492851149438918,0.11715045775040296
-0.7122554567595276,0.10458427082849113
-0.7080202244623611,0.11040015527963991
-0.7022234485875397,0.10990635317865897
-0.6404053615210604,0.15942425222412698
-0.6615814909827119,0.10521324446610426
-0.6922588904813897,0.11243848293803935
-0.7585634324746255,0.1016941428207641
-0.6585687756954974,0.13365426699397417
-0.6854798019575837,0.147022529852668
-0.6969626694739331,0.11844404850997862
-0.6866559535543073,0.14105158700842316
-0.6729098271272804,0.1027773010617498
-0.6690844958241493,0.08873454037954241
-0.6448257755912433,0.15959442331434784
-0.6808893630938821,0.17363017424559662
-0.6547666880871852,0.1274770539579084
-0.7355807039068938,0.09122625906434532
-0.7612954461608962,0.09804912910623373
-0.7064822696929582,0.11836294088437553
-0.7830872353704004,0.06494322293899628
-0.6668439425334004,0.09747044448927641
-0.7667799076766145,0.10253929714082088
-0.7500638357010099,0.11360463026110931
-0.6740612340746809,0.1519816367236421
-0.6699650691737931,0.16748008137600182
-0.7136112633745125,0.0928188773786835
-0.7628854121109911,0.08324979279589162
-0.7487085250612028,0.13881224587402194
-0.7048109407267281,0.10986782076733247
-0.8003951330554656,0.06537869355887911
-0.6788338016033657,0.15496363326265877
-0.6836799417553664,0.12905182535059093
-0.7755749126499998,0.109241248206348
-0.7229195825781346,0.10416957562585573
-0.6973645639895101,0.14907457631365034
-0.6480996761893438,0.12067605259823028
-0.6604368734688193,0.13490988978584373
-0.6697262268630743,0.05968854828192624
-0.7471805009332414,0.0794839968386186
-0.6550768846834018,0.1027363719420599
-0.6612883325470239,0.0995669307701708
-0.6570976909542724,0.12473091986303371
-0.7064834693910178,0.0750138876557925
-0.7817304885590859,0.08851056283717972
-0.7246277238648867,0.07730193103079486
-0.6625588009921691,0.15766452444342172
-0.6928187836250682,0.08615434414303288
-0.7613537118530026,0.14355986893844846
-0.7085855486500799,0.08038609980253557
-0.6794774414613424,0.08175105827009511
-0.7478824760015278,0.14618847299156007
-0.7547593485330941,0.07030647932846207
-0.7253178058741409,0.04041994703201275
-0.6981806523402205,0.1465297471481897
-0.6998717626632329,0.11402520069813214
-0.7591841044491588,0.14304286677734565
-0.7754329897183859,0.04278031730444262
-0.778894340597023,0.09414410293196991
-0.6851077027842584,0.18403896075709608
-0.7394241144117094,0.10509934680017598
-0.6911033520065152,0.1516759322500602
-0.7652383911612947,0.11143359099223521
-0.6443288016598689,0.14601211907059672
-0.7143018760407908,0.08931726100703795
-0.6697692547421227,0.15184544809906808
-0.6559491751330006,0.11436748571964411
-0.7187658210239414,0.13118843130237948
-0.7508208775529361,0.12632554769966284
-0.7947602711713013,0.07022163712600067
-0.7230574890734391,0.11873059548378508
-0.7629187670575943,0.07913982523245484
-0.7031750398777771,0.09432772179289843
-0.6620707068562767,0.11246147865008427
-0.7069035781934477,0.09348006093730088
-0.6284864355279904,0.16688420482495175
-0.7087204324122611,0.14817385898063437
-0.7340565753147723,0.14526865195069621
-0.6940177270823766,0.09098682002115596
-0.7253419513607432,0.11330605263901747
-0.7420936833451209,0.07255516349834812
-0.6913224209647545,0.14151336390101657
-0.8048557067147758,0.06625209017733832
-0.6642604342416614,0.17515319407320393
-0.7209742590979442,0.1506212912559263
-0.7715975983720826,0.09242722154809457
-0.6529033302933169,0.14216507165116815
-0.7814851582844885,0.07998854310261841
-0.6498752404325537,0.16359186760857594
-0.7205102566821372,0.07774379354548125
-0.7135355355706868,0.11785994171746732
-0.7188568454642504,0.11651925933020622
-0.7453155040403434,0.15799064478449748
-0.7140773031701244,0.14202683286965392
-0.7306882290955435,0.136985935468345
-0.6982904017952941,0.12794903769494528
-0.6466200721663391,0.12142552564807312
-0.720443480385598,0.17277269727172545
-0.6813444892108133,0.17951945016284762
-0.7690626260835479,0.07250327961845304
-0.6343241394104985,0.13566363322661457
-0.7498942621448896,0.05150692617142243
-0.7743727175125059,0.05539450003900894
-0.6925113579593952,0.16887859889419324
-0.7499035857818274,0.06594647230384397
-0.787294061747136,0.12338409250291085
-0.6939513657766757,0.11416312586042941
-0.7678759716738546,0.09504973786996956
-0.7045685844704406,0.11108551323119735
-0.7256801067591445,0.1592148851980335
-0.7318049952664241,0.08843799061542838
-0.7081315900794926,0.09762459913028909
-0.6703046297049883,0.16360951203108573
-0.7496663147353745,0.1530960319426213
-0.6593069331270393,0.19168112139183743
-0.7489707700106855,0.06167400587349705
-0.6399892484967246,0.1674098035448404
-0.7531832167655965,0.10534821649337416
-0.6745010153245266,0.1743186845770178
-0.7142360608891388,0.1374526610682993
-0.6963232721823956,0.08579732635466338
-0.714499781254598,0.16145558105600266
-0.7366295243480031,0.16062408047187093
-0.7611445531693395,0.14147967887750676
-0.6925421819315662,0.09780039593387997
-0.7172884966229254,0.12181145872881648
-0.714450108028825,0.045262440308496174
-0.7154233058169507,0.04230325847164453
-0.758398534304056,0.10467708435420754
-0.6608814961932391,0.13057679132356825
-0.7723356523023647,0.09964459866645463
-0.6277111691698206,0.15394772326263623
-0.7163753265577067,0.1693801331292235
-0.6863600328665754,0.11745224150507452
-0.6983318860506287,0.12708399932676923
-0.7343471947316631,0.08260015138506495
-0.713383882999545,0.19523407621901073
-0.6663904557005701,0.16179112780999566
-0.658470223368642,0.16507164613377193
-0.6846535212861677,0.11205910410431259
-0.7417257537564711,0.1646440687631564
-0.6729691107928123,0.08660004558105867
-0.7700819545506955,0.08949299509502359
-0.6906442298430019,0.10582977331512852
-0.7527177084495688,0.05495714358897189
-0.7351084462428122,0.184782351530295
-0.7684991210121072,0.08534940794370413
-0.7139215999548697,0.04961956413666751
-0.757534631090401,0.12956989645065303
-0.6788125934946111,0.19888619984765882
-0.6639579622781445,0.15786528777444658
-0.6747068598167765,0.16947919916156018
-0.7182355224031529,0.07462088771623597
-0.7009810657131015,0.08932026368263647
-0.6851009685491161,0.13227523693536478
-0.7818168351188806,0.13271069917006645
-0.6994400703936084,0.195821763655725
-0.648935833451206,0.11637979125193852
-0.7862377909796867,0.12361225114108171
-0.7739234182771817,0.08365339985196601
-0.6810307443788588,0.17018818580646983
-0.6780828755186104,0.0909625642120124
-0.7279231018974869,0.1322194773471128
-0.7056116235190497,0.17019466735432
-0.7158871567576136,0.08739448860866474
-0.6991430218992567,0.06908307897379944
-0.715661941679217,0.11343923828398113
-0.7443534366912578,0.1061519568542142
-0.7158507616093277,0.12074408534176147
-0.6653060158154211,0.08589224236113589
-0.770230100473981,0.11626905521990717
-0.6965798601282198,0.07488407415046482
-0.6492025957290978,0.14899223025947633
-0.7772978682786359,0.07180968807767109
-0.7599282812825343,0.11826322310185355
-0.6564263788889977,0.08426218469541583
-0.6927160222459189,0.16168704128460934
-0.6596049614023572,0.15101441486126255
-0.6947125344064534,0.17601700396203018
-0.7215485363122797,0.15837094051961276
-0.7581257905221538,0.0990409134771172
-0.6780511971695861,0.0835571386265983
-0.7400860510913431,0.06393464358012685
-0.7582432885781168,0.1593628014247464
-0.6985410183808792,0.16835563342049248
-0.6495460152143077,0.10321636964489266
-0.6487426786213802,0.14361265325158262
-0.6631175541792176,0.11013629953056712
-0.6946070784956035,0.165698613514308
-0.6818000460330659,0.12265616453848505
-0.6859005632576204,0.09294220654287366
-0.7313452939817296,0.052194493336771015
-0.78382893101872,0.12995406163652773
-0.70109465403601,0.14201512617965478
-0.6978788095702277,0.11675600073594046
-0.6533446211180421,0.146782932501183
-0.7175910980270122,0.1623042201079516
-0.7068050035729078,0.1235070819986484
-0.7005345970351232,0.08104891139498448
-0.7165443457142797,0.07379012855369158
-0.6887303949955067,0.10355744340853985
-0.7881519997535815,0.0717350105442321
-0.7368448814031773,0.03277290391594307
-0.7590683935532442,0.03815780589408497
-0.6794321113649624,0.08678279598522018
-0.7815115640445753,0.10330618786322117
-0.7128028862999177,0.10354610360557795
-0.7498084109021638,0.08838335746486067
-0.7147719099057556,0.0932289357501917
-0.7193151260355373,0.07806784509452001
-0.7675412803656675,0.045105360107681874
-0.7429065929819815,0.16828711717570569
-0.7124580882110402,0.08606337329580603
-0.7278646165339003,0.09568663711190442
-0.7216409603138971,0.10646853984451198
-0.7354759976718711,0.14584398050895572
-0.6474622120602489,0.1110591488534343
-0.6911591372941971,0.06136811037240419
-0.7563854973752864,0.11645152210691487
-0.6888594642794849,0.17616882663367928
-0.70693880567793,0.0881690141927198
-0.7188219128108098,0.1246024390171565
-0.7023789229779052,0.06596882615490272
-0.6693527041988979,0.10346887338968695
-0.7219555255217271,0.161634620020138
-0.7142347120525296,0.1877054538575605
-0.7305362978817431,0.12794884406169846
-0.7013466685032808,0.06533313735532831
-0.7152069602023884,0.11170620647255752
-0.7542234140969096,0.155667074818097
-0.6769604968148895,0.12427093385571832
-0.6660780437908519,0.19393719998976905
-0.6314356368000049,0.14772832458670762
-0.7038120891204609,0.08382706350542074
-0.7558776668892967,0.13746413121024872
-0.6579560462671904,0.16410738247834478
-0.689434426354362,0.09291536001541881
-0.6479725952745258,0.16301640282275168
-0.7340339919234321,0.15808927922711324
-0.66042206447771,0.0890080832689839
-0.7281915998131216,0.08717617496489705
-0.6514456930567376,0.18139835765237927
-0.6354555646524707,0.12044697356452899
-0.7224947449243836,0.10970168977660276
-0.6627606046032747,0.11864785865223224
-0.6548769837325547,0.14333200909083785
-0.7509944663293564,0.07999787503141319
-0.6898125051828196,0.1377059202533672
-0.6960569929252122,0.07322991347245683
-0.7603417330035728,0.13863723395448652
-0.6682072782219721,0.11630327795861417
-0.6529196331335316,0.13607430318020522
-0.7603001267167971,0.11822998904943091
-0.7090690014585816,0.1266526290414566
-0.6909619449220045,0.14481187694879727
-0.6741531012287127,0.11035248220690193
-0.7221848121925185,0.19012385376287175
-0.7406360194154635,0.10858552701121556
-0.703888733620694,0.09775766745376971
-0.733948498628723,0.07257679877541783
-0.7378005008644873,0.14821760022445643
-0.6663495671387685,0.1546659631989827
-0.7213738698588086,0.1179234583749022
-0.740525627788767,0.05288410981097105
-0.7089459782469711,0.11699545114175422
-0.7462827919141042,0.13039699831995807
-0.6483702955167734,0.1303792365980952
-0.6924818460787041,0.156832999261313
-0.7852295941814408,0.05901895942859138
-0.7045079036972834,0.16267975214902028
-0.7827268409423802,0.06532278970873001
-0.6795279534276003,0.06171757162741016
-0.672327563063003,0.07329049543632996
-0.6700685328517828,0.1951563605469128
-0.6499736487224905,0.11953095332675126
-0.6997144817644613,0.19377421793397773
-0.7277039572537088,0.09720758745200396
-0.7389995463692254,0.11909800106911833
-0.6745597836190913,0.15050827898202576
-0.7344717960919411,0.07607180553032795
-0.7551095737305268,0.08159858842963778
-0.6842103234336212,0.11734564681368419
-0.7319419601281145,0.09368236161416887
-0.6627172232174141,0.09683452177016576
-0.7453901355826041,0.09082430460651103
-0.7535224473048749,0.06252364152750983
-0.7030979603365405,0.1446111421518397
-0.6529521984920169,0.13501905199457084
-0.7280005926948026,0.13348048198205462
-0.6739987499651577,0.13529749849920988
-0.718230693363227,0.15782624719024443
-0.7111360153812761,0.10486364848660988
-0.6935342897730307,0.13729502881786818
-0.7386498120403882,0.09775574075698783
-0.7112695823944246,0.10971012865442664
-0.7011310549263161,0.11042194958758354
-0.6971854699192116,0.11465566392843365
-0.7145058810538449,0.1659093532571807
-0.7200475461494154,0.15126021897969677
-0.620256867195548,0.16867372398427638
-0.6571704193113449,0.14434472100078077
-0.7651001309719961,0.04986940621633433
-0.6796942759974635,0.07681697916076397
-0.7545831491946102,0.04208147293115631
-0.6794306153875312,0.11614516184085552
-0.7513146488027801,0.07772322647968513
-0.7164066056934377,0.10514049769850674
-0.6668161760442903,0.1370442599129557
-0.7050350324835424,0.12884723566380069
-0.7086676540520467,0.10527562440148747
-0.7471096959025054,0.14726452589534664
-0.7634825028571939,0.09225158193578445
-0.6573528456311096,0.16433179844553925
-0.6733147333883401,0.07381524285640638
-0.7398042492803244,0.1360435295529465
-0.6521292776953115,0.15825803706831942
-0.6764225489660204,0.1428101585689294
-0.7587151682809827,0.12252855466808787
-0.6370715101915504,0.14268262775093266
-0.7393088028231922,0.08946312459275263
-0.7451187961708496,0.11529279524421471
-0.6914460005192926,0.13525959585701083
-0.7309010326899833,0.11005679114492703
-0.7248224813964506,0.10190019451557868
-0.7302061174058385,0.04957085317999163
-0.6834065640486996,0.13055130684656124
-0.7037732505003863,0.054720215971002385
-0.7484840420338458,0.06089732107564339
-0.6867083448030229,0.0760890688943669
-0.7447713406033118,0.14563144733717182
-0.7067639608454079,0.10564026622763519
-0.7086421152214553,0.07226565178640901
-0.7916075647112394,0.07555331862026872
-0.7724497052123384,0.10164918723719422
-0.7705999286081434,0.1405909293835089
-0.727917388368314,0.11372413173208333
-0.7444370688877394,0.09223633823035111
-0.6945475546446339,0.12337040017299626
-0.7811490170927526,0.1022002142146311
-0.7063491701840218,0.0766305892589155
-0.761932503926392,0.08427686329886407
-0.7528866159240702,0.14551095703934736
-0.6764086240285697,0.07911107319193184
-0.6791152197619472,0.07984466068107819
-0.7260819409239643,0.15902603224863324
-0.72227907759444,0.10364349282190259
-0.6651286655411314,0.13591763209920765
-0.654130967031828,0.12553590299617454
-0.6618663853543122,0.08666816901825507
-0.6396747722467852,0.1415285952735572
-0.7437016247354237,0.05236609688933385
-0.7168612325203734,0.07711603714940782
-0.6830336691340667,0.06797243880004547
-0.6980616390729466,0.13821624235047889
-0.7352531300441518,0.11350344982497383
-0.7350782930709933,0.1598168179418601
-0.6849192843633995,0.09526065921599985
-0.7187850494089513,0.0972802503339073
-0.7217484204733835,0.15858113069178487
-0.6712873038044791,0.17455517073456597
-0.7485576111286012,0.13016677601688617
-0.7487208349246518,0.15067255452377473
-0.7107098601320786,0.10437171726951242
-0.7132336294431877,0.09830145152998958
-0.7111339508483381,0.09570101572498643
-0.6585279467789277,0.09878834966534471
-0.6518187814782314,0.15157773782633352
-0.6961400473489284,0.06943815230131199
-0.6418455279357553,0.1368031241417851
-0.6603728371171736,0.16709272999388444
-0.6972281830913677,0.09619030584054358
-0.6719428920264178,0.15206020153367888
-0.7796417946964747,0.12599125578746237
-0.6973819810867598,0.12297527940005774
-0.7453023660120215,0.14531398638927331
-0.7744931154644136,0.05937798705868957
-0.7394885823000713,0.1371572035188655
-0.7021680093188681,0.15846545479197474
-0.7238217485394617,0.18990617080266756
-0.6953133138158178,0.13453646061111965
-0.7384016086169363,0.09952017816778584
-0.7063685770641008,0.10506254943355126
-0.7564902603370194,0.07503334896106587
-0.7307082429939051,0.12923864064966648
-0.752181104686766,0.0576169931248094
-0.6899846640901609,0.10197348188859925
-0.7099583180917839,0.09088693148719929
-0.7293319805706346,0.11825662385506308
-0.6645026442243067,0.153937373007642
-0.6864101730125455,0.14470875077213968
-0.6915065403472879,0.1888047617081837
-0.7928210815586506,0.0874217068184507
-0.7489434940328177,0.0964810627165835
-0.6846706525091257,0.16356820164677943
-0.7528850682991337,0.10358592490130446
-0.746769968408283,0.09157529743893657
-0.7429502167028996,0.118232040518666
-0.7784289983721498,0.06363132828804804
-0.6691723573935134,0.12217766461777127
-0.7452515955426112,0.08937464678413133
-0.6489991269541567,0.12277141000866512
-0.6492911752819333,0.15730562068431794
-0.6407105065433579,0.1319473077780306
-0.7212412727575276,0.1318702725850872
-0.7233834493129376,0.1488330879443552
-0.6948755151902997,0.06727254064816253
-0.6937384923111498,0.15062060258557466
-0.6750958430093621,0.09910938530712929
-0.6677200443305068,0.14707395449267505
-0.7498700778451532,0.1376638126783882
-0.76339630911282,0.08285686415291102
-0.6404898044106329,0.146535088410753
-0.7693052360373638,0.12025049600779127
-0.7783182457671662,0.051547968281317906
-0.7364549237972873,0.12617511698242673
-0.7199454632312515,0.13748773267178607
-0.6511479490136383,0.17077859930365213
-0.7087208443279335,0.17008646926731802
-0.6425803496578911,0.10427909260969237
-0.6917377118723494,0.20006454200073373
-0.7463503311979325,0.04092609497509947
-0.7080261219727858,0.07311926374777375
-0.6834078375399201,0.11028185102701435
-0.766612906237084,0.1301368191470113
-0.6994752135038758,0.12441107767669358
-0.6752640878598812,0.14848420074282945
-0.7071490149096372,0.17140929388801238
-0.7721308646631887,0.0923783272598493
-0.7060139580759974,0.10657134028105401
-0.6994333590655394,0.06964993233942562
-0.7040484245615959,0.12800354188269158
-0.6980207658731975,0.06682956184044708
-0.6870567741958318,0.138669713445936
-0.7749852927534426,0.12630457689665275
-0.6647092871321363,0.18301944464600245
-0.6803612214261071,0.09757512755412057
-0.6666633573321521,0.11980142027965919
-0.7002032371915409,0.19377284502237122
-0.6824650786835809,0.09384097149174711
-0.6463523602054537,0.15822730768033763
-0.6559744985239383,0.12600701905262343
-0.7110956876547004,0.12735122767016085
-0.6744212980875275,0.15464025159764283
-0.6946256602713339,0.12371843967676908
-0.7735167475315196,0.0574380290718381
-0.6993161788377458,0.07679001310685087
-0.6530676360265694,0.17268801117994495
-0.6978464538837182,0.12671799611729206
-0.7141643244796895,0.11230420511638409
-0.72319548233386,0.11709961145067606
-0.6630735830909439,0.1396236392980231
-0.6914872084077099,0.11163988074979207
-0.7671459129092706,0.10338056086547924
-0.6607321733074857,0.1333024115144031
-0.7476426470245007,0.09097466582129167
-0.7283471179870472,0.17027402702072136
-0.7533020562659808,0.10334317548084754
-0.7314990061979663,0.1007251399526923
-0.6810534413956301,0.12909154799229466
-0.677027565461933,0.17008510424413306
-0.6612761527365991,0.09865224008637288
-0.723452130306749,0.06649416572424288
-0.6485792895205967,0.17493053470570316
-0.7678888774042698,0.11367877459046398
-0.725666453161548,0.16038702714021255
-0.7544918619194664,0.12646387449551982
-0.7595195411896641,0.09518440425165736
-0.7160805658270973,0.10853498808801335
-0.7352428354949636,0.08890306520332879
-0.6717849263255822,0.13621016319510829
-0.7078781298154333,0.13217470049955826
-0.761322545116291,0.06709697758983994
-0.699005334327806,0.14118407359706914
-0.6896320304405632,0.15216791047530367
-0.7168978913190718,0.1318769789934271
-0.7467413679478068,0.039966084346968
-0.6686691838320671,0.2070314024035354
-0.6879131636464265,0.10103855474890645
-0.7142339115266745,0.06335263123108233
-0.7210251749756758,0.1791610647985088
-0.677251850820908,0.17533425215014004
-0.6451064157553786,0.12491788621249238
-0.7820379133295645,0.11505484439541812
-0.7822631194438008,0.13079149582344088
-0.6837966561321583,0.1885126561071613
-0.7552904706800446,0.0839623272628807
-0.7007405445083555,0.13620541576313538
-0.7397910694914808,0.132695483052711
-0.6751769194488891,0.06661785174223865
-0.6636998578415656,0.12818494457113974
-0.6744926980229398,0.17837810019502667
-0.6407082854717735,0.11889829297957666
-0.6784913674475422,0.10965017539631383
-0.6661477140997262,0.13276379566935212
-0.7293074266550319,0.04472671013329214
-0.6643656931787827,0.1364685945307613
-0.721131263612882,0.16401572813377496
-0.6895180851001032,0.07139670190139925
-0.7250697957812602,0.18119008717172297
-0.6530850182225274,0.13717455778062634
-0.7208464474213524,0.1335076147828524
-0.7473693990165055,0.13307890235755984
-0.742375921106915,0.13283072436273666
-0.6750998795446898,0.10679423903741034
-0.6959550170203297,0.12376836071672466
-0.7770513654386402,0.11379374408102529
-0.6824403403515609,0.1544942425132084
-0.6921373862175615,0.12064143003204293
-0.7460920592524892,0.0609638301062585
-0.7087327266547955,0.13780356792004453
-0.6669910924963134,0.1373995771773718
-0.698539681133873,0.05565397053599754
-0.7525447141318408,0.11860410547134993
-0.72483669779549,0.11569432027322113
-0.6688271727538446,0.17571662352008605
-0.7562836560848369,0.13969642094558762
-0.7012415879093873,0.16586151544598113
-0.7539400586065369,0.07721487878253237
-0.6842953886070827,0.0789762080560639
-0.7209947370807609,0.044221262866122914
-0.7270516287335772,0.09511188744777471
-0.778804334401288,0.09881760226522379
-0.6938411276212689,0.16189790613043217
-0.6937047017681482,0.15132276937881922
-0.6857966128395161,0.13046357594145475
-0.7064355006281826,0.0920441252806597
-0.6703728300168056,0.12124144487825854
-0.6986670826386461,0.11060746522620572
-0.6877358733606228,0.15249756409515478
-0.713147775187959,0.11882042283294086
-0.6531304241393617,0.15724539855762934
-0.673549631183819,0.1683437985341941
-0.7589060947984437,0.10202575252207571
-0.7524456313423713,0.13331058136071092
-0.7426196792713444,0.04949003545339375
-0.6491632315359873,0.10596910629152594
-0.6538575948233212,0.11943152153206128
-0.7433872191265501,0.08690794692915331
-0.6483943318232975,0.1392512772468684
-0.7918193361566285,0.09916771371754225
-0.6927179237798878,0.09623295170727429
-0.7645253289138444,0.16047563237505627
-0.6509161970357205,0.17914454426879473
-0.7424203801457504,0.13131132126546813
-0.6632059673672737,0.14831199798858855
-0.7454863004725308,0.055343484766333904
-0.670809772993082,0.08320653853419613
-0.6452518026940688,0.1756622682740006
-0.7192551691071394,0.14954796667740672
-0.6662744809384334,0.17928665130284419
-0.6672474165767373,0.14380714146605345
-0.7094252872324737,0.14234424143095403
-0.7400192896016121,0.1421568960301569
-0.6539109369432929,0.11366191058422993
-0.6966792227865928,0.0625387045148606
-0.7685804300970291,0.08885096075760786
-0.7582184095211536,0.15136808091581544
-0.7424176961462472,0.13084180320743166
-0.7217846239241119,0.1316539510597363
-0.6887664215035187,0.1109961759213282
-0.6317688003431217,0.14794896912074432
-0.7205494726570225,0.13023523606992185
-0.6864077606886526,0.1587805211720974
-0.7415222269482968,0.13142284109441837
-0.7735912955846433,0.11183526066387683
-0.6673266715775714,0.12542999504563804
-0.7611538559106107,0.10453817410118953
-0.7079835759870593,0.09632681598705939
-0.6640644024192094,0.18010466624697555
-0.7161048907171144,0.12639040904896745
-0.6582513954152095,0.1668006149176665
-0.7153375891596264,0.10651938987848066
-0.6503273751230149,0.16221053526094628
-0.7341241624083011,0.08179478425002847
-0.7635854017246968,0.05777372856019198
-0.7374082702438798,0.05910256783168274
-0.7688451533306357,0.10845875327048847
-0.7645673186402043,0.0613000316554823
-0.6860041539448907,0.07703219666199679
-0.7207789410502923,0.10120380745484456
-0.7308965179601311,0.14693335158685927
-0.7613985979362647,0.13651716525848206
-0.6700997637943821,0.160907033969374
-0.7030967092950849,0.11276265446842293
-0.6706856032584364,0.13466530262250934
-0.7349220929916468,0.09402583318682467
-0.7476558859212492,0.12879072089308216
-0.6753197282734487,0.1627674909011696
-0.6386542220029302,0.15830512035691127
-0.7012874270060745,0.13007315634312033
-0.6335961646620265,0.14813841834624764
-0.6430670068544315,0.17099956733990332
-0.7128823651699145,0.08239915799193769
-0.7224141816534005,0.14076642957783517
-0.6896701217901172,0.1045049303304001
-0.6859822128908374,0.06789725535274377
-0.6589221245815354,0.09121177988307856
-0.7303200687442644,0.1405742333519978
-0.7236619914319787,0.1206679561622175
-0.685794046034125,0.1429740562984731
-0.740049472145476,0.10627424498505904
-0.6856224904356124,0.18675679598606168
-0.7735618099554472,0.0927495832975415
-0.7722296967268754,0.0935081487301813
-0.7349044305147895,0.1388936424168666
-0.7063986021819625,0.13782767259328443
-0.7240483195230165,0.07662315817756786
-0.7798281419296992,0.10010124953591817
-0.7114084713773738,0.13317285393852435
-0.6996806346135503,0.09911543993984848
-0.7001809262978268,0.07529789322064921
-0.687576843751919,0.144597449627442
-0.7328443408989762,0.17590362042888238
-0.6810798349053363,0.11598335383155085
-0.7832812085865901,0.09577729744208023
-0.7021463268359768,0.12745175059529576
-0.6599935647732038,0.07889289938086815
-0.7066598338817415,0.1793328311451325
-0.7293492139305552,0.08544414531644448
-0.7004866762996468,0.08000542836124913
-0.7391829906776306,0.06938701473539621
-0.7434359121422717,0.10699943884167414
-0.6715660149360142,0.14988167258167867
-0.7166956196742311,0.05672732834204661
-0.751863666862956,0.1602886925697069
-0.7353833739098311,0.10549447190913422
-0.6494858831010831,0.13393989378277465
-0.7208672625159465,0.1060450286604964
-0.7486889564679972,0.11152615627113231
-0.6631311048514381,0.16229410729702912
-0.7682005680330264,0.11023097246957829
-0.7127441169402897,0.12398793364656922
-0.6464001531965688,0.1405642812073242
-0.6960405795665244,0.10965729420603132
-0.7084392426312585,0.13312249337673024
-0.6387089477527963,0.1837907966286475
-0.7318352813674521,0.17083704771497915
-0.7202047301914795,0.13755318221697596
-0.7320748352047507,0.1021688341206602
-0.7149181600652129,0.0778694240047949
-0.7353922510149973,0.12736959990397992
-0.691980257931169,0.10603351434858446
-0.703708932262987,0.1194419621400823
-0.7498053225719955,0.10141437897995756
-0.7188931926958859,0.17281497733011955
-0.7130078851293817,0.08744878696977147
-0.6899020165137304,0.13412452064468205
-0.7044344120302575,0.06005257959459572
-0.7389303246425313,0.09256174179936036
-0.7900933828854646,0.0753347561112669
-0.7667885209643605,0.11149224316930997
-0.7228083088492436,0.09141822039428406
-0.7200161217289474,0.04735248237613958
-0.6746716954873688,0.08676098562164906
-0.7424593140259558,0.08686966410427457
-0.710896898431046,0.11173127027243503
-0.741863341305486,0.09097466310477624
-0.6582957485745379,0.13138299995671018
-0.7473010416963033,0.06947549723318114
-0.7737521123594192,0.09052119918089149
-0.7143536653166654,0.06062856664751243
-0.675802664398583,0.07768155692718054
-0.7201036602339478,0.09072411224944603
-0.7461065999243623,0.10875083815788984
-0.6718674989283909,0.10993653270397037
-0.6693005324323046,0.1005170063352231
-0.7518128379491033,0.14890394427091164
-0.7764294660942024,0.10165926151407056
-0.7144105976535683,0.1741524490954281
-0.654315728841731,0.14841758251343815
-0.7179845477148322,0.11168941331805624
-0.7609692437638141,0.13572921062584642
-0.7582030061602534,0.08698772022214124
-0.7792051912933751,0.05826289632980483
-0.7024387487957622,0.14294049909502496
-0.7264205386198739,0.06692059943812537
-0.721147746548881,0.1442168021632038
-0.778922372090033,0.09679259471524063
-0.6506258413989625,0.13637192036073392
-0.695495636380034,0.12014916917404862
-0.7185542107771067,0.11896226891986345
-0.7296826488979633,0.09590987933502042
-0.7301132504243587,0.03376050346543961
-0.6954641506726402,0.07429044380471111
-0.7601619914611214,0.10050944205098133
-0.7557064345614525,0.11572698428432292
-0.6981875590481639,0.08446704910290792
-0.6918623673335728,0.1635483362090438
-0.7322553665729691,0.041642861730574576
-0.7231047124067791,0.07500597454919655
-0.699081217823891,0.12437569311655934
-0.6482701445215873,0.14148628331175814
-0.7437290970598143,0.0799943892454942
-0.6887307774045376,0.16172616786858668
-0.7302690268963582,0.09999818618401879
-0.6718355051865601,0.11366990774636845
-0.7375830384199503,0.11237393865633927
-0.7353183043390275,0.16525874031061313
-0.7020778619334602,0.10598979659871528
-0.7136676685671021,0.0749642350850716
-0.6872345895807359,0.1304497836298838
-0.6971999605617952,0.13957893264495036
-0.7187161102300237,0.07902743081984807
-0.7496696610930353,0.07578659160492852
-0.7134802353252382,0.13612743193945043
-0.6423331088623949,0.15652403340658638
-0.6583633396637261,0.1677840822466465
-0.6926410572301976,0.09351514325852349
-0.6808137200479315,0.10043831449778727
-0.6267849293719279,0.13694255391187543
-0.6832750348351607,0.19278392808734873
-0.6649640583933621,0.11427994928669785
-0.6854937641927803,0.09032517215699731
-0.7458677090181887,0.17165723357463752
-0.7445785560685085,0.1009432928903293
-0.7017365635217367,0.12070906763770865
-0.6909858115223247,0.15528343493282343
-0.7099909661636594,0.1532529231397866
-0.6832603079619787,0.110506940281614
-0.7295712340760635,0.10930577309275909
-0.7627598216515462,0.1120944999189595
-0.6830720397603638,0.1612191679495577
-0.764764372742459,0.087151939789794
-0.6356889760162531,0.14840797659429242
-0.72003661012949,0.10644843213149559
-0.6977535046777108,0.1835485147392447
-0.7019798356735188,0.1531901953942919
-0.7503491737999457,0.14224696723477465
-0.7735312778281658,0.09685503133654104
-0.7639209485927202,0.10462345863607413
-0.6827496169261728,0.20146829322365267
-0.7072669178038441,0.15801528348305705
-0.740552777800377,0.09102548600563677
-0.6788625098974209,0.07680322340376083
-0.7396831995964098,0.08640929322501184
-0.6931547257806983,0.1400844017094307
-0.7210621244666399,0.1082128344954692
-0.7169180692852831,0.07597144322756917
-0.6982824230161845,0.10806277109905547
-0.672818127500563,0.1287178948401448
-0.7284041427527435,0.09124613015138805
-0.7192026907352179,0.15935496828332718
-0.6834786947448824,0.11615627346169968
-0.6890210066675653,0.11486435179678531
-0.7375105393247943,0.09871845775682365
-0.6591445687351893,0.15629540871230457
-0.6826914687534233,0.19065400939325566
-0.7639050667201689,0.07770397138327309
-0.6894728536045724,0.1272907485043802
-0.715244740585667,0.12409938329524421
-0.7330359758729195,0.11478319312791753
-0.6709922347912097,0.13082346029021494
-0.7302348188073278,0.09089069956791253
-0.7218003268801614,0.10737407822542407
-0.7209784891055228,0.08374326832495668
-0.7198591037222477,0.14508082810540296
-0.7210975287718532,0.1745078191357885
-0.7346199586466972,0.0685388028926579
-0.7128156142247036,0.08980493980212037
-0.7611424127488,0.05585192454364921
-0.711101152028747,0.14332455886619874
-0.7541476380599053,0.043013700881119415
-0.7407584061069622,0.080133722138906
-0.7161667789020885,0.04172606766303905
-0.6810289814516569,0.10057363825004952
-0.7478336886365481,0.11495609684150168
-0.7522744559838697,0.13679482159763492
-0.6573081984179208,0.14214564309454586
-0.684373074765624,0.11660124234796101
-0.7054421846819854,0.19310915689214006
-0.7240234246667431,0.1522333864569464
-0.6496242227746913,0.14031176404066562
-0.7230611390541267,0.1201290526282432
-0.7660635976469516,0.06232771580646066
-0.693664441459302,0.08885263522665503
-0.6657466074728695,0.16438523495545623
-0.6785419897212102,0.09103620474439082
-0.7650714076702748,0.07714587168716597
-0.7380360495381926,0.09646229277722747
-0.7220253217256349,0.18858304992625136
-0.6867098543911704,0.05150398196058661
-0.6246984739815264,0.16770490413562816
-0.7663332450549546,0.05843250736848307
-0.7214355514115969,0.16355316432063738
-0.7382198203680039,0.10195977844005673
-0.6915203146271189,0.19074993959454653
-0.6877736080312096,0.13263176676097663
-0.6430786813183701,0.14304015109032386
-0.7395128448702807,0.16151474509157823
-0.6599422527972705,0.15876975295289608
-0.7026707603867131,0.17404809104188673
-0.7436713906370283,0.11092696214576186
-0.6809252263394261,0.08765402686988549
-0.7374533573966323,0.10070685807200364
-0.7155408083846587,0.13781083919399875
-0.7554073025542591,0.0763762678196988
-0.7380096571009312,0.09651250720545032
-0.6797509152121181,0.190116713952736
-0.7092658375765662,0.17071519556789555
-0.65981441297154,0.160885801197735
-0.683663451732577,0.11280150136185951
-0.721290612045767,0.13429236219960822
-0.6605478989561414,0.14976383331231902
-0.6813925911434575,0.11478928244067042
-0.7550156401750576,0.1328817698561127
-0.7186507848377812,0.06063754301373845
-0.7576074647831467,0.07681150051720467
-0.6986462586791538,0.08200651817371794
-0.754065918605367,0.10355986776725656
-0.7356590113643202,0.1674856877371988
-0.7076270464459697,0.11557049113050305
-0.7461061116958846,0.07438832891894434
-0.6318319221672285,0.15637510132135155
-0.7062758620257135,0.16532714658685183
-0.7235828220002859,0.1187936872849525
-0.7616760825477857,0.08381055678358547
-0.7574377535879466,0.11319552013420713
-0.7751458327176557,0.137079255207019
-0.6731750898235822,0.12336503611512026
-0.7437099053115193,0.09637738965425532
-0.6998009570908631,0.09433392229024003
-0.7225829341738221,0.10680207444540976
-0.7373628307702763,0.13439635147807558
-0.684063939924816,0.08236078460242643
-0.6996895890903779,0.10825473502524786
-0.7195046267799683,0.16069983011333586
-0.704297015842809,0.15891555956318137
-0.681228531336476,0.1124918931586666
-0.7026965469272279,0.15733063278365164
-0.6923577109061151,0.11571350912734184
-0.6458444534497463,0.11240260317288842
-0.7335718908851298,0.05560470486705859
-0.666370311936049,0.10252358903308156
-0.73297653668485,0.10027544180866965
-0.722623649703569,0.1371909145002782
-0.6952958414711569,0.08226312603791189
-0.7208436742020459,0.05808608180471045
-0.7315785367050065,0.12084644227151332
-0.7925968788675508,0.08891472632268616
-0.6907797487967055,0.11469444646252347
-0.6994846978376382,0.1768430669484214
-0.6641409635993643,0.1545428053927862
-0.7372626804659366,0.09551437187768018
-0.7389525310337652,0.15217605074335044
-0.7140957255130712,0.13537784758055624
-0.7326201942590895,0.12925873473760918
-0.7096257079645641,0.12373453161029475
-0.7465547482215603,0.08679148419477657
-0.7129312978988043,0.1283102398385027
-0.7325774900022157,0.05772404158829499
-0.7947188044863873,0.0888239791979539
-0.7567805045058428,0.10780296449369817
-0.6931905886890074,0.15284745799805546
-0.6942179691973639,0.12258978576057593
-0.6695159332726885,0.15524103815915669
-0.6932243309404522,0.11962608523219335
-0.6826371364530683,0.14159387837873125
-0.7674976635726586,0.15343617105275104
-0.735188354802126,0.14727829241617235
-0.7781356054572368,0.12133651965588026
-0.6442255065586077,0.18533037970906271
-0.6617577376869326,0.10518103151078956
-0.7469159547857914,0.0819124007182054
-0.7098973843227337,0.10891331506197888
-0.712606550435013,0.07172143017687643
-0.7795245434842634,0.09635126279681779
-0.6746730895335938,0.10245497779964576
-0.6507251896957047,0.12027916828391025
-0.7415914499297936,0.11073848095915469
-0.6683001023929945,0.17543986126777691
-0.6992526013579,0.09996699076519928
-0.7596599676675603,0.14634888271483212
-0.6722431968497428,0.16685692303849461
-0.6773080507436704,0.0950643058793444
-0.6548505587433037,0.15984255619772858
-0.7628341623694734,0.11580979784613611
-0.6688899233145177,0.10397696301579752
-0.6935656817958853,0.1747698091151536
-0.6991997180693471,0.09398190380759276
-0.756789993006527,0.10705085371815107
-0.6506963555866025,0.1433488464898211
-0.7580086499222998,0.11953549468661742
-0.7283678287607342,0.0802321119828554
-0.6827153834045545,0.09236054480629241
-0.7556085660799251,0.16342833498498735
-0.7146346151395313,0.11813672607209637
-0.7481695527897598,0.09562865677009753
-0.758120643627309,0.1279108730378212
-0.6886629309080872,0.09919590903581173
-0.6941640577319083,0.16700788457536966
-0.7677250451081423,0.11945664763590799
-0.7608882919593902,0.08699018416998049
-0.7190331161599477,0.14862419315422587
-0.7166364744327401,0.11306143546738778
-0.712266971480787,0.07210944171747947
-0.7016729329591656,0.12503988661658644
-0.7255875908067214,0.1309996435854503
-0.6908315318959097,0.19017999534130894
-0.7625599220116829,0.15721957042247395
-0.658075380564363,0.11074003254673805
-0.6889801996851591,0.1613630177137092
-0.6705310035532045,0.15465989258116403
-0.7437300605611491,0.10870274841570061
-0.7500336653908887,0.12373738058038374
-0.7230553597476831,0.07046302307449051
-0.7492953433182944,0.1336987365954596
-0.7409341983011849,0.11401274096578601
-0.6644989965044289,0.16851231476116496
-0.7292963585606318,0.15407525063096
-0.6897940695274529,0.14652295277846475
-0.6733373378991375,0.11625069778015139
-0.7350812071469363,0.12098623080352593
-0.6745077218566609,0.1087957911656006
-0.6571157488161701,0.13730476378273038
-0.6462692587796423,0.12898264352955868
-0.7240526032168392,0.07438496668116865
-0.6739400162843702,0.13153841624848117
-0.7605283384159686,0.06869242305035911
-0.6696859967337386,0.1283435765415329
-0.7129985120799596,0.13898159795403334
-0.695775796385489,0.13932419153476622
-0.7163454685438212,0.14153667499471514
-0.7825956422718257,0.11226358354110398
-0.74112673362484,0.10857099510507759
-0.7406296508664387,0.059079969021791336
-0.6944433785634015,0.04930954116951766
-0.7249842922148904,0.1567807226925904
-0.7107913246274429,0.1463364829830507
-0.699469491207552,0.1699338279000016
-0.7004055038481414,0.11888838329975304
-0.6824711564615424,0.1293678234147895
-0.7344094327478403,0.14869899822100635
-0.7292541085485118,0.065870038719975
-0.720796421666513,0.13945504029707145
-0.6353683748711495,0.15387669218407019
-0.6578084001817827,0.14555453182200512
-0.7406489727143362,0.09006958339445412
-0.6977798760818845,0.167090066581614
-0.7225220511307185,0.12628528676609158
-0.7605300291585706,0.13296669011197035
-0.6851869403322068,0.16092693092984497
-0.7220228381633303,0.12583722426145316
-0.7278755165068151,0.10616164129478271
-0.7079696085613811,0.14472708336797147
-0.6966128109552091,0.09552667627726011
-0.745158613239433,0.14194779483298278
-0.6961735483588997,0.13510724758446016
-0.7413084691433529,0.14897624376307125
-0.6432042432997814,0.13192810479074593
-0.7199703715689617,0.13805897710241513
-0.7690093968301401,0.09814043539942605
-0.7098006784124529,0.1558839257618037
-0.7718643930273519,0.12323953257984127
-0.7536133781472574,0.12402552161943382
-0.7524184711678084,0.07355538959047278
-0.7007301929091244,0.1382441861661063
-0.7073794248594238,0.09033021188404827
-0.7500818018890919,0.154188900374303
-0.6666473295353379,0.1164230183205955
-0.7030808843599465,0.11034819099118366
-0.6738738955501214,0.1760943842551188
-0.7619825931333742,0.12470306284535693
-0.7041692561101995,0.16143946277845234
-0.7049661283202275,0.1808208701661276
-0.6869397585813221,0.15667472270396596
-0.7649283215454592,0.12232907485162886
-0.711557704404072,0.1514329857727816
-0.7446154169089654,0.1301322893695323
-0.7184162151283877,0.15099525155593244
-0.6899574626966763,0.1593165600500188
-0.7495420953133384,0.07346132306208131
-0.7010025887376617,0.09626846950913182
-0.6719734470248584,0.08050424531358392
-0.7499222341660164,0.07943591778771328
-0.7218784260878847,0.04811290354916839
-0.6982546195583186,0.09313834289042489
-0.7255617751451459,0.08180294636833592
-0.6960813486226707,0.06253022131940221
-0.6929975932366921,0.08781984905474295
-0.6795031610068459,0.13205116572825107
-0.7098343685167227,0.10458265888749191
-0.7643777063283583,0.13898246969395095
-0.631146808854502,0.1534227547191243
-0.6832232438838975,0.0757959006485953
-0.7159671427196481,0.15635189119922235
-0.7500802508368956,0.1168822882273821
-0.6579756214696125,0.15888064808198837
-0.7068249658752804,0.08409187866169104
-0.7135611362286223,0.08257719542609868
-0.73946999416406,0.09160962367282005
-0.7341522092967342,0.05813287516224158
-0.7149266114942813,0.0718112649314257
-0.7024242767981506,0.09462265014733293
-0.684499306046828,0.12805509987491973
-0.6433674803874643,0.16650632960964357
-0.7385855496154923,0.16343981669101298
-0.7200650332628523,0.15481859502383366
-0.7131642261258795,0.1513775105425034
-0.6999245274837643,0.10999400263954855
-0.7315156187257619,0.09986977742620368
-0.7764036012103137,0.048660626006225956
-0.7156341458735749,0.08812117284594863
-0.6901386212711862,0.08894681322968592
-0.7430458922387206,0.11931158779760917
-0.7649782871755026,0.09486578445631443
-0.6932666841258885,0.1617030412075378
-0.6323990288364066,0.16026906725287482
-0.6737716302145869,0.1637269328499265
-0.6881395585406842,0.15111307617685552
-0.7484614908190445,0.11225471989809489
-0.7287173481337439,0.1310438191258294
-0.7261991980842398,0.06519352357535722
-0.6608312913892409,0.11356785115976464
-0.7272872196103528,0.10633556750907362
-0.6807497444408229,0.12054427118931249
-0.7404184145517227,0.06634558350053074
-0.6848037618081175,0.12110000688260966
-0.710031756069193,0.11153390851783175
-0.7133249636634466,0.17060229413778552
-0.6915474723917043,0.13241886198667255
-0.6703193383608311,0.13910721553850453
-0.7610878639117707,0.11295445112138384
-0.6683669776532329,0.13593025024195723
-0.7416898977365058,0.1351712340077858
-0.7278488345058273,0.08854422677534664
-0.7126821017625246,0.07128846105709329
-0.6747837044516319,0.13133942026657205
-0.7148211343945671,0.060015265924969585
-0.6294414054746248,0.16556255182000582
-0.7511602427600883,0.15739520850551858
-0.7223753610003452,0.13384672117588425
-0.6705495196344337,0.1099985618134499
-0.7624128920722545,0.11884785683319764
-0.6609237484548758,0.16537546974942213
-0.682882265614606,0.16390006210661462
-0.7565504437598694,0.08848816396094322
-0.663702882746751,0.18593371969793746
-0.7216592873879863,0.11735176676425471
-0.7359624121765411,0.0955025074127742
-0.6708067163963348,0.15488979192478283
-0.7446618647164662,0.1457955353427614
-0.6631005642868922,0.10489312292737712
-0.710695230240585,0.04513586990614986
-0.7398812316390836,0.09473222712483313
-0.7328560597049911,0.17017624466196404
-0.6787218834746669,0.09092723539818677
-0.7598138625463283,0.0728126794961922
-0.7160745165273911,0.1261198599005185
-0.6600861547844836,0.09980079127664845
-0.7043934556818198,0.11727742486177557
-0.6597879873711527,0.11248313360816375
-0.6943441119751883,0.14713697744022738
-0.7076256200089511,0.0815846110673252
-0.7187148348768684,0.17333923863901596
-0.7290856124966386,0.13338239546515815
-0.6819682042886347,0.08197282071625406
-0.7392199785930209,0.06816487119336176
-0.6980681019206383,0.07418661071960865
-0.6621823973602974,0.10632666239216731
-0.7280035624030126,0.140441774278559
-0.7234924106722499,0.0912882503439277
-0.7453318894027825,0.058159817729302205
-0.7193517089225151,0.13325589673558397
-0.6849917252502646,0.17372844793524347
-0.7240154272016862,0.07520493172377407
-0.7298328155290482,0.16212512322967454
-0.6792176724742802,0.14813506631399764
-0.6584087076638355,0.14917963962841846
-0.6894775766010894,0.08814228749506575
-0.7434142343346152,0.06665684139055653
-0.6636248052982472,0.14628907324278675
-0.6466101370754911,0.15044627133957106
-0.7055461531644027,0.16777530294289467
-0.6801096785583189,0.07560311404605892
-0.6868539144695878,0.06045264248411514
-0.7293066022787662,0.09989491802224473
-0.7042083074992203,0.10938094742351365
-0.6806284157896129,0.13293357140694126
-0.743981449544501,0.058989548419753485
-0.7338274168119812,0.14375542724132376
-0.7215233787510139,0.12267675476050428
-0.6843502438783239,0.1014724107046536
-0.6670331485042493,0.16913470513403517
-0.6971311650341614,0.12898356289235235
-0.7190850813306792,0.08648522142929663
-0.7232231265020891,0.10865745677871938
-0.6597220616074636,0.13556500416669817
-0.7288003646721412,0.08397018737178981
-0.7593634598071604,0.1426328000751084
-0.7018951556770389,0.06672794762214855
-0.7028332463621698,0.07487637281970093
-0.710478947739687,0.12609360502475223
-0.7400633286042724,0.08164263873470855
-0.6875759797208636,0.16887527519663525
-0.6847092479873682,0.17289572554045926
-0.6829466785213976,0.15618183766749325
-0.7437542907357938,0.054378566095868296
-0.7735336214010576,0.1296243848207899
-0.6752117076344328,0.11428966342548799
-0.7473953818145804,0.11743204302790103
-0.7547753456842042,0.1372017881358638
-0.6482539507340679,0.17634469964459074
-0.6939454279975237,0.11533430183835064
-0.7320913321700041,0.04885713398905455
-0.7216822725384254,0.06571911587473474
-0.7324036359544477,0.0951950847501498
-0.6958421748618505,0.11325442365252544
-0.7369783730794724,0.11635139008068926
-0.7051611691875799,0.13292122772384968
-0.6986199884885582,0.09135606838933567
-0.7612036476763078,0.12413726938390483
-0.7398302624655532,0.08193708895443191
-0.7104781311957148,0.0865671142703621
-0.6911446297837429,0.1282946800014549
-0.7088699706004492,0.16045411325121456
-0.7217498755775955,0.09394903691609087
-0.7229291339463632,0.079543598229521
-0.6591271777891643,0.11232088060060698
-0.7596925471893836,0.122112404095208
-0.706291080572113,0.15343665763041686
-0.7303753584017058,0.10686961263159984
-0.6750622360807359,0.17003130961067833
-0.7650558248152347,0.07163606746638611
-0.6671297933448229,0.1353394479015619
-0.7744165566087664,0.07244750738304252
-0.7047946014458338,0.19202991288028307
-0.7494023992557751,0.14574923224149233
-0.6989553448710628,0.11071455987112441
-0.6516215845364948,0.10547070803250477
-0.7643724841053805,0.06815429945829277
-0.6472107088478953,0.17167258910395583
-0.7257987023677147,0.0861587457733124
-0.6563371337865916,0.1650474105679806
-0.7424159686999956,0.07890756467467701
-0.7353302637274428,0.1153705309983256
-0.7523948122947811,0.07484046004695258
-0.6984978330490511,0.12591449244282654
-0.7660581220964189,0.09478041200548375
-0.6612003820565983,0.16739969820261216
-0.7331562227342657,0.09464837794131399
-0.6764095522001782,0.1338059742453207
-0.66928904371568,0.14427253205028456
-0.6359158226538181,0.12418269514521522
-0.7315083090203777,0.10793700848051958
-0.7749958152510971,0.10430946979361223
-0.6634636401059708,0.14763582688980598
-0.718870810830978,0.11878564537051496
-0.6720674636762977,0.1474227535767932
-0.7509055889084073,0.1405763111184884
-0.7205607442184804,0.11145431503259955
-0.7473712947422588,0.09630958754940108
-0.6482695288114005,0.16200552233541157
-0.7211217532880798,0.16188838449151152
-0.7508753920844949,0.07976270218626343
-0.7451663280645295,0.04891601712745642
-0.7172040873351323,0.09843849339537537
-0.7173091735773216,0.15275496276278974
-0.6715252081554829,0.15483106745915712
-0.7291432654192955,0.07031605142299736
-0.6996978798182839,0.13513773435704898
-0.7106628176216782,0.0676039401573558
-0.7031696745063539,0.1463980819958297
-0.7273805124258087,0.08116292690053327
-0.6723668439352452,0.13592240882714127
-0.7291584127211571,0.057304219522100096
-0.7129490022723748,0.10563163965094387
-0.6717170882173028,0.10513599609277115
-0.712504973946359,0.09240510668208002
-0.6862596136892309,0.08552926656614755
-0.6562144090926846,0.08107073794177884
-0.7442035561003655,0.03613480051794267
-0.7235970060219782,0.08143858356538028
-0.7522361071587801,0.1294763340003679
-0.7687764247296823,0.0847152314005376
-0.700106279175447,0.16332752404842288
-0.7316442638802937,0.1322767052267633
-0.6684383980177132,0.18032582926300467
-0.7638072985476588,0.08584226084434128
-0.7507823825699743,0.04865990203332432
-0.6857024513957101,0.1580588941406639
-0.7334180121360108,0.13166647092468664
-0.7257550154073024,0.1499296157952345
-0.7117044865529275,0.07902663729147881
-0.663754815070529,0.15736396562288865
-0.7765301854620863,0.07045117426249302
-0.707518448521059,0.12928583105075506
-0.6686173235789941,0.1278878827648094
-0.7424503171740051,0.11488268651019658
-0.7631734753199318,0.05748748345509103
-0.6987897458190904,0.14745047158741836
-0.7268650694910178,0.1279542145510254
-0.7322012979224274,0.16734303871330963
-0.7215365030247437,0.10850699276894338
-0.7248603187428758,0.1226413803170561
-0.657793704308885,0.11091099366345081
-0.6786093895971426,0.15353380065989314
-0.7280966893929794,0.14022396710998883
-0.6475801640320558,0.1603911935210098
-0.6912928787306697,0.12361718119797352
-0.6512204557744409,0.15553208658570333
-0.7080951569952417,0.1131286482381297
-0.6869182870788209,0.139580159735038
-0.6567287185033406,0.11749612240181642
-0.6617454403136004,0.1465382052116332
-0.7760378836613333,0.05957135438273676
-0.7621603106710486,0.11394928106460848
-0.7013395457232162,0.12243108491892235
-0.6896736690980004,0.09777888567954798
-0.723907369354797,0.13564436711049424
-0.7801910344268563,0.08676042654733518
-0.6515682649536226,0.1397780140706225
-0.6751649122625107,0.11198294978829132
-0.7438733703637125,0.12736421840266846
-0.6788701814844543,0.19802461350050093
-0.7281138176766466,0.12000274701838418
-0.70358280699743,0.10638230214663871
-0.6772798877749695,0.12501728544979201
-0.6879901824264403,0.17429478999476875
-0.693894491310215,0.07144369121759696
-0.6429300482463693,0.15179103306249492
-0.7697270910766394,0.14151427381042903
-0.710029788338575,0.13581888914821588
-0.7183987464574092,0.10424856061641911
-0.7358547738454403,0.12607371643323262
-0.7141654576665356,0.12010302304285679
-0.6770747321384053,0.08348261106108713
-0.6714223071152292,0.19178428785236049
-0.7348982337900932,0.1635717182410724
-0.7348470934119506,0.08157032161761522
-0.6847656501148426,0.0899965860577656
-0.7167057482585005,0.14945875702752895
-0.6433201285683715,0.11027922537914923
-0.7125365630985518,0.1505829696392522
-0.7393451210294222,0.14321087518235587
-0.696193532966769,0.1469294669071239
-0.6393921570309805,0.13165502003188975
-0.6499755387608411,0.18029351921891323
-0.7679123151595141,0.11729314048743882
-0.7095850600486044,0.12683616174822443
-0.6922427321270859,0.09976151873297127
-0.6767557359234377,0.1574769739299581
-0.730099973399601,0.10966946452645968
-0.6692920237661782,0.1281318317672377
-0.7646088882787792,0.09044122794666562
-0.7042205181338412,0.16072868510013874
-0.7157122451934805,0.1058023457112784
-0.7034618762437339,0.10357550884370895
-0.7137578871344358,0.1135033566665936
-0.7009091829707971,0.07800159533528367
-0.6929836211378114,0.15989974020742345
-0.7369220942127699,0.07485737884418692
-0.7120889291899443,0.18825887709614042
-0.7409042333265415,0.12855492513800285
-0.6744476084156054,0.17830431605654173
-0.7405307378707222,0.11229990651740136
-0.6391116753501718,0.11990124688218533
-0.7246343781819793,0.11229569110407485
-0.695499724797475,0.09073574033320438
-0.6875418227969186,0.13241223110728
-0.6789865763715619,0.1705489384298274
-0.6501422728505254,0.17371054169702532
-0.7085588987297722,0.12047659704201814
-0.6503871546107225,0.1891507102802963
-0.6682168655160035,0.11465746365537283
-0.7788300483301193,0.06715388981467922
-0.69339664488209,0.09491777889495284
-0.7450521669149475,0.12746827782706363
-0.7136600335121498,0.08920196632225225
-0.677659907335823,0.08500454994146221
-0.728797901848907,0.07464585567528957
-0.716862976441413,0.08595927082333567
-0.6772068003438843,0.10876206879457433
-0.7095010681249382,0.0773130680714081
-0.7525655543183893,0.08459590477275267
-0.7394737980547295,0.14578458646949521
-0.6562427230713149,0.11450516159545392
-0.7511206966208934,0.09392168731198544
-0.7209359902782948,0.0900178228613954
-0.7181075298088312,0.07283196238075808
-0.732578955378372,0.10661177153867046
-0.7209649394843332,0.09468806350048409
-0.7160155942711444,0.08551114196586004
-0.6644672800281674,0.09463206062786483
-0.7491622117867941,0.10620950237199309
-0.7349629328440983,0.04264678342416787
-0.705538071305148,0.14294239605769402
-0.716567022524569,0.16265225168171404
-0.688536579597127,0.136625126961955
-0.7665356417079375,0.09550911948044323
-0.7605602855120699,0.047655450677825506
-0.6782037850412973,0.1522698778338762
-0.7186789260323546,0.1060865137577382
-0.6769627490934327,0.11899697817235905
-0.7167288452537585,0.12881150681808415
-0.6555394204511265,0.13667154250633695
-0.6934319006810694,0.13875362237617717
-0.6412663788889506,0.14030864035525165
-0.7296716216117882,0.12746630605011017
-0.7191278756658166,0.04205546001112354
-0.656091177245243,0.16934061739563627
-0.6881491905376487,0.10681511788654015
-0.7133775957442002,0.11931248178215717
-0.7157073934023837,0.121096675949469
-0.7354326968785363,0.11989420722353472
-0.705138756216699,0.11932355727275304
-0.7109230400077015,0.07766845894849866
-0.7066827660423451,0.14499915108723363
-0.719366214043138,0.1586111926270291
-0.6893833893606299,0.19011498754671227
-0.7444855242448917,0.14609520810786697
-0.7264477979749769,0.12124000530971894
-0.6984872295160415,0.11907708914316331
-0.7171733610640568,0.10173131605718007
-0.7070596618807476,0.16824160341844896
-0.7043420706125721,0.15797039014493963
-0.6496429655359379,0.1630317656659865
-0.637295928225727,0.16334908450848146
-0.7580269701084401,0.07558563172844585
-0.6751774750233672,0.11993464592184833
-0.7191548511430356,0.15017135727267922
-0.7781755942337281,0.09849013544953993
-0.7155478727961944,0.11147179606075025
-0.6429753444951276,0.11508450928787078
-0.6508779860697295,0.1523412850772132
-0.7522943648787183,0.09582805315524244
-0.6908248118102707,0.13140805942505385
-0.7166593715889122,0.10610399194423167
-0.7374963777394746,0.178763523621937
-0.7380815913214334,0.08843621925398648
-0.712365686364641,0.05397506230461989
-0.7556094713844056,0.06285482956924822
-0.7610991911425646,0.10274315975828222
-0.7181813810512815,0.0959904320034714
-0.7282991609511547,0.1623204931362815
-0.7139665804832414,0.1632276398946357
-0.642132021145591,0.13385074336361383
-0.7263779200893403,0.10435325476309133
-0.6769854664492018,0.14439869273999836
-0.6953713221131042,0.17641346841564565
-0.7300230576860216,0.08855384858993048
-0.7247987949214553,0.03866126773680861
-0.7600678060835777,0.06998950230574552
-0.738193527105609,0.11588278256087632
-0.6975037538056542,0.08508419360181511
-0.7184185030519415,0.11640331057451944
-0.7022469118986409,0.1900261676885544
-0.7506848166957434,0.05151751555635188
-0.7343069307666625,0.09516557907833743
-0.7190084544392198,0.11577966298270738
-0.7206900636245208,0.11812756932752105
-0.6907993729536288,0.11570829851089824
-0.6591722048496605,0.15370611102124965
-0.722449770292202,0.1541009860004881
-0.7140080815300996,0.14702921804501853
-0.6756079547823162,0.1940566613980368
-0.7316506714453094,0.1259992222378864
-0.6611876477674483,0.18449965197102589
-0.7478150001754581,0.06910575668492056
-0.6748611702330145,0.08403107818125283
-0.6539713570686813,0.1333734636594972
-0.6908110150134528,0.19008938502853642
-0.7680473897087448,0.12031948540325427
-0.6732886650837898,0.14121169124941685
-0.7619926395460836,0.04535787653392854
-0.7194652211183573,0.14123325911192566
-0.7248543177728013,0.08008411971304599
-0.693024700841575,0.09825037926383343
-0.711167796172868,0.12493465493826844
-0.6484779171238138,0.15604417458293748
-0.7640146500549064,0.09258143150864884
-0.668542823927859,0.07692284199833664
-0.6968459726932034,0.18999253230026056
-0.7496506735928056,0.10118591027543337
-0.6548806972118283,0.1957012806874292
-0.7006063525993478,0.10284048799921133
-0.7178532815091452,0.12788135826729408
-0.6617595791955946,0.1420072415231879
-0.7391309834379425,0.13755710189775452
-0.7217184440271288,0.1308026754302302
-0.752857531705046,0.0969710025192079
-0.6759808903364735,0.10959530978818814
-0.6680970406920909,0.1362174322474838
-0.7491809234909081,0.13407339924193434
-0.7025113226375167,0.04906637170232622
-0.6597358878129492,0.16011704958662168
-0.7398420454533214,0.1275457812634975
-0.7200643884825685,0.11995991453920518
-0.7110573072936294,0.11542291368146353
-0.7191987327606523,0.08098389207751287
-0.679870725484301,0.11138470971867279
-0.7281159227932641,0.14913960874546706
-0.7438908949642137,0.14052415074170202
-0.6650044182093225,0.12539837121164543
-0.7218266752012731,0.09506266200316951
-0.7379779642881439,0.07454262167127487
-0.7022409937294293,0.12226141076759549
-0.7444556116874866,0.07169526580813594
-0.7725979041167104,0.12591247794738275
-0.6885534771381415,0.1590734920622039
-0.6978910519122619,0.10813529650505482
-0.7304574816672369,0.1314739258891737
-0.734651274939005,0.09398180585240956
-0.6851762808885291,0.11149221221131968
-0.6810190897866264,0.18948870532835024
-0.6710749169206972,0.139994439567044
-0.6428433687453011,0.12940748424319234
-0.716224595929916,0.1293756836268394
-0.6661057162058988,0.15412956391947671
-0.7798959472904068,0.06498315285150144
-0.705330865402613,0.12327176459981026
-0.6863204421345662,0.12480557664846792
-0.734075603931459,0.05118953098367626
-0.762548549606314,0.06514255559235403
-0.7202167429787588,0.0714467208212581
-0.7072374112752552,0.09643324938751555
-0.7173191780126079,0.1541913009719343
-0.6648462980400724,0.11460116181367888
-0.6669238853257158,0.12998301441189583
-0.6480061106050582,0.14137742806323023
-0.7541230798313028,0.1299611151954003
-0.6508658250590346,0.13877337882447432
-0.7224664028430774,0.1422537532759439
-0.691751061962977,0.06807909406384507
-0.7513488678278418,0.08985465572326562
-0.7291104693639547,0.062274687849263106
-0.7055663412821291,0.1473758941241215
-0.7117026979580189,0.1354521843649601
-0.7412378226677236,0.08250347169477218
-0.7679495375145017,0.09199324141808687
-0.6829320931043436,0.19580395918882215
-0.7152978607430088,0.06032677595985061
-0.6717030862637013,0.16854393038573764
-0.7449031036152046,0.1492940236724711
-0.6752054613530272,0.10297502426981882
-0.6594124136326285,0.1846954376804569
-0.6698319261295731,0.13670338026410062
-0.7305632449410783,0.1269599889910816
-0.7250680997040047,0.0942797711990249
-0.6401551935583738,0.1796137051760422
-0.6326555812873595,0.14182195010226414
-0.7252389121870247,0.12146400057344785
-0.6517236123236887,0.16743795874500716
-0.6806645041555947,0.11145746301099121
-0.7259935636541806,0.13763620759801556
-0.6751238203361096,0.14670478119243582
-0.7356758588590566,0.11117567875345509
-0.7048310434579743,0.07673822158253225
-0.6599007055670665,0.15213715499582284
-0.7370453744798842,0.12097649627339967
-0.7466048955063052,0.09928659434704028
-0.7599601237032603,0.058648190249832616
-0.6484904163502632,0.19716947648504424
-0.6663645088442948,0.14995734671518932
-0.7524150962474951,0.14499551991616738
-0.7086342184266666,0.07617181494633728
-0.6533663957329854,0.18709293336419003
-0.7023907063575643,0.15741574150366275
-0.7540392610715635,0.0681006937566974
-0.7180156371282943,0.1660218227736791
-0.7448701518736551,0.11727679524664392
-0.7108618581659641,0.07158938410728047
-0.7027947667051193,0.14615387936329713
-0.6837550672978499,0.13012757567635075
-0.7047213479986874,0.06466833718212432
-0.7647187688103293,0.09838936703867568
-0.6749613133333155,0.09650530692230966
-0.7118815284418542,0.13159489481195052
-0.6860814733483884,0.16399699988221667
-0.7566648835387049,0.131101198529111
-0.7780312962865054,0.11304080655504072
-0.7013964599367677,0.11467450181436538
-0.7143332564530204,0.08603362804907902
-0.7525729641594855,0.06249760177417664
-0.7616730760183623,0.0866189830572933
-0.6630968538488393,0.16433397091779334
-0.7099808367546938,0.0985160732451473
-0.6929682918850935,0.14918073004097165
-0.7459713860114953,0.07017182205647035
-0.7147801331243241,0.13192603995053057
-0.7510936824949868,0.16015785331963095
-0.6723197196179466,0.14610606402142873
-0.6359377273132275,0.16959823897596082
-0.7032601275776713,0.0860820497079124
-0.7047728305894081,0.11693929966434756
-0.6909451789012052,0.15800724322623355
-0.7460162831250007,0.060732771979950806
-0.6566635002639887,0.14201718300583155
-0.6787725139721361,0.112663388847071
-0.6835523834074676,0.10828407233185934
-0.7600693433980981,0.07953671789863785
-0.7509483501915436,0.15220759026542913
-0.7173694395164726,0.1137213373683568
-0.740721758372963,0.13318144486239672
-0.7550787465857642,0.14649291711555726
-0.7328884414358962,0.1279633285744101
-0.715679994212531,0.10585340872679877
-0.7101051248499569,0.15443107279376747
-0.7759507425325269,0.09384647500752624
-0.697431279920891,0.11423490164093571
-0.7081687016380626,0.1488342600097284
-0.6786063174850107,0.16130900014995914
-0.64886640049742,0.11067873127523614
-0.7288852644074452,0.09156376195116046
-0.7402399380499198,0.1397241323066894
-0.6954204397836404,0.09848166469366135
-0.7113763796279872,0.1623778777204007
-0.6897889525055872,0.12155372250204781
-0.7462566454577994,0.15283004624049998
-0.670600633231219,0.14075444438111623
-0.7324824854570909,0.11083822221867151
-0.735514684148897,0.08902450250994245
-0.7070078337970243,0.11356834259199455
-0.7515487061505444,0.08669287265789147
-0.6955489520304194,0.09112506491891538
-0.6345448800917451,0.1418757784318319
-0.7536594898659761,0.10531761660087365
-0.7595631077958886,0.10000006374078786
-0.7038159973816513,0.12195634019498705
-0.7451123871481361,0.10383455916619959
-0.7140169558180545,0.09273847640000163
-0.7051783538888595,0.10725393738144703
-0.6679301178544509,0.15243963104500713
-0.6999181182608246,0.0964317275495133
-0.6756016994590877,0.17068975701808778
-0.7154905814104525,0.0715185867435914
-0.7394617820449868,0.10290471521956561
-0.7061412294309579,0.08545204577478292
-0.6951625335036711,0.07111829913300227
-0.6974928504607669,0.08675334418662768
-0.7124975025593034,0.11563456291736343
-0.722065999602366,0.09891258991758978
-0.6708758122550875,0.12414927713590862
-0.7449728216857633,0.10056502291040548
-0.7242080103351226,0.11032178506280518
-0.7301367453340176,0.13425661685903287
-0.735788781908347,0.1351397550828685
-0.6887671491791838,0.06030940943265492
-0.760516190098696,0.10224046634681823
-0.76845991674799,0.11726839469202638
-0.7152833456551616,0.11390917971232362
-0.7409800561772085,0.1100360069981246
-0.7547351988112301,0.11716958551560526
-0.7645081173730207,0.1076333984541542
-0.7687635239499043,0.0933989797645785
-0.7562477300765608,0.13808531212239228
-0.713929385358283,0.1086390220597264
-0.7308749533828881,0.12403676390139594
-0.6690203504048564,0.10580059242186603
-0.6894915622588883,0.1339372960451612
-0.6968094287436727,0.15243282285579143
-0.6888409957865727,0.15190114050719197
-0.6561118253253598,0.18664613970055594
-0.7098123819109352,0.09814232158212066
-0.7081499793867894,0.11252635833815311
-0.6622843245510268,0.10293892381624643
-0.7407187638701965,0.09712643212910989
-0.7605738936019474,0.15156178044626137
-0.69599689062913,0.11562878701976481
-0.7298984526086646,0.12738426971837444
-0.6908084306522728,0.15947978703667373
-0.7149123526779865,0.0813790366281339
-0.7115748348050162,0.16186471193039456
-0.7444760701060594,0.13715674463060973
-0.6877692023090988,0.11641652398963633
-0.7552909750300695,0.08683700996385556
-0.6854474431978508,0.14967150462084144
-0.7003329078997971,0.15515814473276487
-0.6800799529393603,0.12257604782655425
-0.7479400299391762,0.08249534311192373
-0.7135736983856309,0.12842831273467958
-0.7065748196003084,0.0759395725021924
-0.7607099110440206,0.07968268562112124
-0.7493686069986832,0.08818515507064874
-0.7129387367539455,0.0640225777021693
-0.7558356133769778,0.15671268370917538
-0.6968399079227962,0.1566522495648696
-0.6733694889235483,0.08852003115899015
-0.6985777404604088,0.11825001285849629
-0.7617066637298396,0.10379491064239951
-0.7183309912493904,0.1035099537460231
-0.6476803745758288,0.10685143223534832
-0.6661996634530037,0.1494917589629126
-0.693392155592516,0.14437499027343353
-0.6751604195467196,0.15233722676283198
-0.6522522806415937,0.14472180332737478
-0.6965320340000474,0.09565635718516076
-0.6929712671245323,0.11981757763003395
-0.7379835070701776,0.12474266197748474
-0.6654010331214235,0.1424738882261103
-0.7015629803745014,0.167735652690029
-0.6733658428336047,0.1897539296882645
-0.7042705991725947,0.10093659431280526
-0.6773613427313485,0.12291843964254698
-0.7182294411271616,0.11951552660085935
-0.6599226033002058,0.13601452932238822
-0.6874093166052079,0.07716989275388408
-0.6649011054218998,0.09687820315580627
-0.7346692158483451,0.14970261124930678
-0.6652054896537953,0.1780485934284836
-0.7108041812535041,0.13968008916842473
-0.7162478813237061,0.10912720988230185
-0.7352144529015986,0.058434439498498206
-0.6641362846257708,0.13883988910120498
-0.7103399811005636,0.15014793967678375
-0.7506693809530133,0.09021095041577348
-0.674359563449505,0.14682587340962594
-0.6799757147084782,0.1268637136900406
-0.7542795761785794,0.11752545200434118
-0.7639617691361331,0.11687690928337903
-0.7263591718185453,0.15345319403932775
-0.7453529947518674,0.1288701776845547
-0.6766403190994009,0.12223936388446884
-0.6889150716731876,0.1316819504570529
-0.7622402176000536,0.08074970547687758
-0.6787704745741701,0.14034030751118973
-0.7376138454741279,0.08030027536401974
-0.7099142512398343,0.07769586215019877
-0.6648099937403708,0.12610854447394057
-0.7042488032321228,0.14933818771108498
-0.6943308095551323,0.05430248601857462
-0.6817465398798707,0.10648758273174613
-0.679493515180281,0.16642345258007651
-0.7000926734925634,0.12325281278380402
-0.687101316684948,0.07223636152804491
-0.6553889449075719,0.1300681773671816
-0.7625768639155475,0.049433046313255555
-0.6460300597542689,0.1567166213038134
-0.7163247819905999,0.14350068717374284
-0.7197166633725707,0.11136364313968355
-0.6864700940715407,0.16488659805209624
-0.6854691683339755,0.07009867788579317
-0.7455817362548948,0.055209375583117365
-0.7425690236567655,0.14986276915784189
-0.7284961451612252,0.08378543247188902
-0.7152450820532263,0.13880029437239552
-0.7474639907825504,0.07964993606867185
-0.747345330467753,0.09579286947803412
-0.6534593872142447,0.1808299949617821
-0.7611328699001205,0.15316334669897122
-0.7300130689859107,0.10464420823921246
-0.6621876706361696,0.12558839215612952
-0.6512908928690866,0.1764972695919161
-0.7463699127750173,0.07970109581315185
-0.6625042758345299,0.08185283557083779
-0.7705493478864843,0.13172956394473417
-0.7103285830012052,0.17719561576858614
-0.7083349113800084,0.07088295802368656
-0.6401695055790749,0.16262310854943574
-0.7239235757417306,0.08609627994081064
-0.7209798470082495,0.09927582375604885
-0.6924016544940901,0.16768621569489875
-0.7013020873630529,0.05858320971590029
-0.7406664476007853,0.10253873244770365
-0.7244722026482813,0.07120377649162415
-0.7132763192502678,0.14464259959707224
-0.7347378997305503,0.09697942977520634
-0.7600990622830863,0.06927997365211676
-0.7110442355154147,0.1883797920571274
-0.6669896714141123,0.08179988409232283
-0.686905807683751,0.14586357000961372
-0.7313345320458546,0.14765389336773493
-0.7392433344429705,0.11222928206386039
-0.6831807737118055,0.13903585804290775
-0.7427400584288598,0.1515159432746724
-0.6879780973405317,0.1668193151729737
-0.6866834600308035,0.1605095845635693
-0.7569429448606247,0.11759598925342064
-0.6478312633518456,0.14311153830696954
-0.7646645779886673,0.10778648065895538
-0.7070574429478869,0.13171337314348203
-0.7040954108700591,0.14356133453262968
-0.7702806171771296,0.12250483602672788
-0.7676638336109405,0.0783651560148612
-0.6828387362866907,0.1678871528497253
-0.7280101371930868,0.06628874802106532
-0.7364775850722619,0.09133341919182429
-0.7494569046484546,0.10193787334486565
-0.7300665476246162,0.11195237137837419
-0.6762894198384122,0.12501575878874244
-0.6716595740935212,0.10273956957091498
-0.7404838432073702,0.06731689245033638
-0.7594314661639907,0.05868441194730394
-0.7455530866845564,0.14940966694265037
-0.690394246263569,0.10539767768751125
-0.7151078272619139,0.0809957089677085
-0.7239521551219953,0.17980658831448001
-0.6694464598650126,0.09608875731023493
-0.7148668880514756,0.10516556240348056
-0.6604638576430382,0.1157093731624987
-0.6777774685915855,0.18260520458242044
-0.7020283975246154,0.1292833037937904
-0.7165406788249438,0.15134592070467393
-0.6935023343833375,0.06177166135999152
-0.700382821559348,0.14692830898737358
-0.709920179908425,0.15225720697989897
-0.6676506709035375,0.15323115678554627
-0.7184213262808894,0.1199715612241137
-0.7211951739419562,0.14362189471841277
-0.6769742847166768,0.10254584117118626
-0.7040762392506176,0.15339463778142806
-0.689726644118908,0.12247523641404846
-0.7087278708360192,0.10790128444627253
-0.675102563658484,0.08311797777383491
-0.7155496704458101,0.10592924811846596
-0.7333316281150256,0.13813312464019514
-0.7024910544713436,0.10860118833527792
-0.6594328494477532,0.1427731260195774
-0.6440311628413387,0.15191111591035383
-0.7803654979480571,0.10251924503105675
-0.6628378095757664,0.121798278268198
-0.7178470386361285,0.09852876030028694
-0.749084210436231,0.10688061570341224
-0.7061975584953051,0.14871656836671912
-0.6989147143167568,0.16607503074539479
-0.7511564174640722,0.08236519510177223
-0.6795660153853411,0.1461133757286046
-0.7315381352418453,0.09723155279947722
-0.752243981833562,0.11459835010549137
-0.6947841027202363,0.1292961878940315
-0.6813622174468859,0.1250089300277737
-0.7210444228377504,0.09220696732601776
-0.6833263012035345,0.1519930911756
-0.6595743121434962,0.13469338365758277
-0.6491148464138241,0.1768300797920688
-0.7241113167232287,0.06656675991467435
-0.7444795706109738,0.13305095248924464
-0.6652688967793073,0.11247392373171235
-0.7570854552170012,0.1053714446367993
-0.6870283302518232,0.16662142040440717
-0.7017976884255984,0.1396242358266346
-0.6754775338822481,0.15073673379068225
-0.7013991984500013,0.1419220158947077
-0.6991613943585184,0.09451308991286737
-0.6645472036114303,0.1523633031762684
-0.772856732475079,0.08823449614372177
-0.7318158997225538,0.10830014205670455
-0.7232451796348273,0.10321893030412212
-0.6622596224587505,0.10485999786369592
-0.731878461726839,0.058105195810581135
-0.6766786288520538,0.15997400008605303
-0.7128743854112319,0.11209447534610231
-0.7400722091898617,0.10941880837718436
-0.7371696185086988,0.1307413743576277
-0.6952284488909375,0.10069724300308157
-0.761027914507877,0.12496801376477205
-0.666185569387672,0.1452102268044344
-0.7588877794924449,0.10391414044963365
-0.7183761099751458,0.09222277512242602
-0.7090236419431951,0.12925101994111213
-0.6970253827348002,0.17345908149781805
-0.7333703315600547,0.12681439566154096
-0.7281786237659135,0.12356648416121291
-0.7003896699994113,0.1347968417628235
-0.7692103977940805,0.08721093557176386
-0.686926521631152,0.10211346354641777
-0.6883067195697538,0.14168197494453771
-0.6449761763679008,0.12000740359216143
-0.7684417968611112,0.0951635767871531
-0.7034210488638083,0.1262303390268635
-0.6751069622686015,0.13790990944017328
-0.7310303027899203,0.05565097504939104
-0.7786951542245147,0.08514930940379756
-0.7384102873031978,0.12833093001442397
-0.7073735831588525,0.12679513695697867
-0.6971421261696383,0.08575319594492235
-0.7317292555612669,0.14022348200901172
-0.7722586355213098,0.11503016830782872
-0.6771400221204383,0.1203292329153422
-0.6643302066770174,0.14702845649680446
-0.7111201645720236,0.08196555651665977
-0.6948266096183391,0.13848725568466008
-0.6957103740077341,0.0984047144370386
-0.7202092645226743,0.0684853356575864
-0.7797438064178601,0.07851243851048055
-0.7802056233924222,0.1059891919261227
-0.7496794680171146,0.12766961643590613
-0.7127805918135336,0.09067851295973471
-0.7324604987419436,0.09715884101751895
-0.7072863675214032,0.08830548739607419
-0.6544055274823023,0.16690926447170296
-0.7116020594392889,0.16146198962517289
-0.7474464344082228,0.09166344391796896
-0.7394566818544692,0.08652813041599947
-0.663025149276657,0.17977681510037904
-0.6535209763803201,0.13950053001764356
-0.726041390801968,0.0915729115462117
-0.7417206303006106,0.12919665839117275
-0.6689514200441575,0.1776583707482939
-0.7111953997747876,0.15588053350891948
-0.7089161474145056,0.08936763213809522
-0.6639807195820965,0.09265796096330518
-0.713411574727656,0.10190646392251318
-0.7200460157075749,0.10042051418677683
-0.6597217020732311,0.14435669148686825
-0.7100871505139528,0.1015665578970609
-0.6454739570918054,0.10915763397731688
-0.6930842452970734,0.1109335113240433
-0.6801510269655905,0.14211339111129132
-0.7186918068771209,0.05388486938693778
-0.742529909505406,0.11464170022560914
-0.6880987620658962,0.13821047668511774
-0.7690452073119802,0.11646722587602773
-0.7351560876123188,0.1757552359448412
-0.7145101255350439,0.15232051634216678
-0.7719738380303556,0.11030129471958817
-0.6890355669150068,0.123008500231329
-0.7185598699627915,0.09513468876298159
-0.6639514141495881,0.1481796942009588
-0.7398119105074779,0.10523555870978954
-0.6806820781156885,0.15525952574734994
-0.6575270174905826,0.14989445981985916
-0.6913421665888171,0.07839151395211133
-0.7212323984534476,0.13835135948854774
-0.6810844484295264,0.07554066484174309
-0.6933207675953105,0.13859162565604202
-0.7335671364004083,0.07174334605005205
-0.7502757982772927,0.11173502561115885
-0.672218621357933,0.15088842552403292
-0.7130406255603869,0.08463247520801666
-0.6570403998769799,0.11862974075240706
-0.7231361464778882,0.06698774318611495
-0.6423846350213286,0.17107314123788758
-0.6555660488572067,0.15578308890359854
-0.7060013081003235,0.08812844668537706
-0.7483245243469668,0.13464617281339045
-0.7048633507177289,0.16646364851220957
-0.6663182345005891,0.17794938139583236
-0.7082783709557183,0.07633330056934473
-0.715743951679167,0.07387197421850275
-0.7009111731768322,0.14946402484529334
-0.7193405455229273,0.09833966335349552
-0.7616681457345557,0.08536001373257002
-0.732589074428482,0.13735675207617998
-0.6912630339124768,0.11292790869503379
-0.7093283897421286,0.12871409471934683
-0.7459212583891198,0.058160265136498204
-0.6916605835675036,0.09657188787717867
-0.7166148218403711,0.15916953183124616
-0.6939534867849425,0.12311044152163507
-0.7343600795704026,0.096951862944839
-0.6701214685450249,0.1276561388646983
-0.6973192444008344,0.13207167832430147
-0.7371617948283382,0.08414820975988889
-0.681606416388778,0.13793185178966272
-0.7344542668662013,0.07470932849539873
-0.7297697192456472,0.10656296281189426
-0.6840575946620746,0.09315333524922806
-0.7003930161906867,0.1039480462797729
-0.6731179530873826,0.11009405506248136
-0.6959791254331088,0.14699094122621245
-0.6815200467049044,0.10061875342398637
-0.6780668760500368,0.07450541141078643
-0.7083012613526963,0.16415117434927662
-0.6956297084745572,0.16161597113528456
-0.7558086793675454,0.1317235941229069
-0.6854777875272501,0.10732921073788984
-0.6556618249555409,0.17751220284034072
-0.6956217741761553,0.13813294635640913
-0.7492697323239416,0.0873801728755798
-0.734332780919269,0.1385128235279743
-0.7632686471227413,0.07844217907987167
-0.7114158304072965,0.17117808907921037
-0.7103778354334306,0.08923110205139603
-0.7021224817676257,0.06061124587823264
-0.6668478386165808,0.13882173123645594
-0.6539270171496694,0.15614715396007464
-0.7627832302803973,0.10107164510155241
-0.7175576145361027,0.13298467411741383
-0.6676136201892632,0.14876347929566752
-0.6944633909015887,0.1627257129118544
-0.7175330151512253,0.14915242255370778
-0.6689397485728027,0.1137827426423662
-0.6865044161428977,0.11260617389034679
-0.7223655282836828,0.0941426564750062
-0.6952233462736465,0.07834893457073869
-0.7157243090483846,0.1662984843421056
-0.6630892344703742,0.15699619236198525
-0.7521917462539509,0.10042365401875766
-0.7231582955585151,0.10476181730588216
-0.7541267242268139,0.09242545403249693
-0.7086980608528831,0.16896663214195665
-0.6888322378003903,0.09166495136141085
-0.6742587764484395,0.1503321103974435
-0.7203955939949723,0.14318092964486273
-0.731266405167077,0.08495296347567916
-0.7167084281854321,0.07113620255576084
-0.6901511089211425,0.1296954569680199
-0.6914166662290595,0.13190225961252328
-0.67845817259455,0.1645653340170162
-0.7017585520508021,0.15802771879718394
-0.6917856338315718,0.18732181212413002
-0.6805046899675944,0.10304594599235888
-0.6511049179809866,0.14305713345115054
-0.70027477235158,0.08741325664030888
-0.7291380677685553,0.05857660066427922
-0.7679410567131354,0.07706468076617758
-0.701016004560779,0.12432286042973106
-0.732303064507957,0.09414966290523853
-0.7506937258802219,0.08353142635297679
-0.7533886191777033,0.10318123115695041
-0.7627681635730197,0.06835340515274971
-0.6907572921490809,0.13220996242021388
-0.7088718872452863,0.13137761942911075
-0.742941374734165,0.12534977429208932
-0.6758506508579094,0.1302663864637377
-0.746726584432889,0.07326199201564376
-0.7338854075627693,0.1462422265345819
-0.7071078620228537,0.15414284851790305
-0.7074764125993858,0.13586565158946112
-0.7659103940651024,0.10137352527395113
-0.6989822435832749,0.10774867595533885
-0.6910265047444134,0.10784402736115167
-0.6612703886198196,0.1410624837697614
-0.7638664401811525,0.10440270903026322
-0.7056130132762345,0.12700842341476803
-0.7368023738548756,0.09508661303458894
-0.6477946097185333,0.12474432279473086
-0.7350820877614909,0.13636614800511931
-0.7262983438459096,0.14697381344468405
-0.691544477899324,0.11578362729702685
-0.7378492555386905,0.113767130834181
-0.6515331600370308,0.1516392208947447
-0.7041928652028185,0.1287717291298238
-0.7361009083631798,0.10025489020573995
-0.6661919500321755,0.17175324178618398
-0.7086511115015348,0.10446031013724143
-0.7018143542712115,0.1364540410436747
-0.7223364488785339,0.08418723388936765
-0.6493817099707111,0.14044071826561763
-0.6927693463229909,0.12759551358926252
-0.6752531871282236,0.13253711618192263
-0.6744215549640562,0.1627999160978493
-0.6900730720393736,0.16142424600713523
-0.7308074498766363,0.06480909072657032
-0.6854010644328397,0.10174802458997505
-0.712582206518773,0.07920316150227809
-0.706260065696713,0.10282251381921474
-0.6712941474608421,0.11627072676134449
-0.7396656566835069,0.14810476129275274
-0.6658155856060175,0.1190141598328531
-0.649658943643607,0.1674701487133093
-0.6790030265964165,0.19083741711315924
-0.7241369801814644,0.05856074698059102
-0.7411443801810979,0.09001983213776635
-0.7031926039445486,0.10079721364530332
-0.7208564004576874,0.06647243183675605
-0.6877266649302021,0.08874257151750226
-0.7386557856649502,0.10423132593039465
-0.6932869739357926,0.1545304290723283
-0.7565349028818514,0.12218680437031029
-0.7444392818863602,0.08274750675076359
-0.7140812663871509,0.12936225384212188
-0.744209543475597,0.12891440473055626
-0.7117909703908878,0.12692997040927825
-0.6370684701472908,0.1409866909445953
-0.7405520910241313,0.10744454246047182
-0.7233996640890242,0.12033733926079257
-0.6654112202030872,0.11775426146396613
-0.6362642553283792,0.17116172595834483
-0.666235377686796,0.10674371306270317
-0.6867350533020172,0.07799421352546704
-0.6639561661724347,0.13229773209366152
-0.7231642015891159,0.09552569186346595
-0.7052844243561213,0.08426449269911052
-0.737512484140545,0.0874013239311349
-0.6610279564493875,0.1346546734668682
-0.6474111541664699,0.10687311238713684
-0.7417806522627024,0.08689679566513686
-0.6807421282028728,0.09741078265987597
-0.6558528111103176,0.1603203554202437
-0.6967658757219375,0.1656995391731633
-0.7284942307251988,0.1269733103142222
-0.727082534003174,0.15791341169378678
-0.6606668202398045,0.1003663513782899
-0.6582252844058456,0.13842472211194523
-0.633258725285958,0.14974126803382476
-0.7323555088655888,0.05782209156557433
-0.6679247097799323,0.10975641592527158
-0.6838666880758268,0.1179883550813234
-0.7463490985735856,0.13101197380513496
-0.654716741238456,0.14235054567760386
-0.6979027163199704,0.06907589472460353
-0.7403421624050789,0.085707382882094
-0.7116912198247679,0.12976899362521177
-0.7414745521999141,0.12136842179094613
-0.6727074602968354,0.17236286989013783
-0.7338031202806645,0.04530960697089234
-0.6994851661420043,0.1795238536440538
-0.6498442194437248,0.11735725254879369
-0.7306144166636801,0.12395403337146596
-0.6560141336665958,0.11914772650386372
-0.7580929929193533,0.10808326413968768
-0.6929908137387225,0.146392359204478
-0.6754058533228678,0.1458835809605777
-0.7132996085036956,0.11158212670863075
-0.7425186476687338,0.06744009885556343
-0.7029440742737927,0.10287339975322675
-0.6840578514450524,0.15594102166318288
-0.670277805581546,0.11390716567640016
-0.7059447513861686,0.11064520932293055
-0.6885064705485108,0.13940504045978497
-0.7236249423982655,0.09155252507275852
-0.65909268462479,0.112593839136118
-0.6912195834790031,0.08149224455793683
-0.6970381156251234,0.17466969391741138
-0.7143045409349466,0.156832468621414
-0.698675341434534,0.09761962566793714
-0.7072458263847696,0.09554450816817406
-0.7206225410472737,0.13321762376450258
-0.6988251079792339,0.10425879824827808
-0.7331032472597262,0.11752982843166414
-0.7249028670454948,0.11846000761677104
-0.7651807361440257,0.10981920230345484
-0.7049822534807108,0.15251581801406064
-0.7113193830462626,0.17273597349831762
-0.7132314908272042,0.11493006256607496
-0.6990882943758299,0.13678134201403888
-0.7064908163170146,0.10536370791899627
-0.7163784832268786,0.13072155978612018
-0.7042239301975622,0.09910039440677554
-0.727848776978786,0.12419653220577954
-0.7190943752210279,0.09773490954843067
-0.6903038289210588,0.12389999350925639
-0.6565068383062951,0.15822199696209008
-0.7103973298145051,0.1094411236120075
-0.714803189456774,0.08919930351374175
-0.6949557749812519,0.1757392288860799
-0.7214785545313188,0.10620659897823152
-0.6818291878223751,0.12215522633114206
-0.6670158318035967,0.11760901988071486
-0.7248120063126718,0.08618847867004016
-0.7433560452741425,0.1182720070964084
-0.690047407872471,0.09953762926373158
-0.7161503574595983,0.12567739859911017
-0.7091053006605033,0.1646883414629901
-0.6967936173958651,0.1675203810597349
-0.7379495412682749,0.15558769662167304
-0.6652007557809193,0.16989075468165005
-0.7014364604229942,0.0897792380989643
-0.7170352786627288,0.09509018295748381
-0.6542609142366942,0.11338519589617536
-0.7105369772173945,0.09895236453093921
-0.7039596015839558,0.09701627471951907
-0.7324734873561585,0.15234421096483886
-0.7300689757223102,0.1320613779767422
-0.713271718615369,0.06790511966720426
-0.7291518331998781,0.1003356777409704
-0.6955486194029921,0.08949047541066935
-0.7442581741532015,0.07928789716732292
-0.746266632615849,0.0735596296105391
-0.6679389967395061,0.08809577544230326
-0.7123631727143964,0.05579433469352551
-0.700172380718824,0.07804968450755127
-0.7197818666197947,0.1623797594090252
-0.6622737376637083,0.13806630621000732
-0.6721389082138142,0.11097729417385706
-0.6729465631983084,0.12857731360807662
-0.7519730287399095,0.08044494642198073
-0.701951880117053,0.09164202411745513
-0.7042804249856753,0.09553423872343839
-0.6828998752838621,0.11640831064135529
-0.6879544732863248,0.1383562505310648
-0.6766932308371024,0.08952312926210393
-0.6846001665312329,0.12478082883387578
-0.7126043203771244,0.1270949223985385
-0.6862969614263249,0.06555871608561054
-0.7412022159900604,0.07514121819829776
-0.6890385961237439,0.09690421730177919
-0.686563859575402,0.12029025873540747
-0.6896136478103846,0.1077256564749206
-0.6825091537879262,0.08785196166987562
-0.690617128274859,0.13443903419860603
-0.7284037805683168,0.08081040430738756
-0.6992859501735508,0.05483307715755278
-0.6935589730380268,0.06966685495308869
-0.7305753426669442,0.07172835699013236
-0.7184332822114939,0.1049664292517102
-0.6811277062830088,0.10980924827725339
-0.7269659454038389,0.10932966033060348
-0.7651993558043569,0.07147667959267609
-0.7414989121181323,0.09130365016587522
-0.6922494925874195,0.13285726294236821
-0.6849182981345324,0.12738605983957244
-0.6683628796453954,0.16108622968812475
-0.7240143081977446,0.11280525946370346
-0.7509255418472278,0.14826055118884104
-0.6644574385509923,0.1765301413461969
-0.6829156832668154,0.08189568124297371
-0.691609112120418,0.16260677069861
-0.6883176460422726,0.16816999733095817
-0.698973862876053,0.12529684750194048
-0.6966972752736444,0.13679427459855156
-0.7299203128279217,0.1710359032089218
-0.6962924760905402,0.11871447323545979
-0.7054619212585649,0.05848185417925282
-0.7093009289019342,0.11413871919792931
-0.7552208986382223,0.05293365767817395
-0.6851798831356947,0.14273943780223466
-0.7174406619909518,0.08852926239308258
-0.7035792495433691,0.14299989916886774
-0.6693018946845247,0.1679128107601455
-0.6731176917840189,0.09890780894574412
-0.7647836611179233,0.12826044573118783
-0.7354060501361664,0.045130453639660804
-0.7609662810851484,0.12795389788184022
-0.6894505044340916,0.14561045862311459
-0.6921664114277438,0.130828705060083
-0.7284117985686709,0.14027815098268367
-0.7397724363205396,0.12455754896014
-0.7031234863125231,0.1220813621519055
-0.7142761171850666,0.12973778104588976
-0.7168145414153222,0.07202131599382106
-0.7020484039304037,0.11737665316166619
-0.6914096580443371,0.13662792438666083
-0.7598199223634934,0.07684479343530237
-0.6890233761423791,0.132681781851046
-0.7212693550210767,0.10293526118956949
-0.7312317467334923,0.07728233833572944
-0.6772105949062559,0.11816733195932325
-0.6858810559240957,0.10528296807866133
-0.6822086109270602,0.15027463476710648
-0.7331926464411574,0.0908040562999504
-0.6575513623909254,0.15677341950155071
-0.6912275037628598,0.07526396413128626
-0.719617857838879,0.12851275093307996
-0.7015914497561269,0.12301916261402698
-0.7163445312654169,0.1390353562841751
-0.6430051049742656,0.18151787326827973
-0.7099115397285558,0.1465254345073788
-0.6502126528456066,0.13287559439653146
-0.6976556770821389,0.17380070504846673
-0.6993357884774019,0.17810048746320056
-0.7063442639968381,0.1371273041640439
-0.7146519206450017,0.06870648611642148
-0.6836137479742898,0.11169266709003002
-0.7026099186958337,0.17772757197852138
-0.7234470758593292,0.1487326798629237
-0.7088322533383157,0.1544828026880122
-0.7158976772732244,0.11771700299428363
-0.670657595605882,0.17970854049072776
-0.7324074865646425,0.07227924035300051
-0.7101123981732097,0.11117235414106692
-0.6352657005666917,0.15571350986779908
-0.7169224827639445,0.10550722357555965
-0.682510134599392,0.1647463467430269
-0.6999337821180738,0.13499899307275848
-0.7360524373875457,0.1062312773745447
-0.6446545890294525,0.16061809951603154
-0.6845039281336964,0.1453813308024849
-0.7238030394096873,0.11196645641749267
-0.7511767513538963,0.13658011110730653
-0.7273454244745207,0.15020688412983912
-0.7090420215616464,0.10540591372549835
-0.6640762060026489,0.170827690439334
-0.6772930534051737,0.16090808999681436
-0.6665263543957105,0.14844238357995632
-0.7582717061515125,0.05999340003066225
-0.6616018731301984,0.1279865523488976
-0.7171978472373983,0.07250804175491857
-0.7292825243511523,0.12265007766993667
-0.6953417695212494,0.10917125851315015
-0.7098173314384109,0.1357665062737427
-0.7034833671241277,0.09687413698975994
-0.7175621756908427,0.18374336214517348
-0.6423055323859992,0.17910301735603762
-0.723375458222693,0.09485618143133678
-0.7040829475192847,0.14463465194919362
-0.6762220678284427,0.07301006174554164
-0.7089663555485284,0.06576230997102447
-0.7530593484230259,0.10302411165861071
-0.7465078639099694,0.1340339664405803
-0.7566781288088174,0.0860872240428417
-0.6465350838571682,0.13904101533540725
-0.7077250829076784,0.1472705125347607
-0.6753996994697724,0.10147698404254685
-0.6707255089269643,0.1698652085837449
-0.6829664030270234,0.08713231336691869
-0.6679827472296205,0.1791027773009193
-0.746661477582637,0.10643493909219535
-0.6466834717404896,0.13468038098737584
-0.658041296513833,0.10444910292292979
-0.6689761782524392,0.15458768082689275
-0.6868509505441016,0.1294152891338268
-0.7578733281229189,0.08297433474552339
-0.6999455568188022,0.08208321676959267
-0.7392327555719802,0.13566819340224898
-0.6791830523542216,0.15972947287934047
-0.6713527287744508,0.14438521383803082
-0.6651865038296195,0.09927490942671122
-0.7151234896527489,0.05795046826612194
-0.7317875641574298,0.09138341332542535
-0.7049137863937864,0.14021929991710588
-0.7396863477000524,0.12482226643685551
-0.7451213814511725,0.14719043207446428
-0.7002663627844864,0.12825910841710556
-0.7589531643376589,0.10223558815044821
-0.7159785873932852,0.13595791439132182
-0.7419197957542757,0.07503325919049124
-0.6555699153394371,0.15615372745707123
-0.660776979033844,0.16447604459770915
-0.6870376137572564,0.177557737148385
-0.6828637754055041,0.08307512262559173
-0.7024429368948727,0.16281031628050083
-0.6924731631427181,0.18912861071399215
-0.660655556147181,0.0991568555278501
-0.7653603077261278,0.0874320523228399
-0.6594962012287579,0.1524680252163544
-0.7091267532677354,0.126304121272075
-0.7672541881062118,0.11783664783563488
-0.7436525830961446,0.09695844241463854
-0.6905647232927642,0.07970571673040192
-0.7147778963378797,0.10548310845066156
-0.6880664451499138,0.14803176846399035
-0.6819602877261505,0.11744234689685973
-0.7191114560822108,0.1381486299413219
-0.7130704886325189,0.11962276785424918
-0.7374768835622195,0.13264735617621753
-0.6470925699330636,0.12140866504870133
-0.722671147220032,0.08665291244116838
-0.7173699591762785,0.08915301767819336
-0.686879979470322,0.12032456154861244
-0.7242747161685025,0.11428667579448741
-0.7641985623324963,0.08362278882449574
-0.7311981196921443,0.127572320389349
-0.679510108534899,0.14748504129293205
-0.6389742168827356,0.17115355734627616
-0.644855641049947,0.12815512243802424
-0.6730329139417301,0.08813662593323328
-0.6463616825459874,0.15225653301214356
-0.6628627164820321,0.12505790287248517
-0.6960323751162755,0.11957083820103431
-0.6768058100534049,0.06923259410133754
-0.7362357405756723,0.13675771881262005
-0.7479794466832033,0.099790420390214
-0.6831689519941777,0.1217879328183027
-0.7292310841546209,0.13174099118867716
-0.7526450755071684,0.08875037819137764
-0.6908153309196473,0.153154166888897
-0.6988447288909934,0.1496084743077656
-0.6939114934171379,0.0946423917454586
-0.7418515361274612,0.10970644351267443
-0.7106109846364133,0.10934092160682053
-0.7460916448249096,0.12541388905259504
-0.6674726744121767,0.13576079377642988
-0.7075503655654447,0.12766017524597734
-0.6686875004151515,0.09906942392347662
-0.7170027655820118,0.16411488194540577
-0.7113162394128106,0.13372066239394048
-0.7116143959632689,0.12931451040633007
-0.6940941608185425,0.12261003100994629
-0.6497276364760081,0.17419073118297462
-0.7415642842496819,0.10641222350391459
-0.7259489354908394,0.10096987484926156
-0.7302735791096182,0.14861898382245112
-0.6694072151699088,0.1322801049392154
-0.7110832477653938,0.09047700541198817
-0.6716806974153089,0.11052307987376801
-0.6847217669273117,0.09977940344669878
-0.6429376903143678,0.13542136379434785
-0.7260736874292765,0.13120090804942888
-0.676239954002539,0.12736347288281638
-0.6752907844983121,0.12971791195751434
-0.7410968375786962,0.07725780750127637
-0.7616816343987413,0.1279956058873503
-0.6720035988744999,0.154882457868862
-0.7277785560232725,0.12965966590210357
-0.741837679654109,0.08764841542127613
-0.755332012848857,0.106710882475299
-0.685525755238646,0.0994544813159746
-0.7179755857008446,0.14434151685749694
-0.6870595678966444,0.18814926280080976
-0.6733504268977493,0.1311899667752356
-0.7057119299803406,0.07458009624706782
-0.71471627316799,0.1105599638770566
-0.675180452551345,0.1031961231553981
-0.7380540331354374,0.10591411589889597
-0.7217540510210811,0.15519253040594258
-0.6664195884873818,0.16893459840366049
-0.7225917554245044,0.17215067859308028
-0.7196752798847493,0.1266527871977801
-0.6701073658229121,0.17886854296948831
-0.7117994812873936,0.16827862153259923
-0.7299732174162508,0.09520378938537614
-0.7375996482051524,0.14202503468283115
-0.7390053761101206,0.04684159109111299
-0.7094978571943262,0.08726544730690167
-0.7346165739712006,0.0873051827463258
-0.6766815007779445,0.13718063842710515
-0.7694101319170789,0.1347656508780224
-0.6580090313917935,0.14403252770119948
-0.6625817595007986,0.17241516787296385
-0.7268963259485969,0.12814623242119122
-0.6653781479098246,0.1405705590923014
-0.7466752491033309,0.08508116260411411
-0.7159274982924978,0.09413054886121636
-0.7457467766227522,0.05376898428862313
-0.7087415304547077,0.08715845411556385
-0.7189098781717744,0.14106697062736248
-0.7481063098633189,0.09793230020753119
-0.7496340435984304,0.10384272633781134
-0.6835954025773583,0.1640906611525022
-0.6712753753694584,0.11733563251418022
-0.6928858641451212,0.12528054551834789
-0.7332417540647641,0.09141246582130506
-0.6692089946306585,0.1175070413154933
-0.6863615376014691,0.09713910621214705
-0.7379165586032601,0.10779112353682724
-0.6873917435116977,0.08794398459050931
-0.6760758865212102,0.1593930047138331
-0.6644895935102152,0.1556882037675343
-0.7471647778983872,0.10683482171616282
-0.6882494094920002,0.1131800349008401
-0.6890921545534304,0.16945481688340094
-0.6825367936768868,0.16821209393119022
-0.7263660221706281,0.11395370055475193
-0.6467042189524308,0.1396575379588949
-0.6835110843627114,0.1149967182482811
-0.6922688973354386,0.13538189341898213
-0.7309623424314525,0.10905328166309258
-0.6832523741218117,0.08551796129297554
-0.7269900950473834,0.07426108098963015
-0.6581190435539475,0.15681401199374964
-0.7338658925951979,0.13774686652463772
-0.7071638976927109,0.11033328053062892
-0.6909357072071722,0.10904198891787972
-0.6594026467300532,0.10267964386296037
-0.7424847906639764,0.11805912653241504
-0.7039560713243136,0.12605954675765332
-0.7672149374968755,0.09349101153180175
-0.651661603983526,0.10991527189234392
-0.7326071381797565,0.05816255823600441
-0.7062558051529255,0.16782559550252021
-0.7086661513409823,0.16906607688648073
-0.7502376219023115,0.05209634646218549
-0.7338584251677268,0.09807083061031878
-0.6826014272523533,0.14503726396585642
-0.7443663556224676,0.13232837778061787
-0.6877367265892262,0.15475437850919574
-0.6561097445003132,0.13072166359076812
-0.738448831768708,0.13336330861884618
-0.7358285907637575,0.15965332603134455
-0.7644185716208171,0.08975535397181487
-0.7372094748306505,0.14084997345964714
-0.6694170196994824,0.13996311965128652
-0.6843520336755322,0.09464728465790759
-0.6776812833913958,0.17251565587186113
-0.6721729830381823,0.12551261496991017
-0.7013683899390298,0.13414864526032863
-0.7678991274298753,0.12801948348893466
-0.6737015247355689,0.17653603254394865
-0.7316616497849301,0.11531459647845813
-0.6617571490626277,0.13595656853557675
-0.6557894754889166,0.11751916866783267
-0.6583930306417187,0.14174153537419418
-0.7200627867895666,0.12688429599960732
-0.695278543780543,0.06654536152200126
-0.7368611704757579,0.07485338298917554
-0.6733029163526691,0.12872365131590835
-0.6862384085126382,0.08192266117205697
-0.6491717452516944,0.16487640174389664
-0.7404987785943067,0.12364520371637835
-0.6951705531416053,0.12136984261079933
-0.6963957234885142,0.18300327083737322
-0.7106823784567444,0.13848021756837822
-0.6667315745750865,0.11959401902026319
-0.6507382805933369,0.1084993759911518
-0.6875295154827561,0.10714393486153767
-0.6858627427895035,0.08308894789770153
-0.7153656828986765,0.14092371734357623
-0.7059301204095451,0.08762767627977507
-0.6760062512887995,0.1350198733835293
-0.704924721447223,0.1288640393891133
-0.735844956142771,0.12951966384210534
-0.6901274382517256,0.1071359152772302
-0.7553081530566644,0.12713126542754338
-0.6740750279500289,0.11199098347700832
-0.7426872646520127,0.07141028183658316
-0.695027111640231,0.11244235240643984
-0.675472823871909,0.1251237819964786
-0.6653570470878174,0.14719052183920905
-0.7620229619070924,0.12167435405021836
-0.6891527615359503,0.12366723291837521
-0.7277810749533369,0.11223903908465913
-0.6784350639863973,0.13859961068195836
-0.6611479948193532,0.12052545638330286
-0.6856147303603063,0.08234852159415412
-0.7290293913462288,0.06620467842909152
-0.7013093298980289,0.11695434735071437
-0.6477740965169957,0.15837040347394055
-0.7172314961234513,0.11953642256832472
-0.7050819157984608,0.13385885051391258
-0.6674521725405662,0.09903442973230926
-0.6991442295403879,0.12906480322266356
-0.7473030267039149,0.14692770402865632
-0.6760031252352078,0.10762780811867727
-0.705899136400485,0.16024051220547175
-0.7500347155509369,0.12997830976438446
-0.7663027272285741,0.09311326975228568
-0.7369853003338608,0.09906013844289195
-0.7173296898099335,0.1042249161434688
-0.6446069496515058,0.18328881364319066
-0.7068941144630344,0.13571005847555495
-0.7280422814869623,0.13194184814157
-0.7590489180551064,0.13916575586022054
-0.7033277540167352,0.06675112527837451
-0.6808943916225374,0.11827363055295806
-0.7323916283449222,0.08926391002477724
-0.6682179929818933,0.10613331501597846
-0.6629322833038329,0.1491320872716623
-0.7312313271247812,0.12790555631880074
-0.6790112119266968,0.11130847115260016
-0.7697572614341609,0.09225333000813488
-0.6436922489240062,0.1640988639479158
-0.7762112784146733,0.1036870224460299
-0.7061114436287184,0.13592269061727597
-0.7613952182966612,0.10322475386909033
-0.6928795264430682,0.13541654267931824
-0.6913141727356718,0.14777184890732323
-0.6811848036338386,0.15734406831901246
-0.7167754480664282,0.0879831644167249
-0.7352401833524609,0.14164852859132684
-0.7096637989169599,0.09504222847390427
-0.7184639036132325,0.138770043840229
-0.7261642618073608,0.08773243013423526
-0.6766038249972535,0.1426162011600318
-0.7129453910752709,0.14325191147869146
-0.71608614196933,0.07099576099717536
-0.6934575209813187,0.08723301413276002
-0.7177539450322509,0.11385226315660331
-0.6826161036965638,0.14474537524180334
-0.6568117109142579,0.17754500195284384
-0.7224016550563669,0.07830081995532368
-0.7544229701926003,0.08810150127681371
-0.7236155745281334,0.10896907382499608
-0.6601039863055763,0.10849141453940059
-0.7229336673824197,0.13448106682777985
-0.7015787283004394,0.08683489877485857
-0.7217697435297633,0.12378347563333868
-0.7546472352652281,0.1068802312316785
-0.7160095798312712,0.10735288609482432
-0.711152533699447,0.15120004562789563
-0.6715776134436148,0.12955205659118496
-0.7142316346820362,0.12189339398906597
-0.7382957365315113,0.15532286752094634
-0.6770198790306939,0.12223619183952038
-0.680629476515591,0.18263542258340923
-0.6550236876459807,0.1698494923536897
-0.6874407427335775,0.10252593767099172
-0.707866071622966,0.12934285769762474
-0.7075004846449567,0.09192895983344841
-0.7248533387255461,0.10106948241991257
-0.7093702997355871,0.15055240231551523
-0.6673582222801732,0.0899887994809597
-0.7113974042921432,0.09311624098048146
-0.6394401471204575,0.14927510030431268
-0.692903778388482,0.07662003768309915
-0.689619170013143,0.12472775783628579
-0.6486211045671477,0.12995144018501395
-0.7120996959340574,0.1130261355881891
-0.6928292082677794,0.1792921941637345
-0.722575731072586,0.12328188133074851
-0.7193234903997758,0.14432623581265705
-0.7006448509526966,0.08563726469684908
-0.6512765289032525,0.16810448431947794
-0.66840654269964,0.14391876495927444
-0.677247334196801,0.13449277700160925
-0.6664292235087043,0.0928159327631012
-0.7627709429928538,0.09389788784509139
-0.7098556878498906,0.1207355989923247
-0.7082615740419655,0.14809279815227974
-0.7541388143277755,0.12953970819160124
-0.6922241160145536,0.0965532265786481
-0.6944936372830773,0.172066986259894
-0.7456340523385586,0.11829143649341634
-0.7269697182224935,0.04842243217826698
-0.6700747963501191,0.1106330853032303
-0.7154320949022338,0.0797892670762033
-0.6703401383241531,0.08060160345264346
-0.6949165126030387,0.09227503973396141
-0.7266187151338862,0.09280619387513718
-0.7037500214081898,0.1434159273537252
-0.6605065750229112,0.16387282566860675
-0.6904072140189641,0.08427313066970785
-0.6690284454586738,0.1917260901641101
-0.7431590480850623,0.1310430973788859
-0.6599194523629808,0.10273788448095432
-0.685274356110589,0.1565964815348448
-0.7080319396458712,0.12676870540383497
-0.7203843715143039,0.0823987812014619
-0.6987871523885457,0.1451294186214064
-0.7609033414380272,0.11004171294983298
-0.684680510493689,0.13270474049931777
-0.758367801986245,0.13161215466422777
-0.7168607275833145,0.15532087646930334
-0.6565976584585764,0.10122093511141259
-0.6712588939942165,0.1374006781843264
-0.7461277820864525,0.08089974966679592
-0.7230322516224292,0.11584321319227069
-0.6699200834721353,0.1682141717340271
-0.6898039899627478,0.1850883699655221
-0.6713244321484522,0.14726265640806196
-0.6660108573641785,0.12955904963852063
-0.6913256725573834,0.09389836860509179
-0.7361842929545138,0.08250488043611745
-0.7093650671660603,0.06989285636356615
-0.6850215033523975,0.10465646666559231
-0.7023945526767257,0.09172392306456195
-0.7326918887723124,0.14014509824462548
-0.6912459660442494,0.10878584112673181
-0.7532638961933338,0.11128829642771891
-0.7536055333924857,0.08938384838308795
-0.6910575661382264,0.14372004702001578
-0.7209836786427083,0.13133558649390145
-0.7341364054043464,0.12846724653699923
-0.6538779694278976,0.1512533455663736
-0.7433092158325443,0.12410210722494561
-0.6993349713284518,0.15401357420442807
-0.7499853727961061,0.13227153406978331
-0.7413656339011778,0.15880297630788562
-0.6874986004382853,0.13018749317818215
-0.703577743237276,0.11009633077554927
-0.7154074063558166,0.14789184344520767
-0.6987289992941373,0.1522751890163271
-0.7148027680954372,0.12566511647776793
-0.7511334405175142,0.12687599053274398
-0.6801541467586154,0.11975480443273605
-0.6956430240614928,0.1723711079327365
-0.6968763422352993,0.17202546955917195
-0.7121123796456584,0.14773930242318697
-0.6851259280460382,0.17954691670949466
-0.7089407027128013,0.09592764585678133
-0.7167053815570694,0.1275334418000401
-0.6547920386464732,0.1318472712528694
-0.7432053208615624,0.12333168826904133
-0.7470944177041046,0.09550477357092373
-0.7111953493067581,0.09437337895765521
-0.7185968274528226,0.1289962319270537
-0.7104703346439197,0.1725048808048581
-0.6471211721718106,0.1460817896655895
-0.6746349102025349,0.1661084234565912
-0.7041906695079652,0.09817745184520878
-0.7358403683468127,0.1020349218899733
-0.6698003566425584,0.07719842361008909
-0.6678777623853164,0.1248061413753037
-0.7196491867923412,0.10096208623862782
-0.7487049944100186,0.11895744104467887
-0.7106700002958015,0.13344971698495178
-0.7259841009338638,0.15383536401709172
-0.6541801079971452,0.18421642442139585
-0.6727889375084016,0.12702770520837078
-0.6554384106929309,0.18074804870663366
-0.7101715540415596,0.13371508885170744
-0.6822298512488068,0.16898415927833885
-0.7103654202089102,0.1276504857359915
-0.730505684808245,0.11057976727694845
-0.7213931957017568,0.09713347040169057
-0.684851035950882,0.11716937507605013
-0.707599145797004,0.12470975739602595
-0.6795802104890203,0.13021334536818563
-0.7144573952742763,0.1330189989795908
-0.6429229085314109,0.13504035342601137
-0.6891989834481229,0.13479017167406931
-0.7475420946900163,0.1284417063361892
-0.7112227501671377,0.11286442147362208
-0.6745839884537682,0.19523172510038733
-0.7005325531200369,0.07194101993928989
-0.7289289377939773,0.0717108336717518
-0.7541421319377296,0.10696434192357909
-0.6930191380129256,0.09848010678808994
-0.7151645100330541,0.10517428752717883
-0.6530571068753631,0.1471563943133318
-0.7454428866450082,0.10035116288868863
-0.6876555604022998,0.09697214358885463
-0.7330254199771914,0.06602239203783958
-0.7576989470073415,0.1252811812966199
-0.7113840637991102,0.17438449913036666
-0.6895105704810552,0.11424374216477433
-0.7162722446100359,0.13950668513805994
-0.7080533659212409,0.15097366584120964
-0.7140410439224825,0.1621013379142008
-0.7287928373380647,0.14443925454774534
-0.6981303099801531,0.10669574188986092
-0.7015601922287071,0.08637223169281234
-0.7232869143397712,0.0945094992001935
-0.728581231357423,0.07558999438844347
-0.7414374938776617,0.09796209486739195
-0.6607569617210702,0.12005040273693283
-0.7193095645394593,0.17390456290220452
-0.7344665652924,0.09562341946117954
-0.7085626721657279,0.11660745627927645
-0.6795628500555769,0.09957681549819257
-0.6679232709009469,0.12959276696666325
-0.6779470903178143,0.14576737462272824
-0.6930333275014342,0.09374324036054449
-0.7275100536501861,0.09526541067275011
-0.6521484451556792,0.15525606638149891
-0.6813252268839916,0.07952756117603817
-0.6804535411745185,0.1376039921801025
-0.7356846477964267,0.10488719201618753
-0.7144473234153402,0.0766142974559196
-0.6819149288761914,0.15014094752733062
-0.672848388926946,0.13060494468694542
-0.6783369910495359,0.13726652496352676
-0.6695510078177778,0.13833748385647035
-0.7107802804549471,0.06630296451191244
-0.7313596779947409,0.12501110652620626
-0.6695921732266124,0.10843732374846816
-0.6978557361711362,0.1728154604066158
-0.7359504990666118,0.1333948699933442
-0.7066267474011184,0.09702317292693487
-0.7413674222129374,0.13957705648189844
-0.746880150334552,0.14434334984296984
-0.6849600729893489,0.11601085415563625
-0.6968594341919696,0.15420160095872326
-0.6916231886802969,0.127798251008248
-0.6981297444937392,0.1072753403628485
-0.7174016840317223,0.05894571209296853
-0.6696838090431784,0.1115399583812293
-0.6560695408083489,0.1338392569808194
-0.7515726236260734,0.10442460205270455
-0.7153671474582859,0.11871258492361661
-0.6875729560755971,0.12620626704373805
-0.6871395222783891,0.15249169644805077
-0.719878939721393,0.0976775726426131
-0.7300616921325224,0.10509674451794625
-0.6777451039988517,0.1599973881168313
-0.7044991999780635,0.1535097217375399
-0.7088332150798234,0.13721819046357064
-0.7123888633776729,0.07803364144645153
-0.7413241203083175,0.15299856981604
-0.6470227173158586,0.1633629264153019
-0.7216197802493777,0.08373305559852944
-0.7148212473490301,0.1044217674805216
-0.6806946524912846,0.08811220114059667
-0.6548269242575785,0.14110877406239056
-0.6768201881194498,0.17233176435191658
-0.705503079688362,0.1496689311044799
-0.6947667913545043,0.11154990915512261
-0.674197810928929,0.17782714410685155
-0.6750050054556539,0.09942643800255103
-0.7119983963281226,0.16184324974666106
-0.7678094778166866,0.10808986741220415
-0.6962176936420101,0.11626447560442324
-0.7112727466945908,0.1658856018940527
-0.6974584417971981,0.14256136017384238
-0.686361744149637,0.15180713389014167
-0.6797681987536194,0.14712942869666618
-0.6797519555354277,0.17191423688515056
-0.6731691481912843,0.12480172474975589
-0.7247671393404381,0.04771380795310429
-0.7595506080095503,0.10617768053274931
-0.7231607746939782,0.11962972174679343
-0.6684914024706998,0.12235965388344149
-0.6869641005643519,0.11196427183536678
-0.6711513430695439,0.111962855118091
-0.7672234508236172,0.08802313958069054
-0.6823716347601654,0.12336187728354675
-0.7098949263503774,0.11698853825327543
-0.6922187066318615,0.08152299692368105
-0.7185325617953348,0.13341507587835763
-0.7354564047504778,0.08411740731374867
-0.6990101019176308,0.15259845770966235
-0.7398470877560334,0.15116519470490544
-0.7541117476778639,0.10426523747373834
-0.6915923545500473,0.14772618707721058
-0.7050227344604446,0.12032786023552025
-0.6646926026876542,0.12569222548561446
-0.692776700081393,0.1279526727644464
-0.7674953543135872,0.0723457531880916
-0.6858019103948695,0.15143545764081978
-0.7357668648826936,0.05543906166957953
-0.6687717657240175,0.17236102297685263
-0.7029635881032087,0.14614518476211058
-0.745212820383673,0.06911728394224861
-0.7132627019860902,0.10363591511660399
-0.7185865764938796,0.06383277232524052
-0.6554414111076,0.15151775173126183
-0.7321702307867657,0.06620561424005683
-0.75739866762549,0.11047192974487922
-0.6582976087646417,0.11443863994048648
-0.7701938892240796,0.10726410953717277
-0.6467010372202929,0.13565090334585458
-0.6798234811586751,0.11778679263650306
-0.6836036380309928,0.14893435361115617
-0.6769538093699807,0.1540112455498708
-0.6564511252860502,0.13689875575537905
-0.6625216115427777,0.10721101775349084
-0.7386193806186148,0.08104464068316175
-0.7194927707999104,0.12212913116871972
-0.6909109178165677,0.10759576140409835
-0.7049979619340797,0.13571790469524306
-0.7013373939954471,0.149473096863974
-0.7238792718492774,0.05849210565271045
-0.6922812647512884,0.1554651826816042
-0.6777389282378612,0.16701861842656462
-0.6994639187829672,0.15307431159441348
-0.6720045789979282,0.09109190526626793
-0.7124034060017742,0.1605613065151134
-0.7007347314525227,0.1067527870373913
-0.7025846782238439,0.11414270753125037
-0.6847768041506115,0.1397051878150537
-0.6769714582103711,0.18178882187553197
-0.7102074228377205,0.10228457598558983
-0.6704229446003453,0.0874251490238958
-0.7674654058567129,0.0759971776287741
-0.7484853643298016,0.1541852720954851
-0.6884436696861785,0.07150543089483778
-0.7482228419411191,0.07036531735984691
-0.7002962542832948,0.09995032522231843
-0.7257995046347074,0.11532968471791057
-0.723210747205102,0.14408860088001657
-0.6720997847094975,0.11745062575688693
-0.7246426842301438,0.13420513403845674
-0.670509331259952,0.11143625178451214
-0.6829071902901087,0.148136292284354
-0.7087971668631694,0.12015767875212821
-0.7552938876683741,0.08181074257968557
-0.6888431883636015,0.12177107183384694
-0.7315787583937584,0.13073436438702726
-0.7265430105935042,0.14238860075640095
-0.6676799400251611,0.17884332566061636
-0.7278245020439781,0.12093973553540485
-0.6873991649386428,0.1584455016613479
-0.7093760132236656,0.14496026158225353
-0.7390297497533661,0.09309455503222074
-0.6908001108957681,0.1137752607181595
-0.719482316875139,0.11678404869564672
-0.685554755056453,0.08741698748218478
-0.7450765104101712,0.12755523233902577
-0.7209612074826965,0.13895477447552645
-0.6714772891747426,0.09820305651414671
-0.7032430902687703,0.08535462903104493
-0.6885322596998474,0.12447074101131474
-0.7012685825506507,0.10530161778406925
-0.6938497386557858,0.13618030610486934
-0.6642015808792118,0.13554810384344212
-0.7702243188975145,0.08575305656574239
-0.7220175716787428,0.1368490303805316
-0.6765454275705813,0.08696644432300854
-0.7387008080918739,0.1271326090381676
-0.701562439770827,0.16180859893089966
-0.6507798234127188,0.12063831232580698
-0.702568899917453,0.1345294576007535
-0.7308790863684025,0.06912176181314823
-0.6966744358624929,0.09687660920973384
-0.6966147606361012,0.18416260913596338
-0.7175040907759903,0.09203081722423806
-0.6974336144936906,0.13892852891126717
-0.6773436669229769,0.1503222773485214
-0.7332171657901103,0.11671649306148432
-0.6735544572908677,0.16906411954123954
-0.7379350679451796,0.09236685588432657
-0.6721893449840027,0.14962842298916873
-0.6723261173278411,0.1335682469511867
-0.675289195373679,0.12618756888524102
-0.6790767657662837,0.14562206887508064
-0.6996961193903752,0.12257633104887163
-0.7468161478101676,0.10622307327800327
-0.685187371445975,0.10305136522726685
-0.6618728807174395,0.13222153413581914
-0.7042055090534262,0.15785005716289294
-0.7423522203607763,0.08921499651844679
-0.750873800472732,0.12681683603573848
-0.7075593648158198,0.12439892757001501
-0.7085712759121399,0.11918110508652917
-0.6884225090694175,0.13565220318410087
-0.6908538712711749,0.10964516386454577
-0.6785202825618659,0.12791321728296415
-0.711037786100547,0.10991737584373286
-0.7542602766413079,0.11958987015185284
-0.750981511729385,0.11145991993743308
-0.6734757102419223,0.16841355649468856
-0.7176476287567047,0.14241935335137848
-0.663084422541609,0.16669115419537325
-0.7522084348761137,0.12975915844935526
-0.6699023339081585,0.11864416303046778
-0.669377337418784,0.1547324387099037
-0.6878065646873646,0.17721105963027667
-0.6770280320599248,0.13262044627951072
-0.7164762004139767,0.09691531375969363
-0.7402054532795078,0.1448111024444573
-0.7478195359614169,0.0898647024890293
-0.6851788665149221,0.10485502867425876
-0.691465538937194,0.10776855849808269
-0.7184912977793779,0.11504337564720767
-0.6701894422556511,0.15108053350601577
-0.7355239853582949,0.14509809453342598
-0.7282441571543489,0.1688713721254158
-0.6561183562522082,0.1428587730419731
-0.7023072968612915,0.14536525628904448
-0.6655584702249089,0.15928007625786716
-0.7286163360295983,0.10097210525149303
-0.6819523443395978,0.1335027139567663
-0.7566818608542567,0.12981588130555263
-0.6873328536187415,0.1534843669079057
-0.6523120714908993,0.15624938565606533
-0.7190146792809007,0.10815014936153584
-0.7419851188633757,0.08532060953949959
-0.7019106636031525,0.08451184475227995
-0.7214385829952515,0.10370338753426143
-0.7034941457621472,0.15512271182047765
-0.7013261999457525,0.10489180701174064
-0.6613748176625306,0.1247946372615725
-0.7318912803825645,0.14407546280045486
-0.6814185703367939,0.12265699633732884
-0.7158799349502032,0.12473645030870188
-0.714605396118553,0.131289694137618
-0.7384383400551958,0.14215362612096805
-0.7212477469227886,0.15806764268800128
-0.7183655587353553,0.11285852262440939
-0.7154508589908494,0.12937212911550838
-0.7348868120738837,0.10370347229286661
-0.6746453195584866,0.16209628794505027
-0.6825670854435524,0.177281472398365
-0.6854336557521892,0.14663300267036558
-0.7191019943966712,0.13489746429860067
-0.6805132040817945,0.133000805195034
-0.7074245501315874,0.08086356797232461
-0.7073653739584599,0.1000243878789597
-0.7105893867619623,0.11826194583384465
-0.7159923196233604,0.09443319982586429
-0.7402797969164681,0.1654744043207676
-0.712735049223945,0.07862806817554698
-0.6790175817893787,0.10513782448577945
-0.670848084279389,0.1554709970928121
-0.6760838452721927,0.16937893048042926
-0.7154212870434193,0.10729900069160636
-0.686625600653696,0.16380626231837578
-0.6739220654005338,0.11802048329987101
-0.6706186353622894,0.1560480176601136
-0.6897142977994878,0.14163968603166457
-0.7440455675928447,0.06243551973866625
-0.6939134995965354,0.1189214242648261
-0.6976243679974169,0.12457774025887014
-0.7296066298574866,0.08996106064420029
-0.7596366880132633,0.1098410757598032
-0.7213700056789123,0.12014503814089936
-0.6876756933825073,0.08111767726355089
-0.7257847526048731,0.1319288909922222
-0.6954120533698125,0.0664459465169865
-0.6878983697516012,0.15321460796711903
-0.696007635785933,0.12862793834591055
-0.6453183448903368,0.13311529900932983
-0.7413979625975425,0.1272931253686989
-0.6727383659628032,0.14395930820328898
-0.6539495954030558,0.12464456046588249
-0.7201866964182739,0.11390418640700552
-0.692597029993127,0.13088177847698523
-0.718023828150747,0.1566945350387962
-0.7048341861885523,0.16561123539012074
-0.6773336726750395,0.13167504588810702
-0.7051782950381297,0.18602414188259622
-0.752491698759083,0.12707144099767356
-0.6691379406160678,0.13201413120719852
-0.6746597565289786,0.08841736673868054
-0.6995662000329944,0.13369300758780248
-0.7002465224879147,0.12123987341781992
-0.7164341831927441,0.09593543396903567
-0.7406279973965039,0.1425933458470783
-0.6771869258475363,0.07766171060867645
-0.6622674153935,0.1000485667283349
-0.6980442104348744,0.10763313966907756
-0.7339612887226206,0.13544928264240091
-0.6911997446459415,0.14832984108912445
-0.6631762092928101,0.12568227116471184
-0.6926283191329349,0.1616068272557982
-0.6776209042797595,0.10537668854746642
-0.6879745214986958,0.13588522103882075
-0.7086436969116136,0.0948627056229469
-0.7019071906648289,0.09785578612634932
-0.6972269016073821,0.1581876815129039
-0.7263731296180703,0.057732249589942206
-0.7067641340476598,0.15884415335150012
-0.6884350293743793,0.1504617388966468
-0.7268904627818655,0.0776642863359068
-0.7232465809016362,0.10779383166955216
-0.669923320208296,0.09936826350749475
-0.7302366995806647,0.15979726034039682
-0.7084867133504461,0.05427366504335167
-0.6771899390028588,0.16334286923296878
-0.7546620896100402,0.11329378633487737
-0.7046917295705597,0.09525865019637146
-0.7634940747851723,0.0966071236545419
-0.6986824456238989,0.10477355639794227
-0.6796073323138432,0.12996049625940492
-0.699321426349551,0.13210416121243987
-0.7268330401449662,0.12586929106652986
-0.6642308143662083,0.1634218544521596
-0.6727420175485105,0.11447999464503127
-0.7210399092828009,0.10679027970831219
-0.7316305483502665,0.12643597986781663
-0.7161054308619459,0.08586816083525492
-0.6452632516177119,0.14821216084275124
-0.7451590140989997,0.11557622393998945
-0.6397302967363485,0.15815333989171432
-0.7238580085585039,0.12802463814707168
-0.7266375175206758,0.0857201883309181
-0.7042131560032009,0.07672874609188407
-0.6917273147111237,0.184929119902753
-0.7306444164789393,0.07022565406487495
-0.6918763708744353,0.11950724084352032
-0.6727603571121012,0.1696195978115553
-0.7042710990223001,0.11046989420304665
-0.7050228793890864,0.14877114314447887
-0.6418162813303983,0.15135656711853537
-0.7378491910091948,0.13478146734948343
-0.7200763013641659,0.1566191686076701
-0.7169508964827864,0.09644893087124898
-0.7096361412520038,0.12797877139393413
-0.758818035309749,0.12089896863323923
-0.7105696499047343,0.11016484718192708
-0.7206671555808805,0.17774316214946898
-0.6783026348548651,0.08046427780981233
-0.6808642574185706,0.14007491149954499
-0.68949345373365,0.15243207108395612
-0.707608320904692,0.06030905326528182
-0.6955679812505968,0.16776707767732288
-0.6898070278273959,0.1098010548585054
-0.7463040378017014,0.10058130635114654
-0.6900817008076314,0.1724872025985057
-0.6981406763662527,0.12339486576778373
-0.6684929909426996,0.1343660868026673
-0.696378480995826,0.0804423195659722
-0.7284299798849823,0.06574179984368088
-0.6551275506642835,0.1344724872037542
-0.7004860599325552,0.07404589705530229
-0.744548800854189,0.11650986281301468
-0.7206273315087982,0.10505649394240939
-0.7501650965343051,0.07090920676408805
-0.6896887779929222,0.1261243163652949
-0.7296312138527066,0.09900095402709223
-0.7226882422507851,0.10953776675113008
-0.7105151241305872,0.08758273983027882
-0.6718592624469513,0.08968109592452983
-0.7572743995362433,0.11972293532265982
-0.6567215752799017,0.14180524991737672
-0.7417700537916863,0.16028388619814504
-0.6704176281576939,0.10263991845724872
-0.7236668587269612,0.09169075035593305
-0.6826518021052136,0.143891897620721
-0.7431754745232914,0.1522376743030065
-0.7201086256241626,0.1623185279441934
-0.6732168549507105,0.13707962538067003
-0.7071699141996275,0.16709914992713656
-0.7127517376749114,0.1014128001438091
-0.7461981941763653,0.1349474463717433
-0.6708917037172532,0.0869086859320917
-0.7359018140817222,0.1210729259046719
-0.6805334070893032,0.15672891677359235
-0.7465625288388849,0.08236349563118024
-0.7350267558270037,0.1612383283178382
-0.6602239191521854,0.12022963842734218
-0.7088741850971546,0.10224944577366497
-0.6886536795118428,0.15957508253814676
-0.72755840415954,0.08404280954810352
-0.6703209798827595,0.162230355349254
-0.6778656624649831,0.13120481539312387
-0.7279306161501069,0.0660894070168396
-0.68534965102605,0.09161829279568147
-0.657741718309691,0.12048481375252194
-0.6870245015860832,0.09929765757928152
-0.6935259784390936,0.12310065777784202
-0.6776148183419517,0.11809504024546723
-0.6701587418852455,0.14532100319800717
-0.7381711357280588,0.08920953945526236
-0.6797710988299349,0.13615068257930782
-0.6845208716656587,0.10458184873991831
-0.7495102913631942,0.11858428029063375
-0.685315876095826,0.08930175072050726
-0.7463202262086757,0.08140054272062067
-0.7583791571070446,0.11670574236984788
-0.6938321602986758,0.13646865103555628
-0.6510100069155587,0.16270833247279232
-0.7083953115741036,0.13643691857913606
-0.6925321606601202,0.10005299290517676
-0.6808793344088182,0.1504006793910991
-0.6936568923721514,0.15631962019647508
-0.6828148117932806,0.16942919189746136
-0.7586174034434301,0.1163802528746067
-0.7135794328164189,0.11842419265054645
-0.7190377515346822,0.09840829173373018
-0.6551017179334406,0.14763575730387296
-0.7006204146699532,0.14072647069934968
-0.6719917127994508,0.11962184769863177
-0.6791349244680202,0.1555134840858008
-0.6872977733576757,0.10414448905099398
-0.7287507448487869,0.1443633996761888
-0.705347357229747,0.12634922596565384
-0.7360631322050317,0.13709845669629847
-0.7208574525537544,0.10452980373215857
-0.668189981462241,0.13868890882070017
-0.6797462423623344,0.15374756856608462
-0.6804687330379474,0.10824539533731725
-0.743267082778928,0.07474292066439166
-0.6986985812930773,0.15680852556819974
-0.698449339064551,0.1043386574511029
-0.6967425182226912,0.11877784802145193
-0.6886667329638811,0.1218896328834812
-0.7425224271185441,0.10056736006221127
-0.6965158626185651,0.08789405721095411
-0.6892971785511803,0.08202792794197851
-0.6994618295005763,0.11620614491939597
-0.7576680405067169,0.0981965867480341
-0.7143121410896073,0.14414787140281377
-0.7109441154285131,0.14728015924650106
-0.7418668135189697,0.05893819896455755
-0.6821320401004733,0.11789319293872966
-0.7597441890256049,0.09303262120131181
-0.737826406063022,0.06136321123499671
-0.7262692148291607,0.11775885428314059
-0.7074871425576919,0.13580482141383202
-0.694095034438875,0.13704142718163373
-0.730808276103961,0.08315691184423177
-0.721703706211672,0.12279450242737729
-0.6506307951273175,0.1346860114041726
-0.6821535065959651,0.1590198557355218
-0.7242157725838309,0.08982639658241416
-0.7170916701239589,0.16120423133703568
-0.7074675541249649,0.1303494900404913
-0.732029069725868,0.07855681475086719
-0.7513464602623747,0.11792768655067151
-0.7454246740506261,0.12903768152536815
-0.6578704641684224,0.1819412803372507
-0.7143790989530511,0.11609189151778845
-0.6730831866724755,0.16980274800286088
-0.6837873314975916,0.12108692448647257
-0.6779554416946526,0.13828384959841414
-0.7375156708931612,0.11580141503594511
-0.7282080042840053,0.1472080911773076
-0.7401888289110672,0.12614678097425078
-0.7049887711533342,0.0879376197573667
-0.6648682816883913,0.13078726757470768
-0.7072765346856935,0.12337458723381473
-0.7056777720942646,0.11489065007135121
-0.7009348243659451,0.1561504538163684
-0.7402165628906737,0.13343050004746349
-0.6953705850017614,0.13339872926209095
-0.7186670567994288,0.11906282335253293
-0.6647232158122018,0.12999841472533363
-0.6772226184367367,0.145979148696759
-0.7094834178229587,0.09913514535729699
-0.7027075264486314,0.16553434712933163
-0.7035878473561283,0.09984144354209677
-0.7006913133057603,0.14789760437613725
-0.7526454165717311,0.08752355652735123
-0.7311259395824071,0.09672132898352838
-0.6934706734236606,0.18010213452947066
-0.6829977492589921,0.14928686975551844
-0.6807558969718119,0.15915159481379515
-0.6969959288202788,0.1260535346900256
-0.6899261294726956,0.16058043385702228
-0.6526962371340967,0.1567036645677741
-0.7605617946604739,0.07794892370846171
-0.6799767878295832,0.11332437391975642
-0.6946657104362974,0.10043739471283503
-0.6627001353833706,0.14919190670631197
-0.741988842683264,0.13540471369778884
-0.6967666883107827,0.06358877483407023
-0.6713955413978406,0.13596935438295324
-0.7162088950535934,0.10855838866441805
-0.6862687746017906,0.1447277096810595
-0.7363169033014332,0.08237680727260599
-0.6767962330491658,0.1368724879783817
-0.7140220165031228,0.06466760796654494
-0.7091931334282967,0.14713084001492244
-0.667423908488144,0.14481763957004576
-0.6616086076062775,0.13815540053272551
-0.681021252056546,0.1406780800920748
-0.7190707184443202,0.1382107933716184
-0.7205576252394742,0.1278209051158269
-0.728322657196436,0.08864278241112868
-0.6866346087153868,0.13768252114526006
-0.7348156977206183,0.12743217156918682
-0.6608051211877236,0.174112656092608
-0.658115012446232,0.15766355495965886
-0.7288751998376453,0.08380255909057896
-0.6787843578141994,0.07474087417969257
-0.7305736831112378,0.144353804670352
-0.7382945823172222,0.10034869304529119
-0.6705218453222277,0.13018774282003942
-0.6576384065639092,0.14595818124068327
-0.6984076586575813,0.13042780446494892
-0.7083121446726027,0.07451107324314117
-0.6702106816123246,0.1346520012717501
-0.7274780495629478,0.11899120264441179
-0.6817777125112678,0.09899894926793965
-0.676178501869908,0.11652688303347356
-0.7043313043940105,0.07588978391912961
-0.6806809580509212,0.0930684069499445
-0.6604619163543568,0.10064628284207408
-0.6983098554890236,0.09109769727680751
-0.749345670928385,0.12625093884494956
-0.6934062740998136,0.11647303071034648
-0.7399403295782807,0.1223778796238971
-0.7532857527019554,0.08794086999782563
-0.6867469878839557,0.12856949441666415
-0.7176588518577638,0.14548338061038393
-0.7207898808628015,0.11127816279600587
-0.697475130574341,0.12268146292682791
-0.7598991254630814,0.1179489799453974
-0.7178646735732298,0.0980651344493615
-0.6968386957469479,0.08660252138652576
-0.7050127438353347,0.10641773670645892
-0.6488410215092926,0.16423378565216679
-0.6607133644900787,0.13416178432160297
-0.683533345932474,0.13149568357475186
-0.6824760339008107,0.13730973535316388
-0.6885075115585269,0.10043893354751636
-0.6782452265495716,0.13294103223620432
-0.6975506565749177,0.12069162746446609
-0.6492362501403989,0.16739006959466765
-0.7510687795993904,0.10391389173322248
-0.7336001733479929,0.05975156590744449
-0.7063157586097548,0.13645446052056998
-0.7248763988261179,0.09177640218456724
-0.7400657640416277,0.07520364973882014
-0.7212345038066487,0.11844579260588568
-0.6714209829313263,0.09970614047520546
-0.6815571385410875,0.09571289623759105
-0.6771375833019181,0.1425242375646306
-0.6953484107391805,0.09031610932579238
-0.682878407275063,0.13927530856712242
-0.6834774501721917,0.15942980962399098
-0.735580100430622,0.13095750015804714
-0.6790842247348545,0.1328844251008203
-0.7208201261988569,0.12313808347871197
-0.6811825468837523,0.13461856433121536
-0.6667583141223092,0.0970497241966173
-0.721493428802407,0.08956808458705225
-0.7081498766935503,0.17257634030682364
-0.7138302596475581,0.07350290096048509
-0.7449049202308682,0.1090541432913175
-0.6782102007333254,0.14922382372667908
-0.661121970781003,0.15122961738716226
-0.7098814735725665,0.1582717299746652
-0.7022698960346063,0.15133486749582895
-0.7244301514149517,0.06442602167569256
-0.7075788176653335,0.16707060679049557
-0.7020610943340865,0.12800619400120802
-0.722036055722329,0.16009165553837887
-0.7382039962467148,0.08646795492596321
-0.7035076977785385,0.10545302480446651
-0.6617126105415978,0.15547848976000178
-0.6512601844258461,0.13444070028363944
-0.6931953012222699,0.18229653169411766
-0.6882282824636279,0.10125244833215484
-0.7157784880355951,0.1515497405604602
-0.6507403536429615,0.13038029410101415
-0.6717393616899148,0.1631044386145855
-0.6565369154555637,0.12917074479556853
-0.7031324126416085,0.10947860497161777
-0.6942990498202483,0.1014270652260113
-0.6615039405684063,0.15668879776303085
-0.7056864504046452,0.10255519813183497
-0.6742209861458626,0.11327517797385311
-0.7078980443703091,0.17792069470024058
-0.699816273597887,0.12171340298545048
-0.7222703979406706,0.1492160201609553
-0.6875689331034445,0.11145714164857579
-0.7283032449306536,0.07493853099056563
-0.7406610355693616,0.11672995150849677
-0.7260394137641801,0.08870062185586447
-0.6810536500289599,0.17309424206976323
-0.7271436928133798,0.1338119433843046
-0.6568352737361184,0.12988457508023604
-0.7193151395139663,0.0858428599686928
-0.6984287800239527,0.12546604512147508
-0.7391182605370115,0.08204757637001724
-0.7387145883270837,0.13243696489530088
-0.7035043107958854,0.13208412487019794
-0.7296996978094952,0.08125761567477269
-0.6564621654901298,0.10538831249027877
-0.7465125196723589,0.1037938068364318
-0.6602932960783047,0.16449483595857142
-0.6890978732239584,0.09368995730482932
-0.6926216250316578,0.11295220765111585
-0.688073622051312,0.12406319484490962
-0.6788323187515576,0.10932884378711585
-0.6624836749644977,0.11323819253627697
-0.6676065013457241,0.15377971152413974
-0.6776507401175796,0.1771108917454546
-0.6808182441091432,0.12387752351705542
-0.7174096692285769,0.11764828668289196
-0.6681174333502943,0.14997088810125442
-0.6917893323240717,0.13308806464826511
-0.6939176709011605,0.11710864573876978
-0.6484456557983358,0.11873921178485725
-0.6645755444844618,0.1449695405314123
-0.6701707069372967,0.12848108812997103
-0.7303554218955187,0.119389718983
-0.709858076864275,0.0662821614951114
-0.7277483381918723,0.10580941705367689
-0.7187949484459033,0.10282289182654168
-0.7316624152225166,0.06433105982007452
-0.6669079639867056,0.09241243393368037
-0.6739171409697676,0.11029319275756369
-0.6883615476633617,0.09158332974723371
-0.712541462203227,0.11066424926819059
-0.716289134857928,0.07018028401407234
-0.7082472626409644,0.1275335170436297
-0.7219938085397511,0.12068704492324181
-0.732761887725462,0.10900911673281027
-0.7165127617076241,0.1134957037280776
-0.7363957043984523,0.07573939229698196
-0.7049554044247675,0.12953568071503097
-0.6865533992942896,0.11387073965380282
-0.671059328695101,0.16908083198623683
-0.7346257468367164,0.11795313615376106
-0.6917908505208129,0.10090460069207217
-0.6908582987066368,0.1599702087000056
-0.6493809071047318,0.13176054697148634
-0.7371828909875123,0.11629282047089029
-0.6669318704587558,0.1469802611403597
-0.7358583874707668,0.11877271160436771
-0.6730940489107723,0.11358087165561409
-0.6720990085346229,0.1293666388884249
-0.7543105049655436,0.1306938390431983
-0.7527160918208283,0.0917666514759097
-0.7293484365136955,0.13407040011168533
-0.6635310214884648,0.14564537632236865
-0.6951722050617737,0.07601396938989803
-0.6858751038260724,0.17074401208295337
-0.7403237827986013,0.10002984746604311
-0.7161766966409399,0.16062018892281954
-0.6958710614386465,0.10981139320869494
-0.7022820712598438,0.10614414871965475
-0.723359961730852,0.1685474315902519
-0.6774541124997532,0.14236360233434686
-0.7373354850241052,0.08027593062958048
-0.6940610449017893,0.11680906454930268
-0.7327108852728239,0.12089456840444508
-0.7535135437293687,0.06725084096993018
-0.7394298641721401,0.13728475350695066
-0.7013544219033947,0.10163156371159075
-0.754102002533414,0.14371793918335538
-0.6762925550464516,0.16029224043795956
-0.6710394758601315,0.1379324983998093
-0.7665353215989321,0.08365549759826792
-0.7404475476422194,0.0816067456094692
-0.6983754415707094,0.1181763147031876
-0.7256689425923458,0.12524603544311716
-0.7373341813285329,0.12161744565082208
-0.723082352170613,0.10297528142105573
-0.7530305751754205,0.09113480829492802
-0.7309274956845678,0.12378921265805906
-0.7498244170361645,0.13928443690302306
-0.7165245424649485,0.10489832832046388
-0.7243912486186482,0.09641567882290156
-0.7501892867884257,0.07822631945879481
-0.7034096957978075,0.05851740905127101
-0.6694487619298527,0.10837907087685619
-0.7053772570708727,0.11813573148931704
-0.6943761763881651,0.09459638822422912
-0.6973215732973872,0.13470218126774813
-0.6746025846489634,0.15434506989163568
-0.6691838179436874,0.17792952852842167
-0.744795824739931,0.14291727123346948
-0.6722549066750603,0.13501893549747104
-0.698993154946965,0.1446526830189899
-0.7335462908142606,0.10531275446205558
-0.7059184747422254,0.1576833285217601
-0.6807713806909019,0.11926559387636078
-0.7213890529665763,0.08555449030461314
-0.6884292501911444,0.11866383002102894
-0.7081027844084149,0.11486889709907407
-0.7105703384344242,0.0766149738717173
-0.7198592022923341,0.12546830068435372
-0.7169547620594591,0.07726920362449685
-0.7259713391441615,0.12576144192796457
-0.6760720657173498,0.18062222372665684
-0.6658699983287484,0.15972705949714364
-0.744642166741581,0.0993480644938384
-0.6521574407985221,0.15122695541591435
-0.7401245251932651,0.13972532732716184
-0.7094245312790624,0.10298604127125616
-0.7023414309953021,0.18309635463824986
-0.7122116885869961,0.13245822385684178
-0.6848922440821015,0.12291060259202143
-0.7234155932999267,0.11207703000917947
-0.7268754635158685,0.13445378238832575
-0.6730815155022716,0.10387413783592407
-0.7383664253774883,0.10250998965089142
-0.7016793932797344,0.14983570893657297
-0.6584588488583815,0.13103801245190622
-0.7643807459179061,0.08444580228348317
-0.6575483163672307,0.15294579835860442
-0.6866119240857591,0.15033555929697723
-0.7125393080191602,0.15992794456811074
-0.7200262284095428,0.10668154854707385
-0.6655892481485823,0.12030730395179472
-0.6798088405612736,0.1385830542417484
-0.7163965929696771,0.12341501118066929
-0.6906519110329206,0.07433751275408064
-0.707745044718675,0.14909318590887113
-0.6693059682647733,0.0989305417493121
-0.7413994979308572,0.08226307740665552
-0.7108070297578665,0.11991000808250914
-0.7463233431202337,0.06959200035831632
-0.729559485446204,0.12150394170479971
-0.7274755066218331,0.11705221635345021
-0.6435319859228406,0.15537624945356623
-0.6900682693783158,0.14699570396636652
-0.7119483379163603,0.1480600560937507
-0.7165909234731749,0.14603130676561388
-0.7241666737147603,0.10563974761790884
-0.6601067121621799,0.1293793479708406
-0.7080257633918485,0.14066746876397276
-0.6882975941752584,0.10319333674246589
-0.7275714820462915,0.1386574258313191
-0.6765818816857386,0.12997306192829391
-0.6890697609864024,0.11352795407971163
-0.7146841982893932,0.14440313949927563
-0.6736924893839984,0.16701393139065043
-0.7552571308663912,0.11869519151490648
-0.7633600030038574,0.10157068528341806
-0.6814014172797164,0.09446899394328453
-0.7033726862902141,0.09581036816718846
-0.6906751593076447,0.07250659878386628
-0.6936130473995857,0.17281887442027527
-0.7658158257491171,0.11142072390654452
-0.7115961703455781,0.0930935228589284
-0.7032410425791438,0.11558489653786329
-0.713679973889177,0.1045506324542242
-0.6822635036442706,0.10827638546815058
-0.7007302412063785,0.1335876576056491
-0.6660660878054205,0.10287922290662174
-0.7121917468571658,0.1341784839895915
-0.6573078223520016,0.11957696976200195
-0.6970583207802179,0.10270161253611908
-0.7575045918443669,0.1305836241667498
-0.6526131067020279,0.12026965931051556
-0.6956553566406394,0.08174995136830056
-0.7087204055469223,0.12690839073887156
-0.6861595640218506,0.10945388741157158
-0.7408585317938361,0.07211010521984892
-0.718114494990191,0.10506185342826178
-0.7007325430573699,0.10948064417557679
-0.7116236046168871,0.14890224506324587
-0.7348768082576127,0.10177669451568526
-0.659954395310702,0.1418237565836001
-0.7328749674034807,0.15683811274008524
-0.7037253260535155,0.14389078126258156
-0.6601339957101405,0.10814706311556148
-0.6760389848198147,0.08566047828575934
-0.7108247342502372,0.16047589914165736
-0.719965046296547,0.08926185334019598
-0.735796994150376,0.15891091412619848
-0.7172665092596806,0.12651701683699557
-0.7083492928856077,0.09616400207708477
-0.7212864775306002,0.0928052713269632
-0.7391583549763533,0.13650302960386718
-0.7630043208824506,0.10036885340070852
-0.6897107756994861,0.08535467842535621
-0.6822270302363409,0.13421960483060555
-0.6926223390027316,0.11415854416713325
-0.7361881931908456,0.09277301510689936
-0.6901368969651236,0.12344080028003981
-0.7327429481138373,0.13641256436285262
-0.7336235873820822,0.1086795660389426
-0.68882489792091,0.12742064519784482
-0.6789147841708935,0.13433335771307064
-0.6663354020779223,0.09284086951142462
-0.6758377809691979,0.12776858263756788
-0.6833516083719612,0.07954880031615065
-0.7303219969663176,0.08982591864875417
-0.7309313045570973,0.09538444119995357
-0.6947412924048821,0.07573364265213792
-0.7515261599587528,0.12274642515870081
-0.677541495316297,0.14063321357443206
-0.7020155241448549,0.15055336625326543
-0.67963714492542,0.12641677582425928
-0.719126141667431,0.11387291367265269
-0.7179898429280677,0.07776452418596813
-0.6939078893626893,0.1079392846769181
-0.7302657865972964,0.12772605437928516
-0.6804980281780518,0.08344651669365244
-0.7048115123767259,0.08754101596104318
-0.6449262286863793,0.14564381946935337
-0.7473766240947515,0.11143704502091377
-0.7343633184698293,0.11976668096398395
-0.6985643777142561,0.102577771321728
-0.715791573787451,0.15884287406696582
-0.6887489399616918,0.14685717885507998
-0.7100554234031756,0.0977497795204828
-0.6877908445205146,0.11235901582406693
-0.745274198596447,0.09299741892321277
-0.762110802088279,0.11010046447022177
-0.7021548368421286,0.08612688158565986
-0.6778847282552969,0.11022856704506892
-0.7322626639066364,0.0887939077357172
-0.7055014845442104,0.09355723731493011
-0.694432718107485,0.15131025432556336
-0.722055565143671,0.07918263640099721
-0.7214510260270758,0.10144700852449
-0.7152170821877387,0.11132148352950702
-0.7192461216018874,0.12019101203664238
-0.7127695096462571,0.09461452150370314
-0.7038443776614084,0.10019708342629156
-0.7613462411004351,0.10144168454535055
-0.717540302802266,0.14315062170307594
-0.742116591568701,0.11304106518370378
-0.6781512227554969,0.12310677174472444
-0.7126536890258254,0.15105369087546872
-0.6758867173907447,0.14115509331307585
-0.7058095046571056,0.15059425616465905
-0.6904813706271805,0.1553671274272772
-0.6909881944200522,0.0990087446272357
-0.7603430184585028,0.12311348352651316
-0.7323370833309905,0.08420938921019876
-0.7424872905989032,0.1230267573563201
-0.7490537601296643,0.14330757221323215
-0.66705119266797,0.12989130899819723
-0.6728034621482692,0.17917228431999732
-0.6825075097169161,0.150057956398151
-0.7488219707449896,0.08364835799191202
-0.7363371785325501,0.08990321190903397
-0.6813566296919444,0.1225002267718425
-0.7172325622242193,0.16580255099468305
-0.7265296415386416,0.10806821658932526
-0.7269128771809558,0.11089291119739805
-0.7087991669025585,0.15400224928407558
-0.7288792987262506,0.09291681420885696
-0.7401542688961288,0.13036485649843046
-0.7225764330044011,0.11342250505357712
-0.6846298615117868,0.12058369554073767
-0.657691810656663,0.1506514188427636
-0.7113889457221837,0.06232701235711036
-0.7086479827147553,0.16751331622594298
-0.7566713368952216,0.10259330781384672
-0.7286379185399201,0.15980180017097714
-0.6846081481447464,0.14975151467113632
-0.7137045072834304,0.1176556658870195
-0.7213855777262979,0.14793382780327052
-0.7547527306153622,0.10495607552924172
-0.7686986160658109,0.10114780862554824
-0.7200136280940763,0.15626483770449046
-0.6773308386345543,0.1398045727888913
-0.7578482225541519,0.1039405021530352
-0.6848972189836515,0.10438539448617377
-0.6830707864590854,0.14104603364301155
-0.721418654478294,0.10156925230496122
-0.6672772100284597,0.15040130989852327
-0.6826651844187395,0.12105982641405642
-0.6740661405035743,0.13975290740481514
-0.7032419298574489,0.17856226169860454
-0.731518942067478,0.1288883124733677
-0.7334648366725695,0.09376314672163201
-0.6940008973467564,0.1313013040164909
-0.6997410303059555,0.1824674501450921
-0.7346241734425674,0.14862735303317523
-0.6673948635855365,0.15545545570810881
-0.700288492332348,0.11379831108808053
-0.7008473811895838,0.1081294124994736
-0.7370143550841636,0.08235750950938552
-0.6931805204293864,0.1423002123142495
-0.6687839040937605,0.12020842607748448
-0.7011824507808638,0.11342273343695007
-0.6537302835290273,0.13464745368240025
-0.7452141925387222,0.1207242760540247
-0.6794430454540475,0.1015270753282265
-0.7120165032774941,0.08020480066034469
-0.7259004534462171,0.06852590700176943
-0.7192001938878376,0.1107869720089706
-0.7037569646394487,0.07935209053322896
-0.6970812391908366,0.14088357480861205
-0.6601720798609225,0.1465252206874396
-0.7080935094439672,0.1336210851714393
-0.7244960892311497,0.10687802047940362
-0.746010843128016,0.12659795270191768
-0.7258547780760592,0.08852561476380869
-0.7439362598697485,0.07212035366330868
-0.6815752574221591,0.10267270086947199
-0.7021012720953734,0.1303383642911904
-0.7055011369702119,0.14099710518687317
-0.7087314554560119,0.16560129482506147
-0.6941284409082149,0.12532213605446757
-0.6795831207093281,0.129232299301204
-0.6854568916176045,0.1333490683812433
-0.7218605511279574,0.09095876352061025
-0.6755483201003766,0.17296472103957736
-0.7270824207478518,0.07154404538872135
-0.7208839363119961,0.13735098691128775
-0.7129674189492311,0.12718539639192614
-0.6580508455320752,0.13235052494727542
-0.7400979131221435,0.13176792219662328
-0.6774263827845673,0.15057602433666492
-0.6950365167690128,0.10038788547805583
-0.7173792402950426,0.09302989644698967
-0.6575747291300248,0.1394791871520141
-0.7607311155997952,0.07940166561815326
-0.7131509548047419,0.12113809760064413
-0.7013427123270636,0.1318039545694762
-0.6862246008776205,0.14917007253299555
-0.7097571976046003,0.1136204864057172
-0.7348064521586124,0.15505191486924808
-0.7080768780864506,0.11877157833276061
-0.7085158892174607,0.09539103007463294
-0.7081269273825228,0.09670699927503376
-0.6979641576291327,0.11362433014352954
-0.6976215490799255,0.13676556706362497
-0.6914355327272272,0.09755572255177014
-0.7146545067596521,0.12971609661621958
-0.6866560288443011,0.13952618099653363
-0.6841976481978421,0.1192784967539422
-0.7443730403280455,0.06302506046103447
-0.7223381995625568,0.1358819088824352
-0.7438412904617471,0.12567709289902723
-0.676182703170664,0.17566610143711636
-0.6697765723229815,0.17070439269561336
-0.6865741213963531,0.17073680480019515
-0.7195864286717117,0.1170321172330635
-0.7434854285544297,0.13256187615101536
-0.6962884001231114,0.11904340624983797
-0.7075332176434448,0.12480875214325869
-0.6991651888517846,0.1036973364145049
-0.6806151724468835,0.1465643715600029
-0.7098649431771749,0.13013791897377633
-0.7053103514538765,0.1287508291915523
-0.6886956223261902,0.16890408187101955
-0.6603692978841922,0.12490928811528018
-0.7006855117532115,0.11346022020469887
-0.7425161939829829,0.07215693664145148
-0.6721708004255122,0.12713768792887817
-0.7425079531178912,0.08329175360796011
-0.7334641917454686,0.12003869702684958
-0.7231369008000551,0.1365678279930623
-0.6863129343865623,0.16842779301388844
-0.6613545792753741,0.1312977358851219
-0.7288197574999726,0.10276007542956868
-0.6732560116265717,0.13744158844066948
-0.7089930568422832,0.1207550991025478
-0.7070996881468957,0.16646867318986422
-0.6754423380254646,0.15705135028185785
-0.7639839784390939,0.11070410414670201
-0.7123032861377991,0.11834750682555539
-0.7069038804554537,0.0915876783586585
-0.6733805088660729,0.1322096808151148
-0.6912287989751094,0.16557479235849623
-0.6470828645244169,0.13479470175531272
-0.6520449549578157,0.12824127828561924
-0.6574668646744705,0.13607099731430136
-0.746719800807053,0.13124185763850918
-0.7073353499783145,0.10391526501244164
-0.7214456572941287,0.12365095209867172
-0.6937800748656896,0.13180685381735655
-0.6419431516850249,0.15269178969590078
-0.7294620043965347,0.09728863820644042
-0.7393039621533201,0.12039084988101784
-0.7534044372396169,0.11246604575569709
-0.7082610346322581,0.08373438217070743
-0.6961041249406225,0.11751335043619074
-0.6711706807735366,0.13034545022255317
-0.723324298450026,0.1176657458777828
-0.6873219293549698,0.12557647072811406
-0.6521029850518311,0.132126429107028
-0.6723306846968765,0.09596324026421618
-0.7344037160924038,0.09097285690768434
-0.6974591582911068,0.09171437935032138
-0.6491593012030188,0.15106152983024923
-0.7171640667512986,0.10507534062799986
-0.7354087296415038,0.12260365358773417
-0.6994212236345948,0.08387712334727393
-0.6986726825919184,0.15147371698081097
-0.7224787047957721,0.09322311447133792
-0.7032436196112491,0.10941536842585123
-0.7033954118628354,0.09390694478201855
-0.7673996191189251,0.10292404852487427
-0.6921533542015395,0.08271307265907571
-0.653680726870073,0.15044548162488877
-0.704771276890756,0.14674343475928409
-0.7222770747560557,0.14432497196432045
-0.7431698559767125,0.15241925377089646
-0.7099267851585143,0.0993995648917126
-0.7219094533862085,0.07915073666987155
-0.69650060178393,0.13870087177524462
-0.7096664044672822,0.09693953226339495
-0.7063129321216814,0.12058203413799529
-0.6541961762506846,0.16260633213345563
-0.672132267260649,0.12869454539052486
-0.7371548172057882,0.15127474443771888
-0.6826493220096205,0.1256933707276773
-0.6526773220892791,0.15553250988619802
-0.664201170167853,0.09070467673662774
-0.7370769878436425,0.09134382126716237
-0.7486226113346693,0.08507294766984834
-0.7174241688974536,0.07483444381457638
-0.7251402437685776,0.12838116265066854
-0.7098186510303239,0.12459470310788896
-0.6941755376049009,0.08564605169398734
-0.666266506159586,0.15239469307825942
-0.7091829214999398,0.10465380290088484
-0.729985505847794,0.126851644806759
-0.7258963802049071,0.1296151468672203
-0.7343459122549992,0.08844161255825943
-0.678021592144594,0.11994780609887833
-0.6489946014179251,0.17400753334997884
-0.6775332052717049,0.12581968171333566
-0.683885092906442,0.07682064294887263
-0.6920573291354607,0.171604802458504
-0.7478154660504021,0.14345021586031265
-0.6714235405247047,0.14841538608088073
-0.6794953337245677,0.15196572914920478
-0.704348499131138,0.09774000333273013
-0.6916385838720488,0.09174202114829445
-0.6722470923945217,0.14873889275466623
-0.7073623991241834,0.10746065346645427
-0.7184445180547003,0.11546354637864946
-0.6864517674471404,0.13931018173003826
-0.7385201576954111,0.12091382349568999
-0.6959882468992679,0.10539054147879248
-0.7306279940898573,0.06121091582680056
-0.7042711372050445,0.11552074278773733
-0.6911028102341791,0.09499066515974265
-0.6879320813714613,0.12071976426773723
-0.7268051793553855,0.13896507364952462
-0.6822132211831954,0.1287757946139807
-0.7105239168630524,0.11577627364443097
-0.7366034026923821,0.08249896504174865
-0.710252578346598,0.14618697983166062
-0.7005263577038326,0.16860983411503808
-0.6859028150643465,0.13289756930726063
-0.7269868887896392,0.08795612532470223
-0.689980881931898,0.08253429408957197
-0.6656682350728479,0.11378934825916293
-0.7338102027225182,0.14867668354777053
-0.6628914428123192,0.1724267829460498
-0.7397245927997737,0.13880360707690004
-0.6842573450008943,0.17027509883930408
-0.6654525167520942,0.10151243284831558
-0.6857486808109123,0.12024929842537709
-0.7410557133020619,0.1060979793197037
-0.6596643471035728,0.1258447194079961
-0.6965988734401113,0.06245188010775337
-0.6609714141140355,0.16153410532873427
-0.7111149179636861,0.11312439257332127
-0.7110961661367026,0.1070316661027784
-0.6603121285739237,0.12379192490004068
-0.674077466189509,0.1365100209553274
-0.7393677395684092,0.0763332290372748
-0.7254101372704773,0.12192721198330861
-0.698754572615308,0.1358119517300895
-0.7211239119070447,0.09022572165502266
-0.6949853699674181,0.14579315482535002
-0.7191986911300196,0.11810873746755558
-0.7609785817904442,0.07777673629847845
-0.7118146428797236,0.129716550467945
-0.7283525016577984,0.13583310288792022
-0.7158969935756606,0.08486668167699138
-0.6813328461591136,0.08356741427061788
-0.7063235400163542,0.12602911231680583
-0.7139643690258315,0.10165255906158377
-0.6554740367794063,0.12160946141281596
-0.6892278116609687,0.11865903339219294
-0.6717898895475845,0.1347818241244674
-0.7330916867120199,0.08930828123648084
-0.6682768571483982,0.1297261140741175
-0.714203101277274,0.12903646903132537
-0.7049980757918799,0.1184648799973349
-0.7292567221183023,0.1306901459704677
-0.739730071827158,0.07323521178320137
-0.7250562811805885,0.15406675644704507
-0.6990722042268838,0.1683696121662939
-0.6954486608360949,0.14849376149675986
-0.7324668584547013,0.15847130959513622
-0.6936545380427027,0.136873338039111
-0.6918057624357471,0.1183647223206913
-0.6854289812836332,0.13575352380041306
-0.7399052109145224,0.1076479306300912
-0.7145653255767389,0.10570111616685726
-0.7150191414205018,0.1506620107864787
-0.7427405912532405,0.06586605947733952
-0.6649621475735564,0.16325720837078764
-0.7362738008793406,0.07839108477589198
-0.6861708867336537,0.15696457739587513
-0.6654533540583986,0.13504826387615979
-0.708438903760619,0.1639788867076116
-0.6787829282856147,0.10762976047792247
-0.7161683040706185,0.12487833409058056
-0.7448261688884602,0.09486583349766003
-0.716550905003668,0.11247691234146732
-0.6567788125276787,0.14186032107883376
-0.6779668456182015,0.14702634122430297
-0.7607932412634995,0.08720478761881435
-0.7306794926298916,0.14034129719495672
-0.6917028162408834,0.1019209216977481
-0.683206041827313,0.17944590143706793
-0.7625626546340051,0.10768994270321004
-0.6816673365166765,0.09437028356298828
-0.7513187048955258,0.08293766592229203
-0.6886595508685909,0.10654370450497702
-0.7591830600708113,0.08583018198430936
-0.7340662399919194,0.11568574085345783
-0.6689819569622029,0.1394386767299132
-0.6903597820380686,0.14232315892763503
-0.6767523816687927,0.15969133613973058
-0.6983089171356637,0.1227590944273992
-0.6962086414154712,0.1516579229894082
-0.6632795462885741,0.0954393945449101
-0.6788135983695582,0.14665743483544733
-0.6940290655959314,0.15740835895759767
-0.7423244050265674,0.1279442314431769
-0.7170891291607456,0.09425348902856327
-0.7208757376594149,0.13485364482185536
-0.6762120958112936,0.12991878117908512
-0.6717850469811804,0.10477366861133068
-0.6834948355497837,0.13594335159300724
-0.6552504536672069,0.14251700742226997
-0.670712191639013,0.16126525237403994
-0.6862080939330406,0.08772536748991955
-0.702916173229231,0.13508443121576671
-0.6886040503780806,0.14470507466498087
-0.7303499708367138,0.11111930411075527
-0.6759653435152503,0.16870461079649351
-0.6612686143761574,0.14937146020079453
-0.7138533217309356,0.08330718444115118
-0.7101696362209312,0.09733675386763906
-0.6594838312158379,0.17000555056202918
-0.6693802556261242,0.11730513138089528
-0.6887095995607895,0.15437449596205546
-0.6817226302400846,0.07887453821931938
-0.6796141290322465,0.11178033211239274
-0.6606527327441178,0.11658850031775664
-0.725858393732854,0.11580442306959321
-0.7065877533475299,0.11841424316558628
-0.6778577577573145,0.08640660362674375
-0.6632897326403846,0.15452771162816878
-0.7338602732479524,0.08711605346697034
-0.6957613643976663,0.14898506733014472
-0.7318611372321211,0.10597200130937598
-0.7029690683517867,0.11088627869975286
-0.6982143783249758,0.09769431497920325
-0.7197865828975478,0.11152109642117448
-0.7247400346282138,0.14635448273203017
-0.684528305951403,0.10252891574663245
-0.6899460510897873,0.15590159903304399
-0.6972247748039795,0.16877970185619873
-0.7256766385767672,0.07775402806927938
-0.7183265929037898,0.10532077482998164
-0.6987789182904931,0.13991684226583992
-0.6701092446678087,0.13535886052815785
-0.7197617041562087,0.1313757755518685
-0.7140056301420334,0.10754229954190216
-0.6920434736132868,0.09536543255917733
-0.7454300151904777,0.10171174002218619
-0.7323053704640512,0.06038028728319922
-0.6931397688952674,0.12330489598279283
-0.6731574436116815,0.14047770956949837
-0.7001567328835854,0.09019946310354919
-0.7346587607414518,0.0847394045340958
-0.6953118628459772,0.15043170441694417
-0.646258673119164,0.167100001758692
-0.6829950192193333,0.14287066264315068
-0.6700470393060278,0.17312074119248533
-0.7409076691100676,0.1059310524445605
-0.739080069088289,0.12240129847391722
-0.7011383921132762,0.09405670028887546
-0.6822572368840294,0.11248651979707726
-0.7097556272822483,0.14960050860726679
-0.6869185817015485,0.13846730055328488
-0.6560405204396431,0.15068992552051474
-0.7049231563257194,0.1077191052666153
-0.6990155503057427,0.17051096467839952
-0.7199398933180435,0.09081606339915609
-0.7031892190469065,0.1601769314156546
-0.6990103050184732,0.18136198490505925
-0.7286258178944198,0.12410975822433576
-0.6730224264114102,0.12112406659944372
-0.7070211430065965,0.13566642046342306
-0.7221337812726415,0.07160939932482575
-0.694621850412723,0.11125955594409156
-0.7015827888863901,0.12426738718207975
-0.6988415989648125,0.14611223125466125
-0.7004570732618222,0.14384046233189157
-0.7214899404048357,0.1366705297847784
-0.7187668561110884,0.103683769174545
-0.7348147005394262,0.13545628028806025
-0.7147364892120291,0.12168992239537234
-0.6512062876646023,0.16474824530926124
-0.6769545812485948,0.09054171646066739
-0.6867183186693845,0.11718706252736148
-0.6604921189906453,0.11909355552585145
-0.7313546034655961,0.10007881341566896
-0.7105257152657678,0.14715298373848254
-0.7373862131545794,0.11373849317134122
-0.6862017425253967,0.11442595738859261
-0.7079357753829114,0.09035731562221452
-0.7324369770211618,0.10986168209211158
-0.719729367356592,0.07982850078949946
-0.6900073899838481,0.17146526588599784
-0.7190424516446473,0.0762270211549758
-0.7051417313075751,0.11380119895481194
-0.6777699573845571,0.09483912787221264
-0.7177887522741196,0.11723253786907646
-0.7096067976268164,0.11754251236746686
-0.6779836526267241,0.1714181806731256
-0.7241893439517855,0.07249990829143857
-0.7249031512274241,0.11761923917507769
-0.6798113499283341,0.12390647412670223
-0.7266117046716536,0.14215179376871115
-0.7409891401278998,0.12194079783631206
-0.7126635181165671,0.10607376381564608
-0.740689930172294,0.14337386701671756
-0.6784809940046399,0.15303321062343236
-0.7028439080782398,0.13431706719985934
-0.707113058037664,0.16690591734927523
-0.6809183543022118,0.17374145032994873
-0.7451792674874889,0.1290667182886595
-0.6505402564506015,0.14360797248836984
-0.738706591561565,0.11047982545846453
-0.7143303917791213,0.11487119883748777
-0.7032352227003976,0.11805853176843674
-0.6617340354757798,0.12955580696589944
-0.7181321441691818,0.11596156640513547
-0.6886350099622428,0.1520280478865043
-0.6676553901524785,0.11682913515012751
-0.6967677654547227,0.10532753990545372
-0.6627380518280341,0.15673410635051563
-0.6848437728184634,0.14319932093976712
-0.7038883568000052,0.1759038625746214
-0.6981083747390141,0.12193876398981
-0.6661079677139453,0.1531506077506932
-0.67371609535967,0.10790332529657526
-0.7052060971934222,0.07559434684986215
-0.7202208444334925,0.07399907774231138
-0.6953618979659397,0.09509031028432542
-0.6758957167459728,0.15013187837368328
-0.7101479065598761,0.08109309344358433
-0.6975087626223327,0.14884149720823517
-0.7117469429720094,0.11219671448783573
-0.693159060811113,0.09806949725657195
-0.7377731846021971,0.10537959278776332
-0.704202694866949,0.07695978289964685
-0.6805398273470936,0.1409137177902011
-0.6786722858375978,0.13519807049683735
-0.677733956585876,0.12052614462741075
-0.6799793806286345,0.1352850502088756
-0.708166305364227,0.16316565453441506
-0.7017637762203747,0.15452785790707663
-0.68070008176246,0.13250058051696265
-0.702369768583639,0.1111882574342991
-0.6733767682206314,0.11195713625524477
-0.713136326513859,0.15024806666258006
-0.6681393289764984,0.09997193504192002
-0.715780631332103,0.11367177079131867
-0.6879977375681774,0.10097783347506678
-0.7085589024024351,0.14080464606317228
-0.697659044864411,0.14674707349748217
-0.6824872320766422,0.18512175052168062
-0.7235481698223747,0.1472604282967629
-0.7220050527768291,0.11895430883963357
-0.7284383226937018,0.14884000724738047
-0.7259167954119101,0.10824079697759859
-0.6658882546958781,0.13263583430091028
-0.6604064655949348,0.17275252823119827
-0.7375242697931127,0.11463702539457765
-0.6719025498692647,0.09774362411032117
-0.7377518206174594,0.14445325805559547
-0.7053446028915897,0.08922722637709568
-0.6736824576975587,0.14655090173399068
-0.7095071618290314,0.10818689437255545
-0.6853578090481415,0.14053933434486807
-0.6925022708316005,0.14767530542969218
-0.7242087538625247,0.1502329162754498
-0.6960688801961988,0.12470920393317862
-0.6930734013470184,0.12034195682603817
-0.694065047532869,0.113300635801745
-0.7073909099022646,0.13526220385832602
-0.6946065946403448,0.1473467770352009
-0.7281298422668899,0.15756298055574763
-0.6550139017447386,0.16083982536937783
-0.7040885712792202,0.12970230135436078
-0.7214823365239598,0.1342246674196541
-0.6661989770031099,0.10818224285219909
-0.6979917955451936,0.13784969034984734
-0.7193985493080609,0.07238632398406115
-0.6699641947668854,0.12418934876294832
-0.6838995966528548,0.09729074053702501
-0.7244836198694696,0.09708320335953563
-0.7111828447578206,0.13488470017285834
-0.6849855907178805,0.1717794951484286
-0.6917042920984424,0.13410185730258442
-0.6583395113842283,0.17796013883245143
-0.6735044717300815,0.1450978669080353
-0.6854151157735058,0.1291987085204993
-0.7343932355706908,0.1115972391652571
-0.7037477086125942,0.07349292709527604
-0.6638087625981448,0.10537412624274063
-0.6691160997306681,0.12292544810473945
-0.6814033544994721,0.1397042568173733
-0.6932822303337627,0.13416564916687795
-0.7092138059407012,0.12124141885840298
-0.6846361956185362,0.15451995239962463
-0.711514122626553,0.0988388619402249
-0.6902580920120532,0.11049531619769015
-0.6904646583171475,0.1716703462624647
-0.7349026898341984,0.11785966855637331
-0.6996620886958368,0.11059978224754838
-0.6948963310025904,0.09968619131144855
-0.6837429783950627,0.08300225964814706
-0.6782919523840393,0.13656424712613213
-0.7040113931817741,0.10559296405602278
-0.7297713694343996,0.08880661128733096
-0.7247260375989015,0.11188605241070335
-0.6829296302767499,0.12505550025523188
-0.7543583260427127,0.0755759648520468
-0.7180836026345643,0.12989304821522782
-0.707775200032298,0.15212128669914005
-0.649288809568108,0.1490478192815099
-0.7214739891895665,0.15675373570410708
-0.6660812270880048,0.18406872104664346
-0.6894489423280066,0.13257878960284006
-0.719569159990498,0.11464174981633173
-0.6695902080574777,0.14820586764049443
-0.6888681389145359,0.14645409514079524
-0.7204015102624972,0.11892235243750077
-0.69168901230041,0.13479844221235815
-0.7364256412885055,0.12465916025503494
-0.709361477736446,0.08092075070128442
-0.7534224139956217,0.11870741389076339
-0.7213710093777115,0.09825829402542774
-0.6810153763292301,0.16791932671169718
-0.6734308250752957,0.11458079671692575
-0.7004691792611912,0.17277213852424578
-0.6858255599398294,0.09713030892441343
-0.7283501645190862,0.11928459156933656
-0.6856178336693931,0.12886414446433242
-0.6978682022837636,0.10071979470141668
-0.6643548562313815,0.16214165690722765
-0.6877293627254838,0.07654797674025873
-0.6800794052873742,0.12551089786015307
-0.690065363955825,0.14225148453512804
-0.7195550132714748,0.1110631546559467
-0.739569736045958,0.09833188312870128
-0.6916031818954426,0.08820971992622496
-0.7215647030026708,0.142895422177069
-0.7183879074998724,0.13394004003748775
-0.7237455266005727,0.09209482286140679
-0.694681589193878,0.10853754142164723
-0.6610553722587048,0.13606675451749806
-0.6635638877209394,0.09781525264394839
-0.6814625923870918,0.16870469615417663
-0.6830029896062118,0.15237675879599702
-0.7165629658540028,0.08331878376520062
-0.681779734009006,0.15299357874293223
-0.7437263063022723,0.07269134931962942
-0.7043486501806563,0.09118965476948035
-0.6825750902978909,0.12952374037508874
-0.6857913261639694,0.10712472604810544
-0.677907563481116,0.15801297631152997
-0.7007155410833764,0.16108788775135308
-0.6572576955908351,0.14309953813959672
-0.7072698173136487,0.14155255085536134
-0.7220253272309083,0.11127892942123721
-0.7037632459401486,0.16992694141765755
-0.7186721409670991,0.16598557013561616
-0.7286236817008334,0.13662777810962498
-0.7169264993428882,0.1436711262830597
-0.7129257404010592,0.15269844879591982
-0.6750612077148426,0.13747778429704646
-0.6710506966420897,0.14429309718224317
-0.6909299950861757,0.1341648514130809
-0.689162840435557,0.12115751249674478
-0.7150009267232328,0.0679506602794897
-0.6515259778664676,0.17179317981664022
-0.6828798786235063,0.12422641013796104
-0.703796847419606,0.07114306797467941
-0.7361336523884162,0.13176212341609994
-0.7154097440907463,0.08922678381507358
-0.7087092390808163,0.08877597416087374
-0.720908030457393,0.09617850869235683
-0.7281885235299603,0.1491217053479076
-0.7369914110700654,0.10024327514607889
-0.6923851289848255,0.17449173957891104
-0.7254820477590677,0.12725394781361246
-0.7087227371898964,0.11552381153781599
-0.7036966669832421,0.09958967125368144
-0.713512469893583,0.12792584291699088
-0.7580872635471874,0.09558527711726808
-0.7501530002950453,0.1103103586428341
-0.6629123342980944,0.12952036052788607
-0.7161630471100476,0.15419638598769805
-0.6951677746829705,0.17786678514744536
-0.6924390630420534,0.09552088362227307
-0.7190991323160275,0.08799043700941657
-0.7194859349517307,0.13342268188673623
-0.7047096225181674,0.15576746696884192
-0.7220316550128384,0.07077645437942279
-0.663878907314921,0.16877744191458321
-0.681354138452635,0.14646218029680086
-0.6823074654497712,0.14209956641260008
-0.7341313071776296,0.07227387629381112
-0.6682528651942257,0.12646589050943646
-0.7527986792248679,0.0940468755550194
-0.7045876335525418,0.12319111927720018
-0.7143588914078859,0.15369379073436504
-0.747804819863767,0.1191857568873327
-0.6843874009365795,0.12894805051778235
-0.7501806612463502,0.09871610715850276
-0.6615700008918257,0.14018390190824864
-0.7285108179325405,0.14909863253715708
-0.6857044943310793,0.10249633034071735
-0.7262911703603492,0.1496640028592036
-0.6764183384172003,0.086452609004351
-0.7228828027341123,0.11087318553553148
-0.6602787397468225,0.13206888085050233
-0.6825501370677481,0.10216159357040322
-0.7457084895404472,0.12858573590495664
-0.7272482691652459,0.12580249808852298
-0.7342840334558666,0.07593532993225277
-0.7217021784820981,0.1006018549335747
-0.7082616064253247,0.1648892053854475
-0.6601187869646628,0.14299739919015866
-0.7370548693192105,0.0973801556252041
-0.6922459494570712,0.11398146875184463
-0.7412942712756804,0.07676574717431435
-0.6650415749592187,0.16293492168055784
-0.6601191932944412,0.16778394435209149
-0.6982413968253867,0.0967021598910545
-0.6752259515058167,0.14516038602990783
-0.7593981903902529,0.07562855307305022
-0.6627255919812438,0.1543161536379421
-0.6998678028501644,0.1555746967166215
-0.6935506934903953,0.1033648381931118
-0.7382478207901726,0.09632925853698815
-0.7424715278637363,0.10556373812130627
-0.6615325791587308,0.14176440916162977
-0.7432807165845517,0.0927698244512081
-0.6675729417254924,0.1370237482908659
-0.6839085984252766,0.11955154698601021
-0.6580328236549605,0.16622877348883447
-0.7033683399354524,0.1563226524131549
-0.6998875885478723,0.06945637642304305
-0.719672055250514,0.1436091432480039
-0.6903143356917383,0.11830962825066205
-0.7309881289895034,0.09658988852824452
-0.6662496939689678,0.11283187324118359
-0.6778178456709424,0.08590683518228966
-0.699021676404986,0.1402483379907042
-0.7046547545606561,0.10382712792453443
-0.7354975886413043,0.11430988471667955
-0.7244028431059661,0.10909780388499443
-0.6873541895224368,0.10234100359686524
-0.6962096420298826,0.13644769850286664
-0.7156849831616207,0.09202566815926339
-0.7229952723685285,0.11356036217692596
-0.7228003525227116,0.10262619125512275
-0.7050627770752973,0.13540928820185358
-0.6828295561245368,0.11248923922038888
-0.744670152257822,0.08692096145620565
-0.7098139851771348,0.17422906652211312
-0.7326294244005968,0.14334174242612444
-0.6924406595287999,0.09313414102351873
-0.725570844154106,0.09610393338415413
-0.736474312610624,0.0829032210585019
-0.7149313735660858,0.14445518546887287
-0.7109300147449448,0.07805761027454446
-0.7316127452344426,0.15211282635922083
-0.7104260710616587,0.12341201934199304
-0.7146150366391822,0.08906608957731438
-0.6572514295854576,0.1568298125667685
-0.6954772121823656,0.17756009992393693
-0.7329854046390697,0.08705271891464575
-0.6993504759383968,0.10899262664279313
-0.6850858810112477,0.09980781167469872
-0.6649264115064126,0.14137883035953303
-0.724109231088539,0.0979138580395916
-0.6737762150582365,0.13216178503710427
-0.6966657811190655,0.12838914066437077
-0.7089325571982303,0.1275029358494455
-0.7232771324290422,0.0801160098548664
-0.7342799457742136,0.07787688737872776
-0.6994855892985958,0.15087360396032423
-0.7054320794138011,0.13216456992926717
-0.7413838552582436,0.13856774159769916
-0.6710543144525141,0.16191681201059507
-0.6928829813479099,0.07922328679128092
-0.6988841319721021,0.11686904607517587
-0.7098679490748506,0.09641425214106158
-0.7119727155192369,0.11888605192958387
-0.7228328624906082,0.09319370829442623
-0.7503878878938659,0.10912170725717556
-0.7054835335617603,0.12850401785799995
-0.7316219754986251,0.10075848517614798
-0.6761312699457903,0.10943856793608936
-0.7362317071141823,0.10559787810091088
-0.7166472755976752,0.12394735346700617
-0.7188402340262557,0.1158993143675136
-0.6942831923760985,0.11673592950420626
-0.6844587541107668,0.10036673546334313
-0.717342428451875,0.08374236303751022
-0.7005607502049903,0.16647008574691124
-0.6600076565506199,0.13521194765279618
-0.6844803622403974,0.12155417367753807
-0.7046527659707122,0.09242370023332161
-0.7104127277391801,0.13984555920823635
-0.6796938343319979,0.11730312784987171
-0.7018840833602941,0.16840412857747666
-0.6967305529338259,0.147775715243105
-0.6652607105314907,0.12920031470391088
-0.7115258971570455,0.12465092791257416
-0.6976199761557975,0.09141065692766655
-0.7334809981165243,0.08018173469207625
-0.7010379107062148,0.14431570542864475
-0.748155559978688,0.11361628777780472
-0.7021473092973463,0.13013440339108864
-0.7295304201113039,0.09512047537311491
-0.7343097861939136,0.09504606173856066
-0.7254303340106549,0.13004855368832482
-0.740466448613838,0.12026553023735125
-0.683221965254143,0.13988677419866463
-0.7016929688736104,0.13272933993916938
-0.6600789311141813,0.13322280742732023
-0.7152151967353487,0.07525217016391748
-0.7392407575754751,0.14539769779378706
-0.6805895238925184,0.1259680975265627
-0.6843758075367143,0.11999940758751383
-0.7454127945259863,0.13185791280196776
-0.6777131410100516,0.11961933936591602
-0.6992528993298786,0.1245530762259303
-0.655607565166094,0.1266866430996701
-0.6865765706582773,0.11850187927468134
-0.7421585307295818,0.12166315133437179
-0.7127207119651146,0.12551164918657284
-0.7405319203965977,0.07576188085588939
-0.713271404333645,0.12579603005548343
-0.7040455674585244,0.12981083449270744
-0.7224071999119289,0.07173998164945737
-0.7007549144387575,0.16149210466003297
-0.7381687141845096,0.13034733457044403
-0.6590613596359833,0.15355398935617498
-0.7076073471056027,0.08915796654070955
-0.7131076691949614,0.15284205222505465
-0.7076215925103196,0.09708732517597418
-0.6985271358525007,0.0849486790333523
-0.6604386434048836,0.17552428662116548
-0.6965431103226539,0.11992738157088954
-0.6676221093842113,0.133344096786266
-0.7327841704590957,0.09132213817239367
-0.7325094669048623,0.1448844384094823
-0.6705368945685877,0.12291899657580833
-0.6485846067768992,0.15565035920237275
-0.6974682230045547,0.13137257276040087
-0.7441909763407215,0.1288343846189443
-0.6717230861294998,0.11356262622122291
-0.6968365582530889,0.09430721133607703
-0.7549680770413887,0.09830453244537483
-0.6608264841497061,0.13173798901764644
-0.6926164017121156,0.1114354539998735
-0.7381717550714865,0.07869112851884558
-0.6917703861263401,0.12959950227018008
-0.6981776748648489,0.17471402252848575
-0.7010686871530534,0.11492786841872304
-0.7399492361050877,0.11990702993591405
-0.68464729600583,0.07784943674189801
-0.7577379199958171,0.09525595472361634
-0.7259472314371032,0.1276753399526013
-0.7092724401887468,0.08715644130905206
-0.7101824282052657,0.13468631983577373
-0.6936184934456588,0.1561178183354484
-0.7189477405936476,0.08746580969168384
-0.7103894649921919,0.11607927978724214
-0.696274813751334,0.08392467299131762
-0.7146960993009087,0.13945251148701684
-0.6990225353026017,0.09866440603139928
-0.7099476742841688,0.1174256388072065
-0.7200694059080109,0.10072300212233433
-0.7570654218702068,0.105084928728548
-0.7231235450364115,0.11416309332732165
-0.6762131875072827,0.10450663748237952
-0.6843366802561494,0.12432407501384728
-0.691452456702052,0.11379982740831493
-0.6936622043639006,0.17818446456373158
-0.7038984174114808,0.11647683892660655
-0.7125937072584091,0.1621529118801455
-0.6993031988864785,0.07671241596326693
-0.697142596144112,0.16732343898096289
-0.6655279674597724,0.12385316839615797
-0.6711229962117772,0.13032497450740213
-0.7253382770170504,0.11394571302187055
-0.7219739348700189,0.08787444184893921
-0.6752501822534404,0.15008885633571972
-0.7179475574334094,0.11079386995607476
-0.7459194482929101,0.1098257464012748
-0.7104508081713762,0.1590874587721758
-0.714668489107266,0.1299804935186938
-0.6999720020491748,0.12470542875518255
-0.7059369805717222,0.10346089273927257
-0.726825597181334,0.13033271787748557
-0.6645862511990558,0.12020045588474279
-0.7344684711312163,0.1341728489461392
-0.7105083823006355,0.13867487527286312
-0.736908812103174,0.13141250579417815
-0.7300810632084357,0.12174415136396745
-0.6869207992393437,0.13077487732460685
-0.7191923621521438,0.08809921551201454
-0.7097869026313306,0.11859182972250865
-0.6540764067570478,0.1347432042807814
-0.7291160891573696,0.09838778118193559
-0.6782218406306602,0.17316519244201053
-0.7338826712267574,0.08586891343152929
-0.6731084906594393,0.10356296248184463
-0.6687882221450773,0.11132919252523227
-0.69183797499108,0.12923067460401202
-0.7234285264714818,0.11562687271473646
-0.6726836360651355,0.13786363622785097
-0.7152449137703246,0.15260881624298722
-0.7153021331867645,0.13366624179535394
-0.694527472677379,0.09166260143785523
-0.7214354638618647,0.08858186295930388
-0.7337992286998368,0.12024892382808577
-0.6871873028874753,0.13790055675564938
-0.7404747241907663,0.1122382562638253
-0.6556056010537258,0.12721044553972732
-0.7186962960377387,0.11360355877361318
-0.7109866534640871,0.10930959801284341
-0.6762486084543442,0.1383214020117437
-0.6610375984904877,0.10759193791445029
-0.7428578138638879,0.07024584988005485
-0.6860563591949744,0.10450478400436586
-0.7202189534937999,0.11381198841081722
-0.698822017978031,0.15076893255813478
-0.722134283272822,0.11803538786776904
-0.6662468059050258,0.12133378532729744
-0.720051668180501,0.10517623069143218
-0.6952460282880961,0.07742509658352487
-0.7438434411677988,0.07375429121703715
-0.7343649447373005,0.09210316016650559
-0.6982107087093559,0.14612957494101259
-0.6630439697611883,0.13124328941383256
-0.7170165012004076,0.10253805615389257
-0.6918485634773568,0.11869544054538081
-0.6760978632004228,0.1255168367692616
-0.6585622774847439,0.1399038145471978
-0.7492479747948353,0.11171507198326991
-0.6702581794284976,0.1355986457218304
-0.7117138305947933,0.1035699373694298
-0.7405294845580722,0.08397725641629501
-0.7192802626208679,0.08814067741712715
-0.6743524510978306,0.13491655052555343
-0.6988557696467478,0.15687499190108956
-0.7306299185949786,0.1251511931446142
-0.6782610325851203,0.16052834904412408
-0.7065864573309742,0.1189322931662678
-0.723902931532188,0.08813797230300001
-0.6733408807916177,0.17754454818885138
-0.6890905560856797,0.09762880693946066
-0.6758705250668985,0.13368963562796465
-0.7418958300481058,0.08905397867732333
-0.6926507551956873,0.07565968048549115
-0.6898052569586542,0.10794149686658025
-0.7259759011592588,0.08437490700501768
-0.7227116368393616,0.13984622954879047
-0.6924164780397888,0.1006547122290829
-0.7164883264553945,0.10195853350443669
-0.727894237247805,0.0782677605425952
-0.7210715886343273,0.11617349228128498
-0.6748300672819354,0.1472516047813142
-0.6787518419357019,0.09580685383893345
-0.7242831437050867,0.10693617520876869
-0.6992592249199797,0.1211517089398959
-0.7380175785118869,0.108555561483566
-0.6497694413236257,0.16860391313644857
-0.6721646196855459,0.10973799092033112
-0.6635410120084921,0.1769969401384956
-0.7429141081075394,0.10651922246076752
-0.7173394927196721,0.1194925559558988
-0.7330500217379364,0.10274650882461472
-0.7091707949282754,0.12094624765434239
-0.7548239170735583,0.11629070781040739
-0.6610447517137318,0.1483650393100106
-0.6828205050820804,0.1351927007432133
-0.7074157497058132,0.1086138363531411
-0.700899590022173,0.1336463721574372
-0.7231865842115427,0.12436235621842151
-0.7278941826416306,0.07783205414219097
-0.7372584755261559,0.08262114354263976
-0.7337239302529649,0.104225181455887
-0.6587418834328644,0.1612990891217354
-0.6925086774713317,0.10613418794468191
-0.7404524127512062,0.09038149909205759
-0.7264843525376573,0.11179305161034042
-0.6676197056347294,0.1373922676783831
-0.7602243859249704,0.09015173594100517
-0.6820324453581629,0.1077485452280187
-0.6879291360212978,0.11834605823112292
-0.7289985883506375,0.12201517780911168
-0.671952506624221,0.10341058848089713
-0.6738153344675069,0.16307997603507834
-0.7043957729313997,0.09164709827436235
-0.701230732667027,0.09338632040411898
-0.7348612936886173,0.11439378728050281
-0.7186580731092942,0.13997314305679445
-0.7435000334589392,0.07510311173317824
-0.6550626142657944,0.1342426156471056
-0.7490112687576296,0.08618919607716338
-0.7273351459291908,0.133540373578944
-0.7509746972940633,0.13369226972621615
-0.7343456336213133,0.14545881472355607
-0.6792063779427174,0.10347902016410902
-0.7177924554549248,0.12286570615510162
-0.7281221269850311,0.12337652809033844
-0.7517330302822297,0.10565449205707698
-0.6992913989805731,0.12671768661694935
-0.6801692926172165,0.13471567686062
-0.7413331882549854,0.08831314796880013
-0.682971346675009,0.12208230613621104
-0.7297010330702552,0.09843886734866801
-0.6755691554040939,0.16972924234310216
-0.6513079463540852,0.13956354912651045
-0.7065446274696737,0.08427151434624629
-0.7173270754275811,0.13866781844468665
-0.6987262202731448,0.10851151365328407
-0.6802051160561274,0.1243531670955819
-0.6626953807943049,0.1284936671406966
-0.6817985949530518,0.13163838015493862
-0.7258101994351448,0.11554330809040023
-0.6519405853862238,0.13860708007138248
-0.6539513139963639,0.12283471684943129
-0.7394839328727916,0.12562909862456198
-0.7028202385094524,0.10082841376149439
-0.726066178594895,0.11651379595174845
-0.6879554187869882,0.12687951756408364
-0.7322651396218635,0.0958132290531851
-0.6945947928298007,0.13278913472257012
-0.7239086842144394,0.09273980261332768
-0.6617258644875755,0.12697613416848189
-0.683892295944239,0.13825471415740945
-0.6956080598157418,0.14141920887086157
-0.7030327146953158,0.11394540149750632
-0.7341682551023097,0.10335311860699936
-0.7277082187803818,0.11888573424996082
-0.6817197869467007,0.12591388638680578
-0.7100051535064784,0.16414671869052452
-0.7179465801179485,0.16941579617118077
-0.7228840814280967,0.08745776505611758
-0.6849206441183966,0.11887753823919614
-0.7068561120458666,0.08586499640957411
-0.6611242418403881,0.1426817129999472
-0.7392558693611609,0.09645427211794048
-0.719994247077655,0.14442260991134134
-0.6684051590566997,0.137636394022081
-0.7358312460718855,0.14242397101016604
-0.7260063142147168,0.1309474223008237
-0.7411630040169426,0.08992598232613913
-0.6807473293673502,0.08902911668114948
-0.7184488331328731,0.12790113939456746
-0.7290091033524791,0.11263905140353431
-0.6701668192432306,0.12345342789184414
-0.727228012478864,0.11117901853865256
-0.6679556525096498,0.1088205609607136
-0.720900946784094,0.1558923312815764
-0.654479367918136,0.15986973387680423
-0.6792916463058176,0.1038744491585697
-0.703664685046693,0.13029745534637785
-0.6957057772115876,0.11752836797776672
-0.7040471500725237,0.1773855926158368
-0.6772598538634642,0.1027551844999133
-0.7270018615747394,0.14070481787957936
-0.699151860110449,0.12908488619072753
-0.745035819836643,0.07473277921048704
-0.7151470980373728,0.10684277687498693
-0.6837439239175086,0.11719554821812857
-0.6835494075323901,0.12075994951605656
-0.6863430709076997,0.13152207634318874
-0.6660469702496781,0.1296507044156029
-0.7055550560480125,0.15274222279696528
-0.72291075806234,0.1304810927146941
-0.6863901922038482,0.11734144017317837
-0.750286866507726,0.12057171801744726
-0.7235105607829184,0.10017302812033509
-0.6993213856795694,0.11346400685174485
-0.7216782413128358,0.0844137679804149
-0.6688298368083485,0.12346030839307195
-0.6806019677111851,0.1416468074164248
-0.7181055989957535,0.08623989582714557
-0.684246347339209,0.10834382481799852
-0.7212725884746994,0.10459914744085079
-0.6950066545745609,0.1433195239821189
-0.6899575586828984,0.09015985129048247
-0.7241087520233004,0.07122484441354404
-0.662056383625075,0.15987583102460848
-0.6859950695345008,0.12724794584354815
-0.6994491249638438,0.09223561207928686
-0.7115795742471148,0.09918075698984018
-0.6527521908885435,0.1578950177878467
-0.6830930417774276,0.1340078587087856
-0.7393200762966452,0.1299060126588642
-0.7369948882030439,0.12869097269370233
-0.719628344721931,0.16581779496010782
-0.72101958560352,0.10406011161304206
-0.736459593551187,0.11757608960808419
-0.7468457588688769,0.13203054787968443
-0.6921631729432735,0.14310789838589905
-0.7091706116643094,0.16052230662111547
-0.6882351601468782,0.13524049966286059
-0.6803365485730603,0.1522978055046312
-0.65245506819973,0.16449403166256363
-0.710827930872864,0.12649340863509417
-0.6859326683348022,0.10819622591891982
-0.6863162760357127,0.14529494226973522
-0.7123112877403792,0.14880168985494505
-0.6832001067968955,0.14578052993419666
-0.7049699884891469,0.1336849927574286
-0.7099132211162662,0.1288783093370402
-0.6974762618919148,0.11881837939723397
-0.6788594588672919,0.14726242103321713
-0.6671999274238934,0.12767319733603374
-0.6861128296818602,0.13431532301401253
-0.715997328880207,0.09341017967053991
-0.6967498236103712,0.10335824568479923
-0.7363875820307079,0.10618492306173657
-0.7013585512247587,0.161818619144358
-0.6954527006728285,0.12709552246726477
-0.697777061175535,0.1279209697968201
-0.700502859157358,0.09470988702266896
-0.7092583896738079,0.12898677189725988
-0.6982279006608817,0.11276957612608422
-0.7311459532656269,0.09611721011999402
-0.6832369925380566,0.15162832763556303
-0.7262843101534877,0.11345538675073678
-0.6957630260185457,0.14580981444876287
-0.7051362255981207,0.12367942754637358
-0.6940005336208379,0.14952015707480898
-0.7208240800155433,0.11219448787050917
-0.7395320587507574,0.12468882612205993
-0.719035715430143,0.13397565386781443
-0.6819318135559475,0.08756052838255526
-0.6699776556115712,0.1511279737086222
-0.6873754979440506,0.15559975447233632
-0.7123512431759397,0.14616506594581913
-0.694439575091555,0.1377782722836527
-0.6590671423071159,0.11750455498988582
-0.7190121689506664,0.10476060783815201
-0.6620823806466297,0.16850691242449223
-0.7357687142984196,0.12419531779141374
-0.6864188186302366,0.09731650315813214
-0.6777660951000838,0.1571909423149757
-0.6680363962435848,0.13509628189622921
-0.7004475002787158,0.13955405854492722
-0.7403068654297252,0.13904809537319274
-0.6936813599537738,0.08137675648102717
-0.7290210566695488,0.08505641202708127
-0.6825279652947882,0.0919038854148213
-0.6861550351190545,0.12007870531292994
-0.7110415542122821,0.12895613650252272
-0.6678669500749019,0.14461990600761815
-0.6938113113110896,0.16475634323743854
-0.6745180191503651,0.11161828619293952
-0.704038030194059,0.12688606058136337
-0.6927616626145157,0.09946088778837568
-0.7113833977955731,0.11613491003050318
-0.6908037031630507,0.15761129077015343
-0.6911351365988216,0.12520331350411337
-0.7297191463398024,0.09446354485369263
-0.7288847963605214,0.10489654243923903
-0.708219705771738,0.10149766656856653
-0.7349843974846266,0.1398840768605682
-0.6754115849061793,0.15974324034490914
-0.6759748583789367,0.10768955866960293
-0.666905883456104,0.14284886811792194
-0.7104892445310554,0.10945113015241063
-0.696838770475174,0.1336660784852797
-0.6955430733482333,0.09977258605780936
-0.7024076336562031,0.09147623148683834
-0.7153141751023555,0.09291173209995747
-0.7005249070333841,0.10257880796701814
-0.7006336671907212,0.16555726469422674
-0.6864826378556709,0.12739368648473515
-0.7121155204474385,0.10749423330882465
-0.7535217931005753,0.10977145927527586
-0.7168742845050159,0.14992264848481246
-0.6990163778063675,0.16046487495907416
-0.6888327665930809,0.10973071050461006
-0.6854854296008235,0.1233441529883529
-0.7482832255493217,0.11008657646056147
-0.7201744400959014,0.1223878558032162
-0.7348770670272967,0.10692276463133704
-0.7210612337331049,0.08801667837485161
-0.6995250766971467,0.14664214270736
-0.7254368016542654,0.14296883374073796
-0.705229630558862,0.11677010232632774
-0.7298788696000287,0.11922889752256631
-0.6578725428432803,0.15150266015485733
-0.6807328954802244,0.1668568788558773
-0.6991614101594669,0.08019505786666341
-0.6788110215582182,0.10310829196839162
-0.7055835468362869,0.17051152207374462
-0.7409687310040012,0.11963979888386285
-0.7264936669738229,0.09293048439383099
-0.672633065239169,0.09774512703777868
-0.6617193207796113,0.12031104014543648
-0.7033981312879592,0.08791342019068
-0.7122562333756219,0.11162124811680295
-0.6910203161957598,0.10880677432996097
-0.6742358021849817,0.15548694586133577
-0.6927246828488067,0.15897258377612086
-0.7166408913955326,0.08022156804815073
-0.6962401300933841,0.10845594117153076
-0.6753661339908335,0.12368087160578585
-0.6845855425139704,0.10516760134534858
-0.7179187641987964,0.12883912554555838
-0.7250874917556678,0.06467365455593467
-0.7127817314972638,0.12621264576742833
-0.715901319832336,0.14247881071377755
-0.6745644760794629,0.108442574991859
-0.7197103401918765,0.15969709154183875
-0.7357929549727533,0.09992585219921495
-0.7213853992125226,0.07433664276413789
-0.7432629174633888,0.1086492299884925
-0.7080319046160555,0.09174080584440633
-0.7159594891620604,0.1645098663659744
-0.6744630225971967,0.0957195434456916
-0.6724367335260937,0.11717218202520674
-0.7343121931055864,0.1335879458746944
-0.7158794474877488,0.07795823256915854
-0.7033512892177929,0.09193195916110362
-0.7419914348506572,0.11643895659434905
-0.6883935635802765,0.09475196300287145
-0.7209705065837257,0.07659430011817203
-0.7032641882875186,0.10677312301804903
-0.7136960556418687,0.12050793331970065
-0.6867045374915178,0.1696756302716605
-0.7211602772347533,0.1520136632559828
-0.7138282639933314,0.10170080702868942
-0.7092399889571466,0.11641320395342437
-0.6839886705895865,0.11621196146713123
-0.7277970050387637,0.15091691493400125
-0.7302424952684925,0.13002094976989997
-0.6823077174761988,0.1378926934947948
-0.7197475443622575,0.12957969870530456
-0.7409458552164868,0.1451852575897634
-0.7390228621619419,0.13968812652660312
-0.7488003216568232,0.10846628979500321
-0.7019027996013916,0.14705201719064587
-0.6773858961337322,0.12756396907660741
-0.7091235634265082,0.17020407277873478
-0.7087958794709223,0.1495246452690403
-0.6876008285696937,0.12298769308979522
-0.6795725274422646,0.12434458300462198
-0.7227191925070684,0.07356162389954005
-0.6721391964728932,0.12330659257911071
-0.677020111956711,0.10948554893374318
-0.6918089054723584,0.14750052903324729
-0.7131391724605313,0.124727089314673
-0.7235945077856877,0.0794395314626174
-0.7309395064176368,0.1056925416079171
-0.6926151327351604,0.09135806861963483
-0.6796890971334143,0.15006877195812132
-0.6889552572806845,0.10179532744848271
-0.6876084244760781,0.132781789720861
-0.683517412980867,0.1741767141158081
-0.717521610796748,0.13088318699312015
-0.68320038857092,0.1417078457790346
-0.6995008824378196,0.07054531096120284
-0.724545424646625,0.10657188258619331
-0.7141170306028668,0.12550929812599304
-0.6858054543890837,0.16228457865744247
-0.7320224012170242,0.0990115458470216
-0.7174000821475915,0.12682279915894612
-0.7069252670597631,0.16664359327147368
-0.6623835882771746,0.11961067680330635
-0.7286965198138547,0.13081085237861362
-0.654936582258119,0.145335855179008
-0.7238528166922529,0.15395632825536443
-0.6774776211168514,0.16351810898677588
-0.689576820781264,0.16540975364241362
-0.7008213087869793,0.15279983455434576
-0.6952266270545977,0.1536849910841217
-0.7183038225602503,0.1523481668943375
-0.6762075908844551,0.1538357581098145
-0.6829422058267356,0.1463136611431742
-0.6972279957382173,0.13245353246851593
-0.7499689027624147,0.09594970185242722
-0.6868749027886325,0.13670400400838656
-0.6614458242674882,0.16989478017776838
-0.7246827827665893,0.09798342182356996
-0.7285383303062927,0.11654445552850329
-0.7141806121582779,0.13566628303430456
-0.7104541349359932,0.14712276456819082
-0.7066849653090892,0.06752272194940859
-0.7165282756641654,0.1265124570990786
-0.7263544884680269,0.12749543951632764
-0.703779248889949,0.14673546217198163
-0.718053267843336,0.1447806195500306
-0.7006414198786256,0.12942958338547247
-0.6992175395895766,0.13708887061637504
-0.7140909550268045,0.1513511354810058
-0.6878428287269219,0.14728975003183742
-0.6837676891588111,0.15054140258920198
-0.6795526935308951,0.1062254047780105
-0.6850819985815332,0.11980277240769123
-0.7223539400366404,0.140482528378209
-0.6982841447471436,0.14514181658548098
-0.6968705531197972,0.09013675233280946
-0.653344256316083,0.14768387474673408
-0.7231386154748694,0.1176922422469295
-0.6699020432706182,0.1271495815304506
-0.6528516121279354,0.16692797727407246
-0.7033768707867939,0.15182708560455427
-0.6978284377358629,0.12383208385225786
-0.6947767675060964,0.09749035492470406
-0.7319737254734228,0.13090966523092532
-0.6934136708196138,0.12718412308101945
-0.716617359742348,0.12585085985385133
-0.6927938319390015,0.10183810368140452
-0.7018770844966962,0.13263429548444564
-0.670058254447379,0.16266962859991024
-0.7075602019482768,0.0976530081382846
-0.6911706003048973,0.16194064386488569
-0.7177206398669963,0.1189082721800179
-0.6937874192773591,0.09766584095399
-0.7388995245017874,0.08650806334072178
-0.7203411247557311,0.08477053379625608
-0.7186407669030606,0.09104118966607806
-0.6725613414420665,0.13398891462979487
-0.6575807770210162,0.14815299830833611
-0.7263688486902763,0.09082500551785823
-0.6983869543854965,0.11933397827451865
-0.6641615566740606,0.13569086319110776
-0.692751513421346,0.11026063425112344
-0.6847216842780679,0.15067865321781412
-0.7011306398019823,0.08164603738297029
-0.6861369805886967,0.14868877472634318
-0.7511241044010336,0.08115363387327305
-0.7263015143770633,0.1317491031323591
-0.7089702106426573,0.12941408869648155
-0.7280775806368381,0.15185742374551667
-0.6594651984757663,0.12763232012574052
-0.6868341655482123,0.13300267839788069
-0.7213095355989855,0.09414121512193693
-0.7073226055768963,0.0787037371851478
-0.6947872422175719,0.13856435604284828
-0.7076202683993191,0.10822027731239524
-0.6996838855418434,0.13316538346411877
-0.6938547381649418,0.07171621234892328
-0.6796874659198708,0.17538277978888445
-0.7092146492947987,0.0662283679100722
-0.6829826789792642,0.13577338652381135
-0.7208225257832286,0.09794730157073
-0.6880727741444171,0.12034982527696401
-0.7160081253712788,0.14755467952058463
-0.7222509529853951,0.09898264961960136
-0.6826297028570294,0.10281557874937752
-0.7447339337546985,0.0975680727593797
-0.6915225529836538,0.12212175552049716
-0.7278532277099047,0.13046686287956827
-0.7052973851680444,0.09858055627318073
-0.6947656332250955,0.07933455553973148
-0.7046280979086885,0.1472224860679181
-0.7042250570438116,0.10513635606243028
-0.7039722921355777,0.1641121698852084
-0.6817841764517868,0.1599020171480645
-0.7024054618855424,0.13062961221414443
-0.6757601357678721,0.15750313843757743
-0.6820240490585229,0.1387822495748616
-0.6879029932322211,0.1336560419340448
-0.7252683823112918,0.11905788881218643
-0.6836204438534943,0.10571468196914788
-0.7043890690352583,0.17033003170077513
-0.7064463411058947,0.13560656960869488
-0.7295343861970189,0.11466432318202059
-0.7233862825129763,0.10241564413394788
-0.7379513421958278,0.1049134378053255
-0.6719363159761964,0.154422273497942
-0.7397342562586529,0.08965845575625028
-0.7187527198231141,0.11230314133281818
-0.7237068764719895,0.11769223889593133
-0.7280641160409166,0.14170376540074653
-0.6694591773949771,0.15746924615762767
-0.6958858789630873,0.08759427521482946
-0.7200382344124334,0.1296514767243863
-0.7243163612510057,0.1092087542189779
-0.7485472175246936,0.09494117538312294
-0.6994653222661593,0.1741293374129127
-0.6828831179005554,0.12789791357981567
-0.6809466185165446,0.1583255657747602
-0.6836448576241896,0.09737596749375993
-0.710814235479853,0.1640135769889524
-0.7328954732519147,0.12513041812031486
-0.673104031855503,0.13444533821710408
-0.7086141335140698,0.07359089646007838
-0.6759220422181988,0.1533485500174307
-0.6765232414292156,0.13294946275203667
-0.6873060820202079,0.1263536406965591
-0.7059442494424311,0.13184866683255442
-0.7186331010464292,0.1134498965404809
-0.6580660363098486,0.12226953687632464
-0.665806179214205,0.18098247130315004
-0.7392989782217547,0.0926120207945552
-0.7081598698363574,0.15964376869133623
-0.6701397577116065,0.1527057341741007
-0.6719442041260705,0.15795330944827313
-0.699973777117691,0.10922959484532731
-0.6922436443815807,0.1486507063061198
-0.7242782962917471,0.11775706198241746
-0.7295848343865768,0.12447843986927822
-0.6832495116629796,0.15411229309861368
-0.733024636496019,0.1016313102819102
-0.6564531581515862,0.14472737514297015
-0.715673396095177,0.11998040797353357
-0.7099202528205677,0.11151326132928967
-0.7198671718320456,0.09596528730972514
-0.669438353061083,0.12383054545447861
-0.6696394238239934,0.0985524693391673
-0.6858650583319614,0.1552123925057394
-0.7077932177411332,0.086709154758194
-0.6815836416721665,0.15517059078339757
-0.7237928804691589,0.15506598378808706
-0.7052537000005534,0.07829943137981764
-0.712577417146694,0.13494238963067912
-0.7277183427739289,0.11483117324540076
-0.7222149804691657,0.13101873017746907
-0.7010022210666649,0.11128591700888157
-0.6974430281189508,0.17505797108888885
-0.7125544200044286,0.1323710696362772
-0.7229507691399935,0.1017316683488461
-0.6919040926899274,0.1488200940453023
-0.7188692370461657,0.12459252697657265
-0.7415046498330559,0.07990966498533045
-0.6949381821197241,0.11084443058035696
-0.7327633958865406,0.09416844372222864
-0.7048345944571976,0.12743085700014833
-0.6873916640646276,0.1272436050091134
-0.6811383285495134,0.09074472946845194
-0.7221712176075423,0.15231315255778669
-0.7109378528028919,0.1555387177577208
-0.7480549803535721,0.10768819496462755
-0.6610336697904017,0.14637715130302056
-0.6777839372995383,0.11872215831525285
-0.6866776510811538,0.1639266995283615
-0.6988613696914151,0.17243577317811032
-0.6818002517402171,0.1475719244946008
-0.6979064948873178,0.11848176170023739
-0.6764021685685998,0.16695679155337287
-0.6833480143282972,0.13465431395876457
-0.7174075964773345,0.15218919532641947
-0.6841948009348623,0.16289289234012466
-0.7239381237515611,0.14151230376002713
-0.6729812013118631,0.12836744443575016
-0.693447837362735,0.07517721177014759
-0.7369008681656036,0.139045085248283
-0.684372726215528,0.11375099782969016
-0.6862117071689449,0.1396426171463554
-0.7081999098529607,0.15175688320062206
-0.7301228590054122,0.08149245247295062
-0.688210449486325,0.10793128889782974
-0.6892142019428981,0.13077391278721698
-0.726418483216716,0.1255534748048524
-0.701112558454003,0.13886699349786152
-0.7051554360592708,0.1177949709444144
-0.7453997658416659,0.1257352052435434
-0.7012330456629656,0.14054467111639884
-0.7492757587332107,0.11406601340035522
-0.695586371906591,0.11039775224586638
-0.6773956607671164,0.13844966055445024
-0.7327439926627608,0.13062475529935524
-0.6739241405064519,0.12774380519176892
-0.7197878747140445,0.07413480409412936
-0.7147984466742341,0.1050273960519518
-0.7330493995975431,0.13633751925851317
-0.7165556505901192,0.13066556768062726
-0.7434486300252815,0.09681686586443723
-0.7047915759333985,0.12149680341928391
-0.7000952387418377,0.1070279406210746
-0.7145807529239058,0.14048834241792915
-0.7227354232277798,0.14773765897924798
-0.660264138115643,0.14223045358624034
-0.6776070745068826,0.16744593648838607
-0.6991846711546958,0.10098321179542977
-0.7227576160493621,0.1511341052311747
-0.7182900004836331,0.12893504256392804
-0.7141019896686488,0.11648572607024885
-0.7118113166146638,0.11267923409753804
-0.7088897759736099,0.15356180106029463
-0.7448826878971696,0.11365185385325621
-0.720945958825676,0.0882619036321107
-0.7011568101185374,0.12791300377640802
-0.7168827882470404,0.13923532645712486
-0.7375289904500568,0.09999265657452351
-0.7165477171116705,0.0928336481035289
-0.7502114259071297,0.10911352171329276
-0.6631439955111663,0.1314698399143207
-0.6893638335943816,0.10289876223858198
-0.6873158025236783,0.12849209996313757
-0.6846512685640692,0.10118487190390074
-0.7254606339699486,0.12255094081180445
-0.7039540459411533,0.11504318222463349
-0.7201981910186852,0.09051666601729526
-0.6745283915624029,0.13930539187977967
-0.7048552961162239,0.15185483673107622
-0.6876906587623154,0.11690579145494417
-0.6841908972208751,0.11252792413912438
-0.7446455970786899,0.1007870928818762
-0.6678057749396593,0.1641561090097404
-0.7386812575365034,0.1349825248644069
-0.7184275610494476,0.1482839034221654
-0.6721281512900488,0.14039201702662096
-0.6863590508241101,0.1069378409501919
-0.6809702897951041,0.10256901049092908
-0.6965000110061464,0.10746895251100107
-0.730240350277751,0.11373437865674639
-0.6866062728195145,0.14045602141237135
-0.6961595200886801,0.13436656726410232
-0.6619318736402675,0.12134072983611212
-0.7260369382092029,0.12498354021457371
-0.700955891415516,0.08405093456417538
-0.7089224093585249,0.08325612333678677
-0.7269668468221523,0.11857616505874927
-0.7281178277186136,0.10181277138117886
-0.7328678690550237,0.10286021502502374
-0.6671092264729703,0.14479537176655535
-0.7019634075212501,0.11875145188421796
-0.7262588401254791,0.09453592955141113
-0.7298163075741405,0.12716813277133848
-0.7129447409658162,0.12350961739273478
-0.7229498656001455,0.13143792919251396
-0.7103262762055987,0.16889491029981601
-0.6881454419337785,0.09985213332039193
-0.6895815456199852,0.12452958457281087
-0.7405917463857697,0.13950069574557292
-0.7161133387129625,0.12846363917832473
-0.7121940285522778,0.13943120903366416
-0.6995534896316257,0.09952068855215661
-0.6736628783065669,0.13207611384521517
-0.7231571320820247,0.11648011509243571
-0.7339095046841255,0.09453609499167771
-0.7145610126066084,0.08657360528334913
-0.7062305460841274,0.07987146306407945
-0.6784691495241556,0.09486153240587826
-0.7315881760471663,0.10310616521893984
-0.6802242627263556,0.10201497020990617
-0.7145884738331588,0.09747161244005137
-0.7363574017317568,0.1345386782484958
-0.7150957337003431,0.15443219714980774
-0.7018520948596854,0.14993035070918642
-0.7226735943190464,0.11621401849881192
-0.6999058706135722,0.16371061302115433
-0.7036639333508756,0.13021747132629258
-0.7030905969586562,0.126063823990853
-0.7087923624942949,0.10026056484495297
-0.6921269792457514,0.12968155060982856
-0.7050406954268018,0.14716169088384365
-0.6996891852158738,0.0817881173755314
-0.6940488100325556,0.14320030013154336
-0.7326198433307111,0.14922485624139248
-0.7086618694419129,0.138312379685409
-0.6689876783200512,0.13658800092340825
-0.6667678423795189,0.11464240066569067
-0.7434682204769231,0.08969217845815387
-0.6677835896483743,0.12040441944973296
-0.6846295335651268,0.11695275200746472
-0.7027384807323358,0.1308899262286029
-0.6852381630999607,0.1461889226865782
-0.7196550943091697,0.095901552443613
-0.6796684866205409,0.1130413374706406
-0.7373176633470792,0.08929531878776412
-0.6620554407995314,0.13405744359701574
-0.7379206480591564,0.12130306358299696
-0.6612787090756365,0.17221707278267154
-0.6786483231605854,0.14254258015800295
-0.7005104814861857,0.10385918530615362
-0.7271089817097353,0.13202728791965226
-0.6937883597069281,0.13825646455939425
-0.7440445511055215,0.1013984942910281
-0.6987254201084238,0.13207951785931824
-0.7318816315429212,0.08422120515342552
-0.7173537082952222,0.08946040474793916
-0.6609069403651024,0.15730069983502157
-0.662418756324344,0.15451625375309694
-0.7242429840860032,0.14693454714323562
-0.6913446218579251,0.12831628456600846
-0.721245258186247,0.11850300907383794
-0.7154800904399627,0.10954059380268068
-0.6764910915216726,0.12688906416425497
-0.6851323033139292,0.1350591689262184
-0.6886744386242797,0.11476473594898907
-0.7151218898960884,0.1284779889379942
-0.7280780632913898,0.12207665553387587
-0.7011440521498251,0.11787375884776978
-0.7077417208294428,0.1347551386319168
-0.7003814583688573,0.11405458404028047
-0.6925520596899685,0.11057919171832606
-0.6955001565224415,0.15894236182680768
-0.7069829883182901,0.11438144408949352
-0.680532927909629,0.1250661097105087
-0.7154432345485766,0.1231526416392137
-0.707508036518044,0.1005732170625814
-0.6771420789133861,0.15089033928297507
-0.7125378820762872,0.08583838142476395
-0.6566882574134736,0.15821152919673467
-0.7306076639121046,0.1100110096429659
-0.6883582710663796,0.16136085323978205
-0.7011000510496079,0.1479783215074729
-0.7089580484876575,0.12105802168691575
-0.6613211709778537,0.15652489655579704
-0.7333955370096674,0.0964551494758677
-0.6940965763493359,0.11261310324110609
-0.6929077126254427,0.13411785477708263
-0.6973284921006282,0.11136555460861243
-0.7216105618056073,0.14241577302804645
-0.6620621089851303,0.12608229267092622
-0.6937031604661771,0.13873287075838436
-0.672128539978054,0.1142590472376933
-0.6855688905799365,0.15425004544655013
-0.7213690646751026,0.0807955348977762
-0.7315165183080417,0.13388060241521763
-0.6857332350428743,0.14393062380029348
-0.6837353723853783,0.12009984483511074
-0.7099558514973752,0.11102709352825271
-0.7078145527000365,0.10730579094486062
-0.7095207841619698,0.10751882166134209
-0.680898841300007,0.10828669848558937
-0.6864167357458963,0.12309508952412841
-0.6860536840718542,0.13137682691301555
-0.6805799189261698,0.11096222343087535
-0.6911467352626384,0.11234973686126797
-0.7190669314329995,0.13195437118457704
-0.7392987772838675,0.09311531102887312
-0.7224335165630792,0.08468971092265706
-0.7384497055603668,0.11874684578296682
-0.7028513620960192,0.08908459983286483
-0.7354243634967759,0.09728155123124783
-0.7146914611513718,0.1618909209904409
-0.723416799969666,0.124110206778782
-0.7018573939120949,0.13713672928389914
-0.704339016329614,0.12929240800086372
-0.7386877085914626,0.13084181163511843
-0.7290455798279488,0.14532366612760209
-0.6828815598787443,0.16313601154334756
-0.7294312498104906,0.08672510004609336
-0.6967573423978289,0.12269821567048081
-0.707420848549041,0.11084271342220754
-0.707107373670122,0.13750602858740987
-0.6732621462339134,0.14365201519298673
-0.708710372044179,0.10728538834660109
-0.7292107291205777,0.13515888380679889
-0.6995558533960028,0.1462264208912061
-0.7001100032337305,0.1442631050118335
-0.7501185331291457,0.11242541643330398
-0.6643152213750559,0.1636395898812283
-0.6722051433554627,0.12781740455724022
-0.7005192463407425,0.14752963158949892
-0.6795760381149005,0.14038830253014012
-0.7104790069778704,0.09717544315669713
-0.6695349457066243,0.11603785561764916
-0.7175218898737544,0.10715723496687811
-0.7190315338107258,0.11808962196892384
-0.6688100334522544,0.12612352511840114
-0.6982951598198748,0.12273553444704359
-0.6830739409062523,0.12478392109553142
-0.6858407510114852,0.11490687164368525
-0.6540767891934415,0.13748456361026587
-0.6915176049373697,0.12596161186052804
-0.7096304207079719,0.15014915095248196
-0.7119950862667259,0.12117602997786617
-0.72281580829296,0.07752544039409454
-0.6647934352095214,0.1420708739281961
-0.71373912639616,0.09710673107651288
-0.6785283914032071,0.13823982757416506
-0.6602498374308439,0.14490384045116195
-0.7098603140426599,0.12074237924448473
-0.6966691639925761,0.10281156347712299
-0.6883743009014045,0.08731164189439389
-0.7212139558404604,0.11775272361167936
-0.6966490630785692,0.12942235324125
-0.7147427107522818,0.10238556373858158
-0.6881476094271766,0.12684793418714685
-0.7039615756558867,0.15345960037945297
-0.7085841856351066,0.11905815050046846
-0.7063408135589535,0.13681815954862045
-0.665001729432618,0.14050496814592814
-0.7298779028596238,0.1038214347464725
-0.7085924434909995,0.149938674106287
-0.7105138163925503,0.1505114767695294
-0.7006025210606106,0.10165337484731911
-0.7132744747012733,0.12282415258388239
-0.7061366950507729,0.12387958842995764
-0.6826398175470361,0.15271640374437642
-0.6826597769865741,0.12862654569707682
-0.7224669498314957,0.12597710502451118
-0.735725517089814,0.13262685100681684
-0.6658765593857882,0.11359648861979409
-0.6914792652190649,0.08416487298048415
-0.6949412999896836,0.16538292715467454
-0.7101479548893292,0.12644451033415607
-0.688276976165262,0.13164454985307836
-0.7175557276886593,0.07598240932333657
-0.7136483537127829,0.10185942663618036
-0.7038779675830394,0.11647826108083802
-0.707437863405687,0.10559532365856575
-0.6939238961709778,0.09833390686340875
-0.7452658738344816,0.08622892925013202
-0.676740930510673,0.1086186413013439
-0.7148638866208545,0.11264748508069923
-0.71181698087174,0.14923181427939516
-0.7228640644847103,0.13090058283812664
-0.7088124049967595,0.10579804848720362
-0.7204477420797091,0.077424456336493
-0.6576632244402288,0.13529478073557402
-0.7191357816029311,0.11164393312942195
-0.7060282996463011,0.08834293694476457
-0.6832309540930535,0.15159213178604394
-0.684947973225374,0.15594325795438418
-0.6620425364488322,0.11838697115331301
-0.6797894381971015,0.15726096175208715
-0.6995234876998891,0.10742650224195677
-0.7045629589244046,0.16505108668475982
-0.7419483155930274,0.11369417521779909
-0.7157269918040752,0.15349764195244364
-0.7263385536561013,0.14688401134087162
-0.7070098725556762,0.1586379273577868
-0.703475228913304,0.1291112503643061
-0.7363803959061368,0.09532057852899191
-0.7000370467256601,0.16101676971421994
-0.7292254691765959,0.12879317854902655
-0.6986093446768511,0.09203941447013064
-0.7365862141151399,0.10158914526414942
-0.709103801183132,0.13753547864806595
-0.6725020150354128,0.12126164661433238
-0.7017141021779547,0.16686273363023843
-0.6649367807028018,0.1323418460797728
-0.7371794840798879,0.1443373556542927
-0.6833460098215998,0.11810661118152248
-0.7093605857315036,0.12239156092768007
-0.6994453615299868,0.09366059061566336
-0.7334583617843013,0.08262266034484024
-0.6637301900683733,0.13054032658709466
-0.7443148636363397,0.11120765879613094
-0.7140629556269901,0.14355100358471884
-0.7266678753233689,0.11822529495615097
-0.7011904754726269,0.10376334274297103
-0.7121165021896386,0.14488090204379545
-0.728683655860243,0.09862056044661245
-0.7284167892954354,0.0997677965707051
-0.7090683875719554,0.11347787391358025
-0.6840761947566006,0.1246654399264973
-0.6707135700730192,0.14775448217754472
-0.7356831042012445,0.10151903683162847
-0.7459998553765329,0.11998404733518149
-0.7133696067178942,0.10370467854061816
-0.7210326259443887,0.12735003382702392
-0.6964791496410081,0.12575157097628692
-0.672763867940015,0.13387866953869704
-0.6853100105902961,0.12085706145853976
-0.6726871130715311,0.15083739592576423
-0.7218893057026813,0.12917393158807955
-0.6942057019040067,0.11874087494280093
-0.6900257281865542,0.12521775221234954
-0.6806855868868028,0.15427621499030209
-0.6961231005734925,0.1540774692675205
-0.6876576972178112,0.10909639554706622
-0.7325587140474902,0.1273860890023574
-0.6779332481688958,0.12432640302473097
-0.6967245668750806,0.09100348785543784
-0.7062493208913092,0.14335458185594951
-0.7517048377459294,0.10485093686569315
-0.6692235060881271,0.12107428182867364
-0.7251719252787957,0.0888818240241033
-0.6859871885173516,0.11078922439612313
-0.7149419085490996,0.11996426264621964
-0.7336185838302369,0.12479375161057973
-0.7157204580023616,0.14761300445345163
-0.7067047297191746,0.12733022468117533
-0.6956003001934757,0.16993464445121564
-0.6718592846213196,0.1487662688450386
-0.6934312015458735,0.07993031929804639
-0.687034010781031,0.10128847766304983
-0.7121572102321554,0.12451567673485954
-0.6812003051455345,0.13209213337092687
-0.6622202425703659,0.13998970615447096
-0.7189354952405718,0.11287411075583309
-0.6846543083714418,0.1421966680457748
-0.6813132989981489,0.11797047620438143
-0.6841181537361722,0.11678012767748033
-0.6889249099220088,0.16116892441718517
-0.721098719150525,0.11586133876460619
-0.7360170510285152,0.09643730098444137
-0.6800923152776127,0.13111368517504354
-0.7102299863873334,0.1538596139102281
-0.7106347485425946,0.1451361054338264
-0.7251869528257279,0.10378801450438109
-0.6743451679405661,0.15881838731969114
-0.6712000873155005,0.1428745437016997
-0.743827378488366,0.11487282246101092
-0.6872022941262691,0.13804485964803628
-0.7099257809458664,0.12997051129520487
-0.7388720845725498,0.0994659278701515
-0.731643214881438,0.14345911072148615
-0.674772744692719,0.13931675764836274
-0.7217755898934664,0.10788611391220547
-0.675590396118938,0.1290122917941971
-0.7137265206350598,0.08666194891421461
-0.7167074443367633,0.09463196574800337
-0.6725904055065481,0.1554676572321344
-0.6981693468498515,0.15454232289926254
-0.6589924881887267,0.14454576837081706
-0.7083325382941126,0.1359080782401991
-0.7013104613713187,0.09619166263734136
-0.7364385602355601,0.1397327408654257
-0.704466407735792,0.09278626370446687
-0.7362126590378478,0.10848501063086835
-0.6732530535612822,0.15152807670091697
-0.6935549460157718,0.1270363538751977
-0.6657646737720662,0.14046334975766595
-0.6816394286035143,0.16120310954057532
-0.6755089329843337,0.14141363533687396
-0.7061206322677461,0.14750178015917653
-0.726725200498904,0.1403488066875085
-0.7334895417074183,0.0878884958549295
-0.72875730312104,0.0926263815722169
-0.7387050803074711,0.1005581402243042
-0.7307989811791675,0.1088909827260107
-0.7145639566192971,0.09956129079780757
-0.7219063862141162,0.097551016391915
-0.7088503477921242,0.13118312099952575
-0.7120181935747976,0.11127848781470213
-0.7355830488208932,0.09397212252213644
-0.696085176558594,0.10844675475572733
-0.6790715580687692,0.13780455039851391
-0.6892411736371137,0.14045929197103
-0.7035083650586318,0.10484993878788253
-0.715002903523301,0.14165118372104119
-0.686748116265909,0.11514365977582745
-0.7078254017048199,0.1377546141239306
-0.7247385984303243,0.1233636738775533
-0.7034400941621691,0.14781609930132075
-0.6799773232921421,0.14234001568076618
-0.697477728152996,0.09032043735778567
-0.722939025257138,0.11947020933405239
-0.702489928376949,0.15096293284978363
-0.6917388639160025,0.14454873532337323
-0.7269837655012792,0.09300997111162859
-0.6753297606295099,0.11635677956807144
-0.718587840820922,0.11183581998265743
-0.7054901678697598,0.14210856692597149
-0.6734355292724749,0.13392904816993084
-0.6970975684064241,0.1014510818431318
-0.6930640390433107,0.1495589952967177
-0.7051231807411827,0.09623366722817328
-0.6918804471739992,0.1554380287705667
-0.7214077994778259,0.1374900737062915
-0.6894009429045218,0.09282769088436393
-0.7059488181726401,0.15615968578907613
-0.7063140743573765,0.11297281425807892
-0.6761913562265605,0.14898039117943215
-0.6621124120403764,0.16751176911486415
-0.7240986125049382,0.12738617528948032
-0.7157782465135732,0.11614519915535934
-0.6855899275452964,0.16053781616874405
-0.684836656879982,0.11526859722776545
-0.7132830250018976,0.12884919945378595
-0.6831141491285423,0.1677266534016886
-0.721328073179158,0.10439138882099258
-0.6751935836317637,0.13311263431070533
-0.6870664448686029,0.1292965948760859
-0.7015246617901193,0.14228810396259606
-0.7025536726167754,0.10900970541921097
-0.7017018980208027,0.13615192262294046
-0.7061327938066106,0.0911190041982466
-0.6847961005272795,0.1410908835963569
-0.7279881003243627,0.09838039974730317
-0.7053537055337766,0.08883068537501329
-0.7192699964107507,0.09290990872160727
-0.7138296027129749,0.11152639282390084
-0.7385118740303359,0.1023033117767732
-0.7260719510369502,0.12209226001168462
-0.7030791866866959,0.12730876426562607
-0.7018003616077607,0.0960143547007012
-0.7207721335562799,0.13090912536755037
-0.7295589597234321,0.12777330012309682
-0.7085575983758914,0.15431897088423313
-0.7138471238936407,0.14241201934222686
-0.7110906417175629,0.13680060431477156
-0.7382081744040941,0.09410249781915482
-0.7139269743012145,0.15288117591924835
-0.7091285366365757,0.09887951514880629
-0.6893658374461514,0.08300557113350077
-0.7042622269436182,0.11996048263964576
-0.7057808188985393,0.1012085236197609
-0.6990937513975896,0.15996758324514163
-0.6885126871601799,0.12756103759721035
-0.717034791180096,0.09125400728326626
-0.7015989578084816,0.1259713147253444
-0.7178648913463351,0.10764549171571298
-0.7340874180088969,0.09694227560316622
-0.7200860032587914,0.11539868560415546
-0.7128971592462816,0.14587806407972928
-0.6716685286663391,0.11449839367698107
-0.7146712836975313,0.11496219140658556
-0.6826425072551613,0.15512801294925094
-0.6779935613720233,0.15400339545716124
-0.7259031540313281,0.10290434242852553
-0.7149698666617872,0.1458087767477359
-0.687088847318971,0.14174637840562057
-0.6670011587899694,0.14136039914888418
-0.7129394027995192,0.1497526832572145
-0.7187644431238018,0.1511881075995036
-0.7306906133127171,0.1329416258518395
-0.6958192481576521,0.10707383472299337
-0.6875440965275877,0.13397779108011085
-0.6769855675765543,0.1431832659840278
-0.7057335837372638,0.10490685691136789
-0.6662447529500937,0.1304994158428694
-0.6694366241668135,0.13117629446490295
-0.7130900653630099,0.09682858776770495
-0.7030388241389953,0.13909312646938504
-0.7278184404222127,0.10738413448100463
-0.7109597106239653,0.1251635912356836
-0.7252397785392255,0.09259742226737172
-0.6825626292280821,0.1305577932315071
-0.69414657367357,0.12857407993246203
-0.7157856743521898,0.13104110128053656
-0.6857738084098438,0.11887619290777471
-0.7147132095286417,0.10484593691618693
-0.7183123534453256,0.13422171034669386
-0.6956413044521924,0.16260198659597017
-0.6737632083908871,0.10836369288534654
-0.7164804565584698,0.11374010100116368
-0.7046395401834349,0.13124679082980603
-0.7363076728541844,0.10360879229485524
-0.6763333283949015,0.14227275165218914
-0.6917491553064469,0.11694143239515585
-0.7181669250444851,0.08628745924956267
-0.7357991068789431,0.0970122520330576
-0.7068888213244044,0.12825621508809096
-0.7362719971590835,0.1081333786115895
-0.6958172924780276,0.10203790361420621
-0.663897589877234,0.11800811716068157
-0.6842089342999194,0.13101778681725096
-0.7147805780632753,0.13214108883849757
-0.6966399050855894,0.10581993370725555
-0.7057467303991934,0.13029346131507938
-0.7248448004587028,0.11021522108130066
-0.7254477523745672,0.12477176761855036
-0.6978896277688587,0.11681237461858598
-0.7384360511667057,0.1360969988414672
-0.6981700135376909,0.11338064681123534
-0.6760438284773282,0.12187298784900785
-0.7197545983716434,0.1413165432274674
-0.6970075956975053,0.1390320203539809
-0.66712015842411,0.1413525016962543
-0.7435673987013659,0.10451442540338501
-0.6938996211329395,0.1635009299742738
-0.714182116588444,0.10304906349509883
-0.6955216169080171,0.09012638357219255
-0.7027621153410896,0.08562228345032605
-0.7319770546644921,0.1089457239161275
-0.6874490881190182,0.13547847256611295
-0.7037803492314356,0.10959082256743598
-0.6699023901169772,0.15510088886332188
-0.683764997389452,0.1513483320593402
-0.7003462192102656,0.10295951517008665
-0.6830014653261303,0.1378846505644965
-0.7180087928996732,0.1495646714386803
-0.6938521522738856,0.1024215479170732
-0.7093482011302477,0.09279021275951056
-0.6859991289054828,0.14764367852835514
-0.7142186053317305,0.11751509545325901
-0.6966088419694393,0.14131737876748676
-0.6683597927971892,0.1175078887866942
-0.7083011074140186,0.10404748304982038
-0.6823119378093372,0.10373763128981377
-0.6711178628031109,0.13045207818759977
-0.7036146145047123,0.14140578438589513
-0.734297483097484,0.08309875061950636
-0.7148776082708075,0.13777989614166467
-0.6708686384747486,0.12527963055191452
-0.6947401375914003,0.12496030553732021
-0.702299242832987,0.07917458851229187
-0.6926651062858328,0.09745265821768481
-0.6924189872817637,0.10763069530139091
-0.7022919920475634,0.11346669903104639
-0.6772260303367084,0.10505724158424906
-0.7379628260614528,0.09903629304272635
-0.661832408634878,0.1436882143908571
-0.7281866794984414,0.08047840122436976
-0.7177999524789516,0.1483031603033456
-0.7175408751813854,0.09865490824310018
-0.7287195821884703,0.1275567899891587
-0.7303920092796607,0.10490371726133896
-0.7007284413037095,0.13752918655649193
-0.7242150592914184,0.14076143520579026
-0.6908195897870473,0.12237091396217448
-0.7122483395859154,0.09457094373212777
-0.6700394689022827,0.16654361715153762
-0.678881270414776,0.104173345713077
-0.7297349257921798,0.10305081361714483
-0.7180885798581828,0.1263351992619429
-0.7206061570362856,0.13513111056255966
-0.7386258776979807,0.1275110804279022
-0.6958534719120377,0.11432097660994223
-0.7285674448057545,0.11110976019900046
-0.7354600931386914,0.11641875641744064
-0.6716362091889085,0.12368384142809143
-0.7135694263176602,0.09456522117920758
-0.742712386225699,0.09006710610541074
-0.7211549655950457,0.13093561646133964
-0.7011232258241172,0.11624507996334102
-0.6746039450910187,0.1405522531035528
-0.706647665639697,0.11840901868444317
-0.6721384962900727,0.11716154702345498
-0.7126337555604937,0.07474343529275819
-0.6884485177018878,0.1350888289841045
-0.7207655791954637,0.10414392615606441
-0.6794155958191083,0.12160038764738085
-0.6876868303132248,0.1309694575340507
-0.7282779971507285,0.10989320858492986
-0.6730756321397342,0.16258078867373452
-0.7119345221601067,0.0785411178909925
-0.6974845690815175,0.11107943495988154
-0.6969952000293129,0.1273510335029976
-0.6908828131980099,0.16050261466879992
-0.7253563485787868,0.11212825258512533
-0.7109357997708994,0.14246611349656174
-0.7282831058674802,0.11949304532705037
-0.6976943469223139,0.12545908884864676
-0.6767908689479375,0.13905741956779272
-0.6768296719571629,0.15743448844324134
-0.707373535858324,0.0946062033105704
-0.707590952643851,0.12949842729405014
-0.7201248831188427,0.10319141961162545
-0.7012035443701908,0.15666279881860246
-0.6780890509022363,0.12784207533598305
-0.7010661495214465,0.1141519305867998
-0.7426197840030826,0.10297300888457066
-0.7154346431013752,0.15126155550600254
-0.6747566727207633,0.14894346013343962
-0.7253336738010523,0.14694337467925073
-0.718108903197642,0.12305660151927843
-0.7195688068167146,0.14651623042971126
-0.7275250365539542,0.14626368752206598
-0.6685993163816947,0.1303749922341576
-0.7065559816419901,0.13178182516333647
-0.7086032910720569,0.13231590999086534
-0.7193665352172928,0.14290802314380377
-0.7312796800994346,0.11822780950610116
-0.7134819922241928,0.15342290413477866
-0.7123986184549753,0.1204881133435343
-0.6720914882182764,0.11993526410220333
-0.666188328716443,0.16304674905790356
-0.6876873969553602,0.12969879573007712
-0.7265320985143575,0.12289790356065866
-0.7090639912529068,0.11115692852986513
-0.6832709281576704,0.16357773625224276
-0.6769840194052493,0.12872232397756803
-0.6923061094032971,0.15266828344293618
-0.7280506637777121,0.11741350991653446
-0.6812125622431027,0.13059723010410001
-0.7025755077382727,0.1279161255393572
-0.6864735324856984,0.11808894979974999
-0.7088054067200888,0.12658179387727372
-0.7182882331221416,0.14662652889448013
-0.6892792837952489,0.13981847128044986
-0.6745261682205937,0.12374711621624303
-0.6720159608868711,0.1612525553768992
-0.7089045347133183,0.16052437841300263
-0.7065816058472236,0.13885045973357554
-0.7171978324011492,0.10223499744578286
-0.6900214888058478,0.09987069679477044
-0.6604318172172506,0.13915840845102126
-0.6917602784685102,0.10711010712871132
-0.6999592039994035,0.14818417667269576
-0.67090302227351,0.11485666131686945
-0.6682571297538583,0.12031972562021186
-0.6980692165291428,0.11265531301300387
-0.7319797786204996,0.09333601132575384
-0.6707233746315354,0.16976578874424886
-0.7259037007043306,0.14838396602845447
-0.7282656385555911,0.11321512498816438
-0.6954705658321569,0.11095008810329446
-0.6636639966017054,0.14087352045569054
-0.7439214335396622,0.10845262591831674
-0.7043169082637346,0.1244179413429331
-0.7320043380218556,0.10928532720010954
-0.6939933793501838,0.10332938070922576
-0.7082316143016267,0.11483293681927127
-0.7297508164937437,0.1088583244454015
-0.7044688201024002,0.10263727589898253
-0.7115400831046111,0.13022560683567194
-0.6883644292060268,0.16332981555209206
-0.6954960108255921,0.10224901532654236
-0.694209751142654,0.13133126889107727
-0.7270251689243139,0.13877941703018717
-0.7074302705934975,0.12076336694221491
-0.6604592320655347,0.13924726548674587
-0.7237361620519411,0.10923134551805493
-0.7283352549188807,0.11313178605888519
-0.6934970427889667,0.14729743485025565
-0.6842848467900445,0.10387470247860865
-0.72823846594894,0.11707410241162645
-0.7018205329978265,0.14559991881106235
-0.6806947232674156,0.13361695357940662
-0.7179720402226455,0.13556848076946873
-0.7166518951243745,0.12410340577778405
-0.6726426108853901,0.14093049494041257
-0.6696229654410611,0.17161706201824944
-0.7008080592248591,0.1539473841624029
-0.6786929330824035,0.13002528433588553
-0.7139220346051585,0.1163602204861253
-0.6840570772352277,0.16066696792020482
-0.712547088101728,0.13293454164347457
-0.6826088030160404,0.1357124394363271
-0.7270637465876376,0.1091088643318775
-0.7062336195369135,0.1348622044989894
-0.7144597936252458,0.11397192260057994
-0.7223911172629033,0.144111453865838
-0.7257661253700883,0.11067942800095636
-0.6989326389393369,0.11098536226930678
-0.6626132118913046,0.14542654118210713
-0.6780823963625806,0.1047915019044805
-0.7082252401974279,0.14291449911807289
-0.7183324502943924,0.09967908855714805
-0.7182300454204887,0.1439921383232646
-0.7411272050713591,0.10525132863695094
-0.7306227066109975,0.12295567900363413
-0.6689414176296212,0.15878215401044157
-0.702528352313082,0.1543819524286855
-0.6952462433784389,0.12131526930762056
-0.7083743571689295,0.10761359456166848
-0.7066704407931346,0.12230345396856342
-0.6790879370917344,0.13383394377882987
-0.7068813812593884,0.09955168365037093
-0.7110600014438953,0.10056732423580186
-0.7126553315393214,0.14327804853457096
-0.6949643217714337,0.1289515209403979
-0.668563131228893,0.13197833914224533
-0.7336927021850861,0.11443574408474244
-0.7023209739032867,0.10237542164530888
-0.6728320672729224,0.1290270064879297
-0.6778010001678115,0.14664600667177297
-0.7056652388389406,0.142510094120168
-0.6805982849250926,0.14080877281265564
-0.6947391559933894,0.1268960269189898
-0.6998495468909608,0.12055633140073545
-0.6926450561612937,0.14788747714570605
-0.6626956787007494,0.1579944302108026
-0.72315745154951,0.12889045789378953
-0.6860414040228374,0.11512225402519129
-0.7253264512749945,0.14294089908406277
-0.6930309955703285,0.1193835380916361
-0.7143063113863739,0.11085161211701566
-0.6803932366861025,0.11902616236132037
-0.7027992161169936,0.12695180932981082
-0.6840016640977516,0.1047499581715756
-0.7071268675521526,0.10926387139575366
-0.6753526180047233,0.12062678022848557
-0.7202316652582671,0.09234225425688085
-0.6799829346090388,0.1615751528709284
-0.6746538461913697,0.15966563749070045
-0.6734918321018838,0.1635062537178525
-0.7374708838388655,0.12159088959573432
-0.7328236951064364,0.10292037801886628
-0.6990067077939592,0.09407836692403779
-0.6901677477181515,0.10433089079295844
-0.7213764922801226,0.09061323352807689
-0.7121535075164968,0.12681718122174607
-0.7290302852386547,0.08615989948067683
-0.7127250138348824,0.10051262029899742
-0.6997314061523039,0.15228224453849898
-0.6770795896505168,0.11922883909399358
-0.7161859787790542,0.14491934274039922
-0.7075431559983474,0.13288628182363468
-0.6922972507641869,0.09580776642348073
-0.684265963103948,0.13761383154391268
-0.7305559096271687,0.1066526767443671
-0.675802205552722,0.13310355304576352
-0.687681360835042,0.12544117741844224
-0.6967696722290413,0.12305657734411167
-0.7172593331925636,0.14053422516704756
-0.6840628333708422,0.13026110100309546
-0.7384928897206168,0.11990353100176086
-0.6888477321749715,0.0877173282508556
-0.6828244251271743,0.0952222889060875
-0.7013815670169427,0.15239347645342008
-0.7325636405924966,0.1121227698086769
-0.7234511031215831,0.1420093226686217
-0.737028231011076,0.1260718823644574
-0.7102759635104765,0.12069614559278076
-0.7086934608355451,0.13398841253948918
-0.7173925259894376,0.128808477875401
-0.7088832113249393,0.12494477122606289
-0.6898846002320901,0.15178358909971038
-0.7394528714406293,0.10621149186878844
-0.7284881937874823,0.10046268466525227
-0.739380524299356,0.12985985377200926
-0.7019995330949972,0.12089110356043538
-0.6783876334684148,0.10102973051640718
-0.6936481890312507,0.12057037875264093
-0.6945714796285135,0.10173156749680749
-0.7028244040678909,0.1275749823583062
-0.7181256555897026,0.1134124855559087
-0.6831866114529598,0.15084845759057872
-0.7276677874985817,0.12475248184810991
-0.7249164032238543,0.13156396258856443
-0.6697577860426605,0.14099762160229995
-0.6639138651622875,0.1504272727345806
-0.6670302533293085,0.12248498851841393
-0.7288421040456637,0.11949371026131322
-0.7100949983489017,0.12494256465584984
-0.6855160103348575,0.15195364178142523
-0.7082980879858559,0.07612332096053409
-0.720919036227726,0.1106291755428833
-0.7056882797372578,0.10858347183841945
-0.7057764335417834,0.09140348153827679
-0.7324814377894281,0.12851611330373067
-0.6672940523231576,0.15876389678906946
-0.6949995072199174,0.11284791377913021
-0.7166376892341728,0.14404523054651713
-0.6949961072394135,0.10130737511639583
-0.6659859391166836,0.12434895808437946
-0.69979822854125,0.13455951535656072
-0.6861877987073478,0.15281001428408264
-0.6992359021836948,0.14707623562864508
-0.6851253588978623,0.14095280773388902
-0.698540599742104,0.14040579801702469
-0.6967521234682742,0.11951702405240515
-0.6721030516449995,0.1222026350023287
-0.6928357635997889,0.10767408035335366
-0.7054508070721198,0.13550822468883453
-0.7062300537258479,0.10294349596954903
-0.6971137190754131,0.12285358019324162
-0.7193404291994269,0.11632385454222338
-0.69759139196293,0.0956230308406012
-0.7100691075073887,0.13439267597954843
-0.6899992548432688,0.14779730401140698
-0.720630230044724,0.09136848349545967
-0.7075453516543992,0.1253167806882383
-0.683292519253607,0.09696969125745455
-0.7144037023957439,0.13884518095193527
-0.6563860651295765,0.14247694241048137
-0.6650660231857687,0.14720704433678328
-0.6942907400350502,0.10472469103373813
-0.6906225099055522,0.12510751029453623
-0.7212716613384657,0.12544619893324227
-0.7008638605444568,0.13687022475720798
-0.7204357673019817,0.1253489379782486
-0.6859989133706937,0.1127067331904984
-0.7221678603993074,0.10108497246987391
-0.726306465409546,0.12773891345058525
-0.6951727422685667,0.13023538632198678
-0.6871542136916704,0.11176656406002645
-0.6763556789283219,0.12674266805453088
-0.7092650615741003,0.16077854990192086
-0.6906422263112304,0.13933073478227756
-0.7201582591864367,0.09426961880760477
-0.7160705199935995,0.12010583619378357
-0.7091182745128833,0.13096091234256904
-0.712592727925711,0.13845347678304692
-0.7034314309280255,0.09501754180876563
-0.6922117912225124,0.1621383973352345
-0.6770457359262559,0.1462337937817256
-0.7239481040106589,0.12040172346706213
-0.7359814058125348,0.11246636174455991
-0.7276146116503436,0.11451023210994003
-0.6809921499546666,0.09920168167503919
-0.7281482146859233,0.1362760273415868
-0.7152674667121056,0.1533190277293525
-0.6954264392517723,0.1586787535222196
-0.6899094388286713,0.12433304760269999
-0.7053014779696462,0.11818187823820873
-0.6973501478297376,0.10659309740955243
-0.7097499091568087,0.11912916191961642
-0.7090821518571238,0.11597120232308306
-0.7159398786608677,0.14277335197768792
-0.7101867770920995,0.0993297234192755
-0.7261655073695162,0.13981962004741672
-0.6773835970715413,0.1557271710415666
-0.683244401499006,0.14403491090321038
-0.7257519391034264,0.08006866538151973
-0.723946232732386,0.10476643043902993
-0.6764292608568674,0.1458817798838872
-0.6982369800934568,0.1204437026984856
-0.7146491388362801,0.09021010533572854
-0.685911525043854,0.11993294956607083
-0.686704244169763,0.11956466396469513
-0.6872240516110868,0.15640819841605197
-0.6702322125520149,0.12857670424814902
-0.7024680603778237,0.11650703486205878
-0.6969434643918098,0.1107776788753198
-0.714429019962197,0.10022455057230417
-0.6572064899123881,0.14096746378827782
-0.7304163270420239,0.09673812651205542
-0.7167025773577711,0.1271038028997185
-0.6806449052020436,0.11483344418545781
-0.7009985718674968,0.12447150769430186
-0.6667442045655579,0.13011825839167676
-0.7069734358681151,0.12761577817289096
-0.6795214863612811,0.10336565653406839
-0.6957777104801663,0.12805420409340146
-0.6928047951942625,0.10110167721266199
-0.6909533625840907,0.13487979916635173
-0.6888411042072509,0.13291905577691118
-0.6720894319045342,0.15313899075872445
-0.7206434583215463,0.13541295374908519
-0.6742478701192756,0.11086217237548875
-0.6900564429745751,0.12480119853540869
-0.7161568454351921,0.13140908584340524
-0.7020777269956687,0.12995516300861565
-0.6876734898689175,0.10834536379503401
-0.7183798623624253,0.11762013251386536
-0.692262600967149,0.09447026324288904
-0.7201984515780588,0.11577981544561884
-0.6841748197887598,0.14164782792635958
-0.7217882528923446,0.11807080168182385
-0.7124898686172831,0.09785043333424594
-0.7109164466645054,0.13531552723483145
-0.740325555468126,0.09773610540052168
-0.6772999282980856,0.13149793862948386
-0.697594506959786,0.15839658841397958
-0.6606403663968136,0.13102999075033125
-0.6866842642390844,0.13334530998118552
-0.7254571814715308,0.11112704304343957
-0.7204182206532597,0.11709806316926281
-0.6888636806972946,0.15762884396803084
-0.6823247735704854,0.10635110709891238
-0.7032451257841852,0.11750778288700921
-0.6768100949876019,0.13824839964064886
-0.6943969126600404,0.10737029333131277
-0.6873686354084483,0.09377257277201598
-0.7065341401840707,0.11413456130777169
-0.731543360888733,0.10142629847810236
-0.6702814869711652,0.14195373676592546
-0.6717790258329822,0.13766856957389662
-0.7179753673569693,0.1319910092236476
-0.6915390960415131,0.1548624067854043
-0.6903362951247016,0.12548531018394538
-0.7158490480365156,0.12241407938589875
-0.6975934380628616,0.14459372902475878
-0.7054723028380558,0.11339290492271892
-0.7197266605797802,0.11032725292320102
-0.6681959245966106,0.154030832133536
-0.7149513292905261,0.082511481541667
-0.6792943381546187,0.12771069708565078
-0.7320811414955505,0.10144986772185509
-0.6851292958805975,0.09472840424313583
-0.6930963859885636,0.13900533810348278
-0.6986230240462756,0.09249344019523452
-0.6868901499204141,0.13711743846647198
-0.6945564944931688,0.11941738354241328
-0.6828488860950745,0.12274070050287093
-0.7198123038599351,0.12074715239680717
-0.6972328303434048,0.12876847599904562
-0.7106929171452596,0.11143605934148493
-0.7239766179675955,0.09447896840919237
-0.6868198954325233,0.14127807659963248
-0.6933663223508738,0.11755351942599417
-0.7175867525655406,0.14861734774158455
-0.6705234526741366,0.13667369225927434
-0.673446028476045,0.1168350028989399
-0.6699770287821892,0.14435646255999138
-0.7050946269614986,0.10662109163590229
-0.71903008825188,0.15135967445786047
-0.6942446469278247,0.1490295907070711
-0.6913155096660225,0.1289789714078479
-0.7243957216448746,0.11567270729604591
-0.6919671432365392,0.09518960201517236
-0.705368729991821,0.12811511646278548
-0.6673412590010532,0.15533211701741104
-0.7294533779531812,0.11199178747523111
-0.7004543429499301,0.13486848274605268
-0.6723547709914585,0.10709643811407119
-0.7242990959092948,0.10903295162701303
-0.67944827268136,0.12926525602399852
-0.7020952586308583,0.08424966577466633
-0.7144044567229638,0.10421248714322695
-0.7292307893847316,0.11089925115834207
-0.6915119838987093,0.16403275473986148
-0.6800591323410049,0.12639191809103262
-0.6947556620030778,0.13385037796875202
-0.6894126061267508,0.16278683017689183
-0.6926649211875324,0.11347604463032349
-0.7101109127550387,0.15016577089735397
-0.6810644505589099,0.13256066660340146
-0.7308609208481084,0.11335969385408522
-0.7343923975616654,0.12369768364028906
-0.7046581543457894,0.08839799791697367
-0.7028092968680094,0.11985360800219667
-0.7202794712491076,0.11887003193775414
-0.6882067880557069,0.11131380001336934
-0.7042174503123262,0.086191394972173
-0.6682673833017794,0.14264564678930258
-0.6987825140685681,0.1416863007851802
-0.7164155829225174,0.12866209865543318
-0.6810693659907472,0.14482883299006094
-0.7181677140608882,0.13862170144306732
-0.6906207008846761,0.1442700015946011
-0.7093321420181422,0.1244767763272219
-0.7101426342576803,0.12072717731374989
-0.6836775834381417,0.16146814364276693
-0.6754360773853774,0.1423333487007939
-0.7224413278492977,0.11889426383447446
-0.6982372381384472,0.15504274298663143
-0.7056220066205412,0.11351850875442643
-0.6941332262469367,0.10415740802995002
-0.6649699009592062,0.1326814837541503
-0.6749534676877994,0.1105383494787512
-0.7104821396445445,0.09865728006127411
-0.7002777958952566,0.14371366701529642
-0.6762422753210646,0.13361073380278998
-0.6908722493385402,0.12100113087102514
-0.6916473186637039,0.12365956217015191
-0.6652822703576243,0.14200424642053303
-0.7051638460642098,0.13539556484430826
-0.6663783913068523,0.15077074485227282
-0.6928460313041634,0.1371345996590223
-0.6839456581772921,0.1407890876120297
-0.6791658283478623,0.13604695248883442
-0.6946793781544697,0.15706176172670433
-0.6885831615914536,0.14350311475558516
-0.6681198775910187,0.1196827069127068
-0.6737461689098498,0.15080734439126417
-0.6681992356262044,0.13792696878746008
-0.6810913890731681,0.1431399492791866
-0.6817764303135901,0.11623351740713771
-0.6801751927913969,0.15224591928074904
-0.7125683505468473,0.11073442617937
-0.6694428407589337,0.14918570898414213
-0.6701089268948728,0.15245187203505495
-0.6846400358653776,0.15189679792982977
-0.6804843479381413,0.11918609716522287
-0.7129844853347509,0.1269364878242205
-0.681083179000119,0.14153114735551162
-0.7029060377506535,0.13065354789642727
-0.7316996834669742,0.12347029013653466
-0.6784203406725429,0.12079891092683831
-0.696830816114078,0.11683112732761158
-0.6973851755635582,0.13054349679056337
-0.6927622806658105,0.1247702649047937
-0.6862154826411191,0.16217179930413064
-0.6990979376446086,0.1583695879112451
-0.7266235776657775,0.10588602347076499
-0.7169598838691795,0.09700665121168414
-0.6654461815025663,0.14033384322916564
-0.6863891171004306,0.13094964925302918
-0.7074005711103276,0.09885262280348775
-0.7265956649340383,0.12835217901670723
-0.7054336758427308,0.10248262942000906
-0.7285467651180905,0.14287537969100667
-0.6937267187747191,0.15958808080709128
-0.700252502904728,0.13642031620149267
-0.7202198196564015,0.12495871504036858
-0.6854112913718831,0.12232106038859915
-0.6698643131196637,0.1435693840972568
-0.6787868551487521,0.16142834296816436
-0.6987953692278333,0.12247011650224937
-0.6752274937803648,0.11947784639519846
-0.6732061349042454,0.12800816448960295
-0.670735464437471,0.11315241090113012
-0.7209101376511248,0.11519797555265972
-0.7192909224262711,0.09740489981829956
-0.6740523437282255,0.1545898302825866
-0.7124098427517691,0.09173409270213737
-0.7124885039564428,0.12162724456134091
-0.6853917519882097,0.14708479842921743
-0.7069527301946291,0.14045154278850108
-0.6980187681954737,0.1121550525777286
-0.7125497065213775,0.13279546787215354
-0.7163727145335298,0.14780258824778955
-0.6789729240025034,0.1271842153742919
-0.7126793011979701,0.1164285251850137
-0.7297922871833786,0.10519125127233551
-0.7103045914419966,0.1075464831766724
-0.7077371102826591,0.12620763643261879
-0.7270021304650907,0.10299568605117149
-0.6682841728169595,0.1137192491458814
-0.7358809312995095,0.12075040266136874
-0.6969994344364476,0.11588549943480098
-0.7242677306037852,0.10307149024395569
-0.7280098654178808,0.12010885159032843
-0.6960176823858578,0.1283144892527078
-0.6716788985308431,0.1294096069357888
-0.71971806773127,0.11829767479588192
-0.6810949896317964,0.1221034140500747
-0.7136801836328961,0.12162743895298309
-0.7048502523763741,0.12394641541963715
-0.6968419686067348,0.11334162821406939
-0.7153844435421987,0.09070861424902682
-0.691799271123241,0.1145848413127513
-0.7276317073329023,0.09726427727598778
-0.6995527149895806,0.11069487427099944
-0.7000985593995616,0.1452221284909938
-0.6965006390776943,0.15843405126505702
-0.6727412395718317,0.12088225147400418
-0.6814975067652016,0.12603138444905376
-0.6736186766829961,0.13764338763020875
-0.7052964452126153,0.11135602330231957
-0.6850836807720262,0.13784539526358341
-0.6935512383072691,0.13849597988825293
-0.6884845385152047,0.12874209990170354
-0.714401164377928,0.10736970202970553
-0.6846051335250518,0.1386358920363284
-0.6843067015845369,0.12273978778459309
-0.6943601812478916,0.12547355678664285
-0.7158282012921374,0.14322314434227507
-0.6869168685985736,0.11300285413377403
-0.7164768948537894,0.13122221130889775
-0.7180675535306483,0.11724247109050498
-0.677090598883923,0.14698239801776813
-0.6782681815129907,0.14598255444653335
-0.7327577502759705,0.11553921454813111
-0.6782484551266749,0.1288204702561431
-0.7031028168441824,0.13466809996060033
-0.6894976120954918,0.14640886895183272
-0.7136037207560142,0.10617390609622976
-0.7162456607080817,0.1404937102811755
-0.6979323423187117,0.13179139539762563
-0.6930937865527625,0.1321462141749945
-0.6797322094544798,0.15949677058501616
-0.723804605638976,0.11512945990029674
-0.6972592255300338,0.13227910505219506
-0.7125730930137356,0.14097784636505
-0.6899683823067488,0.15394819516078
-0.6770536106090065,0.1623459777935738
-0.6980613966168849,0.16483424681097472
-0.6780145449105117,0.12213511013633542
-0.68947979940128,0.10540568554226017
-0.7009367668942493,0.15162448566944095
-0.684712708140264,0.13800170705121306
-0.6841814693396614,0.16059847259548965
-0.6903271425986932,0.12308891601959632
-0.6907730661975826,0.09299159998521475
-0.7061930590929083,0.10885258921975462
-0.7002601525921749,0.1523674118986656
-0.6839508100392494,0.14963846420531915
-0.6962665588625792,0.12188452710886752
-0.7031740517031115,0.11398566025486002
-0.7012614323530312,0.09456729920439122
-0.6790121699433445,0.13656723416313576
-0.7091636028834614,0.12915798155427904
-0.7150986961113656,0.11893951083851934
-0.6827137190619715,0.14772348499744706
-0.6768689738777078,0.12105661201578136
-0.6863215866006971,0.13816713976790324
-0.702597283925444,0.13337798256404199
-0.7218990366500855,0.08736582010502181
-0.6977227894749741,0.09490473517025455
-0.6918572128912375,0.11591034043908235
-0.7072271166143504,0.10965275957671612
-0.7143578692380101,0.11268881475148367
-0.6960354664927684,0.15488424863989428
-0.7198207799816453,0.1345598099705635
-0.7207511553266174,0.13355859495753114
-0.7134995325872108,0.1127685126027006
-0.7089366994256618,0.13443412825112097
-0.7020728091061786,0.15417420811845822
-0.6738602312129199,0.15372148310502143
-0.6887062716325355,0.14859238006107878
-0.7209124399296569,0.1403323802556633
-0.6768950691808632,0.1261861281890978
-0.6773798935320996,0.12338637838192236
-0.7202623778954218,0.10991672005559638
-0.7060463698569175,0.08948337112868364
-0.7121616107093527,0.11267596493451074
-0.6800020094958563,0.1414498703226693
-0.683986375584363,0.12031198332347069
-0.684407920904663,0.14152093098299498
-0.6829954729235008,0.15327129411712034
-0.7148374084779145,0.1180468526763941
-0.7011305790689379,0.10862511834993899
-0.6874093154236678,0.13473231792518228
-0.7131736751009968,0.08707751322183566
-0.713675534867775,0.11103044842738416
-0.7112581907821676,0.08638145682097119
-0.7028952851229128,0.12101932753505162
-0.717790091640133,0.12519038594783355
-0.6788721808112216,0.13808855171060366
-0.7025354282991181,0.1589066156878671
-0.6836154995957185,0.11626818578602167
-0.6672686060269797,0.12463615023239102
-0.6891567745652396,0.13659889858053856
-0.7099875331849793,0.1324303942914246
-0.6993571597012388,0.11523534813130311
-0.7021069168221911,0.12731359893491728
-0.708632857921914,0.09980944239350584
-0.6862739927921772,0.13288606318778315
-0.7056019257390133,0.13013010260242822
-0.6691637113135074,0.12403671537134159
-0.6978511542984902,0.1229636112185327
-0.694444265830112,0.14478620667073056
-0.7102477627069879,0.10072618253217278
-0.684122219947531,0.12539698937534277
-0.7264732137452303,0.14170463246297355
-0.6975249555690136,0.12449152365499423
-0.7023359679268992,0.13242440828548618
-0.7278121891520489,0.1268559567000457
-0.6696380780717841,0.13796482901636606
-0.6668851162420375,0.15587333518644134
-0.6926368540765938,0.10885927135166154
-0.6876375717724372,0.13500033436437253
-0.7136875094673928,0.1199581937637376
-0.7001196672631534,0.14041101828536848
-0.6819446108085786,0.13762943021428875
-0.7215536469886135,0.10946638564373498
-0.6865615429611805,0.136102719639676
-0.7147316041630324,0.10659566588711834
-0.7286602325173607,0.12843444936393889
-0.7036740554436421,0.1582043948548703
-0.702410527629632,0.1416202701072352
-0.6942901208398728,0.11153625102680413
-0.7271830598431267,0.0972816190640779
-0.7047826507630409,0.12138861075799724
-0.68415856886962,0.11911692967865202
-0.6784797105640906,0.14562966337246505
-0.6988776688619763,0.13941424483663198
-0.6900719404411169,0.15941549994077403
-0.7065901809333566,0.13145674396966023
-0.702708338299027,0.11340056137838929
-0.6833709476717021,0.12400220451511006
-0.6923861281556825,0.1056281183613568
-0.7235133519336845,0.09180669659516941
-0.7094863113201044,0.08795420749489287
-0.7169820516475808,0.12728631515029581
-0.7009203832859237,0.09316384122803152
-0.6877395873576105,0.13629736882186144
-0.678377310352898,0.11485865450213857
-0.676420529045119,0.13960111427385966
-0.7156437758957831,0.0962154323304929
-0.7306354143409387,0.10716130276845046
-0.6733991988783049,0.12578277351531647
-0.6741785206072358,0.14394304430110844
-0.6708711074620684,0.12878523424667407
-0.7027735980313043,0.16015213955506796
-0.6859597227544179,0.09962470817484541
-0.7210477581208324,0.1210314227283139
-0.6870879355647559,0.1414869605839495
-0.6639007852379876,0.1317308010262151
-0.7357570084054339,0.10289597011526082
-0.6928951612976192,0.1234170811667072
-0.718756065661944,0.12136512830618125
-0.7016710142566716,0.1307160624774721
-0.7305214762376566,0.09031421627654092
-0.7051593241022844,0.09117722261193106
-0.7244225055569252,0.09583882447235173
-0.7066102949615576,0.15290328048657367
-0.69793965943571,0.15772546179760386
-0.687047863286394,0.14420604808130758
-0.6840478429120694,0.1551948123510908
-0.6855426578474435,0.12721790823125778
-0.7004534106662517,0.13274071052816558
-0.6958068179098492,0.16253400650799735
-0.6782304797931938,0.14660868857196785
-0.6776985027890104,0.13386848654120334
-0.6958780889251737,0.15654058619739025
-0.6942167786141801,0.10661329507968358
-0.6990884804386859,0.14392305487448892
-0.7238876758922762,0.125559225874353
-0.713059022020405,0.08610208592135836
-0.6871642455152709,0.14194049840500106
-0.6863046318929901,0.16252478390171995
-0.6925297496787507,0.1424050234185023
-0.7145082415474954,0.1398139085244271
-0.7192437063846031,0.13625114727208926
-0.7186075897948203,0.14703971684384629
-0.7170987848648606,0.13433536083497835
-0.6920330445117798,0.13856376253004068
-0.6797417423718789,0.12605038112434994
-0.7232406472493423,0.1044061335342912
-0.687804147439977,0.14067589188596114
-0.6729544042353021,0.12879871174789714
-0.6946500079510675,0.12603249472675115
-0.7279482352380643,0.11366842663055626
-0.7198618851675423,0.12436018312540899
-0.6891808374211423,0.09288650769565507
-0.7019435047986339,0.13255677100369484
-0.7079440056792062,0.1324623448213151
-0.699007424514945,0.1584126698327177
-0.6862697453880309,0.12173882790385417
-0.6903577202459036,0.11034758466519168
-0.6961026440530245,0.13884539105763288
-0.7064295202437476,0.15559898821358883
-0.7006355213772194,0.12612030368507005
-0.7046251885759531,0.13908575096098189
-0.6955440027651675,0.12607466437099998
-0.6819406922503541,0.12275048718433691
-0.682689399900471,0.14450707705919694
-0.710336667621399,0.0961570952918216
-0.7056822145274326,0.11037619095823287
-0.7048195099296368,0.11603778020429074
-0.6808249686463119,0.13204893895442102
-0.7247171876019048,0.10054380553379674
-0.7037898832662194,0.11674826583461173
-0.6665732648413066,0.15588992596847107
-0.7095947803067089,0.14408751128314598
-0.6915115902174375,0.10415841113501256
-0.7169170290233376,0.1250991215455406
-0.7046610048122115,0.10984218106892943
-0.7126211502629715,0.09978799920616267
-0.6946797003758383,0.09894312961013635
-0.7216406427518584,0.1117779487172508
-0.6973659165435196,0.11945231053503988
-0.6655897809963408,0.12789294165293638
-0.6976834770081412,0.12767473907337812
-0.6959698842217249,0.16020826698380963
-0.7257941064400864,0.11707220612108137
-0.6707160128327626,0.15299387325048097
-0.7182520031417131,0.1391026488363165
-0.6725795754767692,0.12315527696965087
-0.7256332614129916,0.09593966305930395
-0.6876070657654368,0.1329790065315717
-0.7001079676050613,0.11611160329385685
-0.7191373936221119,0.11322454777527384
-0.7200663180658347,0.1157709583928075
-0.7023665800025585,0.144485471709398
-0.6837462488166949,0.1510069869352372
-0.6865059645330666,0.12106200593422617
-0.7094821389245416,0.10686882878111781
-0.6848247480134784,0.11325494106564953
-0.7027294121080244,0.14138261141602942
-0.6909991826742304,0.12369249577496069
-0.7067306890924502,0.12294319098999562
-0.6932056329850662,0.09167683234680142
-0.7159338346561696,0.1232767474397513
-0.6836443624859616,0.1519178806608343
-0.7057418501863014,0.10978726388301159
-0.7128482204615977,0.11638985826981091
-0.7154149315402061,0.10812001809760169
-0.682458893852795,0.13184785328429277
-0.6727121999934238,0.15172997928880236
-0.682007417888165,0.1381515775243723
-0.7101513040834211,0.10053863028589358
-0.7106636398826475,0.08907911687989872
-0.6845487033466663,0.10900537161972032
-0.7260204353910119,0.1245641865492805
-0.7209905135531277,0.11235001687744338
-0.7196734783982048,0.10691205707381449
-0.725787389727751,0.13651776961315693
-0.6816766860455835,0.1412799838657488
-0.7160904603928084,0.128141513474075
-0.6726243952185451,0.14709604881992155
-0.7034610365143028,0.14061763693024035
-0.7091253338103514,0.1011340902219428
-0.7128561992437311,0.13202000034483782
-0.6855517706742968,0.12637786492579797
-0.7329772536036986,0.09550311421842546
-0.6852846735094968,0.12602062662282526
-0.7218578212451671,0.11700419143683373
-0.7196836141380342,0.13307479465256317
-0.6780468816972801,0.13170918414433946
-0.6734345281524603,0.11417899242774751
-0.7239055277385167,0.10377556652524038
-0.7241438074264467,0.10949877350476692
-0.6975553888369528,0.12616098362502698
-0.7234714405816557,0.10166720419001946
-0.6988221912446637,0.1336990100480235
-0.6715865210839013,0.12491893082872942
-0.7183108018211419,0.1336463865588944
-0.6898969958158548,0.15060680927595327
-0.6854577315936389,0.10230950990684472
-0.6659931577607247,0.14087721745296886
-0.6935269191204197,0.10367232249522532
-0.6822780168270611,0.13631191819595703
-0.6932941116539749,0.13293516042845716
-0.7240975234606215,0.08873640738473668
-0.6791320651338076,0.11990231723047146
-0.7246201940231686,0.1346611246138806
-0.6998650018594846,0.125683548130847
-0.6780909040455014,0.1576497293799229
-0.7256228317640084,0.11259075872078747
-0.7256590148946572,0.11033103325709165
-0.6868043874821952,0.13490233082959704
-0.6799206852029955,0.13795583384368912
-0.7051194156351202,0.1436852833125806
-0.7029314500107292,0.11524032202061026
-0.6963434148827391,0.12421341833431232
-0.6951061900453233,0.12981937452803302
-0.7111509697461483,0.13904477902734627
-0.6821747558969661,0.125301542996192
-0.6821444821738821,0.13982371182942951
-0.687421534414472,0.13362650690903888
-0.704207645430403,0.10535752407656741
-0.6980886509820926,0.13367161324790525
-0.7101713095015026,0.12756256412568076
-0.6850036362677436,0.1420958371608886
-0.7086409385892881,0.11974802569844656
-0.718923223073486,0.09607476949487363
-0.6782228578334875,0.12205740565375743
-0.6840295021631834,0.15194698836561235
-0.7038825406049701,0.11419617581561478
-0.7106331625192905,0.14710050812177616
-0.6929158650587365,0.13801610603532385
-0.706016158908639,0.10064445420628733
-0.6854364836352973,0.11111058881908102
-0.7037737964558844,0.14921706150196623
-0.6766364716594043,0.11804621759807861
-0.7067300988450885,0.09115746079097185
-0.7192894400348786,0.12053020457176537
-0.7071223273276716,0.12041851732949099
-0.7009658167746794,0.09712336207506758
-0.7165504231756619,0.12020021071127329
-0.6786849859461023,0.1326611888682046
-0.6957782917751237,0.12859662108673034
-0.668242344155876,0.1584705486535801
-0.7139861315992778,0.13765370585210096
-0.7081324249275499,0.10320205663666798
-0.7263764094504866,0.10960847948547467
-0.7077643452158964,0.10568463993648172
-0.7192798508641796,0.11462601195278997
-0.6930050369256795,0.12725307009854925
-0.6827550255897674,0.11050566801455343
-0.6948360846863001,0.10585086720241273
-0.6843228102104869,0.14937733999772676
-0.7087354461779702,0.11856066066282737
-0.6814759031678893,0.12266439457397303
-0.6902961526810683,0.11495423000006215
-0.6889706690680404,0.12461196153970296
-0.6965392887351135,0.12372016016086859
-0.6830068500296604,0.14414082327352842
-0.6801608781126328,0.11779279141348684
-0.6822552344379308,0.12561776634499205
-0.6698068208464386,0.15738248315852324
-0.6901705492309009,0.12664217287089408
-0.6835597932027941,0.12229014944035281
-0.709660268156796,0.11107225255602235
-0.7216222304184615,0.10186662423288424
-0.6954018181210881,0.13112380363378046
-0.6975007379761784,0.15156121793429986
-0.6931100642163134,0.10224321627435154
-0.7105260014860347,0.11315644352619382
-0.7014613625544718,0.10905452423927457
-0.7134014560261454,0.1274213460944876
-0.7005752176933888,0.11959954744198933
-0.7069993903992444,0.11142986358471403
-0.6691533726874498,0.12679235211999695
-0.6772311018753738,0.13021183762025132
-0.7126104545956272,0.10610570506993575
-0.721680796976278,0.10731250838800728
-0.6993009943778751,0.14386301234188045
-0.7133159051936775,0.12566402965665496
-0.7162140953147621,0.09723097602625609
-0.6987250365001044,0.12221207208550813
-0.7136420378447843,0.11814786939404778
-0.7046175514773049,0.1525138529973409
-0.7147654195508079,0.1204610920211321
-0.7232439270996625,0.12037886623222828
-0.6893387017750344,0.12422572265910393
-0.677262393143655,0.11465045965815442
-0.693422211956783,0.11640976326347889
-0.6979038429400792,0.14031613666799667
-0.6768889113570571,0.14568466058132679
-0.6784312594840756,0.11691117983398441
-0.6957035719035279,0.0971265487199482
-0.7042605117463376,0.11816454379066538
-0.7009037126921426,0.14347860603931406
-0.7123968318795456,0.0970188690163299
-0.6876165209853498,0.10596577936962755
-0.7185904508228276,0.10039668954636062
-0.6898018317547363,0.14531695641293574
-0.6975534584710089,0.10904284272322873
-0.6801013409979578,0.14789272057262934
-0.7181464698535134,0.12260380288813187
-0.6867375824268186,0.10991559490357136
-0.7110950941482354,0.13921834456982207
-0.6995583725641964,0.10709706838216157
-0.7233125187935557,0.13466760450887716
-0.683869271244019,0.14499262441342664
-0.6875873960516584,0.10763607528241777
-0.6812940068340333,0.11936974996140244
-0.6939235950772574,0.1257162330438223
-0.6962405010348511,0.13599686219079873
-0.7134056600390722,0.13750231289361234
-0.7002243096276437,0.1521017883322856
-0.6723961301619393,0.1488028668022342
-0.6937249663742684,0.1256929022486327
-0.6835884554974132,0.12132746006518803
-0.7040126577905806,0.13918814462357126
-0.7035339269857612,0.11385357846688278
-0.6939743364861821,0.14632970879978102
-0.6897958025868787,0.14182030233804738
-0.6794439191664223,0.1483558480652375
-0.6871447766716485,0.1318505730024774
-0.7031176954216994,0.1452011113760062
-0.6873368413347016,0.14595917086325713
-0.6810158306514237,0.1180738692335038
-0.7234843129838737,0.11148758861026685
-0.7031191400578807,0.10674383400566032
-0.7038140509587152,0.12276174250711716
-0.6838846858663167,0.15102969634270377
-0.6988170396920659,0.10383659630140224
-0.6797042849180163,0.1427874142143065
-0.7177705761407945,0.14063787202861167
-0.6939704334486781,0.13306725467049405
-0.6872443742429933,0.1326330966309375
-0.7068613366232863,0.14083875471976132
-0.6956137305348177,0.11607597596209158
-0.6804889531224393,0.15634151254623382
-0.6884460941259472,0.14314656786979688
-0.6837772792944324,0.10831057842473568
-0.6799646703901173,0.13019662806036947
-0.7033950123306226,0.11224689089152803
-0.6856585225625789,0.1298318003761467
-0.7180706660996674,0.1353090458768244
-0.7178019781385502,0.12402472551981936
-0.7030377191733713,0.0977334109130515
-0.7101566036819819,0.10592260838010521
-0.7054114111075364,0.1284675834551434
-0.6903403041318579,0.12401225181264945
-0.6810923824907836,0.11843480063859348
-0.6970089504832158,0.14851635029332155
-0.7032371350997455,0.11814185788437402
-0.6936528572579821,0.13988347613572147
-0.6995759772710787,0.12115320386055793
-0.6899244682251429,0.12715539974401902
-0.6913942510130118,0.11259670347355201
-0.7242098850106499,0.10870214057887705
-0.6958902314002738,0.14679126663458708
-0.6708615254087548,0.15087255118147389
-0.6684306129527955,0.13765688303675555
-0.7116862435602148,0.12030482929405072
-0.7038165604501729,0.1533676684778486
-0.7042247434750268,0.12117585484378109
-0.6814555924984815,0.12165308821097608
-0.6889232289406193,0.13679478679057533
-0.7299379927795998,0.11180299744893235
-0.6942835541720691,0.13167306275681337
-0.7059473375571976,0.13029514163512926
-0.6989951138180135,0.15041134084289934
-0.7250006543579953,0.1067374808746808
-0.6930457832133946,0.12786018606991087
-0.6924812638507691,0.12546906654459308
-0.680940167859665,0.11982241851067245
-0.7110368955516994,0.10711537875375986
-0.6916152860653848,0.14266304311776712
-0.7208609072857731,0.11436862711283903
-0.6934681895957423,0.13040538654395312
-0.6846869825124936,0.13203034708194786
-0.7284878611592829,0.12532528789544903
-0.6971420931649609,0.12843849172492258
-0.7107324617275211,0.10452237520716966
-0.6883935719943985,0.157840885994881
-0.7004949519709653,0.11371339120427665
-0.7097586696438757,0.12308960905139202
-0.7247376364560417,0.10544418797044236
-0.6931592418261474,0.14565989974592905
-0.684549864100468,0.14070896172717762
-0.6929369161504716,0.15166585847948455
-0.6903214624314392,0.13870648861310259
-0.6798449071676897,0.12398177179627484
-0.7078401703367467,0.09939026229274159
-0.6889342144423939,0.15937697564453884
-0.6965621377894922,0.12362583238611259
-0.6839996663189777,0.1446269584057768
-0.7083767696132955,0.12458307785764856
-0.7074720178678755,0.1053654511882796
-0.695813814132558,0.138904816885462
-0.6815022400995541,0.1365600309673563
-0.6795679863508411,0.13914559089476636
-0.6950174592453952,0.13463472932932263
-0.6852923103374328,0.13467615283249415
-0.7002888534133387,0.13521986882026937
-0.6836229793076729,0.15852441900599545
-0.700327016975145,0.1315156962342466
-0.6841643284475454,0.12389369529363599
-0.7139185447374166,0.11465256143737579
-0.6929764821629152,0.13553546772998654
-0.695582566982494,0.11145503832550994
-0.6805649298435661,0.11829462755127353
-0.69087628739604,0.11788022018620986
-0.6996845853682241,0.11596957068961579
-0.716772852679653,0.11841723599557792
-0.6900434157468981,0.1378140437225915
-0.7007936344328239,0.12224207740743988
-0.6973867332719743,0.15490484742738841
-0.690423132055833,0.13653978603606087
-0.7123054606317429,0.11364247537709342
-0.6852559691671039,0.15724759124467916
-0.7094551204002298,0.11037114511808867
-0.7033600389555151,0.13476907492187623
-0.7096814162500289,0.1040220273638519
-0.6982169316957826,0.1298896256595783
-0.7099216362165752,0.14782762457677376
-0.7022171897854119,0.14543845581250717
-0.6948062731626266,0.10360993103083614
-0.699838718647453,0.13413521645533566
-0.7015116160084345,0.10888361885041145
-0.6884300279067633,0.11763452994926901
-0.6951576200665998,0.13837309341859566
-0.6898624844746217,0.1456863772720031
-0.6891115797675706,0.12750826082579514
-0.7149968443353621,0.14039597222294908
-0.6867848306082193,0.1331429269266263
-0.6829277164378694,0.13295615067296668
-0.7030108148414781,0.11549119947884323
-0.688533973681955,0.1428372159417146
-0.7096438307804156,0.11024907433752068
-0.687562039555888,0.12491775479119753
-0.674391784436561,0.15139714605239063
-0.694387354782704,0.12452145215751044
-0.71656947392682,0.12757118628611072
-0.680924307791417,0.14677259945386661
-0.6928975080064411,0.14679843275412774
-0.7111905437413965,0.13383352217844213
-0.6942845075892747,0.13692700795335927
-0.6968786208102231,0.11994502304178285
-0.7194195398764436,0.11331775069078531
-0.7051203286801478,0.10305442768954574
-0.6909432941544887,0.12288821726495323
-0.6922397449279728,0.1488374627167055
-0.6766297166232494,0.13440236548960585
-0.7020208029122332,0.09866091583117721
-0.7206996151837068,0.09942858863298135
-0.7010109448383046,0.09663345801615915
-0.6925189513688054,0.12370645729805745
-0.6912302063054138,0.15002642614215855
-0.719145948904476,0.11513482909925286
-0.707693827478961,0.11116195020335634
-0.6817342354061972,0.12788162262971806
-0.7045365591133048,0.11086908979753371
-0.7026622296195936,0.12458466538649941
-0.6768937586305732,0.13399243416347748
-0.6912485865290019,0.1448773370063955
-0.6780056546944537,0.15319167634702055
-0.7093949605361634,0.12785984122027186
-0.6958725650857999,0.151298647603362
-0.6942094207334318,0.1271656846972565
-0.7149104017396468,0.12024423288885444
-0.7041046842693925,0.11187333650380955
-0.686571063826999,0.1111279259819609
-0.7114132728607382,0.12690888149930538
-0.7157815766248168,0.12748843782502556
-0.7039663420268738,0.14937346564456255
-0.7134158471930396,0.13613122946291809
-0.6747784725354611,0.12916748092198096
-0.692310126839442,0.12451722107140736
-0.7118624707969388,0.12890530164000485
-0.68348900566678,0.13022425451976066
-0.6940956692524921,0.10941459619441524
-0.6843321067927447,0.13033906494025468
-0.7100825196187064,0.11746018291070436
-0.6846100858767561,0.12008809772607056
-0.6987591054725796,0.12874551063825876
-0.6945106156031423,0.11787035790217919
-0.6874989703673848,0.1511698787852808
-0.708699731574248,0.09646877885099543
-0.7198439991872301,0.10263537811518463
-0.7203854626465559,0.13211383683872216
-0.7253478062658065,0.11064257450476456
-0.6755791199230831,0.14524248999428474
-0.7043307667158317,0.13958332385240077
-0.6857804081155908,0.1409796796983471
-0.7001731289121024,0.10669826222663029
-0.6816016241343172,0.14263720539055658
-0.6999917674522942,0.1446998102127588
-0.6834639349690882,0.14667593038055665
-0.7154597224678576,0.1344113023852106
-0.6989631195388656,0.12878568065284007
-0.703700254231485,0.11316142330474599
-0.6904570323210645,0.11395109898921467
-0.7003745572372793,0.14911141956666954
-0.7034115582988069,0.10225216924448584
-0.7120519707919265,0.12769664631989283
-0.6963980316957213,0.1337472129438572
-0.7095551259749403,0.10181534000236858
-0.7265679819342317,0.10598910985637525
-0.7063753787717693,0.14747319102709636
-0.7085736725094667,0.11097996403736263
-0.7119450527549339,0.12050345072589426
-0.695533645724482,0.11811443846814623
-0.713153873055418,0.12666189812723333
-0.7099970976638352,0.1458945278287935
-0.6815521702477004,0.12326120827601761
-0.6744301264197321,0.14978510011639626
-0.7035878179656478,0.10595207766308928
-0.6803302949678166,0.13562690240872027
-0.7141095029356198,0.13198993743690923
-0.6912197480531708,0.14983092521216343
-0.6828265830094354,0.1340916327027016
-0.7007578423198865,0.1503721335320682
-0.6989884827149466,0.09969136605363967
-0.7268337806313456,0.11218592736688024
-0.6844770181209971,0.1359103735287763
-0.6903710310483434,0.14070162724246246
-0.7243146055137734,0.10961335272174345
-0.7122018778822841,0.12452779058351583
-0.7105511794164611,0.11137807213677418
-0.6999938921959117,0.13451255410328306
-0.7171647199387328,0.10542500710629739
-0.6768285520975399,0.14054517582065182
-0.7089105080826574,0.11529982362041662
-0.7097637476703156,0.11816324660005757
-0.7058204615393224,0.11395243182566117
-0.7049601613512935,0.11312771923205237
-0.6756031104794344,0.1336388490559034
-0.6968562243422592,0.12709721943225502
-0.7014072752452154,0.10935133879298387
-0.70637162638944,0.11374312733967136
-0.6806745917924873,0.13309610347945877
-0.6879898422201227,0.11202095842462508
-0.7156023460168552,0.11897514006994805
-0.7275976143954717,0.10674639254048694
-0.6722278004121457,0.13867973561187935
-0.6832956615691074,0.13028460099693207
-0.6851415463502969,0.11164407667155775
-0.7117963997590114,0.11618677757012838
-0.7066054575236828,0.11007605615544065
-0.69974882326743,0.10240824884780787
-0.7017938080133053,0.10144863657184412
-0.7021917631640955,0.14633295677098057
-0.7025425972115152,0.1255976902627512
-0.6752203016972935,0.12779005164480894
-0.681227770359483,0.14613089917538094
-0.6809203082059806,0.13004230416752288
-0.6854954383298693,0.11853381231475092
-0.7001401508525587,0.134606837209301
-0.693991053432126,0.13219692080906972
-0.7105930692094374,0.11499697994404821
-0.6881135628891216,0.12803066674426902
-0.7077914023869099,0.1147136196930072
-0.7033824281802739,0.13223589873130512
-0.6992038555797717,0.12723072105905028
-0.6835512780396269,0.13399281268235008
-0.6997214741123673,0.13530357869618653
-0.7189185690540716,0.11802757763283526
-0.688395063500368,0.12550308444151834
-0.7093429872805735,0.12318180732176622
-0.6902005326171909,0.1264813411709002
-0.6856723376708466,0.12652379662009602
-0.6732887881271721,0.1415657841854493
-0.7044605001842427,0.11698897505987559
-0.6880959939612529,0.12291552960277778
-0.7066195462018299,0.11953052135701607
-0.7108387498047859,0.12286791179507033
-0.6996540081342618,0.132514743180279
-0.6905317360479544,0.13082077314464777
-0.700585620983182,0.11367388047538962
-0.698791483298484,0.13892798311837432
-0.7059794051504557,0.13264997240672963
-0.7180421791153916,0.12853147419160305
-0.7150140508223285,0.12431113015774448
-0.7025106161553433,0.132377098652281
-0.6986734085448445,0.11502862711881888
-0.7050525635053642,0.11438758115200577
-0.6765003764535853,0.14205668029578133
-0.6989580587028497,0.13519535159103124
-0.6895631068910011,0.13123638558912573
-0.6840461856579043,0.10611313987433313
-0.6962105460273968,0.12436164546344766
-0.7164893659541238,0.10175292196397086
-0.697740607123493,0.1403667987215035
-0.6937868303416174,0.11467915555338903
-0.6792232409663507,0.12514985474478996
-0.6770374834162285,0.12594991537855124
-0.7024105262177973,0.11660653331928231
-0.6802855238646784,0.12213468977140286
-0.711915457602025,0.1395979352135845
-0.7203012590324471,0.11546037747005487
-0.7161075302402437,0.13933000830663247
-0.7012544804107533,0.12831898221073212
-0.7115198243057609,0.1397822861070754
-0.6955783469948357,0.11660889251676401
-0.6973617886775465,0.1312168108830087
-0.6944290006627887,0.10394588328721278
-0.7023609479444612,0.10474110431575909
-0.6821404015735277,0.1279117592511222
-0.6947715794857193,0.11513163963569893
-0.7105314030900027,0.12741240815776575
-0.7111758716584228,0.11418654808760119
-0.6866132819373644,0.1052333148928111
-0.6742003403561427,0.12098895173862673
-0.6925075048119488,0.1353471575508898
-0.6969408419244888,0.13927230900461426
-0.7036523824923815,0.1372163088086755
-0.6888300183026067,0.12723432526491305
-0.6859998039061191,0.1474756323960518
-0.6866518845334872,0.15080815452305818
-0.6827168679667996,0.11020197403364808
-0.7108833265192898,0.12403270079428999
-0.7090280205510874,0.14212076416284505
-0.6829139887008373,0.13473088417918022
-0.7000151150898591,0.1329044949337345
-0.6781035545153548,0.12851853759141937
-0.7021825266113181,0.12965721794273916
-0.6794444673704788,0.12105134913686505
-0.713691796465425,0.12054421683947439
-0.7015597581726714,0.14673482297384194
-0.6938622711428533,0.13064789867715096
-0.690502763649249,0.12690205729653173
-0.6838937058372485,0.15037295781390148
-0.6810884741668946,0.14751461876730682
-0.7141828827501661,0.1280147752980194
-0.6893486123843927,0.15555352872236128
-0.6776748565243789,0.1363767950238447
-0.6910077448836137,0.10957258238445461
-0.6793990608767533,0.13023915532046007
-0.692022047439887,0.152518069961647
-0.6966476952854628,0.11766204918293462
-0.6745905420143514,0.149161616172974
-0.7205314599665746,0.10966707286451095
-0.6734064490008526,0.14089233665519219
-0.7004961922617862,0.13548884316433285
-0.7031704334945305,0.11743068570038954
-0.7130870332051455,0.10411455772347246
-0.6828388649676964,0.12215307308230636
-0.6806642490541159,0.14307562197680537
-0.6959791631802326,0.12476239244693291
-0.706863185911376,0.10655086366764387
-0.7060871685225719,0.10045975348877283
-0.7062892192340299,0.12221327694591423
-0.696204071136062,0.12594761020610465
-0.703927078691209,0.1437093409774314
-0.6987015534470581,0.13059531198771315
-0.7042276203510581,0.13409547853575488
-0.6935713782148863,0.1206870597027565
-0.6976977471472583,0.12628501329453165
-0.6801547398537509,0.12829587975837012
-0.6877664937464344,0.12456233471857202
-0.6923560570297169,0.13004174308287847
-0.691959746839209,0.1347682645795399
-0.7073943389935449,0.12446859406499239
-0.7007485101522831,0.09689559111613016
-0.6969089637859516,0.12267573562829744
-0.709638523331581,0.13164748644695867
-0.7006961882943386,0.1430913858111677
-0.6722325460389519,0.13314190940362386
-0.6986748000347142,0.1356988490892686
-0.6895301195063309,0.14671461647965703
-0.6848270266686837,0.11425969712501921
-0.7038282417094865,0.1383510714772424
-0.6995324768938392,0.11579315912401068
-0.7127779804796107,0.1288204393446851
-0.6877535930433084,0.1475973578627346
-0.7008876466345577,0.14749401878228985
-0.6911257985859879,0.10941946562141112
-0.7022553612187697,0.1383827220514676
-0.7002950309197469,0.12288181869642045
-0.720405874638194,0.12382533466616913
-0.7107071888138703,0.11360567881313154
-0.6851775876410914,0.13689532310157956
-0.6934548920792265,0.11106630981833993
-0.6902799414654712,0.13138933003899966
-0.691584775579309,0.13071297089033238
-0.703652998505158,0.14781750634957838
-0.6978841292757652,0.1350696188973584
-0.7070533251321076,0.11932615032734094
-0.6917977996981909,0.11646952758230206
-0.7168354179473421,0.11487260995543871
-0.6831822304923322,0.13100430144776404
-0.6796463755678388,0.15407069168705861
-0.695135814697833,0.10245030041013944
-0.7152616047484628,0.11619011819026662
-0.7026523497547622,0.10205417975067833
-0.6743062224361267,0.12929183872883324
-0.7013005967641551,0.13856247303914918
-0.6947015933941697,0.12920474856022773
-0.7107024538612626,0.12541020465823347
-0.6931903921729649,0.13362288193149222
-0.7139536815210086,0.11320445416160223
-0.7053933471695356,0.11631373887077055
-0.7056511429361962,0.14144284424789275
-0.6982141063697255,0.12066996533609929
-0.6869661333984735,0.13345588272417858
-0.7205303616814344,0.1089189319655202
-0.703721069337749,0.12476119487185486
-0.6921963424395539,0.1360386625485864
-0.7017748537604924,0.1411232543333613
-0.6898213776519585,0.14951348992401903
-0.6906647764523833,0.12869177218043662
-0.693769426605955,0.1104718648482224
-0.7174127040645552,0.12187933751596484
-0.7021729874793471,0.1440696986199456
-0.6962922027484924,0.12495225437347017
-0.7122059123057647,0.13526444162744916
-0.6895986289255571,0.142962167624884
-0.6919188337305774,0.11353286388265316
-0.7040236743304155,0.1441907767138924
-0.677979273339949,0.12643023268942583
-0.6899712216578737,0.12889370288387847
-0.7075039584668579,0.10354752461369172
-0.7001795284078428,0.122669422655246
-0.6991629816103148,0.14186034805507794
-0.6863338300325749,0.13891114858385398
-0.7097696883614768,0.13848821367335856
-0.6875363940477826,0.14403107876701252
-0.6915302070801715,0.11480575796971629
-0.696386468163571,0.11573507434039129
-0.6847928958238998,0.1331283626866359
-0.7178388684873147,0.11643650107922492
-0.6909618402972649,0.13146473508854933
-0.7038760044106849,0.13178881040576143
-0.6953510343009514,0.13278884190582146
-0.7135504351534389,0.13481557994814897
-0.6836554885748144,0.1413231033867453
-0.6853780122113668,0.1403140939325696
-0.7101785315853777,0.14281486379651676
-0.6979555879271708,0.14187468604917
-0.6943269587884228,0.12885719578503765
-0.7097019019478835,0.10586214335802512
-0.7182685416694089,0.11707752944812727
-0.689408230745086,0.13330232186153457
-0.6939876798811593,0.11953140069741028
-0.7056297966849482,0.13068714088544262
-0.6891099593997569,0.12775202358091767
-0.7041491209901458,0.12774699820212357
-0.6999639480408034,0.12367536683751168
-0.6743242887793095,0.13440632374325723
-0.6940401803301278,0.1331258987767294
-0.7085971337220355,0.12738898035953877
-0.7146701525788381,0.12486352599157712
-0.6992434723226283,0.12205686178571606
-0.6918625621742417,0.12440631677390361
-0.6777674710012153,0.12426674218183749
-0.7061612830574658,0.11175205909643193
-0.7109657860420521,0.11384574907767159
-0.6851803660248955,0.11285125565870341
-0.6854271253973664,0.12213533813737795
-0.6847489839979941,0.15184825064530763
-0.7131788507431316,0.13513886834875602
-0.6968822732400405,0.13575470523044597
-0.7087513496969504,0.11912732240088474
-0.7053608792756713,0.11001133023728041
-0.6897689121323898,0.14719071355765992
-0.6838883393733405,0.12046694556584606
-0.686405865690515,0.1451309260496416
-0.7136061860265794,0.11822376458232833
-0.7046386923559027,0.12343801014610441
-0.7205661036227731,0.1250796888876224
-0.6911178509196149,0.11501937294753938
-0.6961177878063672,0.12408599399981118
-0.6885702168667258,0.1356375063616031
-0.6951574108177858,0.1414293565534032
-0.7111629599809884,0.13210471992072584
-0.7114297743899758,0.1140387894345116
-0.706664747457712,0.11264843368663054
-0.702236771739974,0.12062218121894155
-0.7071181207632243,0.12183944124688119
-0.693969991269835,0.11602210476504159
-0.6930792431300352,0.15266357551457801
-0.7086214955332027,0.11270956566439469
-0.7041186349678418,0.10885431644050428
-0.6919325244047145,0.12072027365210457
-0.7185981250896266,0.10542775693281735
-0.6983156138443117,0.14579412173759088
-0.6929488925523746,0.12046506413879134
-0.7016310729526747,0.10214051765053118
-0.6959970162396163,0.12426001598267017
-0.681885939750482,0.12509583549991585
-0.6835338345791786,0.1275459081209873
-0.7050435760187099,0.13490470620936812
-0.6931091797244279,0.1194286276947392
-0.7079225709019796,0.13402379065120593
-0.6849763750912181,0.11247081470331569
-0.7021303947660719,0.10016016920711494
-0.708028942112754,0.13157532148625048
-0.7004344940380848,0.13934193452351604
-0.6861601674592304,0.11319181913314248
-0.7107387043451286,0.11734247439185691
-0.6951213348692157,0.11887968753477329
-0.695341625600932,0.13586904376137893
-0.7003046135163745,0.10565753288606228
-0.6942885337840207,0.12038451427872597
-0.6929250772271383,0.13162522641383748
-0.6917349273635399,0.12796943252696022
-0.7009425633251547,0.13448707567828216
-0.6906891558702819,0.12435174126446798
-0.7017009981732393,0.14524577758573198
-0.6921458150012116,0.11705863416163373
-0.6961538139424278,0.11256508933162279
-0.6977857273583252,0.12993707218766506
-0.706569004151288,0.11241389265369088
-0.7097891387254782,0.12544727057933244
-0.7031410171680783,0.13067873001712896
-0.7011866034337438,0.13877812902148165
-0.6856995433818907,0.12788343799868723
-0.7019940795789933,0.13022752223312622
-0.7051338847379158,0.1177903640379683
-0.689434136222423,0.14002882025602545
-0.7162832004163113,0.12121100270721173
-0.7033587355217964,0.12764602706434472
-0.6889065497207302,0.10757274234924981
-0.6856902003027411,0.1151711672223484
-0.7211098895465184,0.10477153113500605
-0.695282332469655,0.12747485093540628
-0.7193000569284108,0.11972200866961553
-0.7089886422413203,0.13534997966385803
-0.6984288888036864,0.13799694153396805
-0.6861564943616939,0.12002758347670485
-0.7047161839072029,0.13244547447260524
-0.7063539112660745,0.11107216237035977
-0.6861513057462637,0.12661464677386627
-0.7082852983595556,0.12730457554878746
-0.7116938267853536,0.12180781028889208
-0.6992978179127517,0.11686354106134296
-0.7024010776040761,0.12176659074181637
-0.7054475905961413,0.1106427867019921
-0.7015732208400686,0.1077892370393387
-0.7049543931214068,0.1306753837700321
-0.6974381324026003,0.10869326411870692
-0.6983877123083163,0.10047907790246688
-0.6988556964348371,0.11484552403528174
-0.6908636663647154,0.13771555559824664
-0.6781749038476274,0.14563398268191718
-0.7034662936704046,0.13435843623020513
-0.6850149906442469,0.14215531335097992
-0.7147386994164365,0.1142130329945341
-0.7014069031521221,0.13553683131648522
-0.700107530921311,0.12953471265455047
-0.6867111547232992,0.1479688326227727
-0.6860872230228221,0.12811172265633897
-0.6833659119083265,0.12800402048052162
-0.7118629584321104,0.10669681986047438
-0.7016819397694078,0.1063725505092066
-0.675926603929811,0.1352047718208431
-0.6893469718510582,0.13206023832815297
-0.6913873117642326,0.12416680597652342
-0.7018665170992228,0.1163827783772025
-0.700447224329817,0.11995645956948982
-0.6987170099239173,0.14128297503453646
-0.6959191657452523,0.13771938757152144
-0.6965335874808105,0.1318074888889637
-0.6928618763523349,0.13234345208754986
-0.6977170673990788,0.14320998439870697
-0.7139788382074624,0.10920041568493855
-0.6869092073305928,0.1299805710644456
-0.7191837916609963,0.11014222530180814
-0.6762162069148786,0.1393016417801365
-0.7097787588696153,0.11623378084456587
-0.7093866942763972,0.13818202332486246
-0.7143140211648135,0.11867760662918433
-0.7156302273712597,0.11697353493128834
-0.6823683049455288,0.14874007938202377
-0.7082642440629855,0.13594822922848687
-0.6838365499479622,0.13087350409512125
-0.704807725642231,0.11767426430289187
-0.6934460102049356,0.12580398637377285
-0.7043534333160838,0.11116001492243821
-0.7068646714974802,0.13058078981782692
-0.6907773443544257,0.1389208637927393
-0.6943226029654996,0.1401054041729822
-0.6934920347910669,0.12179698660380671
-0.7039390740760905,0.12154746509674585
-0.6970698439457664,0.11346394609945153
-0.7044003613345837,0.1226091649830127
-0.6990254312742111,0.12110550692661075
-0.7172743097291148,0.12112943328337959
-0.7075477312147344,0.11337717911748664
-0.6961342774290832,0.1403948310710036
-0.7032330017647739,0.13009945586533475
-0.6968158969695858,0.14469541706559555
-0.6852996257564876,0.1315879266348697
-0.6953385053164749,0.12485027685203755
-0.7071197906483441,0.11322606590100254
-0.6898022971279275,0.11466595474990458
-0.685984441314564,0.12046662843324124
-0.7030701928999707,0.11843599591217029
-0.7017544138401327,0.10192261973860747
-0.7095613600661826,0.11561317484058967
-0.6882170963051001,0.11554640434415696
-0.6972006948018387,0.12809477978984576
-0.7015045047655786,0.10861086266612115
-0.7005187078992223,0.14242515763912741
-0.6919895827965864,0.12514715943749935
-0.7042215655967834,0.1119479243610713
-0.6901577359617542,0.12307217338627824
-0.6971495236784574,0.11706643195138103
-0.6999550760624587,0.13106050944845896
-0.7091277302668522,0.11651167712483006
-0.7037708469653555,0.10798087478839366
-0.7027303444130027,0.1289283802924683
-0.6967984827461643,0.10191420062609605
-0.6795949374065199,0.13582164207592087
-0.7030048715739858,0.11131465492270877
-0.6989800643634558,0.11453074139884986
-0.7093433572734141,0.10956235260263839
-0.7110767129664282,0.12147246275894308
-0.7191416176058923,0.11559339364765606
-0.7082576568814277,0.12553199029755283
-0.697147945295477,0.1310489674634388
-0.6988645628544236,0.11070542693694281
-0.7090642638163283,0.11550128526152084
-0.6814898348768897,0.1468635696065272
-0.6901150970648967,0.14233993552898072
-0.7004803824032827,0.1238229024582362
-0.6795584163032085,0.13119379744580886
-0.7063819868202985,0.12838911135140108
-0.7053461417597978,0.11883291271990616
-0.6994320269886075,0.11757683379158107
-0.7085111000550215,0.11622410892227601
-0.7024770185233931,0.11345295097121222
-0.6949878298317356,0.1455260001674414
-0.6999687868334328,0.12199590956516322
-0.6986910829373694,0.1414294204059331
-0.7005975847688376,0.14423511305760428
-0.7084197685290502,0.10587523167209373
-0.6900010292009493,0.12451979597688904
-0.6942934466568415,0.11410371232648851
-0.7095191214389484,0.12462113743271376
-0.6794370074774763,0.1413461192146996
-0.6965353999841212,0.12292403348271318
-0.6976373806650907,0.14604980860849104
-0.7162923198340301,0.11169927661408505
-0.686049327290178,0.12488927375950973
-0.7087397323900522,0.13242814807541836
-0.6809177578914057,0.12906811317740435
-0.6792989133017968,0.1308447421849901
-0.6964221214843641,0.14002762629847007
-0.6976577648097178,0.12047259569865175
-0.6932203906876228,0.12610822308428388
-0.6930023421750316,0.12811368415323757
-0.7006770260151167,0.1360822241609505
-0.7000450966639631,0.12902348890713947
-0.6846114529984159,0.13060474428264318
-0.6813010077141242,0.1377690146504566
-0.6955582657891608,0.13268694352167285
-0.6895577599733064,0.1339975127433245
-0.715014004945252,0.12624911333642927
-0.7108333951148357,0.13111990312624086
-0.7094007853310719,0.11153760543178279
-0.6926752652676065,0.13891448022052746
-0.6919838866681564,0.1368124656152579
-0.7015209691578618,0.11443309297128233
-0.6993878197197743,0.12575425395924683
-0.712957105929709,0.12108130564101245
-0.6895932944369559,0.13994670223104594
-0.6979101178655845,0.1225087948237703
-0.6972142358769142,0.12702875793413307
-0.6886411210650566,0.14681150650990046
-0.695908038777603,0.14288506991169872
-0.7088449404790306,0.11918005420177366
-0.6842697004272353,0.11752924891692028
-0.6955587780134525,0.11519794525342615
-0.6873699759458987,0.14514275726299564
-0.6932664390514351,0.11938119950289205
-0.6884563168860216,0.1320917009748307
-0.7056033592001284,0.12575757461869988
-0.707495483834714,0.11913171761721673
-0.682514449647479,0.13594110140838367
-0.7156883747692895,0.12006601894294978
-0.694294843172683,0.12325651610427306
-0.6934475117816427,0.12215620489963411
-0.695301635558761,0.12639671830237892
-0.7032219434310901,0.11714197424597471
-0.6947824742446764,0.10879714161629017
-0.6909792025801157,0.13114330228843152
-0.6802736805619396,0.13221888375044857
-0.7111433433106547,0.12096637079482675
-0.6838231835128897,0.1289655615547421
-0.7006011914882546,0.13941785077250757
-0.697406785839151,0.1208699558532226
-0.693462080162326,0.14103149829753914
-0.6846627203029363,0.11862894839261359
-0.6982051123559261,0.14329093685530625
-0.6853138716359463,0.14488290738551335
-0.6915385523281992,0.125251862765935
-0.6775554983038138,0.13462355245510746
-0.7031858459061021,0.1208662793473409
-0.6909381446347982,0.1131271699508301
-0.7055805225763763,0.13112415508431932
-0.6866908998990517,0.12693443009819289
-0.6976781342278889,0.13414328021977492
-0.6903185106980874,0.1439751064906993
-0.6852030705719895,0.13699343773740041
-0.6886161344910618,0.12255787134085344
-0.7049849291768969,0.11326330817924846
-0.7036191692614352,0.12072205350060362
-0.6869623923025838,0.1129301527776433
-0.7053153559423545,0.1138090583071873
-0.6874206052558293,0.1377718993754633
-0.7064439999159651,0.13081968705696304
-0.7089033655536666,0.11266853882866226
-0.6869315155286053,0.13588446197206624
-0.691834730929635,0.14338808865175048
-0.7008951748131123,0.11660602124684122
-0.6908735812892013,0.11472377516362114
-0.6902439860745161,0.12627987533276777
-0.6884617412660924,0.1406840024834301
-0.6843432830458426,0.1389523281043773
-0.6909883479148315,0.11419137459610164
-0.7009165761266347,0.11481157431024018
-0.7040458405878774,0.13007440392118352
-0.6963650852056823,0.12083336945201502
-0.7122297743157603,0.12064934430374724
-0.6947166268194728,0.12012024405199442
-0.6924228004597718,0.13072335657929127
-0.7068960637789539,0.11789553229834268
-0.7005841905557882,0.11950932644341843
-0.7058950858392542,0.1290490491030413
-0.6924032091032205,0.1370779479002577
-0.6822761489211892,0.1310854342029092
-0.6915082500540907,0.1283355665029875
-0.6913260930569498,0.11654784585693659
-0.6993190213485873,0.13481018791312124
-0.6972126110129556,0.13161445501787797
-0.694484265996577,0.12879421603435287
-0.6861362464481313,0.12913104080832058
-0.7063880046574884,0.11275447290029139
-0.6979776321222029,0.12147613893962646
-0.6965978631143039,0.1265893968047166
-0.6980777298424163,0.11466132077406375
-0.6946703995123219,0.1267164598905697
-0.6895254291688468,0.12566551739677928
-0.6945860773620629,0.1288254972941869
-0.6917113152514505,0.12438598175926056
-0.6883535599827583,0.12347284964754411
-0.7016154328544693,0.13146206230988633
-0.6979359533343581,0.11775940395103832
-0.7033157492504404,0.1213522747126638
-0.7009171664787174,0.12955555341494107
-0.7032553581494493,0.1247142660757307
-0.7037551198617531,0.11843131130948072
-0.6982342349481406,0.12726102604740336
-0.7013375563444437,0.12075277625421374
-0.6963229944253028,0.1266964854628024
