-1.8398880109641855,-0.1454888909163898
-1.7016781146274371,-0.14702776291973293
-1.679637728486777,-0.07565188980488954
-1.5526592138337163,0.10110470246826474
-1.6247968752214914,-0.081010368170086
-1.5970246440420055,-0.08035690007945379
-1.5040495670342304,-0.04048561079923393
-1.5017580227696299,-0.04992268446476579
-1.559117382692019,0.08321219215456589
-1.5314623575017952,-0.08522028476154601
-1.54468732973628,0.022758432480313943
-1.5006636597543173,-0.05771303106340596
-1.455067231809808,-0.05886423147565546
-1.3763903138878895,0.2050723854120863
-1.4090012154649472,-0.0681212644154478
-1.3539461978429475,0.19098170617953691
-1.3670249560038195,-0.017932925342253873
-1.3917069187968134,0.0016288610219521683
-1.3453445581938617,0.03546736060763018
-1.3063954999276215,0.13717155520480206
-1.302665588747189,0.16694545828704632
-1.2995079653378658,-0.00005098339573838433
-1.3568945383535536,0.16947395451999805
-1.238318585232038,0.10216411727871573
-1.3236561529375521,0.03934445662612719
-1.2828157633962345,0.016606434632943003
-1.2511950654950423,-0.010488703798902089
-1.213749845724118,0.13387029477286802
-1.2090612271021048,0.14971176562363114
-1.219437558990201,0.002446260713892753
-1.3106755799062622,0.15593510022090487
-1.2867404700613139,0.024361207976216645
-1.2109795480569687,0.1287704275625013
-1.174384538982258,0.20904348622082405
-1.2755942146058534,0.09926000938689138
-1.3063326699875353,-0.006394391488033085
-1.2227606474563963,0.01628137209715109
-1.182279710597328,0.12352661734085714
-1.2179670565697924,-0.10067672095628152
-1.1545145445480554,0.06691320211178764
-1.1507263249429043,0.024128940784004713
-1.2327732474452444,0.13119521594348754
-1.212609126162541,-0.07047856091314175
-1.1637548934155015,-0.04714821944570222
-1.1880127148828497,0.1347308741933783
-1.0884779253823345,0.057599951245037743
-1.1189431165582557,0.12026653531412808
-1.1819303844552391,0.06919674903718101
-1.0996331711138354,0.07878486870784969
-1.1514523730564135,-0.07296651651318872
-1.0888010082819144,0.07827557422509854
-1.0852002101932194,0.10539228944301124
-1.1425639139828412,0.02987211605270169
-1.099945331127091,-0.07663395047974171
-1.0606367206722844,0.16034264777409926
-1.0193540471649052,0.07399713222227358
-1.005610005320097,0.1487586135444956
-1.0832837703734208,0.0035669042014686726
-1.057656172206685,0.028133190622681187
-1.0945101944599591,0.08951033662160315
-0.9779703653408904,0.26439583073509604
-1.0724438161672494,-0.07703913910587808
-0.9338329404484069,0.2773986713147285
-1.0729936050574742,0.043399920294063754
-1.0009559328444675,0.008588705543597237
-1.0611477451391464,0.09123384815206918
-0.9946788141997343,0.10398586951721159
-0.9511933022687477,0.15062192225806675
-1.0407299378376866,0.11369614140327952
-1.0051372128376075,0.035381460336017696
-1.0032054927081047,0.0004430508216322083
-0.9193179812113768,0.2186834690718364
-1.053363564322513,0.02660795987750196
-0.949360468744669,0.06853505055537754
-0.956814722079869,0.16277241267810227
-0.9876019289430404,0.1774472356297155
-0.9449177076551505,0.1290514737969306
-0.9514609768839214,0.2624753724601862
-0.16900460839629758,0.09980828036867588
-0.8955583751067623,0.19724358336924766
-0.02509759553458464,0.14951253091127978
-0.8781531391188167,0.2214481554505759
0.031255290738644505,0.15365046196347126
-0.07705087060609002,0.16119787241989358
-0.11014421959959268,0.13504125177428034
-0.07250624431717732,0.1486000877072535
-0.09747740315559057,0.16379649857890213
-0.19765189645568576,0.11739000243939744
-0.24493705046557626,0.1082422233824355
-0.9551699857776826,0.08594237399984996
-0.20097447627273068,0.12504103958545001
-0.1808012319990417,0.14886467016043906
0.12472709004409877,0.15891704989171795
-0.10997578939501822,0.1852491751268874
-0.07436941075011477,0.17680570822037417
-0.9664615019334739,0.016814374355389204
0.05548444053194967,0.19008483406284385
-0.8714895545782938,0.17636769736112273
0.15866194562187963,0.1594415940709776
0.15110594794936288,0.15118449084434724
-0.967479023620538,0.15503173086869385
-0.24740788388969495,0.10389289476956831
-0.3143221844031667,0.09332971407965948
-0.9308667564413147,0.2198581683818747
-0.21933807253506868,0.1565641796362815
-0.04112453691781838,0.23195871290286432
-0.9129358226334996,0.023122630524756185
-0.10632418289511826,0.2371504084841759
-0.9181369095797864,0.21322809015553065
-0.8737258808779085,0.29692850518477204
-0.07270118874297803,0.24979995524414808
-0.32639599112599027,0.05151541423577947
-1.0006772494419336,-0.0038360603644675743
-0.9266811234432182,0.2415981736943102
0.04421052704879533,0.23319843862381157
-0.9127864598440063,0.14187010277286816
-0.06550678141430225,0.23081936821434162
-0.17436730533493414,0.20438792366734254
-0.16253798248356077,0.22588736136398807
-0.8648009530808106,0.2537976567114441
-0.1050254622373059,0.2441302420365281
-0.898734465033003,0.2389547871011921
-0.2283540004430757,0.18672915541644017
-0.3360380417235358,0.09356708509293435
-0.29142749818648006,0.11653197276414311
-0.34582189590977686,0.0559371020782008
-0.9700032415974317,0.04947953628952836
-0.21355172829052646,0.2234231008112038
-0.24210703556903457,0.17631166610485638
-0.9636487881037804,0.12319636037672468
-0.9830013320549722,0.014676616669250351
0.1428565389021471,0.24221244507228729
-0.18979586681801355,0.22797351051752135
-0.1908627635553027,0.21907948328998547
-0.07346880148772139,0.2581432833345901
-0.23022873693585513,0.1762705678065869
-0.01813748410065731,0.25839772996562754
0.04384182562152713,0.29321247930697525
-0.3299193723301649,0.10276165588914492
-0.9288988867370644,0.10500627934103532
-0.23994514864819202,0.22941727536592074
-0.017895657296468685,0.26903642860646426
-0.33448499439655616,0.09181786321121888
-0.1686852973267994,0.2515302513376046
-0.07799261347110305,0.2680797262907939
-0.2567614846890286,0.19523991933005358
-0.31116680988516665,0.16364082017959583
-0.9152462701517413,0.09126472431777151
-0.42457727284509506,0.030850064614825857
-0.24007089973304324,0.24032045261043852
-0.9151627173997197,-0.005151883774263083
-0.19718396627417473,0.2560153948773719
-0.1437385649049776,0.2576196633051393
-0.2863751200994977,0.2350381368331204
-0.9459814271075695,0.08133197607501311
-0.9020922486838401,0.0140785750011886
0.058518146454654446,0.2910719954795514
-0.8909044352682268,0.1094121777702121
-0.4068010215184571,0.06730265410523287
-0.07421784631077696,0.2835257015714542
-0.3126569591989494,0.16749397988579773
-0.41221326217166954,0.07627467424654671
0.019466392899987688,0.28898541082986184
0.06249077969966415,0.29748335439308116
-0.12645655877023407,0.30564834252531087
-0.40974315829270197,0.05618041631873061
-0.932232466651322,-0.05844045427660505
-0.06172976659153825,0.3001687955447536
-0.40910459213869615,0.08812465628176257
-0.19410405822575766,0.2837429494055026
-0.2888542448322229,0.23968880518505611
-0.01418551824099657,0.3301803987410453
-0.3218638644779603,0.21838236529933724
-0.4254707957563436,0.05028816612381558
0.052035835088137125,0.3213235695941634
0.07700410323417112,0.31264056560844594
-0.08506154203806555,0.33449636421273643
-0.11261349060275057,0.33323800640505247
-0.22127187741449494,0.26133571162609776
-0.314005189488989,0.23852567488649934
-0.3404389341009087,0.19975785829070444
-0.913937712892395,0.15416746618239852
-0.45698550557360657,0.01346653405799317
-0.44311309628919976,0.09775728093555307
-0.8897796666237809,0.019427777919490494
-0.3261497697180079,0.22211399520065364
-0.8965320157937429,0.024470992970777018
0.09994096552016432,0.32346024275507423
-0.20837247704890258,0.30209250653723524
-0.37055254709930213,0.17999468851601141
-0.811062186244389,0.17669271799707514
0.06527178093377609,0.3417931648370457
-0.33562711829230846,0.25033997059614854
-0.8203027722720617,0.19071008744703163
-0.07131690642760558,0.33278867863008854
-0.4598967191083571,0.07757896065027158
-0.8144091806067303,0.13072219956765846
-0.489403514918981,0.0806729607209378
-0.46201025592824646,0.06669299610841331
-0.4395963789514347,0.06843798830363998
-0.39801425239505,0.12114199437171429
-0.12568247350924583,0.3294081731575208
-0.10478619515742178,0.36959042303567996
-0.8507060572750103,-0.03874610416762231
-0.07805436836515706,0.36633780419035256
0.13778831857370208,0.358861631852225
0.5610873333939302,0.4704869686255235
-0.8244793587959041,0.24578950823002324
-0.3298038755046608,0.2473593530549453
-0.17115158384818244,0.3403268265210569
-0.23573693231584478,0.2940564667772816
-0.18210110097067006,0.32075120334129725
-0.7914445636485736,0.24400600447270643
-0.8373393950753705,0.08307694525932938
-0.18014762708851462,0.3364853659005533
-0.007127897227972435,0.3853676982019249
-0.41227787182662445,0.13031323477131046
-0.40847920004604826,0.15138432111789493
-0.17876809678662325,0.3535721500833048
0.11572719457850855,0.356906546618341
-0.19088081545685756,0.3391934599446873
-0.8550194306866216,0.1025625790500227
0.21335171387474036,0.35725110976318725
-0.8671439768192015,0.061518384111224546
-0.5239889414536175,-0.014393806750294268
-0.16508352030282475,0.35951549482538614
-0.8825574244012734,0.05188090373113311
-0.18887528793309075,0.37020520383158145
-0.9027190715002286,0.0264516545144169
-0.3316435579586933,0.25572986654171526
-0.8200038698055648,0.07557955102584121
-0.31651698589688704,0.3076889515300985
-0.3315017497775419,0.2728158699949544
-0.8343937379878806,0.15942205292817296
-0.1903686814688492,0.32790561885946
-0.3696698565987938,0.22777267119094183
-0.15296697544121743,0.39702742330443375
-0.3580525591531611,0.29256612232489965
-0.8862407910616057,0.09474211077288221
-0.016349490645589743,0.3772637032896109
-0.8962920319441121,0.11817946235293823
-0.21001762274166927,0.34829498518936675
-0.48752520436565566,0.0908038461798489
-0.16326283337243383,0.3933239374772492
-0.1636796259920847,0.39400830965738715
-0.4768303093985198,0.15439871665319252
-0.4432497551841754,0.13303781485103733
-0.4691663848904418,0.09730657498749819
-0.5209705403817995,0.05277036334919223
-0.3883494105123093,0.21920594312983768
-0.7939135988910215,0.18846840327578163
0.26666434575270154,0.3294094240741106
-0.4974750871213032,0.1536960075546557
-0.4404716711638221,0.16889389202789704
-0.35103302444895745,0.2609966350599078
-0.8913806167076915,0.046192238496195415
-0.2857569079239005,0.3602159103719015
-0.5033194797529412,0.09802653513944534
-0.8709647808728783,0.09396088164203924
0.22841036950722585,0.3704204396088608
0.15826426322957113,0.4096850345515414
0.3132645874528952,0.3416608818872043
-0.7640660631519763,0.24560365671846485
0.17438220330266982,0.38892983091878236
-0.5293695337753817,0.11717525860832355
-0.8361644567063998,0.14388280742647191
-0.7661251850153814,0.21147698814962487
-0.852582851202366,0.10914915711298398
-0.46710612199522694,0.14322315594369486
-0.2269533758330564,0.40001338534463876
-0.5199563543791884,0.0577240898391415
-0.49998402985372714,0.08830394962037277
-0.8425120163181866,0.023499291370246374
-0.82026341301601,0.04873348455176689
-0.3530704605277014,0.2962983473604356
-0.2703625482712412,0.325960538098889
-0.3295917280186911,0.2864526988993911
-0.7979721277995402,0.16660704855279992
-0.4815599047177329,0.13100961241417394
-0.3147499155209783,0.3203139401061763
-0.7822852155380469,0.14870033513846853
-0.7295566062245412,0.3331622134301554
-0.37564290553090096,0.2818816780171697
-0.7817328601827654,0.20088852171426308
-0.5556582195924966,-0.014122232796387463
-0.840958259352911,0.06784630704962524
-0.4980692387648743,0.15536028612163064
-0.3335122880779202,0.3637452654506068
0.22395723752601865,0.38983970881360236
-0.35520173279686174,0.23930120266331797
-0.24951856958551827,0.3701358497785733
-0.21204348684393945,0.37083735415229885
-0.8638693327321679,0.03849119874803702
-0.8324616800659304,-0.004524525644495239
-0.8371442296207573,0.04417484129551448
-0.8840932752441085,0.09306303091864968
-0.4914605510717198,0.16621622690593232
-0.4943437678037137,0.09845583395494899
-0.3688834893652782,0.27697811415775214
-0.4345599406797784,0.19734506164516802
0.13372167557500936,0.40726156317041756
-0.8356998467583568,0.1179993955417316
0.188445262263158,0.38428111949274724
-0.7879825379233931,0.318105974360011
-0.4133841846315009,0.2427718717291153
0.47054589744083103,0.46509980024071973
-0.3409460163942548,0.34660745038836305
-0.3555370358111552,0.3170815546919189
-0.4097657340524844,0.19983216379000635
-0.271161462056448,0.4118319321891585
-0.2671552409327626,0.355960190493314
-0.2779220152098563,0.3824218250587855
-0.8915544505019865,-0.022402795967427204
-0.8029750991851041,0.12908528694884439
-0.7310522850443294,0.25953631350661366
-0.7983618495453182,0.18504617352627142
-0.45200847812082773,0.18357501129142872
-0.7154606187866578,0.2634627415073207
0.23664060568439416,0.3999504072595706
-0.5638811471057106,0.026957709879351872
-0.805119217694031,-0.008536766880836264
-0.4435611647724158,0.28387520693587215
-0.3316589660514237,0.3274483260605893
-0.7068763148195377,0.2977896798662923
-0.5091136623875825,0.16719372202081562
-0.5033982334180768,0.1719526396390733
-0.4690161811524252,0.22509276927636454
-0.41822727790903425,0.24491699969110045
-0.45513488698761123,0.2539595665098609
-0.3518983156324404,0.3202146419390269
0.37198002834441773,0.3471485381622574
-0.8507944835074908,-0.028660939992726505
-0.29796948579463056,0.41146716017260776
-0.7759037918161746,0.18328886857992874
0.2958624896195625,0.4042264365853783
-0.794451952023894,0.08781519416315958
-0.49840521821877926,0.18651991105182028
-0.4592701749740473,0.2902200593904135
-0.777965628360853,0.1261729350152106
-0.5206269227557593,0.10769405649281343
-0.4471633572804206,0.21058130534670028
-0.5170894098123483,0.1273743035953141
-0.42763723256574326,0.3049094416076879
-0.5377716162280648,0.21141523189296074
0.2698597353952196,0.4397860143004751
0.434280711455046,0.33903321780529894
-0.3472474662282439,0.3546432863520012
-0.809361458975938,-0.0708118262370803
-0.4822505300807975,0.22606038874268106
-0.8187740233378947,0.04256067299714721
-0.5797626337162519,0.0739954601935783
-0.5229928463484765,0.18267495691285138
-0.5615163554920632,0.12993132563907306
0.4573929664535227,0.3774560406960676
-0.8008264391097102,-0.04049612158621566
-0.5570285593846039,0.11030745966378368
-0.3842000861686026,0.3781414059320629
-0.34199266737398004,0.360804615829068
-0.5201511386313011,0.15897936531451184
-0.5409959844006133,0.07206425027948209
-0.7312412379079274,0.19683246687856187
0.42518423646785963,0.3593514856597226
-0.6887941521673744,0.22861730051524026
-0.7408338674043176,0.23199135603283275
-0.5086751462524887,0.15403339214878675
-0.5243191130035735,0.11320960708043717
-0.7411256373733491,0.22787166602308012
-0.37444753969690836,0.3975351310746453
-0.5673273250998044,0.1055306367752207
-0.4152431175685882,0.30077527769066603
-0.42880946326097374,0.35871819423833856
-0.7703310561331368,0.12482281244348144
-0.3069946956683089,0.42510427560659986
-0.4862314205316305,0.2384487232182539
-0.6003261492735843,0.09117221613897976
-0.5097511873101844,0.19209351509319217
-0.5142170697198686,0.1546665524484208
-0.29403109759287266,0.39495755171967334
-0.7445089696488103,0.2155051880589694
-0.41621945780329866,0.30947079778367936
-0.7284712825647183,0.2964680918189098
-0.4567022417735759,0.307185441411642
-0.7994033368433296,0.18987115921611405
-0.5744873727596126,0.040335387199489765
-0.8553346582135235,-0.046293094015849835
-0.7201107499843971,0.23795860831306673
-0.4907826640280691,0.20040232314860262
-0.5479965887712209,0.0732586588485311
-0.4901071472113742,0.28185229627157443
-0.8443043777553927,-0.03172859305135156
-0.4999004162719662,0.1564026212936533
-0.5580339116745546,0.17577052201557097
-0.7688049050753656,0.252297375973845
-0.42583997758013276,0.33836685232444147
-0.599019472002245,0.1112194997158397
-0.4977275682394709,0.1744338725932667
-0.5846199189582953,0.04449582755101494
-0.8357606435717142,0.029508095954529356
-0.6272367735107108,-0.011204649233466054
-0.8002418523656141,0.0008634223847009732
-0.593406572187901,0.1211675121311222
-0.4983056357670104,0.254444708656767
-0.569232129514608,0.10570625356607004
-0.4561726877297113,0.33035592980289796
-0.5169426663039797,0.23028828018441713
-0.7629355588076165,0.23136265300293518
-0.688196976837846,0.24617363282260538
-0.7125935772834275,0.2769587478954677
-0.5171101165925104,0.2135393046949019
-0.5702532146400211,0.1831597472903808
-0.8297228942391078,0.06918343242138761
-0.6189840868438892,0.007641595283430512
-0.7775167662226231,0.1128235986169291
-0.7423855186904157,0.13384524866440106
-0.6249161598227317,0.07281692137868503
-0.5684734276872025,0.08056824628505853
-0.6740181267915342,0.25807758192258995
-0.635374638489422,-0.004385230140626633
-0.5626358330855055,0.24059002841356586
-0.7601773018009359,0.06682586992392821
-0.47451463122361087,0.25783071842134514
-0.709381561556694,0.26360432405058376
-0.6893015015986356,0.22477373013969748
-0.4759744102526236,0.3273225451111291
-0.5610342862066864,0.09635763277184493
-0.5731928229363799,0.15751924056588104
-0.7903568085953269,0.14089875948327021
-0.7619264976780185,0.19701556207225465
-0.737003055440379,0.21591076947424032
-0.5037132969100607,0.20730652793012083
-0.6896355063166707,0.17889443546341566
-0.5014639981363916,0.26262232749617814
-0.504431172495687,0.19739434284026228
-0.5605340808554174,0.1272741257362958
-0.5057167959372698,0.24553535831559128
-0.6976348150001385,0.28400104429381373
-0.5262920462229616,0.23542393382562496
-0.4292138515053927,0.31328629110546874
-0.7399967783696845,0.20565218249086964
-0.5686212456184723,0.17302797314143895
-0.7766308460286044,0.020382204510746158
-0.5505891105392926,0.23864029992560404
-0.8079021892788417,0.048390081005144095
-0.4760504637659475,0.34335855641332785
-0.7333001635541769,0.1818516996497587
-0.524254323243247,0.23704144730322302
-0.4862859427630474,0.31672452660861594
-0.8209893638190273,0.0676575502113583
-0.7502988580472839,0.13707353581331222
-0.6016917728591008,0.14753813123693144
-0.5421308623423685,0.20448620045036278
-0.5653359507720134,0.20471638016967075
-0.61243632795999,0.10568230761508081
-0.6232913693120345,0.03540847667781086
-0.5370708112563729,0.16510257184558913
-0.7426531656838307,0.23049881442901904
-0.6897373827961814,0.2392096752184257
-0.4898296831030131,0.31430075002598534
-0.784739862565264,0.09630618473651895
-0.5889081661764519,0.03462728662924426
-0.6633627271611215,0.26059385152849723
-0.836580711448545,0.07623921112863767
-0.6527399789618246,0.010309398854037508
-0.44810300573164313,0.33759256243373137
-0.7002325471039735,0.31602080300966534
-0.5753907011663084,0.10539248872678553
-0.6101036354758137,0.120690519228382
-0.8045353325297093,0.007422759691711931
-0.7838321867680376,0.179459316468712
-0.8376033107870485,-0.05431821949809388
-0.604202045912924,0.14062368045048862
-0.6541305024196697,0.0982475744741762
-0.7892817031054843,0.15754720621226662
-0.5578596050842944,0.25784597864733416
-0.5257293768289582,0.19237127546727562
-0.6122298238954786,0.20997677135967904
-0.5661700959286109,0.22847265837654282
-0.7706133806760657,0.12720055429322516
-0.5387681829002599,0.18373366284726017
-0.49286548359166826,0.26928029162540473
-0.44060339730180426,0.30906110619464705
-0.6743658791989671,0.28778790122599274
-0.7659919099046647,0.14637394661050765
-0.5625970431685599,0.2390488442336556
-0.5556243200451944,0.15412297822718446
-0.4975324288366722,0.2959142266864034
-0.7084730387017014,0.18866157913329504
-0.7864984744244328,0.11568139885561375
-0.5037777924235882,0.30733227614443187
-0.6328852002862746,-0.026816818789900387
-0.4865162154548626,0.27547240857845545
-0.8175861103025712,0.05608278947087865
-0.7974838334360101,0.06801904818127175
-0.6685947068177287,0.24030849502435045
-0.6082276447219613,0.11139262415326087
-0.6368252311981487,0.09363176371415222
-0.6559139402277804,0.02685013364941485
-0.7520003477615196,-0.007604752927055911
-0.6218945220689268,0.13328330829451976
-0.719583827262107,0.25280262105289375
-0.7993051593634177,0.07086556136397011
-0.6322000641675639,0.3206717400864271
-0.5457394967388385,0.20904346067822552
-0.6675455881773535,0.06679059653542242
-0.6372978023939179,-0.0013522475120142405
-0.6596513029217117,0.045670355440327985
-0.5474623774336443,0.22300999187023346
-0.5828540819640544,0.16680975875438606
-0.784905995102653,0.14535717336225917
-0.6821448619960707,0.22334713136689657
-0.49391940503380843,0.2518461246262167
-0.5892019839115049,0.09389920438886998
-0.5887594643255845,0.15491441743505616
-0.4620033492961724,0.31218669213973177
-0.5916207427353818,0.2113893752282434
-0.5288831374285236,0.30926260883348117
-0.6412736345374029,0.09575121647443857
-0.6313161275342681,-0.0397266633008231
-0.5655500035867844,0.18343361387200288
-0.5135058889113322,0.31730242935299885
-0.6040063657376854,0.10189499535123166
-0.7217571605702401,0.2423076944487464
-0.7472439213011159,0.09036835791138825
-0.8062878519834418,0.06574076521459671
-0.6219349710488711,0.10303122748663494
-0.7595034430227314,0.11421612035661174
-0.6691367031409511,0.23885972079640744
-0.603403318962653,0.19501308659512018
-0.7159447639802506,0.25359590784897945
-0.49308500503490654,0.29637038711824626
-0.7465411212173483,0.010621355429533862
-0.5944764034034482,0.18917590152313768
-0.7475001664023949,0.16402101137432773
-0.5085205715817567,0.3360778427545626
-0.6625346832394768,0.06494939633464274
-0.7324029265263221,0.1647965543572075
-0.692773970681034,0.1881292960362686
-0.7238248277106423,0.023520401064718036
-0.5594240291339124,0.18688765800767507
-0.49684434800559535,0.28293596101666
-0.6012795322605333,0.10560115518649629
-0.5157702445546218,0.26963847907705824
-0.6083886153201645,0.07644066298609482
-0.6780975217863567,0.2170370887165299
-0.5783594740566553,0.1552333417107564
-0.7596740009540843,0.19576902380777345
-0.6160776401977105,0.05232189622873272
-0.5989926181867969,0.14369679669847166
-0.704423503823253,0.15220751489542478
-0.705140873220046,0.19986248177712831
-0.5310095762930166,0.29931755995120496
-0.7388267423043869,0.19503603315510662
-0.6078268968982719,0.16146154980394412
-0.8127602901120337,0.009547277724974266
-0.6130330319020006,0.08445110289252866
-0.6125395750675963,0.10363610697533475
-0.7571723158957225,0.23739353011987943
-0.5485936985464356,0.2337203532926489
-0.7153096573916996,0.1456981837233757
-0.7532493475807741,0.022536296500338802
-0.685929388716337,-0.0174284222093995
-0.6069488173002637,0.08856432703528228
-0.618358157605152,0.172887594656958
-0.669643100545479,0.005103790832382556
-0.648471195095866,-0.01669645478580043
-0.7187834104901606,0.20532857633763862
-0.7402014327211867,0.059221314303402536
-0.6380714048895151,0.1477986063706527
-0.7274054055502955,0.13735621741891194
-0.6244728046742849,0.10477464763175752
-0.5134804601837265,0.2700532444779222
-0.6665348074527082,0.055336014948779357
-0.6849406398084995,0.004847688001703543
-0.4853259930969236,0.28500418749252393
-0.5555573513397157,0.24438793352097887
-0.7483878930781966,0.13601781525220719
-0.7247048368889921,0.10716450819372378
-0.6857084748270791,0.08606821360497063
-0.5404063326396347,0.2960020506834244
-0.6412692865339731,0.20398260438946575
-0.5962905101732291,0.15190123212281811
-0.5880687658321213,0.14158861953774324
-0.7983789382767297,0.0017262966723912679
-0.7410712783990359,-0.05444433725919056
-0.7412942762472857,0.1540825312881362
-0.6464276998248247,0.044455158843505975
-0.7075369137132703,0.09883168238360597
-0.65792079048094,0.364350342998707
-0.7237061704782777,0.22565843752528514
-0.632098373252846,0.12508807233450778
-0.6465359554589294,0.16178166474524514
-0.6933975178787734,0.2485819606841429
-0.7466123634688707,0.12188067347107771
-0.7784895238617321,-0.018444463443850607
-0.5859855722202332,0.19370757991069829
-0.49502505324521207,0.3324912562041865
-0.5933871485052505,0.11950796954809412
-0.65058799249102,-0.01602253478871068
-0.7803546391554386,0.00995652075303529
-0.6483274949265058,0.23065623809754107
-0.5739416233627938,0.3011781959457679
-0.5878540541651417,0.19161428081167803
-0.6199356297995104,0.15397010734303823
-0.6876532374388951,0.1567191569901244
-0.5533100736874723,0.2935374890465842
-0.681546119943758,0.188698005713044
-0.6089949109783361,0.14320480746403122
-0.6663904307522599,0.11533460878835175
-0.6021748731761355,0.2498731757951793
-0.6625285494623684,0.26065541456668856
-0.6256046784244751,0.2868242473225871
-0.6429906864747994,0.2712042787957781
-0.700343258060974,0.2229738419878733
-0.6980385920636676,0.08569547188498029
-0.69982677965497,0.15049573938381647
-0.7281517354572986,0.009959499743339147
-0.7478935871727321,0.09857861324714656
-0.7532030962903415,0.0973779491214133
-0.6435704527174793,0.12024499729691443
-0.5863923606814156,0.2443814925863038
-0.6424261215629178,0.33209901048566876
-0.6116703705075018,0.16663199433537879
-0.8051198644780365,0.03672456973163498
-0.7857553426259293,-0.03740685320289381
-0.6745041718215274,0.13694144283305354
-0.625074429557924,0.172831351185034
-0.7193870371741062,0.13294071884385833
-0.648003522650936,0.12315731018768315
-0.535581256402413,0.3347082238503397
-0.6013144852149802,0.2386401268611331
-0.6161430352855671,0.20525861544558918
-0.6144259251344305,0.24139064719091755
-0.5556773690878768,0.29250749172450574
-0.6632580481417762,0.3163549565808921
-0.7100191086557948,0.09174116632951025
-0.6773226122573934,0.18241496395052467
-0.64879496249725,0.06607252493752018
-0.6394851364357047,0.1289600113938715
-0.6753944388641939,-0.045462362182158024
-0.6977253491576254,0.03550930691247784
-0.6755800761902381,0.10650919414332169
-0.6924404763245204,0.17226261083472588
-0.661704221611317,0.30382130467137985
-0.6364735145484419,0.09472771949582057
-0.7987554501604957,0.06471830819257061
-0.6734826583599683,0.17594644492530437
-0.7837939063568803,0.005108955247921038
-0.7559455330339325,0.16645434595419759
-0.6929281608252287,0.22996044385308714
-0.5542414634439966,0.30907850781434487
-0.6860544760079811,0.013110820161535924
-0.6218566919898126,0.20262606470945208
-0.7135846149480263,0.1469292929700478
-0.6173896803853095,0.26859125834647357
-0.6316573056927873,0.29544331454413936
-0.5849331822035874,0.13849352410628585
-0.613476961652486,0.2973756951630199
-0.64750862145131,0.22037353827603093
-0.69073486533288,0.11155817762522716
-0.750114344243157,0.02803205532771117
-0.669746642086399,0.13755690810952184
-0.6760007275335268,0.05888498586359962
-0.6428747349959649,0.16070107795842936
-0.7151717954903267,0.08753710036819505
-0.6231244117133992,0.2297303059877127
-0.5464508153750529,0.3455583011218803
-0.5519943361519721,0.32008780926224006
-0.7236417148618204,-0.00999997355080576
-0.6731082541475445,0.11552801888201222
-0.6894272107205082,0.19233539473993125
-0.6901184282818764,0.0805888439658229
-0.6578155936946825,0.21208874058063776
-0.6088948791976224,0.27851081255557664
-0.7083402544885246,0.036500913003507364
-0.6057473125376616,0.274428864380391
-0.6152945979203681,0.16860102923074613
-0.7804773003749139,-0.03449391152847025
-0.7436808783221195,0.03143055206415695
-0.5960724382203262,0.17711469178182737
-0.6949547515547398,0.1230507741103661
-0.7071280052004418,0.09413945993876191
-0.7418833073909492,0.11058662991411197
-0.6416679811231304,0.250238460410099
-0.6764028413216521,0.2317168013806085
-0.7207009607315483,0.24767817069738174
-0.7114304893437912,0.13368908443350147
-0.7629996362642909,0.12924163297425076
-0.5860479739139867,0.18585110723945275
-0.6365596455776725,0.18460470540916485
-0.6108581312209607,0.2716157046062247
-0.6632404123050462,-0.0014099825518140551
-0.7745660195541118,-0.07073637913017852
-0.689252913230409,0.2522809967435933
-0.6677391951553565,0.016438115639171552
-0.6448001637513653,0.198502376559061
-0.6542292001274732,0.18121405870968
-0.6727957060080723,0.11157527104148342
-0.646213915345078,0.2173992825881753
-0.6460293197081515,0.2155019047035223
-0.7441101862115391,0.05560463253859454
-0.7285019212997604,0.053152009893325636
-0.6734451694717122,0.25715261824826163
-0.661622109372753,0.16597822773012266
-0.7464788577676423,0.17219990635801935
-0.7212307402329633,0.010546302995667965
-0.6603277425506237,0.2050175096066047
-0.7081312600341454,0.08283288565399931
-0.6394181048077641,0.23933483345565956
-0.7534125969935587,0.032986490414226445
-0.7307922411646735,0.04057072929596986
-0.6658032250215464,0.13964029957559027
-0.5154512202876628,0.34352216774265215
-0.5821814030125839,0.18042474641865847
-0.7372056333733414,0.01664167273381688
-0.6722995773486854,0.011880140320724309
-0.6222951241671393,0.34004851227959754
-0.6740824646549214,0.1360378785000519
-0.6826046353459722,0.22206859753914351
-0.7516346938823226,0.12354686090328672
-0.5235625469841542,0.34067736044286223
-0.7239613188245384,0.01111646076908377
-0.6453609750371445,0.17409307533694698
-0.5907314990821038,0.2677169045845466
-0.7241155371160877,0.19383315229521747
-0.5951513105554059,0.1763897018530975
-0.6319213591786671,0.24038383543356387
-0.6594729072586204,0.14885036280061603
-0.753688771331342,0.06275909582866179
-0.7210002967807196,0.11761205296151513
-0.6751255134534734,0.20445298922456676
-0.6009380288179766,0.27523428558486884
-0.7318352401561437,0.04012155984577288
-0.5403195025315966,0.2831572740509614
-0.5517273441757551,0.2681445596044874
-0.6306849609432332,0.2291689851535194
-0.7272590178336935,0.042784507030838276
-0.6579774042570385,0.07999303523398274
-0.5748372498507134,0.34586804571937696
-0.6428747190369567,0.23128997013621566
-0.6599733999485553,0.15664150402524035
-0.6470503326263928,0.08134125814538977
-0.5682095858420586,0.3863640218146294
-0.7201583505076717,0.0060520765670158275
-0.7294677309669192,0.2067731842852031
-0.6881379713208704,0.1066021461469388
-0.6896645514550199,0.11035235155705157
-0.7701955280190749,0.07273140076618323
-0.7402954062103064,0.11312337665213013
-0.6322617435970695,0.13044565861807905
-0.6871720605021635,0.15334196899356467
-0.6606138250586614,0.010239405006752666
-0.6312923697970828,0.1810407336748441
-0.7671474743053693,-0.0046170016468491185
-0.6845982034276886,0.11111487274048833
-0.7116487153599983,0.04938608450257836
-0.6786478780733712,0.12058630980437537
-0.7478933297050966,0.059544604449121026
-0.6451690101867378,0.20572578378656153
-0.7195326855659195,-0.0009169029630300164
-0.5952194921463306,0.21780615057682198
-0.7183192983094014,0.026173270476079886
-0.5007184816643377,0.38129803695768894
-0.7090514353229233,-0.020334542318592174
-0.7786165142905277,0.01902464239247206
-0.6172462357420277,0.24173346526054967
-0.6905821354732158,0.0479312426546206
-0.7551564786343602,0.06310377619727359
-0.5584166185502836,0.28520429302969474
-0.7132933089945285,0.04579147282660466
-0.6791749233113701,0.10619864942593167
-0.7211022472576677,0.07790244101181157
-0.6718063371515054,0.05268632692195806
-0.7200377191960688,-0.03616980811630553
-0.6451086789449336,0.17829550143976194
-0.73085293472297,0.05502440218520516
-0.678574013170224,0.08654702876793817
-0.6314861816222038,0.16284173023669019
-0.5298110573903573,0.2981542900582413
-0.6870421183377646,0.1777248114030029
-0.6634277253004319,0.05769412457279387
-0.6692399842728254,0.17167345291991237
-0.556832678450453,0.2891244346516449
-0.5614407590411712,0.3325825207544071
-0.6945327404127675,0.2218020506097301
-0.6283807379144695,0.211420191678198
-0.6433926761567939,0.22127576862582435
-0.7852781504091606,0.09150639664607797
-0.6230572902806004,0.2778138923419154
-0.7326955096735411,0.1708010751345093
-0.6654276361063393,0.1898566974874736
-0.6444081695450873,0.2265574144279438
-0.6417342682513516,0.2684434244317775
-0.6570591532709331,0.14925465179857625
-0.590394542340486,0.35356029896720415
-0.5359411606487797,0.33098127738933814
-0.693191392228142,0.10914434010921474
-0.6488933018798071,0.1489824671688497
-0.6779939201935257,0.2594403792731945
-0.7529611683709108,-0.0252924475661002
-0.7076848123291659,0.06806413745563607
-0.5759348585600113,0.31006370093240404
-0.6877021221881683,0.10458592307136559
-0.622315510109068,0.2389064575320636
-0.6868023943927025,0.18037480958718197
-0.6609019555602453,0.10481475647704198
-0.5631349237317655,0.2700591234380415
-0.6909500320041032,0.22321993864583825
-0.7349382799536971,0.09283857113672597
-0.6991446683202197,0.08179250509967363
-0.7293057632352393,0.044326699555552115
-0.7203861970016888,0.12572527543633688
-0.5290207176430773,0.34355397792301795
-0.6283894046234305,0.2243347784435687
-0.7525221292621852,0.15930388065241236
-0.6998645408605434,0.17460315824879957
-0.6357435424198045,0.10874887082330534
-0.6706814393236228,0.19738670178450804
-0.5964560353135849,0.27431546842668814
-0.7227211536147411,0.02136539902457727
-0.5314096539667872,0.3885335450747316
-0.7283971497170175,-0.03434948953659194
-0.5662387137775029,0.31552769958981136
-0.6471866137050704,0.3140180073989906
-0.7334064233504064,-0.03443020972647617
-0.5294548897086044,0.35951249773235794
-0.7041359988642694,0.06475836376527096
-0.6584248856398435,0.1656140017150375
-0.7469345755840973,0.16376840295581155
-0.7280327191693576,0.02551356266298898
-0.677139275228052,0.16859091925451575
-0.6631905331056603,0.005018417667213437
-0.6481091776281488,0.34253786082391746
-0.577144946990442,0.22928484395580595
-0.6837178951853126,0.10519978062858003
-0.641965414357808,0.2034272450553996
-0.7183732597906188,0.1886751709693221
-0.6284718609101673,0.2191556231726964
-0.5894984216731509,0.21320690726584338
-0.6746386200318193,0.04313639819929358
-0.6708199302298803,0.09843082041905389
-0.6903972106275494,0.15421826203668754
-0.5804814503704191,0.29647228010749294
-0.6422266495463993,0.2148161809514319
-0.6025556063577202,0.2502742800123962
-0.580329038405374,0.2529357037796191
-0.6103172162609329,0.24601589155979564
-0.6125455812758651,0.26585543142277496
-0.7225803373176365,0.021896558776405006
-0.6911256755757874,0.06548664970324956
-0.6657061450142205,0.21292500327169367
-0.784763738158478,0.015157775852854634
-0.6505394158549263,0.18757117991325045
-0.6825628472088312,0.15710029736701042
-0.6338526506682785,0.272936086674101
-0.6102552967930556,0.2532963503249231
-0.5574169913727691,0.31879114013464127
-0.6369179718368487,0.12857782243787907
-0.6073264065364158,0.35077386968732865
-0.6696492375289443,0.183531375036599
-0.6479175056713343,0.18589542837492268
-0.5747541375317141,0.2727381238791716
-0.6456021468170298,0.11192790097850489
-0.7398960975682137,-0.004185923779090137
-0.6411794876040382,0.22784277190171529
-0.618997176476115,0.2743650941212166
-0.7009662474363333,-0.016647815210789268
-0.6932799422353284,0.15848816787497141
-0.691087946426442,0.09900729721386312
-0.6704654112218246,0.17505389680429126
-0.6373894616810256,0.15054422884945717
-0.6803763932112551,0.06043054930718485
-0.6224995035823844,0.18944492365784682
-0.7380293643398383,0.08165782994354887
-0.6807956292830687,0.06245081743164415
-0.6797713246593808,0.18848197003069378
-0.6026576634259262,0.28266307588641054
-0.5291334401930868,0.36758706044648654
-0.7206409258212572,0.029339606435899394
-0.6877626477412625,0.15351731142363187
-0.653921715665474,0.22102201397319687
-0.7141022005154891,0.10349536453234871
-0.7740129463210912,0.03607791260452714
-0.5997824026827828,0.18550660491866622
-0.5807598300076733,0.350087938320147
-0.6394822838455205,0.19458855492890093
-0.5822896693609397,0.29117508293649647
-0.7154439077334749,-0.02242000297496308
-0.7516548597283832,0.08951981317770472
-0.5638904320790776,0.27894857242245497
-0.5721196429256971,0.3235419727297561
-0.5943414618211219,0.27898860710292955
-0.5729019092765026,0.31611557277033875
-0.6223070056955284,0.33302951207279285
-0.7197297809657258,0.044444411990923235
-0.602777082315628,0.3703279194980876
-0.5980260971245529,0.2494292825836025
-0.720732306267598,0.09474029008611756
-0.7461865338801066,-0.00671343677303163
-0.6911325836718265,0.1968888088963989
-0.6054817829463469,0.2409313984622262
-0.6300595763308744,0.17101750457920636
-0.7023527528102491,0.2150938972358829
-0.6177642092064083,0.26375780193819254
-0.6911338747530903,0.13649190459206129
-0.7746027188125235,0.06051188516413433
-0.5907902953814286,0.31047783583266886
-0.7271178703194352,0.09055861154113881
-0.6994119540940716,0.10873434087078075
-0.6896378796678903,-0.0639934563012239
-0.5979334704268324,0.19395575446446026
-0.6757190181462143,-0.007638252841875468
-0.567219166782006,0.36458402812358387
-0.6950114805570069,0.22639747809362437
-0.6143959649905912,0.23933842518399345
-0.67603717053636,0.11354076018472636
-0.7159830112511988,0.0367240658339064
-0.5597605925092779,0.32751862589321723
-0.669511507429914,0.005075348812946745
-0.6651712677407687,0.03936386711422718
-0.6717591161184853,0.2041270220732139
-0.7115883397423329,0.13719053024770617
-0.6059081165684892,0.21146839952571522
-0.693306180706088,0.08242977454391423
-0.5910079472750462,0.37193576270419687
-0.7016453116754625,0.025468309641575634
-0.6958297241826499,-0.013482518858552048
-0.6030860046066322,0.3597863709653909
-0.6330144985551776,0.3007367726974816
-0.6739595231617294,0.10721302380543991
-0.6242170751436611,0.24040417981891338
-0.6321355376798445,0.25664758462988163
-0.7219123374226412,0.04783960399327279
-0.5725299529364178,0.3724958591091905
-0.7206285484501771,0.1356159631912675
-0.6536252261730847,0.16135050449652097
-0.6339201883976646,0.27789515184295144
-0.6160617711409495,0.2507703873190597
-0.6593408803368918,0.25286051029384343
-0.6537857056708994,0.20072212926190194
-0.6105818729000192,0.2956953843192481
-0.7131526656373331,-0.04851777661407512
-0.6078456758893811,0.2830643941444432
-0.5513530186172794,0.26848885737765765
-0.6732779779800192,0.17266339900516758
-0.6208060176103581,0.19247875965648692
-0.7514062444463787,0.041419048867281656
-0.7094364190749649,0.21603436761468542
-0.6914764473470425,0.2009601118302286
-0.729146027654477,0.009093855876772763
-0.665467745807084,0.14173451250211408
-0.6321580604300142,0.1906908153137605
-0.612111454060681,0.2807182870457414
-0.7608933319700004,-0.06408935459765254
-0.7329013869555248,0.05514122088007541
-0.6988667737921523,0.0021557002245705527
-0.6618928318171866,0.22160048264329535
-0.5851720245631014,0.21264693244908203
-0.653242206091762,0.2706486030642345
-0.7393416804047064,0.10998512097954347
-0.599442483109475,0.2744736358570023
-0.6819571825582763,0.22113812929220297
-0.6222274652762458,0.22006961615929893
-0.7434720605472491,-0.05223549054180889
-0.6410846163567645,0.20091639655894658
-0.6732889704536344,0.1423664965795165
-0.6244607665055718,0.3123529293033518
-0.7445599065540207,-0.05243948854669993
-0.6996704000796723,0.10777877166544088
-0.6725611303525261,0.08592545607306365
-0.7453843034269084,0.024888104759216653
-0.6487288901943407,0.14170762751151714
-0.654834284211734,0.2129581415883473
-0.698921893568049,0.095027572604517
-0.6183488182988472,0.2514106704572854
-0.5823002507529988,0.27288505712581385
-0.6616538680762258,0.2748027868708675
-0.7087364236645187,0.1239364707080715
-0.7383685313071954,0.005369729045836157
-0.6147823578180036,0.21186885860292548
-0.7122606820289545,0.1358901539274277
-0.5903501059110681,0.23233061509288375
-0.7130461663200652,0.11290952081032352
-0.6427401393567039,0.1949488423205337
-0.6560195534778404,0.11554046505691178
-0.6318433087646914,0.18875561465164956
-0.6861139174357974,0.20546961534288366
-0.7454572333566054,0.11496200285952222
-0.6125156445462594,0.2394446635121969
-0.6570184610437926,0.035838068933487795
-0.74741002351005,0.05060167455121468
-0.7099182638945697,0.1675856648893597
-0.7316277458060361,0.01176931607101091
-0.6583885921805566,0.058480583374458044
-0.5704868769084378,0.29491538093324265
-0.5611486413645419,0.2933985086199769
-0.7486515855712967,0.021631871934499527
-0.6103442993991995,0.2264431362351968
-0.73067860709711,0.06738540419988401
-0.5638377061860488,0.25184576634863787
-0.6668967371868947,0.14247487686132992
-0.5984778133588231,0.2847774903581456
-0.743885548872898,0.03210674566863806
-0.6776894387501781,0.13684697106541824
-0.5803374649762302,0.23448833294149904
-0.6802499054659704,0.07765376607155863
-0.7381395868052872,0.1250669884325356
-0.7111219675509853,0.028313556239669736
-0.7696751811380153,0.0162094026701286
-0.7083208795910091,0.08162195244329423
-0.6031959124508767,0.25825879972306226
-0.6378604433298319,0.26627240096773874
-0.763546344862629,0.0798985853876123
-0.6494837589329611,0.2837350596279863
-0.6401906272742243,0.1479806470595613
-0.6942233848827204,0.024158714902785053
-0.5456846843365768,0.3156076422441773
-0.6285563973424733,0.16840372597460437
-0.6069934496825126,0.2208168360269845
-0.6496530049038411,0.11125175792468733
-0.5589968909937058,0.277151887183953
-0.7103552244585615,0.06349536270406393
-0.727408460569926,0.10024450303509143
-0.6065585171087641,0.3239276791728941
-0.6358304142000396,0.11394518708619193
-0.691789104430304,0.1825521021341058
-0.6340411116135947,0.21503088224284472
-0.7276730611699639,0.045257386959515845
-0.6686646193057393,0.288396868242128
-0.6815349184444525,0.01926126575819174
-0.6227504297815044,0.15846715992752902
-0.7510949232498672,0.1037482189430024
-0.6977055585602006,0.04864739850253268
-0.6892415199453756,0.1475780136566652
-0.7402574289623594,-0.05457330614118374
-0.7341255602554598,0.02170791392845376
-0.6092152645751843,0.18822808110523567
-0.7738189425404497,0.05588133457848619
-0.6809963490625051,0.1749007088474075
-0.7694428372629262,-0.05044703501998205
-0.57583831784976,0.27944355952561195
-0.7085214869736208,0.054985546416752504
-0.7281710608044185,0.025283227223829523
-0.712752020872132,0.01179521037972993
-0.714410550242109,0.1442696842737018
-0.6888181550053045,0.19879664819430073
-0.5954206480353776,0.23934768327122202
-0.7225235134593664,0.08816411929731975
-0.6304590509463894,0.3123923633727551
-0.7138989558844705,0.12869884844666554
-0.6946536501123336,-0.01231569544639598
-0.7062394409593507,-0.045604599025140545
-0.7175184392355788,0.1089155926577923
-0.6068207453947879,0.26998503048975636
-0.6027704507928265,0.2273657047939082
-0.671225929151142,0.19625886156810987
-0.5980020307308034,0.2645518251107095
-0.6491205385702327,0.13239531759173015
-0.7073209407328509,0.20470771436428076
-0.6849496879712833,0.06862782571391779
-0.6023804987475607,0.24285573148228934
-0.7072280105345131,-0.06495540529443962
-0.6975588734828687,0.13063500733807487
-0.676533683821371,0.015752357101059267
-0.6107755022453191,0.24340532781862212
-0.6522989569980038,0.26465343408130454
-0.5759874646477063,0.27344523043968977
-0.6871691908416876,0.17594086593367314
-0.7095724415715214,0.08101009722906434
-0.6282939478862533,0.20445944630612115
-0.5953293831502654,0.22105624855932993
-0.6941502536009428,0.11964111246027942
-0.6984070597797137,0.029416421157222525
-0.7278616109421898,0.13150324899821217
-0.684368345415337,0.004349463500859599
-0.6785356010607463,0.08466591578348195
-0.6329257206730723,0.20597997277877328
-0.7144770717591431,0.022004022035885716
-0.6850018786851815,0.07254675236371078
-0.6610394841831323,0.1562430613304054
-0.6722410986997835,0.1785455449797752
-0.700015566353122,0.1866638685101583
-0.7232664269402699,-0.004492632214276411
-0.5902163362247095,0.23658367780041864
-0.690500297826873,0.1883333450019967
-0.6116776529097174,0.19635277856755762
-0.6906275624621386,0.13822938613960747
-0.6534755080118885,0.19211710206487206
-0.7090300679350322,0.050379568027393344
-0.7460634286444087,0.04502687535344475
-0.6298852126441951,0.2391388416563073
-0.6450070685911035,0.23929086714079986
-0.7592162070001769,0.08551983788569817
-0.7064467943439969,0.11511371089539608
-0.601538757987576,0.23898870281871357
-0.7344301666033062,0.009908870836866776
-0.6819819774882101,0.1928218573892838
-0.689825892426964,0.13637586735556195
-0.6507050782361404,0.15442656794022858
-0.7239590181511459,0.051539828320585845
-0.6409824691074043,0.20953928697840835
-0.7282383625561,-0.023511947702553226
-0.7040290391377579,0.17590964008800725
-0.6829205363511742,0.16461683683612077
-0.7073263743908886,0.1396248281880766
-0.6367270778842496,0.19051829318650165
-0.6539078348019989,0.1175383900937198
-0.7171207684576043,0.11784552029410195
-0.6986850915541664,0.05347142677449677
-0.6815659944286286,0.24154215575007185
-0.6708637459759874,0.15894176649029723
-0.5813298900758085,0.25614636234640314
-0.701923702225329,0.05118057766839761
-0.7431713355527769,0.13531437024950033
-0.6807188350467537,0.16752842770563428
-0.769205682934002,0.10415660371175993
-0.7138045258195708,0.09543888733344832
-0.6497755790045426,0.2568345326778116
-0.6768534166511575,-0.00326216540853656
-0.6754885612329558,0.21939357988531372
-0.60256004364794,0.252350143304263
-0.6056377842370113,0.24256824269451577
-0.7310846560779788,0.14234661219850606
-0.6410065433016164,0.1441200553505788
-0.6623789940936505,0.19232988999947626
-0.6140325445999384,0.3085235980600037
-0.6086823735280638,0.1678128531806397
-0.7511780194765627,-0.043496754575709354
-0.693263354057198,0.16861128279096838
-0.7118537694702723,0.1725766588326182
-0.7399628709611543,-0.02570058593557783
-0.6600070017793807,0.2873371545834582
-0.6658521171626313,0.12128543223145104
-0.6863141157459812,-0.011689489738531969
-0.6999807190183622,-0.0025667617836093518
-0.67803237889212,0.2023693390162287
-0.6034819128805512,0.2590336677886423
-0.5975316662377896,0.21701013884426942
-0.6955599615339777,0.10675240648471461
-0.6283308798248207,0.16368445598813572
-0.6686880033782836,0.24888100493595164
-0.6314990005353172,0.2623820368279778
-0.7036418409395909,0.08173301313937348
-0.7390149638569855,0.14915343327842595
-0.6291126499197943,0.21043423665222652
-0.6967001695294243,0.15213703927595756
-0.5908301747654027,0.2472401304242667
-0.571620761994861,0.29910855674841186
-0.7342786358608167,0.050178134400821216
-0.5990380224741841,0.27117954375008446
-0.7259654047287464,0.07209509993435868
-0.6986274206419659,0.1497703368102934
-0.6260053991056869,0.29247884509523553
-0.7124562205982303,0.07326297079652722
-0.7576639195317061,0.04173239902683245
-0.7070060274510118,0.042019525700878226
-0.7273622551574095,0.07959519685913584
-0.6240280979711165,0.1866613882978731
-0.620342661527751,0.14533988417300445
-0.7337041321553535,-0.020297798839941494
-0.6318337866807384,0.177555645828047
-0.6979788895862366,0.12632352246155049
-0.7060431214385082,0.13237689955941825
-0.6793183899879831,0.15542030003228544
-0.6867038917495967,0.19803081474998177
-0.6435535084601965,0.1801891828402136
-0.7386801638704911,0.032783248896140794
-0.7238414839027711,0.03415870733042881
-0.6104869580570238,0.25401256019875607
-0.6828535343259547,0.1286351386091558
-0.6995967597914339,0.07714402178077723
-0.5813356976869234,0.3064636075497915
-0.6517103056304875,0.19689771923210656
-0.6864289229155098,0.07910907205567598
-0.6506586292287254,0.2336709603506584
-0.7487608543132415,0.10288800859289535
-0.6636879057772985,0.24981793947596723
-0.7138731600972985,0.006630686485406817
-0.7084460998184937,0.07358759859046014
-0.6407645106263017,0.27594398327534475
-0.7243934784932764,0.055892129457721845
-0.660111423467195,0.11848473329710463
-0.6174438324003209,0.26216188256517386
-0.734317217128718,-0.016656441661400723
-0.691458839372359,0.11274469871787919
-0.7437771922108085,0.07194706628425067
-0.7260104023159365,0.11911299803212415
-0.7672700368512283,0.050980493371624296
-0.6868175495655708,-0.015254674444757128
-0.651801975290721,0.2437353612303269
-0.6347301908794081,0.14590517966898345
-0.6955469658748656,0.010344436987106674
-0.672444947501983,0.23988785882560956
-0.7012828979861246,0.1474747928489105
-0.6758536226959512,0.054070939568181216
-0.7578178647807752,0.039759862330217687
-0.6283801061222221,0.20468364330514363
-0.6639404198783773,0.17816002827609467
-0.663719127528995,0.168748414259959
-0.6621688110235221,0.10497764712234212
-0.7221216099722009,0.08988277714066532
-0.7034292920289774,0.1036840887187551
-0.6517087387389897,0.1482223599057471
-0.6868837049275436,0.09084650752702494
-0.7150854322295298,0.13436966011986984
-0.646719265718754,0.08794996812021885
-0.7370236880507086,0.08348886787458179
-0.6376780347883856,0.2645301235052055
-0.610479955666329,0.3129223242371689
-0.6674553000559172,0.20757935389387314
-0.6416925864084119,0.25667952862445453
-0.7268501433316261,0.14619507195317033
-0.6624176312907886,0.0447780205060546
-0.6649708423122954,0.18954921257209506
-0.6012013749728748,0.2291289992104821
-0.6601864913067946,0.12353069135548302
-0.7617622490070035,0.052379398685784596
-0.6325121034233997,0.27074479585518085
-0.6196733215360849,0.24991674115895804
-0.7141607739886536,0.08475666361372718
-0.7159889557751874,0.052517000298076474
-0.6391340320584479,0.15891351389507133
-0.6844372813242244,0.052161020476052554
-0.7003121399701644,0.07102409665102483
-0.6490514428997216,0.2773410208255501
-0.6321631781592446,0.2241734436826674
-0.6871569933603727,0.15603455042062037
-0.7090867427731334,0.12524665131105797
-0.7390985916759871,0.012992719396083341
-0.7028801658423062,0.11672250723638761
-0.6583369284223386,0.10865815907937133
-0.6863572227084663,0.09336697644106604
-0.6664026276408644,0.259128554337054
-0.7034715717604717,0.08762148431932329
-0.7103383790018104,0.08903578409529207
-0.6752933257830366,0.149666592434324
-0.7398162654514701,0.12181728339372959
-0.6372574110296432,0.19242199696817006
-0.6998826936917105,0.08683226260504433
-0.6876471838449506,0.11745191848931277
-0.603770991055722,0.25183507162752744
-0.6719613991175224,0.15905438250730958
-0.6421861480686715,0.2921333379299162
-0.6259770994008342,0.29647830755058907
-0.6721021523454542,0.18293096711275578
-0.6963265629986478,-0.002789402434314019
-0.7001587983379319,0.10216075174201338
-0.6274526102612086,0.2527198824197156
-0.6797704386906707,0.04948750924403582
-0.6233114097913698,0.13321584367997844
-0.6931041734194842,0.19676432255739615
-0.7131246854331585,0.19530168601559778
-0.680546538210682,0.12018527199484223
-0.6585537811990292,0.13437134242709517
-0.6816194559231953,0.14380315873524877
-0.7009066464795487,0.09428592807256014
-0.675958412835055,0.06604525981418392
-0.7046012630357648,0.20232406577782833
-0.6095938287363943,0.23048201340632604
-0.6874580302403889,0.09276341465160062
-0.7135394445021326,0.04568981784522054
-0.6431196905698771,0.11930104826442799
-0.6869367631391298,0.03666098543404123
-0.7181506438334047,0.1279655132927087
-0.6442314972599367,0.16593402193428602
-0.6337731266837567,0.23504078367955863
-0.7068191263270814,0.08643590196677317
-0.626736767273164,0.16420329196335712
-0.7497458484064086,0.0728754116152646
-0.7130090144950216,0.11439593401605967
-0.648360889744252,0.230288635545989
-0.6929712898660796,0.15941716016759988
-0.6153738742821675,0.20087391346216316
-0.7119441052881693,0.10073834799288951
-0.6907809570869292,0.011510813159982107
-0.6993075995844453,0.1087359202908097
-0.6911733505411133,0.08917047269759797
-0.6658144494338337,0.23158210881348054
-0.7146062915208699,0.1323847016929288
-0.6877667960396135,0.0957783391665965
-0.7037687810907618,0.06384829682053705
-0.6421151395793284,0.1446507231062248
-0.6845013959801326,0.02858112112633101
-0.6595174761863958,0.21029412470593448
-0.7452713951095048,0.10351584164179592
-0.6297928724269336,0.2593766235958523
-0.629799071240992,0.2514615418472932
-0.7026934480629382,0.12337544578317909
-0.6227749303401295,0.21350735483207123
-0.6434850840303339,0.17911078076520973
-0.7339485920182941,0.06427804329118764
-0.7065672386867445,0.1553125882696526
-0.6828421240828706,0.07139648787968161
-0.7004880241008157,0.14863485712695204
-0.6375303039270309,0.17162226914011813
-0.6283843338645301,0.16179797056498021
-0.6335175065232689,0.20463874342291316
-0.6680059617781142,0.20717476823434536
-0.6462243019868879,0.19946806990928018
-0.7299597463928197,0.0028714787176072794
-0.6457085773373731,0.19849676058005175
-0.6811272945859493,0.21205151886074475
-0.7428981865432667,0.03547106563311571
-0.6456096941494336,0.15540173567476545
-0.7188139486533798,0.08612871059813229
-0.7208789490244941,0.11082038686538655
-0.7496586196973651,0.04410130649887316
-0.6870533680182634,0.08209212800400867
-0.715285506114314,0.14789597728822237
-0.7076097517614381,0.06174700880493933
-0.7333091035565498,0.045202137866540676
-0.6867990472358393,0.056508128053552154
-0.7554728216308239,0.06558654921808094
-0.6887604290908002,0.031590923443407
-0.6927007674079507,0.2045334615947827
-0.7090243634120044,0.0873186763675932
-0.7298148610361078,0.03574085320718756
-0.5967047856423872,0.21858753296410446
-0.6537277119274727,0.206804455606927
-0.6418663656214617,0.16009296153488825
-0.714314153504456,0.14332691079177307
-0.6634061234706813,0.2102404002244207
-0.6846806353750843,0.206823464957185
-0.6813952233217718,0.16677473345888477
-0.653271940210405,0.19560975137361927
-0.658922251173705,0.219152411767047
-0.7248571910955878,0.09712356564272455
-0.6110478937128193,0.24572472087733258
-0.6682777123057201,0.17403155772825127
-0.7050151258636238,0.08136592443804834
-0.6126944439737352,0.2330983637658788
-0.7052408462560723,0.06647246129904026
-0.7257477749235203,0.07707101017920259
-0.6457309385023952,0.2645362967244822
-0.6376499034475743,0.21836510904918788
-0.6680837847739831,0.19081788909571862
-0.6820047657726248,0.09969070564167001
-0.7250113828438812,0.045812857530445485
-0.6731337089158693,0.2207539914494889
-0.611778954145185,0.24811496894706245
-0.7371903815983797,0.03356395149277534
-0.7297015746554295,0.1257877475001337
-0.6593096966652223,0.11736776255105447
-0.6958199433653001,0.05172155447625715
-0.7008552362924776,0.06766850034429368
-0.6699719083072906,0.15293873424736734
-0.7385204729535845,0.11458869869189851
-0.5974894873611091,0.22137562895168314
-0.6301647237183231,0.20505824341694404
-0.6501047842596392,0.28432880929166937
-0.6829087503492718,0.23442993543739457
-0.7046093712880533,0.034422964968217784
-0.6157234158552015,0.2694677647924202
-0.6187036636890653,0.27432803547819157
-0.7231905092450358,0.08989091966419738
-0.6926407110173424,-0.00652771286734978
-0.7214939476029545,0.008324990067621994
-0.6276128968698336,0.23518874397527015
-0.7081456880665626,0.10378821094957816
-0.6532785565871233,0.18502111780890326
-0.6117436777493079,0.2292978089268882
-0.6378867142917246,0.16006884766620244
-0.7429576447299834,0.046745695487871754
-0.6306641758563333,0.2777190288608007
-0.6977345296802802,0.009791493769412409
-0.7403443366326024,0.10918948336469582
-0.6725131047182986,0.1881689929530439
-0.6358187886696902,0.17424877188847707
-0.6696591748586843,0.1622289599544679
-0.6219010518016118,0.2538783964452721
-0.7485299928573704,0.06664123168423607
-0.6694217005919351,0.1284685783181556
-0.6598085061539463,0.16518867031189924
-0.6493600578565241,0.15514429364693005
-0.7268794350924075,0.01162569835755202
-0.6326077913160502,0.17691417629662093
-0.655962681455616,0.20026494993786653
-0.6778380470042503,0.2578911166847026
-0.7388515711172409,0.06686968556512744
-0.7434513559202269,0.029728753974593156
-0.6456846512112936,0.18485568658337143
-0.7131622330569725,0.13291216922404708
-0.7031548914328624,0.0784256854733532
-0.6393691519721845,0.23191986671832235
-0.6502848309330164,0.18110196929486888
-0.6476954616856139,0.1289530105851196
-0.7197779998247666,0.1812618177176077
-0.6588197720277136,0.09334070085542392
-0.7222425181141053,0.04453146952146179
-0.711398940636468,0.11555090294799249
-0.6964611085448504,0.07159895434453327
-0.6978226871438066,0.08960323348461317
-0.6843291117572395,0.22934497894724015
-0.6515609366310029,0.16026279329660695
-0.7367406402916938,0.05925639442548834
-0.6403505196049615,0.16129212749737337
-0.6960338644545209,0.18535726343944234
-0.5992523861070392,0.19225280400629893
-0.7029404761139741,0.11443311360146145
-0.6626803921009089,0.23844116091664538
-0.673406104071339,0.09828241389309392
-0.7149050537519501,0.06804313018399402
-0.6797918596143726,0.05224537864023927
-0.6712369748510274,0.2301332496107654
-0.7066997488707525,0.04516008978759991
-0.6936130205553743,0.14913679871710483
-0.6799692309905632,0.10726954192317888
-0.7293363717824396,-0.01742455959837091
-0.6276258321083507,0.18861171240402258
-0.6438672883455292,0.27970274832282077
-0.6642853998135636,0.15682642348192163
-0.7601321678768079,0.04366723743930705
-0.675373271341181,0.2575658498518164
-0.7654746652609874,0.06268274775241706
-0.672389691801153,0.04773250232979467
-0.6945307222561631,0.18995097600519684
-0.7091790080253667,0.05597228702691983
-0.7117484449635559,0.06861022859316798
-0.6328261097446249,0.2244640206315483
-0.7452166208590766,0.07407440112868918
-0.6673735058405702,0.07107094325846877
-0.6538184261592265,0.20720006932798568
-0.6190011209796845,0.23345926350735383
-0.6782609879417407,0.08341041570265068
-0.6787083453553381,0.14561265751215857
-0.6969687420387464,0.020028516431017735
-0.6350250565841381,0.27598483514664834
-0.6938143144798266,0.2031207903578138
-0.6395783389836008,0.18511119499305734
-0.7218711343256635,0.054871627070433256
-0.652483737812509,0.2659120591738249
-0.74289014585309,0.07274000481205276
-0.723232941812217,0.15290362670447274
-0.6538247796103434,0.24853520065516344
-0.664184600565402,0.16555409255880166
-0.7441733029821764,0.1029311700136832
-0.6933708681935659,0.21241496156385056
-0.6717357733040566,0.10546731920813902
-0.6884378242828632,0.17364985268992364
-0.6864851356920925,0.2233356490705167
-0.6041321510611465,0.2139723969009078
-0.6919726046376239,0.1631956986751686
-0.6948990499399617,0.02699112920950598
-0.6695519359670574,0.22203943596800751
-0.6965138786319794,0.22260734149209907
-0.701711584536333,0.14089029703847458
-0.6949225275604523,0.17277965206989135
-0.7001196524844413,0.18236021386924808
-0.6801180279341065,0.22194305793212807
-0.6125612415595775,0.17739097995247796
-0.6465645854334876,0.2554407959573895
-0.6802799189392326,0.21538639102530488
-0.7115700670689896,0.16014388893743856
-0.6812007393790045,0.13139496766751493
-0.6605270004791337,0.2538835653061514
-0.7583411106219571,0.07728670270884336
-0.669349961272856,0.20661810753265808
-0.64447748956663,0.12733192169450314
-0.6301195665304143,0.20275002397176456
-0.6702442677824496,0.2057817570917786
-0.6648310596402176,0.19230466782698902
-0.6944375605571791,0.04723147457450111
-0.6225225678515648,0.18707801619542994
-0.7373502122570511,0.06394855837427216
-0.6650780575142836,0.09508881119199697
-0.6680758377223099,0.15638395048341633
-0.679915369579269,0.13333920240046704
-0.6741871126014375,0.1612278028478743
-0.6543134753427692,0.09758616765292939
-0.7447070863499322,0.07563597568079829
-0.6806818429267346,0.07300141772728647
-0.6438721625513063,0.22166704881738727
-0.665621311275741,0.20958889451920934
-0.6905788719914627,0.16151305699522117
-0.6560228700197478,0.21014108198229065
-0.6799614393341571,0.0989700696922967
-0.6755776245853965,0.19188082911183663
-0.6575153290902362,0.2036610743266077
-0.6994590509321973,0.1841426069136166
-0.669568418838299,0.1372325998697107
-0.7241280912908405,-0.0015185713278328009
-0.756513560061528,0.08535977055591158
-0.6753159382836479,0.05642932673062117
-0.6574960680940252,0.13838716886289312
-0.7293306543437184,0.07172462556402202
-0.728424911827117,0.08003449334148573
-0.6863667038828954,0.18714362204379723
-0.7400181288787779,0.12687803919338358
-0.6794350784484798,0.2288985900329517
-0.6843832427069171,0.18493733351258312
-0.6718023404785378,0.24687758650290043
-0.6507138402065424,0.1957587505598944
-0.6886152842514185,0.17068230335170992
-0.7359394305624871,0.06020016950287612
-0.720047841065249,0.1151575742694929
-0.5967923649929087,0.252102750025853
-0.6995283034635016,0.21832352104946912
-0.7166367685593845,0.06726898271734452
-0.7612587119367491,0.0665147199223182
-0.6897838646681704,0.16716810535392732
-0.6269951916924069,0.14580798464474531
-0.676797966776825,0.1425588741406124
-0.674241693462012,0.14493878608345714
-0.7307814422357645,0.12002179112079062
-0.6773366327696799,0.19817797347357363
-0.7333371132816007,0.09852550975424756
-0.6677321958463627,0.20002138241035428
-0.6553887244325167,0.11030693241497545
-0.6819680972643188,0.06619512063646503
-0.7026416857876941,0.11551727796588665
-0.6191996869397902,0.19979365233307297
-0.6504023238860829,0.17445068191233917
-0.6729293398085001,0.22895375265722637
-0.6819601755590505,0.19629246584392818
-0.7129724142321933,0.11506273462684825
-0.6898155278475739,0.1331530296254877
-0.6366267630080616,0.2081667476934138
-0.634905405402529,0.197089530283968
-0.6754708399180887,0.14936786805558713
-0.7071458697121311,0.19222409617534417
-0.6510770294321424,0.10368651105356684
-0.6872039247441368,0.14013513583483278
-0.6854380332061862,0.10078440526544252
-0.7293272111022541,0.0018786862121578749
-0.7294558198363131,0.11806326464478362
-0.6806703672283528,0.12361841425702554
-0.6837151829116613,0.1944782652216265
-0.7196468064600939,0.1243893679448641
-0.6673566124027172,0.06474645477371356
-0.7060733112270902,0.12864657742084293
-0.6443062291585169,0.15601946542503958
-0.767939565950191,0.03812227530547136
-0.736373750763272,0.12151610434383037
-0.7068434586197764,0.022211108342723947
-0.7277127493662615,0.023189199500576498
-0.7095415195077788,0.15759158139839155
-0.6499677163794968,0.18852578651659005
-0.6808539011431399,0.182785992574613
-0.676631883702213,0.18470048282149182
-0.6881159043518179,0.21131297277609243
-0.7169278899699231,0.08554726186588091
-0.6530802267977648,0.1254741706003374
-0.6913552458844852,0.0361226948172027
-0.7112114650907462,0.05821712063377035
-0.6901144313321155,0.08001060926186658
-0.6763721737952284,0.15298640823681062
-0.656532394378436,0.21824671363642703
-0.6938340225880499,0.1824005177860822
-0.6257412836687017,0.16909190292417298
-0.7288470888757327,0.12903260936811403
-0.6832537219000268,0.1613861868376887
-0.632234210949739,0.13551601624552498
-0.6987950825647394,0.1435942394322791
-0.7261084430141453,0.023272335142002432
-0.7240878548894584,0.11879545740719788
-0.69333507495762,0.14869605848996842
-0.7041866624786582,0.12185795574990099
-0.6712874602752996,0.11675496041054248
-0.6808192145748689,0.16728889175630263
-0.6926391234682039,0.07414296206104332
-0.7282423086746945,0.09585637933957436
-0.7481418353534258,0.06933538188674498
-0.6859520416956245,0.1219143496448253
-0.6634956817086808,0.16438288682448504
-0.7008250125982106,0.10323567422615856
-0.7222774674264131,0.10153250194537458
-0.6684539289616162,0.21785511488309361
-0.7231085039146318,0.10886518085333241
-0.7102047685349285,0.11744655068030654
-0.6997342925646336,0.180619759955037
-0.6259716472127769,0.18805789052154367
-0.6997600078012978,0.14145289100039116
-0.7095544072554048,0.14565278188589975
-0.7014375359523606,0.017793281826945083
-0.6956070959906441,0.08030061318832049
-0.6636113186222051,0.07451897480258333
-0.7509363424929733,0.11765251248542927
-0.6492778861573156,0.17655865645111377
-0.6932212325208558,0.1361003218226503
-0.6881207489721635,0.06558210059142293
-0.6738791226571418,0.16376017082165933
-0.6586108466287346,0.22039256897774107
-0.702172849783562,0.01943675240019817
-0.6859921712308896,0.1590312989332048
-0.7023071158645147,0.19234657482658832
-0.7457754645500193,0.061781301527349716
-0.6982307808148562,0.04408062585208107
-0.6932103952019959,0.21895933614164806
-0.7162102791339496,0.011805814573642104
-0.7045608116506091,0.11327626991902745
-0.7303921410294036,0.08755070716434953
-0.6750011616809581,0.2043495334855196
-0.6599026827443009,0.22304610883871576
-0.7075591452324954,0.13009212106125795
-0.7088893482751941,0.07503234434878712
-0.7000945587275582,0.2011977139803143
-0.6667006071852591,0.19050952443678895
-0.6281274028967375,0.19765503049572686
-0.6757451591373782,0.23892767162780446
-0.6805734125714188,0.1898745769694113
-0.7565711515992842,0.07147636222007117
-0.7121272214644825,0.07103275597044988
-0.6552335705225663,0.2412218804246992
-0.7169755333173938,0.0890251199871138
-0.7394615456184691,0.0709004325093491
-0.7049542017509057,0.05166975809173924
-0.6433734994059337,0.21258265671740154
-0.6561536407907957,0.245447161457715
-0.6123053786977576,0.19977585717655544
-0.6731082857633534,0.1616294625558513
-0.7070895839467453,0.12776791625706682
-0.6985596632300791,0.0734314298152632
-0.641654181375432,0.2294238606700861
-0.7405714269088842,0.10944027457763779
-0.7013839338255643,0.09560897024190786
-0.706775798326652,0.14332382856785855
-0.6689946085676497,0.1088396246066242
-0.6767595202349694,0.12201951887246208
-0.6329470428967281,0.2007535960691449
-0.741547889136707,0.11490627518553471
-0.6458939242770645,0.2106863398039947
-0.6580911057760334,0.09959130404404667
-0.6365721156453048,0.25217643728583583
-0.6425216875521467,0.2044394084002543
-0.7600121657549174,0.10340379819947035
-0.6947201938298535,0.14243823492216826
-0.7319770825579929,0.13139421137213791
-0.6549372816657527,0.1944116606798106
-0.7063849870643265,0.07062863174681916
-0.7352173749171342,0.045067909872014734
-0.6156872844296457,0.18460080533542408
-0.7050280037362696,0.035127164643498396
-0.7001138840676201,0.07680626817490387
-0.7319436616084453,0.11180320947332155
-0.731429578696041,0.08646840799956207
-0.6902794645128897,0.07322230709622102
-0.6902049050794381,0.13586246061726065
-0.7217439620542229,0.12778409795075857
-0.6714694619636812,0.13647898669788383
-0.7199480336398616,0.03576345542957517
-0.641591546839218,0.2088261975910532
-0.6735311401350748,0.18922976851925014
-0.727237057681221,0.13825142689267703
-0.7052526311334665,0.14131063196183724
-0.6939846690637814,0.06500866401643636
-0.6874172908427717,0.21005682356385702
-0.7157564781608808,0.16139153641076837
-0.6798316692905314,0.06744970282870814
-0.6495831430996962,0.18966788414592753
-0.6877791283937084,0.18502212976882643
-0.6891629857580692,0.14672252577007158
-0.6817336353417341,0.14042702920394712
-0.7152574345306391,0.03528034817914045
-0.7118399004431157,0.10766381798666375
-0.7206491405150866,0.1000710949586087
-0.7607828836362202,0.09753350329433044
-0.6690805477463612,0.08314527551899349
-0.7248941833119406,0.03379769336895291
-0.6154273217807144,0.21045448093624342
-0.640683607790734,0.1579307963247088
-0.6467308958653818,0.18080713511167634
-0.682217168377636,0.22075531479622673
-0.6641114262105297,0.22255273225443023
-0.7094459839681264,0.08334142353730392
-0.7035101372648036,0.13350868579449823
-0.7083596223061477,0.1653690946346993
-0.7154098681273596,0.06747365934089385
-0.6907332204964779,0.17838077579772244
-0.6453654287554007,0.18072067550265197
-0.6651809428126734,0.16526327569132787
-0.7042878962617865,0.15843202434689846
-0.712237772231121,0.18085216984189056
-0.6649373476117855,0.10167606151200072
-0.6923193689507552,0.1804689587954381
-0.6173355221544907,0.2072731609087747
-0.6706294927473448,0.17871027267037912
-0.681192671902526,0.1635514503608686
-0.7002194199439061,0.13494407226467556
-0.6618925171638601,0.17590402698296587
-0.7427347380781609,0.07497875170124223
-0.6902700752762063,0.08366886473578196
-0.7571400254573082,0.06934843363537274
-0.7077134052809106,0.07166887811106638
-0.7153348491191024,0.1661633394550555
-0.6373119617669177,0.15737945556206956
-0.7141113156835622,0.10006138899274497
-0.6421338706273744,0.21838851715730206
-0.671772056787633,0.07576845334082381
-0.6587900854376625,0.24367159099304594
-0.7229022918265808,0.1309647472901577
-0.648923092422884,0.16067823136468773
-0.6617692985799343,0.22609140158365723
-0.6731535114849387,0.12082086521033493
-0.6696177931486231,0.14070062119141666
-0.7118602531982937,0.16406845278116436
-0.6700001747901074,0.14320525686460767
-0.7658010056634185,0.08423500732855517
-0.7503601524910928,0.036374667510846614
-0.7126732135318153,0.12334422554659485
-0.6848042719607726,0.12005885584133014
-0.7271902850059688,0.1594286577864764
-0.6820458784691564,0.1701185213802857
-0.6696477031708739,0.15900716795499012
-0.7055071022629285,0.1887489237588127
-0.7199982299867046,0.18099320683961687
-0.6969397942048855,0.1520347536508228
-0.7025736956808699,0.20818646225308268
-0.7022000294848616,0.050320716677496026
-0.6751744095673862,0.1975869314847775
-0.7362816498938718,0.12282616335182336
-0.6764954719101572,0.2002745113397266
-0.7109346417715507,0.1703347136614396
-0.7232018452510415,0.07056480795988913
-0.6886264317353311,0.0725076565663068
-0.7064134578659265,0.12181068352878507
-0.662827724468372,0.22133301856544152
-0.6410153615129611,0.17505987694715353
-0.7151787013313953,0.08647658594712795
-0.7021624380491633,0.11771275277720299
-0.7138025156677522,0.16223925693985727
-0.6233400690442346,0.207902499704797
-0.7398210573945743,0.08887531837069655
-0.6954894746761664,0.1759774912241602
-0.7486608563122925,0.06603206839827552
-0.6737386392055111,0.13068578022023458
-0.6233326774426206,0.18081837326666192
-0.6904674124123611,0.20551198370467127
-0.6464109760263669,0.2157640785354178
-0.6949918640044607,0.10325235898837866
-0.6970740368161034,0.13887629143081534
-0.6830146324583695,0.1455739757125564
-0.6651472766115814,0.09956195519343643
-0.7112198003172504,0.0658977351609076
-0.669351340325603,0.17336620536521782
-0.7249202138328833,0.17137098591693814
-0.7118494648739451,0.11302206731900766
-0.6940236915269932,0.09705446174997051
-0.7187986320085613,0.051645051778945114
-0.6547550727701377,0.23096119110808078
-0.6471446995246345,0.16383371248151252
-0.690137647656215,0.1959887038722373
-0.6384428573170293,0.18558190326914592
-0.6824762291621201,0.17905923863486414
-0.7193544865247574,0.12543781274292104
-0.6856548763834102,0.22312281310218857
-0.7194265752471934,0.10734710046297843
-0.6982477621890124,0.11790474545308184
-0.7145064730432569,0.13445333232492548
-0.6608149686552595,0.1367067997744006
-0.7041977433053866,0.1750037587903032
-0.7227201580789955,0.09846660829592611
-0.71032220038152,0.11305587158262616
-0.6922368824654319,0.17203952341630774
-0.7049104947006501,0.06712367955359332
-0.7321300612809786,0.09824660350287798
-0.650835909500065,0.10363289271411398
-0.6851694301827823,0.10990109531982525
-0.7126699673633342,0.13938743367329054
-0.7411188493904277,0.09174807852688074
-0.6896896411089829,0.07903279911916332
-0.6762361250864211,0.17750637725485546
-0.6688094452327228,0.20099887774589958
-0.70634793646761,0.1349577362726212
-0.6913928248407033,0.14800556128414244
-0.6968815241755161,0.1313698512558433
-0.6696123057929549,0.14793120204794788
-0.6368644760263715,0.19730409223759174
-0.6718863963744691,0.14816763842451666
-0.7168577687844394,0.1474738509501396
-0.6685060432361111,0.1252344289806362
-0.6861452983639222,0.20896225362267073
-0.7002586737937629,0.16044957819278732
-0.735991631354814,0.03199079308882564
-0.6633264913858736,0.21765429049713828
-0.7232035433571931,0.12091852664501004
-0.697877293529289,0.08352953732953215
-0.6984550612467102,0.13879302076538289
-0.6920692196560947,0.12655937606179413
-0.6426748829416116,0.2307578348467448
-0.6789795435281311,0.11517671570677844
-0.6357965643644422,0.2476904624396861
-0.7233732108916877,0.1418408698316923
-0.7423389501513254,0.11961607797631321
-0.6427875831456269,0.11832925976548384
-0.7127965935069623,0.06867136137853563
-0.724664952537182,0.13691761981094977
-0.6946013203054217,0.1671834123603094
-0.7134827760057437,0.062091059096377306
-0.6818399958285893,0.16579150252649943
-0.6969199360999083,0.1956981728316526
-0.6834085473163058,0.20710980415090005
-0.6442442130029118,0.2442806555548211
-0.7148789294904825,0.16241229145653927
-0.7285080507500155,0.09620341584303423
-0.676900891799663,0.15980829852565523
-0.7542541791968673,0.06946833678252679
-0.7128932653646638,0.04140754749250652
-0.6585721016239947,0.15199677850901105
-0.6427053896893798,0.12797269876627937
-0.7277417701039598,0.10667954085499495
-0.6868838535238492,0.09087495062516543
-0.7219683147296314,0.11458501564026312
-0.7051281633843515,0.1565004923908246
-0.6895742081469572,0.1430612941627184
-0.6870483941431602,0.15533105630000918
-0.7245616468167518,0.09265115175358579
-0.6579115836050811,0.19648364529193077
-0.7155789287826773,0.10465445419430802
-0.6647447430805189,0.21649824969913434
-0.6410921692097927,0.20712973153784775
-0.6897827439621298,0.18343752791881823
-0.685467040454455,0.18559452377636307
-0.7046690987397449,0.1583428993631099
-0.6892452794960113,0.13614797523222763
-0.6677274287979352,0.21565532777287658
-0.6600252406816436,0.14796460582772858
-0.7478497619711848,0.07019045154413203
-0.6548399511627495,0.18843211743243554
-0.6947127625509492,0.065646700701339
-0.7290533470048518,0.08727385149980273
-0.6699012427561213,0.15649721434931121
-0.661644496054579,0.1372925692311213
-0.7073980485443689,0.06850134512818128
-0.6959800378125837,0.17206455045245053
-0.6994108962161784,0.16680709902349966
-0.7272433492412558,0.12759203504794883
-0.715864328823369,0.14829696664107123
-0.7460628159902298,0.10088020599853212
-0.6456130747222548,0.16571664558378293
-0.687648465100742,0.07328252245281235
-0.6504174155950714,0.1475000006520472
-0.6771344568955455,0.07661271288519345
-0.7174136067986181,0.07174632610716347
-0.7185944500180592,0.09747458256635488
-0.710010608161286,0.09806128180753751
-0.7261716423363225,0.0861210153687862
-0.7004402660881511,0.20127777333693117
-0.6390734667631573,0.2238433910842527
-0.6869306607637349,0.20040030913668347
-0.6753522456423964,0.145727520043453
-0.7572875107581556,0.06956958301336043
-0.6769839263501198,0.16399843209347106
-0.6893467674020657,0.10256157837489843
-0.6999739408547393,0.08420468923287487
-0.6613942204364,0.2191569083515079
-0.6495103760559945,0.24043074771635914
-0.6451359319695356,0.17893795348356364
-0.7285093746261819,0.07530623671783185
-0.6646157497378486,0.10474455280138587
-0.7180670347569976,0.10766543787238543
-0.6837888915955612,0.07434392527360066
-0.6655401093530255,0.17017487780897245
-0.7009827621491348,0.10969232235341272
-0.726093943887603,0.04158120174579472
-0.7131693148298569,0.16616276841750036
-0.7323833454670315,0.053246630937474275
-0.646860260001828,0.20415516434605865
-0.6910516128707043,0.1658998853520089
-0.6825179650885684,0.11826801246522232
-0.7270108071975726,0.06825948991325219
-0.702791390253583,0.06873884391732427
-0.653833766069968,0.1733281266720389
-0.6792165667411741,0.09186961867060656
-0.7044384212389966,0.08513349547038017
-0.7004604838320753,0.16237588059573801
-0.7082922216961748,0.10918208732402158
-0.6614118307093959,0.11867586163263556
-0.6837886596616667,0.11547401397742117
-0.7039221525846234,0.06233652083259808
-0.7261409434019462,0.14674408812988796
-0.7316509755884687,0.10710234707018675
-0.6717173802910698,0.2045365971462279
-0.7511464468568109,0.0819941431640861
-0.6601502302129814,0.12184186344096788
-0.6709197856596087,0.18205299135920222
-0.6756236953473879,0.16393621385334783
-0.6916187089011108,0.12279952928596614
-0.7170363452345497,0.1218043368662497
-0.6750947453068447,0.1545841063061895
-0.6561208520653146,0.16446004287858015
-0.6984776620349029,0.06888550265202993
-0.7177128901129561,0.1204670452168284
-0.692134078079181,0.16872759170697874
-0.6750930416869806,0.1152835897578004
-0.7477982764657085,0.05633351913679464
-0.7301911638432831,0.1084888522969176
-0.6703434920830759,0.18100977156037318
-0.6430369038126148,0.21047465474588106
-0.689660518660994,0.13223817332760937
-0.6819333291665728,0.1487955065855246
-0.6986199010161984,0.11174859459011857
-0.654732473901858,0.23527932453831904
-0.7124449171528079,0.05281448041068867
-0.7134567191691304,0.12687911083753303
-0.6635182982790169,0.1076473809550405
-0.6898768186918444,0.15006012354327292
-0.6455583157820234,0.17823600940754658
-0.7060373131345675,0.11310924341877676
-0.7151079547686053,0.17389182792354185
-0.6909483902170812,0.1484103162046537
-0.6629148253750673,0.16786534629639052
-0.6836538532344152,0.12264225906042966
-0.6508818640725191,0.2167484510802972
-0.6665603396039862,0.21465388009359163
-0.740966174754705,0.08214515117410663
-0.6714430401961151,0.18693193221498206
-0.7224092127874875,0.09469644913286904
-0.706275976231272,0.11221603047191248
-0.6954491626979562,0.1334257404318893
-0.7045699889888354,0.05244153003171316
-0.6782089874136924,0.15282871174212648
-0.7398221120552099,0.1336452468051602
-0.665835131533433,0.15488484917077164
-0.6497475404669926,0.1504028736369016
-0.7178635937521599,0.09793532784885796
-0.7244549807664911,0.08090522119202118
-0.7403392416761184,0.11785129356544165
-0.6342192716990853,0.18826981312667582
-0.7122395695301926,0.1414610161083051
-0.6932645775021423,0.09958763427966225
-0.6823012866473324,0.17405164878299012
-0.7000719901478293,0.17292011820281994
-0.7180899919966527,0.1700091089456567
-0.6775695436012364,0.1595661022488479
-0.6982883371035709,0.0959811984840789
-0.7016200331776983,0.16393941448314162
-0.7084242209353722,0.14100655928308772
-0.664073931332792,0.18413077831980204
-0.6349283635647003,0.1671357258084702
-0.7396732299437614,0.03448579617502046
-0.6286987986713555,0.1764658830514891
-0.6606310685446726,0.19761376181805654
-0.7123877023741706,0.07459331550211952
-0.701771021214824,0.10628187376099377
-0.7167570186171424,0.1722507570237449
-0.6419714480942161,0.21642721051114103
-0.6685584884485976,0.11217541635073851
-0.6888860709807083,0.08604633619173027
-0.6815723817699355,0.18234548644283383
-0.7098077098884732,0.10386237275016728
-0.6868128477567518,0.16317095984683694
-0.6388414230770645,0.15275931540917412
-0.711575011217223,0.1264819017554944
-0.6578691501722294,0.18731799510595035
-0.6298000012981796,0.20353803082731495
-0.6554251311966274,0.15370382233074595
-0.6934848810206345,0.10278704129526499
-0.6665916330009157,0.21706122804021002
-0.7264346188812404,0.1158662028506387
-0.6982598766756422,0.11601368923433902
-0.6741113137082638,0.115817931208413
-0.6730198146618088,0.13898928897222343
-0.7018257838364356,0.14243472254068554
-0.7160752951600972,0.10721995170229855
-0.6328230281363427,0.17587183687232838
-0.7155192214377727,0.11378212447771191
-0.6689850530898306,0.15977845365995363
-0.7094467087146611,0.1660919296072819
-0.6940258178197827,0.16116737111444007
-0.6984604706219848,0.12747790278377005
-0.7120072867579945,0.10167120651894272
-0.6580230769614914,0.1856829868389043
-0.6418777385577585,0.17774270841431278
-0.6332829599443446,0.2000718413283444
-0.726733687142107,0.11103637062149853
-0.6587142722019748,0.13811917071934096
-0.6998221777566307,0.15932073385483542
-0.7267126607202141,0.10744960317772598
-0.6951187571573518,0.15402174663301776
-0.6791644194737092,0.1669308178866583
-0.6459511456058109,0.2045116677856277
-0.7091312054395262,0.1055672471689149
-0.674184421764968,0.08870523643236078
-0.680853847655245,0.08082323774933729
-0.6803484581984528,0.12252214779957149
-0.6870475720182808,0.1647745170269239
-0.6461466058699397,0.1497091252223154
-0.7129854833851647,0.11673318934660581
-0.6624138751917326,0.20369273742879426
-0.708061342667209,0.14124846371682237
-0.6648966918767156,0.10598218973008904
-0.6456765779835217,0.15649013289326855
-0.6840546740390246,0.07434014303680213
-0.7067920924527035,0.10634767388381221
-0.6764586027680043,0.09674232722589106
-0.703782737205094,0.1606572030432048
-0.6699447290050324,0.10194901180389014
-0.6720063046270972,0.18222978699655368
-0.6686134916379735,0.17398475283103831
-0.7225204949474968,0.04914130943479992
-0.659248145697736,0.21171236019703743
-0.6966568268062572,0.14583560957234357
-0.6753753450165771,0.1627609638165425
-0.6889694247833267,0.13788919344840248
-0.6772394965881774,0.09351812530764647
-0.6839868170201814,0.18257225652676812
-0.6406623805222565,0.16711528884270746
-0.7301925561563406,0.06914425094509334
-0.6994741354175823,0.17926144089137908
-0.7127851526724903,0.14665571792016716
-0.7184824366922445,0.0760550799399943
-0.6986431390809316,0.08987893904426264
-0.7199069293067676,0.11176164982720657
-0.7010748735050518,0.1121279390869183
-0.68853623695422,0.15428846118699016
-0.6874536590086565,0.1549586328037893
-0.716656938526837,0.1105831681962699
-0.6907722328871168,0.12763357809512296
-0.7112566653566883,0.10370716126847007
-0.6928789417454478,0.12801076141424808
-0.695292475963391,0.08308521361219723
-0.6998097177722841,0.13600708214203558
-0.6894304711921282,0.09103964583117605
-0.7132983689574486,0.08690571067912396
-0.7042364754186843,0.1315437068292802
-0.6708461004120396,0.12648265243308535
-0.6721472073084809,0.12457749365524264
-0.6978671291192419,0.08994721705290236
-0.6822470104819656,0.16823112385458258
-0.6883024991432075,0.1848783624427646
-0.712351397932093,0.09034827826410291
-0.6274590393440573,0.2297726225619395
-0.696426395705436,0.07149404125025531
-0.6833594684067484,0.07928223192935377
-0.6959382968135606,0.16350080131229353
-0.6746570872522666,0.18326651333216082
-0.662526490074655,0.20030199915543295
-0.7043115995377436,0.11805106925999796
-0.6753250434455927,0.1873989069410267
-0.6663157819142492,0.1744710460008979
-0.7047947894874431,0.10623004034040126
-0.7319610773508493,0.11632041777016494
-0.6456753786736813,0.15576463366754323
-0.700556569517849,0.16564745645617088
-0.6960656343390719,0.13212812342969146
-0.6871902799598775,0.12677129201121717
-0.7037299614758235,0.14456461800988302
-0.7048195002399903,0.06843475057526306
-0.7398334585990897,0.11566429909983465
-0.6434487843882146,0.12943778219450508
-0.7050011503256307,0.1326316084011087
-0.7285967757522782,0.11105970565081119
-0.6908446984015171,0.1614522736309948
-0.6811028062766068,0.10767874152450244
-0.6856194601456307,0.10422255244610193
-0.7425748506043421,0.0719806688889911
-0.653167716414265,0.1971198951769067
-0.6861795906994425,0.10169498213157634
-0.6977964545890147,0.1378356343201664
-0.6702339208165881,0.18956759690015024
-0.6569977451058457,0.12652438775535832
-0.6699076341039736,0.17698242041623452
-0.720601127116064,0.1371809174516432
-0.7315257097775139,0.11457233278234484
-0.7008313443422299,0.09436552499232365
-0.6329244860083211,0.1719783849246085
-0.6826532009401786,0.14809367197350534
-0.6807410131080569,0.08949173725009271
-0.6259243409292777,0.2172848089573756
-0.6554524215687497,0.19447714003240715
-0.6794917084674791,0.19549249663562224
-0.7283500236610454,0.10511859593669085
-0.7038002458305311,0.15683582231224144
-0.7039213775468932,0.15687164767533207
-0.6993926595905607,0.15865600781026568
-0.6693318419738508,0.1004390807313553
-0.6557035793626017,0.14347332945053004
-0.7064037383177062,0.09516344112136538
-0.7086641798190225,0.126941085824012
-0.6792567355998503,0.14480222728926373
-0.6633212006891873,0.13033233011025702
-0.6825684347421351,0.10958394154948033
-0.7346887986050517,0.07826214485495701
-0.7064888954202505,0.11937442684938336
-0.7172018928324756,0.16017195201075463
-0.6970947219081538,0.1000323203184689
-0.6713547317075453,0.20576986411802792
-0.7017130027479489,0.17516484624637582
-0.6783897870147443,0.11945372754397891
-0.6762693532060775,0.10972538539838964
-0.7059069911478819,0.1377933473278314
-0.7153903912464764,0.11201402491870348
-0.6519990880584389,0.21248705258548456
-0.6889491683256391,0.1338495919434277
-0.7329983259330294,0.10565239384164295
-0.7204095538787516,0.12587411412359906
-0.6518542147394765,0.1660641803772916
-0.7151865189137976,0.13186952395922352
-0.6617706066563844,0.18299053097064286
-0.7017664137826255,0.09037973857571946
-0.6301267178541052,0.18695395815834276
-0.694015876038674,0.14218624806659827
-0.6976746261476057,0.1708993261526774
-0.6519115748332456,0.13235560828424298
-0.7072591955488248,0.1365391288650027
-0.7349940324676538,0.0791824334409168
-0.7072798557017752,0.16106909162947966
-0.6737615057520187,0.14035184858134123
-0.6878365842553624,0.14791271526163974
-0.7434819060588078,0.09267645026413522
-0.7194994409501142,0.0556746567339207
-0.6958190288421306,0.12014847040887439
-0.7070307803453668,0.0928549344921667
-0.6754748756364308,0.12000518076365042
-0.6352932928759386,0.21237630166552188
-0.6672591353770303,0.18203634395817264
-0.6338097944972841,0.19335694301519832
-0.6698108809872564,0.1777491383208078
-0.7077651323967911,0.1413327804728292
-0.7322634779734328,0.05062547798264458
-0.6426589244073214,0.2000946259903947
-0.6929685064126063,0.17420149803272944
-0.7335668031965714,0.12310967733389167
-0.6653594971447195,0.1606095146805734
-0.7142148361194388,0.12386518328495905
-0.7275329368149505,0.1026393809717591
-0.6478924626577638,0.15646925738360798
-0.6762520588279384,0.1852779186964484
-0.7207208491746574,0.08891133514912156
-0.716416665991355,0.13984012571800947
-0.7021994198910377,0.11122700478736904
-0.7106674496712216,0.08613769096966249
-0.6807293501865078,0.14402011301676593
-0.6834569229225201,0.18319256028456693
-0.6832024609864852,0.17187955449134415
-0.7243161628312783,0.08908952145653477
-0.6945308038605362,0.15333932235814338
-0.7068967678766704,0.16089494747077698
-0.6798006082585177,0.1136961322445419
-0.7218362920381316,0.12505134586327354
-0.7019598456994446,0.07391787615969489
-0.6862211883919989,0.09995096545204815
-0.7074613262335969,0.10727083498446945
-0.705691836626186,0.13052890935005415
-0.6635093489078943,0.17655615713113643
-0.7376302336403407,0.10356791610848869
-0.6754933059479036,0.16380606924591704
-0.6785994335173772,0.1722192868241918
-0.6668923270295335,0.14454802004862638
-0.6757547130310548,0.10621563163813541
-0.6775326223706347,0.11357797093427141
-0.673209737352068,0.16828310773916622
-0.703499955667521,0.11106864891531751
-0.6944196920880318,0.13529259893882029
-0.625266119939587,0.19303444226038535
-0.7313533819729414,0.12492690902041526
-0.7337090291487542,0.08255538272002785
-0.6893607938978288,0.10314254870479987
-0.6494713853558203,0.1410220676055292
-0.6908378903581764,0.1912737025570978
-0.7187632522700804,0.10163406448434104
-0.7191265923836764,0.0816209598641716
-0.7332356776226018,0.11684700894605912
-0.6710207434252882,0.18147542455030416
-0.7292009506854956,0.09371237947661831
-0.7062302014300716,0.13768581728854928
-0.6958128359202767,0.09628928652916106
-0.705012455624759,0.14085131925213668
-0.6499951532764839,0.12102617963990601
-0.7270428351379805,0.0878937781873317
-0.7008419595733945,0.14421218408795147
-0.6848531370456036,0.08787667140432011
-0.6513500211571582,0.13651562415071786
-0.6754458848502632,0.16142763497610418
-0.6752383835514699,0.19240393932329625
-0.7037730933660982,0.1486460719180611
-0.6403254687604181,0.21983323685545816
-0.700555766488644,0.14440191892418852
-0.688408097258979,0.12023316270618568
-0.7052001905878339,0.11059922700252947
-0.719003622958684,0.0693320947440274
-0.6622268771196745,0.2117477660868574
-0.6714981654674806,0.15057438692404124
-0.6824058607128521,0.15533417246532022
-0.6745756081342804,0.19256649350924834
-0.7068991544902834,0.15170748717859836
-0.6744909501642481,0.19669643274098284
-0.6530489683353236,0.18252077352797993
-0.6879497645417092,0.13652093384388433
-0.6760948574446425,0.2053300575278231
-0.7170614647505515,0.07131547405762999
-0.6985804636362818,0.1193927383928988
-0.6699412833466301,0.14674444280939739
-0.7101072493917346,0.10538924671015164
-0.6882328013957213,0.09778206732113973
-0.6999736784694932,0.16546604713968155
-0.6516412027624261,0.128674492555374
-0.698038080176247,0.10884474769357681
-0.6786322696947953,0.10700996227135876
-0.7239055584340035,0.11877333136586146
-0.6744717162040348,0.19513844179792075
-0.6945697168200347,0.09926620984086236
-0.6699622227785716,0.15704990508494268
-0.7373577182423928,0.0989389984098272
-0.6813853794332932,0.14943627753598307
-0.6538194401833102,0.20533953124238194
-0.7016458076118546,0.12009070063238202
-0.6550738767541165,0.15691922801209068
-0.7086859527693589,0.0835058096510528
-0.70705212734322,0.11130774481343061
-0.6960660863102673,0.1780378476911351
-0.6940685343835931,0.1180681412397053
-0.6378352927156973,0.20232756095740007
-0.638297131778132,0.22004442505679778
-0.7352694327786542,0.09572541419716056
-0.6379825956096763,0.18207908194350023
-0.6363854505890535,0.14677450217029955
-0.7119774810709115,0.0878163338041699
-0.6735287930126115,0.10356609841286171
-0.6842008432651379,0.13375651314555756
-0.7218082652910018,0.07264347716164847
-0.6672434233867192,0.21427777020574168
-0.7232367502710683,0.10221010363149169
-0.6736160663022228,0.184480328588576
-0.7194845701755209,0.09634619215976109
-0.6878269769054036,0.10881546407313972
-0.7360170274938651,0.07975743504344229
-0.6757317455391172,0.18313710627837673
-0.7072054221537605,0.0890416337994475
-0.6711404525713591,0.12681861834984823
-0.7291717001034874,0.12641254707880675
-0.6438096499611521,0.17213827605682666
-0.6819398938626026,0.12733010784931087
-0.7290440909796153,0.08718243891878939
-0.6323814374821571,0.16900903002124865
-0.6762559406953378,0.09187255537775353
-0.685725191979367,0.15413562558012553
-0.6954975187230228,0.12733838710418163
-0.6518439764911047,0.17412862668222565
-0.7127221017720523,0.15141162910859565
-0.7048311797287944,0.10527488156546162
-0.68453884279041,0.15112421096651996
-0.7071823744573317,0.10503693211157773
-0.7095163663688548,0.11973045165680476
-0.7001485587268959,0.16522751125682492
-0.6505297604738004,0.16857044841611893
-0.692099437655652,0.08150638301788522
-0.6570976443344145,0.14253800887023138
-0.7107261077062892,0.14341450783591125
-0.6788782892157971,0.13329000991460355
-0.7223948103805107,0.10193153890343155
-0.724138601504996,0.11940453494599503
-0.7089715588900863,0.15312436455100129
-0.6316914322536364,0.1791420924365613
-0.6980574147935895,0.0970216151073518
-0.7136102770129961,0.1249704747663551
-0.6523164531035855,0.15965401021511197
-0.7153715356786606,0.10096686863204812
-0.6741575409778462,0.19123557774747202
-0.7150435894328447,0.09156360332646268
-0.660077616211174,0.15799627961114981
-0.7159402153435076,0.12668677138085765
-0.678150403103326,0.10728077875336506
-0.6846344635723852,0.1803773413941964
-0.6499295076268042,0.14602207812174292
-0.6807034460189774,0.1955964645554635
-0.6873131486955064,0.12766335179642596
-0.7052832674347955,0.14857418835509562
-0.6839427996319295,0.1874715279761457
-0.6845000458736556,0.12103008224832527
-0.6303854386695259,0.2237243324855951
-0.6629377696502718,0.19548451835147296
-0.6629563706611675,0.1335495009496925
-0.7029463431634131,0.1486122422068508
-0.6718960317485817,0.16757353161463825
-0.7070674969360278,0.1503717335034517
-0.6555548110674082,0.14697839649439154
-0.6786831238103742,0.1573806712512885
-0.6835099109676749,0.13993222851361053
-0.6459506754068312,0.1757014847427072
-0.6717666300992372,0.10967910044351838
-0.6973264230177136,0.119386153201825
-0.6645508659910361,0.10854749943856543
-0.6865173825978095,0.13192948071763538
-0.7174769799203877,0.09017200350532135
-0.70384707735446,0.12471102109442651
-0.6578424836555592,0.18158182008903637
-0.6810900240114192,0.12557253419918843
-0.710801937555754,0.16587613398709322
-0.6966489069676667,0.07844767325672924
-0.6923901191142224,0.18437026197823655
-0.6772507261343133,0.14479530976645943
-0.6711433106730347,0.20285047239580675
-0.6448870404653784,0.2081338717864329
-0.6534989031637658,0.12533208008141716
-0.7171324654327154,0.10396523312186155
-0.6280437029375021,0.19468149675716107
-0.7060568581379844,0.10705392813561466
-0.652543809117512,0.12746402861605557
-0.6936019114838311,0.1513671413257192
-0.641907227183698,0.15889247600380907
-0.6758465008496318,0.17382975268890016
-0.6906310254520639,0.1103714712876049
-0.6775940021406066,0.11765013704980463
-0.741416012458174,0.08054765673418902
-0.7117726298541966,0.0844457990564925
-0.7190897077164443,0.09507396648092588
-0.694982128304187,0.17240186716062045
-0.6792224038689803,0.11237100076030937
-0.6796384501077362,0.14671692474997983
-0.6907362384271843,0.1201496221611672
-0.6844953368075173,0.14805803934757186
-0.7015788345073726,0.14143689115982302
-0.7155792216038435,0.11598291749949742
-0.6858357803859273,0.1772877667065738
-0.7017836907660077,0.13963295210106638
-0.6648684526297335,0.16238430625603073
-0.6665001947557758,0.20941551391394103
-0.7141983968551422,0.12760136996468238
-0.7150820602240714,0.1550556533454473
-0.6820999379183081,0.1866784368613833
-0.6909531330241315,0.17445939153267695
-0.6797311214825981,0.1072643428890447
-0.7175358873574565,0.10509824509748632
-0.6683775422408191,0.10756177425598336
-0.7185323608249654,0.11646871422889407
-0.7157290571971651,0.11730718105319841
-0.6916483328439516,0.11829957530807571
-0.6672013734532442,0.13418454830117635
-0.684684127187676,0.190144448463225
-0.717513516766329,0.07186760056040799
-0.7018224667367132,0.15065573653151576
-0.6526688671643576,0.14902639639297766
-0.6721915941489509,0.19893892117444853
-0.6487433506564755,0.18254438780235702
-0.6711967379088247,0.18226465189370136
-0.7009369734782006,0.09998387243642076
-0.6756599317844104,0.1615601732644198
-0.7051323947235143,0.127585510492012
-0.6347776316455812,0.19275117366423605
-0.625566197597922,0.2065449177130364
-0.6782716487944754,0.18223179329336406
-0.6669964808541023,0.18397948115145596
-0.6338355601285925,0.2191121466944603
-0.7006161282799042,0.13909855212511693
-0.7013670468932693,0.15068157502533439
-0.6829580751507447,0.18353340981011448
-0.719426162708106,0.12765019665354968
-0.6827315340986945,0.10923539316247842
-0.6711739643592369,0.19821679261036135
-0.6838932692930424,0.1382089114218183
-0.6420434629239535,0.21443851929914165
-0.7243850936958335,0.09981238427778212
-0.7358994642637275,0.06820007755250473
-0.705702495385168,0.0859041539799624
-0.736865242506504,0.08586830849336177
-0.6725155417206149,0.18652828342793543
-0.6895623302655353,0.12845543954697639
-0.6852671828518029,0.15519979381858376
-0.7236494768897535,0.10050742623926366
-0.7121024174793588,0.14790124686817369
-0.7188045102786418,0.08225476699176856
-0.6545468322018124,0.16650497077132978
-0.7336972732254754,0.11145635413289998
-0.6853077969726029,0.1363406535000517
-0.7284472952376062,0.10451384533423559
-0.6592013733962294,0.17143177936774334
-0.736439518836128,0.07772587574036638
-0.6662531753338224,0.14846470834460476
-0.6504448497691425,0.20926706811895876
-0.673807032840683,0.14709922711029735
-0.71364263075794,0.13907976115020718
-0.6962580194122141,0.13493316367489103
-0.6376730353012019,0.16318470985101316
-0.7111093160863478,0.15119726366329972
-0.6889379411799238,0.15189716924938362
-0.6946049145721411,0.08545215327082586
-0.6846442560955742,0.1673848517744249
-0.7355320683074008,0.11094188882839902
-0.7056801882679182,0.10874574339226635
-0.659164912947388,0.18724565697493387
-0.6956162685301763,0.1634740891360516
-0.6623752739680746,0.14853428831767831
-0.6995241166769001,0.1620655173439001
-0.6684258431033446,0.14056074611674346
-0.7010459327186734,0.14043407116108672
-0.7198669151241454,0.10868275945738672
-0.6710015724337348,0.19106008638167546
-0.7230090259920533,0.14397192859553384
-0.7198540795492161,0.07968126849857864
-0.6506326085291582,0.213868704566234
-0.691662965550359,0.13408218065307378
-0.7000074973953649,0.12229238246002909
-0.6943763869344843,0.14416324917664705
-0.7083940860859786,0.10409647595483242
-0.7237624845514766,0.13968135168324264
-0.6446154214889667,0.1856836942737241
-0.6944536315982772,0.10426156862134832
-0.700154858416416,0.17580521709796992
-0.7157248848703492,0.09704176008679362
-0.7043483321889392,0.1578778053480333
-0.702551446573865,0.09275687001937166
-0.6883064979283585,0.15298686224448196
-0.6881118554663533,0.1540974165008552
-0.6914797060228729,0.09020590279686365
-0.6515041277738194,0.16295382929330016
-0.704814927551087,0.11303542648054118
-0.685913869061554,0.11977889429647827
-0.6411076600350911,0.19578098959935755
-0.6666546329205814,0.1276595192318925
-0.7330623935953311,0.11158756399099208
-0.6644128392314246,0.1464724354213761
-0.6339798802554567,0.21938945026778686
-0.6583447515153343,0.17000206996503414
-0.6551764557512054,0.16887218470518137
-0.6815564124937901,0.17469674111434347
-0.7381004739243624,0.09506541052733161
-0.7041080321727058,0.11991534484288632
-0.7238532093705096,0.06295834009653292
-0.7154600890297257,0.15853020108431612
-0.737756519876584,0.07187025334228114
-0.6937493579082268,0.12438267394013676
-0.6883004515703863,0.13724373877347917
-0.7130532851829197,0.14576700926499625
-0.7093877054196509,0.09828248954197961
-0.672672247779908,0.11067039578571151
-0.7201876610684533,0.08666211553355789
-0.6454952342178509,0.15160159925931352
-0.6786077208570057,0.1586047972408198
-0.6792170419965324,0.1352678077989611
-0.6980838871669239,0.11170067173047138
-0.7266551756046267,0.11292486010691295
-0.6887112521208049,0.1057721932491124
-0.7107705222439736,0.07942644287183019
-0.6403203877432522,0.19745941827700586
-0.7146090232249527,0.10627679629231339
-0.7342173239423176,0.10568307764737826
-0.6678850035929429,0.20470505916128554
-0.7115075982613092,0.12578085347190446
-0.6946753416914412,0.15687230693514084
-0.684224526329712,0.1138340947249907
-0.7042500727715095,0.1608023504237104
-0.6691158759608714,0.12817925617859494
-0.6537228972761852,0.14207478582203234
-0.6684971971569131,0.14216152352315406
-0.6771313280310677,0.16776968059704428
-0.6891661852289849,0.13845893362915443
-0.6662367414173372,0.1403898784553954
-0.6849046730670256,0.13976340063609102
-0.7009209223763885,0.10714402346680156
-0.6732681269775744,0.16441025858729238
-0.6914911244064142,0.15292482855653117
-0.6713169530681206,0.18820654020506156
-0.667714620147312,0.12631597510621909
-0.6955843294004962,0.12324560164268193
-0.733278968531419,0.10432467810381732
-0.6901372291788813,0.09057867098336217
-0.719175661157042,0.11804208867418753
-0.683544073617598,0.1872364600386164
-0.6765165971003564,0.16059517666935968
-0.6549025841996755,0.1333469301850499
-0.659980859987875,0.15630935927929612
-0.7116534280091906,0.09651782485190134
-0.6426354934979932,0.15695447918349492
-0.6689888747974065,0.14043193996626346
-0.7081873083867319,0.08301958495686633
-0.7172805852643285,0.13399355370076602
-0.6830254972175045,0.1037492323025021
-0.67111339321956,0.19485538718158615
-0.7091048366012158,0.09368841973991963
-0.6540203152641619,0.20117600732842286
-0.6594570198888838,0.17597573623303694
-0.7133968872301658,0.09220632257473657
-0.7351288551397751,0.07798146136514883
-0.6463277589425859,0.15447916138237106
-0.660743002879786,0.1645768043623563
-0.70888811154948,0.12193589871930101
-0.681181576332016,0.17681857251924205
-0.6741782391283861,0.1999054826361351
-0.6418997419850653,0.1788314524054781
-0.6972341014522568,0.1789369642877221
-0.6662395637124499,0.15320839210507875
-0.6843529275690524,0.09600696396899767
-0.673050831674022,0.1555273546734368
-0.6796865265401227,0.19268320863235736
-0.7226833045593,0.08717598873058136
-0.6926550749461697,0.16173447972804794
-0.6540995884490785,0.22060048586925782
-0.7004669588659559,0.1363962726382213
-0.6857535792449911,0.1380844260623706
-0.7039752166252975,0.1326283103083892
-0.710378377307966,0.1623127042468978
-0.7060742078072758,0.13582267921732122
-0.6805280923884092,0.15087411037866208
-0.6569331306913908,0.13291393221349612
-0.6540044335985254,0.11856224313721293
-0.7311739401894062,0.10384365378106893
-0.7115637790334446,0.15077199240540373
-0.6717348972289913,0.19506397461969907
-0.6741242104878264,0.15428918613316744
-0.7011785915256361,0.17765579647303925
-0.6616492495603367,0.17494160948201187
-0.6807430140104832,0.17923012871949207
-0.6553673219838068,0.19746384982343052
-0.6888230275949556,0.12520588575474764
-0.6922650171037529,0.13590641957495786
-0.6635583306971203,0.17504207112437578
-0.6627251227726288,0.17415404685022373
-0.7119824888728643,0.15198439075564535
-0.6905932652996252,0.153009526318811
-0.6726631108441364,0.18099154720836616
-0.6385046287308774,0.20761007973827836
-0.6887639967461745,0.13513383246636784
-0.7055661612271654,0.09018218248286398
-0.6678545980527825,0.16096761300948662
-0.6952497815866999,0.12155305188823666
-0.6725247087737223,0.1654623417876545
-0.6420838169779793,0.1987784121513412
-0.6855261477813939,0.15174500690124001
-0.6550826993728384,0.13685996885968219
-0.6579080730548097,0.1742748608989835
-0.710758523812661,0.14647034442277923
-0.6553497111426957,0.18858337267950565
-0.6849376086794272,0.10565717408326844
-0.6913580510300358,0.1254837482523021
-0.6556927244275168,0.1377314251134936
-0.6798334790977477,0.09293291266336946
-0.6938800901586388,0.11072493165175656
-0.7237953974928616,0.10474643641327067
-0.6605282052480714,0.1584901893152114
-0.6714114205708012,0.14749441599669758
-0.6798166910628053,0.1922763435082418
-0.6685334825178896,0.17731573844193704
-0.7235392241665193,0.08441225223379387
-0.6542288858575649,0.1739381599118854
-0.6466394517780375,0.14412044435777494
-0.7165550278556262,0.1298681602873138
-0.6743451494339067,0.13671883382133648
-0.7269639925720452,0.08104126070212367
-0.7306717786343967,0.10770687239516365
-0.704671154721684,0.1030028503278949
-0.6852601546199807,0.1827101959292338
-0.6646202640292341,0.16030413391420817
-0.632101633215905,0.17259852945127413
-0.6861438496276767,0.18422098147154248
-0.7298045065765542,0.12488372490008859
-0.7078525184293948,0.10880298390506453
-0.6653632962506136,0.20960259418008143
-0.6836075816375197,0.1103179504728057
-0.6817383143818361,0.129582334863779
-0.7090899453942477,0.16203213053126644
-0.7024718798281127,0.123758314905713
-0.6851222701532457,0.10880092889999309
-0.7256364869986641,0.07495224809439738
-0.7099791014068272,0.10677336794525166
-0.7084560399174525,0.1422118299843161
-0.7224363681215717,0.08876792479279239
-0.6796499598858152,0.17689665571187294
-0.7335492353911015,0.10323661044507144
-0.700912840933834,0.1515385261852997
-0.6965136639978536,0.14541372886872553
-0.703696685855674,0.1624150162853553
-0.658062159877115,0.19647036049467592
-0.7174771608175664,0.0945926470043557
-0.6634345310102536,0.13637287884654462
-0.6967980778532363,0.10270461684587255
-0.6791966906370044,0.13850866119089136
-0.6976852151389406,0.15896278499149916
-0.7049715015051672,0.16113045584618607
-0.6590736079987185,0.19496974606123268
-0.6625244751334002,0.11287480408498314
-0.6666381994628212,0.19024675178258613
-0.7288379978984332,0.07001691263151662
-0.7182278296925676,0.14538389713732935
-0.6634530556377849,0.2039814633727994
-0.6397205048948612,0.18614514021720177
-0.69583001035408,0.15974891320786977
-0.6474718394398241,0.14571970976596332
-0.6722569926667447,0.15818163540469346
-0.713033354757916,0.10768241365322133
-0.6572480676693743,0.21561597007175606
-0.7165296806615938,0.10544568015767072
-0.736289550580832,0.10574609065543784
-0.7019683996925982,0.12919336482423474
-0.669866664501353,0.15176298449657208
-0.7199513444093905,0.0811487297294359
-0.6401726429749441,0.21099931647799094
-0.6851454201625105,0.16773118684704208
-0.693611461211056,0.09274405051165106
-0.7073006966364169,0.13153523322504984
-0.65697520723746,0.160761764447233
-0.7075587479743967,0.07531830480679104
-0.6987665645809399,0.13666353066080164
-0.7057660818866582,0.09636345106657672
-0.6579640759352915,0.15446149268307646
-0.6908297867655926,0.1482153224640849
-0.691211890562627,0.18041822924817283
-0.7094608587591714,0.14939372373635587
-0.6652918118273625,0.1822391951981707
-0.6735252055482384,0.13137100561087747
-0.6960010444965584,0.1123313644915234
-0.6676018795990564,0.17230497199804115
-0.7097169620151599,0.1523542969902753
-0.6917728147904495,0.15385006132138468
-0.6822533946778261,0.11912908949352503
-0.7172849182544397,0.10615801698434219
-0.7267966099865016,0.11594998982386086
-0.6697329386687001,0.1822896274076137
-0.690795435928886,0.11963184914518121
-0.6848297934978462,0.1519620068020055
-0.6886291274221665,0.13090261266047679
-0.6808873794928815,0.10968629680968212
-0.7004073507192549,0.14090183664743794
-0.6919942829355938,0.12925148730722136
-0.672785558320381,0.18001111417427515
-0.6310171045683317,0.16765219276832558
-0.6684260849175211,0.20221027292535793
-0.7000665861609955,0.09879254161329107
-0.6526289475290888,0.19431699466532046
-0.7044956061600823,0.15190227214241792
-0.7283798222677718,0.12528638577355686
-0.6776772512376044,0.17304338805762595
-0.730159659987419,0.09791828235938796
-0.7250396042401601,0.10804309160493342
-0.6903758667400661,0.13125761769634314
-0.7055539910771463,0.15573583842372055
-0.6914230543118649,0.11196794077047961
-0.7112147285986158,0.12035228195954703
-0.665310666444034,0.1359633589648296
-0.703152599293858,0.10459869753192774
-0.6854308843970432,0.09395270746771964
-0.6615339657100515,0.12999344000072008
-0.7147016661977065,0.15483530732343515
-0.6765086125474677,0.09994650865301255
-0.6500510753932184,0.19017959800462583
-0.7211547853723533,0.11377797181952314
-0.6554548142625416,0.2021853484845981
-0.6966847583994734,0.1525407281060711
-0.7133035296188365,0.122189369598647
-0.6647895748197059,0.1266625144721171
-0.6901680051375084,0.1009509417013589
-0.7073366423500913,0.1511120756821241
-0.6968161926009638,0.09792403379046377
-0.6778906365109655,0.10203706134731771
-0.6917227907162968,0.12917269936179662
-0.6754690357899138,0.15904134290942884
-0.7093706302180495,0.11707742609641544
-0.6515369325341273,0.2018038729752469
-0.6683043059997095,0.1657062433998527
-0.6952210579751025,0.09721565380386876
-0.6936077657725381,0.1347118083053189
-0.6958800075395241,0.16018162464880673
-0.7154275969672778,0.13369357616437863
-0.6458387675460535,0.14598713813637682
-0.67664197741998,0.1397816926824167
-0.7145568320884355,0.07693443684936428
-0.7101190100788625,0.13584510040467168
-0.6681698523132453,0.1755373320623668
-0.7187029833369133,0.06954145311242606
-0.7212059730910467,0.12275733095312137
-0.6982948658919301,0.0828586628930676
-0.7019875514769742,0.12956732049541522
-0.6438789201968874,0.17516631793784507
-0.6891383351314859,0.15108790426010393
-0.6607444953664101,0.18702865139036742
-0.7304566864680059,0.06345177246807379
-0.7128728189310902,0.09602364409062483
-0.7000441890692034,0.14897625381747093
-0.6642241968510808,0.17153345274228923
-0.6489139700087212,0.15445225527478929
-0.7282830497685017,0.0950440730019194
-0.7079033972999588,0.14013388627005938
-0.6813377060767751,0.09938926358877766
-0.7146602698979444,0.1258821273425162
-0.6859208785182547,0.1507099760124112
-0.6712046368853739,0.17076159873516422
-0.6928074404806479,0.13513574875350712
-0.7230135639002016,0.08582715254634005
-0.7013700169972196,0.09791830961185312
-0.7234861536589713,0.11235825435617026
-0.6989334081383817,0.17005300826545694
-0.7222105293579513,0.12221318829255534
-0.6317381077322423,0.17593045881122832
-0.6490239651841763,0.1598743331076348
-0.6816335765594732,0.19283868478792798
-0.6772476070431231,0.13122463239204443
-0.6970849812322462,0.08414323516200847
-0.7255219667868982,0.06902542072765303
-0.6432638162897767,0.16869786119586194
-0.7097015507550063,0.11443883502363819
-0.7023959938842127,0.15134464565819292
-0.7142029830143274,0.12122005592830506
-0.6605365557147799,0.17631287565973375
-0.6868396393737937,0.1535493590456161
-0.6972453607399425,0.07940210346025045
-0.6733559946939732,0.14417066730297814
-0.7158930768330758,0.08389501749643098
-0.6730348221530306,0.10443800423479865
-0.7253408976908002,0.0894153683832679
-0.6833724703100853,0.10178370214583178
-0.669949150803905,0.15490161418521234
-0.7225130322213872,0.11981225785619491
-0.712652844640899,0.07494296380796424
-0.6952397975130761,0.09760101423277207
-0.6684061927238489,0.1689881934235055
-0.6337918274894468,0.17443507014116344
-0.667125127015036,0.1820137364845548
-0.6682083752793542,0.16587455279898425
-0.6976957834267342,0.16186950724963084
-0.7123671805376536,0.12542861691478294
-0.6441635055188163,0.15554926913957665
-0.6813464786676834,0.16924092566606108
-0.6480437986285218,0.1864770036168733
-0.6930066506582534,0.16710416948917034
-0.69497013510475,0.12753043151290422
-0.6793368949984956,0.13378204943218372
-0.6346058183602636,0.15490692758269378
-0.6666598112770787,0.19166110121224791
-0.6723857430210014,0.17488268037786028
-0.670784448033234,0.13169106858780208
-0.6467958633167878,0.14497632338999727
-0.6786467310495456,0.13146015853391307
-0.7033231694548455,0.1316568550409296
-0.6701767806415436,0.13283062047633537
-0.6511351205371679,0.1923644807871133
-0.6755611630316875,0.19375043760023988
-0.6898622079653848,0.09761593194936968
-0.6338439127769339,0.18654220243815225
-0.7203489283145407,0.09616807222613481
-0.6952316929144831,0.13259420742979136
-0.6637913617547202,0.12944890894474212
-0.7251922495422195,0.07873044292801995
-0.677218369392187,0.12192917649602555
-0.6803346163804163,0.126691134547812
-0.6653479276878145,0.15795259425883873
-0.6359501488850727,0.17503751490881578
-0.6922323342264366,0.0858868297186774
-0.7211127481135752,0.07111439210804707
-0.723186853946156,0.09734683759340691
-0.7033443483799228,0.07544780099308432
-0.6339620629888525,0.19760182652375757
-0.6903893831685697,0.11475389447602168
-0.6859927127990163,0.14340273173583196
-0.6866569831693107,0.13444485037125734
-0.7207351355257098,0.09092097768909821
-0.6996509848932979,0.15475788500964308
-0.6990671641472272,0.09125071567183728
-0.6708741256798881,0.11194004609095216
-0.6945350367344136,0.10054961190898377
-0.6693826384770721,0.1803973756967068
-0.6921651724006681,0.18018158083755542
-0.6413538157166886,0.17147316595944617
-0.7226091872904996,0.13298446280808973
-0.6693595152047567,0.1868444443149444
-0.6705216766438822,0.14656227267759395
-0.7086099823338644,0.1439214365899389
-0.684108988878059,0.13964020056343693
-0.6489914196114507,0.21029621409250568
-0.6920008724683561,0.10783322377122455
-0.7224287991903517,0.12892066451454898
-0.6952388653384658,0.09041428981073882
-0.6739429589896523,0.14992165451148845
-0.7024126215511648,0.12132041985046638
-0.7049270824425684,0.08999002500354526
-0.6790771879115269,0.10536237191819119
-0.6584242121666892,0.14380481392871824
-0.7064792545550419,0.12827306820881748
-0.7156060785668865,0.12735198412546472
-0.6425914578051541,0.15023838447875867
-0.7263890980080399,0.06702963629911851
-0.6733832890224007,0.11591307821493242
-0.7001498768707717,0.1248262097314071
-0.7067775550970459,0.14018133757586618
-0.692216070779596,0.13564706870110413
-0.6569914559666191,0.20594636869298868
-0.698487996998265,0.08943306999011573
-0.6535225245888654,0.1510760889681875
-0.654087138076444,0.15060118243430906
-0.6694590581831227,0.13227985663239653
-0.6688836549440944,0.18254724317302062
-0.7050082709267359,0.13222513902672323
-0.6404027578904802,0.1561757446329825
-0.7197392360611345,0.079276068632535
-0.6675451612146245,0.15838259827290385
-0.7037214221694206,0.10864758788671278
-0.660236823133948,0.12997691941558523
-0.6636655855047575,0.1175143022772991
-0.6615285671364742,0.12610464920763959
-0.6908374656350459,0.1040674597231602
-0.6669951663988077,0.1591081261449642
-0.7107785871521447,0.14582473999635376
-0.6907803381530854,0.13478631148627424
-0.6735972862999586,0.14789670820243309
-0.7036582188468805,0.12172699323952381
-0.6760121795800426,0.11018972746098636
-0.6850909546856059,0.1648747870832136
-0.7027441037542677,0.10647683903060598
-0.6635851422585903,0.19329284945129233
-0.6772164388513782,0.10392969155985414
-0.7032521331370646,0.12811294925122432
-0.6719337420800331,0.1820419126980787
-0.7004061252684188,0.10969246515854615
-0.6987594570737666,0.142645451148071
-0.6369919986531742,0.16997089260196557
-0.7001845797804517,0.10961301465980366
-0.694899992086117,0.16678310615468978
-0.7020687856941138,0.09969640398510697
-0.6829248794255995,0.15964578874755136
-0.7162716023734211,0.1413539930835844
-0.7075752389567944,0.09839796449798346
-0.6968320010090578,0.09097996788961998
-0.7137410162491951,0.08339355894341204
-0.6621170542697637,0.14933789399256997
-0.651871658027504,0.20245295002733085
-0.6456715677383685,0.16812313742789226
-0.7049580739379075,0.14631579974073775
-0.6980358767892343,0.10434864834124578
-0.7037877542665039,0.1582385361473101
-0.7093510910301639,0.14689425895528976
-0.6688290604886686,0.13723913707514207
-0.6980231156742378,0.1255790411264223
-0.6776754599631081,0.18434847082765035
-0.6477951817723459,0.21048410565796016
-0.6786448484661455,0.16836315293480897
-0.6931262433682175,0.12103869964872944
-0.681567456156722,0.16919088628461645
-0.6518335877201803,0.20977971149070884
-0.6694487158242465,0.14248985353189517
-0.6875254799315785,0.11397278004119281
-0.6847422486706801,0.10462515682385169
-0.7108040822953997,0.13200182243856212
-0.6470528286969648,0.21132372890265697
-0.6968380835296852,0.17705368939953037
-0.6586075506606887,0.15880420800250739
-0.6812984731669001,0.10184743355381387
-0.6778901962290937,0.18662432178315957
-0.6857451895702582,0.12885871246124753
-0.7183932210696502,0.09092097343838833
-0.6694617928077529,0.18631662834683818
-0.6774776794245974,0.1537877211947696
-0.7162228734798108,0.14343433977138131
-0.675131718403189,0.15474664945256858
-0.7259182699278699,0.08085631755137034
-0.6834969090046856,0.11339270612547825
-0.7187058177959148,0.10710401809588582
-0.6930921439240175,0.09853572330781453
-0.6865664932892761,0.13363769157568567
-0.6591342125254106,0.1737001444977393
-0.6919870249150896,0.17433155729971897
-0.7181137514647591,0.12335177626346926
-0.7007277983335324,0.16034500009659577
-0.6955699482725197,0.0935072849791853
-0.6906531609030221,0.14215330727386788
-0.7129927315793951,0.1282809989398296
-0.696202192114553,0.1364270822722683
-0.690813224398314,0.12729303276967605
-0.6692551999858479,0.19263377012191407
-0.6828873752763672,0.13907504410977967
-0.6961735322560666,0.10475994875428611
-0.6645221873523844,0.1797518381357683
-0.7200724930007062,0.1081149929364566
-0.6688078770344554,0.18185852639460337
-0.7133950792322471,0.15269747409006718
-0.6449991228185952,0.20677494390911827
-0.7128810146821521,0.11294618417990936
-0.6525631531506918,0.17224066755933531
-0.6612218143979761,0.19548918457869002
-0.673514500057974,0.13320937622313173
-0.7113634417785116,0.08022396458440804
-0.6786700964560285,0.11837661586322538
-0.6535445694551584,0.1817448489232475
-0.6914581955807869,0.16312445271700776
-0.6717643160681569,0.146236364701734
-0.6433812637476319,0.15470695044948748
-0.6948512896221535,0.1300034695389632
-0.6726401180125419,0.1624631187662202
-0.6549454313564445,0.1408687888052311
-0.7116746541318182,0.0731533620327796
-0.7200543549503233,0.11153065728669685
-0.666731606598234,0.15739069881810636
-0.7311665514146345,0.07993871196330517
-0.6963240733515697,0.1210937716534404
-0.6390925617869561,0.15873675087672628
-0.6612610561959086,0.20639392336931933
-0.7293350055402312,0.07154043485776583
-0.6440438606482767,0.2192634827485435
-0.7147359375233879,0.10928129614001143
-0.7220511056204654,0.09515966575360126
-0.6940862689771304,0.1354927929548176
-0.6984124918873851,0.095585233572153
-0.6689828811351435,0.14688462823965087
-0.6715239670858718,0.1247247348329162
-0.6887935226144795,0.18095972341382696
-0.684849578182886,0.15598984324594528
-0.6938436486118132,0.12220787019046413
-0.7107210460589084,0.09069240002915993
-0.6703553007803935,0.127585091881418
-0.687804067673123,0.13051171999203037
-0.7253989654387158,0.09796273777481006
-0.7027084991350719,0.16269892072566247
-0.7024873757699361,0.13480778711703845
-0.6872866299243875,0.17696494501441154
-0.644570007217641,0.20073002183827643
-0.7168516491446753,0.0903000145427154
-0.7217799270090766,0.07560158437661728
-0.6860029734646014,0.16564051082383927
-0.681810495265417,0.14666443371809953
-0.7314534137099018,0.10011208470065718
-0.6904927835940112,0.134817490390949
-0.7037612245493662,0.12551552761593893
-0.6848556757539795,0.15362609302869182
-0.6600983226871597,0.19327324470204296
-0.6928185072417373,0.14460790456185402
-0.6680318573896862,0.1642630548095265
-0.6587859330862224,0.1700154899655899
-0.6579821268428209,0.14634204945415746
-0.6476401440523997,0.13782794023817574
-0.669036684945581,0.19611044235979722
-0.6544398677348295,0.14913922815035527
-0.6917325052177793,0.10502935610255676
-0.6696782588236293,0.18791051635095246
-0.6857028872595972,0.10119863556319154
-0.6882049687599601,0.10431488513825124
-0.6996536841688933,0.11631899220346548
-0.704361721959993,0.1417160989750936
-0.6739477864744214,0.13203299773448163
-0.6903624319883465,0.11814355024422223
-0.7078005189472538,0.13074372002010637
-0.6702295557991035,0.1402318073428571
-0.7172660644926361,0.12616201334550753
-0.7260019891002795,0.12420720758804986
-0.684743418383749,0.1535311831990665
-0.7020326540314509,0.1420907040636344
-0.6609311135623797,0.20488574358511535
-0.6712440871102672,0.16956298782992046
-0.7008723348375252,0.15935953921252802
-0.6803712760959478,0.12660524695841122
-0.7133190647617795,0.09710194040027367
-0.708408132407307,0.08844144470741408
-0.7172890012280903,0.08336973151665447
-0.7068318243674978,0.11058084885948843
-0.6951076990891846,0.11022969172923595
-0.6680268298044094,0.20386100225891288
-0.674048064067771,0.1860994364996462
-0.7260916246101066,0.11650777545165482
-0.7108010390662494,0.09950089444844662
-0.6751603835513559,0.13152398482957428
-0.6659905255981043,0.16381088302434366
-0.7191188515503125,0.10203178276807046
-0.7255482503361596,0.08813821358891477
-0.6916746150605823,0.105927912437343
-0.6836117656815349,0.12990935412089313
-0.7223932710536832,0.11675947379663869
-0.6705979822604176,0.12593926361504618
-0.6916400626813393,0.10887019181738374
-0.6942412980519187,0.11511235914606069
-0.6620397800326699,0.1526345856915642
-0.7118206513008372,0.08763637819614364
-0.6907527222814703,0.14287157080372892
-0.7268645003086964,0.09574996215752322
-0.6652201697776114,0.20495825935453166
-0.6990537117473333,0.13110152250450935
-0.6989773833267594,0.14467047457623303
-0.6656872461237524,0.15715319703770228
-0.7014327633258277,0.1266104879497935
-0.6665216251479416,0.13297929905177722
-0.6841462525017286,0.11589350491694621
-0.6721688582170502,0.15001233650371404
-0.6658698181903747,0.1595778886299903
-0.6431290148368378,0.16664991417243097
-0.6828136070972912,0.15884279364019563
-0.6572977601938668,0.2148436503704209
-0.6732916744073797,0.12743503598006692
-0.6420104962461283,0.192249750586262
-0.7293344107970022,0.08945706708442706
-0.6862113901799576,0.15905537109263884
-0.7021007179599289,0.1260137826778037
-0.6953018629915607,0.1468399214476326
-0.6744883104005117,0.1871133624823583
-0.6947165141468052,0.13038609589698544
-0.6793796615258163,0.11953338239528286
-0.6663085668956947,0.1592932924178351
-0.6764429672905166,0.15090434286201543
-0.6972605471785832,0.1610957850921074
-0.7011089851176723,0.14031363147391848
-0.6871264097001981,0.15779927316154413
-0.7160643880213744,0.14982303200375183
-0.6843102795441472,0.18763457231923059
-0.6317983808081767,0.1785555957843997
-0.7201017112163222,0.11206746738930033
-0.6326965122130908,0.18036117281798997
-0.6881668369670386,0.18887643972071552
-0.6777324063249198,0.10577580482874545
-0.6768513793398757,0.18142658901800998
-0.7131981474096187,0.11853721805964781
-0.6930136558062159,0.14645739343487787
-0.6553564700769053,0.18245300960467126
-0.6379131725923809,0.19821454641765063
-0.7026543725715139,0.15706560805885014
-0.6792890770119471,0.12666110176608184
-0.683335721871311,0.1317964079343364
-0.7274338121871301,0.08418282602603981
-0.6618422080459904,0.20184289998000574
-0.6599445754140608,0.17249928271247578
-0.6912810689823491,0.08532973897546196
-0.7191875523310933,0.1320203686998356
-0.6701821550587647,0.143339353919271
-0.6672007473247903,0.2008150817284828
-0.6954072117314389,0.17097144596088862
-0.677832164913801,0.10607999617466861
-0.6975138099340537,0.16078304749777447
-0.6576272135498759,0.17085462329154108
-0.6751070328062192,0.16406261641633027
-0.6645363050229743,0.1698039314349879
-0.6617498708487233,0.11681149700178038
-0.7109767235624732,0.09580503395715888
-0.6773839314663376,0.1388690612959285
-0.7290465569144765,0.08499212225195843
-0.670203654984551,0.14694851838400444
-0.7146649234570807,0.1046359322702322
-0.707891545927087,0.14448920066572912
-0.6579520836745923,0.19555806248833144
-0.6840586275806101,0.11017027403121978
-0.685297947915816,0.16040490544207983
-0.6860706690512234,0.13692956855795343
-0.6757439597734692,0.15732722974557248
-0.6617788109385762,0.13300454170457474
-0.7133509358113466,0.07168332016016227
-0.6605032040113672,0.2103254772859268
-0.6955503246309611,0.13957582730925738
-0.6933373007398819,0.1039643854661091
-0.695591210666004,0.13885681446479198
-0.6779403419655071,0.1882153087508615
-0.6899633394064403,0.16038189930190758
-0.6676628516095239,0.18491566746378416
-0.6847064711421924,0.16454361125827965
-0.701931644449189,0.13888034348521655
-0.731690507306127,0.07377088570895589
-0.6955330041476024,0.16368665946162003
-0.7221885796709643,0.1049657791163528
-0.6722339156767604,0.13133528475891063
-0.7149984322907564,0.09323418512204097
-0.6759777513268878,0.1683755193144586
-0.664152522921034,0.17162646733009648
-0.6920480930394406,0.16604564764273277
-0.6572800758980628,0.16701722864383156
-0.6979622182264049,0.11554688912338693
-0.7112418497434682,0.11903037852397118
-0.6560201189313551,0.2088323886999069
-0.6670129711242433,0.14792733971435582
-0.7005255241575563,0.12102293272157408
-0.7139025489956432,0.1394914717777422
-0.6581646617009592,0.17702589266531452
-0.7092219777778292,0.11545871130969053
-0.7224469212016867,0.10941757264745178
-0.6374250915439237,0.178580970282103
-0.6914107780651187,0.1167932610326441
-0.6707697506268049,0.1316402250313522
-0.6501259736634123,0.1972347834365574
-0.6862021007127206,0.12714578068753363
-0.7054571009648376,0.16123424768780137
-0.6439867411634316,0.1449651079909093
-0.6591885928925567,0.16252513663002913
-0.6763329422334922,0.18356454485652024
-0.6857309359249107,0.10581419054673386
-0.7216813779729292,0.08645192936008374
-0.7176241181442321,0.12664185509492826
-0.6654281152165948,0.16257373561064836
-0.7139503549586352,0.07415287616378251
-0.6759452766223246,0.12821084012175368
-0.6904373827942473,0.10725178083603022
-0.7091507281877508,0.08450688459961438
-0.6910241201427745,0.12363711731406421
-0.6509130701451104,0.21518696627363634
-0.7074285703121553,0.14705726178654044
-0.6903493336403189,0.14216368892787765
-0.6709229083622961,0.15466805019931007
-0.7118098430803258,0.0768751626169284
-0.7271737074433873,0.09662096055412331
-0.7209537045838905,0.11109230694994611
-0.6837811429997692,0.10760249886533478
-0.6861623183926057,0.17520969782520385
-0.6918715934030363,0.13286927428810844
-0.7157913541612703,0.14282657610163935
-0.6546365625069385,0.2090964391952461
-0.6828090309144695,0.1185632613788419
-0.6517660390928824,0.1900733996800479
-0.7038941267309896,0.12682074233023805
-0.7057037351369115,0.11885374623729732
-0.6820050093490527,0.1462312614370451
-0.679246908240778,0.12859191517117227
-0.6593516838298453,0.14408300047382566
-0.7260960323938359,0.11173578880838976
-0.7160280373956668,0.0951048887768766
-0.6698553918618397,0.1707094640107225
-0.6822382285586622,0.12014166924498627
-0.6701329822178471,0.1081077963506878
-0.7050668798110946,0.10391969663262614
-0.6807058034458963,0.17594969196718033
-0.697885816148984,0.16345579637024432
-0.6462538446758321,0.2067265548616268
-0.6929372835955477,0.1744793393573272
-0.7187324512880879,0.13487342933600852
-0.7013012676363035,0.147563255126678
-0.6856504939073662,0.13853615839918765
-0.6565817121990863,0.14574895639801375
-0.7101702568734999,0.0789344876073349
-0.673522647281623,0.14385269348789098
-0.7207710246430526,0.1166404285996627
-0.6658795723378527,0.1947238901424933
-0.6778106945891349,0.1060693780849035
-0.6943918364627777,0.1383567679819004
-0.6771795332571052,0.1296524220033012
-0.6899116531972915,0.12368420330978684
-0.6870311857663755,0.16314296789596414
-0.7130767874139214,0.08027241065432277
-0.6909674821045788,0.11603730251560028
-0.6847570784601621,0.1682553825122285
-0.6707394384108015,0.10836114258027059
-0.6713813519927677,0.14096022471739647
-0.6935966638786827,0.12726665874693188
-0.6622380908696104,0.13921486916964781
-0.6752345052390502,0.13930816080108552
-0.7045929358082156,0.09513884784762175
-0.7176385857855384,0.09310155545514902
-0.6590294057466877,0.18361149069042246
-0.6940442256400563,0.13068850476088914
-0.6691568132899642,0.13590304298045255
-0.7115419144696701,0.12977153304587488
-0.6999579992059829,0.13722628463915987
-0.7131984410551188,0.12251755931454872
-0.6845230456131637,0.17653721696928493
-0.6759160789659266,0.1746502408217906
-0.7276411618482101,0.1001600199115693
-0.7257259929877141,0.12074771971707349
-0.6643456487113928,0.17738038217631405
-0.6573984063843251,0.16605044064883442
-0.6911915679170024,0.1277083947517603
-0.6358818334935809,0.1897163265835094
-0.6514862929423708,0.17608413983923712
-0.6822322038340272,0.14316723741577814
-0.7151794389759469,0.13509500657157572
-0.6622629780271091,0.20637360866991034
-0.7219880616548516,0.09204566903877144
-0.7151255683388748,0.10797516666903868
-0.6647639721041747,0.15634141238202665
-0.7295576341578933,0.07472874502400034
-0.6763457529204935,0.18501387433188782
-0.6594513131801929,0.1715027614503251
-0.6926403172904085,0.16842675321244513
-0.6970990102004503,0.10262242997775194
-0.6585994577235288,0.13659189040304343
-0.6655678367172425,0.17480832375395272
-0.6703455696900494,0.10575157565645146
-0.6668826541254091,0.14868882063104885
-0.7070341635692036,0.1121991341210671
-0.7044512191924763,0.0886941030101611
-0.7021681758446159,0.11244706233583282
-0.7060408166799034,0.0932036703080161
-0.6775418862740987,0.18989522555325686
-0.6729603018827803,0.20051597034174484
-0.7057766469389681,0.09937687342231287
-0.7156147544445609,0.13073159721982391
-0.6868383778126719,0.0944912179174085
-0.6414393062740331,0.1615667530113313
-0.6734120034830776,0.12452553040408326
-0.7214355832211218,0.09307820608327576
-0.6924853891250361,0.11950407776667492
-0.7050410713294661,0.13652958130477252
-0.6850064072562323,0.18782216462513324
-0.6668793165807394,0.15664006567702235
-0.6530804497388499,0.2069305641521108
-0.674073274920362,0.12032654619218665
-0.6738071788372154,0.18758970219220253
-0.6899255301091463,0.1282760529578248
-0.6805395905879931,0.17952343050858988
-0.671362010677556,0.16191080469931735
-0.6778950303711118,0.11188628187993759
-0.6833279272487341,0.16332979326189617
-0.7280913274944109,0.11433379083439059
-0.6921591872932251,0.10139298560142412
-0.6676231655533111,0.16423588011743956
-0.6495172624346215,0.18441946905945988
-0.6847307412964432,0.1526744599069357
-0.6674460567730929,0.17012191190037676
-0.6587466701482776,0.1806075170251012
-0.6579699053989411,0.12157870452135573
-0.6752492253711259,0.17211940596233016
-0.7268698588128703,0.09338983944704929
-0.7148877903779521,0.08473537504604306
-0.7210525328087464,0.10848260162060834
-0.7024664777279199,0.156118302928864
-0.7042197181543753,0.10370359075645559
-0.6379122968997603,0.18556585405352297
-0.681985017170689,0.1529699567932772
-0.7028273374881798,0.14772437148412174
-0.6992511394383945,0.15460442663903043
-0.69741929789175,0.08510908055244482
-0.6889709924308344,0.1719716624565697
-0.6513092110275709,0.18484435083151984
-0.6841362136704661,0.15965424970383718
-0.7070470036819655,0.1022949236409452
-0.6709187735479261,0.18444555369515298
-0.7140573639423762,0.13142885436569698
-0.6896984763032821,0.10155760074408261
-0.6770017210699095,0.18527477273620982
-0.7050486894326922,0.15822020326411215
-0.654412454148181,0.18722670458386878
-0.6894930605138256,0.159866155096171
-0.6848087311927951,0.16794038942422135
-0.6688727573283099,0.17890195553272903
-0.6854760767867665,0.12697268315575364
-0.674876619110879,0.131622460143679
-0.7027720696708694,0.13651638348468137
-0.6918206554944214,0.12351871965068689
-0.663950669896047,0.16413120880195028
-0.6396170874895318,0.17459386837107874
-0.6813475091106279,0.1499917252075021
-0.7067510664239318,0.12006475259061518
-0.7045404774072943,0.15740111769098966
-0.6840678123671954,0.16044981440631745
-0.6723121448864223,0.11067867938471161
-0.6866423346413262,0.1346363311952243
-0.6832704730022741,0.11992719016303775
-0.7042443586588267,0.10855994264074868
-0.6787217774687374,0.16686468811681407
-0.6918837947838085,0.11593527584441193
-0.6707113977467412,0.17049738561390712
-0.6690004617008751,0.1729619878382189
-0.6940141253128795,0.11453731232832966
-0.6845678610339172,0.10523720275673612
-0.6635512734104441,0.11880886479104318
-0.6745221131350275,0.14086158446004157
-0.6927720218050932,0.15295325980837116
-0.6811718848213173,0.11542886587572476
-0.6683053423936639,0.15237818062682235
-0.7057480969019361,0.10657429116885962
-0.7078834270498948,0.1469059728168882
-0.6980098019330938,0.1302138483225099
-0.6998922728091348,0.11134504352156675
-0.6418610782530344,0.1884160075355934
-0.696258959101823,0.1523943831991179
-0.6498879867616654,0.15928714632865776
-0.6391484954381008,0.1864115187410093
-0.7224520016916857,0.08788071555535419
-0.6647080625656451,0.18498965371596426
-0.6817653726541615,0.15402079851748937
-0.6974994209746693,0.12034139396362464
-0.6902742214075961,0.13554393647987578
-0.6795889316402489,0.1384231468311584
-0.6660376133407178,0.1520452445428367
-0.6425033407646151,0.18502883798302924
-0.7027329886441908,0.10812167622619255
-0.648868410459893,0.1450009575712386
-0.6563811960055892,0.1647951723704055
-0.6412745777161376,0.18906595946664576
-0.6475783703080301,0.16654860052124712
-0.6739285861837556,0.10947694249123426
-0.6896313064685717,0.09379186420779174
-0.6871201689316662,0.1881046505174667
-0.7010299897692858,0.1351378717140958
-0.6456544618347463,0.15503751082175637
-0.7013080910849955,0.13474634854046041
-0.7057730624479429,0.13577075378545275
-0.6802991802278564,0.1951157637076533
-0.7031626743568978,0.09613175686715786
-0.685659059926524,0.13448050034396766
-0.6572955142083768,0.12567858627645828
-0.68540413393285,0.16052959045067677
-0.6334986692550996,0.1835641725196618
-0.6506873706206385,0.1790019666204656
-0.6923936928654294,0.1370618987676149
-0.6878370174891568,0.10691787351064298
-0.6621790537984463,0.1730598825418304
-0.678631753361523,0.14745670019048665
-0.6729641567451695,0.1516168358082418
-0.6824862380177084,0.17501176105587427
-0.6950448099278881,0.13396329056865725
-0.6803647850579586,0.15724116850116307
-0.6797209572717583,0.11702400114941829
-0.6820782660426928,0.1522106475416703
-0.6720044938553437,0.1314142363929068
-0.6908181256819044,0.138601486859464
-0.6973781554941608,0.11928845619479558
-0.666479553122482,0.13129212732067194
-0.6390169789523421,0.1909643638271736
-0.6754049862883187,0.16203627930388062
-0.7132624416814524,0.12507368838569238
-0.6413132284786609,0.15416913993751563
-0.6869454225401161,0.17171700595077416
-0.708640532633386,0.09060721160614812
-0.7273078456908616,0.12109474350824484
-0.6809687678630715,0.14758080718001962
-0.6613884175072072,0.18616144050777264
-0.6461266415183893,0.1766457370879568
-0.648420292132051,0.21315510302278787
-0.6897521223792791,0.10330495837835316
-0.6494057066879312,0.20679574163274622
-0.6644720483218766,0.157438785489913
-0.686575061553844,0.1811934381329017
-0.6651094865241226,0.11757773932590873
-0.7144936953138941,0.1146634616351455
-0.7023119859736785,0.11115612731132866
-0.6487971421135152,0.20449700366428208
-0.683228527079765,0.09898958072077785
-0.6594802148495125,0.16281786459363845
-0.701033463913247,0.14215537578200046
-0.7023495650904491,0.09971165281824201
-0.6613867501539612,0.15408252758466495
-0.6859358407234695,0.11345976481037001
-0.6982643048029283,0.14375131119772042
-0.6595910597703569,0.18979743592093948
-0.671848467667525,0.1209006168541257
-0.6472225067565527,0.18467116169633543
-0.6848800236032753,0.12773395764317452
-0.6533027453505278,0.1485881226079271
-0.6682457699464125,0.12545757241892527
-0.6645395504824844,0.13627265015844917
-0.7182546799372549,0.1132271594534073
-0.6759098480584321,0.14883030327337962
-0.7004125995769142,0.12296696826006913
-0.7254393958152969,0.09498578054302491
-0.6928371950044342,0.14845008254838954
-0.6613156464807655,0.19587699801264927
-0.7092201161627973,0.13848718784236297
-0.6999584687834003,0.09943735040393224
-0.6514232057024048,0.1663120509169429
-0.6632293721935327,0.15907613570139228
-0.6348219361096102,0.19389963546573352
-0.6716775550582584,0.13066902590088902
-0.7096597650656962,0.12698349080916718
-0.6881771015972377,0.16614596672720364
-0.6631274723712536,0.15476009266562218
-0.6751127536774806,0.16620094881194136
-0.6560520744794065,0.1654124415165739
-0.6541682781635539,0.1777152645133648
-0.6592627359832961,0.18553873038612465
-0.677453942791123,0.1962884310948786
-0.7161006547432254,0.1361258887393963
-0.6615728520785153,0.20283130415973383
-0.6727595236574546,0.1748974696783692
-0.7007957652493049,0.1268655325436475
-0.6563290882697013,0.14925875800232324
-0.7045803743699864,0.138650665202021
-0.6523811369015092,0.18503567938865906
-0.6957608834077967,0.14197286175151033
-0.6346649214351829,0.17579531152730526
-0.6605014865863827,0.168465684287803
-0.6849397175348315,0.14877792828631078
-0.7037447620676079,0.09874731977984727
-0.6962829137170904,0.09990182531494
-0.6727691344074535,0.12036007517827965
-0.7204897387172908,0.10142150775483195
-0.6811945862914014,0.10529861613492454
-0.6695095225073188,0.11325167890537874
-0.6965875192630575,0.13217111309579246
-0.6673331168110724,0.15528644857087545
-0.6617847907678833,0.18274204448491563
-0.7034256642001774,0.12609405425620035
-0.7068959919768444,0.13194200446589285
-0.7166051669384438,0.08734697218433124
-0.6954184823511295,0.16847575370005052
-0.6854204500306383,0.17448041823219496
-0.7027605775873179,0.12548899458910123
-0.6618385191494907,0.11578015872918376
-0.662021754654896,0.16428666782078002
-0.6819391153768816,0.10462870847289411
-0.6519959985786019,0.1719995081672735
-0.6709110340179365,0.10700547317776161
-0.6435303724831296,0.20392733490310738
-0.6684885621023613,0.19606331032322996
-0.6865498147255721,0.13672462384461997
-0.6504354206465148,0.16916719861564625
-0.6895474650074316,0.11791237396972491
-0.6968976367461612,0.14766785786338027
-0.6417288261437302,0.19338103504590554
-0.68698380171706,0.14874927995358064
-0.6958376050308259,0.11528335358588876
-0.7195964486322456,0.08180981520681722
-0.6886650099034414,0.1742099145092398
-0.6844921422259771,0.17805865647455726
-0.6872573662763107,0.1346115040896987
-0.6352531093153164,0.19235599108188292
-0.7034453839963246,0.08556069220619845
-0.6926163979461817,0.09020378732518758
-0.6700579497503515,0.16004596571413693
-0.6814367014719153,0.136641161234412
-0.6830307409558793,0.10998784377813695
-0.7031115522630694,0.1409712628004934
-0.6933372109888861,0.16505754829246713
-0.6803141542404767,0.17158564432402243
-0.7049656782466321,0.13087368100622865
-0.6991181781790113,0.13888493403448138
-0.7015526137076094,0.16169016563142485
-0.7108489578025061,0.13511214006373393
-0.6456494322599204,0.15819412818108633
-0.68442948691344,0.13527933178943335
-0.7061154964277422,0.14436470225639925
-0.6579729327267023,0.13153011480563584
-0.7137440613687164,0.09544060198736663
-0.7039170374571124,0.08401408089467503
-0.6785959661160279,0.11571940509147277
-0.6543709208191318,0.1413511867355561
-0.6639351190840649,0.14799231193847556
-0.6732725182301688,0.15008218324129913
-0.6892936072721714,0.13933726459773405
-0.6831923061152343,0.17187933431778152
-0.7006445493752578,0.1530661504351455
-0.6887999334067472,0.14831283937500958
-0.6471106547826866,0.15802219683201027
-0.6823004162319055,0.17438642716832045
-0.7137471497186466,0.10485935143864175
-0.678185568246957,0.16496719565282117
-0.7244626913073359,0.10725884832251831
-0.6911313160442336,0.16707363803335282
-0.6592946838639411,0.14721793129445013
-0.6793862340660118,0.15394796365395486
-0.6860827315066309,0.1605750101498687
-0.685391683319419,0.11517270116139851
-0.6869141985636031,0.13537096353058162
-0.6410592101852826,0.20000534706449632
-0.7041245769240442,0.08918273571136216
-0.7081984002228557,0.1337719081241043
-0.6693313782523521,0.13301801748961092
-0.6604742747005581,0.17435647017586525
-0.6863849833861865,0.17914308442482238
-0.7039175052955953,0.09402434404043455
-0.6664330466626492,0.16170899943272163
-0.6905903817859153,0.16430156532293708
-0.6740059309298511,0.16978296348724967
-0.6802286986556682,0.1635501078156049
-0.7141471776961874,0.11474740368842964
-0.6760061192596892,0.10519275409397019
-0.677427187775365,0.14068793631718227
-0.6881748257835136,0.14407993282724418
-0.6855702857914224,0.1502505168491171
-0.7276508683999501,0.11260774831986076
-0.6917826498673763,0.144770636874505
-0.6453002766543049,0.18212624634451355
-0.6803049258415315,0.1309537854434254
-0.705269937185862,0.1506907620530801
-0.6785249954726847,0.133082211619801
-0.6858219624358773,0.1307859650229461
-0.6675849596241097,0.17386863129162694
-0.665443890776732,0.11841347208880453
-0.6398329126376874,0.18525660170334754
-0.6936886749565591,0.15542512329513913
-0.6839400053767727,0.1659382152331187
-0.6751670812563149,0.14936196722410178
-0.6871465475940199,0.10479643535970953
-0.6983869008554849,0.14248273106672785
-0.6459224798747859,0.17382827266494655
-0.7134691008297777,0.13910698061930113
-0.681271627996624,0.13654056162918612
-0.6938735395897123,0.13000391704313297
-0.687386587746093,0.17722058936211665
-0.680824236218302,0.1134410489477525
-0.7033693790930508,0.16078834420128543
-0.6862635627523614,0.17096587234010768
-0.6978981784891456,0.15186483327830386
-0.6981828108756101,0.16437338150222638
-0.6668676129511317,0.16655386315104093
-0.6825329326569596,0.13046612277790146
-0.7112538229544413,0.12554186702790715
-0.7011094311287657,0.13347162771152532
-0.6556315057305077,0.15898470724594438
-0.6648344284986859,0.12623133489845295
-0.7249272591404253,0.07763552786783062
-0.6723910986692273,0.13606741612687578
-0.6746498664095444,0.17512843740374143
-0.7247790551990925,0.11400535638188285
-0.657554963999424,0.1507346719030165
-0.695891896080338,0.13962608796137976
-0.7116258804601605,0.10078662462040011
-0.6804379565151571,0.18401628377067783
-0.6570809325235869,0.17371839561415078
-0.6770957005723773,0.12735051383759322
-0.6721106319854993,0.15125720641735918
-0.6725957157450927,0.19584963252840681
-0.6413400468312487,0.1518453606976821
-0.7271433067905926,0.08933055760665322
-0.6700141609752979,0.14397722636934
-0.7051480487014005,0.12315385907804507
-0.6772272895431858,0.1833519638906097
-0.6890992774704066,0.1672870408674318
-0.6367114109800907,0.1659723193461672
-0.6798372168133842,0.11014456777753524
-0.6817776777942208,0.10805052326297425
-0.6479485982377864,0.1861191635759281
-0.6649357167973954,0.17875259751500414
-0.6910079945704919,0.14838927211770037
-0.6654298324704953,0.18907283215971965
-0.7145921544987868,0.11699789939825167
-0.6959634811053876,0.13012364273339044
-0.7095880360186161,0.1251638066366327
-0.6689018523673941,0.17459296285588216
-0.6826039072535623,0.1752694656540214
-0.6563154594840563,0.13767100778053296
-0.6810468247446124,0.11190551936635572
-0.7107143491863812,0.08798508784609667
-0.694198174713553,0.17661096423080985
-0.6463701299814314,0.18422420540217826
-0.675789431945799,0.12176868935607318
-0.6513873360729059,0.18703785059288977
-0.6998224410307383,0.1310253264157554
-0.6696286781816648,0.11544630296274001
-0.6923734466367126,0.15127022090327652
-0.6589095546324407,0.21026581687611182
-0.6997400764073292,0.10462435921452151
-0.6941354555371935,0.15210696132930798
-0.6678713226637916,0.1566444104489971
-0.7078098414323821,0.13381412551307437
-0.7032258451714227,0.08476197053278382
-0.6823612744690793,0.13076036300131566
-0.6885197590467296,0.1762668122378596
-0.7151820675242796,0.11843301534668177
-0.6999850608304181,0.10375023636151275
-0.675580306521514,0.1634706686346233
-0.7014141425476721,0.15354960757515235
-0.6568475686953693,0.20312547052360128
-0.6804185335254022,0.18007874491162262
-0.675430898633034,0.10753052156620092
-0.6486408102141101,0.19040609386868626
-0.7161615939883464,0.12789174243863213
-0.706883182511322,0.15646242809995822
-0.6707704532532238,0.1684713517949781
-0.7163628696377727,0.10332316812031293
-0.6857831950077493,0.15416897813357297
-0.6747372866121916,0.16984644135016488
-0.6809255444975023,0.15583405156355012
-0.7090479826113678,0.12202741964392856
-0.6839924684050749,0.11969356690293513
-0.7005829619202414,0.09845853967250594
-0.6954103857368032,0.12459843050938622
-0.6448760620867914,0.17637826758557926
-0.6997745363987291,0.09792939809534512
-0.6799957833605014,0.1315344239397165
-0.6502944985082104,0.20089742987539824
-0.7202196573590534,0.08838265529170503
-0.688286045477985,0.1138831978656426
-0.6995715445983142,0.1469293320447619
-0.6946449439926078,0.12561448525560492
-0.6623358319720367,0.1945318452876635
-0.6820040809104101,0.14766177492369364
-0.7244169742423867,0.11416121096474716
-0.6423721360775729,0.19717509620257076
-0.717685456041405,0.0986917286136752
-0.6797731754193567,0.11889249809540482
-0.7170087095135196,0.08171878490117762
-0.7064901553364448,0.12926767693663294
-0.6844877465318194,0.13756940561836534
-0.6375170226297652,0.196286550140131
-0.6935285804992875,0.13965443923441817
-0.6541854080977001,0.14925491614237957
-0.6895399421645223,0.1328738170167179
-0.6666619976565713,0.1637585085886393
-0.6691112467873236,0.14443663632716802
-0.6994942222939733,0.0899186912347241
-0.6606972431945285,0.13223904607293108
-0.6548035248370775,0.17474464270337886
-0.6826379098478148,0.10771761438150192
-0.6836532798006716,0.13437774966972343
-0.7126710890312958,0.08085729239791671
-0.7081618636001886,0.13962344044348168
-0.6777913870147348,0.11209119908598766
-0.7049822920755249,0.08746487751053118
-0.6613789971422771,0.17813629999863967
-0.7144034817563691,0.12725507441961093
-0.6791264059249966,0.10260475291604722
-0.6787014312315814,0.11339232780095614
-0.706122714510103,0.08681659771673618
-0.6758829943958969,0.15346128194637285
-0.6794248587705874,0.15805813353469467
-0.6920163873299756,0.13884998489405048
-0.6732463564126018,0.18629711586052197
-0.7086462569894417,0.08097770646037963
-0.6835047635072468,0.13247937830011958
-0.6339355490068532,0.20038755911806733
-0.6958214428533861,0.15616436996040153
-0.6955527776767784,0.12569713088151524
-0.7111351217740899,0.10087597252047383
-0.712996430205252,0.13682394956951294
-0.7148969278860445,0.13220030906866906
-0.6902082703526726,0.1444863866469795
-0.7069966901414301,0.10980223584304562
-0.6812873368795591,0.11350128841832631
-0.6536548964147891,0.2070190632554937
-0.6350361860731907,0.2073295623726447
-0.6619878428868287,0.20776491781297712
-0.6543537931230866,0.15268733724867944
-0.6638715503148922,0.12495023397924972
-0.6673385181893414,0.17484482038776183
-0.6886584146984783,0.12562203014043202
-0.6726962808827821,0.14687821291929098
-0.6981310138989224,0.1236646381504117
-0.6546856296678857,0.20502989199900024
-0.656249177892775,0.20584894845519106
-0.6647311351564076,0.1521244579814411
-0.6594304030265663,0.16652162079214564
-0.6619869804169551,0.15415215020647988
-0.6706754581771338,0.17719411570676674
-0.6646513349261302,0.14671629103801967
-0.6550406116005396,0.19568507282177347
-0.6587028785363002,0.1579007293396584
-0.6742587682743638,0.1492944181223536
-0.6440873607299813,0.18302145300426118
-0.6990088294765313,0.11142843005788929
-0.6733777562037057,0.17015784790471083
-0.6536347366084861,0.17059841448221452
-0.6760216268292712,0.18611136482328072
-0.6508384550270215,0.1946832963035497
-0.7185927182374309,0.09197582061444286
-0.6810290172071389,0.18034607857005847
-0.6830184531241684,0.1213921458399236
-0.6717715148242094,0.14957036333056106
-0.676410811129246,0.15861082603801738
-0.686485183007775,0.17014833163804766
-0.6787401959968721,0.10984130592480985
-0.6945931488218761,0.17523025520310387
-0.6647182176769822,0.2034051630396489
-0.7026987430140861,0.13902605470396412
-0.6927450418072452,0.1524708671810127
-0.6534346831193069,0.19324851695477313
-0.6853495284468949,0.17766470246879096
-0.6718871050168753,0.15696650956163297
-0.656595022402424,0.18323635082477213
-0.7000054409229485,0.09158906785675078
-0.7007748508693742,0.14955633399635967
-0.6959276334568656,0.12983413906106026
-0.7156857834337584,0.07990258152467003
-0.6581655384264316,0.19379806281076264
-0.7077279994488668,0.12448361082084351
-0.665489563679788,0.13192707837539763
-0.6664745719608725,0.16826490044220402
-0.7133646986660094,0.11332701269129741
-0.6855395864913678,0.13365410051544518
-0.6770269269664753,0.1842597792021629
-0.709384876309503,0.09368090410793042
-0.7143180322544576,0.1155950621959877
-0.7231881312196049,0.08418356705107029
-0.6911455266184172,0.12601089824208953
-0.705268093788242,0.13725409995151008
-0.6560013586188312,0.20910846376512351
-0.6892896582139799,0.17283508150566634
-0.6993083734833705,0.10132397796783182
-0.6914917415392245,0.12303632739216519
-0.6917473588862671,0.11261290671825656
-0.6839455062741975,0.15001605010907904
-0.6874646160551708,0.17104410222318292
-0.7276043151197309,0.09558671373329516
-0.6607718350948948,0.1560479523558533
-0.6582040455172133,0.19832066843563245
-0.6660164730717992,0.18019330264921712
-0.6931779836410243,0.10633303891247287
-0.6655483332225682,0.12032737303839258
-0.6893624973447692,0.17961872462996986
-0.6554118484395743,0.1284638957325926
-0.7079651010024669,0.13428099191206974
-0.6869395688162101,0.12143457333155737
-0.6789869513167661,0.1593970623968627
-0.6691430819963714,0.14264064201189067
-0.6886479739975275,0.09561955879532107
-0.7169176213602906,0.1382519776648472
-0.6581033396097631,0.16354515841628264
-0.686742652743365,0.13556857324825491
-0.6819219729502998,0.1790051450061959
-0.6898831766677846,0.10475890368042493
-0.6967821194529651,0.10273715332042797
-0.6669081653622186,0.1883982679469543
-0.6416081269735017,0.15338266689747307
-0.6707822057350281,0.12266364583754334
-0.6837990139843185,0.16613549634392602
-0.6733088821215064,0.1664614793282195
-0.666678068139831,0.1810616020637734
-0.6839962006017134,0.15440495866736523
-0.7020475949319697,0.09167963583030547
-0.6913060222745698,0.12631288986723815
-0.6925561699121416,0.1566189668091121
-0.6632002463965395,0.1888262143793254
-0.6840838565216922,0.12913109590049485
-0.6791142846132059,0.13090636240837877
-0.650638091547428,0.18566034230078454
-0.6978356678787695,0.1252161204637425
-0.6871882110748768,0.12031468117008955
-0.7101774914603782,0.12990547217956055
-0.6874275410370968,0.09990850893182845
-0.673561501091039,0.13279979283252066
-0.6837209613669947,0.11335580577229347
-0.674344142199548,0.13861801649961425
-0.6667028047703355,0.18205110736029192
-0.6835841562092088,0.13240127429335105
-0.7209946247731328,0.10978207661007272
-0.7025963475973824,0.1466092520112596
-0.6876365020410287,0.13168147608078776
-0.6790718354779314,0.12406456834708264
-0.6697180221191738,0.13803373538436522
-0.6517067599846244,0.15697894113691901
-0.656447511250826,0.17831763235539538
-0.683453031929106,0.13770085392302026
-0.6769182110616964,0.11978719994185502
-0.6923374336238386,0.11451381161274543
-0.6724742018708707,0.1857673758547091
-0.6747601234177913,0.19135529567771956
-0.6873652332191067,0.17623111431616245
-0.683179798639322,0.13716499707161875
-0.6688356660268975,0.13559242092876614
-0.6838262964537639,0.1339865493869409
-0.6807600109972233,0.13550357557616735
-0.6762529357273206,0.12418186178543617
-0.6702941994420953,0.17154241016453609
-0.6781567138885694,0.1664805035845892
-0.666937216899138,0.15607123737091694
-0.7058484763952516,0.14619016215570557
-0.6858091701181145,0.15025331084346608
-0.6642406071422604,0.14300718976425575
-0.6925567826721395,0.14570420197953632
-0.6934719769475292,0.1300501456770944
-0.6623716028641942,0.1386166776033591
-0.6957454404375641,0.12822874599090792
-0.6714543579863739,0.12145116402103377
-0.6781340586769629,0.15776882715352922
-0.6746935104183804,0.1565110457743566
-0.7177228900370892,0.09160060397261278
-0.7126544746003298,0.12520105039551604
-0.6463098703338581,0.18870325962329956
-0.6580124206689414,0.18053114297930958
-0.6382128349413834,0.21076890932214848
-0.6885234084539796,0.09544030151222713
-0.6467723474450182,0.19185164598316357
-0.6500587368752806,0.1758275499402562
-0.70326173373333,0.11323210077873147
-0.6487892445865977,0.17895852886323352
-0.6911314318540948,0.16418760458776874
-0.6740658226491172,0.11329227757668092
-0.6996373684074582,0.09128661602629189
-0.6487744409851853,0.17753248588800868
-0.7106650574897788,0.12744722736370798
-0.6841355815493091,0.1262308645612317
-0.6818059871515437,0.1501461749597968
-0.7019865633074065,0.1094815655458089
-0.6943846499583107,0.09864262440788067
-0.6968203390505261,0.15345338122362787
-0.704888806642703,0.1362204282239487
-0.6878167952081522,0.15689229729245457
-0.6959720634270429,0.14468962443693614
-0.6991213635227462,0.09426714616852601
-0.7126561529296092,0.10797971558921941
-0.660401336837305,0.18000921368712072
-0.7002953897551574,0.13688979761119036
-0.7039308811686275,0.1572303763962222
-0.7203736614926352,0.1024544885294025
-0.6777992311348349,0.1144615938510854
-0.6907026802952586,0.12926244663459002
-0.6514972097251034,0.1814356791263831
-0.7262447135887803,0.11138230570241478
-0.6801604956875992,0.1396991394703634
-0.7123294593899387,0.1115192154189792
-0.7120617682830089,0.09952100310210507
-0.6817541397712135,0.17558409896340244
-0.6899293763899316,0.1222235378890198
-0.6703510360970694,0.1576140428434614
-0.651511016920067,0.17707060086137485
-0.6746151644314118,0.17430091323128113
-0.6684715223335981,0.15720788190715404
-0.6787307724048597,0.18326485950788168
-0.6680483638663689,0.19576957024158162
-0.6604561302159854,0.13570025140572176
-0.6669802318015009,0.15331595959253014
-0.7226097496750027,0.09892172626973271
-0.6495128301866696,0.20711241233298358
-0.7038725458777326,0.13665690752516244
-0.7017445110417981,0.12145792273098194
-0.6678941276157456,0.18610822307703498
-0.7004296802494221,0.10569652800370372
-0.6855384379551228,0.17987877970030003
-0.6847456056927334,0.1818324639738903
-0.716479298770552,0.0868599569689935
-0.698575829174707,0.10465378053809805
-0.6945686694526383,0.12113043353384169
-0.666522709503602,0.11401303013312654
-0.7063662828765062,0.1476401142561124
-0.6782773085488686,0.13924906706042423
-0.6882465861365281,0.12765345302018458
-0.6608462575116943,0.1834122110064724
-0.7279455577578248,0.10183693026826963
-0.7130848771214296,0.09047162891458778
-0.6552408868780125,0.17513393132016794
-0.6746759927069478,0.11910953405287428
-0.6963669247024192,0.11497725894547335
-0.6754023326747863,0.14827766725752545
-0.6675732554588829,0.17129721111957513
-0.7265884657729165,0.09842948358802069
-0.70108561282745,0.13492374367071217
-0.7101758349777887,0.0939807384036232
-0.6948590858908991,0.10335624062849769
-0.6906860700123651,0.14077887463667374
-0.6970202400071435,0.1134273032669484
-0.6781761897164494,0.10514735794714207
-0.6501674040879385,0.190076029476035
-0.6881856258120419,0.12174005371260117
-0.6523164168406747,0.15600329997570492
-0.6691671965699769,0.1895625351011869
-0.678297796651392,0.1109246282492208
-0.6595707252654717,0.160779696909413
-0.6611918270345208,0.18776481649054705
-0.6673773620454897,0.12325988684119232
-0.7160491898702941,0.14099118541132727
-0.6712400730164972,0.1705291665193254
-0.648695283385496,0.14453476584335107
-0.6552017076700581,0.19981476964527456
-0.6824061845381498,0.1408696745671948
-0.6715495872963709,0.11046096016576462
-0.7075391519561995,0.11949831578828735
-0.6999403312896533,0.09054714917843505
-0.6932387586525638,0.09250523535871805
-0.6929373256067373,0.09244816449503941
-0.6540606745626614,0.13353070195976988
-0.6831442657190493,0.12673406639835028
-0.7126239742124931,0.14138598425560006
-0.6904330424718077,0.14688027566602005
-0.6536682597150939,0.18530770193360196
-0.640977699077878,0.19056928359161945
-0.6537030016678619,0.19204263775043956
-0.6876188188510483,0.1148222043239484
-0.6858053710663253,0.1264584303828125
-0.6841924105783701,0.17299816438737364
-0.7008110743345977,0.09278036849888506
-0.7054720930859125,0.08520704981936272
-0.6729228432335201,0.1746890303408838
-0.6577792997025523,0.167134964886996
-0.6802259340136627,0.1725648722502603
-0.6414528851337731,0.19783346362027648
-0.7034331592845656,0.09665859992402398
-0.698984104299503,0.15275504628484543
-0.6950474975622645,0.1477678850278485
-0.7121898045225913,0.12645801337411697
-0.6563149178716245,0.15951912006776195
-0.6735641674641374,0.18777637403971942
-0.7008470936810577,0.09479179983901931
-0.7042314768508825,0.13466634363959473
-0.6602712450678367,0.20275739761030137
-0.6683418191427575,0.17951925377264688
-0.6848491996848378,0.14269087250595314
-0.677386363269413,0.16088380376008582
-0.6875914377403438,0.16281714328381158
-0.6701623211076229,0.18303079919189771
-0.6851431013416593,0.130622032560654
-0.6756494076352767,0.12085432247520589
-0.7181084704563536,0.1030969308845918
-0.6865293516964802,0.13098351723530932
-0.7073142852021513,0.1269884655301683
-0.7039345221733794,0.12982058079122633
-0.6762587091248259,0.1146776442460398
-0.6829925960757005,0.15577202774929805
-0.6652757724149945,0.1714708147039825
-0.6920610120433973,0.13581736488451024
-0.6948328587497907,0.11182085229043072
-0.678892751302377,0.15901585655548525
-0.673737152753551,0.18373346549970204
-0.6821704345675736,0.15762559430466652
-0.6585150431478041,0.13177315804491369
-0.6563933157487567,0.19120010238782845
-0.6897868421475115,0.15999524630183018
-0.714927964292,0.09058187601585413
-0.6948784580508263,0.1456578858817284
-0.6923298791813567,0.14053760429187054
-0.6771926987601412,0.17883966922333977
-0.6728398383424203,0.19551312949208327
-0.7092920234033171,0.08857502119157226
-0.6673808742209613,0.1726166251958044
-0.6754057958942993,0.1690613883461511
-0.6458602814728699,0.19898244861453682
-0.668822095273401,0.1270623329811399
-0.6780147853478503,0.1714629565706484
-0.6606622756314614,0.12856020977960572
-0.6991073215399423,0.12275857092048638
-0.6412905620425173,0.1705160684426716
-0.6896946924219886,0.10765093416643655
-0.6424424553007966,0.1955783697735407
-0.6926653681595462,0.13851234087971145
-0.6823963847365945,0.16074365779258262
-0.704077261315445,0.13174930541726307
-0.6703009374236775,0.1672546840107588
-0.6892973361812064,0.12308868025887888
-0.6553919716838309,0.20523304123741207
-0.7066759711403318,0.11304628745743092
-0.6353464940106532,0.16666830691861104
-0.6640079450844428,0.11887409048846596
-0.6939373824643706,0.1706064074958462
-0.6684002164363925,0.17206668533605385
-0.7240875017584747,0.08967893997189011
-0.6888717929646854,0.1382704308291205
-0.6996409142304533,0.09533548433558066
-0.6638505563910141,0.12201358323143319
-0.7027094995204988,0.131079153187003
-0.6865240950614504,0.11228550450178237
-0.6721017761414801,0.14849714069994902
-0.6888926888185165,0.17028551372221604
-0.7000608735851795,0.10880855443171251
-0.6664583800952861,0.1382849322087095
-0.6687591140638488,0.16033772440435679
-0.7037909045782131,0.14586662033028164
-0.6944940131593097,0.14283434563862502
-0.7048656280335919,0.1414261600194531
-0.7137379353707162,0.09950125482027922
-0.6779304959330194,0.1499167771549909
-0.6960960432870247,0.10154209274696595
-0.6985546859164742,0.12439052569954592
-0.706612066825149,0.11906491240533344
-0.6731024173785833,0.16204192359052114
-0.6634304954739537,0.1842530615250326
-0.6971707738849581,0.12567933950709365
-0.6920752942937292,0.1254305950326775
-0.6796735124460451,0.14072339842593548
-0.7013044206000051,0.16052835280918692
-0.6984388581756213,0.15829195323664444
-0.6565592397042899,0.18461066042543797
-0.6944723299229774,0.17410959112843205
-0.6899517306759254,0.1263911278530248
-0.7039843574363673,0.12040847175293148
-0.692557750028215,0.16055810015982114
-0.717702271698599,0.11218547602282294
-0.6813471664681351,0.17284154524569986
-0.6797479241580666,0.1555572748021874
-0.6819477483666097,0.11111215113578657
-0.6922464098351749,0.11858041571489399
-0.6762420537092313,0.16052608976700525
-0.6747448451703902,0.17679041434845286
-0.6939327266793252,0.11198458112984899
-0.7020344803967823,0.1495086270119894
-0.6474487943727408,0.16415567982115878
-0.6892041159360214,0.15516851613100427
-0.67571401129088,0.16996630600196688
-0.7032226630522631,0.14722380278920993
-0.7224076144073738,0.10458717830917623
-0.6978952506404763,0.14969935291130532
-0.7046923214927957,0.14161076423996297
-0.646969327840159,0.1780448087189461
-0.6785756420671738,0.1235221305752381
-0.709595193087039,0.1331225447684314
-0.6688058784776891,0.15121109757303766
-0.6916117596822742,0.15551251498897412
-0.6783192577308454,0.11123124091811211
-0.6567680488402532,0.16774398079987723
-0.6872300284802229,0.15904079423231188
-0.6866497450799044,0.14117048980855698
-0.6664030359963706,0.1409092469383635
-0.6884110403779597,0.15628825529106571
-0.6783140639032784,0.18186687033317298
-0.6517970162435174,0.15474652800270225
-0.6908945440684111,0.11914584092257148
-0.6654797927840883,0.19026415425722323
-0.6864120995596373,0.11022332139473867
-0.6723282615607731,0.16193552517929669
-0.7030550610668617,0.10363061363734
-0.6730652450345908,0.16259565075921198
-0.717115768998483,0.10690494017096122
-0.6923563121424049,0.14983912915542838
-0.7062869310519937,0.11560103953150128
-0.6961656177396975,0.1041503587203587
-0.6520595039924896,0.2093355554756012
-0.6747456487066142,0.1434614524388701
-0.6606368543906296,0.148661886905282
-0.6458095112104831,0.15579793299257522
-0.6933808473028084,0.1113529889656456
-0.7040216539746823,0.15868915791363322
-0.6762087345516753,0.17021105497964717
-0.7025844189018454,0.10693181950488041
-0.6642153206321044,0.1666737305072332
-0.6919027076589416,0.10048109901716713
-0.645942746971784,0.18347602562031962
-0.7009862339355477,0.11404994296016106
-0.6915820329372465,0.09589732136077182
-0.672464984032864,0.14455660070335652
-0.689996857163285,0.13352805751415373
-0.6383714690869401,0.17452471746370457
-0.6918500595604663,0.13333545143392445
-0.6391874872371635,0.21183351632950295
-0.6954363094381192,0.13833918356022704
-0.7193395989617729,0.10495931781518542
-0.6405433241666275,0.17463364560516575
-0.6694074360938171,0.2003048032719691
-0.711409094153375,0.11451826477269611
-0.6648840111878813,0.18522157324541516
-0.7118744103759256,0.09732772612335928
-0.6935112895046435,0.14573975176496404
-0.7211328605671201,0.09197745994532255
-0.661616851633631,0.1794228019138892
-0.6306270993171695,0.18733994545827828
-0.661763438512989,0.15056358769126665
-0.7158741078461042,0.09870948253665736
-0.7119710488889759,0.10440352278037929
-0.6820231863978901,0.17939709069855533
-0.7153980682919487,0.13526705956578147
-0.6803790061642299,0.12562659649919536
-0.6848228568382367,0.14520448966654104
-0.6544828097430724,0.15710600849238676
-0.6697182235821615,0.19252443597560617
-0.6950609475761387,0.13088860484647474
-0.640748547109956,0.19124641361949918
-0.6643995058946135,0.19579904625772013
-0.6943562681442773,0.12427470865545934
-0.7083057985842816,0.09219502476776482
-0.6654360583609513,0.19708468129835002
-0.6735215786408641,0.1870885822841645
-0.7012636066462328,0.09591213951712442
-0.7040982951887371,0.1356785071609104
-0.6713670275300941,0.16398587196882317
-0.6751266424215043,0.16933685604234086
-0.6987175642179876,0.1153985239424142
-0.6885404760736591,0.14858031190510712
-0.685315280677699,0.1387986444416587
-0.6870092492077801,0.12188764252953391
-0.6492378209476207,0.14916570210932314
-0.6874312443820629,0.11232852259874636
-0.6520954071620232,0.18170844334920705
-0.7012576723138909,0.12575470845356101
-0.6635375315034471,0.19763246551949415
-0.7086705596945203,0.0855848957373201
-0.7049413392591787,0.13184614285573806
-0.6473821872613519,0.17142920748409943
-0.6517769498123074,0.17985572269068667
-0.7117364600153058,0.13605819782056894
-0.699217519239861,0.12789743332972897
-0.692145534728212,0.1278746633917129
-0.6565773365554907,0.14229775144782983
-0.6537209449155705,0.13388117095181595
-0.7053544188624369,0.11406004580302678
-0.6398885111903516,0.18149443825895936
-0.6804000430816987,0.14779095853882954
-0.6424794913351588,0.17273877540528415
-0.7149763897387132,0.1312148058872934
-0.7138383469664554,0.10602517073411652
-0.6899935864029245,0.14995343601115213
-0.6759416316407055,0.17439712685546666
-0.6847226138542467,0.15821390527319834
-0.6556279858433041,0.14908113065167325
-0.6552162129666559,0.2059830706357185
-0.6695777944156961,0.16802826357662054
-0.6687001266135166,0.13718244461635412
-0.714325862109809,0.12392688994232653
-0.6972715081194522,0.15765159394921344
-0.7011219076710551,0.13301710566750194
-0.6849458499803368,0.11914880916167798
-0.6956151901284001,0.1034352291847396
-0.6776143960257848,0.16184056893749327
-0.7053763836193582,0.10899013415697596
-0.7096615877219286,0.13172624150836149
-0.6867372993794354,0.15139631161711695
-0.655322017508906,0.16697494827271303
-0.7190978205044156,0.11411183448301868
-0.6613354432638865,0.20053809805967157
-0.6958860949454695,0.130969291965919
-0.6685155725472132,0.15237898533849065
-0.7171630812061313,0.12380487682068939
-0.6834671805894792,0.0999268086066405
-0.6894281375136861,0.17788938420184355
-0.641194717720338,0.16817267985293388
-0.6856647783582486,0.17649798664337316
-0.7147012949632827,0.10944632762404366
-0.7089230832066293,0.12463542112607334
-0.6977344928956454,0.1357092195255774
-0.6792416331811594,0.15802854572500338
-0.689100646607417,0.13925376134861503
-0.6511518180651723,0.17967861432447402
-0.6645270649219138,0.1855775505034506
-0.6834095625068084,0.14540100706146963
-0.6941085771246259,0.11081872695815248
-0.6745728430102634,0.18789522255463467
-0.6618504431157024,0.1939508603737993
-0.6927830118260738,0.1552126599366987
-0.7112255523584254,0.11795343080461135
-0.644981075001318,0.1741387413256634
-0.7145513799802503,0.11614055518685903
-0.6888568344426635,0.1357026668330802
-0.6903270351453029,0.1612608969503706
-0.7097874821741834,0.14707242471062862
-0.7028749312883033,0.11635856494686182
-0.7104201484079375,0.1160020808740409
-0.6367221537490148,0.17193454162902982
-0.674077568930024,0.17253279697996796
-0.6840276165479281,0.17105037464661654
-0.6470322836925585,0.17193908524225338
-0.7135946048029628,0.12555482155685885
-0.6409743295897218,0.1890695233842862
-0.6661999849960005,0.18369690745912956
-0.6993520561954394,0.12066997062034224
-0.6563939431533026,0.16654040520281388
-0.7103339427257753,0.11654461974731624
-0.7027057674757567,0.14572910044592488
-0.7044000264768522,0.15646699933955166
-0.6875204761439877,0.18074864245038127
-0.6801131996266042,0.12648198139489988
-0.7068632946073667,0.11151500020260498
-0.6562711379161483,0.1418201400188878
-0.6785042628945285,0.11076855212493482
-0.6634695194636829,0.1708113121854821
-0.6958723475474868,0.09764180445443021
-0.6867548888765802,0.11451775551368965
-0.6535367832900358,0.20978503183407232
-0.6852258652624317,0.17678511116079235
-0.6611303867737804,0.14258657150296394
-0.7004881204848759,0.14545745543022875
-0.7106347542615843,0.1239066864198357
-0.6870809565979623,0.137598435143913
-0.6648696645143488,0.16133673984739128
-0.6893706303726962,0.13629544738702506
-0.7150554073806332,0.08791933485503615
-0.7069235680888777,0.12655157867653533
-0.6719604702019023,0.12504392144629614
-0.6895107219343222,0.11109399914824487
-0.6600536907350154,0.1725306471803254
-0.6374822214952394,0.1793066626697109
-0.7053692950856151,0.10250303940281497
-0.7236415700357061,0.10310556621762704
-0.6512722199596434,0.21103710088586095
-0.7072039098858313,0.09171166440979497
-0.6661456900912817,0.18335538210393704
-0.7058623138805704,0.0989765891320194
-0.6943049508573815,0.1348302889129162
-0.7173167336792132,0.11539906594961205
-0.6784489698555595,0.1598449294068188
-0.7082938947775634,0.13866561271710956
-0.670891459160734,0.18666040701388872
-0.6543693030984306,0.1511448856855616
-0.6625152476567764,0.2024752646677927
-0.6677989659377891,0.1593451228648102
-0.6981508637363352,0.08840374277312325
-0.6666593755058388,0.17787290801864383
-0.6868689358313277,0.12047475555455897
-0.6707139652443967,0.13125274677327095
-0.6806005091280248,0.12494709591121698
-0.716941041494897,0.12948390881890748
-0.6584580856693869,0.1921831478341686
-0.6674102155398346,0.13608973554073717
-0.6969693841767229,0.12148685109529979
-0.6966438143218449,0.16379085099970864
-0.6736602647647404,0.14853546129095196
-0.6553772338283397,0.19588585803634656
-0.712465490720757,0.09334009493330393
-0.6819260778595158,0.11287679893619543
-0.7171206052016655,0.10639105100230713
-0.6647423921457586,0.19198998062432315
-0.6819254017698503,0.1618752356397116
-0.6572042895796261,0.15238578439331885
-0.6926766411744204,0.09772462701805817
-0.7050773178401272,0.08988447166441063
-0.6662898744140802,0.1344769756513446
-0.6639810111174093,0.1825056916267092
-0.6965377222816787,0.14404776217835485
-0.6769542608904514,0.10504178829773403
-0.6547700031891914,0.14014881547846159
-0.7080018305694262,0.11951369441042715
-0.7046023366584673,0.11456478883260998
-0.684181467987884,0.11682329804634117
-0.7108677300164599,0.09234760707919609
-0.7194007920519665,0.09059365512578355
-0.6819065984374926,0.1341146567502937
-0.6505422750651,0.1409059145616659
-0.692626907980185,0.1361066016415489
-0.6832164336525507,0.12862562677621112
-0.6805706669510097,0.12987543086851436
-0.6688631300679041,0.13717990623115864
-0.6987331423163775,0.11536878398531156
-0.671051621423294,0.15644861834650617
-0.6863743818951022,0.16285149577301433
-0.6835276636752368,0.14366373258640822
-0.6485134671410973,0.16179291147829958
-0.6705884071442074,0.12225998882974483
-0.6535495207800817,0.14371982163314106
-0.6867212858518882,0.17062277365499504
-0.6349219265836671,0.16727480855569132
-0.6668366932589187,0.13598878255660687
-0.6564509923029556,0.18889200946881518
-0.6744819841582141,0.17396770639247164
-0.7123867094740056,0.13617081408714657
-0.6966998172817638,0.12217455984127494
-0.6714703107768801,0.18607957727078073
-0.6875679747612853,0.15946498029578887
-0.6734905461528676,0.1802403628952944
-0.6532381121078913,0.16223101454743735
-0.702333340782559,0.10513572364270114
-0.6787655985335572,0.14934913292612634
-0.6966399738778425,0.11252575464912361
-0.6713572493309284,0.14958501158632012
-0.6891118193537148,0.0991885308780649
-0.6996878535742722,0.11546754357204048
-0.7052563375985844,0.15119322155089046
-0.6763304851501935,0.1483027641635032
-0.7019952316600815,0.1501295525431243
-0.68382477524878,0.11070165076162056
-0.6870577871156931,0.10795510020337618
-0.6764203474994329,0.1778327667845481
-0.6896809183229078,0.1451213323254639
-0.6697821034222547,0.1613204664394028
-0.6862579052218748,0.12101026965598884
-0.692535048165186,0.12095347073767557
-0.679515739500251,0.16973582575938098
-0.6768306338238913,0.17424449417576476
-0.6744991070145336,0.1381179177431333
-0.7139485085365369,0.11204272169093381
-0.70006375304013,0.13634171236708223
-0.6688977475432379,0.11798960908302951
-0.6554477473331805,0.14032815225601034
-0.6837958756585875,0.16169963847598043
-0.6931590589157676,0.10426785605468768
-0.6542258516431586,0.19231550297189545
-0.6840016730732578,0.16218470656432515
-0.6464728167951909,0.20433784382507705
-0.6690388527661024,0.17215642811492063
-0.639627281315414,0.18948660112543078
-0.7144811431349938,0.1275798828121312
-0.6861658275686706,0.12204051856882749
-0.6848806346586698,0.13288701679227777
-0.6489314077086423,0.1480293658763146
-0.673982185033749,0.12122429209978948
-0.6906656765743874,0.1273928939350865
-0.6845431555612013,0.10526431916110679
-0.6913578456306575,0.1594829349171271
-0.6835948605732423,0.1473329338673031
-0.6740000212408526,0.13309497722171354
-0.6558031104518011,0.17127047067509046
-0.6686558657198848,0.18677085738857122
-0.685338847216192,0.17514716412355597
-0.7014409021060856,0.13159770316934782
-0.6965783924124737,0.13337791730197784
-0.6663426096744485,0.13307744652389403
-0.6646157243823582,0.13189392348693058
-0.6812321890614785,0.16678307629302982
-0.6730351108958165,0.16728035610012043
-0.6870619416866489,0.1299508388688221
-0.6732202108308641,0.12914214538910115
-0.6772318352345355,0.14727967873807488
-0.6316192383700596,0.204513642569286
-0.6915726967031725,0.15144599658029623
-0.6930171510371838,0.12920869509549743
-0.649715260565408,0.1976904720273461
-0.6957807049403381,0.14384770118819803
-0.6603798000167278,0.18656655874173955
-0.6913519736904402,0.10878063803093892
-0.7034293858030274,0.12285227127443449
-0.6936356831589098,0.15731834243428947
-0.6730476551400008,0.1621217837532672
-0.6968787521903692,0.10717785744260816
-0.6963145641632668,0.13471586728269924
-0.6682339811573719,0.1836283653724426
-0.65637064008777,0.16104765684113906
-0.6699246567912509,0.1792242245440234
-0.7038495530607406,0.12275604526763884
-0.6992520573082824,0.14342768608348044
-0.6854103735622372,0.14491042018278336
-0.6980381766436369,0.10439486688643376
-0.7122993323008894,0.11898589055616032
-0.6735103246496753,0.11766672608436521
-0.7056769174719041,0.09106130156390536
-0.6606022885002623,0.14787591057153468
-0.6588735862518073,0.19069055888445224
-0.6703739844160369,0.16222079211241539
-0.6776681546350904,0.12041310729564776
-0.6722754104486075,0.17168739231580307
-0.7030475873145318,0.13294053272833195
-0.6752283295621029,0.15855298954458608
-0.686412494700097,0.12354894795859671
-0.671529509234408,0.18527661642721108
-0.6658989184260503,0.19307494980301923
-0.6565149400126353,0.16918857817392485
-0.6792257547956143,0.19101323189877686
-0.7218926113454165,0.11706326934193029
-0.6730660124117408,0.12604767828639174
-0.6778047471533793,0.1560586477923919
-0.6461594430209632,0.17761142729110618
-0.7200235590483614,0.1001721273180011
-0.6841527417688484,0.15440033544624196
-0.7177741449863271,0.11806228582430119
-0.6450683817475,0.18142222350299153
-0.7176495803207698,0.11409520537953934
-0.6449528640825423,0.19448815571521028
-0.6595466595291521,0.19265478202267786
-0.7129347859491556,0.11396345719593619
-0.6861204712543157,0.15142766220031298
-0.6388163838571169,0.20428153629240575
-0.7137723737346756,0.11383531507984494
-0.6467566305711144,0.16550786960148223
-0.6762641216288785,0.11989494969960754
-0.7226689711265617,0.1016652753504504
-0.7085701137636602,0.13167156959065182
-0.6857533097690025,0.15163396289379238
-0.6922939718971234,0.1505447518191003
-0.6937242886471086,0.16066937767558073
-0.6439845342238452,0.19778905948115505
-0.6511441323724085,0.1961165333582593
-0.684618222553106,0.12266527287019022
-0.7017135067304963,0.09673891142082625
-0.6862747257995022,0.15019196909004295
-0.6769169505487327,0.1708985020334492
-0.709758782277459,0.11026780173098409
-0.6932988225381514,0.15231197531780993
-0.6701938858053287,0.1770295049650768
-0.6741800454983349,0.1729625597524325
-0.6600380299964668,0.12224694703067411
-0.6535290386818181,0.17765335949344704
-0.697756396302313,0.14357323093757976
-0.6911599824948682,0.13991609971813015
-0.7074172577609645,0.12611631329401346
-0.6573707193103396,0.1954734210559982
-0.6407184695110072,0.16737959011399783
-0.6915016741666862,0.11489085126121724
-0.7100586198239609,0.1182414816779799
-0.7005990755299879,0.15299567771385694
-0.724086167457721,0.09975708578004965
-0.6811916452691293,0.16917512518146843
-0.6463281884959037,0.1702663877580539
-0.6753739365017525,0.12067704843268533
-0.6717555732166111,0.14224664468373174
-0.6878459336412528,0.10884147337437867
-0.6572711509970496,0.14612297727135806
-0.6397171920997369,0.2025780190499584
-0.680570638194561,0.12704261233387884
-0.651114863676586,0.20173789438043027
-0.6922867053013174,0.12016229738591214
-0.696876446595821,0.09943180732629509
-0.6743029728519286,0.13805348552636992
-0.6566727478899592,0.20129293899351755
-0.6554318552223178,0.15796650890697506
-0.7218249684872899,0.09491349644896065
-0.653234677864291,0.19787040227124003
-0.6570821599646307,0.16411713878255108
-0.6713541979674276,0.12056807780110655
-0.6792698683834824,0.17982147550614092
-0.6808346114465765,0.1511511317626312
-0.6799805036704519,0.13314912953315527
-0.6981529283622153,0.1587929528860046
-0.6879554704544979,0.13588033105696798
-0.6732311299302908,0.16908336998572368
-0.7049764154790137,0.11269698913062907
-0.6713515215509148,0.12860413614708366
-0.6716846405444062,0.14017081395513398
-0.695595890696259,0.1032898364383847
-0.6747373645896289,0.15194390290225754
-0.6572897457775159,0.15272380179618877
-0.6755241062179274,0.1730181177574721
-0.7125659697069048,0.13615555014455685
-0.6581054643354558,0.19750140349477716
-0.6891729081766252,0.12003131911887926
-0.6817145464772724,0.11323937869889879
-0.6837402282838594,0.15512300889256556
-0.6877681387224082,0.1612557399474358
-0.6574046637935225,0.1922536054238405
-0.6751648185901385,0.1289985373288415
-0.64424201130209,0.19577356267493395
-0.6780374413263601,0.1234373996175357
-0.7176751842140894,0.08873100731644934
-0.6858363915113516,0.13223947175454215
-0.6778334830883855,0.11526415625752433
-0.7154831954797533,0.08508425680089017
-0.717394417312799,0.09994714493641249
-0.6925777525217441,0.11385522786750903
-0.6830356873005293,0.16013843018740212
-0.6883668220526581,0.12906334924466378
-0.6787846845878694,0.12331063163802594
-0.6689721035656161,0.19381360563671407
-0.6768556070204168,0.15391957293242117
-0.7052698257190475,0.11606142430626787
-0.6597833481058973,0.13815212726203965
-0.668094231962165,0.17277660907761955
-0.6955496993845234,0.1461992580007143
-0.6501153201831466,0.18132977638764142
-0.6658827844586391,0.12872091644290184
-0.6481585467298702,0.20286936975162087
-0.668332567562365,0.14198537482780624
-0.6586421149504225,0.20239643553229691
-0.7117675313199758,0.10316233552343615
-0.6638170954027688,0.18405283472057796
-0.7231345178191021,0.11379048110908087
-0.6923521768699941,0.10213636874432369
-0.7183521581571193,0.11723848232022754
-0.6589647883998845,0.18007521088255077
-0.7090156305170439,0.09010087633283471
-0.6513477984986005,0.19648141029025482
-0.7061278651058166,0.10693684265079968
-0.685438656376015,0.1139140465417732
-0.680955006529341,0.13210659857845428
-0.6810483954751603,0.12129187120716903
-0.6951846833466319,0.15611010631509287
-0.6837723416268076,0.11156135813954124
-0.6571933188449347,0.1513202566541632
-0.6776420463208265,0.17300250587630614
-0.6678409160333167,0.17453622132446872
-0.7005344753934465,0.1638747397126875
-0.6577054793716796,0.20324980124117278
-0.6951003865420132,0.12647680660358987
-0.6960281622888809,0.1091353012403998
-0.6938723789381851,0.1457903552082708
-0.7174693347077128,0.11992102861294429
-0.6634585150877494,0.13661940463653802
-0.6722462635928349,0.14571036777578616
-0.6734461683578709,0.17660536435260168
-0.672713304658902,0.18887057330013649
-0.6705579847352684,0.1730800306000601
-0.71461534380064,0.12477345349612218
-0.6968869595893181,0.09779096410387282
-0.6782396085091268,0.16964710343058986
-0.6782755656750007,0.13748803374657984
-0.7130705966253008,0.12570273676486626
-0.6916611060937239,0.1454008857490353
-0.7189001505061046,0.09794059982899563
-0.6969497519361294,0.11679635674801969
-0.6780491832177808,0.12278408535374917
-0.7008729059131771,0.11659149904346254
-0.6477419780627223,0.15640418266158282
-0.6675306085330495,0.1622513071256865
-0.6838522241918644,0.1459998904988139
-0.693010934286818,0.14866340118777133
-0.7122028506528474,0.11140247281239525
-0.6821848134271807,0.15298650288590507
-0.6594952746419617,0.1667602248631858
-0.7154415282950315,0.08801686814435392
-0.6755065378543292,0.15971524158645223
-0.6708665381820939,0.14124981597148148
-0.6806641042420233,0.14251631913357
-0.6889409938265896,0.1197426566050816
-0.6708473771346045,0.15737569751313754
-0.6381500851666677,0.1874072973959159
-0.6742006729352118,0.15376798649775938
-0.6661464010795941,0.15709654711809157
-0.6898160777655219,0.11962629647024145
-0.6817092008905415,0.10448514089773796
-0.6543208371146089,0.202208474715443
-0.6870331500916989,0.12868981718443231
-0.6888601249318901,0.12209342804340759
-0.6822042464409431,0.14606473784706997
-0.688981945545719,0.14892568331932496
-0.6997367907419667,0.10424769441071575
-0.6773565965991913,0.11931551395332095
-0.6722799176487825,0.18898617513588903
-0.6616531061211562,0.13918051143330262
-0.697141034470048,0.09584173297090832
-0.6991234430377018,0.12797759339806916
-0.6811723216223898,0.1636890194305695
-0.64729515040147,0.18749081593257824
-0.6832903652714829,0.16078161713214517
-0.717017063746997,0.12214240989166078
-0.665262870116262,0.18384618345778986
-0.6862932087531644,0.17512617259844035
-0.6943290476944626,0.12805099161159286
-0.7087267162998365,0.1044130291154979
-0.6673839960591834,0.1652947450291205
-0.6507175249880265,0.2023308429542513
-0.6825622728446931,0.1493494783728984
-0.6995066910214698,0.12095724492730975
-0.6755069416069607,0.10844708122483095
-0.7009390186409209,0.10529371554584348
-0.6758739002769019,0.1822643736951251
-0.6703231194779713,0.17112756036949456
-0.7170781194360536,0.12235137308191198
-0.710042465842964,0.1412496850481767
-0.6696681530901506,0.14976662843817956
-0.6953179159319828,0.10833821802755526
-0.6924711182104137,0.1329630311320262
-0.6922828618722601,0.14041391114318896
-0.6408602096597263,0.17055014795489476
-0.6569634594942912,0.14480329923411525
-0.6462333826372101,0.17130542962639655
-0.6603704567804082,0.13961063864504092
-0.6632759290615096,0.11957276742123554
-0.696113506513163,0.1341107998490356
-0.6918017708020621,0.1256009109466326
-0.6999972029710401,0.11487861148809765
-0.7054525859067269,0.10118845712731207
-0.6601131125557386,0.15867325830468937
-0.666486407436704,0.17763749694176761
-0.7101836112077444,0.09037525928050245
-0.7223239677882825,0.10376376920423507
-0.6962341506885288,0.10970262206220993
-0.7001657176664224,0.14495382321226144
-0.6671741781074693,0.16135231474597983
-0.6918011293376255,0.1479097199718226
-0.6910613017188719,0.12828990309243168
-0.6846114200928662,0.15884923730865017
-0.6728154566625978,0.12565610360447335
-0.6862068160475095,0.1576751999762282
-0.6785828289570068,0.1588104356952489
-0.6857433601964485,0.1414537780430891
-0.6733154283308556,0.18679643670000096
-0.7034765559762673,0.1223995312869852
-0.6863919724480654,0.10640027009914887
-0.7101695435356354,0.14273724907259164
-0.6935432283233127,0.1374082815547412
-0.6664407373813883,0.12107720621963435
-0.6914126213630862,0.16822697932118405
-0.676190566444523,0.11539527288494565
-0.6910938545230584,0.14557771839628966
-0.6689676453131562,0.17796283939977753
-0.6785255851070822,0.11134066935743894
-0.6586351983236886,0.1679651949666701
-0.6870618075403864,0.15113679109577605
-0.6829072193228418,0.15059527971461042
-0.6797469104107152,0.1384111663357255
-0.7123599018700151,0.1146221960099412
-0.671565540213753,0.14342048131685303
-0.6616604229992973,0.12780053912802844
-0.6617402632574906,0.19550747059178097
-0.6744883756935779,0.14990713527698327
-0.661405729657181,0.13390367861503738
-0.6913472609626765,0.13698753941113034
-0.7109915503161737,0.12981560103507137
-0.6923023997086568,0.14407613285293594
-0.7125250727373971,0.1347386529251389
-0.6917787201870564,0.15139221142011028
-0.6981200096006082,0.11437826558991016
-0.6881600643031791,0.1444369748617186
-0.6481542776111876,0.20923763157169167
-0.7186995695134513,0.12573896781727217
-0.6702174238554574,0.13706213782609997
-0.7223908833916874,0.10496356986530132
-0.6935584069354142,0.1026127941054185
-0.690648892328479,0.15116382934506228
-0.648724358267907,0.1817248299115533
-0.645212721923717,0.1553933720701379
-0.6892200551765886,0.12106726254459442
-0.7104901249072105,0.09577940044412209
-0.6800386988172121,0.15887151097365063
-0.6924431968090188,0.09844755937951893
-0.6471279475459711,0.18010864534315135
-0.6633251201890527,0.18129746862232665
-0.6706979798682896,0.11451900122949536
-0.6756078604398668,0.12363512425384697
-0.7066824019925643,0.11804207698262338
-0.6802503130940821,0.1478776921795321
-0.673255815659746,0.11718483753279667
-0.6978345504821787,0.11331271319599931
-0.6571224779937653,0.1459611286540076
-0.6631837595029169,0.16789355227642314
-0.6983503170131447,0.15802216127381438
-0.6678019009658434,0.1434183868861288
-0.6449784054994919,0.20264941995157246
-0.6606327856802501,0.18232866893479782
-0.6996112503143773,0.11574584114072371
-0.6680101609276676,0.13640756548366692
-0.6957841149759839,0.14079529196425655
-0.6613643950847771,0.14350807973779686
-0.6920363591628995,0.16552379091461045
-0.7078214341581703,0.1401146254959564
-0.6553590733838534,0.1543480561150172
-0.6977228183166696,0.1460110278681049
-0.6878249306762436,0.11149158772239347
-0.683803651250576,0.1217950160295496
-0.7057247451230899,0.1250871867669376
-0.6648992483341223,0.165131278524509
-0.6512516397697211,0.15694619703509227
-0.6806593062757265,0.12124931405628611
-0.667894937993284,0.1845402020351268
-0.6939612591453388,0.098605773144212
-0.6831782908723264,0.13160723005066452
-0.6771233493505512,0.155753664526974
-0.673368057111694,0.13537000388713682
-0.6748307117905588,0.12513818980790156
-0.6428873214702425,0.2016768568324505
-0.6939008269533911,0.11108808500333753
-0.6913504588797648,0.13852802421724164
-0.6850839156525466,0.17260694794162937
-0.6702251178729292,0.1933988122624899
-0.6891240631325349,0.11228246395264407
-0.6938065044359684,0.12004868771389682
-0.6522292481022616,0.19839512975744195
-0.6976794704075846,0.10591741014265345
-0.7021021340916873,0.10432449169452086
-0.6640095780744327,0.17943716742278149
-0.6982548195291197,0.1359058718358883
-0.7052255242369548,0.11822001827802539
-0.7182374849506915,0.11197341569264017
-0.6547919054844825,0.1745710121231586
-0.6650785325016693,0.1853757638522205
-0.6537474885082631,0.15589318018700765
-0.6756339299318573,0.12944364458990634
-0.6918006042709897,0.11543022146460383
-0.686995170661952,0.12515280142993196
-0.6984027617771119,0.1634706773884092
-0.649525758885415,0.19758239423971025
-0.6597025526895715,0.17150803990361393
-0.6558449322191174,0.18957966819934452
-0.681944730585503,0.16763869937735862
-0.6728141925717516,0.18750712541546333
-0.719869304813134,0.09067516026063217
-0.6944276282884569,0.15927470661935844
-0.6919685749951588,0.1646519192240243
-0.6875981950517569,0.16722893014197066
-0.7202619267369452,0.08810883883262277
-0.7201991465718341,0.09089736466425775
-0.7078506706452231,0.11039778202086818
-0.6837217921313552,0.16385135230929093
-0.6588477146879498,0.1374698453969899
-0.6898156775561212,0.12557342184942832
-0.69160401324785,0.13032747687633167
-0.6710293949409563,0.14033114933874938
-0.691935594778058,0.1682136184977309
-0.7173336009599824,0.10030795738013301
-0.6910996946367562,0.14274935920402
-0.6561884750527484,0.18193887215818433
-0.6412830160202597,0.19341210187433172
-0.6536125840102199,0.14058927966994025
-0.6825102453289675,0.1253947793965729
-0.664234435449727,0.17527402252166793
-0.6764465546857854,0.14391656494722946
-0.6928155042244076,0.12951416052573209
-0.6850575880995106,0.10235498930769968
-0.6824293091556589,0.15975048421562119
-0.6882527344987114,0.17111917593741288
-0.6552186116898795,0.14560013755932585
-0.7024028946387894,0.12625713053289034
-0.6526011086018288,0.1693093322088643
-0.6720349251961966,0.18512094350692115
-0.7062580172000622,0.14972858880058315
-0.6971275134302497,0.15468225265798552
-0.7149834966441226,0.12970497489050195
-0.7060390444823679,0.13856523055793077
-0.6465378002498814,0.18197523258136042
-0.6585323704126701,0.18206834398971594
-0.7121863126218613,0.10107738039820238
-0.6986726804003356,0.13323405209399092
-0.6753532127561411,0.16960351157751563
-0.656538128308907,0.16189632760272352
-0.6953741069133431,0.16980952397854868
-0.7105571289957271,0.09720080834894744
-0.7085622252362702,0.08589190402328581
-0.6477499662736287,0.16120733835399945
-0.7062396047299244,0.12108407497631268
-0.657941741529315,0.1280293099142293
-0.704322368952133,0.15431017472978728
-0.7186331597790823,0.12402388296832412
-0.6535564831455775,0.1419342070464762
-0.64425711466986,0.19239791874344125
-0.689093678579881,0.13470352393967322
-0.6758232963659829,0.1339881191534422
-0.7097231263927715,0.1026154568853202
-0.6842438462776386,0.15755239024591955
-0.6785321599203982,0.1306528709783788
-0.6726150136960389,0.12069742782980523
-0.6765411244064278,0.14339769918078274
-0.6708458998528859,0.13868035529847295
-0.6660532985742819,0.12910737129020589
-0.7015655453662857,0.11885642116409696
-0.6670596585425667,0.1783675918977239
-0.6871412229820113,0.13549979790356378
-0.7060183976668911,0.15192282052311185
-0.7170730729639114,0.12639714426437856
-0.6831647654315084,0.1496252221102957
-0.6655433533636018,0.12319621104760398
-0.7200188727004713,0.09531386567343945
-0.670560006411537,0.16916172007192276
-0.6467504583666381,0.1808100394918475
-0.6756621750703998,0.12546897008400273
-0.6741438016290642,0.19082590067660304
-0.6879669941868816,0.16784658809351125
-0.6789195885323211,0.17477506122325442
-0.7169187106830006,0.09341094462820826
-0.691552964360386,0.12913679772188016
-0.6598409255699405,0.18253185718345435
-0.6673505996032473,0.1411956769142718
-0.6763486805476652,0.16569940557238574
-0.6984725656086235,0.123805480969711
-0.6712495186708473,0.11687460101019156
-0.651076620511854,0.2035640805073001
-0.6587133719164946,0.12680364221710194
-0.6817546108186202,0.12540286053068792
-0.638928908100313,0.15913551358878955
-0.6585993193766774,0.20565810123312642
-0.7057875176311547,0.098723682324329
-0.6643633516071685,0.17036406000443008
-0.6568796498150742,0.14645735214275826
-0.6684102096222896,0.17567122043770558
-0.6641529845452581,0.12218727772692085
-0.7056659718583316,0.10141974097015871
-0.6743117368549101,0.11227604801212294
-0.6752309297206585,0.1524609758031916
-0.6957980109194312,0.14713752612031558
-0.6536867287381063,0.20193053564439944
-0.6748365482804479,0.17723438522230617
-0.6618013325270033,0.18606770949062798
-0.7125597422801937,0.13777988982894762
-0.6818836962773731,0.13285786491677187
-0.6846250223640103,0.14326087329121368
-0.6798592487384905,0.13988320500692372
-0.6802659191460105,0.11426977465989348
-0.663413465519116,0.140924527262023
-0.6860650896857462,0.131738422516774
-0.6697284743486487,0.1189810828831751
-0.6841633275274556,0.1584175711704206
-0.7185677539741009,0.10931586888011285
-0.707231214451495,0.1083666836986734
-0.6896568731034485,0.14908397163111659
-0.6958718268167228,0.1631143812960624
-0.6858644433567345,0.17806953771627693
-0.7201028436515257,0.10454868050525977
-0.6450592217590304,0.18402341434944341
-0.6962972155597617,0.13956727845639588
-0.6749754891542649,0.12486276281198064
-0.6861275603759197,0.11712825739100935
-0.6450356117060123,0.18932944443617636
-0.642586596713716,0.20616701976992027
-0.7054333510912788,0.12656211477213813
-0.6803799379659194,0.15763556428630188
-0.6645645432305421,0.18123931152997025
-0.6884112776853434,0.1315928729720077
-0.6862755765631806,0.14148402803583948
-0.6962733680079958,0.12405722122343536
-0.6979796761505239,0.10031178278223317
-0.6593352657308064,0.15488743402408445
-0.6932314886885894,0.15742661225042945
-0.6672525454144925,0.18822055833322388
-0.6887900146411433,0.17029021471609598
-0.6594485109194541,0.12420182419920014
-0.6714408143938944,0.15771507533409423
-0.6795229532423441,0.15951147487678882
-0.7012807894675767,0.1254791412593213
-0.6944667701316465,0.0989728413112906
-0.6755465000354254,0.16346110008430925
-0.6571001262998049,0.14305986869398404
-0.6706410429700669,0.13483705975791202
-0.6942497110157744,0.1200293799596181
-0.6538185111087639,0.1805187087365071
-0.7155212263026918,0.11742274322145449
-0.6913477879651256,0.16865622862052385
-0.6756151397044503,0.16285510020164606
-0.6856088137507886,0.15547989049268235
-0.6477541600746507,0.16427482482266081
-0.6893324794798666,0.13513789346939228
-0.6846515796567607,0.15416926826993035
-0.6517436105824186,0.1833095078503692
-0.6962867274205298,0.13793981862029084
-0.6524224706980439,0.19709240609762038
-0.6491528784436577,0.16108280662689586
-0.6768171687260621,0.1079710214518381
-0.6722792800880569,0.14716208727332322
-0.6933130396378763,0.1333110592130036
-0.6600952385907175,0.1864609247276847
-0.6751348932832518,0.15914727644953922
-0.6541863406810885,0.1891353035212452
-0.6909110734724526,0.13046822987069634
-0.707001402424548,0.13013575268342517
-0.69222901899088,0.16529655857055692
-0.6696587043343475,0.15577964365355132
-0.6668232880492856,0.1684792822037484
-0.6660095657246373,0.16636654943274196
-0.6564514077051791,0.16269479258660685
-0.6859204566795586,0.14157675292697502
-0.7032444852102645,0.09124744395295852
-0.665296337375982,0.15592099361375153
-0.6615840865806306,0.18613836143957369
-0.6716452718472044,0.1683343241900941
-0.6679556180241223,0.12950362504193247
-0.6854493787916055,0.11092733136724847
-0.6711541407506878,0.1385590689393033
-0.7114813211490886,0.12358616588041223
-0.6929899209993907,0.143090928024911
-0.6584902378880461,0.19251290850295796
-0.6763220282702076,0.18915010009019492
-0.662387575822651,0.1774981154624104
-0.6776348347587479,0.1702610662236368
-0.6856662211977366,0.15344242549738887
-0.6775811282124541,0.15921561435548595
-0.6764044985895227,0.1672150902650075
-0.6926284375710648,0.1294795993542174
-0.6647950280505603,0.18488819060421482
-0.6930235947599768,0.16878747462930255
-0.694077223361094,0.1415048247563289
-0.700890202342271,0.11690664728215748
-0.7177429486223483,0.10166144569019227
-0.7112228463964644,0.09602663710920858
-0.6761961818933979,0.12954537873522418
-0.6853791752561539,0.10775148818993696
-0.6758905207990233,0.1134497961318711
-0.6924588229174135,0.12023666936187263
-0.6769942202903921,0.13783578088467305
-0.6654774495003011,0.1201046843539132
-0.7001816511592117,0.09795671718299442
-0.6718585139931205,0.1288865538660582
-0.672109174113939,0.18896451013924878
-0.7199085333439854,0.09398612073833032
-0.7029510381828149,0.14654089682824795
-0.6702350071479609,0.184934981492024
-0.6877302627023362,0.16110680680905057
-0.6795275283348,0.127985145841747
-0.6686228049167603,0.1565646421280543
-0.6874016166751911,0.17611537267461141
-0.6949055534293793,0.16333591361134983
-0.6841134256275021,0.10128708412197465
-0.716809411984128,0.12056126919574998
-0.7107454715817351,0.14118581455394272
-0.6687863722995545,0.12691563816200999
-0.6880432170636148,0.11995178084101961
-0.6601449629080438,0.1358105607825011
-0.7111185456224652,0.0976529454787979
-0.7099972281009662,0.089431461206099
-0.6600023901690973,0.18291843758586657
-0.71033873254784,0.14137353653751789
-0.6715669465076002,0.13696908790655338
-0.6385376652940252,0.16706213925926136
-0.6641734480233051,0.1894615396848595
-0.6657379995586027,0.15454419906624187
-0.6978603037392059,0.1536873695927467
-0.7104226132045428,0.08789233568597807
-0.6864988072730122,0.15311663073514048
-0.6953453933162773,0.14888378549677828
-0.6537663529789779,0.1790327205172795
-0.6701899298136679,0.19310788503800969
-0.6828214310603045,0.11859692825260694
-0.6983408561653214,0.12534257065861706
-0.6926575952383689,0.1126340692932443
-0.6571296777870641,0.17634922299427916
-0.679757414171197,0.1519138112856725
-0.7115477984720476,0.1023415710318061
-0.6494265716883686,0.15826724419188645
-0.6544354404081517,0.1711261602606579
-0.7129305629417454,0.1305651275855189
-0.6528868452429188,0.16980593894373663
-0.6486214492171283,0.18379772162137323
-0.6766996103305701,0.15425163063741995
-0.699038857115016,0.15821294321183638
-0.6620912685937861,0.1406096518933768
-0.6874146093392266,0.13963198931097864
-0.6595923170203938,0.1772635249129177
-0.6874482743643368,0.14655609634243624
-0.6662538377274213,0.19507416923752752
-0.6729284860126045,0.13382089920911253
-0.6678212042880795,0.1714014693486877
-0.6890008118857077,0.12266653741134581
-0.6771711133303081,0.17320646470026232
-0.684329060720719,0.10471652960874743
-0.697141255251767,0.1508265937353338
-0.6557268687554382,0.14853412382155143
-0.6866411378918273,0.16049212529481885
-0.6675486242108032,0.1649814328023809
-0.6828394762382245,0.15721630902113548
-0.6749953842021887,0.15785163330117596
-0.6849824367699998,0.10540497019332641
-0.6890764199379787,0.12872625261124782
-0.6846605672003377,0.15453207011355408
-0.7104297605513047,0.11083317920076621
-0.6649773212476326,0.12852471222819636
-0.7122999174622575,0.12215368226954254
-0.6939426582394963,0.13729864080494658
-0.6941088750607676,0.1359171538085807
-0.6784661152264047,0.1655735262482253
-0.6647291339370625,0.17463511176030186
-0.7159507291594356,0.12306555042619463
-0.6605449799922579,0.1618185021266717
-0.7034548837029391,0.11575833044537712
-0.7054946324862752,0.1110069246374057
-0.6696142492462054,0.16863184132971104
-0.6449152628545359,0.19470826896190324
-0.6772357372726292,0.11598690019349371
-0.7003373861636651,0.13590755799864623
-0.6845039592278737,0.12285628742902421
-0.7057846506959308,0.14685796010905056
-0.7041990244844969,0.13101789058448451
-0.6950830385488959,0.1426613784106344
-0.7017320776230311,0.15205064572753169
-0.7158148545427684,0.09674759528624308
-0.6943234902867637,0.11920693599335717
-0.7088040760617252,0.1239798369929473
-0.6991227188274142,0.10197458309923203
-0.6461022589763501,0.1679048892263951
-0.6908662867679928,0.10749285828713279
-0.6684814384718843,0.1607177852401097
-0.7098636296271832,0.1303539898181992
-0.6904858713680475,0.11217286533893189
-0.665790808273566,0.1392140228717002
-0.6467202136506219,0.17754566906308977
-0.7008263586885963,0.13328819185598711
-0.6602678924061557,0.15033496888467227
-0.6636185654978162,0.170779299303985
-0.7036756192679539,0.10218243957689999
-0.6912179200712781,0.1265224730168782
-0.6793856943060832,0.11219342359697708
-0.6877968134101748,0.12766832576685946
-0.6740137738188352,0.18757922130510876
-0.6972694998855757,0.143619451874217
-0.6797690511832265,0.14713827084637987
-0.6725168105674303,0.180390360158665
-0.6541903162415367,0.1987283559195057
-0.6667790836855538,0.17930489143941578
-0.6732190183980448,0.15639564939370962
-0.6939806886121145,0.1620061070573416
-0.6949994844203088,0.1369628237889072
-0.6791730039985043,0.12109424191777403
-0.6919753451896212,0.15090842254570513
-0.7022660379007399,0.09976343546751722
-0.6873680057053655,0.14838017253595517
-0.6769079204665408,0.17307075475579853
-0.6587093549448856,0.18268246650555095
-0.6911878136343916,0.12792373441082106
-0.7063462694477213,0.14794094333536284
-0.6645233209588671,0.1961890968883419
-0.6959578389620145,0.16018790472872627
-0.6726146059768475,0.18319218050203429
-0.6801679167212784,0.16932969686781382
-0.6583559707785674,0.18708552465501505
-0.6708899276622605,0.1687977079644789
-0.6642212381432514,0.16109227429134784
-0.6745902090499567,0.12306734266358664
-0.6688125218407435,0.1647729757124958
-0.6851853499530536,0.14545891787185788
-0.6696572643932915,0.16091157815475798
-0.6755881341167143,0.13556797340396262
-0.6614620029903372,0.16842749442018287
-0.6453709850908533,0.19371325176284585
-0.6991571959086454,0.13673821636424868
-0.6524519041847848,0.20401122011729364
-0.7081325931817034,0.10654577661488523
-0.6866302163602394,0.11403661544622296
-0.646805975165838,0.18476932261071455
-0.6583781917528508,0.14672325785389434
-0.6605734279324343,0.16926914414967514
-0.668713578061896,0.16504705142172402
-0.6986766112619055,0.1263789827951562
-0.6689368609778114,0.14297447552006654
-0.6565996793986835,0.16846543388963414
-0.664448242475147,0.17726799095363407
-0.6631976692318815,0.15141834489991113
-0.6612540379193483,0.16493529727299217
-0.6932442771375629,0.09871588783380827
-0.6581290424201149,0.14066778198390564
-0.6863924104892106,0.12381864125529525
-0.6577124878320971,0.172025451585336
-0.6792266109264559,0.11985317266504693
-0.6734426243421705,0.15476096018641422
-0.6568046700125961,0.15576284007726368
-0.7126917396244881,0.10692909377467205
-0.7136116901595136,0.10232440739136336
-0.6893524702907071,0.1663361377116115
-0.7010312325599548,0.09376211863735691
-0.6861638142230733,0.10341935780719688
-0.6527371361068247,0.16515370801241208
-0.7077182638993809,0.12367695866311973
-0.7133773603898554,0.1048661178016697
-0.6600548671403599,0.14426947001423276
-0.6831825652857544,0.13585913439431788
-0.6637229889455311,0.1626362025064981
-0.6681327257602356,0.17084723790773843
-0.7078136126428164,0.1033088871972599
-0.7134866122046242,0.1382104091099611
-0.6759782910574409,0.17633908233068357
-0.6847193800519941,0.15181142445906637
-0.6893215482266177,0.14186515844810318
-0.6765409648182151,0.14826142912805376
-0.7068592176555346,0.14856813339222374
-0.6720313333321757,0.16644948551738242
-0.6950775057631197,0.1621038694743792
-0.6349821243996179,0.19666537380669494
-0.6504096085771645,0.18701603086999685
-0.6962557257000384,0.11487057837927878
-0.722525970164292,0.0995753845923499
-0.686987380474016,0.1199728548258115
-0.7037474100694391,0.14534191183515674
-0.6784449117430156,0.1504904187568055
-0.6742613373805484,0.12237924846382357
-0.7059420012763545,0.11483649826246588
-0.6385608537336009,0.20266883654785947
-0.7064548845634366,0.14977923244774063
-0.6586938793629814,0.14574295126990827
-0.7135231475443042,0.11766525669503326
-0.6876864283191815,0.1302514420730494
-0.6439480317891749,0.16018310730712307
-0.6713378797442773,0.12936901614836074
-0.6806804533672539,0.13187916229724383
-0.6882760428288319,0.15608236001542566
-0.6594391720192503,0.1533049288108704
-0.7104898358789193,0.10869310936795654
-0.6592402452044882,0.18099267384300846
-0.6685506112151783,0.17985781138507376
-0.660263915738819,0.14697770544273375
-0.6781578555044512,0.13362113864192923
-0.6861469511640298,0.12331054371776459
-0.6880329366303803,0.14398200337650657
-0.6925189072732894,0.1212899649914712
-0.6833106404149638,0.13885481410050401
-0.6725355204659651,0.13401143403165253
-0.6450142923262278,0.1627559243068517
-0.7086442894085107,0.12497496569084991
-0.6916482945027885,0.13873412062669602
-0.6645999929221251,0.1443598366097314
-0.6820383368607976,0.16399933477206663
-0.6760177127549979,0.1542304690485699
-0.6981475587001934,0.10346916733251417
-0.6905789800088311,0.1050894193159142
-0.7000160297433521,0.12183325228485192
-0.6806053832327978,0.15542706704497666
-0.6815689733524448,0.1628923753748125
-0.6779983808627372,0.12776446927765797
-0.648836689861083,0.18805992729367207
-0.6715879013688755,0.15249650017828692
-0.6867624549057522,0.16601304670326933
-0.7021682680719746,0.14355592197217174
-0.7050650561254909,0.14484464352464627
-0.7105663720939467,0.12653133594539281
-0.701822563719289,0.09329692890810402
-0.6958686448902659,0.13813408697647897
-0.7099242598995051,0.10600010551081583
-0.6922682545502101,0.17178283241929918
-0.6530644923326914,0.16942877202037188
-0.6958122845650706,0.12060771587290367
-0.6504388200926018,0.18683019164054687
-0.686632868667777,0.1395817359263643
-0.70717500944357,0.11745995569113342
-0.6872139260016337,0.11834610776206123
-0.6751900692486973,0.16925674467326912
-0.6887449296116371,0.1388614809577349
-0.6831173185935528,0.13971594809140467
-0.6872920107607251,0.1594599367718887
-0.6977457066379825,0.13226788854800495
-0.7040266519681149,0.11402213569206679
-0.6749593522451468,0.13612524506253335
-0.6674927413685897,0.12502354794291562
-0.6885702673643247,0.11390270159043546
-0.6614001512287825,0.16165913861878747
-0.6977581534866808,0.1528951005288064
-0.6720884506158703,0.13904532723964153
-0.6658783411322997,0.18014380294028837
-0.699340352306888,0.11001203181376032
-0.6788083998586,0.1562331661358928
-0.7156286698413757,0.11916118219649788
-0.6604283852918058,0.1670486973775137
-0.6573099139602915,0.15858217068729566
-0.6487651355076599,0.15021567085728266
-0.6727873605754229,0.14675518233220097
-0.6439865568499589,0.1800137098114643
-0.6619027919965809,0.19013455037467117
-0.7057579287381129,0.09241141055806411
-0.6682746621830754,0.12794323446680295
-0.6632254761587458,0.16544124526036366
-0.6755984170930557,0.17118230088084643
-0.68390314912258,0.17361205285963915
-0.6760950577794532,0.18615045410463998
-0.6566297929061328,0.18708343658434348
-0.6607700812902779,0.2024509875670875
-0.6783109420350926,0.15488036859005785
-0.6473439977457585,0.1716871929554808
-0.6758930736283565,0.11876775094896053
-0.6688375400106622,0.14959310258661895
-0.6442959445478809,0.18893273967432694
-0.648503719997958,0.19319625590104064
-0.7124751601071307,0.10538478621220974
-0.6814515871757895,0.1698693674048629
-0.6751609676274016,0.13758133249194604
-0.664768734279269,0.16898329480963786
-0.6620868772488779,0.18968299177225623
-0.687473595699058,0.12464057947931206
-0.680206966132678,0.13723504778227658
-0.6917141562583285,0.14290698029887555
-0.7076849025883157,0.12499580682931447
-0.6765731391744383,0.14707072378068775
-0.6917005934726599,0.1558975177453424
-0.6899194811950173,0.15558856597350681
-0.6719585124426181,0.12941665164799862
-0.6488810616394172,0.17025230876612268
-0.6480145015901773,0.16272655103658945
-0.6887954929718056,0.11975402106573028
-0.6801365607597228,0.1313017217513117
-0.6864055100434097,0.11130234209992067
-0.6546311221847989,0.1974148742103713
-0.697525829579124,0.12761338221862592
-0.642384241672729,0.20493382315053857
-0.6707557651831346,0.16682990081092075
-0.6841659463957728,0.12755678531227296
-0.6657484013649634,0.15203944323069837
-0.6760110771857024,0.17238651070772976
-0.6777354865547891,0.13858391986623467
-0.69269246904426,0.106038461985086
-0.6624746574279066,0.14766102299851336
-0.6728757315539973,0.1443724937635854
-0.6890216312569735,0.137399460404369
-0.683821283785815,0.13276108453114313
-0.6829445285135107,0.1465192889815312
-0.7037877776637336,0.11952544165875777
-0.6686614374091938,0.19279718433494078
-0.6806614369108154,0.15521265276472868
-0.6609017337848219,0.16347143037089518
-0.7025689529055612,0.12031016767678233
-0.6737380537194108,0.15725513991535936
-0.6878527459879484,0.15179211948427868
-0.6579883441470351,0.16552974224951605
-0.6865779022121826,0.15041775440896982
-0.6675116437958434,0.17723234678797328
-0.7094678727975843,0.10247382120298516
-0.6806810136429176,0.1557214180143297
-0.681009434552068,0.14779615838861254
-0.7016453580226466,0.0979370005570682
-0.686762129826099,0.13374926479309415
-0.6938271076240529,0.10429236974189691
-0.671738745297582,0.12687011929738282
-0.6716528815044396,0.17006566995427758
-0.6747570749350243,0.18237419015350925
-0.6476065491474678,0.16261553678621493
-0.6573976572459685,0.18525720068258597
-0.6585084768127261,0.17999157843761304
-0.6843851103308733,0.1336057610785526
-0.709213692294148,0.1138037902582486
-0.7006797960248784,0.14067436246735995
-0.7047299475853371,0.11244144973610594
-0.6778835977913722,0.16692120824366868
-0.700628274124686,0.1513649642155423
-0.664785318044938,0.13461122871915485
-0.6774268305794053,0.1648948076231406
-0.663675583514998,0.16536077367537239
-0.6686415540188015,0.14633721623128843
-0.6807323609314347,0.18005317920157438
-0.6931609756028764,0.12921826238504078
-0.7184505532069857,0.09428709634006745
-0.6803692800651778,0.1351262337538889
-0.684484864622281,0.11936324302339886
-0.6513669063900172,0.1982384648659013
-0.7192361226206045,0.10323210828368429
-0.656605527421242,0.15794171684480926
-0.6685921139555099,0.12858727959193292
-0.6570305803992844,0.15203430155155961
-0.6592553221758811,0.17312824630074075
-0.661386725651996,0.18289210069045153
-0.6879544058926839,0.11965955869392265
-0.6740844410020936,0.17460442996159356
-0.6481413818450512,0.18455736790559474
-0.6606821090226832,0.17596697974830433
-0.6753089705873272,0.15854760458685505
-0.6712617840407057,0.12609917093314876
-0.7075062904815308,0.10727108471163198
-0.6487910064734377,0.17452715776502822
-0.6867704042567133,0.10758708612023819
-0.7035481188484408,0.10695740534578904
-0.6694565196122272,0.16958636904925292
-0.6662827384432163,0.14534684669703696
-0.6868038812789624,0.1565561630525135
-0.6941426269229533,0.1543361392237279
-0.677688107311965,0.1438301426127373
-0.6792129133019003,0.17219037025347353
-0.6733404473099465,0.14041118079582457
-0.6487936517401615,0.16109414563984295
-0.6768895820152051,0.11526459016868582
-0.6728921219066123,0.14150572645936565
-0.6632376640286799,0.12481235000903458
-0.6876792550237898,0.1595643004505725
-0.696607278702897,0.10078364144615268
-0.6770493347113348,0.15967405241241772
-0.7042318421506152,0.14412023328202334
-0.7011840973849298,0.09501349688302113
-0.6825901360230928,0.11692454222350539
-0.7100876615886262,0.11762957487044491
-0.6882926601909306,0.17525593447798662
-0.6901189828881881,0.14626607070661496
-0.6512616418837713,0.17829466858853654
-0.7136953909290671,0.10260654254715657
-0.6977342185696085,0.12618048363056544
-0.6458132963212967,0.16239973558348456
-0.6660691000023372,0.18007940011710993
-0.6510381382219458,0.18478190291821284
-0.6951955054774728,0.1101859562978565
-0.6993296554512752,0.1034656347074057
-0.7002730080253045,0.10258600207116082
-0.6774675407563184,0.14833503333982492
-0.6811780382984716,0.11009529538243422
-0.6849319798169321,0.1453535641607412
-0.6903140111598528,0.13339632908909316
-0.7185994646667673,0.1184691445419761
-0.6939523425392214,0.1067938143576114
-0.716864455021483,0.09725046636863324
-0.6842248508509442,0.145073013622126
-0.6820238518450947,0.17877942790761459
-0.6761657034753812,0.15098234955901435
-0.6774434460288847,0.18117687652961584
-0.6959486184571578,0.1540838905472022
-0.6763919299047965,0.15484119079898365
-0.6747636943724956,0.175873520238476
-0.7086723785553225,0.1007092907696525
-0.6967047050230996,0.14693479729880315
-0.6431051702192907,0.17299965890810576
-0.6879388920422577,0.15688818002614505
-0.6830437189628651,0.14022869380256553
-0.6566161857713332,0.14782753451794356
-0.7043847963121024,0.11811505296263797
-0.6842090612691493,0.11737727228201442
-0.6701440481006062,0.18747464852671059
-0.6645407616201169,0.1813382411900921
-0.6782860298189661,0.13558227340882775
-0.6701341257247359,0.18307421372643268
-0.6709229026064286,0.18564667614433275
-0.6731720391800322,0.18983836856559003
-0.7117253356933226,0.1260631323067141
-0.6774481351781169,0.13664151087486684
-0.6778582049053878,0.1701945523292342
-0.6714342693735018,0.17738158387653888
-0.6751822213742967,0.1465071776634082
-0.7073004645354322,0.11149091183960239
-0.644557005437738,0.20437288071988882
-0.672205363544358,0.1882049952949437
-0.6950169695728327,0.1348996881413548
-0.6894200840947329,0.12855319853769037
-0.6630254730500301,0.14354591990677398
-0.6873342120369068,0.13387968115401516
-0.6752542693644956,0.14725207217531663
-0.705659385298084,0.12599850923890418
-0.6762837356842807,0.15708874968051934
-0.6604511456423281,0.12734779713986316
-0.6937824551574239,0.13771430265353643
-0.6869575888659186,0.16385867812912513
-0.66503689803653,0.19637090783177885
-0.6720108289657655,0.15882133532260506
-0.6509342968551237,0.18025871485664624
-0.7088878571493368,0.13950480077041824
-0.6984814556416958,0.12474267966436964
-0.6792797545386455,0.11218906143673595
-0.6745147786880713,0.11854325061458887
-0.6717323273776408,0.1596279880118375
-0.6528103488772095,0.16852477149770811
-0.682175692725192,0.1453549695262273
-0.7043812366166913,0.13186002260308216
-0.7040212834447059,0.1399418390743052
-0.6784825808489451,0.13258479363893813
-0.6817025521348395,0.1761653541481734
-0.6539212185383853,0.17697607056447703
-0.7129956499579571,0.11915694569162039
-0.6603285325430831,0.19933701874037926
-0.6922045049669556,0.1257010279145066
-0.689932994314355,0.17301001869998578
-0.6652022203809427,0.13568930757979636
-0.6755574218782364,0.12827559036570757
-0.6729043017944965,0.14985810433390748
-0.662538640930889,0.14169384347817893
-0.682790719456086,0.1404713683111232
-0.6802386277898819,0.12937890652638795
-0.6543118780458008,0.16105784660959935
-0.6805119868253283,0.16165122240598545
-0.6637516665571219,0.16820913604698645
-0.6458004693208453,0.19946900867679623
-0.664842101639239,0.17069800881910172
-0.6530732587505671,0.17376473969270137
-0.6773133524165696,0.14884492317787704
-0.6480623274436416,0.15738251309700962
-0.6750184475682468,0.14998705488474018
-0.6809751723824621,0.17312213372157972
-0.6808053850234769,0.1571517096396052
-0.6853714020373552,0.14118684518318778
-0.7068621482440344,0.13447368004287433
-0.6793335601138722,0.16649456625411527
-0.6951651502502703,0.14660935642788017
-0.6594641897794055,0.1777057969600644
-0.7114016935173538,0.10866565262591409
-0.6610945372173486,0.15198658087409236
-0.6854871164766654,0.12637715060347854
-0.6514201672216201,0.16724007868134522
-0.6868628836969709,0.14661497892628997
-0.6848188753976746,0.1440602267734001
-0.6680283209659649,0.11820446165663231
-0.7105034512940952,0.1355572785042618
-0.6483186861675309,0.1595586859196858
-0.6772134366584778,0.1370633073800366
-0.6659626933845196,0.1798432181720782
-0.661628627659557,0.15294657235693404
-0.6957621382527376,0.13232603256924572
-0.6803950946683311,0.1824304037123036
-0.6865439027588848,0.1261909423441104
-0.679991326727414,0.15208318132433368
-0.677147000734557,0.18546823970555026
-0.6658695108891761,0.14704098801268664
-0.6880011137033387,0.17362105562247662
-0.6905794293532,0.12062260543134658
-0.6678969986535512,0.15825986160319963
-0.6750348160314658,0.14082530427493206
-0.6795689653073005,0.14920301183111775
-0.7008522069311847,0.1397512285034246
-0.7123396261998259,0.1254406189330172
-0.675731072556471,0.16775193124987348
-0.6893933387127632,0.16404729904884005
-0.6837208584858933,0.10858409491329075
-0.6641439216416053,0.14630930470443684
-0.6722045438997597,0.17229743644920884
-0.6762416809801586,0.1272817298533096
-0.6846638080360212,0.14748942986213429
-0.6654557879133213,0.1387867175424588
-0.6703251637291378,0.17683489779057956
-0.6971997343142767,0.1378761054656315
-0.6486248135843261,0.16782743794958144
-0.654896247266836,0.16162566341367487
-0.708591518772829,0.09661806402629193
-0.643787989771354,0.17156708099528617
-0.651932863807175,0.15555691562342022
-0.6884262159861934,0.12988536068969708
-0.6420342186318747,0.1911940809813054
-0.683889969712454,0.1607723643654754
-0.6700513385077005,0.12988478822040836
-0.7019686636299195,0.13754161906739298
-0.6718770930094483,0.1531250042276288
-0.6790863695072136,0.12859717088503647
-0.7051624603291116,0.105303724059961
-0.6742629744347645,0.12824194757748097
-0.6859598239651037,0.12066722035585112
-0.6985339562769902,0.10939879433896818
-0.654443444679185,0.15869386729413232
-0.6712245693364791,0.12602256701192205
-0.6705748450757575,0.12015347117740934
-0.6678359203393335,0.12254924952343889
-0.6910444559407657,0.17115288283263186
-0.6431930906471339,0.1778811130503576
-0.7171507853124864,0.09685759323811777
-0.6923965680440912,0.1018194432039345
-0.6696226481499951,0.16247938064119988
-0.6835465470522711,0.10697736523158012
-0.6925658574222331,0.11929876996791465
-0.681441522974144,0.17632195870491194
-0.6766182301126843,0.17833067993726281
-0.6816559863025453,0.11531015837134319
-0.653065118338021,0.20297059266983936
-0.6942653994658813,0.11596299251905139
-0.6938898479725006,0.11791334872962352
-0.6815501117638688,0.14063899824135623
-0.6919010075642726,0.16010562820405985
-0.6724215262254044,0.16301093248958345
-0.6766193787133727,0.1571533414333421
-0.6596690783935562,0.16365639096521684
-0.6541529347955278,0.20315045064066886
-0.6998275590468508,0.1298650180003496
-0.6951471498997149,0.12497954589594719
-0.6782530829310094,0.1691086328350495
-0.711185103283691,0.12942968703879887
-0.6911960836124466,0.13580023351510706
-0.6618734783871983,0.1724647391465682
-0.6793985024990774,0.12474551212680081
-0.7018184478745132,0.1284421106594174
-0.6809413098321576,0.17193640672477958
-0.6617157356302236,0.14611341673444503
-0.6836354388952561,0.17179787618249714
-0.652645426877541,0.14411924934067802
-0.6686873953333582,0.18415398139674666
-0.6900394766581155,0.13808355887617385
-0.7007188254625766,0.12032342676695602
-0.6746428291675239,0.18106083321484126
-0.6748360613431564,0.1405568905615341
-0.6882139667214775,0.13392970333889437
-0.7185682749241299,0.11618520863730213
-0.7118452590864889,0.10182321702693338
-0.6641385545551971,0.17213173053069056
-0.6936474465265606,0.12586947275378754
-0.6402220414699737,0.19465802044988584
-0.6738297806834723,0.12138638779308163
-0.7050487099516151,0.09768084113916325
-0.642746217939659,0.16139424628066734
-0.7061588675222887,0.1186105037869593
-0.6864100794356238,0.14501239436592608
-0.6862843184628418,0.16844041120402162
-0.6730023060970861,0.1616540081202538
-0.710749049650236,0.10800326480392461
-0.7170705991823939,0.10004077651707605
-0.666696435805631,0.1942389790608452
-0.6786351008560825,0.12910489025860494
-0.6545042403361667,0.20385641691767714
-0.6605047847608682,0.18164983100706122
-0.6656489224937453,0.18724399194276242
-0.7074229994183114,0.126096971905809
-0.6628733529632099,0.16153609406505318
-0.6622402309725165,0.1498584509588434
-0.7124807042462771,0.10297129722548515
-0.699365937600604,0.11086675102154087
-0.6822694188703755,0.15060010099435553
-0.6938425349458631,0.11542748966511979
-0.6938387609744557,0.14838378662580212
-0.674483411526923,0.1251933175451685
-0.6529386909951017,0.16450856791417737
-0.6823798661009428,0.16516225234831303
-0.6532276010172456,0.19383888348800393
-0.6720188805564999,0.13005372847329927
-0.71469930551637,0.10550693936869399
-0.7136916930587223,0.10245425079131809
-0.6934647557251641,0.15635419633743003
-0.675192873761691,0.13707127749339015
-0.7119685207619241,0.11557893768295857
-0.6625699119494479,0.1403382220366711
-0.6426815913013432,0.16666404691324102
-0.674311339751244,0.12149062155675622
-0.6774704752765947,0.15976415484074452
-0.6678536539114387,0.15130439428772974
-0.6837201155832574,0.15325596265701447
-0.6903012636539749,0.13497198185514703
-0.6511542813559239,0.14884865077946025
-0.703176703569937,0.1272444928577805
-0.6742676515642027,0.1898591277577392
-0.7069962686365782,0.116591618360029
-0.6716116445703593,0.15797177250536135
-0.6610215829015412,0.20039942055642912
-0.6592423914516808,0.18606633061032823
-0.7050511330062064,0.10438644001785913
-0.6632018013629241,0.18223023483843673
-0.7045580801363905,0.13066090644838957
-0.6846835126499794,0.15424845325601724
-0.6451548129214653,0.1687181021577725
-0.6719639608702505,0.17663483680778855
-0.7057562097806035,0.11341369484793923
-0.6658117056514355,0.1697066922979245
-0.684809727058475,0.13929843647306403
-0.6491593594117453,0.1765924462117625
-0.7029078356017883,0.12198945974478329
-0.6666196511454076,0.1839353730429179
-0.688469873890353,0.1590073502742299
-0.6505882682611123,0.18015954631320358
-0.6589279010065126,0.16694437226536976
-0.6968270331925032,0.15211031026309574
-0.7040891252864211,0.14352147628485906
-0.6877224743735328,0.1405101529450032
-0.6539901801910195,0.15584988657338075
-0.6937851607046654,0.15808362200856285
-0.6473355343538157,0.18915416061006068
-0.6703870694084721,0.17629055279746988
-0.684518245292815,0.1451340929071966
-0.6644112154972043,0.12941756344113947
-0.7028012571302142,0.12314665022821815
-0.6630650688479072,0.18057221129607917
-0.6896672477287488,0.16643956450760614
-0.6606337306105308,0.19786007253763913
-0.6908913537387605,0.14818316256201192
-0.6598383119060353,0.17327538957449581
-0.6922348372322487,0.10948707785867401
-0.6887134143331993,0.12254766828424106
-0.6850493544706707,0.15117062256794558
-0.6801492310334225,0.17421844241187862
-0.6943548148325603,0.15471823690777975
-0.7102945683979537,0.09410344249177298
-0.6943162347434921,0.1208798871006097
-0.6755852287348373,0.1509663646308556
-0.6629917570453704,0.14864475305188532
-0.6889566657453855,0.15374015243446595
-0.6881610783758896,0.16997538072570825
-0.6482526343536429,0.15688307779490349
-0.7184278246187144,0.1069083538802525
-0.6945063088554021,0.1302064197362637
-0.6541151482027684,0.19150734298413274
-0.6599914705333628,0.14545730902016007
-0.6575478050874768,0.16374768150497124
-0.6792075204574801,0.12006656593268893
-0.6555932605496901,0.18452232467079635
-0.6910806311305534,0.1087392892251019
-0.6934742289502348,0.14029590968128788
-0.6786765925547875,0.16932806073302334
-0.6406468349430036,0.19753580255563424
-0.647483902509313,0.19262431599371077
-0.680915163100127,0.16355766931104498
-0.7074355194535804,0.1041009539216654
-0.6921035552925864,0.12630495878072623
-0.6856940477493584,0.1303049548621887
-0.6821055861381639,0.1407207651731579
-0.6669285712114701,0.1764729293349962
-0.6771224673026927,0.18428489776230267
-0.6462076943638371,0.1901717416948517
-0.6947923262395342,0.11188769884493735
-0.6667987625751187,0.15843767638506
-0.6482662642071024,0.1794409267660528
-0.6938285659659884,0.12563568482310303
-0.6624853562281388,0.14103246778645714
-0.6490216741164734,0.17487446627592318
-0.6950980775022331,0.15565744669698925
-0.6744615955539238,0.130763315216195
-0.6532120636018474,0.20420473850994145
-0.6706937163715971,0.1511485591997362
-0.6794342068730689,0.12391312344837944
-0.6590006620961145,0.15618559710707647
-0.6893037556693548,0.14522171115213514
-0.684056655789241,0.11669487976771308
-0.6637873860611152,0.1670446562096111
-0.6837142432778457,0.17855765221371017
-0.7022149011381122,0.13801636502370287
-0.7034324422015589,0.1472263083046388
-0.6884383863030141,0.13673715038501355
-0.6835118845341123,0.13031243132537115
-0.717481388899869,0.11477108343470181
-0.6651651966159586,0.14303303442979096
-0.6977478165193666,0.13479969570821443
-0.6847344940286804,0.16117129345096004
-0.6849188255300871,0.16075087293671714
-0.6785704264390394,0.17773292649703748
-0.6625939329193479,0.16695457044183196
-0.6544752568816173,0.15361176374202487
-0.6453209337940443,0.17864757203296283
-0.6656220404970844,0.17484276640434163
-0.654943614798198,0.17575382295683042
-0.6991258825179216,0.13682276192180307
-0.6464296427269205,0.17530832742346508
-0.6822243009449108,0.1423438189730333
-0.7011045989289304,0.15111594670964534
-0.6772916765951569,0.15925061154642625
-0.6354632118236867,0.20105879933332693
-0.6586228840593736,0.16156406662058675
-0.6772233820452865,0.12983558981363352
-0.6935282777360852,0.13828981963905235
-0.6602509397470726,0.20193599355924075
-0.7069468865057739,0.12045493584396864
-0.6915938977055607,0.15112302486628948
-0.6848175188738759,0.1292934306734197
-0.6893142602323591,0.11387351497834583
-0.6554131333621073,0.17065803831324491
-0.6701687665584305,0.18066277527635308
-0.6847849392690651,0.17321544369906872
-0.6911690437408241,0.10733441731889705
-0.6800912525936159,0.13263724389487808
-0.6765946322412054,0.16937678776019088
-0.6715817895993277,0.14683680998708307
-0.6992816661983208,0.12265439967501478
-0.6827396016218815,0.141018784936347
-0.7028860372856178,0.1279455663989479
-0.6799526647064003,0.12219858992292335
-0.6458851028632981,0.18443484272908633
-0.6691908065430986,0.12122018311100316
-0.683210907080378,0.1184128945226211
-0.6978349036465538,0.1562626733401055
-0.691615621886432,0.1660944386525988
-0.6949441555913584,0.16182132194631269
-0.6619504952994483,0.18762055820026324
-0.638454830669167,0.1774134727596751
-0.6668325510450148,0.1649966328152786
-0.6735944284713473,0.14405569740935734
-0.6806669616915082,0.14935399218280582
-0.6712973716988604,0.14171632194716044
-0.6842457828510743,0.1488734101375292
-0.7039655947776322,0.15321904342489423
-0.6685774052413587,0.17494516786287825
-0.6812587033936874,0.15253373891758262
-0.6787121130572933,0.1308891931145623
-0.690218494101793,0.11628714501885791
-0.6757393331855979,0.18585509185360416
-0.699563724141403,0.1305656165973709
-0.6776834280050477,0.152351394417797
-0.6611238632093333,0.1809960726578635
-0.6881905217833242,0.14632362536118124
-0.6771448893643621,0.11598783421699353
-0.6846989557964458,0.11755779614917301
-0.686653798299128,0.1601053549046571
-0.6849467783965086,0.16748449522991346
-0.6783712826830296,0.17234132280241998
-0.6632596652950344,0.16060511555308413
-0.6814246588840633,0.1373328663442298
-0.6771032475905009,0.13049129358073
-0.6445691306193401,0.16380652438865387
-0.6770976835781845,0.14761579765506838
-0.67604261377996,0.18065385608661985
-0.6564766003679094,0.1686908436441026
-0.7025284847215962,0.12727318968266843
-0.7175547399537472,0.11184499154431468
-0.6666618830870374,0.13698284306080302
-0.6986168189857295,0.10996394170240066
-0.6858891289007549,0.1473841021539803
-0.6894693477978255,0.10353376306851003
-0.6776120462028624,0.11640838543822328
-0.6873638227396168,0.13997983529209596
-0.7036915623311761,0.13255842741753013
-0.6640028701655136,0.19534044507268514
-0.6731378926823338,0.16600483076861494
-0.6801964518117686,0.18015525157805387
-0.6868642459735833,0.14030513013155685
-0.6728328582599719,0.17196243365910086
-0.6769844570153964,0.17300761769651546
-0.676637546325084,0.1447705374659108
-0.6800827166895193,0.16682836661756184
-0.6842306519835277,0.1417227943308053
-0.6936471829937594,0.15467271701289276
-0.6855290878976716,0.13102104424627065
-0.6497678206113202,0.1885462948069559
-0.6761983282402025,0.1564354903060455
-0.6631222279683323,0.18194962245340787
-0.6680785574415042,0.1676498367945126
-0.6719252631213717,0.1386028576862756
-0.6880408896681374,0.14519726269010755
-0.6986935441334191,0.11230154332056534
-0.6980823168022553,0.14400678472530587
-0.6417972770640811,0.2039770166030062
-0.6885964245091574,0.16041710410754356
-0.6571376670579212,0.19991919541048073
-0.650395558993956,0.1491528338486085
-0.7116412638021387,0.11630363338894865
-0.6983078072667648,0.14291928834289616
-0.686956030387401,0.12209952105774799
-0.6647769051375653,0.1339336976205621
-0.6562481444120871,0.1800348517046246
-0.6989458806883949,0.1306230730733254
-0.6899496849629279,0.10827313167013351
-0.6570985529944492,0.17382990133745016
-0.6743561250144762,0.18005610984441922
-0.6743519096341196,0.14114165472090892
-0.6701245102617461,0.13543582599395765
-0.7086842887520887,0.11207951430098737
-0.6680643737538555,0.18463455023793632
-0.6976043340099066,0.13673899359890432
-0.642261862102615,0.1607770438524657
-0.6849947617181175,0.16447303639070596
-0.6882135611239537,0.14186718275271012
-0.6885293011018971,0.150778060421863
-0.6688875350296484,0.16469306512713097
-0.6985026296509957,0.13375955506204223
-0.6835905166354221,0.1527380104544302
-0.7032402462817375,0.10814138049425011
-0.6834847100644962,0.1358417341124571
-0.6535407163511429,0.16881914685238553
-0.6980199007888525,0.11444043078923376
-0.6895659617911915,0.16476174594641843
-0.6646676222894145,0.12819777997844153
-0.6668765778002218,0.1512840069496601
-0.6675550650788685,0.15868321222764367
-0.6887024976970008,0.1242395884335917
-0.6714109079583882,0.15984734166898756
-0.6924160418028185,0.10951707919734625
-0.6681091487443177,0.13773095729473447
-0.7135171855705754,0.10803348750462076
-0.682111525589066,0.13882531568205966
-0.7001025386254591,0.1440175582076192
-0.6859204039475234,0.14462261525111733
-0.6587855386664196,0.19528566325218752
-0.6525866515739454,0.19223707582916102
-0.6765404736358697,0.17167348123767953
-0.6588522809702053,0.1561491953825245
-0.6736667772844639,0.141714424722907
-0.662213184542014,0.1500144748425507
-0.6901256475979238,0.14017254163582618
-0.6897485959902604,0.12145455590569873
-0.6466577857216063,0.17615447028839354
-0.6697140652571373,0.18250246573977705
-0.6652311763137013,0.13717770226590006
-0.6600172644325406,0.15960672126706038
-0.6962761317325515,0.13563487279699785
-0.6912651860834352,0.11729808693037497
-0.6676199390228233,0.15093239437251135
-0.6846403090982792,0.12627914276041788
-0.6929807542192156,0.11817267245903193
-0.7010365502870921,0.14237960376635656
-0.6828040050333577,0.12699033344905436
-0.7076565951665853,0.13567195444225005
-0.676954110667227,0.14950074478029202
-0.6928909056396823,0.14039562473895897
-0.6892646958796294,0.14045272172644752
-0.6739601259139156,0.1864360791247636
-0.6994710924569889,0.1456270797371489
-0.6719097645598378,0.1642982855812318
-0.6697573725422006,0.1487776215957689
-0.6378960891115564,0.18657896417448636
-0.6920144440634142,0.11547445737383302
-0.6380867253352321,0.18538843820218648
-0.6776008324293911,0.1371371517285895
-0.6782994706741372,0.1715543789667844
-0.7056847639080449,0.09957993452624563
-0.6962233874895557,0.15033928307302669
-0.6980280122760371,0.12949167573051687
-0.6804722110881906,0.177621017686753
-0.6735769894941088,0.1830565904741994
-0.6603083809368642,0.16826486190514062
-0.6612655155279501,0.1639760723814271
-0.653275478175619,0.16999441596554812
-0.6457157967188759,0.1870924071375756
-0.713632156612205,0.12545919536064767
-0.6908020020967746,0.12402875407603482
-0.6540018706033099,0.18056119921351838
-0.662614825629537,0.18983238291154975
-0.6421854329535456,0.19620404499105257
-0.7036151761455662,0.10934285548786941
-0.6505961118168198,0.17783428238735371
-0.6665011227646924,0.12367024811680649
-0.6732397204712696,0.13395209932417448
-0.7013757177476251,0.1289017698849476
-0.6778968198061748,0.15905911240811835
-0.6833631292457686,0.12933937409169297
-0.6514723193037543,0.18770016086326857
-0.6923265070793463,0.12740477499935646
-0.6898259463931246,0.13452137332670863
-0.6499108910013168,0.16460473401959339
-0.709623798773727,0.11246894850096403
-0.6690038868542849,0.13399308254222542
-0.678100365549855,0.18162870391849065
-0.6589784566750304,0.14285063631898645
-0.6690585993704988,0.15339986792508373
-0.6925065832807797,0.1114745168485737
-0.6853504541639743,0.1357500041528561
-0.6525803643721337,0.1503623106795572
-0.6878350449151814,0.11994539657187336
-0.6793125552019905,0.13761347919667008
-0.659415386762124,0.17696562183929737
-0.6463017014866042,0.18382092105820708
-0.6982006203376164,0.10531230541683803
-0.6680902675170535,0.14185724210984982
-0.6740596209332744,0.12294225331465915
-0.677447773148693,0.12741017532619703
-0.6791863955976906,0.1401280578349228
-0.6754093588593737,0.16110557644314433
-0.6837984886310688,0.1677020433331114
-0.676285929371027,0.12671504570464368
-0.7111871028675422,0.10292300103346687
-0.6461371334071778,0.1984151377117252
-0.6511430497717616,0.18816414089323816
-0.6683827971861397,0.18938617705882907
-0.7062573552704238,0.14628976358357926
-0.6675321219669079,0.1454079681860501
-0.6972005847087348,0.1507083736144272
-0.6564304442682033,0.19653090489095748
-0.6864863042564265,0.12215792012287242
-0.7134871800457978,0.10038000650500896
-0.6856504558096013,0.13508558934954504
-0.7035530541592612,0.125084377019737
-0.6785320945669213,0.13386893889423793
-0.6591831771064278,0.1567669092309323
-0.7041848248770127,0.13799359013575804
-0.6722340186023119,0.14232996801105505
-0.6997152159638899,0.1266828750294913
-0.6665469195981807,0.1435497993586354
-0.6665103464133122,0.12297979352260897
-0.676870298580866,0.14943680313515453
-0.7100095708300308,0.13953216898685317
-0.6613912548363332,0.15621892303527488
-0.6959332847740551,0.10917927542087909
-0.7071081369892974,0.11510937240125363
-0.6827501660367764,0.17168394387622996
-0.6789968631613773,0.1569577578372383
-0.6489438350193945,0.15918911941912414
-0.6788447430776704,0.12535986461107576
-0.7000240236773934,0.1174870089372806
-0.6734457705885152,0.16898584515605022
-0.6866644696954102,0.14995076190253676
-0.6917332657132494,0.14801502883272444
-0.7051041643976016,0.13072683454666975
-0.6540610733601178,0.1666542454499389
-0.6627294440727142,0.14162055202734553
-0.6861459417070318,0.1496655391133844
-0.7025354253528298,0.15184226912567195
-0.6968749850466078,0.11211755553487618
-0.7053231616871549,0.1353629849876376
-0.645454447060246,0.18604774904626645
-0.7004504203744012,0.12337095595067521
-0.6835586753912698,0.15663381729941211
-0.6908137382901315,0.15251725300138871
-0.65688180372625,0.15046155350089052
-0.6681235369990217,0.15496477901395964
-0.6758454107607857,0.1310931399654357
-0.6988762653735072,0.14186590726163353
-0.6893887401426335,0.11440521258656804
-0.6518636487812719,0.1772132191216827
-0.6510496391319806,0.15481367567166782
-0.6828611756116958,0.14065956137897653
-0.7052713531641788,0.13427349935649238
-0.6704943059188216,0.15453120547175506
-0.6710184397067004,0.173335960802631
-0.6729107658374541,0.14753134409955415
-0.6719653234697909,0.13250716975080762
-0.654239567032787,0.19687386312463967
-0.6779833815587788,0.1778063651269182
-0.6963874380376956,0.1132002502574999
-0.718155452175142,0.10484013270612916
-0.6724053504689351,0.1229905620051236
-0.6590249917256716,0.16757144874810612
-0.6628380064161662,0.16877039031118354
-0.6785217646201808,0.17270694810659543
-0.6733140359607304,0.17328613493181275
-0.6703353921183404,0.15268702601962433
-0.6636968342554836,0.1898329921707898
-0.6686654184846063,0.14949803915113796
-0.6542418976695819,0.16656583639146894
-0.6889891918776226,0.10151747026691145
-0.6857990830151851,0.12996872969622986
-0.6719457016623914,0.1844189450834807
-0.6723088947022289,0.1545535030817834
-0.696475996137527,0.16160279186910687
-0.679393325329567,0.13543820417490082
-0.6619877200559879,0.15202563164967994
-0.6686865404757483,0.17024157825642197
-0.6747755126966763,0.17133574912458954
-0.6819233137764029,0.137880079118373
-0.6951806820544499,0.11796932041907507
-0.6865127391887387,0.12952852001357132
-0.6738796694700336,0.1251717759903113
-0.6599561773853171,0.17408660692264236
-0.6781863657152647,0.1231741237800689
-0.6559166872979515,0.13452365476077363
-0.6795395140667292,0.12786355744615327
-0.6730186862088113,0.16425543654102984
-0.6807626515379288,0.12347546983916369
-0.6975588634184061,0.1335435828084796
-0.7088431776354148,0.1329096586231932
-0.6988846885846495,0.11853351693516577
-0.6915001103970594,0.14812493813486716
-0.7066844221089791,0.13659089908670027
-0.6639282005079044,0.13946745239931171
-0.683168702717098,0.14068298398487092
-0.6710240162823655,0.17908962146900967
-0.6974210165279483,0.12477231778381451
-0.658011648020048,0.13798639544544516
-0.6871833757738439,0.15076602364585195
-0.6847492317145052,0.10931026172859418
-0.6833890676572351,0.15992276158011928
-0.6805783785488604,0.15989503435939034
-0.6606930951958372,0.1376339616276338
-0.677532717444324,0.11380690678561088
-0.6609030539908088,0.12873880780706096
-0.6489657467614912,0.18620929566906652
-0.6740434831797358,0.18803556906035304
-0.681596016068617,0.14137673715623778
-0.696096272558741,0.11486250115881866
-0.6816595342272321,0.16721073501314804
-0.6931449056528578,0.1226736717308726
-0.6628970936396509,0.18555081016407432
-0.6620958464667037,0.17071950433228833
-0.6502980136186647,0.169809515576774
-0.6776206172879338,0.1387978006333206
-0.695746086258319,0.13687374118535364
-0.6590907862349197,0.14478252080540824
-0.6769990501764309,0.13715729606841362
-0.6953911168377162,0.12775755517830267
-0.6590158843448237,0.15773192249775814
-0.6584410094082892,0.15907543275160085
-0.6675873411837133,0.1389407117676185
-0.6836020383811623,0.14760181931331576
-0.6769959770045764,0.13608092707281244
-0.6946526800158023,0.13315933530693536
-0.6675507560611095,0.14107381565492597
-0.697838055098306,0.11590728358192237
-0.6760159635123133,0.15781503712115974
-0.6624794816893023,0.16628230855967996
-0.6859296417356686,0.114812813793274
-0.6553436822721961,0.17158326081083086
-0.6820418139610506,0.14672116267529
-0.6886465479413129,0.15889844424734148
-0.7025597416169447,0.14828746475836882
-0.6974326239595564,0.1360471512112356
-0.7098588453086371,0.10819987476730425
-0.7111241000135261,0.13561949161314887
-0.6400502828013813,0.19121566940934923
-0.7056918653161143,0.11541796521771375
-0.6502330652287199,0.1519073403185686
-0.6499287352193466,0.17716063784257519
-0.6979713145653867,0.11724064402807266
-0.6905198536085625,0.12883390461433097
-0.6793342079413737,0.14406665487207207
-0.6728433242019488,0.16036058318770569
-0.6976357775662134,0.12063380655814987
-0.6615573617868552,0.14292909789687233
-0.6590513560274389,0.17487351920283692
-0.7134652439150838,0.09616454401186557
-0.6740057614441606,0.15356285059726485
-0.6933827532242441,0.13798173142685466
-0.6812467689085546,0.12897248502658687
-0.6835914584003936,0.16004657005688142
-0.706820110554217,0.10410792294708633
-0.6795820214060716,0.15998284135928661
-0.6695891283979253,0.1891397083333447
-0.6768585903491549,0.1737236644510642
-0.6509976122717657,0.16954617289868945
-0.6982628886867377,0.1360537994731065
-0.6847941987133387,0.1543219035143399
-0.6589120069386494,0.16205678150327985
-0.6832858911758032,0.1392509958539036
-0.663247145857794,0.16595744810214655
-0.69132730559084,0.12184192922383262
-0.7004176144842863,0.09774257567792383
-0.6832735896942596,0.12292149431228516
-0.6604026736708057,0.163623554668183
-0.7010557015504113,0.1055895754945095
-0.69487910455655,0.1075184498233525
-0.6718020721060232,0.15597034018448952
-0.6969191788371719,0.13268210211588405
-0.667130169393816,0.17949837967979304
-0.683610183148904,0.11166263279518193
-0.6996955818806575,0.14731968959328348
-0.6789006996593072,0.12082526197524432
-0.6754998459148288,0.12038048562257699
-0.6361114122630546,0.19779183742281906
-0.7088687313704889,0.1048258964980489
-0.6660786517537234,0.1599780347880315
-0.6738977610242917,0.15474784052628407
-0.6502879322916331,0.15627895856434357
-0.6922957943755259,0.12544624762155873
-0.6691433408524691,0.14293565993985424
-0.6646272026009298,0.13538565132026428
-0.6832825711608177,0.14946027895414293
-0.6928504420882455,0.16461240210472947
-0.6738873270144381,0.17582601105476547
-0.6970989693251112,0.14355381296264963
-0.7043743486757088,0.10188108610582174
-0.6725717721206554,0.16718697940874397
-0.6694016055160011,0.15736155856669803
-0.6605300808721799,0.14301903843173142
-0.6926034457253207,0.15478492467337082
-0.6614974188921772,0.17262260722714592
-0.6603985111498956,0.18854851805309264
-0.702703265994312,0.1532854658124167
-0.6758392377186568,0.1270085577052224
-0.6533896133154804,0.17403904148214186
-0.6731472800488477,0.11926711991946361
-0.6914468716502172,0.11465935821703921
-0.6616665103120678,0.15853201077883475
-0.6853242703260114,0.12820037986165883
-0.6959201079980329,0.13160177958468236
-0.6815706220877084,0.12341423432554167
-0.6879066493317203,0.13180820516419267
-0.6856336810466473,0.1527116405134521
-0.6533437327734463,0.18270457496550618
-0.7100016952612265,0.1375482832713738
-0.6673686041506413,0.16612424307324578
-0.7001612595925939,0.10957327028224814
-0.6809060272864963,0.1526369801716051
-0.6844734248825577,0.15884573756099613
-0.680645672001089,0.14842598187881384
-0.6854727107695467,0.1298807386385705
-0.6650790807497511,0.167033249366324
-0.7076745291344553,0.11643832301270354
-0.6951999366680878,0.16105495279792964
-0.6506510695246389,0.1570994431727856
-0.6996478567914548,0.13014560558204857
-0.6905983240504191,0.11080053067883706
-0.6950621425439176,0.15518030353380277
-0.6771930729993632,0.17064899741313796
-0.6669376888272139,0.15844888880952368
-0.6480398247963516,0.17378604733285927
-0.6759317472922577,0.15124222491735692
-0.7122272910925805,0.13097251971098392
-0.6628722560623195,0.1502315735058837
-0.6941203812386467,0.10379936235749032
-0.6992381766685867,0.1501558412962537
-0.6749059598670383,0.1498046446731267
-0.6677275355740017,0.14105725831734578
-0.710466028173671,0.11920185225482471
-0.6623117592536452,0.1593812797744241
-0.7099501461397704,0.12336019756749549
-0.6759224689559133,0.17244155005303635
-0.7003781585047466,0.09922003458319147
-0.6972682330498292,0.14349253312282448
-0.6942028718365927,0.11009490373109376
-0.6589246913145922,0.1904023179990209
-0.7059847752641898,0.09773122126037408
-0.6613982865158844,0.14610845658355018
-0.6723464964012928,0.12160368061556279
-0.6714213282511403,0.16169260657502021
-0.6708149145871759,0.14956763147707586
-0.671989229401214,0.14765979276696853
-0.7041225687583181,0.10582565383071359
-0.6611596970978474,0.1343735160798044
-0.6835310816038794,0.1436580182114726
-0.6859131034198885,0.14010813113719045
-0.6971423851707569,0.13110024630938516
-0.6647003620523058,0.1524746954304493
-0.680029587436846,0.13859741649125867
-0.7067149545843763,0.13284300026097579
-0.6733763862951678,0.18317816591710417
-0.6967690559031039,0.1362525817400518
-0.6836246469089358,0.13055459459092109
-0.7081536526367349,0.10958654855449716
-0.6443320355966544,0.16567376639215034
-0.6724836690577394,0.18953706411097127
-0.6758304524770896,0.125520552891963
-0.6799793525287394,0.16039653124998607
-0.7098225028209352,0.12050960843332259
-0.7120103860906142,0.10378899011799661
-0.6762096513363226,0.17243628458426563
-0.6844759158046807,0.14678800976734865
-0.7010505521293694,0.15305462087686986
-0.6772770357664216,0.1344724875138064
-0.694422401009651,0.13674118702407057
-0.665774572166261,0.16446968486665572
-0.6784677247631054,0.13332212243836908
-0.6925557598364176,0.12387808961726288
-0.6781741581065411,0.12907795547630468
-0.7009764229399608,0.13628094099965324
-0.703332152727764,0.1315039670551165
-0.689816719109469,0.16213644813164949
-0.6944903446004461,0.1322713715442397
-0.6607522617060981,0.14713076465696834
-0.6624015978189419,0.18898051940613184
-0.6768143207283199,0.15704963958280474
-0.7090682711168669,0.10015515354339226
-0.6742986764334272,0.17752485745107563
-0.6738668351371249,0.14445905581375104
-0.6784306791192198,0.15566066716309918
-0.7037592227079443,0.11818306863614113
-0.6684086365545309,0.12956001446556037
-0.6746460849171109,0.17211480588202538
-0.6669576398624324,0.19245362745711608
-0.6821134534956201,0.11242493066901417
-0.711171442718124,0.0966398147074019
-0.7009344682064919,0.13809912214681652
-0.6680323722092211,0.16246594276151918
-0.6483122052783122,0.15738307501584156
-0.6646632562625939,0.14313541093322157
-0.6859940856386593,0.1668352553125216
-0.6973379040337458,0.11719906916941412
-0.6950363705370701,0.15142843351695495
-0.7136393509452805,0.11319784857771566
-0.6667657727930901,0.14744957639444925
-0.7004038255878828,0.10272123369043576
-0.6847005124294032,0.12559633494098368
-0.6707585432750974,0.1780406657584797
-0.6746049369216948,0.13463010919805304
-0.6633109697333487,0.17469167675420771
-0.6752646699740292,0.14178553947923378
-0.6872308368385184,0.1195872319632695
-0.6945175196592799,0.1459544222175163
-0.6573050741941575,0.1649440269269794
-0.6665384069960913,0.16672184337028695
-0.6743289050183705,0.18778347678457727
-0.6599584763436688,0.1527199079531184
-0.6517327000616637,0.16793987004210775
-0.6607576282016446,0.14944479462392812
-0.6743027521332806,0.13503065777963422
-0.7043556542177128,0.13883998890127355
-0.7058879795753941,0.13032960189035334
-0.6801353796563474,0.1317744178042904
-0.6868985076292119,0.14345276711793684
-0.6821732562481991,0.1632942948630698
-0.6670990607269809,0.12096317337393586
-0.698036716712796,0.13527367346383984
-0.6706930798292823,0.14112178486937418
-0.6657268057474857,0.16176395291916032
-0.6997787732441909,0.1365636998094764
-0.6814313301854918,0.16518440976981869
-0.6872196783983621,0.15933717738052766
-0.6847059500081834,0.15816343507755085
-0.6783182120253797,0.13910188934745127
-0.6774579644412275,0.17066711910929405
-0.6792677603312038,0.14732767349526868
-0.6979868857751956,0.15201673662522622
-0.661663377965035,0.15674745064307885
-0.6747788945706055,0.1832376261438663
-0.6838639461546997,0.14820125318917082
-0.6825407059001855,0.17344056604025374
-0.6568300792208337,0.16716648536864856
-0.6838044010720744,0.10800731847133664
-0.6817750607582437,0.13487082893872676
-0.6934849117157371,0.14490551041770425
-0.6964703528172698,0.15459979761883377
-0.6964535376785616,0.15960249924987138
-0.7110046061264337,0.11470573483829975
-0.6638158850351559,0.16661061317379003
-0.6696118567775029,0.15499895424154198
-0.6518429037994378,0.1836882279972011
-0.6583232069406499,0.1422722384068843
-0.6484718412313452,0.1905823573775849
-0.6572914936116432,0.1779304163063244
-0.6611504485098614,0.17803154821001677
-0.6751415824452243,0.17683012386166017
-0.6614336048606226,0.17762384314160282
-0.6674434594380464,0.16489974082409978
-0.6516027843049623,0.20345173531931907
-0.7125919928914314,0.11354405394755714
-0.6814340481447364,0.15819120646549362
-0.652267206909259,0.19005897820797182
-0.6944729286724854,0.13728651647629594
-0.646886937181716,0.1854909117991029
-0.6619638157577244,0.13131504490124205
-0.6600955007336731,0.1488108637960812
-0.6731805233932739,0.12499207202613881
-0.6724956461492835,0.1819243694074929
-0.7059162079932085,0.13246776797347068
-0.6722332499127481,0.15141619593210662
-0.7150272002735447,0.10112904058631131
-0.647881991828507,0.16457393846220994
-0.6688893621389451,0.18787471851344997
-0.6762169584249924,0.13225868034306995
-0.6713900402676435,0.1448832824439631
-0.6669433825565119,0.14269440230601768
-0.6637522975717707,0.1852645526464232
-0.6917503264199183,0.1339670493822049
-0.6980468412442188,0.13970322122065557
-0.6814930128523083,0.16875886039364055
-0.6427629809585351,0.19064922836635798
-0.6479987714669465,0.15949581623276768
-0.6717334604197721,0.1808545459989834
-0.6874697657219307,0.11735798000473457
-0.667778166140472,0.1581049635539337
-0.6564853972170379,0.17427473809732236
-0.682744037439518,0.1328238882777898
-0.6966239038037491,0.14537469018962199
-0.6955470965287641,0.1294894667114422
-0.6839339881401173,0.13001415550590162
-0.6739667248350016,0.14877147832375
-0.6569665224914121,0.18923613202978137
-0.6764397758240095,0.16149936172591575
-0.7029157304254187,0.10286516255694099
-0.6726130272270114,0.12449548730990868
-0.7149694167785647,0.11632794540231373
-0.6751731846811037,0.17414251760033975
-0.6818416614407687,0.15353385256557497
-0.6631542780466775,0.1541070350017969
-0.6700830512742597,0.1716344963584503
-0.6796298459121664,0.14817199790393498
-0.672248393133532,0.16041090787401732
-0.6685629173697393,0.1843164684584675
-0.6605643460643624,0.16861420908929695
-0.691997915924401,0.11468023796563144
-0.7127633132644497,0.11539713080040646
-0.6821667819977074,0.17663503719831622
-0.6718150984559202,0.16462155977689763
-0.6994856148804189,0.14519503211153845
-0.6666737541695631,0.1857402133094294
-0.6745630143353151,0.14735625185242213
-0.6842047265273277,0.1696536927459648
-0.6823287687358041,0.1368017043095717
-0.6720068456621278,0.1643206657005125
-0.64516303274499,0.16666098729320497
-0.6646658726698516,0.16482377247665958
-0.696862958789109,0.10683829800177626
-0.6681242930763597,0.17495551101221243
-0.6920197684196931,0.15537887535841233
-0.67191367717068,0.15788482646360394
-0.6792657452835653,0.13096066618794866
-0.68474654314852,0.14379980215394766
-0.6575058755069412,0.18684625468171726
-0.6865927370061223,0.1531476309759212
-0.6975150723666871,0.1060590665116995
-0.6488586570577969,0.1925072846585826
-0.659075261921251,0.1609818376184635
-0.6792867193598009,0.1491063970515465
-0.6686153827355414,0.13500100117366087
-0.7065614842308325,0.14225878832902877
-0.6932529368630957,0.13843593560597098
-0.6937257881678803,0.16520353690004344
-0.6720224426912171,0.18111710338634224
-0.6931035290235659,0.11185467815259541
-0.645954304217248,0.2011586253469017
-0.6932115199503691,0.14486787800077786
-0.665518595273166,0.1610611821338478
-0.6752131827045791,0.11531238408412108
-0.6986006025080413,0.11223588126468348
-0.6564130092384195,0.18891741520782332
-0.7138831089486577,0.1078971488116999
-0.6783040949662777,0.12378473246000338
-0.7067586319386335,0.11189999119194044
-0.6950665474450299,0.14257607380702086
-0.6861290386400367,0.15508467945724366
-0.6692006169382653,0.15842953581352726
-0.6565165152224913,0.1360247297521472
-0.6824663762050304,0.16255338670284872
-0.6903686423516106,0.12480323666966607
-0.6958692855336364,0.11265444040104089
-0.6800864765871536,0.13755773443321107
-0.6797576562012946,0.1652581676568665
-0.6835849677456518,0.13159991278204858
-0.6749517955768338,0.1656197986957159
-0.6774141002644218,0.1468793505408225
-0.6674280968068494,0.18982088004033176
-0.7009298651274402,0.13640454858812565
-0.6516563847583102,0.19032973434820863
-0.6752955588441855,0.1161391294758074
-0.6839322064423948,0.1703017627572372
-0.6759551266658029,0.16840374150809745
-0.6751556387706296,0.1490699466565159
-0.6837468864377093,0.11737080091819492
-0.6564490583387752,0.1583392737617378
-0.6831531153962236,0.15640289652154368
-0.6920726351669048,0.15455217214233907
-0.6754398842228783,0.12207834328265608
-0.6903014409778151,0.15397759749069131
-0.6960155508513176,0.13045947349099338
-0.670486482868911,0.13711295443874852
-0.6512996530791666,0.15213694285551713
-0.6619272780787608,0.16391698432708907
-0.6752798225414457,0.13680015329454434
-0.6926393649489145,0.1509224250568898
-0.6506115201132843,0.1875167482506045
-0.6709590409267646,0.1457377012249871
-0.6736997214066021,0.15616347043776418
-0.7010468879034133,0.1283491771788841
-0.6792776876658448,0.12866018735350376
-0.6862246118628585,0.11353475068687237
-0.6431468061879071,0.19817429456088734
-0.6987764199256796,0.12615596565832193
-0.6991725900627492,0.10223070075008386
-0.6615816837191081,0.19096936894188513
-0.7041629986998776,0.11463728700974415
-0.6851268552489858,0.12895870023225706
-0.6729337901862339,0.17181195394205842
-0.6774928899559239,0.15552136938432445
-0.6840151713974596,0.16825188503574612
-0.675485454592505,0.1461272111232276
-0.6827796442518115,0.13645046346692952
-0.7058057539173103,0.13458661369859543
-0.658005514369957,0.18349098201746875
-0.666573889107773,0.12832881307452543
-0.7002049273911514,0.1084266104847956
-0.7061304211762995,0.10555279970776398
-0.6780747716658179,0.14668358597542436
-0.6667268297991904,0.182114170451801
-0.6783721299856436,0.12290860679419985
-0.6829525712855987,0.14803051125741296
-0.672779742129141,0.17461805028114966
-0.6996990473890758,0.11309534272136854
-0.6650865749395704,0.14377074470036083
-0.6537581335311689,0.19799560814722383
-0.7015968505638122,0.1204444029920282
-0.6558808503636762,0.1486308297111214
-0.6459934858045036,0.19980453219930214
-0.6779194532707669,0.1646347932380394
-0.6700694717296621,0.13173354144124175
-0.6703688542193152,0.18588731363755367
-0.667892614179153,0.17421918191993224
-0.6542743320203546,0.13842681067989704
-0.6525949272363848,0.16215697185740197
-0.6960023366820803,0.14326464189621338
-0.688696410499064,0.13129211376044175
-0.6945469472742163,0.11847178897956596
-0.6918634332109602,0.13859296946193725
-0.6821243492071785,0.11669517688374462
-0.6810427214612464,0.1727791454472646
-0.6798101810807341,0.12352383976444606
-0.6711588075658564,0.1408587626913179
-0.6412607900234351,0.20013107300283148
-0.7035571756224399,0.12405133692369573
-0.687741040716678,0.1705633915425331
-0.6828450112240039,0.13778109653967155
-0.7012288025483406,0.10507694571314642
-0.673498634227092,0.15955031368635986
-0.6684234500182634,0.1405057891799421
-0.6624432831435426,0.1831025639993232
-0.6848917134572332,0.12836854155784944
-0.6934842011927336,0.1425797317752175
-0.6706727339688701,0.18182151173940223
-0.6988701149252196,0.12182635798363896
-0.662549053028968,0.1424791921275023
-0.6690265463561457,0.1537871508570177
-0.6434569190008931,0.1657149593363639
-0.6809392294057545,0.1502383832194965
-0.6746431286056086,0.13183429818480835
-0.6875318458587983,0.15548890074240065
-0.7001035367816775,0.10843542139880383
-0.6969378391384702,0.11352189836262849
-0.6569169822607566,0.15579438538517829
-0.7016636138036343,0.10777525645344248
-0.686852889653614,0.1718835735709257
-0.6593660905861046,0.15433875594390867
-0.68069174747306,0.1666784318421254
-0.6970421154148388,0.10528926435678647
-0.6844893601342978,0.15842420211779093
-0.687115913584427,0.11155798747527634
-0.6603301525101781,0.16024742722454022
-0.6661063546708035,0.137596206353712
-0.6730964109748486,0.12783435061886753
-0.6800159198263969,0.1476281492577177
-0.7056608938176981,0.1414342020401376
-0.6716867640205454,0.1455917851626209
-0.7030095021840844,0.14678419587944488
-0.6712878237949409,0.15763496896872667
-0.7119952479373894,0.12484230665162874
-0.6674098364968246,0.17990604469163438
-0.7130194888324375,0.11632146102774427
-0.705961504903703,0.12026731245253772
-0.6862291839660559,0.15130353801811472
-0.6803457373850061,0.13278356011688505
-0.6947996659890342,0.10176423870894685
-0.7007954022337083,0.11321104841481194
-0.6497147366208906,0.1491819560849391
-0.6942662524033606,0.1447399050807867
-0.6678950106185502,0.16527442340912124
-0.6472023101432518,0.15011246202258208
-0.6840401375914078,0.15267609714379876
-0.7011396151134452,0.10326543105759967
-0.6708361973415249,0.12940412739283638
-0.6712620305808893,0.15984901671692103
-0.6937132982882952,0.15210154614857838
-0.6871623758875464,0.13983844196887527
-0.6854521602150329,0.1304945345068798
-0.6820688610282355,0.14459874438198037
-0.6734306838899977,0.14283125326472965
-0.6729923794169983,0.1706417099780252
-0.692264391562463,0.1111183139671541
-0.6993901423134701,0.11078111069146925
-0.6562547958460117,0.17338110895725786
-0.7089388408959272,0.11973577040207908
-0.6846718530641149,0.1670360785256922
-0.670877539275519,0.14328452425060142
-0.6934052785215211,0.13088700516061813
-0.7017975353427308,0.12452005567192305
-0.6560763471087362,0.1424153064646532
-0.6978791345442116,0.11022786347970068
-0.6696486513789524,0.15618795975904287
-0.6622585270569555,0.15894785754451785
-0.6716482631744077,0.17780824587443295
-0.6721028221898644,0.14231894477595025
-0.671569732600568,0.17272589292576496
-0.6590406485578498,0.18622097905303678
-0.673548764406244,0.15455616197347588
-0.7041412499474952,0.11085209751756184
-0.6510776370332925,0.1490987017444167
-0.6610168430204709,0.1879735377451971
-0.6935119879195226,0.10851978015353
-0.6519724111918943,0.20344749051803632
-0.702460671512788,0.14760933967355938
-0.685613843702882,0.11371018425594692
-0.7101693883519117,0.10860063042727904
-0.7072481005568897,0.133927333627605
-0.6650465428603424,0.13333305182649083
-0.6762290424378743,0.14134420301827944
-0.6813308992254428,0.12222097531332694
-0.6804601535642102,0.134271153577977
-0.6769845654970614,0.11443829427971748
-0.699436838117438,0.11240055878509987
-0.6478605495774281,0.17064796683020517
-0.6931569550547797,0.1306723129964356
-0.6573898191236998,0.180268859030631
-0.6548071415983643,0.1368523626568718
-0.6829113964302371,0.13685549698030638
-0.6667705155735885,0.1533970225711047
-0.6806915333435212,0.14950394988829235
-0.6766856773874625,0.1448202348259022
-0.6616128922438081,0.1641352378024073
-0.6665590917396277,0.18293117020450916
-0.6778530336908402,0.15241669570726113
-0.654682417407294,0.19730981091029515
-0.6527093373183538,0.15581830659567128
-0.7028642512991536,0.11175504050269397
-0.7074624481321515,0.10155132983922721
-0.676659659230526,0.1590505631457867
-0.6934539323787736,0.15457543079260316
-0.7009328687527605,0.11631942193135555
-0.6778497547056939,0.12616343022155463
-0.6799852056801418,0.14488525482873027
-0.6999853750021076,0.099465572822005
-0.6968552537720607,0.126893268839682
-0.6639482622253398,0.17426206816450282
-0.6653926238925832,0.1530819815705108
-0.6505393139878828,0.1798133198617208
-0.6808392467741246,0.13908972500013458
-0.6874289062653983,0.12428445324684895
-0.6596662130766793,0.17218528580081183
-0.6627981169721489,0.16694256304819283
-0.7014502976708491,0.13583522335320836
-0.6978661940406927,0.1354006815713237
-0.6891096448571267,0.1308106557982899
-0.6760429081348213,0.15915786308013644
-0.690216921896504,0.14709049863496054
-0.6925817218433725,0.13537498059173547
-0.6712931682223255,0.13042621791249043
-0.7001624262019871,0.1108830452631314
-0.7026961971466691,0.11553351744231213
-0.6788609682783447,0.14068409965179401
-0.6726017513641821,0.17586660931552023
-0.6976657295736233,0.13868104870165665
-0.6585936847365246,0.19138146099916598
-0.6638299188042299,0.12975236246231417
-0.6777238256095628,0.16793384658241864
-0.6637391847640599,0.17674507188754898
-0.676659106165937,0.117411937477795
-0.6592833919083351,0.13357173857738755
-0.6858563759705891,0.15956534655082877
-0.6801106664193755,0.13941203167411625
-0.7051520851643807,0.14284092671622436
-0.702160770481906,0.13299513546830066
-0.7114850598889891,0.11325298673639891
-0.7055575466627949,0.12462308386586544
-0.7070154300993218,0.10135105179515778
-0.6897170905946727,0.14506883987124167
-0.674528714026576,0.14813522311210892
-0.6519616536408718,0.1696992786092495
-0.6638940227061022,0.15931584624655634
-0.695684070282813,0.13856377663785782
-0.6837861424408819,0.1122970195043221
-0.6795494162283987,0.12475934053850811
-0.6786704150901613,0.1683785117668291
-0.6770044164061548,0.1631330479833091
-0.6611832337327522,0.1410468428842795
-0.6606547420342695,0.14381325501354889
-0.7012949666017303,0.10666083074944513
-0.660280918974172,0.1305660467322998
-0.6745976666823719,0.12448795079321061
-0.6645379788677099,0.13445249979091925
-0.667581526620042,0.17266041030221033
-0.6910948194304399,0.1321426182569089
-0.6766403914541186,0.17112453374623388
-0.6890271776000247,0.16102697123797674
-0.6703138309245886,0.1356466805298422
-0.6625287044410264,0.1766522234914316
-0.6741572214081982,0.1544409452332364
-0.6794718967565427,0.1510517722025097
-0.6973947665796876,0.14108995566288038
-0.7096134957680219,0.1293264338518934
-0.7044983697636593,0.11210508421911167
-0.6626836425046939,0.14347586053634226
-0.6849359186255785,0.1559078025236819
-0.6837340859160803,0.16565430661491404
-0.6760831691151578,0.15910847631154132
-0.6963050921899757,0.12155077321175113
-0.6743284073575766,0.13219503626008533
-0.7104104366433797,0.1020260954167186
-0.6888796937747586,0.14371789291124504
-0.6618491767839402,0.17930310919197429
-0.6773439616806558,0.15163419791479912
-0.694884151309959,0.1124386228125879
-0.6484232364045609,0.189822772389847
-0.69047620349695,0.1535683914824447
-0.6867619480933195,0.13118486335127977
-0.6699457881623481,0.16854822151325138
-0.6963446526321886,0.11966050147998113
-0.667745435354819,0.15676742197034527
-0.6778424185210915,0.1805722593888649
-0.6639834172582937,0.15589666560225618
-0.6816125264285865,0.17541269491588207
-0.6928486693804319,0.10618000305620774
-0.6665625207184971,0.14625653012969816
-0.6925983795314646,0.1272040747299611
-0.667157423343836,0.15120231994786074
-0.6898027856544416,0.16375392252240015
-0.6813382451067865,0.15047064778351638
-0.6793003751270905,0.1702812987988195
-0.6475758668350542,0.18045349366061522
-0.6993361281753737,0.12004603704211053
-0.6795725755706031,0.13520668637323313
-0.6651183618653971,0.16026424214232957
-0.6937650504791136,0.10522731277634473
-0.6969199772600768,0.12303053090371226
-0.6622437432779411,0.15015386665013705
-0.6678768764553288,0.18146363516111147
-0.6771067315025988,0.13492744263251158
-0.6615601362033575,0.1756461651500646
-0.6914358166350578,0.1589741732781937
-0.6985448694408992,0.10148391378489435
-0.6752423858137481,0.17101924212285954
-0.7022645047450877,0.12831394784669164
-0.6759681962334295,0.16008184777102935
-0.6626440186289726,0.14632739265759603
-0.6646436037665886,0.18382975810484453
-0.6706427477117014,0.16765514197355064
-0.6984890474366976,0.13583767313877165
-0.6937564193121002,0.1289627002117031
-0.6997418342566347,0.13000063446796503
-0.6727924814517823,0.18421508896671407
-0.6670837736062611,0.15704232889209258
-0.670681677103382,0.14097927758289766
-0.6789403337177373,0.1641202360509215
-0.6818671733444853,0.15519878455641645
-0.7037264700274581,0.11109616422523538
-0.6793881219331553,0.15040792482930093
-0.6788416305486864,0.15828310241891214
-0.7000139106407866,0.13985160451173953
-0.672323586831108,0.1192859508775782
-0.6626404170967287,0.15579866051011731
-0.704708422006799,0.11584765232226964
-0.6663526068123005,0.15864209084146663
-0.6941396201317922,0.15386038194562995
-0.6709680095037277,0.1608872975136248
-0.685828994190642,0.15272047152197638
-0.6772477386767703,0.18107916980570235
-0.6679297712368308,0.15144568110502496
-0.699329476286118,0.11246512379601173
-0.6762093550284903,0.174687629710934
-0.7001594792467055,0.13835099129708076
-0.661825795639667,0.19297691846890913
-0.6585349058039742,0.18963023678921373
-0.6765028279425822,0.17303282032091757
-0.676720035492071,0.13290504870918354
-0.6761833146620748,0.1661729764162772
-0.6875365902032597,0.13232823059487098
-0.6551776547036023,0.1663670091309352
-0.6685004268496851,0.14751827479864216
-0.692613218333794,0.13159708098160613
-0.6650444712405039,0.12956637234948484
-0.6699787017834264,0.14833120576585207
-0.6652311755701544,0.15818320740553196
-0.661790684555547,0.1487774921011609
-0.6896409159575476,0.11492468335717677
-0.6592360049007487,0.16430793643303215
-0.6871576770886022,0.14427750708952203
-0.6615985257794363,0.15050624572712287
-0.7097691693745994,0.122679684216163
-0.6871440771580583,0.162255283228933
-0.6725471159894617,0.146016867247667
-0.6956978918094815,0.10754884849483336
-0.6695140388141401,0.1476042133077592
-0.6761778157273458,0.1593642218962209
-0.6564337074956658,0.16706150181606957
-0.6514135694376928,0.19215940681601842
-0.7022927219406514,0.11394125290514012
-0.691783759920985,0.1514916179842858
-0.7067000265137351,0.13178563948807867
-0.6519205543654981,0.17453774908276642
-0.6820862602651705,0.15612335901187077
-0.673428191783035,0.12145141250558747
-0.6914694439343845,0.11897065494080777
-0.6614023670387414,0.18486914085591166
-0.6877503551169704,0.11396954752370941
-0.658897671191385,0.1980650671721311
-0.6409693653387044,0.18794538938067665
-0.7031718212743179,0.12904697663458828
-0.6542452958445869,0.17684120832854233
-0.6838612641107037,0.1363280217911102
-0.6791329892853761,0.14592866971448165
-0.6775221389545089,0.12073263587968414
-0.6900869666607073,0.1306609671101988
-0.6704281006055477,0.13783599500910962
-0.6765588324465385,0.13684051934088806
-0.6842769575512486,0.13980190716913446
-0.6640998359465241,0.1260670458637184
-0.6770450819119346,0.13449520653758096
-0.6690228442048515,0.15609769655302064
-0.6595520311425331,0.17316838204372095
-0.6742121479109141,0.1262173643156035
-0.6872065159950426,0.1582427997305116
-0.6678924913009244,0.1409139665842745
-0.6609037927179817,0.14145582444734708
-0.703249878149764,0.11866356367413994
-0.6563633516587051,0.15083690014289491
-0.687531174079449,0.12471923185433556
-0.6918370701292986,0.14156287934695086
-0.6849898442524014,0.14277723855749022
-0.7093812031863465,0.1105375274879974
-0.6713676746404676,0.14587349825090717
-0.6780901222349467,0.15393420926857507
-0.6750507351766268,0.13348388303757738
-0.689865106542072,0.1065505959812146
-0.6842725559501995,0.13103191160416494
-0.690670373536791,0.12524111680872685
-0.6775868310383832,0.16921676392944718
-0.6862529310257608,0.15109049505439553
-0.6590153571681081,0.13821101330458593
-0.6962049689004575,0.14262340894557105
-0.6845824097344437,0.17010949264072156
-0.7089136074261366,0.13563113799963797
-0.6710346627115554,0.1661541539799702
-0.6805930205036148,0.1469184759954242
-0.678514796327313,0.15304660198051617
-0.6563932936034702,0.18505935340652618
-0.6773702075206061,0.14215407621724416
-0.6745264755366325,0.17987785519603766
-0.6914051109118292,0.12483124497895111
-0.6793002383785364,0.15934913144593285
-0.6944282471089488,0.13762798315325966
-0.6566424234424034,0.18896533040622082
-0.677987582566366,0.145501734963683
-0.6855938595541421,0.17107124790904776
-0.6776946046164781,0.15996134847443197
-0.6835514017580124,0.16838344641819042
-0.6759151620049528,0.15191383135610043
-0.6590711011767989,0.14671768779780556
-0.6531150201054448,0.19871449578105063
-0.6939391454433796,0.16418458051658097
-0.6763800013328549,0.15781723322638033
-0.6739197875817842,0.15090477471711183
-0.6547537654387713,0.1780168234015442
-0.6829842154888273,0.1371107372146118
-0.6813699029956961,0.16979102515082872
-0.643374779646832,0.1774061631575253
-0.6657744702493074,0.17108757648843276
-0.666071960920514,0.18022165359350076
-0.6596882984624042,0.17648795324487626
-0.6773549002221981,0.1328806196751511
-0.659663508197463,0.16310396598758814
-0.6731990582425165,0.18286606414039877
-0.6522853917516938,0.16448796155366244
-0.6751602778511689,0.17244878157611385
-0.6631543330729458,0.14277488938756794
-0.6876553478215912,0.10837259135821155
-0.6791786205734042,0.17635225109710914
-0.7064935567031934,0.13237241610525857
-0.6785822301930953,0.11768835873153422
-0.6667944868970567,0.13221313172646446
-0.7014323724048203,0.11637715921383443
-0.6874633275007396,0.11517864385912159
-0.6656260721904743,0.12468404802653235
-0.6781268588829732,0.11874277870594784
-0.7021488225187505,0.14937957853723352
-0.6763465894272584,0.1760492448190298
-0.6952142155864226,0.13569922048996447
-0.6967007657514817,0.1447801404662977
-0.6614459901167714,0.1341667794224334
-0.6565404102078191,0.18096069846592033
-0.6895451596234177,0.11844713197540331
-0.6546486864186246,0.18953846088885493
-0.6445319290651031,0.16014634144163153
-0.6929909958169823,0.12359975369168276
-0.6829251105581035,0.1604171327566239
-0.6793873283649711,0.13756700142600234
-0.6651895351552178,0.1674923479784532
-0.6723426421771354,0.1421658685872383
-0.6798455354345135,0.11927995389917019
-0.7067506234558673,0.11048592526945958
-0.6787555907197185,0.13776110273154193
-0.6920566667203709,0.13283497495396196
-0.7042290869434933,0.1258247876717833
-0.7073124717982788,0.11034220637164323
-0.6641597487191254,0.16783301839359124
-0.6833628680577242,0.1671421688479658
-0.7004069824459812,0.1301273964749647
-0.6835093282923959,0.14460149974477046
-0.6898276967534286,0.12758234397775794
-0.6860251440198167,0.1567648826017354
-0.6534075477967768,0.17505620202633113
-0.6550080906651384,0.15644697913628702
-0.6931344706431847,0.1394577928244055
-0.6838680419279531,0.11027385557967345
-0.6583706951306431,0.15853857423002335
-0.6676805955032572,0.1537365071377397
-0.6706272633889735,0.13341882160320714
-0.6793685068931978,0.14954803553548227
-0.6759981436017752,0.12084000384128488
-0.6562319376457567,0.1556990256004637
-0.6708945827366688,0.13617510511244854
-0.6941162641530964,0.13689449997861222
-0.6610190655791581,0.15110360469488532
-0.6874750807885686,0.13735455146930806
-0.7019195340027161,0.1255289297063449
-0.6590492930538421,0.17769550337300882
-0.6866227869814294,0.1266976526394868
-0.661874867763492,0.13908044482685772
-0.7018507635571556,0.10236789318342894
-0.6623621367344626,0.19517501847795077
-0.688309465926713,0.11402008136579256
-0.6771540207139337,0.17266481511792595
-0.6805324931936532,0.1438701616764387
-0.7009900637839965,0.14799575982782673
-0.650439246153705,0.18084526370549547
-0.6983929676372261,0.13924441940023002
-0.6819014501860958,0.14585915819328607
-0.6725260039234684,0.1773472596233744
-0.6736421506659683,0.14501758830854092
-0.6724983750254958,0.16938632263908152
-0.6770511373703307,0.15231142026577393
-0.7043579892277463,0.10380747265932018
-0.6626736921924962,0.14177670130778158
-0.6915256047230617,0.12428763641449254
-0.6795065640119847,0.12337440825202797
-0.675393394975854,0.14040464691998952
-0.6694666943062297,0.16520860984879965
-0.6481283127048341,0.2026627687431387
-0.6991747381339372,0.125316874814442
-0.6858291149506421,0.14119269985985108
-0.6750764776881207,0.1374822409797831
-0.6769518532438992,0.16452116158384483
-0.6627183759377876,0.16045307704367662
-0.6809732732045286,0.16532801393064414
-0.6604139438004252,0.18356268618638685
-0.702320877812014,0.1382561387908529
-0.6567350619509978,0.1557218537094305
-0.7075020808931881,0.12092099710928347
-0.6583490489115458,0.17953358507089676
-0.6901004047180594,0.15068811395728335
-0.6755905243032496,0.1658098671528248
-0.6782737392016782,0.17825490962051832
-0.7024991362171334,0.12565110328264215
-0.6574569612568628,0.16397478624813197
-0.6693818010643312,0.1724104100521417
-0.7015528612833037,0.1476351956178413
-0.6647931575651678,0.18190511644155213
-0.6833870706769359,0.14996914058085026
-0.6585256010508667,0.19239872639079522
-0.6690120242012343,0.1366880131274699
-0.6732758087890316,0.17405672455634721
-0.6914383798721763,0.13893168650922344
-0.6764893968144217,0.11502662527510117
-0.7098097217646345,0.12238612281748129
-0.6600934772789362,0.16318692725588524
-0.6939595269648761,0.10855104465674832
-0.690651570826095,0.14896429728026134
-0.683530120825319,0.13760812002900832
-0.6535478027690279,0.164691276361024
-0.6615499213787338,0.18130714175088808
-0.6537126222664025,0.17307693171130564
-0.6844682469711348,0.16286376521130305
-0.6734863267658958,0.17765503071156294
-0.6699904160020159,0.13080722154067853
-0.6658916704252271,0.14967843169422715
-0.6820317565132605,0.1576882611428463
-0.6899959987884321,0.15270272556003386
-0.7051802593311088,0.13201047624486842
-0.6691621260097249,0.15119774305967706
-0.6903164734200375,0.13960983060410762
-0.6807933001215786,0.16847558790005474
-0.664639119288896,0.19496220601691255
-0.6761862173778498,0.17866863633423827
-0.6425867046312294,0.18407197776530665
-0.6900527471299945,0.14538644935757503
-0.6770048985030209,0.13875881513751134
-0.6924716278228741,0.11337473923102204
-0.6898760045988332,0.12642306372758164
-0.6746726304118331,0.17655501793977885
-0.682915667967769,0.1415303623668551
-0.6800239571680106,0.13258751062984844
-0.6784257534198217,0.16429492853081326
-0.6588449948115932,0.14312119276647992
-0.6549493029354012,0.13807352408909435
-0.6840796748732844,0.16139227087146718
-0.7045007742010612,0.11616584252117246
-0.684114907945453,0.12162479786087833
-0.6570906272763051,0.1553225860156233
-0.6400934880264123,0.18103376212904143
-0.6624304825980867,0.16897663495911575
-0.6769530208475736,0.12569778139750312
-0.6553200890877375,0.19676100550726328
-0.6770708406160124,0.17705490347228647
-0.6911631737416234,0.15953927710868604
-0.6556854187417066,0.15139224521314013
-0.6937735719302349,0.1358381621607243
-0.6865126759458388,0.1408643260650282
-0.6875622166326003,0.12060472454922554
-0.6909341177128946,0.15549964313185535
-0.6673252513851214,0.17890725721651626
-0.6567404663752159,0.17217374779050149
-0.7048403004002464,0.11391542236508759
-0.6966196188112743,0.13879869608573164
-0.6723765300036589,0.17401869362702954
-0.7103053869427126,0.11254836111811808
-0.6799292532196466,0.15198243828842303
-0.6807631094306077,0.16597644018868213
-0.6804052795858545,0.12030618927924373
-0.6763448131671956,0.13021911573292605
-0.6774278378105902,0.15921314399202277
-0.6705198170344181,0.15019804357310576
-0.6637339089240364,0.16358856284969056
-0.6703263211328719,0.1854982587604502
-0.6684007607689412,0.1676598214715749
-0.6634666553827356,0.17064192485746124
-0.6621719264384284,0.14917978719119346
-0.6938707189590128,0.13609734756737563
-0.7030767501046816,0.11680501217710162
-0.6891982848756006,0.1090523435731703
-0.6626420928481818,0.161645465165592
-0.6529354021197392,0.17132264024719607
-0.6512655625821596,0.17226686687537543
-0.6811513081598617,0.13339000352098332
-0.6554970371544967,0.17838079127054698
-0.6857454192942611,0.13053742493879275
-0.6731877461493473,0.16450482544603637
-0.6598636684774135,0.15363318391693148
-0.6826501282616682,0.13058758907459556
-0.6558511233322638,0.16005490156636967
-0.6461607777214697,0.17974574008384928
-0.703321231637134,0.11546918663329467
-0.6559600407629294,0.15284558333567622
-0.6719795204991976,0.1454247053375485
-0.6985272317135612,0.10434111178052252
-0.6735423401588659,0.1852821472894823
-0.693791190719523,0.1346629494307308
-0.6640979269988512,0.1313320535043737
-0.6879849713564626,0.12965136672560268
-0.69216206561857,0.13694984424560797
-0.6967736219563915,0.1208195876713286
-0.6832206782721872,0.15478796488749139
-0.6685537708436742,0.14749286171710735
-0.6663040564719579,0.18672530589406328
-0.6767321825698295,0.1680821491452479
-0.6491231008056051,0.1703197066856119
-0.706057746857394,0.11823878484187968
-0.6935720171603047,0.14572986817740366
-0.6419703283462619,0.17567720792681446
-0.6500556543859173,0.1779186642339258
-0.6996114543694806,0.13778901710579122
-0.6980778473210711,0.12034149828300245
-0.6866090925037157,0.13595606458066434
-0.6662601373298834,0.13329127415680894
-0.6803465822487665,0.1407446228645202
-0.6909728146299028,0.1526012172848462
-0.6526269951399235,0.14102050782118278
-0.6947949832359631,0.11803653293230876
-0.6707760668075242,0.1570721582527477
-0.6791530922476896,0.14045470465892682
-0.7018340125854926,0.13129021526455822
-0.6779609498513589,0.11984239545071437
-0.6621345755305135,0.15440437390941722
-0.6499363612310953,0.1678038752083339
-0.6770799895943442,0.1597758253792653
-0.6963848020121524,0.1502551394757626
-0.6674535155457131,0.1380257751735001
-0.6488638778888446,0.17392155376573584
-0.7014571387062459,0.1322855632004638
-0.6996279506247417,0.14060650583427617
-0.6778718456732166,0.17330069422262864
-0.6660793957480403,0.1429654248905349
-0.6854581683218748,0.17334229358331416
-0.6999321450783726,0.1079420480721847
-0.6813276505639632,0.16826611171079525
-0.6924033248664502,0.12265469542950654
-0.6603059165834294,0.15226282003409067
-0.6690720039596213,0.13915197606724067
-0.6891246587670418,0.16029262738653274
-0.700670833046607,0.13491186009777864
-0.6956052932660574,0.15961870402321798
-0.6939234447548561,0.13592137904853233
-0.6725997194040072,0.14649237219823857
-0.6723177943431229,0.13507820455067956
-0.654763431792296,0.1849286487754611
-0.6680902938076002,0.16750493960128163
-0.6800767216862594,0.15859306223620395
-0.6797974844282381,0.15493529299221825
-0.6519035878322754,0.16582191922367243
-0.6840553695395725,0.1670633165579275
-0.6709327992889204,0.13241117258719515
-0.6895592309609142,0.14230813900237085
-0.6741527853405681,0.1786991559914774
-0.6978290138763293,0.14731313302178203
-0.6774807417462955,0.1576388105803579
-0.6666399872741527,0.18644053735530589
-0.6994136066924834,0.12056663420261733
-0.6648774789948514,0.17149396420483473
-0.6767279869927765,0.16204778702178058
-0.7050346566644791,0.1376928591330067
-0.6671447791099199,0.1723291239620221
-0.6732238428012436,0.12097018269521824
-0.6592469930887429,0.19545176202725012
-0.6683152435174704,0.19050810745772376
-0.6965915513169749,0.13616957189149317
-0.6818533143349726,0.156165180019365
-0.6848671916922314,0.11598885309232865
-0.6713582975661173,0.1291048513932881
-0.6648034986018198,0.13903365129518017
-0.6774202498681157,0.16415104480376402
-0.6548216617939748,0.14677418446784712
-0.7044068088569967,0.12225751268488254
-0.6816763557836347,0.13929260845202202
-0.6734872589187947,0.16758386345795606
-0.6908103353829117,0.14284584710518627
-0.6748029975038965,0.15654262726995333
-0.6931685052966622,0.15371997145583588
-0.6785244803116354,0.12232515356031325
-0.6645736024580021,0.15896237453259549
-0.6669575579825251,0.141034718029036
-0.666534110185486,0.17553386242305932
-0.6835244973201807,0.14220644947911576
-0.6980605418798881,0.11689675038059232
-0.6955571887632487,0.1349020876858881
-0.6528535099896121,0.1602357507965254
-0.6958990294782733,0.10554321634956652
-0.7100023647325064,0.12294226280466473
-0.674491916566441,0.12102489337557927
-0.6710933302792979,0.1818329432577906
-0.6396808024657872,0.18778263577401733
-0.6763688159529642,0.16944927124028297
-0.6651932516899003,0.15743146144568534
-0.6680698711686496,0.14582685796838227
-0.6835686821547521,0.11847724126778025
-0.7036329924592213,0.12423047434451479
-0.6770726754901042,0.12641462687443766
-0.7060556131795552,0.10503779988813408
-0.6629354574775318,0.18224075875400372
-0.6987850839170059,0.1223081554916982
-0.6507730387610996,0.16209706327911347
-0.6722446513164698,0.12959063343887622
-0.6853234293385304,0.1465194631886783
-0.6721577636870706,0.11989837599409084
-0.6908640558919059,0.12376354413618786
-0.677657092937761,0.16620418365788148
-0.6894995107691686,0.160248073385932
-0.7032034366677309,0.12606744492005334
-0.7039569620022352,0.1164041918276795
-0.6653298843857272,0.1529225455626012
-0.6925503959545994,0.1387166001174477
-0.6816938888994792,0.13566851115474812
-0.6885578827783603,0.13773402497713483
-0.6507944034792918,0.1593197590245847
-0.6695306218199207,0.15566729061716725
-0.6557961245512929,0.15888987578814093
-0.7049368125212239,0.12589425222429082
-0.6545833279423857,0.1877963378792994
-0.663049182625397,0.17978443509316674
-0.670304423451659,0.13471976451052187
-0.6962753738551006,0.11303915921706946
-0.6597519285729013,0.18745866720086704
-0.6834485643753676,0.13126559788636505
-0.6827148689747071,0.1287865343674503
-0.6748388188961646,0.13934984029827768
-0.6925551993250708,0.15953855916725457
-0.6611753921263498,0.14495699751779784
-0.6466417916321793,0.17187625072584303
-0.6715169113050771,0.13075658896316192
-0.6718135617253018,0.18805617395344928
-0.6791129215649877,0.16308517732916838
-0.6727324468317528,0.16112933673536758
-0.6883637201453452,0.14306641050724833
-0.6760493039832982,0.1356428984718486
-0.6874957983010491,0.11138247043421703
-0.6897552621809357,0.1602755296133811
-0.6793052885235484,0.13572137119552782
-0.6976856938671718,0.12963023299854043
-0.6770425009148259,0.11849993088573542
-0.6867448562389471,0.1673832175147359
-0.6903527915863187,0.12373946349721993
-0.6753217354117854,0.11811833754265157
-0.6819596332163108,0.12092718955738295
-0.6503910703107418,0.18791581353033704
-0.7012235318835546,0.13959346272724363
-0.6705717715442701,0.12938299628948502
-0.678098989304003,0.1214293367848595
-0.6566986757136637,0.17093520865237571
-0.6583444598038497,0.16395673234026362
-0.7117084562965034,0.1125241590708341
-0.6741662142196808,0.15342989749547048
-0.695651147809807,0.1512605034102747
-0.6553990381757175,0.17354910338437474
-0.6690214794298133,0.13487779855597523
-0.6808813153407961,0.1394709838202605
-0.697533376000086,0.14645635066908044
-0.6785067583635312,0.1321084794090754
-0.6899607108324645,0.13965192965847667
-0.6578908736600412,0.18710799270738643
-0.6917546913232149,0.14962806649603363
-0.6900338702332182,0.11814002481944623
-0.6962237313289665,0.1285851222054088
-0.6707604108249925,0.14898465887604112
-0.6731243907259878,0.16900000856677622
-0.6506359897698575,0.1704092048016496
-0.7116648967501227,0.11460742869212333
-0.6761133279002777,0.13166490079336476
-0.7047730495379293,0.1302695219209787
-0.6897471442286013,0.15038267973032915
-0.6600522760077562,0.16052179091078558
-0.6961667746361002,0.12317474633905746
-0.6931391822657319,0.11534194268091102
-0.6576052367997658,0.15090324064491867
-0.668460501608537,0.15419522473358005
-0.70125683481953,0.14692264589972637
-0.7003052333150073,0.14983614655503147
-0.6744443381542015,0.14076085813831118
-0.6560233382642164,0.14416772330457694
-0.66700134102468,0.15715160746259907
-0.6909275906473997,0.15600311564455607
-0.6793155771993211,0.16688036180606527
-0.6787526144410041,0.1383573955246244
-0.6907468702873565,0.15091576865406606
-0.6873083818887371,0.11474273734891426
-0.7019391336300588,0.14057521909946682
-0.6998860345692953,0.11170092908294209
-0.6691133026325115,0.16625245373861444
-0.6608330332510886,0.1541773481105566
-0.6819399155782894,0.13508004834396947
-0.6764490102755398,0.13961165562185987
-0.6950879443140129,0.11224974843944814
-0.6680877836660977,0.13622240074981426
-0.6709167046867865,0.14583674135123625
-0.6946064345431677,0.13290938524533003
-0.6941303282019563,0.12468124679572229
-0.6720608139367168,0.1474386400165817
-0.6981036708064969,0.1288817382821709
-0.6703480368223091,0.13690887597749682
-0.6631564095335205,0.16596816809038845
-0.6772959870754718,0.1539426084174704
-0.6630436661488216,0.16150550888431028
-0.6833700755902588,0.1459775118163521
-0.6730760266076752,0.17763633369245876
-0.6768066094364102,0.1445775346861757
-0.6559042163669374,0.1650670750790326
-0.660812983302329,0.13989440764676195
-0.7007173746141577,0.11514179301856237
-0.7000094911837278,0.11956679896852668
-0.7053940975375156,0.12173153934376775
-0.6479722208780654,0.15761774563902456
-0.7002767861942476,0.13750485004606
-0.6747832192837007,0.16846578612398988
-0.7010022669891555,0.12404903800311361
-0.6858200745474486,0.12568725606832584
-0.6778483602195914,0.13523464689536227
-0.6846671251182374,0.15223427482044902
-0.6649306167625536,0.16459039119261015
-0.6633510370688684,0.1517702566800519
-0.6958876081164082,0.14066256072745362
-0.6754687685338493,0.1332228433441395
-0.685292462297459,0.1120958847635286
-0.6902189506774532,0.13272067688271935
-0.6937367125440121,0.15474725003252962
-0.6795063145239966,0.12480705471663606
-0.6806168813025455,0.13931953919426332
-0.685814310058655,0.15106454065683547
-0.6686233723794587,0.16162514500977082
-0.6889119311647546,0.1415633499778108
-0.6734534624338956,0.16483478754291342
-0.6790387242866078,0.15087974810123866
-0.675189068724263,0.15251115141527666
-0.6907825397564432,0.14527008856071003
-0.6836965302119237,0.16021899193225067
-0.6619153499003019,0.14069067884318967
-0.6914340656827154,0.11751661200627618
-0.6846873838779911,0.15323070801845529
-0.6746852053828133,0.14688793443955409
-0.6898903351019317,0.137170234256289
-0.6837748718791001,0.17242977128764686
-0.6566311420046615,0.15473028925088436
-0.676466109485366,0.11910201116503671
-0.701264452068987,0.10245762774384587
-0.681036174562676,0.13706217615890928
-0.6853820710986049,0.14479650569093794
-0.6882115517189719,0.12350456409286113
-0.6742909850523778,0.18054355266600536
-0.693749844477935,0.13948636557902944
-0.6720589324936889,0.13091692295720314
-0.6645772152823951,0.1500493997289924
-0.6797920874531028,0.16061278612513388
-0.6650240831164526,0.18249807040188862
-0.6699986890883529,0.1556421030931097
-0.6728382775162925,0.12592915580748562
-0.6757246912269724,0.1448935759093139
-0.6889298992706048,0.1387663303552354
-0.6675768166129752,0.1742058407174979
-0.6732273430358791,0.1389551632974767
-0.679368521367358,0.15655690082366114
-0.6990325344023,0.1371138127162779
-0.6923661656354112,0.12593091393296615
-0.6951180586716665,0.11418380650686952
-0.6790347917808318,0.14424376931910757
-0.6472899404851635,0.19373937051833212
-0.6946078000132906,0.12748832179071667
-0.6884780443635892,0.141373565670388
-0.670700917959551,0.16107524504226556
-0.6647952547237197,0.16032070215153943
-0.6881842039108947,0.1685718080873961
-0.6702570572950574,0.18543041666050544
-0.6797826176653554,0.1315103215361314
-0.6724313472270123,0.18031902114598672
-0.6774882931234623,0.16227522728016155
-0.6984639972892854,0.12499633724509221
-0.7030779791252982,0.1167910115302319
-0.657552152504093,0.13833205145453029
-0.6613373147791213,0.14948554368426742
-0.6798958398771908,0.13504321455507187
-0.6601505340145696,0.1359254602201077
-0.6771622898446119,0.16981106023882547
-0.6917030936905324,0.14647919157549977
-0.6821459414985774,0.11481089099502165
-0.6696336735183221,0.14924768696485852
-0.6695983593318265,0.1748826473802237
-0.6638017350269132,0.1439657225182018
-0.7032747775700982,0.12080564145482871
-0.6819164964210098,0.1312937729929884
-0.6849872664750022,0.15675805155169548
-0.7027763465499144,0.12757630306329726
-0.659405330921053,0.1632167187475109
-0.6880724651129283,0.15516747289613214
-0.6673891668202993,0.18306885761152308
-0.7049444511952191,0.12537747825255766
-0.6574583730253506,0.17164987783078975
-0.6459202039910402,0.20070663323990745
-0.6832909741342572,0.14898722290248317
-0.6882445227061262,0.14383098881298104
-0.6962237270430702,0.1379669686702763
-0.6972500624969985,0.1274262263294078
-0.6638200826202928,0.156739871657435
-0.6768841602986236,0.151924979758248
-0.6562772547764241,0.160260662481494
-0.6945494775255983,0.12421783435004631
-0.7044093579472166,0.1060988753339673
-0.6487119718990015,0.15603189516372987
-0.6811673760363729,0.1292899424515914
-0.6885889070483371,0.13236113207009603
-0.6537833527311371,0.18977358953477447
-0.706124123643543,0.11255385926775452
-0.6840128193333143,0.16802125008910931
-0.6700356575107451,0.18434326958728148
-0.6710935105120932,0.14857770169543366
-0.6597727123406801,0.13467978036223283
-0.6790239530540003,0.15999674940149247
-0.6932212088992458,0.15389657755673816
-0.6881914037185242,0.15427090756119666
-0.6689234774650529,0.1774670508229875
-0.6880032844884862,0.12893920594152664
-0.6656476337689663,0.16204837432073393
-0.682959511580027,0.15703291826487809
-0.663061654001578,0.1532787271625707
-0.6491723755807425,0.17540925981975547
-0.6744548512288611,0.1459184171803001
-0.678325570470309,0.1304466339393723
-0.6621117349736146,0.15262312626171173
-0.6543410629893731,0.14094357957397133
-0.6743174860240301,0.1320935160889746
-0.6642430556211089,0.14244738314051233
-0.6669189925910332,0.1548004669722647
-0.6577047760800028,0.19548425906471242
-0.6661727948312508,0.1849808484447457
-0.7033073870161429,0.12331072817924504
-0.649929125461071,0.1636602611405247
-0.6514691004470848,0.18589336628847034
-0.680396188881471,0.16180504623350317
-0.6515216045653385,0.18179249852251006
-0.6780297920469524,0.13479864986015028
-0.7050880883363768,0.13105779284550875
-0.6917738331945052,0.15599542270578234
-0.6797564650558364,0.1523551973234404
-0.6758053919150668,0.1764810957172791
-0.69562879470983,0.14993901065515536
-0.6765868068494186,0.14007018914713826
-0.6528436142843447,0.18855658108226167
-0.6462545779921928,0.19422767817553135
-0.6662580386085796,0.17914971248084427
-0.6717927756352392,0.16133361404550556
-0.7023901232766302,0.14263786516506863
-0.6836012661488835,0.15770159807720444
-0.7049820552225956,0.11251628058450483
-0.6790794558285284,0.12096315872701002
-0.6648010453553214,0.14429445570599972
-0.6767595097585472,0.14966659530162627
-0.6742523136100643,0.15249585403527335
-0.6860115499646006,0.1239024777863737
-0.6792073484753757,0.13754897055371568
-0.7081043709345863,0.12770603832955882
-0.6716430284121407,0.1273662735126482
-0.6834630051366181,0.1446247722105708
-0.6456664657137908,0.1807973398209789
-0.6904341533884707,0.12540415624115941
-0.6952617618202364,0.1461827734315895
-0.6682682053561984,0.15901582362812727
-0.674697678439214,0.13480530594924772
-0.6986635333675812,0.12421972399899986
-0.6656088930514521,0.14027869731695175
-0.6663848441939443,0.15255199422502042
-0.6900463416201378,0.14451324046450567
-0.6738398116160108,0.13816936306748578
-0.691808232144957,0.12399050471040311
-0.6919285237904802,0.13739153268551346
-0.6866928866984389,0.14575277370442138
-0.6917175143368156,0.13336499870083837
-0.6949157718802175,0.13636836037939626
-0.6740490744576242,0.138694701504705
-0.6594554174538269,0.15916984379990737
-0.6661683302182706,0.16077632552546528
-0.669415093709116,0.16822980561885156
-0.6750236335050636,0.15620159180929516
-0.6843973318796415,0.1614025479088989
-0.6771478628578884,0.16043927305504324
-0.6615492360082857,0.1763420493417257
-0.6675087796907372,0.18470910540125624
-0.6528592619396723,0.15032075830535097
-0.6623063687579388,0.1703574468662811
-0.6760683962793099,0.16877467065320084
-0.7006042356824354,0.13274664866074473
-0.6731460672590547,0.1793940881811532
-0.6941352970775909,0.12832823408194993
-0.6546639207487371,0.15818160226793537
-0.699843882820841,0.1187716981865015
-0.6786599687237801,0.17668137278227553
-0.6760589030871668,0.14621349938628178
-0.7075858839276552,0.130208835513253
-0.7002311086789144,0.13578904484295645
-0.681508163013598,0.1482954249875557
-0.7008330355385631,0.12290425818605337
-0.6749229018634425,0.13183874360825318
-0.6482911619991595,0.16050081042633796
-0.6544428587637436,0.19301904260021244
-0.6658254300070521,0.16569052305222623
-0.6811928666215367,0.1268070414787675
-0.6701062898306258,0.1443956033496401
-0.6600164231209739,0.16833449826463373
-0.6738573205368661,0.12255169381839671
-0.6688047660475932,0.17301746458050157
-0.6454263279583174,0.18176349661109428
-0.705752120186103,0.12545863633276724
-0.6870773150653242,0.16912004062249836
-0.6702081466841066,0.13769245080431958
-0.689006798136357,0.1101299444849885
-0.6731412416354395,0.164870563165556
-0.6746678073128739,0.15496040869899705
-0.704790940373883,0.13947454773747203
-0.6867865570842642,0.11244866867093148
-0.6498531912347493,0.19364725139579056
-0.6744320557835742,0.15485054142217383
-0.6598663755346559,0.14986973383388166
-0.710069620286124,0.11761319417409026
-0.6711307465045641,0.15526965605946672
-0.663944331909679,0.15207165383290944
-0.6824861368257116,0.1739073514591045
-0.691989098478547,0.12529547216644815
-0.6842766251116597,0.11177674748668683
-0.6607047713828528,0.18023990082843636
-0.6667706903453136,0.17135837638034496
-0.6950089892908553,0.14672846004281917
-0.7007615479818612,0.13836867352118362
-0.6785019590074719,0.15626718953095178
-0.6773971665819912,0.17324226580657828
-0.6703988645420804,0.16935282651007866
-0.6620531352594093,0.16181213946464013
-0.6539292429716637,0.18679656241472964
-0.6536870264674517,0.1487491910746078
-0.6630032168323553,0.15139463331848033
-0.6682218258635495,0.17398845507771102
-0.6874938917635068,0.12810110845869124
-0.6409777865635503,0.19486836669879898
-0.6886673346467268,0.14826017547475223
-0.6740599509197724,0.16960468337233417
-0.6668551630211681,0.13731656329790196
-0.6719655571083047,0.1789434856580557
-0.6815135724112574,0.1380769682775577
-0.6975865586947324,0.12294110929308975
-0.7071073433388463,0.11886117352247283
-0.681071003385457,0.15153959989328875
-0.67873641409258,0.13953238108902524
-0.6492037478975119,0.19447211498662306
-0.6865846884920919,0.14363781744922424
-0.6679496719113912,0.15783863318705624
-0.6555291663900201,0.15740446125805202
-0.6861470891769098,0.12495485724910703
-0.6701218703695088,0.16443486796364332
-0.6739891884172785,0.1441256043157954
-0.6778179998653107,0.14431120625236826
-0.6837245142838679,0.1439030572868437
-0.7038909418716179,0.1190471108376774
-0.6831320419541628,0.16716310376112725
-0.701249667709548,0.1267380956366523
-0.6919954793992483,0.14916149955062694
-0.6787257670594252,0.16398308235084258
-0.6536380963677254,0.19715881523683954
-0.676839174628766,0.15393807680100466
-0.6768916055710652,0.17052059361611838
-0.6759719142758195,0.11937822344285541
-0.6956997518456232,0.12682657715779797
-0.6988029899809173,0.14653978115480296
-0.6932655167977035,0.13691563631180131
-0.6629540516375378,0.15712145727866955
-0.6951716476297612,0.14714294520735183
-0.6759886786805325,0.14460955257877095
-0.6963895485818635,0.14267196621557238
-0.655310009245053,0.1860519374109591
-0.6581434851377335,0.18145041649273508
-0.695706861173859,0.1168160453994157
-0.665976956982997,0.12918217981311222
-0.68449658569042,0.13049154989438255
-0.6808232303300595,0.1620269227597259
-0.6841485641052281,0.13070781971484108
-0.6772687422922371,0.13287474375754182
-0.6964869927305666,0.11609272601065268
-0.6761199992487639,0.16146619238615362
-0.6609403985394406,0.16416881148122178
-0.6662256029565723,0.1314391766773853
-0.7025985835910388,0.12661593143954208
-0.6896791875439345,0.13177900351529795
-0.6822838629017378,0.1184912399070463
-0.6783585442250587,0.15756373288729314
-0.695785072521227,0.12673946679118614
-0.6774498737153928,0.15618718029967635
-0.6774736660222553,0.1353412006050954
-0.7008226743212681,0.11286992827448725
-0.6562298471527006,0.15924188196485378
-0.6563865563182039,0.18724616512452746
-0.6623444082866902,0.17974519850954684
-0.6592153436904195,0.18998766763534433
-0.6681872347092862,0.1469634961985363
-0.6779988995644131,0.16731735848485982
-0.6681583016281842,0.17106546474891074
-0.6775580636053506,0.14531636636623038
-0.6845050876524827,0.1609502809045197
-0.6846544816963683,0.1483785120954622
-0.6619727565700536,0.14045218041342522
-0.6830203303345581,0.12619548461742527
-0.6546317566618074,0.14179541093897338
-0.6847827056529047,0.13371097680699368
-0.6655855033486587,0.13453934284107352
-0.6699388005185846,0.13165418225956946
-0.6820332039220803,0.12702615494006883
-0.6925364178089088,0.12116369872905876
-0.6817431192037161,0.148819308500088
-0.6812188432613538,0.14102879807120908
-0.6394606270763707,0.17936326229581018
-0.6476509628357101,0.18636788561369996
-0.688519652782003,0.14022305991718692
-0.6897238335544053,0.1659394248281932
-0.6873893787705456,0.15845762098794983
-0.6647000448524081,0.14277237247561436
-0.6640597975555748,0.15119216875776728
-0.6738662800642996,0.16332057343128847
-0.6861070884851435,0.12435334868458117
-0.6763641127886524,0.1652056971943488
-0.6751461199264318,0.14549618868764103
-0.7012363014304063,0.12453800388149629
-0.6570379536381472,0.17892277440532564
-0.6736170951337004,0.14893306005145032
-0.6964894208960175,0.1152318792340665
-0.6739009793121543,0.13326727965274954
-0.683613402393912,0.1299682106418781
-0.6813929688752397,0.15611505098160314
-0.6938248619721581,0.1522897048377748
-0.6823041244810766,0.17395894786629287
-0.6551667189504238,0.15030644725319456
-0.6635788852433396,0.16741672268515892
-0.685805790029404,0.12726487672451856
-0.6782042624433833,0.1336140240844792
-0.6925651666815112,0.1170878166657315
-0.6590349229888514,0.15441820495840658
-0.6983589387863403,0.13797754073201268
-0.6805333673113249,0.15861503600918864
-0.6584639227107245,0.17876831156561243
-0.6830555914129536,0.15120291601398536
-0.6705946653990154,0.1623660100119382
-0.6886767245710074,0.15143553728098974
-0.6803561449579146,0.15715562049109438
-0.6996748598882502,0.11917372428499738
-0.689203022660927,0.16709516918481715
-0.6866526277793044,0.12613460898780723
-0.6542907190534765,0.17099352920294295
-0.6909186227857697,0.1459947962750753
-0.7003688852656728,0.12422437022963577
-0.6835166156235722,0.1632643318833598
-0.6774906127032593,0.11960114666484666
-0.7015904700134464,0.1156353952900447
-0.7070711046374388,0.12183844375689667
-0.6789451577083235,0.1507237463133825
-0.666807299215855,0.14401668069563855
-0.6945732992761184,0.12238146259972002
-0.6570404174440498,0.17810036802571078
-0.6732784833524211,0.12115852270595186
-0.7013546460266152,0.1430447817020576
-0.6698103288879198,0.1426440495001628
-0.6602337442330369,0.14274129982164582
-0.6556659897257103,0.1815333965392467
-0.6678095107189095,0.16590481631935297
-0.6836481147295025,0.14708331914509556
-0.6815243209697549,0.13375759609923282
-0.6753660070836003,0.15185322715840185
-0.6878484545966251,0.12969742364304473
-0.6971415721509417,0.14002035219276207
-0.6568593060318446,0.16902282510845384
-0.6942742885584339,0.13904202364898607
-0.6519526389421445,0.18547503601425339
-0.6917109376841002,0.1284239089998472
-0.6627478349114734,0.14318859354905009
-0.6913769328390162,0.14046044894940116
-0.6791524574419079,0.1206602690609458
-0.6911602203607667,0.12593186786953517
-0.6875997225436012,0.13172310664777487
-0.6645233101025185,0.15887042751263653
-0.6596247217132438,0.15342247717342034
-0.6931884578063464,0.1445831205898419
-0.6478239842262987,0.16665156135693465
-0.6691592500896941,0.1794958063734845
-0.66293096810839,0.19059488689716528
-0.6897634572648605,0.13858211837400186
-0.6977759006886538,0.15091430140909778
-0.6547933219518822,0.19236789336508717
-0.6973657368644176,0.11605885142141027
-0.6822952619101678,0.15919313838310092
-0.6801933017135106,0.1278870157245223
-0.6527781512608631,0.1861834139170727
-0.6446219166633327,0.1583614237298623
-0.6866315126985995,0.1440244964481326
-0.6934842010240253,0.13189090768103834
-0.6774449689674302,0.1693407459827211
-0.6455173684632332,0.17432460731217278
-0.6471827593176434,0.17348103843504853
-0.6419650668481823,0.18496975498852758
-0.6884902396275538,0.13981685607732863
-0.6587468386158142,0.15112315036251525
-0.64282471422941,0.18122133468404897
-0.7013635981997263,0.1343977977618755
-0.6456675015811476,0.1858606297375642
-0.6723676264404315,0.1343605831199365
-0.6488633148628287,0.17766617443696683
-0.6651286266273132,0.16466703392130724
-0.6619562559061486,0.1591593853032465
-0.6756211205661566,0.18203053777816045
-0.6691366715740191,0.161574539765323
-0.701272886336259,0.13030391382652753
-0.6756113156868091,0.13599972369343155
-0.7018540340774196,0.11961581485858898
-0.688829094273318,0.11376697360768674
-0.6639581367666669,0.16789474928705125
-0.6975865050548348,0.13363522919289988
-0.6679185599655335,0.14132467234042215
-0.65267004915525,0.15974061905089895
-0.6745866901583809,0.12777713537873517
-0.6579219667549718,0.1471052211663562
-0.6872515978588343,0.11893941743395949
-0.6508123067797907,0.15180836044578624
-0.673588783456856,0.13485321082430746
-0.659362136307953,0.17107601078733645
-0.7029311123497497,0.13579852811507723
-0.6843611779666047,0.12939217620113685
-0.6822978994267734,0.1457876554168616
-0.6634066676903863,0.13453422793000022
-0.7038385809321064,0.12294564752466416
-0.6864771094617077,0.15232672258343224
-0.685289220890481,0.14954997900735417
-0.6636886751459706,0.17357544281084653
-0.6849121429422297,0.14881531218330699
-0.6653457797492797,0.1765660379269279
-0.6889583994272924,0.15745215160025525
-0.6883777635061843,0.11327805795374178
-0.675060269391479,0.14492539509508084
-0.6925632419901641,0.12415536364636255
-0.658269800725998,0.14232001549821577
-0.6880520324000884,0.12892850361929653
-0.6901952157901202,0.12775725639121763
-0.6557501981632716,0.17356073582007786
-0.6635121183370803,0.16539071556081936
-0.6667006482595556,0.13274744245563497
-0.697174556287167,0.13642928064485788
-0.6636087369583539,0.1625128767899308
-0.6964988586334375,0.1137351630797566
-0.6519096026431759,0.16536827094602022
-0.6505021527230145,0.18781204549924138
-0.6597520406018718,0.16407212243874505
-0.6525764232203959,0.17774957626393284
-0.6995011973243848,0.10714936376834272
-0.6868152197417274,0.16464966429629194
-0.691733022861716,0.11852858196926444
-0.6502535452860151,0.1484368385519769
-0.6930837408726762,0.12567040524928175
-0.6841197723029084,0.12477838533881715
-0.6529032173414349,0.17175284728405882
-0.6752019337424141,0.17270347945254785
-0.6885039395577498,0.13150460127587307
-0.695486210901793,0.13883725098561572
-0.6953312070415204,0.1376692067287919
-0.6603960124949619,0.1556556503296485
-0.6689380921324263,0.14510609298968793
-0.6710925548611707,0.13523331097464475
-0.6710672454216025,0.12974718765621573
-0.6887273993463716,0.12621178658389198
-0.6566262071373113,0.15065683812169742
-0.7032335008725682,0.1290079564637273
-0.6649260657784206,0.16370536270426123
-0.67663900607081,0.12323151917082678
-0.6803105299760563,0.17047005893226785
-0.6643273552601182,0.1339204115119729
-0.6642716561930634,0.17590247763354078
-0.6800643590352019,0.15955747022533454
-0.6997537451464343,0.13380348711660198
-0.6674520176720573,0.16828893559526875
-0.658578350293086,0.16785207712829786
-0.6811811527099111,0.1379987579276806
-0.6631543797726085,0.15887557029024493
-0.6805670706474403,0.15198520513096794
-0.6785585519068029,0.14165140123972209
-0.6943104153403018,0.12818184128238294
-0.6834097019977955,0.1224282923512366
-0.6783788355591378,0.15161048887548711
-0.662765167019409,0.14851468340903493
-0.66996574002288,0.12802721095583386
-0.6697528877345333,0.18604165519190505
-0.6724082590509995,0.17468762603987267
-0.6809871721421652,0.1453043146516299
-0.6735234971486213,0.12842803481277573
-0.6660714617389112,0.14388908021732388
-0.6617029722896187,0.15367532216073246
-0.6571697722337835,0.17518597670889155
-0.6863941213704658,0.14695097579199062
-0.6787724001081982,0.11582431790057385
-0.7003160217038459,0.1262603607930574
-0.6936813658756792,0.13759283223814753
-0.6717745540340372,0.15771293011916832
-0.667846824924953,0.1268683242811282
-0.7009487906389523,0.12704854269857374
-0.6911984654063588,0.11195507669240935
-0.6739534806806237,0.13778645718862725
-0.6669296154011665,0.16870266531392342
-0.6840155091193135,0.1291305653909752
-0.6670771967247566,0.14854325515274247
-0.6523155771434275,0.18691650220346198
-0.6705079220426967,0.12471915645184393
-0.6824412815052259,0.12439866087837169
-0.6923791864362561,0.13732718151463255
-0.6898829799197431,0.12989590182267235
-0.6846968982901517,0.12045841140454171
-0.6955118685674055,0.15081350516222486
-0.708022984209503,0.10823877277664973
-0.6946382045883245,0.13865062344521772
-0.6502588682083911,0.17527687365521602
-0.6812980928269796,0.14971288842691124
-0.6837170833854259,0.13137192014589974
-0.6718213857718746,0.18241026117836384
-0.6923102230695466,0.13954903137857788
-0.6761563269142619,0.12521773758177077
-0.6785774610875458,0.1648647484539534
-0.6516803329524272,0.1934182203955053
-0.6869109958770591,0.1515557673451642
-0.6972949171574463,0.15314646508367136
-0.6573312793912923,0.14323374292602198
-0.6768751778314052,0.11978285791869553
-0.671440653581451,0.163872870911857
-0.7015550721389886,0.14164919275999618
-0.6551746879143586,0.1654038384368177
-0.6789564184279764,0.17572561125683345
-0.6616777962060161,0.1351785289986214
-0.6627573169612911,0.16075431127300904
-0.6690067835722409,0.1448185073530737
-0.6820872373507261,0.17277425085071557
-0.654349965998849,0.16180761238117325
-0.6785281876175204,0.14172610799599655
-0.6989948889480129,0.13796037897495442
-0.645492677016276,0.18793936193478997
-0.6864493387992642,0.12603941231346677
-0.6901431130502158,0.11576948814413075
-0.6880468700033071,0.11547054324773773
-0.6686977447646474,0.1725284396123783
-0.6766019827249223,0.1304850837235271
-0.6927965112745188,0.15696871149236938
-0.6665820835588332,0.16300925212219353
-0.6810780535542245,0.13900316446830097
-0.6879199284195345,0.15862801825291784
-0.6584409234555181,0.16603099766694213
-0.6774337574376306,0.14134665953841782
-0.6787402915468969,0.1269974181497627
-0.6667141058936725,0.166630798079934
-0.6817461451859017,0.12014240030854978
-0.6634141454710101,0.1403425601737989
-0.6633052105705989,0.16898217892457357
-0.6691945986255374,0.15444031571752215
-0.6737877336117616,0.17085881289573251
-0.6930260726531084,0.13979145522968356
-0.6907606862087744,0.12938733837445413
-0.6911937008946972,0.13856015900651553
-0.6694015983267677,0.16923525864866407
-0.6734696931287384,0.17734489669484876
-0.6965466489464538,0.13628099738219526
-0.6550027386876459,0.17133021829115003
-0.6543648421468719,0.17658374638536817
-0.6628489396884703,0.14173220291771219
-0.7007451673124712,0.10521172559476206
-0.6726595140781687,0.14774332504622684
-0.6761685690758975,0.15920433967246853
-0.6791203915454205,0.12517238414215254
-0.6680108753623141,0.14614703218938235
-0.7000258676639621,0.13986318036997714
-0.6970873439835189,0.11369981962130017
-0.6686388969736666,0.1668340636561976
-0.6710830592015353,0.17722318728664946
-0.682611213137444,0.12140611766513049
-0.6990410017356071,0.12112631052476498
-0.6810255560142519,0.1513126005709048
-0.6672167775523292,0.14944355076392318
-0.686764784093871,0.1328883040584322
-0.6616377507213562,0.1805023163899983
-0.6758569250444092,0.17611191097267181
-0.6730854916720233,0.1637240977361994
-0.6930920168677961,0.12406579965991615
-0.6669014155627613,0.17274523821702584
-0.6409669038127239,0.1852396096844597
-0.6564358380521135,0.17285076657976586
-0.6738093604618194,0.1652443161612534
-0.6559343066441061,0.165525892430454
-0.6940049519956135,0.15962631668190577
-0.6663204761006464,0.17634140823126854
-0.705499347430937,0.11677788046279879
-0.6796607207847879,0.13108477856053105
-0.6867703273404347,0.12527537956621101
-0.6718556766531893,0.16185961718117578
-0.6970827259922133,0.14949673010261058
-0.6689653236250079,0.16422873725000736
-0.6754273806610397,0.17558343334412363
-0.682739259545204,0.16501062879445488
-0.6709943193315471,0.17635686838859907
-0.6650237381219386,0.16873717935208088
-0.6641072388137297,0.18301212507913975
-0.679148559713754,0.15967074513713128
-0.669318464821264,0.14671161422323564
-0.6782937288537849,0.17160387243030784
-0.6562132675276642,0.1809482214737204
-0.6805805752446444,0.12055119258551598
-0.6647392936030454,0.16865137838460112
-0.6728131199888818,0.15363592786221014
-0.6982498628826459,0.14669400482644865
-0.7080640383971629,0.12025275986395785
-0.6683699313616914,0.15020232732856229
-0.6673441203821893,0.16325678402436566
-0.6813993977355379,0.153189659981374
-0.6882693602229045,0.11618715365067982
-0.693071015329914,0.14368548450882151
-0.700414345947895,0.11577953385181619
-0.692515919690008,0.12489101373337572
-0.6732274160342295,0.15378444381711676
-0.6947796508143314,0.14709570548317993
-0.6632928499402857,0.1772917307339379
-0.6950974107420015,0.1326559277927169
-0.7063526158366251,0.1106431329910822
-0.6528654010264385,0.17351352485527563
-0.6673495698489543,0.16179588419502186
-0.6645868887334625,0.1451058989639781
-0.6847680548177634,0.13706761529368397
-0.6579472485601373,0.16485456189780542
-0.6907784268715109,0.13626664835817962
-0.6820178796457934,0.1283458091495498
-0.7008652996470458,0.11158233429974407
-0.6669775232677849,0.16770184025879312
-0.6900369616203422,0.14276824997214152
-0.6996431784681502,0.11893832070774996
-0.7014330172718922,0.12797946007959607
-0.6683689881039793,0.16625973756556062
-0.6677955770210288,0.1654381129126878
-0.6820843084194822,0.13152818398452795
-0.6926053125790949,0.13554025869174544
-0.701077038707911,0.1141998594605381
-0.6831616018514028,0.1263860756920057
-0.6791337153020786,0.16786416504714996
-0.6534625770739445,0.18256216204769735
-0.6791312754067694,0.16990235395864262
-0.678579828371351,0.16070923628309838
-0.6823698974782263,0.15743367279660833
-0.6808438619406446,0.14665146578737348
-0.6641641397953659,0.1695327464980391
-0.6392578230794447,0.1884682976580822
-0.6989156478923766,0.1360890011680572
-0.6531830251975377,0.1608241150277289
-0.6692536984915639,0.18544861390846712
-0.6701980488404614,0.16802852355008727
-0.6570777632590097,0.18487883642623987
-0.6656296317338504,0.17944757849816556
-0.6900054627002383,0.14785785486461656
-0.6883575512943992,0.11646975815578117
-0.6564170018869763,0.1759442594255246
-0.6976449596014486,0.11937795291638685
-0.6590604863444636,0.16158398858068967
-0.6540889477742133,0.15436350830334503
-0.6634885045235875,0.19001711880949695
-0.6860337384794664,0.135158242716354
-0.6607233690452036,0.18162569175116408
-0.66699139139991,0.18428146664198589
-0.6665105151362305,0.14677938680775574
-0.6635513685245271,0.17481153529902213
-0.663210512089337,0.16677587160802912
-0.6590702644435914,0.18428695088976066
-0.6529134679586892,0.19465887784479968
-0.6939852996431558,0.14178603764286402
-0.6864005487892183,0.1409357085328583
-0.6723604279677154,0.1395951777832361
-0.6849115872140022,0.1445384944116568
-0.6855202595521194,0.15622877076180747
-0.6919425883174207,0.15284596166191175
-0.6730310181169759,0.14163981147792565
-0.6844268631963822,0.1631010534846799
-0.692193581009953,0.13205771084569365
-0.6599474774557912,0.17085828797280964
-0.7047989986434314,0.12766976378783043
-0.6688111253173972,0.15392802566343022
-0.6937510504249614,0.15076497764081614
-0.6970929116658485,0.1274836643028883
-0.6629528111294838,0.1509021209590423
-0.6798071106941626,0.1375687971279472
-0.6690981078872674,0.18077132670133783
-0.6943093358184433,0.12225018787418199
-0.6990590849057908,0.1316351661936474
-0.6864083446099075,0.16419724055259194
-0.7076173181947588,0.1273534470957388
-0.649464711736051,0.18956345863689583
-0.668242775767926,0.12956708085569593
-0.6683422451927415,0.1761102627237579
-0.6685898683868732,0.15567204630922404
-0.6674694608260583,0.14958773791782234
-0.6841742704524177,0.13258663283190883
-0.7033314468374368,0.11676697103115329
-0.6919299965700271,0.14324456649954254
-0.6511788311992889,0.18056736290801217
-0.6580196403554751,0.16224081132023588
-0.7008354684322153,0.11850885586078788
-0.6768511215233273,0.13704820970814108
-0.6585861606690971,0.16078301145494428
-0.6621187168630639,0.17888844192564227
-0.6642881420975423,0.1492694983056818
-0.7022795527738286,0.12114052280175952
-0.6497146217393276,0.16455396548693255
-0.6849192386422028,0.15727768527492458
-0.6835004086701877,0.11343884838345925
-0.6762587693057814,0.16354171770913165
-0.6970314256470593,0.13935705370556195
-0.6868405526545511,0.12386952992212308
-0.6788440003894763,0.16163986491732515
-0.6505623289470249,0.17629290460516756
-0.6844856534097561,0.1309630316936832
-0.6758379286907508,0.15640472905344166
-0.6661753631841901,0.16997280121566516
-0.6959734066371953,0.13956771461571318
-0.7001483188608117,0.10646435411577598
-0.6862972346651707,0.1357610893278859
-0.6881059243293952,0.15587618981345933
-0.6663245008691947,0.16348180713549115
-0.6715833583529067,0.1560374842921266
-0.6528188178696104,0.17978910545694043
-0.6514825078847978,0.18449108084912202
-0.6852104804585711,0.1257217955495974
-0.6834490140570407,0.1388064310411762
-0.6734395056061615,0.1553971756660527
-0.6622167229016231,0.15054714004666228
-0.6623970751670859,0.14393523797622124
-0.6704205632210803,0.1708991160790895
-0.6830784555200654,0.15006178721163294
-0.6665475512421718,0.18118332973544007
-0.6513640329817217,0.15773260564497665
-0.6518057154503103,0.17718801302760978
-0.6818948055380283,0.14371107168923053
-0.6506756713921279,0.16999466655484277
-0.692796225835389,0.15960004045990508
-0.6800978868936908,0.14589989350192065
-0.6966580323544322,0.11905526789290044
-0.6772668601912863,0.11827164159088621
-0.6530406168915589,0.17712833225597274
-0.677642117717641,0.1361247790460603
-0.681564662670636,0.14265763638608156
-0.6700497942162706,0.1460194885706142
-0.6827645510868928,0.16671509691000996
-0.6871868864916707,0.13991740106168993
-0.680749607515189,0.15311008747095445
-0.6946024171491562,0.12098963740406415
-0.688077320314359,0.13684481392760275
-0.6681270054919475,0.17164743426566684
-0.6782162443395593,0.13662128363958573
-0.6804065013752524,0.13112474764259868
-0.6777889720024489,0.13693832522115162
-0.6587666796318382,0.1458947345498859
-0.6690747787698621,0.16621916828763716
-0.6849342888099587,0.14412153234244124
-0.6843065385260391,0.1650348846503194
-0.6454259794789898,0.18064359029687146
-0.6658550251755048,0.14142196966703077
-0.697417797545806,0.13683084058899975
-0.6690226361562845,0.14638872321600832
-0.6929447295725346,0.15196064451409466
-0.6520290450484888,0.18514411038980472
-0.6751481710413707,0.15195902943251918
-0.6713012118995656,0.16086115772295317
-0.6539648254883872,0.15933995471243523
-0.6913565156094389,0.15328390220509477
-0.66456976885077,0.13976454566783927
-0.6488136080456756,0.18972339926637613
-0.6559262534809794,0.17946931427722349
-0.6771707018057607,0.1768975312302205
-0.6747186821275503,0.17872913513462316
-0.6400840121283135,0.1871790123456736
-0.6621938745283233,0.13663012178426945
-0.7023029447357,0.11069707524969506
-0.6858769661134654,0.16305356455857342
-0.6609442100462878,0.15482754722514575
-0.6440204305929699,0.17649163881723198
-0.6876466584254103,0.14278155384918279
-0.6746464240522958,0.15099569290845338
-0.66461837757018,0.1885314038068282
-0.6546468407918862,0.17212334329684806
-0.6771840616744589,0.1469578488549897
-0.6942779129458482,0.1359952593851527
-0.6565618090538035,0.16876912003358327
-0.6845455809551819,0.13940958126931996
-0.6450049471924141,0.1681286007149681
-0.6880011647049837,0.12215147518394476
-0.6928964407409833,0.12010698026272301
-0.6978698890054619,0.14319546040415285
-0.6816161564100865,0.11787595015785653
-0.6759624691779753,0.16661974532494736
-0.6936340075310167,0.12285628693346372
-0.6561273228246998,0.17131053335591617
-0.6880553962617354,0.15789669319966063
-0.6864530755065179,0.1384534767365368
-0.6633998592542757,0.15802498151558664
-0.6694809303767022,0.1589198147516743
-0.6942764756738818,0.14900275444568462
-0.6857839472122648,0.13046298577530405
-0.6795501907307157,0.1437814437431805
-0.6632380480350035,0.1590380779650317
-0.6672154758775255,0.17760553317160258
-0.6863531544051499,0.15906092057614893
-0.6805228200768908,0.1262518679029855
-0.6811747443617315,0.14629392783233194
-0.6979706822043881,0.14000452421411883
-0.6921810826501943,0.1365212128484916
-0.6813493504269138,0.14855299998500077
-0.6787068198529478,0.1208495369421182
-0.6677008103704664,0.17938003222003635
-0.7007467600890463,0.12290937665648516
-0.6747758653655446,0.16282703578937857
-0.6988705442606762,0.1297922781017784
-0.6956036791573721,0.12187759436770004
-0.7034581111360161,0.12853998990657284
-0.6689915569987044,0.14929974840906887
-0.6565748588626804,0.16574940039732694
-0.6980118930707193,0.13240401747192893
-0.6626590819801873,0.1617250935087336
-0.6822178656344701,0.16032361265718958
-0.6703256828526353,0.15616002649356836
-0.6617575100642751,0.18359506130196676
-0.663559968564734,0.15155014479487064
-0.6713270911043907,0.1266671629852113
-0.6909437637140033,0.1450483567017735
-0.6943879957006508,0.12248678791180288
-0.6851080596404399,0.12289196498054021
-0.6765394263053558,0.1323176598425222
-0.6978431299639878,0.12874465308142502
-0.6814327207316345,0.14070898246754815
-0.6833731291897736,0.12604150442321593
-0.6728469919039163,0.1375951746642625
-0.6847494587719609,0.13085484069385198
-0.666107628350616,0.1435541521788828
-0.6893292615339724,0.13231010114058875
-0.6884193308934423,0.13180959694179584
-0.671549563408394,0.14554079264517814
-0.6392753170171634,0.18017253399750335
-0.676238716052443,0.174481152853929
-0.6687960226576685,0.17260281366625604
-0.6671299045950912,0.18278688764132325
-0.6800308642034322,0.1661247742053779
-0.6718641991904059,0.12468258206119477
-0.6813401620447401,0.15536931523822414
-0.6811483077363508,0.1365836758383264
-0.6855471529966286,0.11505468297613208
-0.6694662027347699,0.15401507958151167
-0.6916624963209587,0.14575691313194478
-0.679178233019722,0.13525424652099025
-0.682398869865691,0.14132211870387135
-0.6887020358553694,0.14054456072897709
-0.7007348770986602,0.1432750670437601
-0.6534449288743769,0.188308358455567
-0.6858746152036227,0.13871842293755038
-0.6821755130655094,0.14273669760290228
-0.6873935550118394,0.13934638062856752
-0.6674181670776314,0.13273585340375765
-0.6870302834822569,0.1574247607197406
-0.6844537908981306,0.1490849967271626
-0.6638947768365879,0.14263815592112597
-0.6624657316036859,0.17313699506854105
-0.6993978996747082,0.1341674097474167
-0.6685636131360571,0.13956266256645983
-0.6610000263178476,0.1902505304040147
-0.6490284311757405,0.1650111651424388
-0.652812669700526,0.19151663925422346
-0.6768292280079636,0.13942547306382932
-0.6539252892374905,0.14998048095681735
-0.6913803779936621,0.11060734189979708
-0.6717270394936848,0.16764426848198338
-0.665579733744785,0.13264491247016327
-0.6826783315744234,0.15222179719790935
-0.6752044466437525,0.1676597644167546
-0.6877357430478936,0.13717621866995358
-0.6576375051731654,0.15071081286829194
-0.6837023736117704,0.1590282217183053
-0.6685926250832542,0.1812168034943108
-0.6910334217582431,0.1429328420830051
-0.6933677219220407,0.11558404559502972
-0.6659541259099735,0.15778903538415
-0.6954227850996871,0.14873457172466842
-0.7008074142227613,0.13376550825244243
-0.6897480797559228,0.1416985350871787
-0.7046254033411061,0.11478347734900905
-0.6638096567877074,0.16654317969432894
-0.6664925219469304,0.16805555450875082
-0.6717959076838838,0.14733398337822456
-0.6949323242617247,0.1240311581873467
-0.661367490038058,0.16125813662437696
-0.6772700433828986,0.16278429145262815
-0.643662515119964,0.16588360123621473
-0.6479410864887033,0.17973020715781995
-0.7019442236546622,0.11404489809118988
-0.6691509068776501,0.1414986475566553
-0.6838765269463317,0.13099507265806673
-0.6880907383152909,0.14828582998594603
-0.6683440067820806,0.15439018709573168
-0.6779079934891123,0.14864086198231666
-0.650447273143621,0.16268843727179713
-0.6678002386173241,0.13390273944960307
-0.7001395686817424,0.11824172645961992
-0.6744477575505109,0.16005522070167907
-0.6709422964175464,0.14615003507468805
-0.6542322776690751,0.1855200986154357
-0.6712415828905448,0.17844458413729924
-0.6846854457837155,0.1295530756520035
-0.6723533041277336,0.15710172975714393
-0.6548189608499605,0.17405282231221467
-0.6712759000412065,0.17453728388776954
-0.659080690326175,0.15363968181883836
-0.6785619250160727,0.15517415215660807
-0.6542170507845035,0.19056354662524302
-0.6896875889941649,0.15653135418621356
-0.6801578670526364,0.15284408052809606
-0.7035667230230257,0.11324552999580614
-0.6688817491044937,0.13741336809281865
-0.6785895446082237,0.14042710273940306
-0.6816953956519513,0.15606108283819378
-0.6791712322168624,0.12861140170721957
-0.682238755178211,0.14413116911886362
-0.686583608468474,0.13419562293239756
-0.6872038634662508,0.14038062469362572
-0.680111820612525,0.127325580063845
-0.6910152086931854,0.1237978513091387
-0.6975267191771165,0.11957042894306155
-0.6836194900693767,0.15195823408370948
-0.6839189891653726,0.12111385886711239
-0.6590372749146911,0.17755917836629792
-0.6768330688149842,0.123077510585527
-0.6567145583222656,0.17943142690367997
-0.6808261763046355,0.16074505176534787
-0.6796423634712682,0.15949814582455557
-0.6678356885003492,0.17013963425802464
-0.7049069968046809,0.1211176669232094
-0.6999582459445024,0.13895594333303224
-0.6527446286937248,0.1772970073370756
-0.6798701185152637,0.12196290621055787
-0.6881147344372007,0.12022975883725816
-0.6951274452867071,0.12891319986339564
-0.6581139900798635,0.18196734663401665
-0.6932281710978027,0.13963347115915484
-0.6700654783333968,0.18086325795639088
-0.679601490478204,0.17555942686131923
-0.6705320039388972,0.14820833866854255
-0.659812211011976,0.16233642919469546
-0.6941452501547077,0.11377503372158769
-0.7009442896858528,0.12041262057633816
-0.671819882804485,0.1389479221225386
-0.6703008822493762,0.13453073602856408
-0.6755591451647373,0.17553065353474567
-0.6688305364779477,0.17198890757976917
-0.6716174192256877,0.1271556345671984
-0.6554258075050369,0.17682029548928135
-0.6860853249594729,0.16079271356890099
-0.6969606582496995,0.11828392737739889
-0.6981957631227421,0.13291418310446598
-0.6934545551925365,0.15706327780053536
-0.6679257906349724,0.18665128659840532
-0.6798981743635631,0.12150207636969114
-0.707056509737987,0.1211980363223727
-0.6905738258826253,0.11744119639436869
-0.6982697112665391,0.12067591398418981
-0.6853780860931068,0.15078912929704252
-0.6755310591195042,0.1686840323367691
-0.6476063713101939,0.18053710837334475
-0.6637429349177347,0.13911148098676476
-0.6937646117262627,0.14489162207719428
-0.6898899568064061,0.14345355634501547
-0.6862308406155713,0.15795022334633202
-0.6594757239960378,0.13737613568782422
-0.6684591713082234,0.18313810562778612
-0.6687864309568682,0.17626933055102142
-0.6740611145335726,0.17720084174857992
-0.6469170161270632,0.1715977858291238
-0.6925464223560688,0.11456380008289997
-0.694612478828283,0.11549071009270138
-0.6879542544182454,0.15152998044087435
-0.6872516937287401,0.11913716709874884
-0.6589872261430534,0.18541774384790846
-0.6770327912474986,0.1445120335981501
-0.6735044789342881,0.17493423816240722
-0.6812245773366677,0.16853539785248034
-0.6536608036834515,0.18887991238571689
-0.67762023440712,0.17204555763043966
-0.6659544534619677,0.1577504650582439
-0.6575453943992344,0.14781365315972925
-0.7053337154420523,0.12683713768309
-0.682133481423604,0.1494708660862298
-0.6755113852303317,0.1526320257953478
-0.6582286199243566,0.18195069404441436
-0.6922166716970981,0.1301247689836282
-0.6797486547223874,0.1518115604430559
-0.6636974303800975,0.14336551036382872
-0.67442057856881,0.12408795268765584
-0.6713842064947491,0.16307815069863746
-0.6995476039544006,0.13898828071406025
-0.661660473554543,0.13895895701280553
-0.6670974887415203,0.14780065791688837
-0.6760741876125591,0.14502542377648037
-0.6975804029508367,0.1135053771719219
-0.6833641660210891,0.16877463495139244
-0.6980790899841256,0.1458569766676149
-0.6890108597375488,0.12191515162295456
-0.7007320447681229,0.14205805593682072
-0.6926406272474335,0.13443551412169585
-0.6699546839984278,0.17756884802357245
-0.6801406208724924,0.17190615707410747
-0.661789648530284,0.14527315655651768
-0.6632952037162501,0.15884269162286604
-0.6741062384146648,0.15748785577268606
-0.6584748328907363,0.15615881203211152
-0.6539516822504752,0.1554410360062578
-0.6959347211629219,0.13271701225426696
-0.6786384335909614,0.14546158534421003
-0.6774573701346415,0.14654908718113432
-0.6611720694885429,0.18715877156228294
-0.6756830515058049,0.14477366942778824
-0.6673975184498867,0.14323345942833446
-0.6676465982800677,0.15412313465103927
-0.6709007847631241,0.13373884931465232
-0.6632615132196052,0.17164682007399254
-0.6818453622202971,0.13001187454675603
-0.6885266431530375,0.15004661229944152
-0.6911157901107685,0.1540094696881906
-0.6841254551785687,0.1396961407682573
-0.6586896894510428,0.18242449652618342
-0.6824842946339724,0.12417149152082144
-0.6885584029505571,0.15218083375908192
-0.6829639190444506,0.1469432295745695
-0.6635483622037209,0.15344875066803954
-0.6908978805385768,0.13053176332578373
-0.6662384739941668,0.1731156105688552
-0.6952719814195091,0.13644104940921173
-0.6866732722733291,0.12843110090891846
-0.674050841022466,0.1371645421069459
-0.6664380120545255,0.18145948463500974
-0.6565566366912609,0.17347374799391269
-0.6956223461462118,0.1164884897049126
-0.6846029058295658,0.15237505968162632
-0.6580712435773504,0.15551128477255974
-0.6703365608134403,0.12681493756244408
-0.6487850619678023,0.16783997249889113
-0.6749196582821256,0.1678146887658481
-0.6603012995834683,0.14810383532575253
-0.6907794048043306,0.13080208917673072
-0.6707044607175906,0.17938386471053236
-0.6887419983633465,0.14054058099870567
-0.6815525962490029,0.12723871115798466
-0.6682582375080671,0.16108208480376102
-0.6765326582714845,0.1467265331858922
-0.6805243122045388,0.13073391765399875
-0.6641190998245872,0.13117753709799942
-0.6890193566845316,0.14552864407841892
-0.6892947978420371,0.12502295534302021
-0.6616917444047917,0.16499754228413754
-0.6896441014363602,0.12204836988451569
-0.6819931608071012,0.13634492139084972
-0.6738769109588062,0.16928458488895196
-0.6715317858028923,0.1832691743983317
-0.6755785534424039,0.16667158664247073
-0.646465148464299,0.17937781815021786
-0.6699528728043662,0.18145656071092017
-0.6897400576023789,0.13443726172569473
-0.7018044743071513,0.13601744354091488
-0.6980763263149077,0.13754664693298405
-0.6672590677372584,0.16262056787240092
-0.6573883147461845,0.17258309294774574
-0.6829161402650661,0.14932648454939687
-0.6740302106290952,0.16278076425036028
-0.6654722939894459,0.1567090860640617
-0.6784262082930176,0.15486287383180183
-0.6876065077172849,0.1545666975358849
-0.6668714929540979,0.16389307286905241
-0.676417165438324,0.1698283770813533
-0.690638321506591,0.11301384425828027
-0.6889004072186393,0.1277827723796587
-0.6897639206065219,0.12118580754367299
-0.6752364295484579,0.13394386216374513
-0.682203672448772,0.13949074006063253
-0.6831692774711404,0.13927574376982732
-0.656531945291662,0.16170601802081955
-0.6772854006810709,0.16327847983530924
-0.6904564862916742,0.15890394862246154
-0.6916104908645017,0.12665373109662006
-0.6723276546690251,0.13119869120744268
-0.6540523781697201,0.17345455554366346
-0.651262539863296,0.19373170338966406
-0.7025908733899023,0.11103495663248333
-0.6990580928422636,0.13377888354880357
-0.6854114135457012,0.16476918006393348
-0.6484972018036612,0.18511160701986087
-0.6763979546746254,0.1706723179635914
-0.6872978853263891,0.15437259935205955
-0.6770381592626974,0.1533023442384095
-0.6942622757719598,0.124001891482488
-0.6516556719931975,0.18332685766473922
-0.6572960294663892,0.1526588880259631
-0.6629489895513907,0.15851546292502688
-0.6712036519565407,0.16386004866326437
-0.685928241435098,0.14614646513002144
-0.6813026897380563,0.12319333055728646
-0.6860924211863304,0.13892077766616248
-0.6717501378758187,0.13110089543799242
-0.6802844361528869,0.12603561018301365
-0.6743063516460065,0.14080311950723326
-0.6698632336936756,0.15233592645188931
-0.6490424228152183,0.15339378628348588
-0.6557343146252839,0.18873590155521613
-0.6955323244068488,0.14707306749802374
-0.6742426157265791,0.13872606748113023
-0.6651352683196688,0.13992149023570266
-0.6896152242925171,0.12390591755736835
-0.6794918480407579,0.15072231843836414
-0.6909912616295635,0.14659619421612605
-0.6502164099227348,0.16411781010704446
-0.6481288723967457,0.17659371274517294
-0.6918795569393691,0.12017762326028354
-0.6540988274021047,0.17592326585134316
-0.6894869826810145,0.12583784472190326
-0.6845351100469071,0.11811713766091024
-0.6638559608969974,0.15378553898665115
-0.6933678118748312,0.12721137407748104
-0.6847529241415218,0.122410066072319
-0.6567097706707755,0.18585549961052666
-0.6715567193396736,0.15598928631233147
-0.671525187264966,0.14927841376644443
-0.6977927731418146,0.14349697961789232
-0.668165431768289,0.1796616833395663
-0.6670208359301787,0.1841416240003683
-0.6656772209865119,0.14495433768044405
-0.682410333663785,0.13212519348322663
-0.6703707432337591,0.15611324809261018
-0.667612658340195,0.14768686140489315
-0.6837771670948978,0.15344444326541476
-0.6956497544361502,0.128261528953421
-0.7030546536977842,0.13233272804133672
-0.7064482313947938,0.12533803061407078
-0.6707692934040074,0.16797534501199088
-0.6846248557947088,0.1347681831990813
-0.6803048341164379,0.1223433094329015
-0.6948132488730299,0.1241568480919659
-0.6998431009691268,0.13126540349322807
-0.7032172144333119,0.1304578772018572
-0.6835361260689099,0.11911692053853393
-0.6939784445377177,0.13987535740688506
-0.677756441170937,0.16102112383993036
-0.6841837716998727,0.12323196980820358
-0.6424913760391763,0.19034490223714828
-0.701702766755373,0.13533404697298887
-0.6874629983338397,0.12524824584778793
-0.6859396380366958,0.12286458208336401
-0.665691779249325,0.14398705126987327
-0.6638389084399005,0.13964723988002414
-0.6887154533687172,0.13751144321254363
-0.6661493538117834,0.12988459622745432
-0.6935112350964416,0.12313098067395684
-0.6955334394398106,0.1520215779825723
-0.6681339782267308,0.15158249737396148
-0.6676854164313569,0.16215185064247056
-0.6709847035103206,0.13868346313266586
-0.65983256474984,0.19030284815733844
-0.6576353693347,0.1701101742767934
-0.6868405308505553,0.16227436641435852
-0.6881650542160348,0.13918695361488712
-0.670603244749764,0.17477480395705297
-0.6711266215042404,0.16024135110305116
-0.6768520043484195,0.13183278988622585
-0.6590370801861644,0.17049566914291972
-0.6468757505349846,0.1874407123927261
-0.681906542755575,0.1386065514158479
-0.6854016918913342,0.11879824024719594
-0.6963439804793337,0.1471845820783375
-0.6870802539548717,0.14219669384425382
-0.6907673949812128,0.13571944689116752
-0.6718514949472633,0.16279824252293762
-0.6637043008324929,0.16910253043631557
-0.6886778338519919,0.12001122142226171
-0.699121005131686,0.12977612579573145
-0.6888675760809468,0.14671305296586518
-0.6824368742471952,0.14446990744315996
-0.6689805833315982,0.1703784970027502
-0.6977851162162598,0.1414043409912956
-0.6721387365743273,0.13238203525703895
-0.6849668390883354,0.12136840089256724
-0.6853933585803108,0.16472772952382128
-0.6830904296344382,0.13076011744676302
-0.6971342884576636,0.13757019864554285
-0.6658971335717656,0.17669272545809858
-0.6738719780404266,0.17737862827771414
-0.695774407029191,0.13514473484341746
-0.687311841383901,0.13237255511303422
-0.6874516019148497,0.14154474279950024
-0.6537519174781448,0.1452671330734911
-0.6930802031837525,0.14520482424600165
-0.6660607452407346,0.17541435884598638
-0.6719565284131894,0.13722579921647887
-0.662035420064187,0.14953390614505987
-0.6809424401291644,0.15168052420344633
-0.6774290695140366,0.15293478072997557
-0.6828543921823532,0.12862206397747683
-0.6480135990176639,0.16729044658218342
-0.6670114742453794,0.17568331680402616
-0.6643253892915749,0.19037351365237543
-0.6738635198856927,0.17450735917126128
-0.6807799766256714,0.1544455223189779
-0.6716198849566452,0.13841637583940244
-0.665670388351695,0.18795671962361718
-0.6964163264941322,0.13589286229874165
-0.6844155768320157,0.1260801474879032
-0.6806411453015022,0.16881761747714308
-0.6739305707138381,0.15673974643971253
-0.6987038148598587,0.12750515959272885
-0.6717544647064261,0.14188552804593432
-0.6755917335310972,0.16007684244556342
-0.6887088050722205,0.13953047011444814
-0.695010499720715,0.12483398794206305
-0.6717656372474389,0.17371976286782193
-0.6702610314188066,0.1543244361710142
-0.6555587412827321,0.16330640711717695
-0.6860901098810342,0.14402458401461127
-0.659777524809661,0.1801160420768099
-0.6905995646399934,0.1425935293862552
-0.6716848400114246,0.13296069141885836
-0.6787360743845515,0.13267112052913685
-0.664353948753038,0.17989071751569555
-0.664913306671457,0.16502374935265393
-0.6901296481581396,0.12285192701570069
-0.6752259736384943,0.1393288314993508
-0.6576451628335754,0.17442198665770883
-0.6991740282079898,0.14643252454815153
-0.6740651349295865,0.1417848658430676
-0.6726331171454205,0.1381107705683717
-0.6791904567008912,0.15784438424210348
-0.6817849508581281,0.12750659503139086
-0.6716485471489396,0.14942417381972578
-0.6861709577690136,0.14764413196348647
-0.696594466810183,0.11493809260733442
-0.6922811716729916,0.14531329843088875
-0.6754625699086907,0.14866108284067858
-0.6840029179978065,0.13259033973256548
-0.6793605376300744,0.16100015156272085
-0.6691184710210377,0.1452134455626463
-0.6732808115621199,0.1403315693561618
-0.6872133892244626,0.15327913041520516
-0.652635096328001,0.18964082549413933
-0.6963980824254349,0.13323592512498697
-0.6848863029244967,0.13908775131315101
-0.6532594582742142,0.1591199528351691
-0.6761744335804661,0.15343142648905234
-0.6625656561191829,0.15019412565372864
-0.6753854767222982,0.13977974704595136
-0.6733767511539981,0.1537600199645299
-0.6689613119199711,0.18010511349452674
-0.6883073024436623,0.14249099617320032
-0.6697629548718059,0.17409150834322795
-0.6745330461644057,0.12209086361668778
-0.678621784028753,0.15548418946576878
-0.6897049332598836,0.1540284741290033
-0.665857864317087,0.16430442296519593
-0.6701915462278067,0.14270508792647937
-0.6739606550416527,0.15507516730038332
-0.6764269903242703,0.1514789604356703
-0.6805461952591615,0.11724387622284273
-0.6843052255391731,0.12805497745907782
-0.6602447998660688,0.15787582912846623
-0.6552921802139481,0.18513316814239428
-0.6697820177493924,0.1677379836525726
-0.6783988879299543,0.17404896436014403
-0.6574100204196779,0.15892573386803732
-0.6593876757045141,0.1850836157593613
-0.6698518813713256,0.1497394374955815
-0.6493923875630381,0.18468343509584612
-0.6884728624753133,0.12596199738237096
-0.6805099943427594,0.13666045165503418
-0.6737589595412562,0.1678392434984255
-0.6972125267114637,0.1487270714293018
-0.6903104827819557,0.12152863191362309
-0.682971980708519,0.14934620808408916
-0.6770456018164893,0.1602503376120112
-0.6714654781302788,0.15192094216663768
-0.6728173854821332,0.1778321089746174
-0.6537603618375509,0.17344018864044417
-0.6798722107089155,0.12903924635964154
-0.6922090417936435,0.11596133656754826
-0.674562588510467,0.16303269547127838
-0.6781316116722783,0.1700361864434976
-0.694744993979796,0.1352747201663286
-0.6742134612127683,0.13581860978765045
-0.6726816329224725,0.14491929911448576
-0.7005571155430862,0.11343027589785382
-0.6649811715956352,0.17982244141224754
-0.6814849323363416,0.11697648246773878
-0.6670736504869258,0.18002360450873825
-0.6840228361784102,0.16771850451870235
-0.6592675892553492,0.18843980722520032
-0.6807083683138831,0.13323106979982094
-0.6805613058695463,0.15724696127136553
-0.6814032089817372,0.15454491749036914
-0.6817225463195923,0.1410893437890222
-0.6809357090229531,0.13202326635393813
-0.6995895345915856,0.13038400066459493
-0.6486509127595345,0.17050600637150368
-0.6701936595576681,0.17273475139533362
-0.682492695233,0.15105080570736043
-0.6867772470754776,0.13616533199446454
-0.658516442375285,0.1405440033218087
-0.6498440719817531,0.15670390372988846
-0.6539984997783463,0.16133263069417775
-0.6753325384385752,0.16504357052115015
-0.659084311459307,0.14190083515903862
-0.6460744806843635,0.16115257701465355
-0.6547977838822564,0.18528606923369048
-0.6867612200822304,0.13434322108731397
-0.6984090724721583,0.1272756018056422
-0.6853713535879339,0.160046506563136
-0.6885839064343859,0.13279432696899354
-0.6656229963471442,0.16315916760026225
-0.6809054920696599,0.17070732357924548
-0.6619805317815881,0.1899879088298707
-0.6560950490280885,0.1731825381355694
-0.664784191575351,0.15282295546015914
-0.6734955559397798,0.14939430969094258
-0.661528365657961,0.16753468596440405
-0.6918817819219342,0.120983636032152
-0.6851158221295565,0.16574921164308876
-0.6792833031072,0.12802459311401526
-0.6642734158132912,0.1499250440643453
-0.6750936964654247,0.1622724307230196
-0.6595424173651118,0.1847945412016035
-0.6440889569052745,0.1848501262651364
-0.6632147085796941,0.1570104616690226
-0.6650940776989943,0.1719860507955163
-0.6966659506858344,0.13518811904091496
-0.6926073726683829,0.1456339618196044
-0.6704907089253805,0.13262166599628833
-0.6509671109757573,0.17602887649983007
-0.6465886839565276,0.18842253276255524
-0.6853293404051641,0.1341481417776901
-0.6656039795475271,0.1637173455821197
-0.6595962098710616,0.18606490509670093
-0.666079423479885,0.14100089367717686
-0.6822827138682706,0.1382681201467083
-0.693953056397742,0.13605614821775186
-0.668719737255397,0.1555789918698064
-0.6775863442663435,0.14773502666499616
-0.6608807323918094,0.17316983569962133
-0.6642321220562545,0.18820683219147147
-0.6619949624591103,0.15072668142938234
-0.6627341556503957,0.18053603505110552
-0.6626590423707016,0.17903282352171088
-0.6935809307109778,0.12004926952108384
-0.6558134718524372,0.1930941263425935
-0.6819932909323712,0.16062991594467987
-0.6949685080815273,0.11976913799314655
-0.6924302519826779,0.143126978233644
-0.6759818062125009,0.16034100762843717
-0.6750477129019086,0.15288352579437017
-0.6854319329353851,0.12676694230487046
-0.6710550026983373,0.14628927532584893
-0.691076570966452,0.1443032308663413
-0.6814175604707692,0.14322791290273298
-0.657421579934131,0.1625378252795987
-0.6525344385345578,0.14988951461993222
-0.6725091402639124,0.16521708061010687
-0.6782474124041162,0.1363405769204072
-0.7022027330308397,0.12245224455660603
-0.6878228895351352,0.13244072399385168
-0.6602540597133111,0.17933389825454218
-0.6935466021428988,0.1361125230553506
-0.6767806923548781,0.1482686250679856
-0.6463655832356751,0.16593299159592154
-0.6670689692798921,0.18007159247901852
-0.6445321666829777,0.18970983039710573
-0.6862578660065874,0.13266361605156002
-0.6553779712336014,0.15602432383152162
-0.6554956527137994,0.1452821101757143
-0.6554492084041471,0.16573399052270285
-0.6883317417171769,0.1510623603110427
-0.6753841596746772,0.12625473046630897
-0.6781749538338346,0.12033991380598022
-0.6854454587112654,0.15683859295520852
-0.6558316522921416,0.1524238928818101
-0.6565407785361483,0.1605372109771837
-0.6792634137623726,0.14251040904279008
-0.686667740595042,0.12586742947829557
-0.6841908553193913,0.12088782507438006
-0.6642936351708505,0.17890837236075688
-0.6872897674417442,0.11693008267942005
-0.6715892100066139,0.13917337433584467
-0.6805749059707941,0.14571610095950563
-0.672454136220811,0.17226754326001145
-0.6748769552028937,0.12937616257866025
-0.6934185577401405,0.13917197372664075
-0.690049954010504,0.12603091788694665
-0.6692702707747081,0.16300085643878992
-0.6758993119402321,0.14061203313538473
-0.6549653256380019,0.18111860794036755
-0.6732737678366367,0.14978343906528713
-0.6748596725238846,0.1670509393374612
-0.6648944692649048,0.15657908323360337
-0.682239562546729,0.15738289595318636
-0.6990409636162531,0.12232881431667542
-0.6709368964970035,0.1261102970577098
-0.6755488950330715,0.15349507233572107
-0.671755666999835,0.1766644620085819
-0.7049844995982992,0.11978014552958652
-0.6862358254851717,0.16052396471724786
-0.6666105725074986,0.15597437552996468
-0.6797752095049926,0.1413856441430356
-0.6839363554999702,0.14883671160063444
-0.6619324431743325,0.17029348829087346
-0.686653426469454,0.13949010477301038
-0.6915303015205043,0.1345539099568985
-0.6714270229209695,0.14717802626370888
-0.6843047540990762,0.13187729232556808
-0.6599855547657713,0.19030564032050126
-0.6638589946746909,0.17710411730714112
-0.6691274449829729,0.17974313886415005
-0.6781415858322736,0.15821713138041132
-0.687294943209318,0.15328020069370252
-0.6879750753965388,0.15830785079894685
-0.6681252663298498,0.1768998271165594
-0.6838464422610855,0.1332021220229901
-0.675899807818847,0.1382226289298503
-0.6492446757826084,0.1797136221837389
-0.6755105030428311,0.12693130935416913
-0.6926529996227941,0.11467009736255776
-0.6486275335256104,0.1878805999914832
-0.6943252553850043,0.12291657636316508
-0.6901382738343439,0.15364265270989708
-0.6590279782275013,0.1862703733219302
-0.6840387916944148,0.1297526146343501
-0.6651448299999302,0.17322927633261226
-0.6471297342676277,0.16837719941653664
-0.6880769008965331,0.1521814317630255
-0.648199726830262,0.1964694161380282
-0.6719632108900737,0.12988805496037015
-0.6955421177972861,0.11371837159921487
-0.6880728958594275,0.16136090675103085
-0.6739219452520961,0.18048076451113615
-0.657257011311967,0.1721530720902761
-0.6691164071517165,0.14512256825681819
-0.6565379527689071,0.1549530938892141
-0.6504205348180285,0.16222190920957197
-0.6858372022342157,0.15580016716146092
-0.6799647117761243,0.1384711483681611
-0.6802994045464927,0.166424838854125
-0.6849472561127917,0.13449821284613225
-0.6666216315840715,0.1615843270434082
-0.6638742241774361,0.15613380806291832
-0.6868429522722435,0.1423110943168024
-0.682132286296759,0.14450647648066833
-0.6736927683458035,0.13326528463434092
-0.6678578525934491,0.1810055222103187
-0.6542670838808398,0.18526961848582116
-0.663292546153429,0.17008958800189755
-0.7017254994126695,0.11449928387947034
-0.6775788837166398,0.14612021477319376
-0.6580978052164553,0.1606230577879214
-0.683126824105956,0.15509607486325092
-0.6682037229371923,0.1424368874007208
-0.6906709252641903,0.1395607770909421
-0.6968311097163771,0.1360782244452225
-0.684373409604784,0.14353164400389568
-0.6652379705047701,0.1871571958348779
-0.6904397181564284,0.14211473589475876
-0.6804112601525132,0.16064589419298317
-0.6794746607557888,0.1440256627919087
-0.6669264272154531,0.17246472059033258
-0.7024100063256639,0.1150490718214613
-0.6893094754885027,0.13937213836391213
-0.6612460813261446,0.1358431802166339
-0.6757268697299151,0.12986143172160455
-0.6724568129599127,0.1392672022027126
-0.6574295989810297,0.16981199045251083
-0.6832878223097499,0.1340684993979875
-0.6591773799474131,0.16489164880538387
-0.6787145485549589,0.15244697772751542
-0.680208105876013,0.16563649457862217
-0.6519184777156325,0.16639965218129152
-0.6730378986180089,0.15045680200197906
-0.6559096701867114,0.1564450021623618
-0.664310477990737,0.13924320782952976
-0.7009840978692597,0.12240477322996393
-0.6616222933156226,0.18254856073723807
-0.6685587577153655,0.17272677315780544
-0.6848302405499418,0.13768597307071617
-0.6999406654825219,0.11533382659784504
-0.7031882088454028,0.12216008571946516
-0.6758210673537538,0.1446733925517182
-0.6728277206917882,0.15133598273732315
-0.6833856187909534,0.1505895145950508
-0.6638918892476778,0.1542106581429546
-0.6805072380951429,0.1536271628579055
-0.664942763595875,0.13747889145757283
-0.649757619553597,0.15705710070092124
-0.6741342372456992,0.16729067747689852
-0.6759331202897104,0.17553616098745417
-0.6788930839524172,0.1445580363234801
-0.6629781290862827,0.18121925772798542
-0.6990325895649872,0.13831814433006914
-0.6724058747729769,0.14988571179329188
-0.6536622354870645,0.17954635592758558
-0.680446719255868,0.1337644935240574
-0.6816589297852732,0.12008313775651003
-0.6731436003025806,0.17847105228628213
-0.6768384077704208,0.1551938218079175
-0.6970723401945881,0.1239170899549052
-0.6901740613565155,0.12436771608002223
-0.6559395759268795,0.16153184345895735
-0.6781211735575878,0.13464683045364625
-0.6796291968323188,0.1645479823937065
-0.6512078138494054,0.17495849631953195
-0.6812123286598311,0.14015688590405173
-0.7048113008324036,0.12799558253332288
-0.6838117266517003,0.14289907328645574
-0.6945100554642559,0.12826705200876995
-0.647948058467822,0.16398113499404968
-0.6830222504983491,0.14529585795700267
-0.6684179127163554,0.15994146977419338
-0.6870796896186437,0.13279671287037254
-0.6789245725040669,0.13442707000895548
-0.6601804479400836,0.14198484231623051
-0.6716877303034879,0.1466135843549118
-0.676067091627515,0.13546465322502063
-0.6660385908313752,0.18253597471796887
-0.6936523103547566,0.1453343492543507
-0.6734672304604907,0.15651425457332435
-0.674653845776334,0.161970622972888
-0.6783041721742898,0.1343928147028458
-0.6519576510903093,0.1764027149207007
-0.6868785122782799,0.15115087824636234
-0.6670464911610418,0.15899668910961268
-0.6661381289192246,0.18691979080305451
-0.6870330164638468,0.13962915443268664
-0.6758988388840852,0.13889379005693034
-0.6552419904528696,0.1489789193571698
-0.6537259398932437,0.1464968885867297
-0.6573451650262538,0.18131616367920608
-0.6720565988585807,0.1742172613926142
-0.6662167572844115,0.15768044400535522
-0.6582589828028682,0.14148663690354302
-0.683182727715232,0.12881452318690798
-0.6779278063856713,0.14885970607841176
-0.6637733470597724,0.16591914485218207
-0.6582482603006262,0.15750817710224008
-0.6756523346634338,0.16758322774608547
-0.6983565825139868,0.14394047209995176
-0.6778749383177303,0.15161552313014046
-0.678071198340856,0.15436465828063628
-0.6983825608934822,0.12575646247511899
-0.6784255406082703,0.157493079137664
-0.6570094284030542,0.14671788235924066
-0.6687090129058687,0.17628751717708832
-0.6682938279918273,0.17185032531270342
-0.6578679568994442,0.14668348472534032
-0.6798667368186333,0.1461938280479681
-0.6844357313466974,0.16408532194360195
-0.6779063195070435,0.1407832244141093
-0.6892417335150536,0.15170562592751946
-0.6765938862196405,0.13393855344859798
-0.6868097489438014,0.11902874696720529
-0.6649712151413942,0.18277397054104316
-0.6561359995842365,0.17759754164870334
-0.6526767775394133,0.15970666047320367
-0.6524722824062772,0.18286085264052981
-0.674124816744668,0.1469007979723789
-0.701891704884947,0.1270984155553821
-0.6798840523555438,0.13565935002041346
-0.6802666471454083,0.13878799677978992
-0.6929949686337682,0.14137001064044347
-0.691801481046679,0.13893731322909741
-0.6791501586616769,0.16164141888643035
-0.6698257286209262,0.17246873696842938
-0.6679434902824157,0.14517748247442175
-0.6630063523614029,0.18820066460601917
-0.6511280952455518,0.15286165594458206
-0.6778480766352887,0.15689761328185137
-0.6680610353533192,0.16567198760511517
-0.6806527240481013,0.15058932532677327
-0.657442444990616,0.1881087185835893
-0.6677973577757579,0.1434957840382458
-0.6731556253318726,0.15675641000270205
-0.680432069248024,0.16116470172764
-0.6629265836767961,0.162475759159155
-0.6662858086942945,0.15681985572658458
-0.6816369054241603,0.14030940757680513
-0.6827950169803546,0.13840801437003325
-0.6607647362217992,0.15464632022502559
-0.6633720130550861,0.1789739529178662
-0.6708047076714879,0.17576688387084094
-0.6772105173747652,0.13104176733721362
-0.6569144427181645,0.1518312048667795
-0.6656151297950242,0.14865126512142335
-0.6873860706173284,0.14172592385832888
-0.6715243761618497,0.14496585102611603
-0.6732586518375174,0.15581860112019344
-0.6757981325439402,0.16039194303221635
-0.6784400276463668,0.16307852630895728
-0.6772247217269224,0.1245399882619539
-0.6819591003184987,0.161497381830787
-0.6735679268498965,0.12807817179181216
-0.6787488203771305,0.1285293170522981
-0.685181695799019,0.13070604448678066
-0.6610502352904135,0.1804203393322722
-0.670962861959302,0.14836679628404428
-0.6547803051125254,0.15823828667165457
-0.6930463881826349,0.13102093596445513
-0.6730461231764296,0.1533080950749441
-0.6535734937000114,0.16890779947313173
-0.6967571732542799,0.14581191009342662
-0.6499092923052148,0.17221952251075504
-0.6736282076490252,0.13839075464847847
-0.6576531560732763,0.1741234990772527
-0.666232436426023,0.1727377846322574
-0.697333259471059,0.11777915156251237
-0.701215716210191,0.12679923367231863
-0.6881638144858694,0.16104405631505536
-0.6660296083828222,0.14855453358130344
-0.6810023326831334,0.13722686990397756
-0.685208337101778,0.15689887964513893
-0.6826432075256033,0.15550287659075707
-0.6503511700463844,0.1675203955523622
-0.6646801405901365,0.1713355453285636
-0.6806384065659017,0.14967255565333726
-0.6542713526635078,0.17935290342940333
-0.6942151952580033,0.13645855189755832
-0.6709942514521643,0.16871131093790456
-0.6609126156142632,0.16629966082264527
-0.6890052951590008,0.1368161021469722
-0.6811176922509125,0.1365248294662902
-0.673704432839083,0.16705823525876162
-0.6943181110480162,0.15235383020757665
-0.670174720013456,0.15435226990845854
-0.6700453301212248,0.17186211839084128
-0.6877973097339409,0.12842555780664316
-0.6640954609001152,0.142510431981837
-0.6474383431828951,0.1835777147742734
-0.6757664845201529,0.14383569879609404
-0.6676460114422682,0.16358030636950618
-0.6747622733228466,0.16353029095394853
-0.6561712815551177,0.16575932892027628
-0.6470875520009044,0.15962561973708303
-0.6528730697193452,0.17397066016202795
-0.6641398862871616,0.14061181836239292
-0.6910177668959551,0.12503071048943445
-0.6731627394648173,0.1483928755835665
-0.6631613848424726,0.18663423397899315
-0.6855830940466747,0.13094336607952475
-0.6730625637551321,0.16480426250009136
-0.658234113916423,0.18645628428579022
-0.6692197551159595,0.14268407023107482
-0.6856435723174444,0.13471716596095032
-0.6800579978033376,0.1461163421036177
-0.6726716102076766,0.15274439097504083
-0.6731851745625723,0.16526543536334387
-0.6844810500680214,0.1624181163999305
-0.6654418787314966,0.17749770799182227
-0.6951248828409061,0.11924967926690894
-0.6696550229819679,0.16104150491283487
-0.6663976825391873,0.1535528325188706
-0.6929382381867317,0.13745044836420414
-0.6543536973489907,0.1726875449458559
-0.6627047812284848,0.18381915175796765
-0.6771892306618617,0.15163834223836278
-0.6504411937128824,0.1771828864578884
-0.6426538844240182,0.18486633295575652
-0.6950416404808977,0.1519501452752369
-0.6710422383163623,0.13714810196997634
-0.6855938361525873,0.13920410945372674
-0.6737153875583956,0.1460883293901757
-0.6600352104858962,0.14152269155452682
-0.7048443132299334,0.12472460794388245
-0.6746301340994373,0.12951196146811816
-0.6854868090023966,0.14028948976445055
-0.6838236473312207,0.11953194019276432
-0.6896927452292205,0.15553482977730057
-0.6886079082528609,0.12349777803259819
-0.674894254405115,0.14999692030389675
-0.6813978702634008,0.16199233703352042
-0.6663456909325689,0.17873558595314568
-0.6718617027432949,0.16874515842371376
-0.6582607779681419,0.16315496941864457
-0.6770257760813085,0.1280355831417508
-0.6972060871869296,0.1420516452128644
-0.6667463359483291,0.18311927115418117
-0.6602616477252701,0.15272700066793568
-0.6625081909363878,0.17563558810729826
-0.6879526982198356,0.16007103317061822
-0.6587744652424103,0.14422889213898327
-0.6549001440663058,0.18502029862866184
-0.6538080591136282,0.17177904542123892
-0.6542951207765122,0.14570396670714397
-0.666622082892156,0.14178586821240532
-0.6895750800610029,0.13591443135461542
-0.6964166804036682,0.12815154153918998
-0.6667115703898754,0.14531185100723945
-0.658227100227344,0.16827887090958837
-0.6934222504252754,0.14545173335902808
-0.6767605051892851,0.1512488240019111
-0.6757016987034503,0.16574493202745777
-0.6971987578177112,0.1303874966483861
-0.6957542472214449,0.13291759733755887
-0.6671076102804285,0.159019226444151
-0.6702867266182764,0.15292219320363704
-0.6635530993108141,0.1426849128656082
-0.6834849407181492,0.14173518947903802
-0.6657503029021122,0.1737054522040523
-0.6986704493098699,0.14455600887720396
-0.682005167687453,0.14473027828903048
-0.6672037247024124,0.17071035357657013
-0.6696884786648698,0.15962933884643823
-0.6821176192467885,0.15568332105186736
-0.6896153360684028,0.13197561299588412
-0.6677001327018207,0.17076182947085264
-0.7008013855153078,0.12386351115621619
-0.6732202549836446,0.14735565239230747
-0.6417622501935096,0.18519602032522153
-0.6831837195557229,0.15265525348688
-0.668820741807701,0.16822736286337786
-0.665234149031244,0.18411151231726272
-0.6815299292056775,0.1545445082717923
-0.6996118472656394,0.12900321724213898
-0.6827029866667694,0.1579927059415058
-0.6809681504517501,0.14733744721811903
-0.6638055412894507,0.13885325354113984
-0.680891798675438,0.16779886153390364
-0.6639025081311214,0.1753530132513442
-0.6852628380962106,0.14106498651461544
-0.6732362143674683,0.13990119966186085
-0.6588244829388742,0.14918740386469467
-0.6638623678364279,0.16080221991185148
-0.6487285672322947,0.16797335294399451
-0.6823911873460371,0.14643131055092787
-0.6644540338141883,0.18071651046418932
-0.6681493548124657,0.1558734569625293
-0.6892421500531054,0.15591814091308784
-0.6528755431145786,0.17389143162304221
-0.6631195052625815,0.1396361392679628
-0.6657061591521204,0.13900125340695585
-0.6773005642007508,0.15540743975730115
-0.6796160562779585,0.1592727289015875
-0.6484513519326259,0.16935683652848266
-0.6635119401287402,0.15950420393577816
-0.6691748920862896,0.18142544683706835
-0.6883206399122048,0.13864372542526748
-0.6928848879069013,0.1290821494421039
-0.6933243711363944,0.12596183480541692
-0.6671125607384805,0.174655171790162
-0.6749493468283867,0.1693223550099531
-0.678357423292632,0.14365666897501558
-0.6628692080711045,0.14647653980235653
-0.6893780642022083,0.14207811635900525
-0.6907866635779815,0.14385416794857028
-0.6747133644511927,0.14419698049328405
-0.6667430887614318,0.15621337297937038
-0.686096770219752,0.11796602915644741
-0.6782392634679401,0.12947174238852438
-0.6825564449800308,0.11998982715489274
-0.6644950772505189,0.13532506032245992
-0.679416893654105,0.1608636687387531
-0.6591645625008393,0.17049539306422737
-0.6791422166356025,0.1469741250417289
-0.6908460642602707,0.12376944609388163
-0.6799404173988632,0.1379916094127344
-0.6841805503074883,0.11669005065170181
-0.6910948512198206,0.1502139949036556
-0.6821287914500157,0.13277691507850375
-0.6709895826413022,0.1337944758170748
-0.6794095294879376,0.16271781438296054
-0.67494646379934,0.15941506234260117
-0.6696130520212826,0.18108975808302344
-0.6619381833688118,0.18626472368447036
-0.6644497850103458,0.1749251649948477
-0.6948554643837404,0.1355285615688972
-0.7001786608379448,0.12837755675042545
-0.6528834324833477,0.15926319061711042
-0.6807690111284833,0.13751260886429437
-0.6836001824606218,0.12760517029139015
-0.6744168688671086,0.15086375608786848
-0.6880446057394497,0.14176162891510802
-0.6725150257239338,0.14580611337695945
-0.6552615011385656,0.15020297564736004
-0.6827540861434117,0.15611277916726538
-0.6900737175855045,0.14646289215273953
-0.6848282508643732,0.11844988553672546
-0.6743104982170534,0.13174679153820315
-0.6758143451149666,0.16383653459727918
-0.6697482743591198,0.13129097224987896
-0.6894490948198133,0.1316720997990056
-0.6665743084739275,0.16908291071413514
-0.6682002935339012,0.1629253436334481
-0.6716752274868854,0.16303937220831452
-0.6906777890703215,0.14298372319385044
-0.6700184711285112,0.1732408983346584
-0.6866981204844858,0.14502475067720413
-0.6843387479851062,0.16080276478310027
-0.6748394392743993,0.17541674711972743
-0.6844446596060798,0.12149791687087304
-0.6934677715034608,0.12176500981544541
-0.68628958804274,0.1479339588799198
-0.6755961523517002,0.16679972447183872
-0.6865979165160772,0.16396907151315282
-0.6977279492594818,0.12760705779720294
-0.7000904866847534,0.13845675393198206
-0.6844367781129078,0.1593039957426383
-0.6702573074442479,0.13537912085318402
-0.6990646715554272,0.12302383474855974
-0.6589960345027779,0.16329914038789867
-0.6901555277042387,0.1421814068809177
-0.6683789195189817,0.15681690463339495
-0.6823858689574875,0.15528674792041175
-0.6735688315855735,0.13768459767715469
-0.6690686261778431,0.15266087161488517
-0.6556859089560436,0.18027318419068716
-0.6893647986199716,0.13454166972495585
-0.6580600441610752,0.17421444683647547
-0.6839964890358039,0.14983770829647952
-0.6718627557934086,0.15342201686777765
-0.6745186032893262,0.14863098990134632
-0.6482292353085047,0.19093842288391766
-0.6785268630618578,0.17144998876860956
-0.6914267522571295,0.15144726205589423
-0.6568522456659032,0.1677847810178665
-0.6855924344156308,0.15704415165557128
-0.6574689635765955,0.1563948401719968
-0.692147548831492,0.12488372788397858
-0.6613274509953437,0.16788802939372427
-0.6562707666304073,0.14410069452483376
-0.6982522122235714,0.13667160693214134
-0.677700812121882,0.1638746836396027
-0.6957296665471979,0.1344631969387018
-0.6799339605778839,0.1680721401149846
-0.6902285223565329,0.14176785921825058
-0.6837660128457042,0.14523894451692457
-0.6640309586577209,0.16394955672541206
-0.6730658522701004,0.1686509709020114
-0.679322206245712,0.16190297001218068
-0.6801615839835303,0.1727521709724401
-0.656664721047209,0.15537292107446135
-0.7014121485212528,0.1208579912809241
-0.6744245461508372,0.14308247100584118
-0.6859736511735148,0.14854631573852736
-0.7009056565806555,0.13052906604475537
-0.6903554968163725,0.12460701637558845
-0.6818971316948143,0.1312157409920934
-0.6696986392472022,0.15902682946434507
-0.6795540754667438,0.1597719222408856
-0.6894453824771258,0.13774903857287052
-0.6697898890975719,0.15242707237422853
-0.6836376696559001,0.12422384053318897
-0.6847494837447127,0.1266281848919169
-0.6590558385006136,0.18115383250951902
-0.6880842689729015,0.12996176316035282
-0.6716497849652958,0.15843518056371186
-0.651243483666021,0.18834099706770982
-0.6645706023858389,0.14042334461502412
-0.665533248869518,0.18084185595290245
-0.6952314929077492,0.11714712073021293
-0.6737592388230622,0.16229203439250922
-0.661784571722443,0.16549024759215877
-0.6767228938362263,0.1694104451898239
-0.6824531985836464,0.16076225172826486
-0.6621275118431386,0.1738063373299485
-0.6646920606967773,0.15689433568280425
-0.6612894442882066,0.1394792759229481
-0.6699272244473967,0.14692785043825046
-0.6881091251910191,0.11835499692864876
-0.6592793777800362,0.1386250047080506
-0.6814038392051252,0.15028921434083373
-0.6669138876579873,0.1833714626964088
-0.6896826211927789,0.12719392029570425
-0.66762125744651,0.15464856532791846
-0.6850379783065931,0.15197403621874578
-0.6860343491692639,0.1472906469826854
-0.6740170714623279,0.1404456079742294
-0.6886810126778469,0.15055899824605254
-0.6868294596057646,0.16330711690442545
-0.6543256398094721,0.16261238486482338
-0.6615202136863487,0.15391614113666474
-0.673023944825329,0.17630469843649907
-0.675383032438938,0.17319032277567192
-0.6770804021350694,0.13900535657734533
-0.6591973422674323,0.168361505620699
-0.6783259018765379,0.1538421947466266
-0.6701498112151523,0.15185801145196715
-0.661304103848405,0.16445717162244516
-0.6766484500508003,0.14995556006132715
-0.6591988701307471,0.18300712330273042
-0.6739332494792728,0.13669136968876983
-0.6917758376389724,0.11842659665926127
-0.6809454471766758,0.1208758973216543
-0.697410280779068,0.12771680359749765
-0.6830282818213849,0.15179889309220237
-0.6663462756780846,0.1826060877122711
-0.6620305674202038,0.17167550327745557
-0.6834186482077033,0.13442286995344663
-0.6873979970819719,0.1313301484621315
-0.6964706644748724,0.12157106947749911
-0.6688857845563927,0.13938342950108146
-0.6689333740913537,0.16824715585013206
-0.6991199548953604,0.1284652842771972
-0.669992850227249,0.18091717051452436
-0.6515982096276323,0.17811555373534146
-0.663497448502188,0.18426698920902668
-0.6655053729494239,0.14242921596711572
-0.694069457522906,0.11851959721496326
-0.6873796980843799,0.137532078920472
-0.6716694746849148,0.1428528181248349
-0.6834983344910025,0.13392006940810472
-0.6727314776605199,0.13520181841087325
-0.6737374950776535,0.1527159871634811
-0.6726648550228759,0.17567020608728595
-0.6668687677195162,0.14285407570668565
-0.6971834841817849,0.1305296287292476
-0.6905600912343892,0.140247133047066
-0.6663719412171377,0.14035705441787932
-0.6830892072561882,0.1294427713193747
-0.6604308067171186,0.14946088041467148
-0.664575833288962,0.18338156716762163
-0.6741431222525897,0.17260211407888393
-0.6821115153523032,0.13476955760210682
-0.6599779527929606,0.1860380058460123
-0.6831553767834718,0.1264626286963796
-0.6886741219335416,0.13853261656382407
-0.6733392584215012,0.16788521865107814
-0.6730638065468941,0.13061292513472075
-0.6777646424467265,0.14154643720732285
-0.6708967791394904,0.13218470381825664
-0.6827408292697047,0.13777268975321513
-0.6810237270059275,0.1510503993295881
-0.6628434908180268,0.1510616354786331
-0.6899098700747585,0.11940460992034632
-0.690922536694243,0.12283115297933714
-0.6608012591226571,0.1683286490492971
-0.6580092465395794,0.16635589106944756
-0.6708776205440936,0.14873510918986432
-0.6509010017923444,0.19161209587181172
-0.6814644101446016,0.16201493899003283
-0.6491807603725341,0.15697195600770456
-0.6671075660153775,0.14018725855865993
-0.6894756126675553,0.14569429350150895
-0.6878555578477058,0.14776491423818028
-0.6912439859590065,0.12932502380504815
-0.6628905726980361,0.15334613312886028
-0.672016159583243,0.16282115810996942
-0.6942841639369906,0.11398781479869607
-0.6870603026745037,0.12459199623529334
-0.6835728504786871,0.1375759441883256
-0.6807399580768334,0.1285675995437712
-0.6667423682933701,0.14992085472480443
-0.6876093605120087,0.12223972566854399
-0.6898067706004661,0.14007010418222315
-0.6721604663492836,0.13989277071559322
-0.6890489262494195,0.11881398944545365
-0.6877002998950571,0.13477463055330252
-0.6781004133387083,0.16264076095476349
-0.6778805196093851,0.1676413424581757
-0.6772632585541685,0.15741034608161483
-0.6872730522402737,0.14140526071830276
-0.6641707130541362,0.17885979170770977
-0.6948855645854267,0.13029261792109725
-0.6571602099735582,0.18174129199321257
-0.688598771555274,0.127731037584549
-0.6927557147119342,0.13252268400397493
-0.6903907961628928,0.11431899114613588
-0.650784163189173,0.1674065657819401
-0.6870048290727608,0.14246510932981182
-0.6940034547559097,0.13828350392778904
-0.6662085497853286,0.1711737680540613
-0.6847600269925693,0.1176455735146134
-0.6835998923518096,0.1480962006218842
-0.6849462383144528,0.1491767611003279
-0.6839877572160539,0.12015714078561839
-0.6681727614085623,0.1413617114908574
-0.6903068649266763,0.11794585655715525
-0.6578227358887044,0.16033551750094738
-0.6660087577590017,0.14813521546376462
-0.6908112179820175,0.13755340935163762
-0.6702126155875113,0.14000846569924716
-0.7000886675876254,0.1261519633672862
-0.665776083241534,0.17137480442682412
-0.6606804315767334,0.17807448203110643
-0.669832484940131,0.1558154186255142
-0.6590125855985058,0.17290934861297816
-0.6885015123707144,0.13446241445808546
-0.6618919779742432,0.17045657806501865
-0.6678204349202641,0.17561023081888058
-0.6855214235161076,0.13984778509281726
-0.6927885883089563,0.13743576057251153
-0.6669058028703646,0.13815556786394229
-0.6910548690625128,0.14330495009576344
-0.6795245645241667,0.14598751087424208
-0.6594867111797499,0.14454055165237217
-0.6854277449470122,0.16496885393163851
-0.6698489488068072,0.1679464002312834
-0.6918083606238289,0.135596014629285
-0.6991667779445833,0.12747926293139875
-0.6934997737083243,0.13476226286702295
-0.6871962884359937,0.15231537352446348
-0.6936212999336228,0.15060995608536648
-0.6852316296051361,0.13977201281645177
-0.6804869252451097,0.14279121717028995
-0.6550998365594514,0.15035870287575914
-0.6995719222909867,0.1277742808051118
-0.6936591797465508,0.15032767951136308
-0.6806139581367079,0.16292975445859548
-0.6913959997544435,0.13611895327278767
-0.680731872061329,0.1242718256251696
-0.6681456822349634,0.1634029542321362
-0.6696517988546845,0.17805575021531062
-0.6865173987806991,0.13309379510473715
-0.6865376406450058,0.14721955580189228
-0.6878115560014486,0.1523552929838305
-0.6687972830946145,0.1802048516430211
-0.6780606890770465,0.15351818339759477
-0.6545797816850101,0.17371329006974728
-0.686466568918025,0.1590879358982964
-0.6503282554818467,0.18398283265085053
-0.6865717800024808,0.15557902566100845
-0.6887359980042055,0.14137495976954903
-0.6760837855166043,0.17159325593545446
-0.6716840671136448,0.15407278010317568
-0.6674879041515132,0.17575056355669058
-0.6849157912017952,0.128900484800327
-0.6943937668951992,0.14167707811743174
-0.6833052108712795,0.1675986561093513
-0.6777405428146408,0.12314301011666894
-0.6949493479987234,0.14091266841904052
-0.6736518881896665,0.13486588173270347
-0.6656077493070328,0.13846988699836216
-0.6646084474914048,0.16884471633431639
-0.6517502466689147,0.18903441886115674
-0.6642072677713817,0.15131745458088408
-0.6882754568378519,0.12761667817908673
-0.6806437059865684,0.14462815478368066
-0.6525664918303191,0.14737256303581403
-0.6645547423463742,0.1669357799598176
-0.649839294547961,0.15824307783165847
-0.6738851993794113,0.1382462712958576
-0.6806361763928195,0.12286914056658903
-0.6727853237503049,0.13448654707448082
-0.6922174105912288,0.1338146911897062
-0.67668452488074,0.12784556571754446
-0.6823258829329403,0.13723990321213675
-0.6711963979359171,0.1566822553441762
-0.6814931007972634,0.14851482547943787
-0.6598441273768753,0.16394883384834189
-0.6834775569733252,0.157631869523745
-0.658158354951959,0.17553284942070319
-0.6961995698762437,0.13097918289186208
-0.6784809452751273,0.1348309622873296
-0.6698902278436905,0.16242028793089283
-0.6955659007419559,0.1388837887700537
-0.6714203332122495,0.15761853272934861
-0.6638114963466663,0.13413782077562678
-0.6687158350112521,0.18195749066402622
-0.6425018007013568,0.17584064296034416
-0.6690655207878345,0.14801650449479903
-0.6885686448589056,0.14302966499902897
-0.6809259800348522,0.15953121817236646
-0.6736105338442212,0.1615777884440516
-0.6831040419177818,0.16100072449525607
-0.6569389981233308,0.1748346893313566
-0.6657586355589439,0.13992357467313055
-0.6802645655681712,0.15408555932488424
-0.6616007504325341,0.14882963292906998
-0.684267119169673,0.16023365519945487
-0.685185552793428,0.12830216145971723
-0.6896939808882742,0.1531688698651876
-0.6597737560047452,0.16860553766795103
-0.6832936398496844,0.13955593268752187
-0.6587447657884566,0.1543471534551928
-0.6834400700559767,0.1521226391147381
-0.6616589197475378,0.1390349721727755
-0.674724831473359,0.12591637776055006
-0.6671255850522622,0.16187554378673977
-0.6651422753636178,0.1648499816334252
-0.6762330315801445,0.14255494066815808
-0.6685302805553159,0.14972282811627638
-0.6684740972904182,0.14284513445380112
-0.667563497011722,0.16835559943373485
-0.6881663188244895,0.13020999841773662
-0.6908652479795968,0.12507001981570876
-0.6917894110897082,0.13318775526391363
-0.6916299681657788,0.13024765003857103
-0.6717564933416714,0.15125454201150176
-0.6517805603885786,0.16294921891960323
-0.6591343999220779,0.16800989122862617
-0.6710139362506576,0.16819640616967058
-0.6848756271459389,0.12733670689702925
-0.6978854716608929,0.12610670651198147
-0.6758004871566762,0.17262253682513984
-0.6742928821472447,0.15715255198776276
-0.6505789816681369,0.15998368201538282
-0.6620496770131142,0.15677360894010445
-0.6871756070661627,0.13479488112594115
-0.6623007310761081,0.14184028131938622
-0.6927645201580749,0.15197844150347867
-0.6904680895996033,0.14935539643488815
-0.6850806756721555,0.14645368800745737
-0.6776458169878531,0.13168811036802547
-0.6649307657485619,0.15812694120714077
-0.6874181427830178,0.1587339509838608
-0.6865754944177567,0.12639123229551658
-0.6896105011968077,0.14591934222262365
-0.6758590969196175,0.1318759016920837
-0.6656860983369494,0.1388030268391383
-0.6513006987847854,0.15382711502243562
-0.6467190059297143,0.17769193893138416
-0.6762048434693576,0.14071612832487285
-0.6714344532747208,0.17651582398224422
-0.6639145527649525,0.17512013849280833
-0.6539980400965593,0.16720238746494748
-0.6635506914192546,0.15327481460826484
-0.6827650559116074,0.1584720089917768
-0.6641975897800411,0.154576738100653
-0.6891627782371609,0.13556843408695446
-0.6897160573062121,0.14882039899949018
-0.6516056873612439,0.1613071144177771
-0.6814330534495481,0.15184221058818287
-0.6539094576458666,0.18061700915379944
-0.6751758987143105,0.15583806874159345
-0.6537690591933728,0.17615409867933243
-0.6849172941414896,0.11860360118106325
-0.6793161427890484,0.14155314511764558
-0.6870984821022657,0.13108761889476045
-0.6929661159383154,0.14682452605296864
-0.6884174608930377,0.12185995189392346
-0.6779448429748297,0.13981184370045402
-0.6781564355177416,0.13061259880337492
-0.7011746233653484,0.1241882434595581
-0.6856559427782352,0.13374769016313973
-0.6769956891595301,0.15935345440533896
-0.6632490923634126,0.14235137309699475
-0.6769558101903143,0.1323305180632361
-0.6702865977442298,0.16727693556596887
-0.6668626285638117,0.1419745800297192
-0.6710961704210245,0.13801301667631255
-0.6940059433146081,0.1387189722978415
-0.6779274695101458,0.1646097206554032
-0.6608256027902022,0.15965486264673812
-0.6758331687125989,0.12808171587167877
-0.6809807216981824,0.1425772132075824
-0.6832287539917768,0.14982717548711913
-0.6835067185642649,0.13604234598301995
-0.6808394062490412,0.15754408776653425
-0.6752121217762901,0.15092039844887956
-0.6879137541036827,0.12064255789263675
-0.6742296064678012,0.1368773036448157
-0.6571878458871793,0.14561542393796517
-0.6879802109914854,0.13864057677247416
-0.6958710983962417,0.1303602805933221
-0.6718703515666928,0.13708588991298204
-0.6856830789035957,0.12193200032604395
-0.6869928890928526,0.13849961076011802
-0.6856022203161475,0.13724853053126904
-0.6765314958973829,0.13072221233412146
-0.6741191015082242,0.14232633969025832
-0.6723124134173406,0.12897895436651996
-0.7002234033041409,0.12820187165229288
-0.6626535377623346,0.15786126127357628
-0.6534088815968535,0.1565772181857577
-0.6563743102855266,0.1504894521739316
-0.6733361401301412,0.13703656702208053
-0.6970502159375771,0.13729684735672196
-0.6722397031623717,0.1396181675503008
-0.6657860892480513,0.15310963603545832
-0.6566189747132398,0.18092601758185395
-0.6780854110849677,0.16652193733751483
-0.6728750267500956,0.1447751256900914
-0.6789836011846726,0.16541162988324454
-0.6705477775104355,0.15832747031609268
-0.6630244504749688,0.15701272668813637
-0.6980492843916147,0.12216200066695587
-0.6689608163979494,0.13382078847817033
-0.6792706064878905,0.15844010062193192
-0.684346543979393,0.1651362443739971
-0.6699336634899572,0.13906198379004914
-0.6597788568519892,0.16608510988452954
-0.6784569478739266,0.15572676646662448
-0.650661544992299,0.15446441901165253
-0.6619235225603621,0.15806372106770622
-0.6782651297796178,0.139971677027217
-0.6643374975988878,0.17612042867898267
-0.6653078213463445,0.16081280519521118
-0.687939764556898,0.1329590349542699
-0.6766477097863243,0.15247291874284144
-0.6639901833329853,0.18344007972688484
-0.6839982304156299,0.14343744175528816
-0.6526432817126575,0.15798249517717755
-0.6880309497082959,0.15584977288437693
-0.6672712888599952,0.13921142092431987
-0.6798958170884118,0.14642817288715168
-0.6848015445795748,0.15104291521527616
-0.6634919106891105,0.15708428421489595
-0.671434827798845,0.15901053250041294
-0.6671049825056911,0.14461253617548406
-0.6754969519995947,0.16406260312642082
-0.6579490717946502,0.14235334505375544
-0.6773894629250063,0.14622468683468204
-0.6868624797751627,0.15756972619427814
-0.6721358154893387,0.13460458543043868
-0.6746834836948098,0.17149642683793226
-0.65405410557185,0.16947431064262913
-0.6707918220643287,0.1623323899852481
-0.6713436163853039,0.14427412516980512
-0.6688262332130803,0.15470538823230745
-0.6895588683253209,0.1369286186402613
-0.6742261068961865,0.1393189274834838
-0.6724725710068377,0.1321969516514599
-0.6725490545834485,0.16235157522458762
-0.6674497853443917,0.14169513223853242
-0.6828697882793588,0.13232380308309583
-0.6917761836042607,0.12852655910013777
-0.6501993255696279,0.1648004781910527
-0.6478096968943199,0.1819673752892184
-0.661272236439854,0.16785588372952862
-0.6654170354490666,0.16227032489340534
-0.6666431907178538,0.14186709848760296
-0.6907761467739981,0.13611732153611897
-0.668082650727027,0.14760850205674925
-0.6758259215371275,0.13699416852510415
-0.6709079310298063,0.16147025120527067
-0.6789314163968174,0.15872281792647308
-0.6732439394584038,0.14631178125656036
-0.6689757249354739,0.14797803549460942
-0.6667365018612073,0.15742125206877747
-0.647807274413113,0.17348441889529684
-0.675073389160746,0.1604365425990839
-0.6665400492670361,0.15837749301210072
-0.6845872282673431,0.14820141430239483
-0.6647612045236893,0.1864136364843349
-0.6571131669805158,0.18491307496088874
-0.6537296869630805,0.15668822184284198
-0.6664836983425941,0.15994412487315837
-0.6795227099972717,0.13373866811232188
-0.6680355456502893,0.13894314521154497
-0.6704956688833367,0.18041006672264903
-0.6903584112639863,0.14123166846541013
-0.6540014489705253,0.17697036253473927
-0.6611703630839761,0.1785518856350729
-0.6786337069182633,0.1323740490790738
-0.6809240600129124,0.14790215732843426
-0.6681453660962594,0.1430204551644915
-0.6623787869192568,0.1688938681329246
-0.6811238822182878,0.14510254396881248
-0.6656662323273582,0.16366909638106045
-0.6564543527367186,0.18695583455298345
-0.6715712427638765,0.1402941829395722
-0.6679818707026824,0.14972012009214147
-0.6751290844993492,0.17540848073694867
-0.6833738828611736,0.14755538096184337
-0.6678171789285007,0.13836092514428833
-0.6740014813516173,0.14672731688341448
-0.6866907613611579,0.1574101381985374
-0.6669757496125055,0.14909063677622314
-0.6620163757973828,0.18271819726567554
-0.6545034088064977,0.1480283551827293
-0.6758552510001494,0.13652285748395757
-0.6530249202032189,0.1557699134918986
-0.6508482376368094,0.17498053213196305
-0.6589086002610605,0.1755164766107313
-0.6874351422566868,0.15868716123945018
-0.6589873387680567,0.16495175713111765
-0.6615122297329024,0.14498403452353484
-0.6554976233176059,0.17886516791203758
-0.6738743048518802,0.14508705326241525
-0.6603094536539748,0.1482730996523288
-0.6740686242089765,0.1387054895829628
-0.6552683128896465,0.162835503710582
-0.6731637487101219,0.16228811239481195
-0.6825599692910717,0.13719714699929753
-0.6891091793969347,0.13265731092589644
-0.6678893600333378,0.15851683200814387
-0.6801028171119986,0.13722088812480096
-0.6775159450695812,0.15047304554639476
-0.6739854761578605,0.16092680235378495
-0.6573192848931249,0.15345747308528523
-0.6744706668994791,0.17370524861556766
-0.6937355874647374,0.14495095847254813
-0.6759182865957787,0.1692817713240333
-0.6796679874036078,0.15582131396648077
-0.6704029929765578,0.1620476777618087
-0.6775306766787078,0.13680023439603414
-0.6644733310895494,0.17258763970182722
-0.689533324847885,0.14421854656771116
-0.6866405642513878,0.12836713091041252
-0.6660665599048847,0.16267933230382542
-0.6672942787965742,0.17204469658176363
-0.6817309548971213,0.1467306089140309
-0.6668479265994887,0.13789149483278162
-0.6869286964683541,0.14101101678400219
-0.6551918061679097,0.18264133369609356
-0.676620379572967,0.1636939277422485
-0.658574046110914,0.1582355506460218
-0.6752757779255488,0.13289286913561688
-0.6695752616331894,0.18026954669080106
-0.690209327595999,0.14993682929617688
-0.6716581923387196,0.16281932654483092
-0.6699183314923651,0.16121372840292872
-0.6808540667385602,0.14485421626871298
-0.6459548859293726,0.1787753589552107
-0.6597231955430806,0.14247979973336425
-0.6859765543790658,0.1437277204936696
-0.6725113992188563,0.16165774831786317
-0.6608550128373286,0.1571989743837049
-0.6694198108812535,0.14488301207575288
-0.6633916845759364,0.1579197834474113
-0.6672440146568287,0.15241010694374282
-0.6621235221425326,0.1618064048983773
-0.6767945759691995,0.15954958386936138
-0.6661406800660454,0.15636307656940918
-0.6569530893134943,0.15230896232672275
-0.6562732257518396,0.14825780284482074
-0.6815280563234205,0.14393383147613018
-0.6730455454162001,0.15282067502908855
-0.6788788541526277,0.16787376202544235
-0.6708548003578217,0.17520015724783244
-0.6933341976150547,0.12231921065664254
-0.6757581549511991,0.13865338736175128
-0.6682513429753384,0.17700140882824475
-0.674898604713448,0.16915972271853635
-0.6989910915659631,0.13847147259650228
-0.6950551789760666,0.14599800400778926
-0.694191954509806,0.1358717611031665
-0.6513658163591607,0.18287936615743847
-0.6903863448792749,0.15575753082899196
-0.697426659056683,0.12495829004720418
-0.659936825749242,0.1629704899764951
-0.682048084680887,0.16102012615487568
-0.6954812173638613,0.14634363478304674
-0.6840963199702027,0.12438180191556579
-0.6679108227963688,0.1682337138257843
-0.6755114490174139,0.1625021910564263
-0.6799419281566779,0.13819277339072242
-0.6918610293214432,0.13026863759567847
-0.6838963648950624,0.1314548582533909
-0.6846215362526822,0.13858519940480502
-0.6795247609320113,0.1251929619638741
-0.6607962761080097,0.1511390066985947
-0.6995941831781191,0.12784503484885745
-0.6690752679833007,0.15445934546536882
-0.6889209701156073,0.145939910315914
-0.6900953764141966,0.12146480727217489
-0.6790864914129445,0.13541045025567452
-0.6846626986910113,0.1260386295223073
-0.6792180465994564,0.1405819409467422
-0.6502245404415251,0.1774408231796455
-0.6880180794739473,0.12922463157958558
-0.6802041806196854,0.13811941797525348
-0.6703390561334128,0.1470897981881507
-0.6810167560711834,0.16000600731443224
-0.680404207142655,0.16586433157633576
-0.6999065971368182,0.1326292386621236
-0.6509336001673734,0.162490166855487
-0.6981082058102643,0.14068665505169856
-0.663769945225436,0.16650825599499278
-0.6757103609373365,0.164014983740274
-0.6632150825911071,0.17352346887623366
-0.6826369203066613,0.15133938513128595
-0.6644073754355276,0.17949019854840922
-0.6782277523417163,0.16922101900984662
-0.6832058723601033,0.14397029032560835
-0.6767443763888801,0.16168477698396957
-0.6855333203649533,0.13483247767346773
-0.683724698525404,0.141280608927691
-0.6767981925343882,0.15899861325652082
-0.6800933655608619,0.1454146738362838
-0.6633282260536278,0.14031192029305872
-0.6690704905248294,0.1390601992077884
-0.6720957061430121,0.16572063973767276
-0.6918615889301195,0.14349607512584275
-0.6835675685465539,0.1446792731898351
-0.6683245776881741,0.16967433380858393
-0.6849715657632977,0.16194905044765043
-0.6627764780363511,0.1634468775857355
-0.676726954310228,0.1390983106387582
-0.6629391457118072,0.15424674272043515
-0.6931062564012266,0.1440834210152038
-0.6870620049888136,0.1543056029857939
-0.6678646186086902,0.15146012652033466
-0.6459942295780841,0.17152202360810018
-0.6704698899637298,0.1312647600813651
-0.6715221968685832,0.15664544781277456
-0.676926072799099,0.15922178047614932
-0.6988601504765797,0.13462094890940135
-0.688316695157423,0.12982836386504237
-0.6638752273615202,0.18429420435503258
-0.6515639555053546,0.17711406778888966
-0.6646558007250489,0.13949548700931907
-0.673532733147151,0.15096063222035394
-0.6804801730343432,0.1364359036428116
-0.6710568751861823,0.1732215669858725
-0.6785879672093194,0.13593748629362712
-0.6924834428249225,0.1483095437575908
-0.6769089538749272,0.14157714480845132
-0.6678651807517438,0.1630125988066715
-0.66200612423003,0.1656719258821211
-0.664623141170533,0.17290824515163303
-0.6867187537227656,0.14817069120337292
-0.672199494252024,0.16089646248276757
-0.673676277043716,0.16327515472044485
-0.668284078472207,0.15945090061160827
-0.6958936765409381,0.12734062766913562
-0.6592726438428917,0.15659397027698121
-0.6453890055487425,0.16989311651091105
-0.6651222210204623,0.15765573614283376
-0.6654623787399139,0.17527100015216304
-0.6669553002417974,0.17369933199271648
-0.6575191258870348,0.14807260489616025
-0.6894943223856154,0.14528769286230492
-0.6950188787167263,0.12946243499786497
-0.6759092193103605,0.13922708636636047
-0.681496015483395,0.16497230472781238
-0.6740009340036172,0.15369591401923155
-0.6626119807914803,0.1769360672724878
-0.7003834364673062,0.1279598425210194
-0.6752132123879089,0.14447212130671286
-0.6671513263433907,0.13633133968209435
-0.6630340717065212,0.18521689798688928
-0.657350619152411,0.18225027722647685
-0.6626966563470503,0.150241792984154
-0.6677583096360721,0.17687329588950873
-0.6854976957776908,0.14701804908532343
-0.6576898076049701,0.15402176952008637
-0.6551162281297681,0.188529182518886
-0.6624669893758418,0.1845482621893595
-0.679209035032384,0.13103994746105166
-0.6650217507470843,0.17336444267986945
-0.6739875216278064,0.16284024875800898
-0.6695228221564513,0.17491072023373472
-0.6721270979835338,0.15962527422886524
-0.6558499574110421,0.16450888060881813
-0.6807196299126399,0.14591490001566823
-0.6600300439682831,0.18328752009120527
-0.664106284480757,0.17611465686545277
-0.6764836280945762,0.14370290875543135
-0.6481644359813968,0.1803379561306982
-0.655524843286162,0.17341020658736594
-0.6788046587300283,0.1676789260231753
-0.6784536270196614,0.1424464067083456
-0.6717274512627028,0.1588162209006723
-0.6617996376276657,0.18397321450262805
-0.6832967278657385,0.16272889842908153
-0.6819626691686655,0.14886849381539113
-0.6729656708155158,0.13244489940111553
-0.6875245845633514,0.12891402112102957
-0.672504941642804,0.1620172898646438
-0.6938151011360503,0.1281317328587625
-0.6841912976811624,0.12450194057711521
-0.680567740596886,0.1461650294236725
-0.6843568997283428,0.1547525443306755
-0.6701434903358952,0.14905301913631613
-0.6566644933907165,0.14818889122986506
-0.6867671914861981,0.15579008773606506
-0.665130909973275,0.14025990845395614
-0.6655636875713761,0.14246820703925206
-0.6529061065810073,0.18211945984926922
-0.6860027055706658,0.12393563586095313
-0.6695180519845595,0.1462436848407891
-0.6958402774711366,0.13588347071164292
-0.6793112286037852,0.13581465634851342
-0.6953589694152976,0.1298953341428234
-0.665056550876632,0.1548076186392611
-0.6737348194988504,0.1469507889065749
-0.6865154274551714,0.13295604238785944
-0.6699829893296957,0.13707596893291044
-0.6634044225536081,0.18018087033254357
-0.6672125025151603,0.13629020129407649
-0.683439729414354,0.12400944514579557
-0.687617825660231,0.1378980039448889
-0.6822184391593173,0.1540606612656187
-0.6950069091701269,0.14298329447655203
-0.6818146983041361,0.13640846428765604
-0.6910576430948302,0.14019673664347646
-0.6580642089396826,0.16427496966794602
-0.6784571779402019,0.15741553989018403
-0.6801505680315088,0.15054158927201475
-0.6486890511377263,0.16700096424528144
-0.6854218583740048,0.14985280975054993
-0.6802156428591811,0.14403776663431334
-0.6601428402181208,0.18763248107842243
-0.6977601825497611,0.12550204587752534
-0.6700032960729242,0.16357604415428764
-0.6781444280084924,0.14974126761841738
-0.6805701457772851,0.13902345592419593
-0.6564462409263959,0.17121895365363538
-0.6932183541470148,0.12298252524058892
-0.69264591188019,0.13445935432655673
-0.6882384928003472,0.14489270329612924
-0.6741331892102105,0.17307080473035227
-0.6595733002286667,0.1598470062078535
-0.6904254591623541,0.1266110644139299
-0.6670989003745373,0.1375781552894605
-0.6874922568599126,0.12728499908870472
-0.6603848305608715,0.1631907625363259
-0.6738430158411076,0.13402863036449278
-0.6890626308958799,0.1396897187901598
-0.6852498360433258,0.14276615560859648
-0.682094750998571,0.14079273935126388
-0.6920377056021068,0.12507961693751354
-0.6669256833332516,0.15135098125057486
-0.6903997774520821,0.1169090631304947
-0.6765932543735778,0.14975444921682832
-0.6721229588839578,0.14563455277988635
-0.6695603555916437,0.14589411151070436
-0.6739385438901301,0.1471367764207159
-0.6648796871868888,0.14767190334716404
-0.6698301691429572,0.15645510367906684
-0.6858729673126323,0.14428367377073428
-0.6678159904959539,0.16360111504788405
-0.6662929240431839,0.1661526350117011
-0.6683457699188117,0.16457845182729175
-0.6556447053144291,0.17802603222595212
-0.6752465626383926,0.14774350043096252
-0.6789941850908643,0.13685204136623874
-0.6703465116333114,0.16244876201381456
-0.6677242674122228,0.13660653507190698
-0.6682866721571044,0.15088295667383708
-0.6757716944910418,0.16175694449856656
-0.6925981047411678,0.1185727848634379
-0.6593897053977107,0.1550514045353019
-0.6807675572327508,0.13541321707172127
-0.6695907848627973,0.17246316151460467
-0.6532665285753408,0.1804260792845843
-0.6670501047677331,0.17813910042045247
-0.6861688421762488,0.12041227972160351
-0.6772719674751003,0.15787584086964426
-0.6799076694830797,0.1552044173382726
-0.6594568622899053,0.1569355679959156
-0.6668123739302454,0.16154275709283689
-0.6678492773124791,0.1344348319657823
-0.6763811112837766,0.13222940306964628
-0.6802639449637372,0.16822801918175057
-0.6648565614807622,0.15365537305806096
-0.6578140191481923,0.1564408190991111
-0.6676429871125841,0.133693674371475
-0.6473899420772058,0.17897259392131604
-0.654160034070714,0.16007933375284028
-0.654814731117545,0.1865283230834603
-0.6581235121456669,0.17664801963278212
-0.6953909594430794,0.1265788744409491
-0.6825170373817387,0.14706185256470922
-0.6805454081919478,0.13638030150243316
-0.6765138010050514,0.15905293119368774
-0.6559159239597613,0.16693648203744849
-0.6610271919036111,0.15339954965067074
-0.6677448795850962,0.16571121614390855
-0.6662359259511283,0.16546580431519065
-0.6774224115696704,0.16602761393338777
-0.6774874672414959,0.16852849722113694
-0.6729591396204382,0.13079028562547168
-0.6701493491369064,0.17594832644071867
-0.669667301571507,0.14497010197191423
-0.6911300062804245,0.14155402037982823
-0.6529230069780555,0.18834279684071376
-0.6806900404456124,0.16439481971440548
-0.6899480414959025,0.13708833200495568
-0.6797403591455999,0.13802160514357786
-0.6569255161005769,0.1508985055056536
-0.6675219181591006,0.16855904011023756
-0.6818070048191616,0.14285687982312764
-0.6866710397485738,0.1356028357161501
-0.6888427328696486,0.13222628066780487
-0.6584845776167397,0.1569468858145423
-0.6690648574245143,0.1768604389853692
-0.6868246136820049,0.14887542496727926
-0.6752224371912398,0.17133413518991217
-0.6712400661419391,0.17309524770703696
-0.6658919727469493,0.1538546345695448
-0.6721943655336338,0.17261192606031267
-0.6831769317666498,0.12750874477103802
-0.6630792053018948,0.18355263377729472
-0.6588762916848612,0.14171729130818614
-0.6801746838507925,0.1282314092967369
-0.6557698235574757,0.15709475903201078
-0.6594125476236283,0.1569855336586082
-0.6827271392969414,0.12531840703266325
-0.6841732438405018,0.1639306850020645
-0.6591927435463741,0.18872476983181488
-0.6721866460286757,0.13587597436399065
-0.6643162416386119,0.1601563239165499
-0.6585576310591761,0.15371283392775079
-0.6535594763756762,0.16752488138454114
-0.6545046729764185,0.1594453158399151
-0.6746582017639203,0.14018097038274577
-0.651263905805343,0.1761527556155433
-0.6859961811019055,0.13030369322122112
-0.6610326787678771,0.1413409636168901
-0.6698816628167139,0.14779088993969103
-0.6743877495345193,0.14529787339107864
-0.6684289303289372,0.17426973829335618
-0.6629242561266727,0.16607712536049385
-0.6851455827016995,0.14041840007777007
-0.6804835523276208,0.15625170417403603
-0.6808526527007999,0.14338242135214269
-0.6566923753823033,0.17525985343983655
-0.6999376707439883,0.12416562226441942
-0.6711416189928338,0.16191566406248253
-0.6789879655546224,0.1265450902283782
-0.655638403387061,0.17928956382629993
-0.6983413459508793,0.12794796691806562
-0.6807629810634854,0.15019892122712838
-0.6808726886854172,0.13452001234265687
-0.6880129032313632,0.13896307418904055
-0.6480503196561425,0.16318564105521158
-0.6956001882323803,0.1272743407303583
-0.6719713765567097,0.1388917163346236
-0.6800499495117625,0.13422594974934374
-0.6880388999800309,0.14162173955246846
-0.667979531901336,0.15440515489876147
-0.681396204539867,0.15339482836916865
-0.6768654085658439,0.13151087540821332
-0.6609509862835575,0.17461722459576987
-0.6871817506332525,0.14575069704766758
-0.6792232934986168,0.1452550288208586
-0.6885632130638484,0.13329775476590922
-0.6499577899467406,0.1871672223015451
-0.6652044373766782,0.14585934470666556
-0.677464199587261,0.13635367218974226
-0.6549814187179691,0.17708125896453542
-0.6632007713760653,0.16664341614306744
-0.6668201317403397,0.18103291953983122
-0.6684520340536941,0.13668158301035968
-0.6891712766532951,0.1469853793502862
-0.6634400010966531,0.16734585552539682
-0.6431212987110648,0.1872241752664042
-0.6819993590446594,0.148936484487407
-0.6653794426327394,0.13678202114008142
-0.6594683775413805,0.15452864390438142
-0.6715804858769613,0.14363466049529172
-0.6725327209669187,0.13339598343284567
-0.6544305604254806,0.1751021265667496
-0.6726426895786216,0.14914366709622598
-0.6731865449602796,0.13301832542914827
-0.6680817228048788,0.16844855380992987
-0.6717258388735433,0.14606766502910895
-0.6513872809519928,0.17222530826398064
-0.6616720033239485,0.17060507289928997
-0.6762881220633206,0.12924606705179423
-0.6579445493759553,0.1498139410904312
-0.6649922023839953,0.17558143025031728
-0.6828524007029267,0.15792666097241387
-0.6705124451621862,0.171295325121235
-0.6787128425623383,0.12752980687087062
-0.6547533248191412,0.18084873432056303
-0.6823581783150268,0.12558946409850189
-0.6801747581206876,0.16092935653837598
-0.6706146814575955,0.15389179766556607
-0.6735423089277229,0.14757960573253004
-0.6823079474145072,0.12586044108687072
-0.6872183212754914,0.15584785175798485
-0.6778482233644962,0.1587009483114136
-0.6641681629640284,0.15808526781279295
-0.6706041728305635,0.14929769299453638
-0.6585290308820891,0.15506722213718854
-0.696361161156333,0.1304634035854139
-0.6697927079314189,0.15396891911396002
-0.6730246517264908,0.1548151767287921
-0.6645974203133579,0.16186223313456777
-0.6719120581309972,0.1618021311314529
-0.689145510740135,0.1414561297501727
-0.6575597623683015,0.1672032540170311
-0.6606639958954802,0.17963924460002476
-0.6720449130480963,0.15083537409917902
-0.6550529427264422,0.16273679355659293
-0.6816459897775328,0.15635437266355562
-0.6850882870020752,0.1327455284472454
-0.6714969189979397,0.17406965313588102
-0.6860358702418522,0.14868626748247538
-0.6711722589705903,0.1402862159824402
-0.6539546752855275,0.17276214549105925
-0.6765319847027079,0.13042251060257534
-0.6927058905894813,0.13041401538741648
-0.6744118336490109,0.13537108115817206
-0.6839500359815675,0.15849324495998968
-0.6734583121719164,0.12871716225421362
-0.6601633357697377,0.1741316103499995
-0.684878002020358,0.13437245390305672
-0.6977923844252977,0.13236389243306865
-0.6829299657868069,0.1338928780376775
-0.6641995323307008,0.16234579915886532
-0.6816127091626331,0.1611970012705762
-0.6598634983952552,0.14593025026181192
-0.68524262895318,0.1455364033002151
-0.6645192246229142,0.17154149320634415
-0.6832074111423043,0.14137227741302175
-0.6667047264940194,0.18068844302543122
-0.6592153779022383,0.1891575854823478
-0.6805523830708564,0.13155372783280964
-0.669177021624276,0.17402889955793802
-0.6649744959546428,0.15781629034580524
-0.6690010985080617,0.16347581861893867
-0.6658530354647927,0.16559623784853422
-0.6739365069561751,0.17547964717559195
-0.6791168294817475,0.13641177197542173
-0.661960026307044,0.1434019480127324
-0.6648921963714033,0.16716037159641667
-0.6545299045138047,0.16234902782638586
-0.6690600275309487,0.13665611180217122
-0.670781350610665,0.15111951867484275
-0.6665970100102437,0.18236475016457704
-0.672077497150936,0.17522097335564663
-0.653137757916208,0.16516267791105776
-0.6600253390702766,0.15055165111719165
-0.6778011921334784,0.15158698833693898
-0.6928906746045276,0.14352510345623853
-0.6745789100336806,0.162117076160354
-0.6590922992731686,0.18428843420809854
-0.6573299083392816,0.1564176463902308
-0.671745738644449,0.17432031717038987
-0.6801018399450804,0.13609486478844793
-0.6621100230922667,0.15776049755359023
-0.6864194655648331,0.13604472134683687
-0.6846172609160277,0.15004208164544053
-0.6945428866570312,0.13901500209189407
-0.6697533857699715,0.15007958562920362
-0.6662259579154302,0.1687293521236682
-0.6922311570524106,0.12738107728883322
-0.6448745025176298,0.1699700697809584
-0.6632104730808287,0.15932384850433648
-0.6686884086335876,0.15039015768879815
-0.655696464317879,0.17883347021829268
-0.657148090998804,0.15315447259650114
-0.6657770873583481,0.16316533694641208
-0.6807533011503447,0.1308531893648231
-0.687716854146796,0.12983382401426594
-0.6926740505640374,0.12678544892329807
-0.6685847721722532,0.16812699600883826
-0.6928248680565285,0.13081215992679018
-0.6897311448616626,0.14512026218063384
-0.6779535251660828,0.15065073123055586
-0.6578422048316378,0.1486441561948973
-0.6925786667269215,0.14324172744482333
-0.6761481815084229,0.15373988587327975
-0.6766039781121868,0.13818252536588743
-0.6479942519356784,0.1830089345238529
-0.6738640639544389,0.14531382562758752
-0.6705359931909507,0.15833876565225047
-0.671993379692148,0.13258367294126774
-0.6700543253549898,0.15103812654617266
-0.6839313218540238,0.1469296783663207
-0.657121002577123,0.15492630881260755
-0.6672732598771713,0.16880764323945233
-0.6686215244556002,0.14983735368752385
-0.6793576247538173,0.1416043319275128
-0.6532841742196454,0.15959558586183642
-0.6781136621520554,0.17068391476237804
-0.6793969646375582,0.1452239792595416
-0.6975909639484349,0.12958470798722366
-0.679522356030802,0.14652490812752933
-0.6804744992547896,0.1327947261133524
-0.6560852097778715,0.15661949130233505
-0.6932432443835741,0.12955210238204906
-0.6753876479509694,0.15047967985624122
-0.6881545941286367,0.15693761627999267
-0.6749450603987681,0.15437241904831228
-0.652055469322809,0.17223341329354483
-0.6882775680845477,0.13900458798572696
-0.6448400360659744,0.17718219895788026
-0.6635526601398022,0.15340628380310203
-0.6736470786365071,0.16915157388628713
-0.6708109539384749,0.1639092744421688
-0.6755678451034397,0.16846601969489278
-0.6844066825492834,0.14471709982822062
-0.6893787007151161,0.13816978475242514
-0.6915071136870075,0.14231722834818453
-0.6746336151636055,0.15376219318301404
-0.6511849408536455,0.1740054145730193
-0.6912137359724563,0.14835700981471245
-0.6789337530814866,0.16391374659507366
-0.6603620844699114,0.17308403491425378
-0.677574785979845,0.16053771789999088
-0.676226727904836,0.1441687590886051
-0.6748850185610055,0.13663877992072357
-0.6771938196596293,0.15500888424027973
-0.6632447344248413,0.16410208569955256
-0.6700077347938722,0.1570484571800701
-0.6575387485996449,0.1486071291433243
-0.673013965340934,0.14299149585259358
-0.6968572378440561,0.120844006177011
-0.6729132317038689,0.13234179112854683
-0.6579796015864008,0.16633581852907176
-0.6819286219944793,0.1349684757021769
-0.6815363701173369,0.13440151195958164
-0.6528526369393843,0.1804230097813354
-0.6577153095318871,0.14222296269831006
-0.6747274660821185,0.16549892297451324
-0.6837602702793143,0.14645289112399834
-0.691278411278258,0.15078726475874327
-0.6895899310089325,0.14384499235103707
-0.6866106757854601,0.14010897346174106
-0.6912756112410898,0.12049095272287311
-0.6940868419557499,0.14727794864290472
-0.6760723563280436,0.1657806510330248
-0.6641048773056328,0.18196882649493495
-0.6772894386343724,0.16567927466013235
-0.6639459969426901,0.1508835824805359
-0.6859848518875197,0.15865232974897037
-0.6648175857221503,0.17110088328024872
-0.6505476379049501,0.1809367978347846
-0.6878611123733993,0.13232767327944786
-0.6624113117994782,0.17179738930600014
-0.6621553902303873,0.1774787139323999
-0.6692469915584879,0.17460936608715502
-0.6754646427012956,0.15573162198252963
-0.6923298265216029,0.14151237457497906
-0.6762103181911384,0.13952981656584187
-0.670760787834286,0.15034020099057888
-0.675780437305413,0.14916738248962547
-0.658248996188017,0.1718594212747206
-0.6712333449955372,0.1597623230574918
-0.6698343339766608,0.1321318317302488
-0.6889530749682671,0.13912833517028542
-0.6800693714555839,0.13167530293707158
-0.6681134313478261,0.17478900607477763
-0.6775147198421202,0.1360091424847741
-0.6851371301361031,0.12955422720581994
-0.671343063096752,0.13924944175436468
-0.673915674203807,0.15377801877242417
-0.67108032847434,0.17282253942854223
-0.665089800821538,0.1801607528616337
-0.6668016473628404,0.1429416935268381
-0.6862915516204695,0.13012001049372832
-0.6666488787453437,0.14816160658471564
-0.668208811911745,0.14256362315991855
-0.682509062519434,0.13953336329972993
-0.6811975824603321,0.16117686054029612
-0.6638499914671603,0.16755563556981157
-0.6926521164350249,0.1389193822244816
-0.6717154864972389,0.16348807169172164
-0.6531429108713114,0.1756675343923593
-0.6688853913475823,0.15398544460725772
-0.6689169955226016,0.1515832427878187
-0.6916150003172372,0.13547972229896338
-0.6984753940096436,0.12663041410634224
-0.6780449666676328,0.14653399305751763
-0.6706643396053263,0.1452526563513152
-0.6644564369214333,0.17688593451403448
-0.6882078091531146,0.12218604498373986
-0.6654378886109298,0.15213117095508422
-0.6736968447638333,0.152474664640585
-0.6691567179594343,0.15043913042023893
-0.6547175110054451,0.1832841949100521
-0.6904397960605072,0.15322978821595665
-0.698738126608319,0.12934635383093163
-0.6676526338300797,0.16132974557871602
-0.6644257456413453,0.14199958446330305
-0.6701121799510066,0.14326548445623954
-0.6598936806951919,0.18402010068627225
-0.6651436872729029,0.14851323934281938
-0.6819242059567705,0.14340984165849469
-0.6531132761527408,0.16880892003069276
-0.6630135507984192,0.16549419456813322
-0.6882613105937727,0.1266447157192168
-0.6567600460793431,0.1589921945642748
-0.6590064230096847,0.1768482148916632
-0.6853932607694565,0.15730483434685844
-0.6972208984376301,0.1310080957613087
-0.6778292595688701,0.12993889711183884
-0.6758703344643368,0.14992112670348387
-0.6601023397613188,0.15017010570333186
-0.6922239011820949,0.1400628308835188
-0.6632163240574823,0.1425278303755957
-0.6725231571748959,0.15142626389304747
-0.6594490258971459,0.15646976993029235
-0.6734244207452397,0.13459208250964602
-0.6716869971450188,0.15807770469735952
-0.6840526090625209,0.14472400993185414
-0.6921501383725192,0.13487428823120637
-0.6629109794740781,0.1763292993468225
-0.6612504382261778,0.16386978239549482
-0.6606140913716138,0.1437004762183525
-0.6648022997898827,0.16174559592975749
-0.670548709604473,0.1690546994938015
-0.6718319818910178,0.15959294729448362
-0.6612603140408078,0.14503206494171728
-0.6841903270724818,0.16260228031458562
-0.6694923566636879,0.14420026357696508
-0.6651401868210345,0.13939020243908085
-0.6685603787077522,0.1661283558555339
-0.6813955911475715,0.1461044774295942
-0.6649033428797352,0.14549857113883205
-0.6725530741168002,0.17321887950645007
-0.6542544387690312,0.16063365770021082
-0.6945642503404845,0.12978146183756495
-0.6594956692108751,0.1760684157895114
-0.6735203303101919,0.1395772478150106
-0.6897450569757874,0.12908628330856528
-0.6743669720400054,0.13722176257828148
-0.6610235074751973,0.15738281771330015
-0.6838365750190912,0.13610764281108864
-0.6783315178151499,0.14454958201982412
-0.6714293786563518,0.14413017339470185
-0.6698919347855143,0.13472571385791818
-0.6510272864480903,0.17858378853915233
-0.6822104966158251,0.13456850554554212
-0.6927174892302079,0.1215969775663301
-0.6739685631408276,0.15968184844725147
-0.673857562997199,0.17142206188787576
-0.6802017167320132,0.14967545287937614
-0.663759553349,0.1820778283188942
-0.6846562362099028,0.12492150883035807
-0.6762534961627774,0.15076643825670996
-0.6928161272231379,0.14897396914746144
-0.6692862243499366,0.16776530713388418
-0.6641088550161156,0.14692342888101492
-0.6675927355935534,0.14296719387601697
-0.6941979175919709,0.14324388457417678
-0.6632517253116704,0.15722182854899447
-0.6505719926386535,0.17286808244410512
-0.6898716738683195,0.1429585612498831
-0.6653461577885834,0.140201613167139
-0.6725033093482992,0.13943758942166126
-0.6482589114366409,0.16928073433115093
-0.6765701546306047,0.13049336833783168
-0.6701408154731129,0.15976118609434228
-0.6903786236026673,0.14088691381713667
-0.6931380641520687,0.12330182565600345
-0.6728106935176655,0.16908476406976825
-0.6550587668503506,0.17434170675487354
-0.675933653677209,0.1529344399804573
-0.6747388095463618,0.17295295910069092
-0.6542284931085167,0.16427936515700717
-0.6844368168514657,0.14774431494504214
-0.6551098761696753,0.17320781934839163
-0.6766271523209674,0.1289068074887167
-0.6672556329389966,0.16488183524695735
-0.6711644431751839,0.1392077630335711
-0.6821268864295351,0.1571432613460382
-0.6947827694095753,0.13446749740417538
-0.6758640838693063,0.16211036323409928
-0.6579679565478421,0.14966414946701193
-0.6898839982575125,0.14690829895382612
-0.6756431809112454,0.15643244181414084
-0.6772497974713505,0.16354677732784528
-0.6706679715760641,0.16203607404811085
-0.669342506655751,0.15946900662789784
-0.6697468562588519,0.16666031767955639
-0.6718434749545515,0.14340671506315075
-0.6573487507621155,0.1543009465432289
-0.6823452133979763,0.1587898650727011
-0.6805495631721482,0.13210844059571908
-0.6655103319603293,0.15927536441155746
-0.6772123960844245,0.14990211338749868
-0.6802822953307477,0.13165424209129392
-0.6827184747750743,0.13015526016201434
-0.6738634160952213,0.15580989799686457
-0.6890430133422412,0.14558877402251805
-0.6787892512607756,0.152829820207939
-0.6680568911425102,0.16811296285138738
-0.661089021701276,0.17843182138859018
-0.6837509142756512,0.15929984152770169
-0.6782614105328508,0.15123266843047534
-0.6650981953240482,0.15644777771650895
-0.6756374662724598,0.16644600871764828
-0.6863978080014592,0.14602483998214533
-0.6783871552900111,0.14825384270980968
-0.6934606568409487,0.12999848049204016
-0.6729324022796788,0.1440551209745822
-0.6884123108091447,0.15504942070207145
-0.6638236519935635,0.15490933181509908
-0.686603312714024,0.1397408421811118
-0.6920361881911001,0.14430596049206454
-0.686910365516074,0.12384223454883019
-0.6699145231874352,0.13823549495179022
-0.6679954182063532,0.1688580927987056
-0.674257144834799,0.14275980358600912
-0.6571315959151873,0.1833157299584709
-0.669672282553202,0.17304236390998054
-0.6854676506239746,0.13283717686274019
-0.6981522726213896,0.12889205232723372
-0.6855277578301789,0.1461701037247982
-0.6490585153066932,0.17094144849175275
-0.647912037991968,0.17229453166990522
-0.6558670096226754,0.18337462884072467
-0.6640348786908797,0.1770188366146943
-0.6681195831601372,0.14511775959437762
-0.6599401739936359,0.17416925305497058
-0.6750846280964292,0.1429534008404924
-0.6689503753944909,0.14129189920983803
-0.6753550791166606,0.1539975293039274
-0.6782237385779495,0.1523088788154849
-0.6545394714502603,0.17699740055834887
-0.6762438996947184,0.141709083198867
-0.6936100272553243,0.1320087096280734
-0.6689679032831837,0.15529128335700196
-0.6935858956337961,0.14171974570203338
-0.6620553292909607,0.1769145549759797
-0.686730200095065,0.14357487557827217
-0.6694390464927142,0.15102087196274078
-0.6562384865106937,0.1592550205076533
-0.6782816084071708,0.14643886429210903
-0.6611041451556321,0.16496612792233736
-0.6783681067757663,0.13813173946145563
-0.6588465442913854,0.15706521522464809
-0.6669530806631407,0.14656145725710654
-0.668094500552595,0.15971831464036654
-0.689149084109828,0.12357270373007775
-0.6674703922568419,0.1738067481332268
-0.6861466853548946,0.12684021081342273
-0.6847383275460345,0.127669975948966
-0.6800141959129788,0.15611329522172296
-0.6715225598533378,0.16389312817552854
-0.6614370665530672,0.1867790417330464
-0.6614652577855402,0.14306078377619666
-0.6838706070018269,0.16156067067503652
-0.6860079673883982,0.1261967257263018
-0.6637144672562775,0.16050507647845308
-0.6524624059616448,0.18487166915788314
-0.6770263575519346,0.13907418522717052
-0.6511348981459777,0.17239363672265107
-0.6597658461024942,0.151710215375037
-0.6814118118423946,0.16136889114354414
-0.6806200589691999,0.1305719740489087
-0.6812970519825817,0.13323750393245687
-0.6761026599506788,0.1629414036186955
-0.677442116570761,0.13708962925021448
-0.6757440615504258,0.1519073509114036
-0.6763553766474456,0.1498918997809916
-0.6753670107809733,0.14730198442402095
-0.6754070144103516,0.13200138327765334
-0.6707474031376952,0.14031645966818007
-0.6739838726363037,0.15477854554728296
-0.6722274244771561,0.1562031304940393
-0.6761398049107412,0.1466607309840348
-0.6630361036448491,0.1430308441063168
-0.6772250505020253,0.14793510007306487
-0.6828716120569245,0.1466925907852235
-0.6664667109831518,0.15660879454956667
-0.6599389679829639,0.1637366514415084
-0.6705259635178366,0.15250265575165306
-0.6449839359195897,0.18144724103048882
-0.6824203084058386,0.15655507985231212
-0.6780880523150686,0.12624907765899993
-0.6765586137324611,0.13691699304311583
-0.6702583981029725,0.13269363935650827
-0.657551124312775,0.1774295552336266
-0.664961322257576,0.1443479508522878
-0.6905022493787037,0.13727627101855455
-0.6627614809480579,0.15901604798136731
-0.649609437000578,0.15964245285296114
-0.6771719627302603,0.13513497637551372
-0.6693633813984112,0.14720458879323323
-0.6697362890330149,0.17023771394050088
-0.6792738968810801,0.16826008593464106
-0.6691397511095224,0.1681944972587687
-0.6607775627053444,0.17234096706955884
-0.6778881738057443,0.1404577362465291
-0.6753562273083726,0.1582997762968233
-0.6681116360568308,0.16433360146087214
-0.6613879272357877,0.16383548431289327
-0.6644201890122746,0.13954470046313117
-0.6724782775951008,0.14928612256243518
-0.676812067694819,0.16510825601439674
-0.6727062609916628,0.15629906342070843
-0.6761802983486664,0.13193724946661214
-0.6587836941441284,0.15214975622245872
-0.6768812839766648,0.1327061665054727
-0.6823499451378268,0.13683783892717516
-0.6812362380285546,0.14699681554314314
-0.6680106135259948,0.14675434304304405
-0.6776091077995953,0.13157853599159208
-0.6665546568517885,0.16641059064735206
-0.6727107053830261,0.1416323791853893
-0.664177339775031,0.1636291806145032
-0.6842032958680859,0.14090396039867156
-0.6696161713064613,0.16584787479717955
-0.6713333400513178,0.1395615090034626
-0.6705306841088937,0.1761243585778067
-0.6720635232896516,0.17053540633312458
-0.6757932725236647,0.15066296514426655
-0.6585414403792851,0.17757673801606938
-0.6747034145078457,0.13401108012712243
-0.664858947231543,0.14942184892701826
-0.674958752717438,0.15139788062705828
-0.6590711622687231,0.1651441356036757
-0.6748089782333453,0.12908887254193058
-0.6552516678351382,0.14957457401427462
-0.6823854136842098,0.1288066161459812
-0.6687216642927236,0.1386271179262899
-0.6532636516460495,0.17783385226393353
-0.690880033441167,0.13941669508759094
-0.6890025556507023,0.15278390111117732
-0.676071754127364,0.1576784726294848
-0.6703031779329852,0.16986084101911647
-0.6725025576950543,0.16453063138976778
-0.6715611714985406,0.1593478075497499
-0.6498704527187331,0.16314544486798374
-0.6709441617957543,0.1762331041971543
-0.6657190953081724,0.14511473916222212
-0.6791178517002362,0.1438997545513195
-0.6642625706372742,0.1762671859599522
-0.6576312447614331,0.17862917097722997
-0.6891608503974765,0.12426332724733939
-0.6739164132875224,0.15056541635346476
-0.6566355866473268,0.1521765410294567
-0.695569518147976,0.1380864328308192
-0.6778394350203409,0.1370414113166888
-0.6529511976881647,0.1877608570968656
-0.6793628718465886,0.12691290069646244
-0.6675224441978751,0.16143117082898312
-0.6705037799026016,0.1347107014540942
-0.6816961591435279,0.13035580907328495
-0.6676213256741095,0.1538999094100864
-0.6883461321785531,0.1237240837977852
-0.6769586034554053,0.17080324596525012
-0.6851421498654101,0.1459591985470435
-0.6635877199475734,0.14425030082508636
-0.6697022498767004,0.1546778810127864
-0.6784994642411998,0.15738374165463426
-0.6855587437005373,0.13190959243940154
-0.6703434472506183,0.16773305593311794
-0.6755017201909722,0.1309763231638656
-0.6596695673738453,0.18071670119796535
-0.6824044399030861,0.12693579649286116
-0.6854781170969011,0.13657178489284072
-0.6839530106349491,0.1416824028977194
-0.6940840701017897,0.1291261247012306
-0.6725397588660273,0.1554545871302372
-0.6773983876071977,0.1516091720045326
-0.6825473981578379,0.1437150717040415
-0.6561994597469845,0.17921739805858355
-0.6662210358482191,0.15218523034759718
-0.6853901552292346,0.13327703297033316
-0.663920834088568,0.17461235596310057
-0.6527870729446933,0.1718874069852108
-0.6713249993723939,0.16051530865872685
-0.6587550628890724,0.14302622637739387
-0.6779410797354203,0.1524887469776497
-0.6812825529344344,0.1290988061883371
-0.6623333356087814,0.15994827572098513
-0.6782291688568054,0.1577268725092756
-0.6963314872471474,0.12371785974035461
-0.6841484212243201,0.14689187359812803
-0.6762730804833827,0.1731089332021546
-0.6500672290261176,0.17764698924495037
-0.6698059476928757,0.15114913456205673
-0.6843310072504375,0.13177357453732932
-0.6676515248846027,0.15864936270207125
-0.6890291422447784,0.143368330062591
-0.6728981990281355,0.13714602627401695
-0.6739669670734534,0.15426015414269978
-0.6594295937580649,0.18717718703873956
-0.6650066165179561,0.16777938954799654
-0.6749084898725283,0.12891284892928434
-0.6611259265222831,0.15348665368271489
-0.6764766712592918,0.1669356404238701
-0.6738476587743248,0.13832994216795244
-0.6833360157060732,0.1578700473025158
-0.6563662428082905,0.1605888701278238
-0.6933586698103547,0.13478003387102594
-0.6883612967125338,0.13832894890419628
-0.6731457743843277,0.14836142301379063
-0.6831579616127382,0.15805504217713623
-0.6525294673333603,0.17621766402867997
-0.6854848870054985,0.14666373918326933
-0.6893761992229602,0.15337108783442913
-0.6880056468867489,0.1299039573876101
-0.6549045015592893,0.16596066276036006
-0.6680691793607879,0.17188242756463962
-0.6861723424903676,0.1362131778556111
-0.6734831667837343,0.16546906616961538
-0.6676327459537286,0.14594188748184217
-0.6713804459624818,0.16248899364613148
-0.6758039430659823,0.14875932938708278
-0.6738599822462109,0.1433442007944171
-0.659155967800483,0.16339726196550247
-0.6943341173735788,0.12410512291300067
-0.6919598001730801,0.13399142214495818
-0.6781904816081183,0.1586010270245071
-0.6911001668523911,0.14106869199184385
-0.6667205210830027,0.16467554537999124
-0.6713136350249271,0.17406812802685867
-0.6504848026601541,0.1739583415628909
-0.6912035961116916,0.13552395823962365
-0.6749656941437756,0.16469633292013888
-0.6839399766668619,0.1349560724173943
-0.6782997405912393,0.16519612014647933
-0.6820763520055689,0.15356618483559192
-0.663784888855209,0.14755352838467062
-0.6710958056385589,0.15778550540249991
-0.6846166835757858,0.15279479122067416
-0.6576643197739004,0.16439278408000074
-0.6754019074713923,0.1722670465176493
-0.665468952933391,0.15300002669266968
-0.665821534698995,0.18001369349439314
-0.6763085890903492,0.1548296557151
-0.6750738641715818,0.14982398386469012
-0.6762329610771167,0.15158672298971712
-0.6635295854886637,0.15576742737192817
-0.6623619080535118,0.14769459669640236
-0.6763327300075799,0.15848426743861166
-0.6727713220310184,0.14034461077024832
-0.6737043450896735,0.15499266558836855
-0.6709725445843464,0.16856184432443652
-0.6892792182891777,0.13174657405879145
-0.6773588228915396,0.14753277617252278
-0.6898761492213767,0.14566532533918966
-0.6649536793109713,0.1584959453576045
-0.6581354447790094,0.15062358526051778
-0.6936833953212526,0.14379792246373022
-0.6733937829729714,0.16665864399708985
-0.6755731297596935,0.16144070138383534
-0.6871738942268953,0.12719227018029786
-0.6472475217131224,0.17598687586836054
-0.6543508063953494,0.15081406490440466
-0.6658665771460912,0.1745288032628006
-0.6650637776617083,0.16834706890837015
-0.6861022387887269,0.12640220337702543
-0.6952773782545524,0.1322742998740667
-0.6611590804969867,0.15149143135253462
-0.6682988123662212,0.13769224994904727
-0.664381717439312,0.15248308438248173
-0.6775937731222219,0.14052222309269682
-0.6825017514526387,0.15334046686466613
-0.6646110344159591,0.17356161941334597
-0.6744513312077451,0.1298278509990377
-0.663577017748722,0.17661057395996785
-0.6773112391352244,0.1438862851748687
-0.6743115722431503,0.1422295660156038
-0.6832752104124877,0.15441208367160017
-0.6668651224177495,0.1594859292287027
-0.6487498086664942,0.18295114512044697
-0.6863510098841575,0.13432623038489425
-0.6900700906970085,0.12929144011002303
-0.6706803036699974,0.14086833607922133
-0.6589206956575826,0.17905311013361677
-0.6940096240800271,0.13575408528110358
-0.6645499269980455,0.1409607158258666
-0.6836733668091808,0.12875999538317232
-0.6531543266947433,0.17616706889477385
-0.6951354982954445,0.1404643925061328
-0.6665847422435524,0.14782632839766227
-0.6664577751085466,0.1511544127186563
-0.6918610201010785,0.13859640452686822
-0.6463223463357881,0.17527813291509625
-0.6889131111596499,0.1337431336636605
-0.6952398810302148,0.12617116911388215
-0.6858130808429695,0.1597843400820341
-0.669109693080367,0.1680668437249166
-0.6491422305532899,0.1656864595798366
-0.6767682951203373,0.1566476833269281
-0.656666508165264,0.18181853056826205
-0.6824426907082491,0.12668589450070028
-0.6760586792562604,0.14270427122112272
-0.6563178984226372,0.1778370265680973
-0.6667793237509121,0.17081519428356667
-0.6711633576557736,0.14417859055611676
-0.6603795741531332,0.17600969929358384
-0.6661804884460633,0.1414146132040696
-0.6630993375145569,0.16258999258285511
-0.6804741642905878,0.16448825989203286
-0.6881605271174683,0.1267264655512618
-0.6778189387053818,0.15709225223025386
-0.6922417734278501,0.13681237065686302
-0.6612963787351718,0.17137457761445357
-0.6810593365968206,0.15692921640479685
-0.6531950526333572,0.16846769151816082
-0.6707055556486005,0.16526303480438362
-0.6829929164382895,0.13072260883244352
-0.6571213775177197,0.18692216279197912
-0.6695409924235401,0.16575739890557586
-0.6730858381080776,0.15659658154819747
-0.6603983186718985,0.18372894068193052
-0.6601466007172101,0.17195999633502507
-0.6845464215503518,0.15004228597009675
-0.6696828270287326,0.1561655511607849
-0.6885297942017612,0.14603289299706199
-0.6704537870559797,0.16940814567048593
-0.6899102258222959,0.12290878610895979
-0.663177335497631,0.16867081006549678
-0.6533063869966302,0.17104371900315926
-0.6738212895351717,0.15678686217874746
-0.6537831750597068,0.16005886470388836
-0.6599894909058405,0.15873871329170025
-0.6573383714566654,0.1641291852476984
-0.6892704592590848,0.14532575621921373
-0.6690766145937875,0.17406178601623196
-0.6937405228612309,0.13080157298152814
-0.6572517336296241,0.1659382633591802
-0.6714762098195258,0.133779289882278
-0.6746907691088945,0.15867127133153772
-0.6731710804121612,0.14331357728439792
-0.6732196946186563,0.16279909690014557
-0.6839523392396996,0.15710725162738448
-0.6515454182097581,0.18363762380187615
-0.6894544913405853,0.13774200557208013
-0.6861282608982504,0.14510237055548222
-0.6552289629579917,0.16412787099189788
-0.6723686554985865,0.1415700607412126
-0.6633057487606184,0.16177213560895956
-0.6550975722869657,0.17671947545982364
-0.6835063284850615,0.1442489516902023
-0.6763975239479408,0.14809013025518633
-0.6623224689861308,0.14832960065611417
-0.674931240554444,0.13815477459002704
-0.6906688764068932,0.13022336431392662
-0.676120993684738,0.13006372208748807
-0.6738121805801771,0.15889278663915243
-0.6792169667784684,0.16239661210369666
-0.6828218399781529,0.15201720635349733
-0.6609779864515367,0.17020722909920832
-0.6781777358586806,0.1500068769164691
-0.6772766883132311,0.14706808963485346
-0.6784734802994324,0.14913151752885143
-0.6673584432191402,0.17989671511614272
-0.667448015456829,0.14192464783091494
-0.6797645561919017,0.1264860460958799
-0.6759844039624139,0.15659105071147034
-0.6776384139955562,0.15737035858106152
-0.674339045821388,0.1355943397175089
-0.6878228840559717,0.13487424935521886
-0.6607507734960596,0.17391217405720308
-0.6503149140941589,0.16144250610853209
-0.6736280428295802,0.1370680799473264
-0.6552473428839306,0.15679281848108856
-0.6776089435227661,0.14197645163734823
-0.680498836992298,0.12584108024326537
-0.6746424471787296,0.1576269173972924
-0.6727344369044842,0.17263700777651123
-0.6517881113741476,0.18143923487617766
-0.6936601006029733,0.13082090240561947
-0.6711592555328586,0.14822052856828444
-0.6851034964566124,0.1267111208346889
-0.6882472238091828,0.12956627785491925
-0.6814577385734085,0.13760540533797072
-0.6639257913311214,0.15813855122489148
-0.6847391675962532,0.1343152388842535
-0.674534489402328,0.16211097225390536
-0.6688812873676411,0.1377762103393081
-0.681101073568063,0.16145867615340245
-0.6550613380075487,0.15073985339991106
-0.6507552477784175,0.1799614730514312
-0.6687677438478727,0.1737804353647771
-0.6710385642250019,0.16910755381025103
-0.6545337638693879,0.1590038039317613
-0.6589534539310196,0.16668023205938992
-0.685525035023784,0.1276793886871945
-0.6642483138147816,0.18237888024255455
-0.6680903246798536,0.13900789619587905
-0.6860946921429569,0.15176814862514312
-0.6601296534254613,0.15437195270079132
-0.6854749356453783,0.13795684649944215
-0.65739143220855,0.17589539243423086
-0.6765715850924191,0.14715786394663743
-0.6751566152314984,0.1590155204233471
-0.6854972303365517,0.14361419648888887
-0.6788073899637661,0.13300724978442582
-0.6647075296182284,0.17299839924999882
-0.6645814153916271,0.14310489673817356
-0.6883696911920172,0.1442641574037647
-0.6607187019685863,0.15512612979672646
-0.6912420425338185,0.13701409871376197
-0.6462398175121523,0.17084893335077353
-0.6910845752672329,0.14106118816462832
-0.6547365357805632,0.17765352762178876
-0.673464590307791,0.1534253684157554
-0.6880370713137878,0.1390917831557522
-0.6623677786677329,0.15053848485714566
-0.6911303587318067,0.13902074800461273
-0.6712929336211171,0.1703558187595785
-0.6548050414313137,0.16021002753005228
-0.6596372642023081,0.165320460405069
-0.6801362091404047,0.15974154966804585
-0.6706727896670512,0.16404746465007275
-0.6712691432188375,0.14147128260625985
-0.6537461446606779,0.1676173266844077
-0.6796699296713041,0.14729635068538477
-0.6647128795549483,0.1725669885501197
-0.6714666281327021,0.16780340429784238
-0.6911462367084034,0.14732924964619398
-0.6740403866638665,0.13428847065209548
-0.6696325945566335,0.14413146942931832
-0.685140239889401,0.13160495109268766
-0.6627528532634765,0.1641768761538522
-0.6685879395235065,0.16452491527175994
-0.6603451868227619,0.1756412264144111
-0.6693277295925593,0.1711314998873317
-0.667632999762227,0.16855773102355232
-0.6774083421636885,0.15463000294810425
-0.6574438576024608,0.14841726732428276
-0.6716135462060021,0.15109141599846934
-0.677527844413208,0.15817536118539724
-0.6556461786332946,0.1656416872180981
-0.6796592173367393,0.14030356415883555
-0.6615279089379471,0.17205643009699573
-0.6746886222269369,0.13403184411456462
-0.6647579155375789,0.17084875243775136
-0.6765064692739213,0.1592660245083065
-0.6767624138458157,0.16999007959547197
-0.6843226085116523,0.13757146297877115
-0.6816182354863142,0.14258816578868877
-0.6576296509640593,0.18025866479514327
-0.6676851163689674,0.15833620775767368
-0.6954623441979066,0.13103817369516094
-0.6900520278576971,0.14168419004869293
-0.6591007433929816,0.15923296051069596
-0.673561463179653,0.16125685550484278
-0.6639000873503655,0.16678414488538995
-0.6725088867699531,0.1458923873358316
-0.6521845675876495,0.1696240332990732
-0.6834759859382114,0.12762662850460485
-0.6924409193120841,0.14646746096498187
-0.6508312452610792,0.15582446796438976
-0.6723828152286987,0.1423946953549931
-0.676994881836212,0.1620678103958708
-0.6507351972053985,0.15939954247423252
-0.6726328001933373,0.16116091261468243
-0.6664742453008041,0.1781013013350279
-0.6671725091994628,0.1505727499537411
-0.670615346466593,0.17180773326179086
-0.688359722467432,0.1388037868837453
-0.6723265343111516,0.15707900713681375
-0.6732149016498217,0.16520601423705342
-0.668187250920338,0.1420955196962927
-0.6838893130139531,0.13873234129530268
-0.6692937217132986,0.1332927695999088
-0.6678264392423003,0.15628956759895152
-0.6465715848452023,0.17767122123906787
-0.6774949269401959,0.16862039906006876
-0.6502140325554487,0.1860951999117507
-0.6776199721297943,0.14433031262803153
-0.6714039325961879,0.1719650329447569
-0.6674265176983645,0.16995929893800957
-0.6694063994806176,0.14730985132150018
-0.66359039580634,0.17986890687513912
-0.6735348347367377,0.13603237288465603
-0.6772326792863779,0.1367008829817224
-0.6868467121436126,0.14663726171177766
-0.6649129110651728,0.1671606129006774
-0.6871168995815655,0.14848064684221973
-0.6954827877043378,0.12412688179349765
-0.681809225727593,0.13596938879976087
-0.6677795730207565,0.15836039388380477
-0.6750243536938286,0.13719966208966378
-0.6846104542951571,0.13597876096872863
-0.67428616673701,0.12998823799721732
-0.6668527610037571,0.14750007843999058
-0.6687821494791469,0.1431264597056296
-0.6759064352329514,0.13425223951218063
-0.6724327002899322,0.17604227590294522
-0.6688091471435621,0.14385663336846555
-0.6730240062424616,0.15778229174094582
-0.6735640957869681,0.1333398784770276
-0.6890836005319961,0.1480624232974391
-0.6731762474778733,0.17304496235517683
-0.6648545373340912,0.15669153001484512
-0.6891941632674691,0.13690291112401143
-0.6655740877596987,0.16176483819798732
-0.6710678247352786,0.14909891242651135
-0.6762570409241806,0.14933860192403103
-0.670960459974513,0.16413970976213013
-0.684266581572898,0.14535472861605256
-0.6749940748303721,0.1288282571589825
-0.6692799247275623,0.14072672338987005
-0.6640055147167334,0.14079773402134985
-0.6755478737346229,0.1529233164619119
-0.686723955206046,0.14424657880302721
-0.6603305212019079,0.1752214227622944
-0.6524963710764545,0.1776681485201424
-0.671661091230761,0.1322100908000639
-0.6626745195821997,0.1740691442350104
-0.6715647917014029,0.15731668381424097
-0.6735495352934592,0.17165793820293065
-0.6795323389346761,0.13275038349526494
-0.6604807185423974,0.1564666863742721
-0.6465901094088975,0.17537926142721078
-0.6780312041635771,0.12777844214615725
-0.6891628480849344,0.13069539794600846
-0.6929396905632424,0.1383218784959901
-0.6946037830784274,0.1386483440359624
-0.6654480271058009,0.14869395089108214
-0.6586363041799125,0.1503209231180576
-0.6781109631440495,0.12837495329660442
-0.6902849444779322,0.13244500246174987
-0.6846426276008112,0.13106802133813572
-0.6695917103371704,0.14071603512868994
-0.6685728891405581,0.17163397374082734
-0.6867145376777151,0.14352747786087947
-0.6463597693853319,0.17473940702344584
-0.6834063884630767,0.13717081635586567
-0.6676665312587595,0.16956001913721358
-0.6875691133691475,0.13799708134824704
-0.6732764865663649,0.16164338092524963
-0.6752914312277268,0.13297385337278847
-0.6448648802969345,0.17992364571443467
-0.6733887558978912,0.1491097541217016
-0.6559455911380726,0.15821879281804493
-0.6872615103520732,0.14106431853277757
-0.6838578111079443,0.14663851609767414
-0.6749084413373487,0.13657513669708934
-0.6912327096350324,0.1275763262826838
-0.6837682248851422,0.1432664012594471
-0.6610567393488279,0.18396308244739376
-0.6773887053067102,0.14630159820317046
-0.6610327470780069,0.170880110079438
-0.6883362777187717,0.12991050858988604
-0.6577134724213297,0.1618832352766078
-0.6737759478064365,0.1474518189524674
-0.6792162133621233,0.1292158078621851
-0.6562752383453412,0.16031953667375273
-0.6871363085492952,0.14263258454659822
-0.6614356121790521,0.16480826176910984
-0.6632431920245702,0.172361512444441
-0.690020533064782,0.1415530982394272
-0.6566074685271504,0.17169390611068375
-0.6843069262802536,0.15046664177588517
-0.6876656519123848,0.1340805544583848
-0.6623059033698793,0.15658985628425523
-0.6931456492381677,0.14386502178919555
-0.6566672685841445,0.15780733651554504
-0.6660399084210179,0.15615235226326127
-0.6635368870082398,0.174589435207113
-0.6734139177897629,0.13651467187541225
-0.667599009784714,0.15457096400504325
-0.6663015668663123,0.14877976505660648
-0.6577353246940634,0.18180298194663688
-0.6816476407404612,0.12660688962509203
-0.6788767657577094,0.15007562018744128
-0.6573277612459457,0.1710508035949305
-0.660800425896364,0.16469080774072248
-0.685988476555403,0.13821551570410495
-0.6665283012905399,0.14099879300297538
-0.6866729376310873,0.13517495345863434
-0.6743354196582154,0.17280473421134188
-0.6679879254233593,0.17645355552513822
-0.68376428761875,0.15451896108173915
-0.6576060291822148,0.1765190328716452
-0.6839021488682012,0.14540989892719416
-0.6556728910185787,0.18731367181774564
-0.6928897209137419,0.12838666372446422
-0.6833338078369365,0.14190494266690623
-0.6652899642873683,0.16105051799488612
-0.6859983515443384,0.1341693221907709
-0.6656485097995084,0.16562362657071764
-0.6625423707862774,0.1635368024956896
-0.6859899802111982,0.14520487290695236
-0.6677045030781947,0.1399184469211784
-0.666556701379174,0.14662354253951043
-0.6694371084881386,0.17066818092818617
-0.6565036497617882,0.18365908766327696
-0.6705086017548411,0.14768534686347445
-0.6779810612063306,0.16860752810809537
-0.6468662468156794,0.1769978013114068
-0.6609508925197055,0.15805119929273168
-0.6668029655515961,0.14365226640437628
-0.6920634378494142,0.13920213509417495
-0.6687092486754365,0.14629686475638945
-0.6549829538418109,0.15542680720499705
-0.672737559088686,0.15288216479502573
-0.6532420954184037,0.17500859600650673
-0.6886974189350347,0.13516465024484836
-0.6649926446745054,0.139368611518223
-0.6648754050453904,0.1374003293699508
-0.677082654032095,0.1385782897401062
-0.6888869115440921,0.1341666635452497
-0.673401719270187,0.13754969656207214
-0.6615559658136626,0.17090454879530248
-0.6596361747839314,0.17155701474354942
-0.6766324903945676,0.1578485400356397
-0.688676249473803,0.14972332918639916
-0.6794190540500964,0.14468997487610089
-0.6725919270294866,0.13596570318390047
-0.6803050074440349,0.1349565926977922
-0.672562707274922,0.15942744266467063
-0.6897652374509985,0.14134172900902786
-0.6839119481040071,0.12923863095651353
-0.6767839908859602,0.15726581520307398
-0.6739595417763157,0.15284761533780583
-0.6768665643941153,0.1686875992625637
-0.661956249275019,0.15842653194825823
-0.6636995388111988,0.17382786185621782
-0.6669410949467686,0.14555427764342793
-0.6742970216598984,0.1347394568643258
-0.6606873818903368,0.17871128672587705
-0.6641637134116303,0.15320240663995602
-0.685058705626156,0.15313316263724627
-0.675213198363018,0.14688217743865817
-0.6553210779374053,0.18109727216549684
-0.6830656020449548,0.1390311384515236
-0.6570445877000042,0.18203327290363766
-0.667404146887418,0.1748345120619647
-0.6945280036262469,0.13406259468178958
-0.6627881687374845,0.16316700139455542
-0.6641584630613361,0.14447932403087516
-0.6516035622532363,0.16894613191736443
-0.6650641910322026,0.16113582496655096
-0.6751834625576946,0.16844729742532763
-0.676554696057227,0.16193475726951675
-0.6721683972534881,0.17288998228434607
-0.6679364474694183,0.14743491742983197
-0.6666041921617966,0.16167255425237245
-0.6831186546527953,0.13055601462078184
-0.6818912190345543,0.14830129980355064
-0.6758751798922568,0.1607763539738939
-0.6860014937111841,0.13484735840855092
-0.677078346637168,0.15763545201611256
-0.6731411325470172,0.17435336366414014
-0.6680610677714772,0.15508592598352913
-0.6781237908807907,0.13984939091148813
-0.6609409419922242,0.1770573842054241
-0.6781652282587858,0.15983033522023476
-0.6654990293424121,0.17911410370292694
-0.674031042351448,0.1496905998976227
-0.6696979374772657,0.1425828612372726
-0.668314771935399,0.16128124909311883
-0.6643736012311973,0.1655980566428759
-0.666696909560646,0.15498679698838735
-0.6759809331933896,0.1424846481938307
-0.6798415641184266,0.1460555161749102
-0.658731514205694,0.15442032826954064
-0.6781261616556357,0.14624580186679964
-0.6775863701219772,0.1531948865953815
-0.6870350319876679,0.14855355747729387
-0.6874582353016611,0.13725826010408412
-0.652813703825359,0.17086520908002703
-0.6674948501877207,0.16739432579166008
-0.672147741202019,0.158884554849664
-0.6668608988750738,0.16552914133375418
-0.679306612628044,0.15333096022918571
-0.6714387382330217,0.16589424158312133
-0.6728024533793584,0.1447876794888666
-0.6701569315491002,0.15854285396942822
-0.6867601005061189,0.14229944451793025
-0.6819613068044199,0.1538345530922311
-0.6516666494855821,0.1574629674758375
-0.6811190874853722,0.1593835606469143
-0.6527001211617661,0.15386509773316095
-0.6673582971799524,0.17638727646369354
-0.6485338010270334,0.18078430234999254
-0.6511134820965491,0.1653733524868444
-0.6528094057190399,0.18159791926727442
-0.6698106370364527,0.16613348248891893
-0.6699532415767687,0.15927344215732592
-0.687557876195721,0.13959890000777542
-0.6779466059752444,0.1433382868364784
-0.6715948116721171,0.1711661412375519
-0.6837254094416065,0.14394698864471162
-0.6907161301496944,0.14387731279792404
-0.6637917987239068,0.16627396229862568
-0.6754742129301704,0.15190220881984073
-0.6758089709660412,0.1511508121823851
-0.6612743935218593,0.1430222903888522
-0.6724864221878089,0.14612293243678026
-0.6890998207002571,0.1338364377819308
-0.6683080479954185,0.16950097634806605
-0.6563287058378323,0.1508175386289715
-0.6667421775500062,0.1553818835960921
-0.6813816051070182,0.1504764549578604
-0.6870525119042312,0.13732386769789515
-0.6918769260891382,0.12665654933480067
-0.6708567957658675,0.16995436955362786
-0.6733613850917481,0.14954233229447148
-0.6745809507306003,0.14258246390310222
-0.6540849429317027,0.18042815219776612
-0.6694372532075855,0.14573461348586095
-0.6626442169668375,0.14306808311723038
-0.6734214656537195,0.13829295383935977
-0.6740222194771677,0.1644724274429578
-0.6633893584464927,0.1653918135532401
-0.6743979723534075,0.1477241375071236
-0.6874221424375468,0.13527718895265234
-0.6642507696496162,0.16225206002172765
-0.6710406558492564,0.14264258033844388
-0.6817839390132725,0.14507443435634312
-0.6873818291583738,0.15365874340836003
-0.6624412525752161,0.16214045465369537
-0.6611118075782882,0.15186173374866563
-0.6621375004079639,0.17766442757434162
-0.6587926031009836,0.15880951803958632
-0.6803380356502322,0.16011740002695168
-0.6611871125105995,0.15676769888064052
-0.6850705357279268,0.13099555539953295
-0.673557876775922,0.1695335346870941
-0.6701464529426839,0.13454686369118302
-0.6657078272678194,0.1451830951290029
-0.6662962131303567,0.16724338831932192
-0.6723675078997104,0.15083640726159953
-0.6695119859446791,0.16324588604349158
-0.6671019985958874,0.17621106306358475
-0.6835446540765667,0.1481868939951794
-0.6755654204263045,0.14687827971090747
-0.6496981700226658,0.1846002705459729
-0.6619837179386868,0.16478162291530643
-0.6756501160252463,0.16798196651160022
-0.6672979331122502,0.15700776859247373
-0.6692466160310343,0.1510144113084559
-0.6779285372332826,0.15221026060795884
-0.6593280155247785,0.1545254760126965
-0.6710695969684246,0.16369923548975826
-0.6822655196588157,0.16060623773616817
-0.6804284016305288,0.1600088782083434
-0.6677845059160896,0.17629751293913906
-0.6899014527415811,0.13824457131402032
-0.6628064404351826,0.1654911944121046
-0.6617703273966723,0.17460105369253232
-0.6749892289211463,0.15860168955808293
-0.6828805286414364,0.15390582233035532
-0.6519135676155157,0.174447190722066
-0.6740381033390899,0.14234190679261116
-0.667622096682989,0.14002228058375674
-0.6671792096126046,0.14125621049863107
-0.6546841149597032,0.1773775259268783
-0.6763579580064945,0.14272093454066884
-0.6535406415810492,0.17240770094283459
-0.6874516170942122,0.15119269196263346
-0.6838797436364885,0.15048005803435396
-0.6875191948765071,0.1304611425359553
-0.6718946999820237,0.17060171097248802
-0.6805207454546379,0.15393102834503272
-0.6564326789370025,0.17572423120072053
-0.6496826649527401,0.18358130104433495
-0.6696834228800541,0.17726090891810972
-0.6725169610632551,0.15813402590699574
-0.6525854992139162,0.18597193606631202
-0.6582760320071944,0.14452818889098437
-0.6798882468234931,0.13620968734806244
-0.6705227850773724,0.16048915670447914
-0.6780612778617028,0.15376464141160956
-0.6840041189854175,0.14319071000905093
-0.6773945068898026,0.15308344319783385
-0.6813029290770473,0.1567574760005313
-0.6732638205042826,0.14696735372635575
-0.6799189783393297,0.13831424983459112
-0.668055174828307,0.16999567418754294
-0.673338347485238,0.150060429402793
-0.6684856726772203,0.1642018979304505
-0.679296758971812,0.14680675466967352
-0.6867220987778001,0.14389343130319868
-0.681697191295103,0.15311644592275078
-0.6535177200611496,0.18343288031733065
-0.6611183589837591,0.14446170910754985
-0.6897447841725514,0.12401358539363469
-0.6551861445359557,0.18501723156643002
-0.6783318968685719,0.14409376723832593
-0.6773974102451593,0.142351003174037
-0.6686794496244757,0.1438876873917386
-0.6581534288942932,0.1608273789741842
-0.6815152368492111,0.13780671229428373
-0.68412224316174,0.15371738060059761
-0.680764936994771,0.13080333624883178
-0.6551251610542291,0.18049568475599886
-0.6715851657891032,0.1656281671805458
-0.6890095121802637,0.14642445799539214
-0.6663872766527938,0.13756243727162853
-0.6676848960188891,0.159453846181538
-0.6742006889787698,0.16536592976712064
-0.6865096670586153,0.1335825088047178
-0.6699932310653444,0.15247719990379682
-0.668496376592761,0.15186005960473475
-0.6574250067481737,0.17905715498066357
-0.6702668170443095,0.153417557456242
-0.6835174070376584,0.145523600557304
-0.6751803795442277,0.13915044072537422
-0.6549931014973372,0.18695134545218894
-0.6870328885680786,0.14287476385482525
-0.6747211834575234,0.1403965662757478
-0.6794464644722122,0.15240946626776264
-0.6635063281037107,0.1740804508386672
-0.6727806848862685,0.13368705945555578
-0.690895079612235,0.14474395758014938
-0.6568122522483583,0.16580111844357462
-0.6503214409406227,0.1591159153199461
-0.6810495655674028,0.15681527364874204
-0.6775876947957286,0.1424705308418445
-0.6616813838063292,0.15470432760702169
-0.6892510451931797,0.14712504296885945
-0.6604849201376509,0.17004408688972822
-0.6763219670424566,0.14049547051324698
-0.6662148778619509,0.14849377128342703
-0.6686753693033358,0.14072824487169475
-0.6622538620371105,0.1588681075050091
-0.672388220388904,0.16112913474716542
-0.6481508589320855,0.18815184033940105
-0.6742962427860626,0.1354973970407583
-0.6657333033705614,0.14910819695967098
-0.6536274559607065,0.15083211480682207
-0.6538904563494554,0.1878149770253521
-0.6810547325908176,0.14503149984828745
-0.6719814458496095,0.1552443795961351
-0.6680455049431585,0.1453115811831755
-0.6675307370666294,0.16003423416953377
-0.6708307007582025,0.17491313727181831
-0.6666515946350561,0.17322267611640277
-0.6569257357105246,0.1747037824630059
-0.6623919583918958,0.1583932314833696
-0.6699459290157647,0.15564593916976258
-0.6801509313043312,0.15189663026227623
-0.6774499904205934,0.15987209406117756
-0.6632120474938548,0.15938204420402566
-0.6768393024694859,0.14425925819659546
-0.6901620021274375,0.12994327047920176
-0.6620844108424928,0.14703995487251817
-0.6611294311718785,0.1453340425987078
-0.6677999088397417,0.14335955943553422
-0.6524338223358774,0.1599467356612497
-0.6768616999852578,0.15156949207481543
-0.6610814370796992,0.1813334904140553
-0.6788943533345919,0.16350195340985887
-0.6624906363121389,0.17444054830736752
-0.6578942521105662,0.15466400593599872
-0.6578535622231901,0.15845456623484236
-0.669621612162271,0.16811658436778298
-0.6792709213321005,0.13197649776941134
-0.6737200869776535,0.15643425725610757
-0.6858970666769892,0.14094363002890944
-0.6596672318484871,0.161382425083165
-0.6629341176578348,0.16635926477739457
-0.6820520578536268,0.13552515246232907
-0.6610024347436544,0.14715001834568855
-0.6666561642617712,0.17131649172515784
-0.6823467897288072,0.1342482390900999
-0.6595776610961052,0.17852174671722582
-0.6542294554772864,0.17963241112121267
-0.6724982611273828,0.15089063563065058
-0.6605467496550678,0.17741322062686046
-0.6571982964879162,0.17825272982203388
-0.6772140389716904,0.15672783756781536
-0.6617995501074657,0.17216686424546077
-0.6795515269137453,0.1561468622481288
-0.6779486760249054,0.15250141946754217
-0.6837251999357432,0.14468228879333897
-0.6853881905069219,0.14375732566088656
-0.6694152243003716,0.14355565043436036
-0.6485287220962623,0.18293602822791574
-0.6803153321105387,0.13467389337240943
-0.6735920829256045,0.1353339796879176
-0.6593279742331565,0.17366605193402893
-0.6763825994851654,0.16816377997496673
-0.6709574309657723,0.15682746905932657
-0.6581088952896679,0.16278431600788876
-0.6642045290837897,0.1510664455697913
-0.6562500335605203,0.16556070656671892
-0.6663945133926082,0.13803059513059418
-0.6555928741271818,0.15093580766911724
-0.6742726915221974,0.1481568260504879
-0.6863921454598481,0.12813119791401606
-0.6609627792447278,0.18358891635450061
-0.6648278268882162,0.15404036490279038
-0.6818634275768344,0.13513361249230318
-0.6865012139220291,0.13531486357887149
-0.6761782791966962,0.15954593877759082
-0.6817230311275848,0.12708226111376209
-0.693811629985626,0.130469602251122
-0.6739579643318151,0.1518782662176171
-0.6925768217377104,0.14064164239261615
-0.6678733810142741,0.16327161524574194
-0.6811803469428189,0.14795507022256532
-0.6649133565459285,0.1806679827290601
-0.6907035263820611,0.12570417430633518
-0.6534270417634597,0.18237309744841718
-0.6814216836876154,0.13099577236258247
-0.676465526371056,0.16476983043193713
-0.6718967654926801,0.17039494657503204
-0.6939229200758716,0.13275542426630804
-0.6688388310965357,0.14189772497669526
-0.6858457185455179,0.1327114214526205
-0.6829989233714889,0.15536563530767275
-0.6873355352123683,0.14376013266632034
-0.6772450128384938,0.1528263454690858
-0.6488837479629587,0.1710742320536589
-0.647532381394942,0.17482201999748664
-0.6828769904651482,0.1347861736413155
-0.6673954917861367,0.1563931967884345
-0.6574307895645641,0.14984018332833712
-0.6822915200800421,0.14718534265619898
-0.6616259922046952,0.1770818605779852
-0.6635160274881717,0.15124027254728495
-0.6845153730088693,0.1313962277731828
-0.6522290562953178,0.16880125254011497
-0.6764171364700826,0.1564269013676007
-0.6586238453793637,0.18140811434520035
-0.6716918732653603,0.14734365536713445
-0.6558529936806236,0.1639546047250448
-0.6657810087237155,0.16058393403327778
-0.6789035745070531,0.14804227863800976
-0.6704283115969999,0.13542382365806718
-0.670895965514696,0.16634636464787636
-0.6738575014636812,0.16839363568911417
-0.6610783439390369,0.15640988090942362
-0.6567542043337671,0.1812930216990135
-0.6732051114712652,0.16513860387059184
-0.6821303845372056,0.1573366710530091
-0.6566391039039732,0.1562079681035984
-0.6835074165201876,0.12816506798391014
-0.6814764018298072,0.15842062462689874
-0.6775538207286463,0.1515300811619614
-0.6649503184974775,0.17343690116593877
-0.6872202262089788,0.1448269772736153
-0.6584774768958356,0.1509916547848264
-0.6886844231494712,0.1409478036498839
-0.662161165147964,0.16675181850677664
-0.6522207852585878,0.16907902655618198
-0.6835436749911241,0.1369428728972018
-0.6523916526825115,0.1663566655256941
-0.6703305851754272,0.1566913046070503
-0.6788185237942502,0.15756780279948254
-0.6569572777220452,0.161789625304692
-0.6909665449279714,0.13262806922925996
-0.672492637072108,0.1582421479500256
-0.6910278176599655,0.13358444453869867
-0.6718677553258022,0.13507373470024914
-0.6615112808669159,0.16568746971111456
-0.6565272182131628,0.1618040395054852
-0.662352182411305,0.17643352386110261
-0.6738057303376002,0.15198419036379826
-0.6619883255506658,0.18246159934955392
-0.6824768438310885,0.15945400023556214
-0.671882470034558,0.15511572700103296
-0.6630327360946336,0.17434191741609528
-0.6522155039980576,0.18336436260899008
-0.670303723715296,0.1466916874683093
-0.667692035071014,0.14657980570397863
-0.6798804346299167,0.16321569252350823
-0.6756332949068239,0.13264810073338118
-0.6726532253806953,0.16812170154589853
-0.664838163988642,0.17855370599321818
-0.675671741372641,0.16893997563469274
-0.6750649332333106,0.15559444916741683
-0.6744105037899288,0.16826499385061922
-0.669966103525985,0.16667712015882202
-0.6791286447564082,0.14308225334250077
-0.6800671484399642,0.15063666304505982
-0.6666427858272181,0.14580942144823056
-0.6831006803946685,0.13502368780365373
-0.6737604390291834,0.14672360374657098
-0.6880409123302005,0.14091943934966006
-0.659445246885473,0.1796446678377948
-0.6635015499322999,0.16411317401302122
-0.6837853276319383,0.15974807116130957
-0.683289303546237,0.1550923107557528
-0.6637422077682846,0.1465563616069644
-0.6780292332749498,0.1566323122326961
-0.659631369576665,0.16945522866776022
-0.6813833171506595,0.13541945497252067
-0.6690292011347965,0.17091352039354984
-0.6606367693826213,0.15633372930655653
-0.6703851478818574,0.13650593046872572
-0.6683067903942479,0.15783126587719964
-0.674353202256299,0.14365771494888088
-0.6739571685757427,0.16550638409193486
-0.6841740517383239,0.13467441157403798
-0.6824349565246904,0.14441700212053796
-0.6518291655897333,0.1592986533378734
-0.6802066658620544,0.16255115763421019
-0.6612247421005746,0.1809620190246234
-0.6641591939832179,0.1613169029936228
-0.6720108793624997,0.15527331053044077
-0.671204251600546,0.14115509002836846
-0.6735778656923548,0.15570629006483566
-0.687507194668749,0.13610601095824248
-0.6485986403389634,0.1760003656557072
-0.6803015274782579,0.1613481257630897
-0.6571518168081742,0.16866861220987628
-0.6704191617302427,0.1553244929542286
-0.6576363290410208,0.1667840021065171
-0.6727835523858894,0.13962822841095998
-0.6587156379741745,0.18496268675810332
-0.6618120467433272,0.15915372751705503
-0.654631180028091,0.1789913363791583
-0.685487548748677,0.13458545013676135
-0.6570145570653917,0.16459305177930977
-0.6588041321997926,0.1546833170340843
-0.6579476039800807,0.167844202906533
-0.687912130233179,0.1323553444996842
-0.6614550358277392,0.1669202095025643
-0.6538923905421928,0.17547682299391953
-0.6646022306040836,0.14560649655753938
-0.6597994187626579,0.14825425894717345
-0.6706538287798686,0.14567673105657233
-0.662905400838603,0.16572914873881284
-0.6895111227741149,0.1307552070423138
-0.6900582108796164,0.1460906651688131
-0.6732520818377292,0.14815244176879136
-0.6663237596183819,0.15292461951023098
-0.6811109816421402,0.161908260714145
-0.6781899620911459,0.13711907322312633
-0.6544212476227046,0.17589777286692426
-0.665779980751717,0.13949967242362254
-0.6611183600585043,0.14421786749023502
-0.6666829917631549,0.16155243527373606
-0.6671967454239466,0.16432718381560787
-0.6926644643719556,0.12772664381661766
-0.6636789450303648,0.15429833113249047
-0.659067595141445,0.16832980539314296
-0.6613638872739818,0.14467895142441306
-0.6781092737945078,0.13473223938877668
-0.6717131952995626,0.15389374301510117
-0.6659417859997515,0.15938677551029412
-0.677881669025445,0.14983419562506703
-0.6726916652603873,0.15832973753507004
-0.685954270188642,0.1298636774213906
-0.6719719122529705,0.14846961336616762
-0.6882012692146662,0.14087875860795226
-0.6880201885193271,0.13807485617877566
-0.6824901814857609,0.15404635537985384
-0.6712795325442785,0.15943646037212478
-0.6658543498450064,0.15703731457354927
-0.6734767258034031,0.15031151049409364
-0.6718732305452224,0.16516550344675043
-0.6788450852796108,0.13552687818381656
-0.6523519954426527,0.15865159691328118
-0.6522095634466482,0.1590056388318881
-0.6821253792593012,0.13266882042773842
-0.67960010590832,0.16422001743161407
-0.687394034843751,0.14158493467316688
-0.6786447809402459,0.16561643454122205
-0.6851671099106392,0.15066802922752848
-0.672769925884772,0.1565837268340317
-0.6762909092299613,0.15082916297875026
-0.6647964688226875,0.16258949138644854
-0.6552528453093762,0.15066413745575793
-0.6638558061418693,0.15591425900110562
-0.6667687997459109,0.1770977343061357
-0.669627499277776,0.1538759526741302
-0.6708881616610414,0.16181519821601287
-0.6637515646096566,0.1722147885102198
-0.6768198168318232,0.14303204982009385
-0.6640164830000362,0.1622482423445923
-0.6672354312029664,0.1680005407543151
-0.6724225808699432,0.17261009376830058
-0.6646381497730152,0.14587860903929697
-0.6830379454171306,0.13903817251769723
-0.6882873561540979,0.14694703499656894
-0.6692204263147011,0.17217411356903867
-0.6586596303314017,0.1673369370680765
-0.6478043286926986,0.17148797445771052
-0.6863037491337347,0.155206516595306
-0.6714675599747141,0.16750268555381573
-0.6538352074991439,0.17689801348861672
-0.6639986873561746,0.1802352229587404
-0.6789863322518931,0.16177971990034498
-0.6891355128941747,0.1432205605261421
-0.6768242074791082,0.13371784032982362
-0.6639003459078306,0.17364739927717385
-0.6768138862597444,0.15367596593052527
-0.6864481532051449,0.13152046045156437
-0.6631359558050914,0.15318897013847166
-0.6724441803197327,0.14834132084833745
-0.6820272165481653,0.14820852233108264
-0.6630160690621579,0.149008174333529
-0.6826677829248056,0.13127598501299248
-0.6739010737458828,0.14248093772897205
-0.6713022091931169,0.1631687175276001
-0.6889849250959142,0.12887708490397518
-0.6758645857552105,0.14799173708923005
-0.6899107105614274,0.1334556025812622
-0.6760961114674606,0.15195243455991697
-0.6777737705262911,0.15115173161393228
-0.6755716013461062,0.16518847968327321
-0.6864834305184802,0.15013740834035244
-0.6652709384172774,0.16065958928556692
-0.6795970990407082,0.15848800963922846
-0.676306002473561,0.14801392307308187
-0.6803085292028693,0.14833544290307732
-0.6676219628151641,0.16996748972531972
-0.6766613287014644,0.1626599124193788
-0.6553110039811841,0.17143055855998182
-0.6788414598293625,0.15268610332794097
-0.6728494115308535,0.15581203912551272
-0.680774742593043,0.12949313954590153
-0.6672916791425294,0.16317969968418003
-0.6646420437536362,0.14818721348503425
-0.6627273903578422,0.15080408876899642
-0.6608622363387772,0.1648980617952953
-0.6692279426431608,0.13596348070444758
-0.6878094456889743,0.1403178567226335
-0.6858264079487653,0.15389508697691298
-0.6836852597263695,0.14934420019398578
-0.6575693282834043,0.16969581877432025
-0.6553882325814567,0.15787443724962882
-0.6797453339225693,0.13192339552385388
-0.6629166483131099,0.17361198529881933
-0.6847357926965003,0.1313369707747331
-0.6777178868764774,0.16545896597222476
-0.6746214397263582,0.14105074501849915
-0.6543088366257935,0.17721911754363326
-0.6776895249463172,0.14542411408946868
-0.6923918380922865,0.12956450511524822
-0.6532006543008749,0.17661339838022266
-0.6879094733048873,0.13320642146958278
-0.6869459247732096,0.14535597561388
-0.6722220666093951,0.15528330469248347
-0.6599033821752133,0.16364591200684447
-0.6765482884044502,0.15113726398636668
-0.6818716983209084,0.1435153480863607
-0.6614803104890457,0.16699270325444487
-0.6677535321935693,0.15713497269295662
-0.6759227956163308,0.14367286865086779
-0.6913341458803782,0.13853847189108318
-0.6702262886486741,0.17377423296501324
-0.6834313785697427,0.13781517943477078
-0.6746632541632983,0.16814914450235774
-0.6845929858076003,0.1501778757991376
-0.6641798064203612,0.1670563371290785
-0.679801057898913,0.1642950969593355
-0.68077022004175,0.154064434679791
-0.6827797759769462,0.13522951240372325
-0.6551071388743492,0.16555235698486917
-0.6902077719282396,0.1334085494307777
-0.6600962198906952,0.1636879437117302
-0.6807811755143698,0.13315239053223174
-0.6763024887657046,0.1392992040009259
-0.6601927558457005,0.14466985352768477
-0.6568777938037946,0.17537604175939278
-0.6705762474361183,0.17225550093005246
-0.6513920264094939,0.15932073128559118
-0.6791379841400069,0.138768130262193
-0.6523452806507931,0.16449473383583074
-0.6832746592062731,0.13926110776548437
-0.663915802882222,0.15531213295415133
-0.6560282053185579,0.17025258096902313
-0.680639164948315,0.1500928784069589
-0.6603511042950497,0.1742668076920168
-0.6810499114405579,0.14710717717677294
-0.65389480855262,0.16764029289540888
-0.6620364249906868,0.15392574862805064
-0.6546152840480906,0.16744632190087858
-0.6778596929367875,0.1588264790542072
-0.6693430926397106,0.15056941344118716
-0.6630205499092707,0.16300970765991046
-0.6831993445932873,0.12770927029489992
-0.6606552905704098,0.1746139033929102
-0.6640540889017007,0.17365895613298432
-0.6733784115878102,0.16949527712486695
-0.6666215527182972,0.16412287265179298
-0.6707570827458531,0.1576466466512269
-0.6522859692133058,0.16676774844380496
-0.6907280680248447,0.13894016696772346
-0.6871301861088417,0.1506507324134436
-0.6718603872672037,0.16510263230906005
-0.6776358670372665,0.15834035022371834
-0.6673882914187963,0.1555041371403595
-0.6669564147466831,0.13913375001510944
-0.658469372197296,0.16712952338526704
-0.6752420334350326,0.1427815609096873
-0.6640538524263992,0.14180580971204435
-0.667274404129511,0.14562518302473798
-0.6694153394947231,0.15835740107659646
-0.660815820906183,0.17209420785268892
-0.6856585661036614,0.14680702664690443
-0.6629588747310426,0.1590764620178173
-0.6722388892250595,0.1375697021135087
-0.659673092889473,0.17129360269847702
-0.6808047393845986,0.1291124070499923
-0.6821169337208178,0.15596008358762112
-0.6862761398225724,0.1519474525434496
-0.6812167594432856,0.13577980019550298
-0.6795525854646117,0.134639008830266
-0.6532893359243475,0.17502412045139978
-0.6707748027320853,0.15464033871553465
-0.6563418296392813,0.15329531801772106
-0.6662351572191643,0.15688571791040182
-0.6695564032338083,0.15424604910954487
-0.6734335695854765,0.14540389196435882
-0.6847850188122818,0.13829858406915715
-0.6870311970717145,0.14324233800554273
-0.6623045967742786,0.15952865577504777
-0.6758345254662027,0.13726220766533764
-0.6760213277281198,0.15555720847958138
-0.6632099955762132,0.16498695462372726
-0.658069044795618,0.15939212605239506
-0.6588146988199662,0.14926865110445786
-0.6507070680588851,0.1715550462792555
-0.6885333333599452,0.13653275612003699
-0.6805364262602543,0.14506686444169867
-0.6504864338986539,0.17322472645525344
-0.6812535710611006,0.1412278227569292
-0.6882582469408461,0.14324579231606593
-0.6838089753566928,0.1374982672054561
-0.6576094897296708,0.17081360421842282
-0.6795315366191212,0.1393050623142493
-0.66483610782935,0.172785674920118
-0.6594682504081903,0.16994756344303658
-0.6643899999118842,0.1519755562193472
-0.6819888749750533,0.14452345707450767
-0.677619624568617,0.1604540876876189
-0.671365744070522,0.16396846420819675
-0.6658552952639138,0.16899496976388761
-0.6742659888093742,0.15313916216954915
-0.6773607364541514,0.13686688822213694
-0.6804841490841893,0.13035323371797286
-0.6592750133874569,0.1612501353966822
-0.6687167642675147,0.16909942783464138
-0.6746702539321687,0.1614706544767967
-0.6767740433789318,0.14897091513919433
-0.6832436501274758,0.15326902824962035
-0.6528729535845331,0.17560256548085743
-0.6842468607503666,0.13913455586547757
-0.6729648970408586,0.14952132086173456
-0.6579119092603499,0.1643019200746604
-0.6716607521488142,0.14318878323883663
-0.6653574124735043,0.14492851937080017
-0.6753736948902839,0.14947560489567274
-0.6613982134584486,0.16285218674025978
-0.668034119456906,0.15907208877427378
-0.6639923919353045,0.15347283095040762
-0.6811169073439391,0.14612939136464517
-0.6755973548416129,0.16728492459324035
-0.6828119604570627,0.13830392608841632
-0.6562346313204493,0.1567389745354281
-0.6832867918783743,0.13736175228839922
-0.6860007046538013,0.14110061097395438
-0.6608028012284167,0.17543858710932037
-0.6617059195235621,0.1782929782603721
-0.6746481110668276,0.13887473236307132
-0.6564272213586759,0.1720264299666
-0.6701049863514043,0.1485023772131821
-0.6656918230314124,0.15469256215855257
-0.6716655245946299,0.15487734313255547
-0.6724602589209092,0.1374304133600104
-0.6701757781484823,0.16845805862812485
-0.6674034069561847,0.14580543363676626
-0.6729191644489131,0.14469569743920294
-0.6795458419746813,0.16142523267725561
-0.6641770792394139,0.17541889285601223
-0.662463373137112,0.1595535995432278
-0.6632720358558303,0.179048249686434
-0.6568155763288956,0.1841161592271732
-0.6831862208531533,0.14582618324363544
-0.6638348293750238,0.168115027626343
-0.6776377217426915,0.1453695503773831
-0.6695187141027941,0.164313130867632
-0.6828240535109272,0.15238826216145565
-0.6774489468235856,0.16303320570726076
-0.6750288858771334,0.16414969411209246
-0.653431900955156,0.16604402288496006
-0.6629933686293966,0.15207342354230668
-0.664598211752872,0.15322259669184893
-0.6835454699192413,0.141105860871131
-0.6737717682700132,0.1653263383046098
-0.6737847299725013,0.1712390234806434
-0.665815246252489,0.1475942226162637
-0.6663961077459885,0.14457555015165888
-0.6724760785848533,0.1399234629935181
-0.6860825300364527,0.13703090610095925
-0.6918316692513883,0.13627487022231666
-0.6671740167004047,0.15011662893412014
-0.6704961507534907,0.14360661947678574
-0.6654739140713899,0.17804944346394094
-0.667929455752351,0.14581468022844832
-0.6560568631337791,0.18506000487957758
-0.6578353307522933,0.17698985978008647
-0.6600399660355286,0.1746211307716812
-0.6657347100862179,0.14934078952927363
-0.660353375306811,0.17292946477034746
-0.6559840192780313,0.16930756566267294
-0.6735353773510422,0.1662157568763088
-0.6672829685947698,0.15219718030472498
-0.6814181768516814,0.14170933157561474
-0.6837212300979699,0.1417870297092363
-0.6630572596244962,0.17075242177925729
-0.6763496440706376,0.1685949686319418
-0.6839697672551216,0.14870612172435593
-0.6646554476854958,0.15115525371727132
-0.663228919142602,0.14620738428183613
-0.6488810420736097,0.17236757607292177
-0.6888918635642644,0.13924607104031728
-0.6680050071156453,0.1583942612981487
-0.6741215773132979,0.15489241033168397
-0.686348710224998,0.13614140118937793
-0.6812303476292021,0.15801724785924784
-0.6794943004649221,0.14684595068391845
-0.6639088985543578,0.157634657929545
-0.6860007330215647,0.130714225882092
-0.6711226792265879,0.1696597630145149
-0.659264024419513,0.15695371896260898
-0.6658606456909265,0.16669682064710628
-0.6622480594194676,0.15943133863971953
-0.6683760287429602,0.16606782159888578
-0.6736614496241742,0.1642250757079295
-0.6782718388906711,0.1629303319797124
-0.6639859870602484,0.15644904158136583
-0.67356282434756,0.16423996408570024
-0.6650092746028724,0.14970231021081623
-0.6744789780653418,0.16496365414790812
-0.662755571951586,0.1479434017872469
-0.666776484815198,0.14928919951158634
-0.6789250758989411,0.1480569741982478
-0.6778926319436357,0.154539323183864
-0.6811858053220393,0.14893365928390578
-0.6879965269648433,0.1401525383473061
-0.6792382913180542,0.14559953392961728
-0.6587051035378977,0.1564445076745147
-0.6638164732080655,0.15768566169519768
-0.6721057211118703,0.16239529110804513
-0.6603546938288111,0.18233144155019887
-0.6664001157541525,0.15072750610097513
-0.6644906290757303,0.15827551925159045
-0.6594338155170819,0.15987309761613108
-0.6754536152227135,0.14066014024232532
-0.6719112542948014,0.16270262680165531
-0.6707849487625978,0.15755197741225754
-0.6550096600226955,0.17000080869253203
-0.6820671368652946,0.15696550040832608
-0.6748543154747072,0.15746840751354022
-0.6828046055334079,0.13666155769405075
-0.6530966935454339,0.17067735500025086
-0.6890355904022252,0.13273671199331077
-0.6707740899766047,0.1561421705748817
-0.6809241592215122,0.15633303937401988
-0.6546065096319108,0.17430034834743377
-0.6620440157233971,0.16521317803307517
-0.6659199566472014,0.16420797013551058
-0.6871699264502624,0.13868194915331605
-0.6703197583200481,0.1390483167382501
-0.6705136199097238,0.13681608338237855
-0.6882701271558971,0.14233354136922255
-0.6791057980141901,0.1553752765736511
-0.6701613251204104,0.16684292912213458
-0.6514453959274433,0.1747274696802992
-0.6736174397116239,0.16523217000589804
-0.669772355041553,0.16390196889755074
-0.6780962621153007,0.16250910716874328
-0.6725455879837064,0.15497373826139013
-0.6757573875269867,0.13280785874500387
-0.6783034275345604,0.13525692697581285
-0.6690693272811616,0.15688777070423326
-0.6699128700105197,0.14015322525120003
-0.6601267297601138,0.15983608378466502
-0.6765304488721329,0.14791012717128676
-0.6810995430532064,0.14783409665172817
-0.6782074986395926,0.1547037730098725
-0.6808075637774336,0.13476106662971568
-0.6686768779699774,0.17211341504622668
-0.6642314608599065,0.15245738495635958
-0.677634653146016,0.16361546915540293
-0.6631514489508699,0.15515645027527375
-0.6820251968207915,0.15642799420522302
-0.6892371395572376,0.14077509881940975
-0.6817343732302396,0.15624123551773966
-0.671327812419135,0.14675698807928333
-0.6656482211690621,0.15540654367129203
-0.6725091674416036,0.17069332606625887
-0.6657457712219018,0.15896752268845207
-0.6628879092301649,0.17112884655423927
-0.6635142570551587,0.1442109924236532
-0.6561763180451917,0.17374500538631796
-0.6582030185814469,0.18057802974786732
-0.66881812358905,0.1577771708547045
-0.6702659170638583,0.13899767385322565
-0.662962272279579,0.15496508037402928
-0.653378623195842,0.17426029713832655
-0.6728037044187205,0.144250785221564
-0.6585122707854449,0.1845535631106352
-0.6817257986546206,0.14192559415473546
-0.676425469510444,0.13289755380351878
-0.6671896609083338,0.14667771708882416
-0.6708598941845169,0.15034088195159012
-0.6790308495709477,0.14010767555859477
-0.6681006439246311,0.14059152409423534
-0.6796349294843665,0.14557522405255535
-0.6905071625230762,0.13328129141829392
-0.673691421682322,0.1543514871861475
-0.6667768833350818,0.17032904880658056
-0.6761905886728398,0.1668265010715113
-0.668833060652919,0.16608253817550805
-0.6674385936673433,0.1523501156858346
-0.6816089386693557,0.12962521866593346
-0.6512156217475032,0.17734200804016897
-0.6854421128406715,0.150652838001254
-0.6530425498621705,0.18097901400984404
-0.6712983269178981,0.16213946110649496
-0.657702100540487,0.16261315482998892
-0.6597499449479067,0.16599216860897484
-0.6820265189309829,0.13964403517932633
-0.6683432420530474,0.15656796200186707
-0.6634139578733397,0.156238614487393
-0.675215462592196,0.15392486511561218
-0.6884782467942161,0.14331513091301332
-0.6722796769154049,0.16101566959742394
-0.6751589574470865,0.16033881416940754
-0.6737852946015239,0.15546661998808073
-0.6595544059660724,0.16413087951160624
-0.6756103744643422,0.14297153035532792
-0.6774430591482701,0.14620004247608503
-0.6638709902525729,0.16799811067203763
-0.6780553561142986,0.14244635457581767
-0.6822702806931417,0.1487612455184703
-0.6512123731326562,0.17889101088260476
-0.6549311659820899,0.1535977894058344
-0.6677586862095187,0.14029668394575645
-0.6584800373656744,0.18370766803067137
-0.6607294927459035,0.15993026336410984
-0.6650749412248854,0.15869384458882915
-0.6885721083458818,0.13645962542757042
-0.6486516181997624,0.16982788664955706
-0.6556920203531275,0.17521858086963826
-0.6678976247189939,0.16083268367082987
-0.6684344052264506,0.14493604659409573
-0.6577058352419876,0.16267453411028948
-0.6756178585426361,0.16421130790644137
-0.6729576877633471,0.169962184663569
-0.6754595315563554,0.16512966980228688
-0.674775574040572,0.15472739695177948
-0.679140912724034,0.1570358852928894
-0.6511249274266507,0.18243421960568404
-0.6656519221426741,0.17889244012331712
-0.6781191916645116,0.15517893530862745
-0.6663225556189234,0.14469715775743278
-0.6558152898911151,0.1706420375875171
-0.6773897004724634,0.14025933433173138
-0.6705804972405193,0.1389316521306377
-0.655335836144377,0.17007300959745933
-0.6813840842870145,0.13227879272667364
-0.6720608594226647,0.15474231430718977
-0.6797761077302968,0.14066130694408005
-0.675109252470614,0.1448427681684988
-0.6839620017943226,0.14107007102367844
-0.6596881144681055,0.1722481336300402
-0.6874904253173123,0.1288384049142362
-0.670289100669868,0.167395924350673
-0.6787599728224122,0.14365541244445104
-0.6732130511930084,0.16154166123295088
-0.673053329674304,0.16970784473649725
-0.673382551542753,0.15524390053634413
-0.6567746554162615,0.1718864423388008
-0.6653141336852124,0.1454817760407398
-0.6689577478261205,0.13809273225969257
-0.666108702626799,0.16356344094688022
-0.6617463635356013,0.16810462581459115
-0.6735727827650182,0.1700694484884186
-0.6678990197984268,0.1738978681918948
-0.666614030838883,0.1641397231882158
-0.6601388792165984,0.15392103907994062
-0.6601860359860964,0.17370714842705645
-0.6815765965915548,0.15957029377293944
-0.6733618739537416,0.14598214595463455
-0.6611748219632232,0.17745311898771415
-0.6633590877499911,0.1767522600551184
-0.6743005934986332,0.13722673618397566
-0.6767167569590177,0.13257338785691186
-0.6545411142417324,0.15402147834859717
-0.6726390727013756,0.15434096437498662
-0.6714660958007594,0.1483215487797772
-0.6504362986890729,0.17893420718810504
-0.6635233010128708,0.14953373285980906
-0.6783016043895299,0.1512665208056891
-0.6657216008049202,0.15881594455387613
-0.652552553453972,0.16293540066689371
-0.6877711346927068,0.14224091084001844
-0.6700994449583665,0.16608227777098206
-0.6768835755245652,0.14762105996958758
-0.6874934267801459,0.14543488935243767
-0.6594246638469802,0.1612368433804655
-0.6523325876452525,0.1821085241946895
-0.6513592298897576,0.1713793454971829
-0.6682188610394894,0.1611238006305304
-0.6547584830995601,0.17458958850170245
-0.6886376533398916,0.1392627358724041
-0.6751519195567667,0.16638301497729124
-0.6765274419674918,0.15845681454031968
-0.6776528618499886,0.13726376911979568
-0.6748363185782552,0.14467842219810859
-0.6824210557370568,0.13938827803643095
-0.6817231316724681,0.13917538911269384
-0.6726779268576912,0.16566513166003993
-0.6732521869738973,0.14682996216418254
-0.6551276942247618,0.17713894103121125
-0.6756402934364982,0.16263417415784656
-0.6788601937070861,0.14239138806705845
-0.6751598247098136,0.16095235596941926
-0.6710619997706383,0.16941547944992486
-0.6676164334601022,0.150213619697533
-0.673098941440782,0.15112700574411375
-0.6587923253966441,0.16568205225550436
-0.6569925562518086,0.16446961506045035
-0.6561966453085248,0.16203743432807924
-0.660500883860497,0.16927979037182705
-0.6797840574490419,0.14827951995352057
-0.6584132797750504,0.17367047934974703
-0.6622325220048367,0.15800602116717216
-0.6761308589487591,0.1612181711409771
-0.6681933749133602,0.15029633882243085
-0.6710715250660539,0.16568287291153097
-0.6901942960879,0.14076508350918984
-0.6723193297757752,0.16733948164196283
-0.6799108887795636,0.1500140990364507
-0.6580874928173124,0.1770477037673373
-0.6768683274670751,0.1492148473810675
-0.6628410881584502,0.16020044969148556
-0.6769679202924366,0.14501418409391378
-0.6742159148423752,0.15372713314534153
-0.6716387340217197,0.15727489436743225
-0.671965090468256,0.16698618254301656
-0.668275560448954,0.1579828126784898
-0.6711504450024143,0.16787165491367365
-0.6818654458788347,0.15472702600427413
-0.6572386958972573,0.17338049744572057
-0.6558693016199854,0.16075780984763066
-0.6751879847866231,0.15221826308433964
-0.6674341449153484,0.17199713724689744
-0.6906178988800603,0.13824423955089357
-0.6841860819416007,0.14497610465852132
-0.665563819469638,0.15490651624000898
-0.6661699190586702,0.1666727586060032
-0.6778383313568636,0.13534528902472506
-0.6613051877841732,0.16156002165577682
-0.6697002320463702,0.16666925487348974
-0.662469279007606,0.14376315137694237
-0.6676363862649182,0.14294847863456445
-0.6634406129981248,0.15685434981516624
-0.6720316352492667,0.1569764103853762
-0.665016390666662,0.15457295553472578
-0.6568462553370277,0.15761391041802628
-0.6633856835379888,0.14596355908368955
-0.6778648665320643,0.15971446817387966
-0.6723131660935865,0.14093040747811642
-0.6686067072246916,0.16087204927229723
-0.6737407229498199,0.15883804064522414
-0.657646918967066,0.16595189849019137
-0.6862693529768271,0.1381038454929025
-0.6690133983044795,0.16217033165762462
-0.6749194003597139,0.15440003551105594
-0.6836851531977358,0.13625423816969331
-0.6810958154250009,0.14741280641232923
-0.675780269779352,0.1405238797283115
-0.6717581931870574,0.1561091994987515
-0.658900702811526,0.1516761773971315
-0.6710110033905677,0.16656487252882698
-0.6827103344528143,0.1443724982405589
-0.6784305581893307,0.146574508755838
-0.6608914168431812,0.15996197278058752
-0.6657516059068661,0.16623305606189828
-0.671362692311601,0.14503600785921217
-0.6789919249799969,0.16321388829181568
-0.6620299046946936,0.14498636813096247
-0.6545481815131774,0.1564585101629453
-0.6618723923479987,0.15421455075180712
-0.6831825450637314,0.15120404730509177
-0.6696756383991351,0.15197387613400398
-0.6788518949046164,0.1434034423492366
-0.6600481974627154,0.17766949994847142
-0.6522678319755236,0.15855624927661663
-0.6831584022299736,0.14742994078264154
-0.6659208828836819,0.1648912397556539
-0.6691665765191781,0.14759239601398996
-0.6574022640073164,0.17897167871768405
-0.6587527764538234,0.16371832846432322
-0.6716260423853079,0.170040756237733
-0.6576222896471257,0.18375452465666428
-0.6552628890731137,0.1616077890250939
-0.6721390701548847,0.1527411879083393
-0.6759089826068237,0.13773906819308923
-0.6842325366932586,0.1324103134196069
-0.6839432459892919,0.1553023459571201
-0.6685849823068355,0.1542284875425365
-0.6529402549596374,0.16676513335951446
-0.6635233876495876,0.16181304276683112
-0.6810430387718723,0.14654018594671053
-0.6759493457201015,0.13482379742124442
-0.6624843274803206,0.17370123545525057
-0.6636370081667768,0.151939231163305
-0.6712760425752244,0.14523463470496203
-0.6706426975965374,0.1670592882530624
-0.6854663182456032,0.15339944633504493
-0.676719029256435,0.13876820435411144
-0.6498281069116009,0.16227766583175662
-0.6620902548707689,0.17199150913142325
-0.6710248715079477,0.14118664277043375
-0.6742743600804337,0.14820231290326233
-0.6713940788226825,0.16375620250657977
-0.6635760614415466,0.15199928623647724
-0.6747766789866108,0.15031737271797274
-0.6794622051389426,0.1471918071659649
-0.6781393584599968,0.15928761111459022
-0.668988490437142,0.1594126357760379
-0.6798045656084288,0.1478209130342266
-0.6858500149125898,0.15080865566539584
-0.6699494241926434,0.1563806489916665
-0.663185155603585,0.17660689474553357
-0.665221947257075,0.16284266084191326
-0.6721123549686155,0.14863229143451437
-0.6547731348719192,0.1561639585738551
-0.6642932684244649,0.1683674423290767
-0.671907887441191,0.14283848608499103
-0.6604292948226462,0.17127929255995178
-0.6637525397846622,0.17142646408654666
-0.651242334221375,0.18198485343845455
-0.6634581729345714,0.16671344095587728
-0.6580168898548086,0.17815690027817685
-0.6501488458941992,0.1730968773424985
-0.6806167346931757,0.15316010185572126
-0.6734494752316985,0.13950298424375215
-0.6555731095935022,0.1701452601583632
-0.671596397527907,0.14307733709202705
-0.6669034575756904,0.14985828028557824
-0.6599839656975801,0.1732511121308512
-0.6555732511123509,0.1779533740803341
-0.6670547734586144,0.16963991858147087
-0.6763163416398488,0.16137672468498007
-0.6720368935961207,0.15969803692920267
-0.6777951702255227,0.1598273974857362
-0.6729472489664517,0.15549467921031515
-0.6797826802218303,0.14226592633044252
-0.6740907942965668,0.16274503244535551
-0.679421127621659,0.1439999682202763
-0.6853090096885793,0.1434319306988697
-0.6682205363714754,0.14872693419602673
-0.6682479580902616,0.14791279160809426
-0.6741795374796984,0.14959483414767913
-0.6696261279104498,0.14631525951708108
-0.6762578133288932,0.15338962308933524
-0.6778069320180491,0.15731549400144787
-0.6520007881019529,0.18151296286112714
-0.6796588174903269,0.1564783292576529
-0.6641970605716225,0.1615579072266017
-0.6606632616722212,0.17033269329652442
-0.6852020586910049,0.13027434576706853
-0.6705656755632354,0.13861005290158815
-0.6701378792352413,0.16471043692814982
-0.6658532952932016,0.1502044363188763
-0.6659022908857505,0.1503703982387333
-0.6668645930785049,0.1712820055611748
-0.6768252490859077,0.15492521649591914
-0.6570243657284132,0.17145409062378336
-0.6693486774977357,0.14026266117664069
-0.6744849690461817,0.16083300098553585
-0.6729154735654902,0.14693212232055577
-0.6662263306478312,0.15290209783590003
-0.6733433168295168,0.14897287949303958
-0.6583702206486433,0.1661823277747805
-0.6614575244945894,0.15949488759577296
-0.6641264803687689,0.17769901966397703
-0.662095777996106,0.16687930480893426
-0.6619424742414529,0.16140386199262372
-0.6734023077669139,0.16410258091452437
-0.6624642155961317,0.16060664391753235
-0.6845319620734007,0.14176503620085562
-0.6811056857317287,0.1312716632345175
-0.655112224778273,0.15467249060925603
-0.6722847615434719,0.16133852723238423
-0.6552765712094311,0.17402609441908445
-0.6657960885325324,0.17229593086981387
-0.6846816833480436,0.14490040674990748
-0.6865062528302115,0.13949447994039016
-0.6770748745908894,0.15794672097278561
-0.6715305997423648,0.14191354153135677
-0.6680546114590787,0.15431606826103927
-0.6613270707481044,0.16932514690896405
-0.6589855775279444,0.1590626955590825
-0.6595376601831497,0.16804978132053522
-0.6539627525128452,0.1765670459343813
-0.6575621974374798,0.17126309888201993
-0.6559070039312166,0.1556998910896856
-0.6799341245453415,0.15682076673279158
-0.6862160029358394,0.13590287117749988
-0.6623248439146435,0.16294944378368734
-0.6703694696283128,0.16732363431322927
-0.6750470303841903,0.14606770441031577
-0.676127732428735,0.15373557591257955
-0.6725117763030186,0.1437097047951956
-0.6610702022768783,0.15919173588361427
-0.6841339722072054,0.1507008080790306
-0.6567771601294079,0.1696797305640885
-0.6837211379641462,0.133285139243341
-0.6829650236964413,0.14038641586029565
-0.6689943754499106,0.1710479681158082
-0.6708206183245249,0.15822357948347976
-0.6800614369083614,0.1450899741261846
-0.6515704552496938,0.16137263506180086
-0.6675383558295829,0.15401812146382365
-0.6741831536910515,0.14697715642321257
-0.6498048464464903,0.16500391693983948
-0.6709140845631267,0.16385882977022603
-0.6767905101026386,0.15740871330926648
-0.6698300217922771,0.16997429170506617
-0.6599210753150582,0.15498508007232187
-0.678449285748628,0.15557075613406604
-0.6742390172147017,0.1526394125968624
-0.6757554545331773,0.1593580839898245
-0.6553936420377108,0.16891884421526204
-0.6703513952196024,0.1469627837207109
-0.6624461107679831,0.1694678668554629
-0.6704451441571505,0.16042265299005312
-0.652751892134385,0.16834022713617383
-0.6675442150358367,0.16665814649512184
-0.6696961223881152,0.1652424268374013
-0.6653234528289595,0.16913819786828688
-0.6772121206342583,0.1602377028654735
-0.6561620358313246,0.16139167002379745
-0.6670824501624701,0.174903211638671
-0.6700564280548683,0.15162886704992157
-0.6674267951045078,0.15658740662341347
-0.6568926385742104,0.16946734501757957
-0.6681088133170493,0.1652626545180442
-0.672842451924915,0.15729156725733395
-0.6814472624500554,0.14518201851770532
-0.6712374447092228,0.1490350108286096
-0.6711366799830379,0.14815811103086138
-0.671792660977651,0.1463069905930682
-0.6645481056122379,0.15714458077634294
-0.6549999598527176,0.17389300348239162
-0.6655681674480728,0.17715738179928706
-0.6602113127612265,0.15028943177716217
-0.6681675743520288,0.15768690832048313
-0.6747078670203289,0.15299829445785434
-0.6570797005209219,0.16455331191642175
-0.6638208157653248,0.17076761942385765
-0.6790000034269459,0.14694636796229804
-0.669234238682698,0.14702455888267627
-0.6784749822208992,0.14451164690211393
-0.6806957267704494,0.1314939229473462
-0.6764364366071052,0.15358104588775337
-0.6689810590786169,0.15800225996816192
-0.663133987959369,0.17026891290198964
-0.6656083042537646,0.17087737805292444
-0.6605693886120632,0.14856858592329153
-0.6734512203244765,0.14571459806382311
-0.6602106431762478,0.17496929208890347
-0.6717601346755374,0.16076375253712696
-0.6735903435134152,0.1572770122089234
-0.6768518597336614,0.15458290855273724
-0.6734604124374377,0.14490728349015336
-0.6775420286339758,0.13338249364645433
-0.6848712845112906,0.14262348688202117
-0.6800616990816268,0.14245968273215182
-0.6790064508268617,0.1441484212807438
-0.6669355684383141,0.17099540280575157
-0.6727519861246694,0.150504915237244
-0.6788235440486141,0.14926827578078047
-0.6810821279628578,0.13604820951998567
-0.6776058001088144,0.15795424680581666
-0.6576168327586212,0.17303812837498178
-0.6633655802841117,0.16311343713634702
-0.679308818369075,0.13976300165292307
-0.6707157616551379,0.15468756691643923
-0.6837269851536594,0.13906232479766767
-0.6803361077271803,0.13921699839078508
-0.6747228424068825,0.1498057736550927
-0.6522764371910288,0.17553724929562575
-0.6871519250108249,0.13806314946229126
-0.6713562474530207,0.13820348011412736
-0.6813071062925161,0.15417085254184515
-0.6708642825797975,0.14042737496372049
-0.6772688174051112,0.14405882601538766
-0.6500676406059944,0.16949718901278615
-0.6727993390391706,0.13643282240988677
-0.6661756027476127,0.1541506596882554
-0.6606124491210593,0.16907410916047758
-0.6652018887146909,0.15666772680521177
-0.6610606990398058,0.17110539415012352
-0.6503843856686943,0.16783638760512443
-0.6805695964852457,0.13841945521248983
-0.6615703489126339,0.15038176580845775
-0.6774205586064159,0.14258485827153067
-0.6875371061258704,0.13776511719989362
-0.6813208787171022,0.140491799141538
-0.6569516321801999,0.15547503328564455
-0.6822380594233547,0.14683589541221234
-0.6717828962765474,0.16230842851037355
-0.686650030458915,0.1412137163457046
-0.687934583304127,0.14235871119952134
-0.6778716218587522,0.1457365978122657
-0.6623974148020131,0.15398054380536885
-0.6770179632589577,0.15398919464679117
-0.6707266400206935,0.15751807580156627
-0.6645085340043689,0.15210593833263802
-0.6640745433093533,0.15696304885978798
-0.670584839834704,0.15915084061441295
-0.6768194850097315,0.1527804362623776
-0.676620739340681,0.15150088803425993
-0.658234409627648,0.16336361340490163
-0.6810180394472766,0.13929685415161044
-0.667650866737115,0.14606774780561974
-0.6769682455844345,0.13624372331724874
-0.67738752491767,0.1577724244361321
-0.6599133581487261,0.1478383037468759
-0.6648055316283448,0.15973209229991542
-0.663981294681671,0.16062237354487002
-0.6623906785009865,0.17700084247714787
-0.6705199856419692,0.16293360268987253
-0.6792020152398613,0.14880719369990583
-0.6592836523719038,0.17452227692609792
-0.6744500924016199,0.16744626400763804
-0.6603291330612416,0.1505628259824227
-0.6734697723664423,0.1578047842952972
-0.6710781091228631,0.1473396618794499
-0.6723114494340692,0.1672964498145965
-0.6724852244105048,0.16252058152725413
-0.6863372004543786,0.14487622333651803
-0.6825335602597344,0.15522870272947378
-0.663058551933666,0.1699339606934507
-0.6679250416850853,0.17099904592664433
-0.6815443537303709,0.15692679239367024
-0.6635524799837214,0.17367090622179288
-0.6696841183534156,0.14443878390514445
-0.6613479819774383,0.1781727119579869
-0.6806377604634064,0.14070676519098962
-0.6866458607000847,0.13992096699550405
-0.6863018631951999,0.1374206443610692
-0.6575465230296522,0.17849591537033904
-0.6530896398087068,0.16920731415571538
-0.6843990388384937,0.15032798209881376
-0.6774516969093746,0.152665997529702
-0.6812876161784173,0.1397522973786929
-0.6631943004710368,0.17123986356857263
-0.6627568326216268,0.15880974387100505
-0.6616061238403708,0.1614626012273732
-0.6596097048493424,0.15846114027180663
-0.6847166277844953,0.13779111557930143
-0.6782509532537349,0.15798034563045532
-0.6611494221575029,0.16045303809033146
-0.6690393255877135,0.16581413558820907
-0.6752760883311713,0.1616216737116766
-0.6840018284524805,0.14008164123477657
-0.6527462445883964,0.16172659996856328
-0.6659697767920525,0.15182965230534126
-0.6729732111434273,0.1471933573250479
-0.6731152368342966,0.16071451262905007
-0.677224424012905,0.1411116450494109
-0.6659701923620909,0.14727004664068374
-0.6666379006541511,0.17369007774462072
-0.6810472313158141,0.151694623376992
-0.6497759591440102,0.16897014294163992
-0.6570681620952691,0.1582141832712735
-0.6800346536057944,0.13947126624241063
-0.6606879763895378,0.17016715384805192
-0.6689301000483705,0.16256493134591177
-0.6641047892507238,0.15185851633426622
-0.6629627024677444,0.1574652957025211
-0.6657469696139192,0.16488973916355693
-0.6794290612358767,0.15524233843789503
-0.6551739327253249,0.16354409555445776
-0.67523887696434,0.14304719491265178
-0.6505054750976522,0.17127786314010834
-0.6540699253960728,0.16553446985666473
-0.6808163502867612,0.14127460299662403
-0.681491035029133,0.14349705045023675
-0.6705112302382997,0.15477639541056956
-0.6679085254060448,0.15710776970960116
-0.6741154458591718,0.14373116269260805
-0.6678683625421961,0.15501069108697585
-0.6576053901599663,0.16384188117687937
-0.6669922853835142,0.1731414788967022
-0.6765070119633171,0.1503789182099435
-0.6740220212894454,0.1383371591627561
-0.6707156256037772,0.14731466078870675
-0.6528478786720534,0.16659687196963194
-0.681896642703604,0.14712230774217838
-0.6649594570107004,0.1611014236536988
-0.6659711562320176,0.16007270906931265
-0.6494764258364525,0.16860643807390513
-0.6797984870042819,0.1452139912928376
-0.6711753016421449,0.14557538975607984
-0.6831261747722785,0.14265479915506837
-0.6690489796100154,0.15703674369766335
-0.6725107910435444,0.15172243590920345
-0.6672174064401986,0.1703875045555291
-0.6762909408322284,0.1403445477248347
-0.6817492011232869,0.13453564813236943
-0.6702841052266096,0.14063746876572722
-0.6674450199022663,0.14414872662515904
-0.6588415637062021,0.17731054678948052
-0.6800273142588318,0.14301565518332546
-0.6731511179266605,0.13822803560674304
-0.6678992126167745,0.1509726733622812
-0.6520771411912838,0.1697560182828014
-0.6654822411402089,0.15168669926930864
-0.6679986247229975,0.1630824610727632
-0.6535579525168391,0.16702721182521918
-0.6833792881232313,0.1457778304350464
-0.6707013787905993,0.15471769176683772
-0.6509027034261835,0.16717952648119153
-0.6619172948141843,0.1579059971649455
-0.6772431611739155,0.1530414014052245
-0.6853064709873494,0.13186361980476546
-0.6582987096387125,0.18090825005562097
-0.6733775147064324,0.15162185553909724
-0.6784846764097923,0.15122318921346797
-0.6616544206411101,0.16256792372735748
-0.6720020841423242,0.16277011807601252
-0.6638204148011493,0.14827086248388135
-0.6667514271843915,0.14266963295856103
-0.6722379296202259,0.14007075871341337
-0.6746419511888118,0.15519872180303118
-0.6652897275108305,0.16011478659776837
-0.6734763780162064,0.14458783366181988
-0.6629473217784682,0.1623580730353611
-0.673094112893892,0.15899131452894175
-0.6709695746676531,0.1671284284943469
-0.6658355026243905,0.17119584960533002
-0.6572443285019924,0.16256226785569672
-0.6728179969974422,0.149294084701735
-0.6766539314734273,0.15616458873979902
-0.6537883767408951,0.1696094800686714
-0.6577534066820571,0.16404009040362824
-0.6845951178772376,0.14283697328883835
-0.6793035899387031,0.13807724019099893
-0.677258928994845,0.15573008900534302
-0.6667415993467076,0.16207480094039228
-0.6689254279480585,0.17001187297250595
-0.6536562251209836,0.1601589538220639
-0.6577351875306171,0.15755459050597556
-0.6692949639834262,0.15676075613636803
-0.6762301611709823,0.14759162638658593
-0.6748906369505614,0.1627961416553433
-0.6537454718331412,0.16085434280622476
-0.6597334589958878,0.1807899029299688
-0.6710255257596495,0.14412050460267867
-0.6668472083164022,0.15947076349244788
-0.6705974312704536,0.1519479503448952
-0.6716260539127777,0.15810047011451386
-0.6820633082878511,0.14528579676193693
-0.6769155915950917,0.15591716054879728
-0.6760105791767351,0.16412620702569333
-0.6823651787138364,0.1548987924986883
-0.679798091093488,0.14785438793774233
-0.6689833760102102,0.17017936444278764
-0.6874635029100448,0.1367664884733617
-0.6599719518129736,0.17204837981217072
-0.6647652019498491,0.15222897636212931
-0.6580627865663883,0.17682371815623255
-0.6772829279256344,0.1578913628660771
-0.6717644545859236,0.14938621467854715
-0.6755896815318244,0.14663765794249498
-0.6575578074095125,0.16719432798926817
-0.6639815423237275,0.16756925865742725
-0.6664229428790297,0.17167708100819265
-0.6676251551942372,0.1533777169187284
-0.6777184220244853,0.14603864930405722
-0.6639242099028049,0.146113670700624
-0.6615402848928212,0.17082254908154093
-0.6754194569271355,0.1622429106363387
-0.6539756088363166,0.16088808202226226
-0.6657623048583143,0.14810043807084733
-0.6734503510019759,0.16477998038481653
-0.6589492390333103,0.15145553411691512
-0.6558354769151921,0.168906475195464
-0.6554047907576104,0.15912029527122012
-0.6661258944592374,0.16836546163579338
-0.6749224843555177,0.14457304998148812
-0.6632096618409782,0.14537712045805146
-0.6529540650475946,0.1723248324401996
-0.6882095999522068,0.1404149328119971
-0.652881028348714,0.16793574929260363
-0.6676564740125294,0.14548823369074215
-0.667776141480101,0.16654356634536807
-0.6652676642787866,0.1735084244166269
-0.6606078597938089,0.15008876073685376
-0.6633271911162639,0.1578186744249814
-0.6630581018092107,0.17419749901481746
-0.6681592434756467,0.15815110163477944
-0.6689742572944375,0.1667445983195612
-0.6787542958431095,0.1562527591501164
-0.6581736985579097,0.17387416383629725
-0.6633103581937702,0.1553631776059943
-0.6807053748344879,0.13890017836873966
-0.6858890836888292,0.13591710410363947
-0.6705214955373953,0.16106283421494877
-0.6792991020558451,0.15223369021941122
-0.6550262857374667,0.17709740190110462
-0.6518236811764331,0.16760992335028846
-0.6830066817341367,0.1375627368270179
-0.6751527993604997,0.1434902968984275
-0.6672430634280306,0.17074875706200643
-0.6604679923832357,0.1742900970845819
-0.6567593870141636,0.15799457010274398
-0.6783962615359359,0.13663919952314751
-0.6540458534569173,0.15969049876976238
-0.6538155873414805,0.15799663725408994
-0.6559555463483355,0.16803293350372306
-0.6671087146407358,0.154470326945234
-0.6664994773860231,0.1487873030620346
-0.6771729383943788,0.1348391996587925
-0.6647074388919751,0.165622596546521
-0.671804438324077,0.15553778352566494
-0.6536507255523397,0.16760786856644222
-0.6597701057443,0.17534904237964155
-0.6634378163355881,0.15936111891679647
-0.6696959552696454,0.1477209784035997
-0.6705021746076119,0.14539919657754363
-0.6676639112913735,0.15295094714491633
-0.6555061328708208,0.16241657139115062
-0.659659614654771,0.15265711347512206
-0.6756448127989224,0.15514126689005578
-0.6696946559820717,0.16262197136287102
-0.6801802744068217,0.13447889281289094
-0.6639312724687099,0.1688115088945069
-0.6568736067467933,0.16454347330562266
-0.6847232047916925,0.14545158683109485
-0.6559643575949291,0.15348763890058156
-0.6627146402925708,0.17404834745478115
-0.6771481924723198,0.13848048174360936
-0.65529871112679,0.17349133457568539
-0.6710161621230706,0.16003385442944762
-0.6790818950746804,0.1555638696264481
-0.6732059090206024,0.164787970642341
-0.6779125171986667,0.13968038700238827
-0.6758668770212288,0.1576682549669486
-0.6725161725106724,0.15441121578039232
-0.6681173517763955,0.16058812837632652
-0.6696134021101121,0.15675087572616955
-0.6735682921899708,0.14178781888995853
-0.656339434226263,0.16268648642936306
-0.6615071823646649,0.17797160603337558
-0.6615661279201734,0.15736696282781093
-0.6682991665834366,0.1462214149040071
-0.680863702670675,0.15111275710661173
-0.6698838660192531,0.1603565658021539
-0.6491482419582764,0.17010486304036598
-0.6744039687219087,0.15335878892063554
-0.6669846203985588,0.15216264115080558
-0.6789117335915088,0.1523426753932647
-0.6721546880276656,0.1575236671729751
-0.660101379830481,0.16208307413825906
-0.6694583111175568,0.16477074797602057
-0.669630164605328,0.16200958730772752
-0.6738658528819912,0.15709968995894075
-0.6772143824617323,0.16208135982352018
-0.6860979372012392,0.13645746487251068
-0.6784016343597022,0.14337097266473164
-0.6587679948934245,0.17346217289870428
-0.6561911291598321,0.1564119884616262
-0.673963919562608,0.15416466198634834
-0.6727614881070427,0.14232077421061537
-0.6713992926363431,0.16122969958339486
-0.6751318905075735,0.15669218777857166
-0.664076663739002,0.16560454940143035
-0.6782729001678531,0.14417785999369706
-0.6719319683851277,0.16482463062925962
-0.677492467433568,0.14208657347946024
-0.6827989875740842,0.1416491761912282
-0.656989540843985,0.1716330971615342
-0.6589316547989266,0.17289890227098917
-0.6700497554762972,0.14785360474722573
-0.6561358878978196,0.17468438685752313
-0.6808226423098016,0.15178989032579054
-0.6596591829003473,0.1680112673601934
-0.6691971050137445,0.15592690901885894
-0.6561434343370975,0.15742340800498159
-0.6560546526720652,0.1784120465651104
-0.6725875064309658,0.15128014473251733
-0.656041794436726,0.1606794861696029
-0.6748814772421207,0.14371519342674635
-0.6696010822238917,0.15773391411347948
-0.6821581833222274,0.14878126003233547
-0.6808913333159246,0.14987053777809892
-0.6587344499544003,0.1605000280576503
-0.6804208277976893,0.15168680412919705
-0.6681791200096583,0.1588397417547904
-0.6618044334550667,0.15566272066113762
-0.6565683799294232,0.17638420162877969
-0.6668319448325969,0.15414361029315035
-0.6638515956656524,0.1729434778916139
-0.6762612476307637,0.14030910928714235
-0.66811873305641,0.16664528528979047
-0.665985052140062,0.14418743048281543
-0.6618283869746915,0.15108144884026328
-0.6839817268623835,0.14034841134722906
-0.6668991712306348,0.1733941712277869
-0.6663441864445104,0.17261038524664749
-0.6715463224450797,0.14186968382375537
-0.6645551376303197,0.17058798643361883
-0.6613277649642108,0.17428110061273627
-0.6728231677181479,0.1561742104246896
-0.6682893880862325,0.16036143272205108
-0.6644118311025083,0.16536099077927777
-0.6682917808472155,0.16494632887752092
-0.6728291919986257,0.16132185717880204
-0.6812547921864905,0.14926008622652326
-0.657272013633777,0.17206268422281462
-0.6764199315588014,0.1512099257261224
-0.6761069674739988,0.14275934663695114
-0.6860358284371599,0.1381034807245946
-0.6639783454890057,0.16417609221443372
-0.6670187339827391,0.16624697337689748
-0.6646724960533626,0.1612151111634367
-0.6669861608615502,0.15402327246341524
-0.6709337742353206,0.16328264303919449
-0.6696457269448961,0.14055796174734914
-0.6629729415206503,0.1620838348354802
-0.672483923494047,0.14752133242858706
-0.6681331567662033,0.15704543630125253
-0.6652261488771428,0.15115012368290823
-0.6631836264690663,0.17120515061750402
-0.6783102002964193,0.14739863693500746
-0.6699494909381529,0.1421317290628666
-0.6800682355457386,0.137931113888085
-0.662832131081283,0.16071961851141228
-0.6785037285174867,0.15587721604038163
-0.6587763305276058,0.17785159754986513
-0.6693929678674241,0.15357168423328507
-0.6720873779386223,0.15523970450243552
-0.674855986318205,0.15635570182852107
-0.6693954544461115,0.14646812324073036
-0.6643329547554386,0.1630875304404217
-0.6797994515978053,0.1387520312028813
-0.6559242923781403,0.17151204266573844
-0.6725007362573245,0.15641459585116443
-0.6584226564709791,0.1671908342055203
-0.6714793058293609,0.15658992897826907
-0.6617480438337607,0.14948198339658408
-0.6830315310115651,0.14952983676549692
-0.6677650086853094,0.14938478352797524
-0.677718189456332,0.13723499208984233
-0.6539137240617312,0.16777016757424007
-0.6700561400524087,0.14501843844815682
-0.6633020427911024,0.16145759398541765
-0.6710413443318825,0.15549142662120752
-0.6672107283280052,0.1566619515711565
-0.675627872791747,0.1610163532948032
-0.6672615419483514,0.15045318993975904
-0.6807095944850595,0.14748850005792807
-0.6575303957485114,0.1596944408598219
-0.6628862015317348,0.16978150788048127
-0.6684067241585332,0.15320597538232447
-0.6702538916997384,0.1412287116014383
-0.6608629682603726,0.17057701644023404
-0.6729556692830709,0.157716764441705
-0.653644561435255,0.17468728603796344
-0.6699464700669276,0.16381208152971316
-0.670046230094136,0.16124315614011794
-0.6753600562635604,0.14858989548474175
-0.6573454386436117,0.1679802365512248
-0.6824287536105524,0.15186536815747448
-0.658654687765897,0.1596791270877227
-0.673255680093633,0.14539579775097913
-0.672909231727996,0.15040518140869552
-0.6614648042502653,0.16444600654480362
-0.6604829877499512,0.15715029676759615
-0.6534523523617717,0.16849414648774166
-0.6681506618567956,0.162952730186461
-0.6606227945106955,0.16752036294925535
-0.6658117097925043,0.16531023159582348
-0.6707620603326223,0.15088373827841792
-0.6665985353523364,0.16497875382302804
-0.6721594528317062,0.15972164984221446
-0.6573563954761829,0.16585436879790244
-0.6674800817789008,0.1704008264005923
-0.6625100715121429,0.14957794124874596
-0.679703319790296,0.1465505159446122
-0.6806109715115026,0.1473662211168359
-0.6816263557131149,0.1374122331573427
-0.6778797346110678,0.14681177165814577
-0.6654588034426029,0.15442134409175515
-0.6667420873796471,0.15526153053012884
-0.6676658712434945,0.15044078243079903
-0.669558561401653,0.15714705456424577
-0.6736434580698728,0.1625140603451132
-0.6620669654051372,0.1582174927095554
-0.6791436243921518,0.15039991322214752
-0.6708056367726144,0.14229542633377043
-0.6568559510800742,0.1562536076691765
-0.6680947711594764,0.17051753335206862
-0.6631037320888521,0.1681000074397399
-0.6584982598465156,0.16729691202055072
-0.6629143781168776,0.15534635909752786
-0.6606802533666146,0.16643463435362113
-0.6707244347228202,0.16776306474410474
-0.653913207582588,0.1714039553146119
-0.671634660147026,0.16123452519504955
-0.6661767299732606,0.15523471167694874
-0.6737267287369759,0.14882043304702816
-0.6752937314176926,0.13663510677297253
-0.6759216500443939,0.15049003962708846
-0.6751226421985292,0.15399039455080232
-0.6818227167018306,0.15232743762950868
-0.6730770328107101,0.16534251360275734
-0.6795080238197473,0.1545274027730709
-0.6830883129877059,0.14092841727916752
-0.6612142037265233,0.1549899740387059
-0.6650156182524612,0.16369830819320522
-0.6670651976481107,0.17278362636737826
-0.6628068060883625,0.1705123706509897
-0.6843640942160429,0.1386928930303854
-0.6565665697973783,0.17778829888019015
-0.6609696074084874,0.17092798620157582
-0.6570391921209675,0.17666160408800743
-0.6607816472420008,0.1605190677793383
-0.6698429379777708,0.15835134208242488
-0.6780555850311619,0.13760258521736676
-0.6795020784842873,0.1520408723412306
-0.6740329448084603,0.14410102777227046
-0.6656141888751744,0.15561050525778575
-0.6752289464008403,0.16464339558324087
-0.6663289945251999,0.1599875340697953
-0.6738800683506835,0.1559086657004337
-0.6707351873795069,0.16032118456648156
-0.6671906628131783,0.15175930922519867
-0.6649433484298185,0.17190701402487363
-0.664205455176739,0.16564883506271172
-0.677864632114987,0.14650885375283537
-0.667306601198898,0.1628795556959162
-0.6631928287732871,0.17602116848322324
-0.683102449785085,0.15026275510250142
-0.6704307601868589,0.14630476569948897
-0.6613083746113241,0.17129992311073758
-0.6763529854266563,0.15719476797116735
-0.6789509234436367,0.15229277995840282
-0.6583319330655962,0.1738573238101767
-0.6720896656318898,0.14496431768172724
-0.6767823534752705,0.14226742864175754
-0.6531633739565371,0.1640249620576075
-0.6809112569476236,0.1503245993953563
-0.6605083582887229,0.16730091045524584
-0.6621393161592624,0.15892567334436075
-0.6722654546145954,0.15913435811010115
-0.6552307031903966,0.1667729690902235
-0.6724769708938924,0.15711116834531064
-0.6648553354018706,0.1689827607667415
-0.6804183653672502,0.14621594673404478
-0.6839406944662834,0.14471581307874923
-0.6752832266789145,0.1410519763265583
-0.6672610209143459,0.16590546638407414
-0.6735691259879264,0.14444692637974801
-0.6805525446971996,0.13560314049070177
-0.6708190588893221,0.15612986438724166
-0.6722544852073166,0.15391391335950194
-0.6814439950343057,0.149304989167806
-0.6814895000477708,0.1427979388396437
-0.6547645803345289,0.17760786539936818
-0.6627665066736798,0.15396378227949495
-0.6524917062828157,0.16382790059669144
-0.67870616747529,0.14992719827805914
-0.6748921538341783,0.15012979808351642
-0.6594818296511693,0.17977542159962562
-0.6707993654432055,0.14053105515995734
-0.65580022110653,0.15919398287169903
-0.6580915039692861,0.1741272259857805
-0.6692651483459172,0.14441763964893767
-0.682341522608529,0.1428710254856255
-0.6724565896071747,0.1501829420602448
-0.6747838546183639,0.1622740617526259
-0.6552322890999571,0.17948867659036
-0.6581497109840396,0.1721877700817164
-0.6833312229893393,0.14281183471876163
-0.6736984417419544,0.16094861201874683
-0.6571417038292646,0.15911955295899524
-0.6664360173017033,0.15250196625398807
-0.6517183145777933,0.1695954506854918
-0.6668251468643492,0.16219721564856462
-0.6665612809154827,0.1603237829837568
-0.6733586763890246,0.150637223607159
-0.6599822453533083,0.16166568225868094
-0.6671253726342626,0.15309222251852633
-0.6614352021178193,0.17121326788994456
-0.6751329823590035,0.13898280809053476
-0.6687448740313932,0.15758033199939722
-0.6748818508077848,0.14570721598452283
-0.6725077233732064,0.14990073108372698
-0.6851152539979872,0.1385999617343457
-0.6655774759340338,0.16769878200953806
-0.6686531039029222,0.16226262725708043
-0.6617066689137918,0.15695982038874362
-0.6781275854126584,0.1499994479877885
-0.6819179418103583,0.1503737928220495
-0.6770356380166123,0.15560930208783344
-0.6712037856934021,0.1409810175905792
-0.6778154077119628,0.15474086533324133
-0.660206883782515,0.15098491393396762
-0.6653358030941369,0.1597990676999972
-0.6702103020953503,0.16097941574216443
-0.6609818274773654,0.16959023044008878
-0.6643797185406497,0.16435881035180033
-0.6668088085419906,0.15305244101468368
-0.6613828493695055,0.17078456311831558
-0.663208481320895,0.1694464047552844
-0.6657335904195709,0.14570412311474434
-0.6635952949423694,0.16187016839273602
-0.6721814396442214,0.15597195083104454
-0.6646042728640101,0.15573667936439425
-0.6661607975597489,0.16831358259552837
-0.6706291639248418,0.1553757631646379
-0.6645640082237952,0.16554904417193994
-0.6764142705416021,0.15253288289333727
-0.6538747061500301,0.1707585827393463
-0.6745253574720075,0.1547944871366534
-0.6669553503948783,0.1662016973142885
-0.6660099843405424,0.15286514012853544
-0.6782742411570986,0.14775698891671457
-0.6619188692867465,0.16886362235424016
-0.6643839953141719,0.16625612347770238
-0.680038151706107,0.14806827283587196
-0.6585643280857066,0.16080871581272543
-0.6805877378879055,0.15311658729848981
-0.6619381841401588,0.167496268706312
-0.6779962452479412,0.15606614666647395
-0.6791522590976072,0.14793311929564468
-0.6692258859820441,0.1491099560201225
-0.6597308941969529,0.16653272584902218
-0.6628154692562358,0.17244220139100178
-0.668167298402129,0.14408150432075018
-0.6694091727367603,0.16086360684088327
-0.6638981903821397,0.15249719742183349
-0.666677528742828,0.16375202409251108
-0.6724038007259154,0.163685389225085
-0.6579147424094282,0.1644402793655206
-0.6719041069937756,0.15112632212957272
-0.6633826199146462,0.17640870838285402
-0.6734797294769517,0.15107637930956372
-0.6753752977650452,0.14686716699929211
-0.670628406235516,0.14651588593076412
-0.6781618702159452,0.1525129797265391
-0.6688588144525405,0.15608277632339276
-0.6690651223693029,0.1451888334401492
-0.6836886723682193,0.14616209627509533
-0.6662332298486681,0.15016267623291218
-0.6706608948375311,0.16098504404153535
-0.6827266081891723,0.13834995923301616
-0.6640277667592807,0.1534627937453041
-0.6651694037754311,0.1658592822709199
-0.6728487433016955,0.15087956255910073
-0.6701136427888738,0.1629914131989118
-0.6664557812197222,0.15815458857084588
-0.6774819824530912,0.14805102253554187
-0.6765120582603222,0.15347736004765866
-0.6598172773336378,0.166069362069412
-0.6673437488959592,0.16893838790888974
-0.6737547327144229,0.1640272566672179
-0.6541397458262105,0.17058672645968054
-0.6670708340996376,0.16461706084602942
-0.6707702352706458,0.14698630373613328
-0.6697998983052507,0.14950398418760125
-0.6832634708707725,0.1495860202253271
-0.6677090562740993,0.1535531639792018
-0.6612828133358069,0.16816961923620358
-0.6773765436287549,0.1463299163312543
-0.6724993266589562,0.14481693880083973
-0.6705395637787713,0.16332296910823535
-0.6771570996095513,0.1517763917765083
-0.6682928649632294,0.1702913949148242
-0.6598612420269923,0.1645305165040869
-0.6617207130060402,0.15460937339595748
-0.6729599663913666,0.15448924320474916
-0.6630804467153409,0.1629247344712582
-0.6715791220321595,0.15984495627891437
-0.6631260104080351,0.1572804676348962
-0.6646373268042234,0.1626419342608909
-0.6617129463955248,0.1518004768673194
-0.6798518320767951,0.14769527592829013
-0.6713491456806222,0.1437549546626568
-0.6678532716434971,0.1525189594736586
-0.6736576525735408,0.16429857539451365
-0.6711546377698251,0.1541725801934271
-0.6723011378555704,0.1561703085567837
-0.665652804147983,0.16257344183030908
-0.6739891225924522,0.1387244465930414
-0.6776137412292377,0.14924835900988226
-0.6568195857642072,0.17282337705851014
-0.6607179158817604,0.1569808946193657
-0.6784843437487944,0.14514891631975124
-0.6574695493103154,0.17460597923103005
-0.6674398179629907,0.15260485555366204
-0.656558775607681,0.17815460585003443
-0.674528451461026,0.14826715879122038
-0.6657800173185859,0.14947039062867246
-0.6763725330249996,0.1434180732979181
-0.6682070133409131,0.1588350703233365
-0.670077043383865,0.1549903063781642
-0.6770343710713222,0.1487228681537673
-0.6630450836776794,0.17305635120412086
-0.6695866168036899,0.1447486303749009
-0.6619150197396069,0.1520116096365968
-0.6644482740539241,0.15498472887893994
-0.6739989689104411,0.1436631540222943
-0.6638195212000056,0.15790695930073329
-0.6545338866795335,0.16430142556812202
-0.667567365990752,0.1659694735925884
-0.6572454391086564,0.1654212096868166
-0.6764308461922286,0.14522391205843782
-0.6738474460111435,0.1452846104716197
-0.6572379441532294,0.1645915508378957
-0.6660512042934047,0.16402892848745967
-0.6694082257651718,0.15939565192179686
-0.6784711125092233,0.15204128516783996
-0.6751315532304416,0.151804931649218
-0.654638969241316,0.16666894001267646
-0.6577578744519497,0.1700741271086968
-0.679932600843027,0.14261244911675705
-0.6737604648133867,0.1410105386485401
-0.6694810082077892,0.15757115951182682
-0.6727699288335335,0.1493944936043404
-0.6583290686459876,0.1635829575964583
-0.6654025538360688,0.16132225336352868
-0.6848703286393444,0.14156491295735454
-0.673708082082368,0.14296416346962473
-0.680270755759484,0.14735194644080488
-0.6537786784109726,0.17220584848627032
-0.6676226221836178,0.1482060494230716
-0.6600599910534413,0.16944873711905678
-0.6608751126098072,0.17345477591195058
-0.6747576869217546,0.15071620719978876
-0.6706661829938125,0.1638608291183261
-0.6573313473701685,0.17549831150902126
-0.6625638760144652,0.16149808344027508
-0.6800876672224393,0.14471176197963764
-0.6685392645001851,0.1520200857811855
-0.6574649388630988,0.16020736406355496
-0.6667262297569543,0.16499987240623404
-0.6684293772552282,0.1569828943201319
-0.6701759656369005,0.14553222777046376
-0.6623874341602659,0.16680899379363937
-0.6674648036049913,0.1469087935904665
-0.6661508513421854,0.16454316081298426
-0.6682058344247462,0.16524341806883622
-0.6619324640415305,0.1690761265578748
-0.6605181952370158,0.15063564181157726
-0.6583254869575996,0.1639416067750266
-0.656483428982822,0.16798652680322232
-0.6652744023738818,0.15209083860337133
-0.679027849608515,0.14726579518507868
-0.6681728614874896,0.1624667168380118
-0.6657719106722876,0.15091898864868952
-0.6569939086030225,0.1760274323757102
-0.652855296182215,0.1716131093856309
-0.670546261037842,0.1574818123245877
-0.6782798277497712,0.1567988520413639
-0.6694069370236579,0.15888597051014633
-0.6537658358140843,0.17428302623546882
-0.6616697355536642,0.16535768177055002
-0.6769018029716,0.14670221665132038
-0.667415357396403,0.15615454801846684
-0.6723176477200709,0.1598353097299137
-0.6778146758501417,0.15260129828251853
-0.661028067132437,0.17274522599625516
-0.6611750053187071,0.1535460755396048
-0.6599859566848549,0.16609918733361925
-0.6673878801094865,0.14548903710800337
-0.6721288570716144,0.16291604142298372
-0.6689520448805459,0.16624864126563813
-0.6756392629708428,0.15547879340605078
-0.6551318322069417,0.17118223092689272
-0.6636743479580312,0.15593980412174216
-0.6770348349375277,0.15789096426396473
-0.6687016177576689,0.15504470926196512
-0.6610256367404638,0.17150246255313623
-0.6837714588049874,0.14471103383593326
-0.6679660684082832,0.14934898035949068
-0.6675443796256786,0.16494909961169613
-0.682653390645483,0.14582810177919775
-0.6567207325493115,0.15873836255264076
-0.6764846680266912,0.1391536602998094
-0.6707447088681987,0.1617489896842234
-0.6689545044311882,0.14762029576037963
-0.6691557964169247,0.1557417930579223
-0.6649239755049164,0.1520780035171856
-0.6715652746110103,0.15494276402714427
-0.6542423413911816,0.17329862794973339
-0.6809381923994118,0.15179340570406394
-0.6817223733784479,0.13799482149028902
-0.6613755641929535,0.16146093759818483
-0.6582076702360767,0.16787274102960828
-0.6784189616112731,0.1515846606913324
-0.6712061570001723,0.14482760113410154
-0.6775881123943298,0.1526006065377135
-0.6753355733284556,0.1523530943522152
-0.6677273845780786,0.16332408663945316
-0.6579583479789322,0.16154479228315305
-0.6644893074129089,0.15967653426665004
-0.6574610731933276,0.1687076390899614
-0.6551958531608294,0.1733239993422732
-0.6731969285572444,0.1538733029730641
-0.6747322017676202,0.14445091650234207
-0.669069141485232,0.16123322290550354
-0.670995021072566,0.15730618232664542
-0.6715862358649436,0.16147911588375877
-0.6609398791216667,0.16430623107611048
-0.6543880897898083,0.1713365538230903
-0.6773263288601743,0.15268966271922368
-0.670788338580754,0.1557644827748743
-0.6690129290208667,0.14358175756492675
-0.6696901717509761,0.1629914965674143
-0.6702296257528823,0.15883791348483536
-0.6645801467704091,0.1483272574988443
-0.6685350453763866,0.16184573962482682
-0.6625680751120233,0.17353189906781083
-0.6640443624648181,0.16301047310906489
-0.679447339913298,0.15289086011361644
-0.6829007149401238,0.14482779136066437
-0.6733833650008152,0.15529637150620162
-0.6755468929879629,0.14962445748978354
-0.6637450538474817,0.1694635990503628
-0.668164984268819,0.16368384963711674
-0.6677836987340904,0.15911609784189096
-0.6683168693801819,0.1587404275957173
-0.6701910741565676,0.15889599108873867
-0.6731153952046792,0.14775854592502846
-0.6663184185889631,0.14735573450698217
-0.6762119426156239,0.14916665774350887
-0.6556414104624112,0.1725240689476707
-0.6813059549028873,0.13863884904817228
-0.660214676136475,0.16532265080345737
-0.6719774163241222,0.1466705773206867
-0.6664125036765266,0.1584679134158209
-0.6564773965400464,0.16151801061904406
-0.6711069716358469,0.14929091674083161
-0.6757846767424014,0.1470613300775966
-0.6695791658614717,0.16141179539758452
-0.665221733458646,0.14965791029932765
-0.65445741944674,0.17402790581420333
-0.6637841437444013,0.16347355104628689
-0.6779058701324348,0.1458101896184824
-0.6662303294848623,0.15645704115984105
-0.6562942273875833,0.1692606835811143
-0.6694954812085373,0.1517169330518923
-0.6793578436299101,0.1388559737670593
-0.6753917171669281,0.1524386073917101
-0.6632096673814456,0.17372843624947687
-0.66685513724231,0.16963502784434764
-0.6705267776187682,0.15917891488063524
-0.6649588249429188,0.17003853804011757
-0.6658279282375845,0.16464949239625587
-0.6573181866062234,0.17682071971593005
-0.668090872432172,0.16609829004080218
-0.6769712655049318,0.14517593183655983
-0.6624572116848421,0.17367896819072323
-0.6692721415264196,0.16193598793585748
-0.6723127480803739,0.14281823551371514
-0.661974255430987,0.1581116246346778
-0.6697501465398289,0.15633522618204126
-0.6792226776911822,0.1535212519826634
-0.6800940723555483,0.15045469016695476
-0.681047517815631,0.14852819577879955
-0.675103397550176,0.15147124635594236
-0.6729038671552634,0.15049097883388876
-0.6724752014564332,0.16317627850941185
-0.668768003118752,0.15059025239680038
-0.66924527143441,0.14827199729879711
-0.6790716550931529,0.143697160948035
-0.6589518409330167,0.16458047338904136
-0.6714541307503932,0.14598868538552864
-0.6626323865952819,0.17386901978627056
-0.6790977811467671,0.14085842802102716
-0.6780623437786413,0.1533557694710359
-0.6678608261264773,0.15304841843432632
-0.6686814648092837,0.1612349054311382
-0.682058397519193,0.14545054937982033
-0.6660383095436421,0.15243651838031538
-0.6558189325647307,0.1610848447250928
-0.668129760684779,0.15387786147714932
-0.6673164002051558,0.15960126588952606
-0.6630987266371532,0.1619629759060973
-0.6676338529889282,0.16493131582344311
-0.6631197196514094,0.17393206535749844
-0.6662331059864585,0.16718383048638255
-0.6587237090279757,0.16481512256599057
-0.6792345018875275,0.14155556560669558
-0.6765527754412126,0.14035562652712943
-0.6678110447085577,0.16377678858203668
-0.6606210458827312,0.16309983050873128
-0.681881323898461,0.14636039772078838
-0.6552762961466307,0.17837787153412013
-0.6754946375169442,0.15676181233070702
-0.6540042848128818,0.16555009013396293
-0.6660941130057348,0.1512193246152176
-0.6696010500772152,0.15822985092392156
-0.6690564693543023,0.14622299097101984
-0.6737696973447418,0.15131694186987343
-0.673611012033132,0.15449487470507864
-0.6737521831837237,0.1418696242152515
-0.6786416754677091,0.14092143423152287
-0.6626675015978543,0.16488699785589908
-0.664099452893351,0.15101212052944984
-0.6746995978413243,0.141727464150779
-0.6630887941700597,0.17376860981166206
-0.6702860600260603,0.16096964013734003
-0.6708878360732652,0.14617843101770808
-0.6760375606527185,0.15423068500004145
-0.6546973004377996,0.16510434962526752
-0.6652985820105288,0.16184088778228464
-0.6550353127035408,0.17762603674521174
-0.6725784467216078,0.15736507572023703
-0.6767005255743603,0.1597430266409742
-0.6559963986993499,0.17500357916155904
-0.6674044900351197,0.15387410613333954
-0.6669207669559483,0.1539206858011808
-0.6710827031509206,0.15164850047837453
-0.6631998272055093,0.15619749755964343
-0.6588159847955954,0.15882132300417717
-0.6581006816082721,0.1776687948173607
-0.6640410743854046,0.16693377349065383
-0.6656845268402409,0.16740523722141348
-0.6632463911593388,0.15906613304461542
-0.6690531595801725,0.15780435562488282
-0.6645398612295422,0.15744449752723313
-0.6750022184366444,0.15263635462667097
-0.6546816101522616,0.1629884252439578
-0.6645638947100296,0.15533727294214603
-0.6669400194814188,0.14915200221709057
-0.6515286144021635,0.1715538358139364
-0.6657841099417163,0.15952502372405164
-0.6611459623959374,0.17364757390353988
-0.6709808449910551,0.14718766627861588
-0.6730876106222793,0.15489500495345623
-0.6710896554128353,0.1496274493287997
-0.6721569099344736,0.1602745458780943
-0.6608349888017321,0.1672101569732217
-0.6735393886213283,0.1632818054730213
-0.6679427597534398,0.16101561040240245
-0.6647893272995588,0.16296395230564906
-0.6657032186056226,0.15706362367347493
-0.6704174863116271,0.1585727871575313
-0.656481812691891,0.16432583441463677
-0.6677343698305612,0.1464116789713829
-0.6563322315040659,0.16220801020089637
-0.6618014059492017,0.1555512961280938
-0.6681911714419073,0.1514722971560749
-0.6761748044744883,0.1424380160276625
-0.6617074969113399,0.17254617780010573
-0.6737756019936155,0.1494630685823073
-0.6734787238090053,0.15911309847420288
-0.6576560200916297,0.1758170538778943
-0.6597573340035566,0.15741787009976296
-0.6724479658846548,0.14896832182354763
-0.6778023636374962,0.15536327628058008
-0.6640649009604989,0.16222376562866922
-0.6610088747267466,0.16532084028598554
-0.6793355375336655,0.14743688445423925
-0.6652891719863263,0.16676808598874815
-0.6650327173356905,0.15746321425412552
-0.6733473616747725,0.1627454832985072
-0.6558895587702521,0.1729745471596974
-0.6637403975752046,0.16223326139718602
-0.6671875344032455,0.15937786650958863
-0.6820346031766075,0.14310503511595915
-0.6574294616196878,0.17146837011877358
-0.6595230320065442,0.16845115858587775
-0.6581108906768084,0.15991210786066826
-0.6693469094166262,0.16325839867226316
-0.672133228990206,0.1519560295926103
-0.6534461553744609,0.16497789594394466
-0.6676036221554249,0.15506699995917525
-0.6808292447575977,0.14498120279200624
-0.6718407580108123,0.16050883515605616
-0.6708201142482931,0.14764956504947035
-0.6646424744598167,0.15185061944783815
-0.6697904443352096,0.1616969558319994
-0.6681655592262457,0.15375034324887107
-0.6636811105555533,0.15079302294447874
-0.6646587548990037,0.15073445345547035
-0.6603270418169103,0.16094915922077788
-0.6575586554101557,0.1745577576990932
-0.6520532114047255,0.1733842468771041
-0.6631193753853778,0.1716109288015038
-0.6637464759089563,0.15780204760516092
-0.6656761045278375,0.16011064520863844
-0.6727046840368022,0.15662964270030616
-0.6806762948688675,0.14501603974652785
-0.660632248904605,0.17544117118941882
-0.6625126502058656,0.1627217443066103
-0.6730402441626082,0.15571790676329142
-0.6679351277100638,0.14998161229799994
-0.677057364017602,0.142938553509551
-0.666665916939678,0.15158589565055827
-0.6720599298549311,0.14438827264577261
-0.6664970689842697,0.17064844085200329
-0.6644102224125943,0.17079791577345557
-0.6679157836723153,0.16928073533010582
-0.6644585863831293,0.1625322363295638
-0.681215850491102,0.1465331988296474
-0.6589742349964709,0.17267298856937607
-0.6726469443049301,0.16205768576814925
-0.6789291707597558,0.15233408273491125
-0.6797942789711711,0.1516095306749068
-0.658528511757211,0.16307578243170923
-0.6551235756046753,0.17148758592172186
-0.6726441874513236,0.1525787439466272
-0.6789474853689641,0.14530044339455936
-0.6658809370346023,0.16107814751502103
-0.6767031541791876,0.1435002875733276
-0.6603982659570564,0.15261610311025123
-0.6597304810173843,0.1663904061993272
-0.6587822743509643,0.15698223152025678
-0.6594344025868015,0.1627160724552838
-0.6665358265574889,0.1549306424445897
-0.6610951128716748,0.1646983776839235
-0.6734034633076688,0.16043685586720968
-0.6640997045506108,0.1563415299869078
-0.6656997140518995,0.16142937575705552
-0.6559645707056567,0.1699542524474239
-0.6769050602175865,0.1486770791039838
-0.6596467760321485,0.15352822324097223
-0.6674651320632166,0.16156498527340113
-0.6633290053439957,0.15060062703970825
-0.6674915440440623,0.1630503225710155
-0.6739891164983902,0.15395892254469146
-0.6688607756668771,0.15161400595679747
-0.6633279045305102,0.1543415523221662
-0.6604241731723576,0.1637306823477861
-0.6623231416608393,0.158955026886144
-0.6650357057706331,0.16601245661548403
-0.6600434443211556,0.1742301723114572
-0.658142278777529,0.1575609418141733
-0.6644665371060141,0.15062827133947276
-0.6623725268903624,0.17200452895072843
-0.6662816516922805,0.1660212359283904
-0.6650062941290191,0.1635886502866165
-0.6639986366818594,0.17120541611513726
-0.6689572195396503,0.1553223996619578
-0.6693790089200256,0.15557066124586688
-0.67978302900388,0.14882036218426942
-0.6718419365336559,0.14941499084737905
-0.6673920169409374,0.16952528225192387
-0.666758065264821,0.1624668160627586
-0.6570952884656516,0.1617037324397737
-0.661689989915472,0.15635275244252464
-0.6613307043296752,0.16634320033107605
-0.6623464030599683,0.1676728061884246
-0.6716196079382832,0.15171661347890159
-0.6783811027755939,0.1513971347090812
-0.6650280276945438,0.15771949209146058
-0.6708413759968823,0.161733544233735
-0.6579709135337501,0.1571997845633546
-0.6725482410993076,0.1567977908457332
-0.6539094943437539,0.1661395242361087
-0.6597609701997161,0.15380013976095863
-0.6711232766108796,0.162567794163084
-0.6742988523020786,0.14327638454877903
-0.6551620400677823,0.16830040612694952
-0.6684440115891542,0.1521690142054916
-0.6649364136335031,0.16358967535458585
-0.6607663039559336,0.16729738927246166
-0.6730562109144832,0.15605717584981676
-0.6640394130022288,0.1538017645578149
-0.6732221178127917,0.1558895546793446
-0.6718393629010695,0.15155272937884853
-0.6611427191885911,0.16381797078732113
-0.6582981306170108,0.16475929847448106
-0.6647714846374072,0.14783274911895622
-0.6775701157683084,0.15600346171858023
-0.6647212172655016,0.1571192019237185
-0.6571058306761304,0.16364822825603365
-0.6730213590676689,0.14453995189780108
-0.6610127965427433,0.16514969651513384
-0.6723618072978612,0.15683239393705667
-0.6728508632689025,0.1482976510501772
-0.6621693725938795,0.1593351759149773
-0.6605968898696672,0.15782866917253482
-0.6602423303420268,0.171286093477755
-0.6630493605610789,0.16346661917529937
-0.6712012214129203,0.15946671374991608
-0.6676225392914419,0.1671914996104354
-0.659724008690436,0.17225771247956387
-0.6707482644688918,0.15923049408040105
-0.6732358676233843,0.15258233362286028
-0.6676572088173978,0.1494602209596584
-0.6610659757190307,0.16207030778254414
-0.6727290298161129,0.15633324978608784
-0.6578502759056788,0.15889016807104359
-0.6771945680715538,0.1551413040200784
-0.6740473508706213,0.15064204178599455
-0.6690643181478886,0.15517698966149035
-0.6648026079756046,0.1661091908184905
-0.6770000354218013,0.15683635157674994
-0.6608137879981567,0.15504326551078057
-0.6644702031533921,0.1580035251419688
-0.6771469877398885,0.14969601583324335
-0.6673384274501203,0.15204426507922117
-0.661503982837252,0.16369085506596182
-0.667098893049699,0.16777767812128608
-0.6534527599314728,0.17605782541823686
-0.6652681605381096,0.16149295520783088
-0.6753968283075809,0.15511191367178115
-0.673578875196142,0.15964301550864293
-0.6630984242533039,0.153585995087459
-0.6551942089925928,0.16829209830611694
-0.6703530201332452,0.1538079526179674
-0.6781329808172554,0.14598342955738797
-0.6733586613254922,0.14982804151742182
-0.6781962382726204,0.14792683207089904
-0.6589362169521799,0.16326146263391447
-0.6635534555795095,0.1566183421655044
-0.6689584449505654,0.16480953392830325
-0.6563295532236045,0.17668938776907617
-0.6740925933974969,0.1503215346231071
-0.6641210233238625,0.1590742281517915
-0.6673947686125788,0.15715619494198774
-0.6808874399981069,0.14612724608866792
-0.6621785379673477,0.1726303907508213
-0.6701322126896495,0.1619726732983585
-0.6760062241292305,0.15007523034215545
-0.6624960628153793,0.15269416849976844
-0.6671325047153228,0.16390483842911302
-0.6703667296554227,0.164856065154629
-0.6709897516005807,0.1525060850015558
-0.656999655713285,0.1665717771582291
-0.6597739266516305,0.16040422491195408
-0.6675214176262247,0.1683781069976763
-0.6739734756060481,0.15159213796605553
-0.6712753840389017,0.15401710570738913
-0.6732418926258719,0.16072550786602863
-0.6529215335079807,0.1659934410996248
-0.6545171804264998,0.16834093361388444
-0.6694902262479867,0.16674190630912242
-0.6603805611908361,0.1667784262232393
-0.6749201392662652,0.1476157861394981
-0.6684287782128152,0.15928975817939145
-0.6726083450823501,0.15987869010903497
-0.6659314854673044,0.16425352261467158
-0.6617910611858664,0.156189325640291
-0.6721310743751915,0.15031494366553963
-0.6769523571986167,0.1449621172472511
-0.6658197443560073,0.1525099740288666
-0.6695682540108001,0.15419730292814526
-0.6627012488609783,0.17138684386063352
-0.6601430089461159,0.1680641702694738
-0.6569735581621414,0.1637868822461863
-0.6739110514977171,0.15510192569461118
-0.6638757290966782,0.16053586229494066
-0.6716846164774224,0.16061909150791834
-0.6552700186155532,0.17196641452515007
-0.6687017625957977,0.15601697412217388
-0.6570689202734298,0.1632782366099781
-0.6591088017452766,0.17218698688009823
-0.6610338695855139,0.15836609277729405
-0.6659307419306899,0.15948143497192865
-0.6717251457751287,0.1513145431451665
-0.667520782670522,0.15886825550997738
-0.6741511859679779,0.1502868275524421
-0.6570849348784706,0.17165016752464793
-0.6666334022828413,0.1568539664599618
-0.6664726843658898,0.14995891827754698
-0.6786671905097981,0.14844412562911788
-0.671821978758191,0.14937124304746427
-0.6640694667763523,0.16008293484801522
-0.661209727547809,0.16397949956404245
-0.6579192863377219,0.16075012463392285
-0.6677731257919186,0.1689149779623546
-0.6685082282764553,0.15742640438160896
-0.6664707791400907,0.15944478653643349
-0.6648021775725302,0.1646263191781917
-0.673907505620347,0.15213541249341955
-0.6701177844085966,0.15248036276849547
-0.6595354383984169,0.1619749073189988
-0.6749399791232309,0.150117595642649
-0.6783907597263724,0.14799023643394044
-0.673150306229683,0.14849934195304157
-0.6721452628773514,0.15190927621078995
-0.6625439268919755,0.15843373956237866
-0.6718593360930786,0.15856494056547657
-0.6754372014623341,0.14935024498375796
-0.6686632943944931,0.15585143653970393
-0.6697074720430475,0.15255727485790152
-0.6589648738632266,0.1578090955789286
-0.6673827923660287,0.15374691128884488
-0.6645825982847525,0.154694724703086
-0.6592082922582178,0.16858492137287098
-0.6630876398435095,0.16956158952546926
-0.6679814647363713,0.15371290365297402
-0.6702494740852012,0.15490163860034634
-0.6734700174809042,0.1481628144418432
-0.6706546729864431,0.1625017111447047
-0.6617328345056195,0.16461469730664546
-0.6714956255620528,0.14900857758953195
-0.6566194242721236,0.16166576986872466
-0.6706966034123576,0.14553864765288055
-0.6639229712809849,0.15477934528176585
-0.6765757259002111,0.15271672334588482
-0.672452301183333,0.1514007941248778
-0.6696081522302978,0.15751145916855588
-0.6581426948529476,0.15907490664930105
-0.6570589949218408,0.1598528446214448
-0.6666941258938393,0.15473663367608098
-0.6747332547012799,0.15647578504435572
-0.6718025950606392,0.14622289989532158
-0.6560979495042186,0.1712275338339696
-0.6650933418568648,0.16356761331719943
-0.673389566042773,0.1565618433820559
-0.6787555520154963,0.152114936438924
-0.6740367577160378,0.1536679741457663
-0.6762057463283909,0.15515605406010038
-0.6586067297845007,0.1585672924950592
-0.6677673262223955,0.1530839511342273
-0.6744302742025784,0.1566734128315998
-0.6679405961138337,0.1475632632200762
-0.667409093667302,0.1534063249864188
-0.6623219006032135,0.16595671998168432
-0.6698470177803258,0.15710611618058265
-0.655598401838627,0.16959796703528515
-0.6679706280741988,0.16098857604305317
-0.6697839859543043,0.14817656872387303
-0.672239988204699,0.16322637096717954
-0.674239990590629,0.14569599039518782
-0.6645693348558621,0.1574310616054562
-0.6635360790728374,0.1583186262775875
-0.6725244376799913,0.15225365916076486
-0.6603748253393753,0.1626630897477596
-0.6617694113803961,0.15759563773784113
-0.6661534613026157,0.15615025878659827
-0.6728076425640913,0.1575014919557132
-0.669556288186374,0.16244025690970632
-0.6656140521410729,0.15651654699002418
-0.6637528821627654,0.1666018126949549
-0.6711402916790707,0.15407804728256608
-0.6767555098558,0.1542910392833938
-0.667397435149467,0.16357267292336675
-0.6585290269005287,0.17253243162297177
-0.6701019436098347,0.15927400412398166
-0.6728619177439725,0.15833499784132488
-0.671590012844398,0.15616098953414795
-0.6711717685241351,0.155082500183147
-0.6613792758649556,0.15388679743840292
-0.66341533700867,0.15727483741794862
-0.6733052585648079,0.14707443308836998
-0.6723766515405788,0.14862911127567888
-0.6624597711328227,0.1686168826680816
-0.6676900601664963,0.14839437906143682
-0.658941389461665,0.17166765384721624
-0.673854987657496,0.15099154604284534
-0.666635299580602,0.16386960597875677
-0.6709950391850475,0.15615154737383524
-0.6666517970638812,0.15952699724365776
-0.6638973036052639,0.16277394868698034
-0.6557703816776007,0.17428799135170087
-0.6584675520120499,0.17191125957165637
-0.6588537925008673,0.16818569565149047
-0.664761786128767,0.1689682813930926
-0.655367160174451,0.17263979682673844
-0.6694095770951201,0.15397492999718856
-0.6651368178383693,0.16118239361346823
-0.6674013765465113,0.16001388681026474
-0.6734474531988236,0.15245499823446607
-0.655937015085898,0.16936387491746888
-0.665338998555602,0.16008049628691315
-0.6622739954676885,0.16257262413357787
-0.674938038136934,0.14604615318144362
-0.6672113713544162,0.156612296978823
-0.6633062973106763,0.16565556059505332
-0.6669116770258898,0.16191260122303774
-0.6552196462150454,0.16911206171482326
-0.668514398150564,0.15624218328677633
-0.6616608080385361,0.15563654384321637
-0.6564473744417094,0.16657123773675414
-0.6646333919447903,0.16515861367551246
-0.665530558277353,0.15024984706020977
-0.6628781138748993,0.16289631077637795
-0.6740350358728834,0.1521937760268696
-0.6731625657789859,0.1589174722482121
-0.659784760975281,0.1571708236777898
-0.6740918029165949,0.14989988661960443
-0.6611939349611677,0.17027275305178374
-0.6709816809273526,0.155383026095661
-0.6668075561200041,0.1642878569072553
-0.6739282824176348,0.15398046036985844
-0.6616781562270739,0.16154195761719123
-0.6714743886804796,0.16297621975688054
-0.6610007642076429,0.16722122072641785
-0.6725475941324209,0.15030014175262593
-0.6613600347148249,0.1574533078115423
-0.6743407169235991,0.15392093465501105
-0.6646260996242527,0.15054173831786966
-0.6565827382342628,0.17240201807772323
-0.6656432752157722,0.16535352615983898
-0.6604714672286891,0.16367338129389356
-0.6605155030368114,0.1710676076327982
-0.6597094768286477,0.16219962743294852
-0.6748685457736869,0.1500257490029182
-0.6661482257749424,0.16368499354621052
-0.6766980800552822,0.14745324618242192
-0.6683840496328431,0.16093723090192766
-0.6693571377526092,0.16488979896309267
-0.6665871277474499,0.14840186548800355
-0.6683686887385909,0.15519147028462094
-0.67320179681634,0.15452028143298627
-0.6663245556216987,0.15320439010634387
-0.6735107408405232,0.1545399933040722
-0.6622991856973188,0.16374367430598114
-0.6718306519590048,0.16190643785117229
-0.6600535709902202,0.16454294804263972
-0.6669439462551214,0.15366876330441953
-0.6670744061061058,0.1554310920861252
-0.6712061002564945,0.1595783330854433
-0.6713812866496169,0.15007586824469202
-0.6581255388122006,0.16466478150105673
-0.6763887059129353,0.14860072255017945
-0.6731060152161189,0.15712613092081784
-0.6618533859414816,0.1675680486069934
-0.6705690555742709,0.16407118902550918
-0.6588153227699938,0.16143540238503865
-0.6629900016339542,0.15951869995423615
-0.6616692533891955,0.16407506254769075
-0.6627265581652115,0.16189895009921318
-0.6647672457763005,0.169694511449111
-0.6556962195368249,0.16445806137405158
-0.6710214937375891,0.15015610774374932
-0.6757404004909198,0.1556378345410735
-0.6612088382195902,0.1656796600314822
-0.6641750834098953,0.16118047579325684
-0.6690303278160261,0.15715994073855688
-0.661211217688913,0.15475356300992546
-0.660754970168586,0.16506702039126864
-0.6618993545597819,0.16758343731641617
-0.6714908945580211,0.15590911631357876
-0.6683271039757067,0.16157254165784482
-0.6739550659351207,0.14536985474975175
-0.661445178184529,0.16903975453087763
-0.6579923142428985,0.16517721787903852
-0.6586007159169249,0.16692495031222723
-0.6664150806161504,0.16283061380934258
-0.6643743870840685,0.15346595352334783
-0.6668911609620475,0.16411707381317056
-0.6741359715605817,0.1508220992167896
-0.67509475131798,0.14602426926734555
-0.6738312421952161,0.15360782433321185
-0.6714724909709384,0.14727843647105987
-0.6730463946360924,0.15135570903987003
-0.6668106086448247,0.14865262662440437
-0.6700274533843451,0.159390138029643
-0.6704985041701987,0.16142262917989916
-0.6732968251686231,0.15570052018308922
-0.6671725779601996,0.1604756150384001
-0.6699214628461683,0.15980016586312665
-0.6664275982344079,0.15034481562223012
-0.6623142032489359,0.16303594010358596
-0.6740524244285417,0.15128230699250755
-0.6687969007396932,0.16568363064471103
-0.6563296123233439,0.17089203649865467
-0.6656473854241634,0.15894490265576633
-0.6688937106204417,0.15071611979804186
-0.6733716294827684,0.15478054858013596
-0.6688216699354423,0.15715222519543753
-0.6660043329407214,0.15269900728993988
-0.6760444539322936,0.15206351620356742
-0.6651337844637806,0.15952070467329768
-0.664817512348905,0.16270494726360274
-0.6644085851001534,0.1602705023607347
-0.6658857323030628,0.15999499077862994
-0.6632559579117923,0.16753131264704454
-0.6663294399919834,0.15663578873377024
-0.6611864105949222,0.1633112661783393
-0.6673271522771065,0.14939151686199875
-0.6700877390339294,0.1629839814133235
-0.6689283507308961,0.14852120029124877
-0.6659151898812409,0.1524870944369228
-0.6692864781970981,0.15129338372670312
-0.6618216678486231,0.16198570726318737
-0.66841469674163,0.1539587814227171
-0.6628118691875821,0.15962119431084895
-0.660755060657452,0.16303192426799798
-0.6650930769987681,0.1539899429024226
-0.6613756590646601,0.15689351631399184
-0.6685801902987836,0.15741944256542384
-0.6546729308017202,0.17427913936240216
-0.6627649168151045,0.16309264656413475
-0.6645252966553503,0.16270521860791345
-0.6652383031042827,0.16714773997522955
-0.6601860486231106,0.1659302272292453
-0.6736688894887394,0.15118219391148438
-0.6578869996018847,0.16713166589130457
-0.6768116401400376,0.14981765677216452
-0.6731336588022825,0.14993987217311883
-0.657034276638098,0.1630999492183017
-0.6696768207408745,0.15823900396711674
-0.6550567708035621,0.16918827385352164
-0.6663362793239852,0.1510650438211379
-0.6640428603324574,0.16922859340497748
-0.6706230610683411,0.1496629381144291
-0.6595711343789815,0.1614067408735507
-0.6700759660278789,0.15739734460355512
-0.6596203347256302,0.16354781461801046
-0.6603252566860462,0.16419052240158574
-0.6694172346334364,0.154628133311543
-0.6612853604154347,0.15874690297052957
-0.6603598783540464,0.1684611685688323
-0.6579188712764046,0.15936565270952902
-0.6706433746735894,0.15505872445195398
-0.6658111489631103,0.15950479976069137
-0.6671499066002946,0.15845443037495302
-0.6697987875137145,0.159731649878604
-0.670993770029423,0.15733950160237975
-0.6645362182431904,0.15654311366038517
-0.6683277602931552,0.15606603327235696
-0.6648395237185587,0.16581518861601566
-0.6689341317984423,0.15650237754143195
-0.6625837343149762,0.15559766987493084
-0.6562448250278585,0.17377383075131497
-0.6638300384397666,0.15807131429273502
-0.6734199372788183,0.14741913493444952
-0.6640710314039153,0.16192802363694772
-0.6765210986001541,0.14747414318724583
-0.6645491087816492,0.16254408860891464
-0.6687536786245476,0.1612392761789284
-0.6598300872100303,0.1599135625241438
-0.6639229425588722,0.16477855528798377
-0.65945837145472,0.16024048001290284
-0.6570124116030187,0.16011256733379148
-0.6764779800548405,0.15168554762093664
-0.6715307647657891,0.15609357225860454
-0.674149792572012,0.15485481810889287
-0.6601688585410372,0.1642711381057698
-0.6644530658743981,0.16085546834300568
-0.6611888930905678,0.16364755229292158
-0.6631472292307409,0.1556340676101804
-0.6695122288276817,0.15343506102603463
-0.6765246429828143,0.15188533504385904
-0.6664318472023741,0.1513291460429564
-0.6654869769807361,0.15695249127035027
-0.6754171912783814,0.15079621906268997
-0.6666785460626732,0.16476761411080976
-0.6723184349010263,0.1500551103171204
-0.667374627436249,0.16071255549113525
-0.6608252769357585,0.1697082813594303
-0.6575642390193377,0.1654326165668157
-0.6671205758876956,0.16257492330997286
-0.6683885454635934,0.15279938670336288
-0.6652570626562015,0.1689979550020349
-0.660799569576336,0.15836541803092521
-0.6639148137357852,0.16283209248581446
-0.6657552911351594,0.16084711189414602
-0.6731789776082104,0.15071340982545692
-0.6607654497951011,0.1685445968644046
-0.6608823139280673,0.17014915911313042
-0.6711903519274077,0.15699888135926196
-0.6662728653335761,0.16311593192274815
-0.6674161774989007,0.15310857686477547
-0.665430402689834,0.15492384174206641
-0.6656220314357253,0.1624980594754891
-0.6699630716165156,0.15211585027753785
-0.6621385221742703,0.17067257099902589
-0.6623253448328141,0.16545050323203123
-0.6640280403927273,0.16046526948484172
-0.6609399652936127,0.16397048667572817
-0.6582072373887977,0.16610890943349643
-0.6657349991520269,0.1580868962400377
-0.6638702302969614,0.16364001000777825
-0.6606229308022846,0.17080106729310587
-0.6599669183672084,0.15931458697967552
-0.6570545893496549,0.16947400590001827
-0.6641022501091318,0.16405786325180202
-0.6631706061081413,0.15884686936928386
-0.6732814509320245,0.15488664591167847
-0.6647508358000447,0.1522597777803543
-0.6653627100425071,0.16315126318656237
-0.6661830105184192,0.15393402710063517
-0.6654996469078742,0.15257400907219143
-0.6676470748551026,0.14934435748225117
-0.6730715602317036,0.15391205340083097
-0.6692486825908427,0.1558068673488952
-0.6562924140043592,0.16735503527744447
-0.6631213650402293,0.164916035900745
-0.6626252962055024,0.16436643757503722
-0.6572297826765201,0.16849267875003862
-0.6683113653360128,0.16199030395597
-0.6716296783352174,0.15356344266587252
-0.6641680439594645,0.1592323514961921
-0.6603294139428876,0.15907884124277835
-0.6612934021923661,0.16582815523118435
-0.6682784898066649,0.15844041607046092
-0.6699479926820732,0.15033885990513166
-0.6607986989960201,0.15898600683291533
-0.6686542181167445,0.16445564588204745
-0.6682487180290331,0.15440364906816037
-0.6704360804118845,0.1574650648570166
-0.6702195435229481,0.15913990032392705
-0.6628568010259549,0.16684510999216387
-0.6580983576365736,0.1670875021934856
-0.6662228741836652,0.15084376642754466
-0.6671347625733216,0.1505981381088706
-0.6676980868340402,0.15817314405150543
-0.6696343401034592,0.15086878902324896
-0.6564179941575112,0.17043572505509294
-0.6611439686665439,0.1679953914866332
-0.6705702982449174,0.15553412309273798
-0.6767308159820665,0.1506424702954937
-0.6635984094519003,0.16861646373203606
-0.6578341643778617,0.16518078778299602
-0.6630524623367108,0.16020727457122588
-0.6645055444191749,0.16018409280691717
-0.6743266174210507,0.1492746225694841
-0.6588716442652227,0.17141435903557353
-0.6549455133534448,0.17188951160291602
-0.6693027746949554,0.15755971880891162
-0.6648107733368236,0.16385446491037206
-0.6701533227465293,0.16136626525009587
-0.6711306273592951,0.15837266463356292
-0.673160917368136,0.15386615111614918
-0.6600902065351685,0.1589912061788143
-0.6605482803176747,0.16229675061614407
-0.6719287921165412,0.15078907776402806
-0.6580186345118699,0.16321130133054151
-0.6723999995224011,0.15122748453008325
-0.6657306753845467,0.15344063641463257
-0.6615302573547515,0.16132376020474845
-0.673402764315016,0.15590372672125163
-0.6737830297712389,0.15316285189506013
-0.6703094325386951,0.14931715751890978
-0.6734881297829968,0.14994389483371
-0.6757019958074925,0.14868533517264793
-0.6616232754130972,0.16143815922091234
-0.6755632785085803,0.15140875112806557
-0.6655145602548885,0.15699702287212514
-0.6591146494964093,0.1594286357108523
-0.6631459232347261,0.15955386552273165
-0.666371968572889,0.15744095826093027
-0.6607799688012225,0.16423746972608866
-0.6642719526028507,0.15598014155209255
-0.6641011921610243,0.16494109577761934
-0.6737602126683168,0.15499969876397307
-0.6588253183458618,0.16376088424717775
-0.6631826194786424,0.16222700112349697
-0.6581271836923875,0.16322830160041585
-0.6637587648145281,0.15579608463715122
-0.6674562381369042,0.164501912888409
-0.6738046864234754,0.155047299985843
-0.6617533083015525,0.16982537972671174
-0.6666705329725352,0.1534418723732866
-0.662201068653136,0.1563559308612692
-0.6630106602301347,0.16075891230366263
-0.6648423710605378,0.15499664163236584
-0.6721779765312932,0.15308841022796846
-0.6659423242691566,0.1582038395908694
-0.6698216825513297,0.15501554225449113
-0.6634436853909754,0.15556734860586785
-0.663482594568059,0.16258330932411405
-0.6634082791619307,0.1641950914876907
-0.6706249346659541,0.14899457902265634
-0.6575687386072511,0.16716445896549886
-0.6642620988779684,0.16104978096708747
-0.6728321056226564,0.15262689820242356
-0.6636656385026276,0.16836777953865809
-0.6661835933555463,0.15934779733005106
-0.6560220828698105,0.16484868592389681
-0.6681426851457205,0.15130727227566013
-0.6616660169659984,0.16903624607477244
-0.6665348792935615,0.16539122094356484
-0.6716058156808882,0.1586926203305913
-0.669455740288877,0.15331656554430773
-0.6584066995811106,0.16422305939195753
-0.658507727068569,0.15960068624083906
-0.6736873866482499,0.148357164187869
-0.6699735529124601,0.1534434746412499
-0.6599071469328424,0.16947407150582705
-0.6646515239960852,0.16779518271706204
-0.6592903148831516,0.1714529726269752
-0.6678411511368333,0.15645129870801394
-0.6667622126926201,0.15626050825600316
-0.662469045227939,0.16324134283322048
-0.6592422144624788,0.17066043802048553
-0.6677783173045475,0.1637075537359281
-0.661153273291163,0.1649505475140256
-0.6636546386345975,0.16486287780629824
-0.6591455646177753,0.16779602609514285
-0.6662856746765752,0.1625002049777382
-0.6637886784177158,0.1623273573954244
-0.6593443219964927,0.16887183496965197
-0.6667498096426046,0.1532874351517331
-0.6641747880665196,0.16590672989589447
-0.6573806100301889,0.1695237751321059
-0.6705003315890985,0.15504104462009363
-0.6670330353629038,0.15716501523538265
-0.6716195604703055,0.15890987248025365
-0.6585130412815619,0.1587617468602155
-0.6666512863773494,0.16168869948574083
-0.6626558892352116,0.1561203029385881
-0.6670021753118984,0.1571603425762274
-0.6639212111553014,0.16638616670837378
-0.6681571807631461,0.15791377369220924
-0.6575887961765472,0.16740836268768589
-0.6618434738339941,0.1603998756690798
-0.6709045049396912,0.15461797085489162
-0.6547997995112285,0.16968920062051207
-0.6670470981561394,0.15475074038496847
-0.6604338789041291,0.17074377305506033
-0.6622903668229472,0.1576314927864784
-0.6661872426017289,0.15915886432140328
-0.6700441587796495,0.15776334796176747
-0.6682929202400577,0.15899228654187983
-0.6589557160005136,0.16485472501800455
-0.6640018891869484,0.1544145543222398
-0.6598922563378804,0.16946002661962511
-0.6590275687290323,0.16393756459296552
-0.6681236093515736,0.1605824896906596
-0.6616622524312693,0.15858813733622937
-0.6727850604454335,0.1517562086173629
-0.6601302697197814,0.1670735401128293
-0.6657404328053906,0.15255064320200434
-0.6577518415297263,0.16721135302987547
-0.6679992031597514,0.15990981603413867
-0.6632149044129865,0.16443841655201383
-0.6670123858764448,0.15799866104380983
-0.6731982049183182,0.1494601365166231
-0.6646562332405778,0.1612140975828876
-0.6626749923523609,0.15387201447353877
-0.6668232399466756,0.16156429977670225
-0.6738159890881716,0.15375507060106255
-0.6661480504334987,0.16497884585269793
-0.6693409407590099,0.15557186186289243
-0.6676959786764614,0.15314512366172178
-0.6610884454920515,0.17047016118149283
-0.6598388415992437,0.1704005577677625
-0.6590861139043651,0.1687151123000905
-0.6627261576082173,0.15728579763828085
-0.664315365118341,0.16414012310496556
-0.668966380817106,0.16310849175382625
-0.667544084263101,0.1644534231719988
-0.6616507369026832,0.16716380471979683
-0.6722698462569234,0.15021529326607344
-0.6620873911188239,0.16540436514863333
-0.6620593397676394,0.16049102355518358
-0.6683869643736793,0.15587674850649963
-0.6675481692306808,0.15736573634895326
-0.661691621355857,0.1668726261151907
-0.6733977444631356,0.14874981921917071
-0.6709283864384362,0.1524637730351994
-0.6633507248666454,0.1624112684688429
-0.6659037566394146,0.15354090047316732
-0.6626233643608705,0.16560601609608103
-0.6616449718041918,0.15925352284075842
-0.6588121232327457,0.17181136095687435
-0.6618012518907318,0.167483335960298
-0.6635173095102522,0.16657157020469301
-0.6705502699106198,0.15471847591106372
-0.6631840292999178,0.15768529008866533
-0.6633600218857377,0.16494472535868915
-0.6609533821121257,0.16231715499347318
-0.6713294558821998,0.15202140346229667
-0.6693733387293218,0.1523147518600699
-0.667515880885759,0.1578770294753213
-0.6697009154009922,0.15325993340152644
-0.6739806503968384,0.15360785497721358
-0.6690430152598585,0.16158842499070641
-0.6674824818767116,0.15273282059716317
-0.6723927568806718,0.15492713795652893
-0.6717664672929585,0.15837471368384876
-0.6572977059715186,0.17094088900854357
-0.6653381598013416,0.15943578955911522
-0.6696687552677469,0.1610790339046221
-0.6675164927360719,0.16395107855505234
-0.66328873940245,0.16028582709684341
-0.6619101155046992,0.1570642821179891
-0.6695675856375366,0.1563711144903798
-0.6587693617365875,0.1714260013996572
-0.6688978290721934,0.16009272249496784
-0.6634089397418712,0.16404102076412672
-0.6615992124971098,0.16467421494522744
-0.6605862991647914,0.16061450294253984
-0.6598231160953693,0.16537376194970016
-0.6626159467161042,0.16155182392948983
-0.6604615976876029,0.16423200304464894
-0.6667431156131883,0.1559937128717681
-0.6748179979330571,0.15052713782078214
-0.6683007671634346,0.16313329640791394
-0.6717722509811865,0.14979529128017705
-0.6707772072918117,0.1548501099262556
-0.6634026325854854,0.16563826021309558
-0.6622291485671306,0.16706846338204678
-0.6644757805762282,0.16077193024269865
-0.6734795923528042,0.15006230225765926
-0.6680321301148053,0.15461802567447278
-0.6646574167515248,0.1596519462846881
-0.664758388868569,0.15448068009913118
-0.658245793843482,0.1637280905826038
-0.6698202267812523,0.15952648942958533
-0.6661498355062287,0.15645652904118426
-0.6630252774818092,0.15637685973543222
-0.6606081556754811,0.1601361038169798
-0.6555962349126239,0.17148309357247563
-0.6610007446513056,0.16774214077531838
-0.6637097042086321,0.16810785362753272
-0.6687634133234515,0.15916017332666627
-0.6629625095661786,0.16644952732746712
-0.6609095929151932,0.16755187037403277
-0.6641948046086219,0.15328903757549675
-0.661810191888422,0.16270304088786144
-0.6664533671055736,0.15906717472730125
-0.6692389617012215,0.16014966093406166
-0.6683759273083539,0.1531295660580238
-0.6657201384491016,0.15715076045823412
-0.6635713328886449,0.163820216422573
-0.6562179341284206,0.1640378168530917
-0.6684950682703031,0.15171712999904818
-0.6647707308800158,0.1602006679449749
-0.6682497625309296,0.1558994226878513
-0.6625096648001773,0.16677585679838958
-0.6604797762815843,0.16750348604016957
-0.6646043302109975,0.1583985308537846
-0.6574337206979074,0.1687801069778765
-0.6684490372430787,0.15926691979512902
-0.6725457638325738,0.15229871960315278
-0.6638671603987344,0.16284918706424592
-0.6671126881072937,0.15662108983471887
-0.6634775878740039,0.16105934258119234
-0.6656596990378185,0.15483281166604815
-0.67012462146133,0.1558268462718273
-0.6650676575386351,0.15997702322050505
-0.6600365741713842,0.16617832832445462
-0.664778053502556,0.1662754629013594
-0.6719965660153395,0.1540052595169267
-0.6605626722814675,0.16101679346816908
-0.66109926662438,0.15887585101753887
-0.6675443515534376,0.160757146209853
-0.6714242764466966,0.15412145990729836
-0.6634066482340611,0.16836822918722083
-0.6657803645620202,0.15343889951502074
-0.6714256947368374,0.15739519246783867
-0.6614973168513224,0.15903285344651272
-0.6636237810087829,0.15573206461938469
-0.6589442204289367,0.16288316668518366
-0.6651632335943898,0.1618512178212083
-0.6659517362098766,0.16122718374252704
-0.6728374509848065,0.15355627085543047
-0.6678748755660355,0.15507291342759003
-0.6635519283439966,0.16169262109482255
-0.666359996239536,0.15951995113880996
-0.6716149134747408,0.15676426277533315
-0.6643993360651758,0.15625943596829622
-0.6638927696199464,0.15842934221280866
-0.6697588934863633,0.1540476566710558
-0.6666750259681269,0.16103690351731198
-0.6668061448316251,0.15430373451873855
-0.6707381550191706,0.15343644825378697
-0.663305152807974,0.16478213994699661
-0.664852171390776,0.1606311533269144
-0.6646477180841031,0.15437803766060412
-0.662956231242791,0.16060423533404772
-0.6701247054026409,0.15205787036073828
-0.6665581186707472,0.15981263911717064
-0.6597425873169716,0.16017418168137423
-0.6585742619090281,0.16745953153129575
-0.6641322486781313,0.1676752761785485
-0.6655222431082362,0.1582947373557009
-0.6597554062305332,0.16459073450383294
-0.6690165984835275,0.15206586675592682
-0.6718975840971292,0.1535162097221618
-0.6565028156241525,0.17121141571469056
-0.6618208294401831,0.1650815293997633
-0.6687534498919965,0.1555008016997934
-0.668879684044356,0.16049247521259014
-0.6610048736936025,0.1676902929802204
-0.6647524592629087,0.1615084895402424
-0.6596990332263275,0.15911821835633713
-0.6579660074235815,0.16917422024137133
-0.6659508865097521,0.16431996843691524
-0.6666813075000763,0.15804477502442094
-0.6701468738597269,0.15526515822677325
-0.6716187406916994,0.15197468814229717
-0.6617280688563991,0.1565078741446352
-0.6687794064853706,0.15936294358146713
-0.6661074552790236,0.1634449656031143
-0.660890441597562,0.16545116381133096
-0.6702272861035912,0.15384022413901785
-0.6632182451964495,0.15512462467053864
-0.6714298121746661,0.15244821549512283
-0.6721708450461663,0.15424272056450683
-0.6558378123573182,0.16752691889363647
-0.6709268445681609,0.14991689284869741
-0.6599013781466424,0.1703391745801319
-0.6630557843128789,0.15782953496208169
-0.6608921329307834,0.1650178847203252
-0.6624069370293889,0.15598085240232962
-0.6688629011637336,0.15558579163609584
-0.6672589725435686,0.15692088634139842
-0.6618706162664016,0.16751820746505647
-0.6618338497110909,0.16297899152793477
-0.6625321950960715,0.16404837659813581
-0.6680086822958672,0.15715771768625672
-0.6657277385082386,0.1631784877702647
-0.6652321586822548,0.1560020545308959
-0.6609006168816489,0.16696161836908832
-0.6588808509520226,0.16101632090606946
-0.6639417434814513,0.15896595999736457
-0.664620608008647,0.1547631432773659
-0.6698479186457429,0.15388704195487513
-0.6595577451776786,0.16938206804280528
-0.6663887723634656,0.15954786109141983
-0.665922625448516,0.16561521100349655
-0.6678538239446348,0.15902042184568835
-0.663460624541153,0.15772195312551185
-0.6686974498636761,0.15935668103661846
-0.66160700093794,0.16263915220507164
-0.6649352078802485,0.1611625579858175
-0.6566712801771428,0.16988131067814033
-0.6691763946872683,0.15973927534752846
-0.6616754718368667,0.1630014812933793
-0.6639570441801262,0.1628284521344757
-0.6589799856842259,0.16923365484418537
-0.6604848581106731,0.1669521599387626
-0.6654427116600006,0.16257531182282375
-0.663731985538472,0.1589997668062596
-0.663119555870209,0.1599262068660802
-0.6646952977421366,0.1626052198737042
-0.6662233584800273,0.16175163847863228
-0.6606423350337631,0.16021080278348196
-0.6648285017665811,0.15693880703875723
-0.6629759807350502,0.16754893349544034
-0.6622735116649384,0.1668073508790188
-0.6605228124651106,0.16551760441119628
-0.6648623927777431,0.15965749000532667
-0.6649807672488977,0.16140420471975148
-0.6670021629145166,0.16372286001478095
-0.6666517590238233,0.15976615866562147
-0.6640014190510265,0.1644385068960091
-0.6627946557799048,0.15743535990005586
-0.6652084040340261,0.15527059738428653
-0.6631917766387072,0.15931702117286153
-0.6625283818437884,0.1663848058256781
-0.6684806337709053,0.15339207359405432
-0.6659396483690075,0.16187317321425487
-0.6703722835142883,0.1549845567754351
-0.6676835394883546,0.15837829022509392
-0.6621693022523458,0.16796385145493042
-0.6619828724144051,0.16020906360549966
-0.6716060341144263,0.15334767912086092
-0.6607061499332195,0.162897728984776
-0.6684370385163816,0.15571661663102548
-0.6677222182303646,0.1576040301631287
-0.6641453077014098,0.15663450558166495
-0.6656355527824734,0.1648447937220421
-0.6625519449313283,0.1592048252763951
-0.6664256382813631,0.1637182369380524
-0.6670606316558976,0.15552191860936357
-0.6651757055431352,0.1547179214713408
-0.6625818882223473,0.16235028918344932
-0.6613898864826879,0.16586500452157618
-0.6654788696599813,0.1573436972879777
-0.6597721389975636,0.16370256058732616
-0.669825161014476,0.1559262997105756
-0.6605586584384926,0.16433072855712974
-0.6600393402398241,0.16349065152268902
-0.6639831212773515,0.16006436216719674
-0.6673497811311275,0.15379898261472708
-0.6619071201242503,0.16640768577699758
-0.6612048718741164,0.16110396525098108
-0.6637708153297512,0.15690858069122668
-0.6673027332144111,0.1546383584294024
-0.6589095374495251,0.16233625742554855
-0.6699948000836882,0.15455349404601454
-0.6618389184590521,0.16310338539354033
-0.6594109050709954,0.1688749790914119
-0.6648658620255617,0.16001849205784374
-0.6638557215058518,0.16010100641880534
-0.665892163457539,0.15459457134516538
-0.6709058565246829,0.15583500162706845
-0.6688291555243925,0.15954185841693103
-0.665723358369915,0.1588661022453368
-0.6672628868825318,0.15791608116381006
-0.6595997914955797,0.1639246150269194
-0.665520875818968,0.15739880713595647
-0.6598898370121055,0.16795946247283286
-0.6622408154472801,0.16384280279992972
-0.66152004593306,0.16455107954784584
-0.6664425438186093,0.15575682125750878
-0.6644131013194379,0.16386365785292306
-0.6673846841710305,0.15784837015648995
-0.6599758302625213,0.16628419137827863
-0.6671979166370995,0.15877000251273346
-0.6608506374116832,0.16422159357247026
-0.6650583469144173,0.1600216530016385
-0.6613752256775705,0.16392954103604293
-0.6595232236910398,0.1681151872764274
-0.6692111520010758,0.158398914416519
-0.6686544547251041,0.1595591702872585
-0.66604642781407,0.16193021956409714
-0.6639472815468507,0.15885058618039893
-0.6669162572328506,0.15816340276785085
-0.6676929778524849,0.15837708833280986
-0.6643515254632811,0.16477270205537903
-0.6646256344487388,0.16264639463667382
-0.6617110902869278,0.16275430736176247
-0.6622725531753222,0.1594019625348924
-0.6664484535154338,0.15496956907272194
-0.6612935593766099,0.1644781681048492
-0.6642111756804088,0.1616944478799904
-0.6610958382336897,0.1643474816032104
-0.6613244591883747,0.1641173299287912
-0.6646145345620834,0.16148796353885725
-0.6648106840289558,0.15656046364592072
-0.6619635676059035,0.16070800851746528
-0.6627992088178296,0.16290495248731798
-0.6625828488292019,0.16074927230863104
-0.6643310523549649,0.16011232114756435
-0.6622134300912264,0.16097887536621977
-0.6617399083462104,0.1628615807739071
