-7.106084894880065,-0.6674179863952548
-6.72951895271848,-0.5229669677414016
-6.18395499171961,-0.7232348156762504
-6.020819693874746,0.29267710386335677
-6.386294549805046,0.057774629140234166
-6.047584166940165,-0.024954297306399167
-5.646595621494209,-0.7384061639675497
5.70355353550381,1.0773836394341583
5.403303570247533,0.3606902458968757
-5.766471575133889,-0.0946191007860992
-5.6971595358731815,0.017328222593334195
5.052519497906539,-0.37654635712111967
4.919723243589255,1.1428945557469448
-5.332684301569904,-0.8618035430464307
-5.256153133060755,-0.12129915622164844
-4.966610998654324,-0.29100879514097633
5.041601416738881,0.8656058923840649
4.980947218408933,0.8284764343918092
4.70786504425286,0.2759073547882193
-4.925391463110741,0.7894729342757221
-5.086375125075194,-0.6603695565732417
-5.05019294923869,0.4746595864183473
-4.840563433090459,-0.9833314022012525
-4.773392191510524,-0.7753794427020576
4.61768601008463,-0.6458883471833496
-4.941159556260075,-0.09465783270252155
-5.090507960961508,-0.27355236951928
4.405873663555605,1.2279364430234156
-4.720725709140679,0.8989877097444176
-4.74669219619019,-0.9991606858802273
-4.685249385682681,-1.146142078519791
-4.519087200583513,0.03442762956864424
4.0645758168109,-0.445926241015658
4.11443807729377,1.304032612229421
-4.348239489980384,0.052131519632369186
-4.3990597086897445,-0.31132490020356696
-4.221442977247219,0.3791462983186623
4.20427728612893,0.5828639672622301
-4.061055536754025,0.47543766925302394
-4.028672799150944,0.591668788486043
-4.246969699006441,-1.085600266064945
-4.280933471833692,-0.17109690470591407
3.7101357359211824,0.0830503704222467
3.7942835428080346,1.0538515744159933
-3.9898308913120046,-0.12524431272283762
-4.13653409641413,0.17096505488547045
3.566488229903151,0.5985667624971442
-3.863776234504729,-1.077196395302634
-3.9168893214467277,0.1485389364481636
-3.9708124277397068,0.3204196823165585
3.7740621124878135,0.8207125263409729
-3.746309771693451,0.9504569363159727
-3.9569999474402686,-0.4160172269554083
-4.016772236738103,0.08302644313706674
-3.8347436931070717,-0.20638989859623458
-3.7747355640076123,-0.7404205896576562
-3.913172674071523,-0.007584586760362674
3.3946242946510825,1.110141972281064
-3.6994554689896293,-0.2426364072850927
3.523884509584714,0.6126599272250302
-3.777585403076057,-0.7415436731981729
-3.5189606785833414,-0.6976122152724391
3.281735408696908,-0.37731816398749174
-3.522552569509684,0.9162830185614296
3.023754092989314,1.466472666714402
3.309825008516438,-0.08713575837005949
3.2807662405180484,0.605606289871985
-3.672361479161071,-0.0662616937730338
-3.477051358747147,-0.508925995450983
3.2784184581857745,0.8799124345135538
3.1100447498653736,0.06730046964501621
3.2521037880214996,0.13346785597962557
3.104608240910391,0.8158827232353134
2.962109467122423,1.0540620262634974
3.1335923471820846,0.09947913694241708
2.9841735041063457,0.8062296793042574
-3.2835603928867845,-0.1217197509862801
-3.126009207374718,0.4364053948182043
-3.1217420102753586,0.15247479794897975
-2.982634146805321,0.48123916810664896
-3.080608060982919,0.6184434640782132
-3.1346974863457504,-0.6637612227288541
-3.1374895227350916,0.11441672219318158
-3.1025081930848932,0.536486237654386
-2.7905873659787908,0.8944398836535392
-3.135219607615224,-0.05487744637336129
2.710506050071438,-0.5259040142725255
-2.8339504380155347,1.1020665389717441
-3.089271046398931,0.08941805100148749
2.7810751122921413,0.6925233290512125
-2.9377972939293455,0.19064493661742166
-3.053764734627926,-0.21698843755952074
-2.9962953081178476,0.3632000053337706
2.516977952178999,1.3259700388965456
2.79805052809069,0.5243025490953662
2.6630339278102024,0.5605882719054553
-2.8683359990895534,0.43495756956873516
-2.9689503341367405,0.08327800674735432
-2.7241639966599314,0.7284689018925836
2.58171360679667,0.4852235418037145
-2.7877126370170955,-0.991355198928697
-2.5423031721401554,1.351073983518886
2.592571246490392,0.08399282590527503
2.655381840923887,0.14060586518271403
-2.790983983803473,-0.32846631719884634
-2.7529703681302067,-0.2407247500328837
-2.871420135656212,-0.2426647563695226
-2.805330468975047,-0.6071182805668681
2.53448945021729,-0.2525275879506224
2.539121460632341,-0.23199953896962922
-2.6729258147144113,0.05624487071994062
-2.697109547135833,-0.8824989105741758
2.42271849079169,0.5788014937543465
2.6059861665974693,0.08713381899393272
2.436061151720958,0.27449459043032176
-2.7799758544710844,-0.5229485794217026
-2.738901764232789,-0.7607200763300576
2.4057301460204505,0.14323602268288835
2.407220469594378,-0.3779888614645812
-2.3542774081580937,0.7620149952463644
2.1222141653165365,1.2341421128536385
2.149954659011923,-0.5805495567288788
2.0759018657248958,1.2861524089726133
-2.300816213586003,0.7685078690970311
2.3324842285968974,0.5774618799218308
2.249335126650118,0.019145465048820587
-2.524830547924695,0.5249120459427136
2.1863512973984958,0.9582248715327514
2.2294040969734534,0.44646608378479535
-2.3814845996755043,0.5870143188575303
2.333124089911684,-0.11561972453730696
-2.4055502597138836,0.3408787563590705
-2.592178235233319,-0.17978774054865831
2.2715338687731785,0.07519503975257724
2.272835394362828,0.10344836968791267
2.137406211715617,0.6847813468135643
2.2450306334628203,0.46491879351552085
-2.2753756704580335,0.4739502915967391
2.1562697514614735,0.2543761647057405
-2.574434993707512,-0.5228603992757369
-2.508215286502328,-0.7251923238822787
-2.461671953466567,-0.274823306001908
2.060834068921403,-0.2799812732853241
-2.4666773037794454,-0.5603197112955368
2.139462002038699,0.21940957644165704
2.124497834979853,0.058295073627438396
2.070783786161072,-0.056809927287424816
-2.49588238389671,-0.43869096576049627
-2.2544873073311322,0.2219061264019947
-2.234420870628121,0.24514858830924846
-2.2202337490659243,0.31351389098088767
-2.2363726643351316,-0.2521608417602401
1.972950554002363,0.019358090250523066
-2.175746606453535,0.413551055539938
-2.1954999621360214,0.27417917564251953
-2.161877751236296,0.5190838376178241
-2.16140301279843,-0.9895959400074916
-2.2611767042982405,0.24030392821488689
-2.123507556928697,-0.04694058591690772
-2.0598322700629073,0.32943599950171926
-1.8823620017967402,0.9996306269457281
-2.0485028194272084,0.7602653275828041
-2.102602602735383,-0.05013772773030641
1.7929273307365932,0.8052687549067234
-2.2303404606451163,-0.2990651660976401
1.7576116712110805,1.0177668862973235
1.9678148862710776,0.24515327895426098
-2.26380490283035,-0.16458347189116598
-2.1855058119682638,0.007701787353280775
1.6987806337384157,1.013594845418504
-2.08356210707759,0.4134803630559683
-1.9448663265048765,0.4128521515728809
1.8106719468228332,-0.7233856333050493
1.7263576967066085,0.8101010256044638
1.6284844918246832,0.8932409823179601
-2.0130260349543043,0.5921599790583325
-1.7213216220383407,0.9478031592678883
-1.833829064299049,0.6982584191252542
-2.1514072067328485,0.1045616312225091
1.7640319129778017,0.808200171927962
-1.7957762161270183,0.7142486549981663
-2.018740024186913,0.33856813122841595
-1.9512012647439303,0.10425031445132131
-1.564605979252871,1.0097977511114027
1.7906779479702326,-0.17410742679982844
1.5411050486013758,0.8487465812872581
1.6158472999411413,0.8314413100020118
1.6424034398404885,-0.6075215437764937
-1.8941905837013042,0.4153588562230146
-1.957763182344027,0.21918311698185736
-1.6626396083341872,0.919839873491082
-1.9458961565462853,0.03985180832550994
-1.914204123810459,0.563975938313676
-2.0267769823620165,-0.6080360819987931
1.3994723391435633,1.1855535977670244
-1.6364462762537626,0.9685416519531497
1.6400686601439174,0.6120002655583539
1.5687623774307622,0.7208391794723228
1.6354455832585457,0.6614910124484987
1.581975208933117,0.7268141797879165
-1.8486117932258062,0.0005492214110971627
1.6629201810591987,-0.02000623339730534
-1.8821678630293421,-0.02138934412306038
1.468654820493021,0.7580809135588895
1.4671499497880358,-0.7200990969847065
1.59237025766473,-0.3217212666974974
1.6016077932435544,0.023099875119929072
-1.4535122338351458,0.865584953738651
-1.7406372245730253,0.6081621340011149
1.5478374096196252,0.372775291558616
-1.8936101611765879,-0.2637028593242474
-1.9442231110710984,-0.3861535253575025
1.6043133900965658,0.06186275480203608
-1.912628911077668,-0.019886727448091515
-1.8099988992258715,-0.4466107487259757
-1.88687191205579,0.19985390752612292
1.4891980740273183,-0.39498623204092986
-1.5790890227190915,0.5795463117201706
-1.7356232253838133,0.032711799722377255
1.476053600510906,0.5416691708716747
1.4762217085127916,0.5193379086441031
-1.8859482113973465,-0.6319140489722735
-1.8557338312359715,-0.05133657065722606
-1.8042741520048415,-0.1836535687601565
-1.5824845410398047,-1.1485347068848328
-1.7921505869899184,0.060453108794882075
-1.7203023051882684,0.12290624315306986
1.426605206271218,-0.517892559756351
-1.5760468717867273,0.6481565442697405
1.2317081698682595,0.9117705392953297
-1.6958914120813013,0.17920424866038162
-1.7987842113544237,-0.25261831787424266
-1.7648484392962664,0.14293918734311584
1.2980594149511806,-0.6691030563151371
-1.399838353689344,0.7484877469311675
1.421530513268716,0.12082482024892661
1.3857882977390863,-0.17354964941988818
1.3319458695526316,-0.28630867630147305
-1.5123029622887836,0.6552431674875663
-1.6501553360588301,0.4098765196712324
1.3162396822195437,0.7592083377986754
-1.732153671531495,-0.8129487128980855
1.3005637774135088,-0.33920397522417867
1.3288558276129279,-0.36833641988611326
1.3751795080585276,-0.023037210653966883
1.3546170558195796,0.0019851588532082977
1.4221341331493484,-0.1313823748242512
0.9000808074858668,1.2326960107315437
1.2422720038392954,0.6947989112008134
1.3040531477207946,0.4765798567955995
1.3888462571998157,0.21923565238057033
-1.6350902240873009,-0.23446384574399842
-1.6581924365178027,-0.8107364935083987
-1.4851113691043896,-1.0740005075220218
-1.5811866730806272,0.22604655338505406
1.143199883387243,-0.6946221730931292
1.2064364213820256,0.5586300987711162
-1.7112064222558234,-0.32711868088808993
1.261094966079971,-0.36555953260035473
-1.6269134668552496,0.16529903915066138
-1.5760719737363733,0.05872230246907672
-1.6195903694995177,0.008594763753518538
-0.6022785402408617,1.303185640026149
1.2679706321383795,-0.05794000752814242
1.2960184880386512,0.1146921247576747
-1.4278423004199556,0.37406283759284875
1.1647098167512906,0.5204553144609442
1.281252328011245,0.06497580355225975
-1.4684517873132437,-1.0561606391743419
1.251308148298038,0.06354504814089784
-1.2861732960163974,0.5717266449364754
-1.2891564638196542,0.6895660713725426
-1.6150935934642905,-0.5309347739803989
-1.2844299297106325,0.6450287154979357
1.2376079359845304,-0.2096457588522077
-1.2890317637649285,0.6183408880159638
-1.5278501822602037,-0.4679844274777906
-1.5918272109034548,-0.19539341218438938
-0.32529228424534634,1.3968999721476794
-1.0662618924068576,0.8494270186304219
1.1779894156390223,0.13181492580465334
-0.06199135811415692,1.3465799421887144
1.157651324579686,-0.16888256106035793
1.209880624173449,-0.11695172297052449
1.2064892165728442,0.1623150701849246
-1.4050397158171135,-0.18788403342265925
1.0983130033374904,0.35917426130949304
-1.4448949528358552,-0.6776388978939825
1.1411473201001345,0.16236017619877294
1.0479023798217855,0.4406959872110052
-0.6208320657033115,1.1933595086241735
1.0547654523911285,-0.5210159860671558
1.1067704270038372,0.38149820115463984
1.0232783975654738,0.597569417707808
0.7371351651416033,0.9965171609363428
-1.4138938788822613,-0.043901538120599236
1.077030518022196,0.24786545256769554
-1.4932752611088127,-0.15744412126315885
1.1149578706689007,0.12145576996834948
0.9213884877930907,-0.7270787323360622
-1.3835313839122056,0.20185883424301798
1.0962828569997762,0.19499984872847428
-0.9050609572399299,0.9416352272867288
-1.3031846957327793,0.2128027704435625
0.9052890398093191,0.7820106542849499
1.1118137808558928,0.04622025854449681
0.9140168893933929,0.7535542175388472
1.146993900772661,0.05968941044070821
1.0172995575763686,0.5455122049177145
-1.4477857160409437,-0.26860745346608167
1.0585961193644888,0.0692864973042752
-1.1676616724538873,0.5840839484887238
-1.1314239131907509,0.4795775179682003
1.0248475364855094,-0.11409792854526045
-0.6445930917368721,1.098156691147173
-1.3501673158938072,0.1271813934661473
0.7767219640930275,0.7789242361531645
0.8845703127761401,-0.5755293033069862
-1.0697305796558922,0.6199545346459839
-1.1227578049750189,0.5369503508570157
0.7979885251782588,0.8627276988094096
-0.8271063691824132,0.9235526441559492
-1.260076699098147,0.176034242148253
1.041758349019049,0.12054041426048968
-1.2743149193226893,0.3829256454360361
-1.2250626587475895,-0.960299836287868
0.9167715779770312,0.5896640992974023
0.5024264708271932,-1.1619282655440164
0.6437017773145991,0.8773785554572251
0.8881603943853286,0.6713140447666625
0.02507729170294503,1.1901351566328793
-1.2503626181530227,0.26460852198043394
0.5625499649809372,0.9994952485989493
-1.2970045630220126,-0.0732791640198713
-0.8819555986202526,0.7696286208888345
-0.934556251536627,0.8636507992676508
0.8109016502447772,0.5509627632161066
-1.2239160999509333,-0.04335367359169276
-1.2039981669706288,0.2512589168342184
0.9128756191433788,-0.2675250759252871
-1.317012374825692,-0.3428434979543731
-1.3192422337088439,0.12940744311184368
-1.1022238556417614,-1.1280334025599754
-1.278561563840134,-0.5393340044770717
0.9584497602302597,-0.024518493923911807
-0.881532073263518,0.7022975468543714
-1.2405684055659396,-0.6055124698490698
-1.2178727358943797,0.19731282986797322
0.7787463904999402,0.5430272259120993
-1.2405956869980639,-0.6138899090906628
0.5164835907732372,-1.041238505024193
-1.2263436928996856,0.003981951446028157
0.881845410475355,-0.2649436547523007
-0.7595764167163283,0.8413960589556326
0.12213215605180365,1.1404992955712823
-0.9851765986918813,0.6561831545341171
-1.2928030766696994,-0.0860512003932957
-1.287556650734178,-0.39943851495837296
0.8843443751884887,-0.1810706431728665
-0.5296439023374278,0.973395429146735
-1.1140375104692835,0.37881280420549635
-0.9402612959312086,0.6855033309823727
0.6975602174312339,0.8177025779028895
0.7325514506706119,0.7036243105883999
0.7912235701290197,0.4411475009264875
0.9099960181796951,0.22305782822730635
0.7770175825405775,0.34478719003627695
-1.2009737988544589,0.007676793015326071
-1.1270327977539332,-1.047834670686019
0.7126377951314579,-0.5144752097132476
0.4443068269246989,0.8069714418390603
-1.1630386029928168,0.0986520298412643
-0.9859316734608252,0.5513252544737989
0.7514489951928389,0.4414302932577518
0.7411405982372172,0.6464069498916816
0.4419978098460178,-0.9239424394940464
0.7266858393589554,0.5773231904976643
-1.1605091901435693,-0.6829130506519617
-0.9206606589745188,0.602904504077752
-1.2435306289893047,0.030124280652677134
0.6543842037681559,0.6380493316480286
-1.1786332778735091,-0.6643952251707217
0.7301981320757148,-0.45363322973430587
-1.1350566771038808,-0.43766567044684407
0.649659442013066,0.49845995441647856
0.7999118792312386,0.32331543237327576
0.6506350014439528,0.4479432045732274
-0.2009820613127142,1.0392630377131844
0.7049815908472868,-0.26559804036783163
-0.666906035479123,0.7547341532336665
-0.5535082362724045,0.8635582842129798
0.7427787197527528,0.05902044757541864
-0.8639337049323297,0.5919640336160042
0.1428361399481128,0.9149165255241046
-0.9764285822765072,0.5007394704383308
0.6327623243608878,-0.41139500983280664
0.6946537484473454,0.6114804875791744
-1.1498418591321393,0.09432206841763406
-0.8808759656926418,0.543271595875177
0.4157109962626449,0.837694662855956
-1.1583259697159944,0.061750617560191956
-0.8637112716488257,0.4581903774921382
-0.9063341620846417,-0.8951631032806423
-1.01939500032927,0.2511176014411243
0.05460269732584152,0.9134218576290486
0.4888344200558047,0.8202754451920963
-1.1770686928144816,-0.5083146303902101
0.8224626231379395,-0.09634812981494106
0.7334708455365582,0.2404090529082481
0.31330848119209465,-0.853024140537732
0.6898041072963442,0.43729798903823336
0.43549291790829053,0.6399732689575632
0.4745954779119773,0.6391369028190993
0.721057470474109,0.1897068209469677
-0.9035376790018002,0.37311189731428795
0.6930717162461966,-0.10142031337042338
0.44006542577526536,-0.5379881183987151
0.5086760687682661,-0.25615449613560953
0.7280893778413013,0.02796443633792553
-0.9711728014609651,-0.8699406578362187
0.4591388102503016,0.6957504944029781
0.6593354091970889,-0.25137371144703047
0.4643150114171262,0.5929997101094547
0.5631875502695753,0.667641821874142
-1.0035724481583486,-0.6159270821477539
0.45591820309939207,-0.39912677869856966
0.6283732890324102,-0.12502490312879522
0.43425750497337495,0.6112156951640363
-0.8336809700190368,-0.9613562643656647
0.3277106439554628,0.5949200504840216
0.0015510753392591488,-0.2581776397615956
0.5449121157314313,-0.10479167303013928
-0.9307456571370086,-0.8561203034321021
0.11664791587392513,-0.4428436398756231
0.6152614846835358,0.04302488812921559
-0.9090024924444237,0.4533787816342421
-0.012710168502529125,-0.27823063319497265
0.03563499424877809,0.916964310395527
0.04764714990542451,0.9122244409240399
-0.04318693136012225,-0.2666111472867372
-0.9018889976349467,0.26735030915417346
-0.06755094499495268,-0.29838497521244745
-0.17538066566549854,-0.19812535865758668
0.649529395350104,0.10563341352027031
0.062166649335542085,-0.49035388900423327
-0.021426792471507087,-0.4906175323864904
0.6615942757439395,0.2326655872536939
0.572801792074324,-0.1639184859281917
0.02560144499048475,-0.4144649411091182
0.6506556463846724,0.2586358671183421
0.5914814086548933,0.00018357039559441948
0.6366263722593906,-0.10177458252423242
-0.07392545145681943,-0.41188734066809934
-1.0633785177379236,0.08433986248237857
-1.0386484777040454,0.00926091591661705
0.5477357526486861,0.23665025424182973
-0.943681668089665,0.16106937230473212
-0.5183587239662343,-1.0715059311020385
0.5713313069312816,-0.2666259454641753
-0.07592911988071462,-0.5667694113670612
-0.3606778278757349,0.7999682299194519
-0.08256167044323166,-0.13323826681027484
0.5561035363509947,-0.047035084641945675
-0.11510759227799985,-0.15273603926404736
0.008470843617049004,-0.2269446687820203
-1.0468569321206833,-0.009340937094391436
0.13308832956806674,0.8593753701414275
0.13518411009452672,-0.05035956570905091
-0.8542769642796121,0.3801738645023738
0.5917420181448714,0.2439323486838771
-0.15708679030915984,-0.4692853790810846
-0.2735796251340416,-0.2377860024309295
-0.21640454327112704,-0.46604939457640426
-0.1333732046147227,-0.06943182910679152
0.29033700685076563,0.6995754211143953
0.13010440253615027,-0.807390522594309
0.5186995744936563,0.3400260071386095
0.11396077862144115,-0.06029233137719797
-0.027125202797850623,-0.6358422457172624
-1.0650534153015636,-0.07430635644613168
0.11449652295677915,-0.23078692354502225
-0.17984184572578435,0.01572192595183097
0.04303048389202273,-0.09141891689111893
-0.14352935810986542,-0.027882703550482137
-0.5534186566245856,-1.0717766585570652
-0.4448762492294962,0.8424456814671349
0.15655019981524043,-0.1176045273623678
0.4298019875010037,-0.21916121052755608
-0.23003900770712624,-0.18241793291152714
0.052618940137663106,0.1178837627671957
-0.2540132459036011,-0.4950255997669426
0.5108871722521561,0.19422037175363963
0.5275495306567978,0.5259305886867313
0.22493337880441422,-0.09754099932823873
-0.06135550346893125,-0.7246558600886136
0.535398486688516,0.05443173554919897
-0.30877260745512997,-0.35471638346436846
0.5932207046148451,0.15110814705198775
0.4600730280802905,0.17149991714177673
-0.9871885637221228,0.23493335267541882
-0.00991504387340856,0.033275622001000295
0.3948129736157014,0.6126908341319682
-0.2704354035515424,-0.33374676782778506
-0.032143284066432125,-0.048728432907128354
0.07840871844806817,0.13063254022909904
-0.08470226623449982,-0.016218295480139863
-0.16996114787081912,0.06494435215092022
-0.15697644479675904,-0.8001890440076599
-0.10116326653141253,0.15729149544637186
-0.33980708826227884,-0.39343248620025667
0.25531823404647547,-0.12780690607389464
-0.08599415831080652,-0.028922864233779065
-0.04923947815209328,0.09752121432690794
0.42686497807624896,-0.2343259148887142
0.5693762935039158,0.44120374820199204
-0.2583949681399081,-0.2790971846498305
-0.7308599920548492,-0.9668002220703538
-0.27187793030180873,-0.5053316678977514
-0.6144483074442507,0.6770401661634098
-0.5586522970104273,0.725782937473648
0.0898453413196388,0.09863491614034987
0.32083773080397454,-0.07240510728107874
0.2980941358280248,-0.10857193619889889
0.527557235343285,0.08616161270598983
-0.26467532136556715,-0.6126536080397943
-0.8391471293640635,0.41170713005727827
-0.9713974369027039,-0.5933396593060563
0.40604422331148887,-0.14455500393343995
-0.0790989875040506,-0.7769116037784959
0.2971469203275909,0.5626040710849152
-0.7778610436298877,0.49235336182784367
-0.8787117124555037,0.1871936034398656
-0.25881258309063826,0.8117633848885691
-0.3666449782742537,-0.3417625502834223
0.5719885200862304,0.43247780799858204
0.06316372337428029,0.06839788351960654
0.3463852043322823,-0.09894968958627069
0.4114185379715205,0.3810835917719017
0.5333822956004927,0.309132227722564
0.20463261661119378,0.12892047255862935
0.37360331581486184,-0.07754913472109227
0.3023036465141767,0.03200470133824652
-0.09734121937038087,-1.076602834421593
0.39880045790907404,-0.034678700644363014
0.5400453084273431,0.24526767293159651
-0.10960154677003735,0.08550016225264583
-0.21063205447171784,-0.6423304260713608
0.4314234055736774,0.010278295806056867
0.33642407560660853,-0.02956553620583385
-1.0028580689860573,-0.3922078354171828
0.19423942578498898,0.09979119723019318
-0.0002494731393128958,-0.9146351391661539
0.5240319845336141,0.5130577604727753
-0.3241540599387257,-0.6279135332757916
-0.3937844620297107,-0.2652017163628148
-0.47965018293630446,-1.0681929408203732
-0.07429554034434814,0.07674267994933358
-0.03554439840744854,-0.8049028713463191
0.44347817941782125,0.4061297117115286
0.48597766796721736,0.47393234512063903
-0.36361011508706187,-0.3048066742935616
-0.38450993501433217,-0.1210706207699833
-0.38266783471770655,-0.368296643960054
-0.3110069756043843,-0.5653330561760794
-0.09907463929157251,0.14806946301765433
0.2981950967088681,0.4176212948432373
-0.9746718849205335,-0.09015031730593004
0.4868955400408206,0.16848885767320243
0.17524782129784353,0.1352186788021275
-0.22993777997637377,0.12768146570231037
-0.27190719981118294,-0.07825089474577768
-0.10773625370289318,0.8324885252101932
-0.40091009927015564,-0.004993331217330971
-0.25008062664621195,0.06732260436690087
0.33684938941825815,0.09378971504935596
0.1330927155205297,0.15731169189589728
-0.21348603105269706,-0.7624735749485594
-0.14618460076742026,0.7110232967436173
0.31700114032624965,0.14215163638004766
0.2852045749070036,0.1474941507088089
0.4053218434718879,0.4066680154734974
-0.0014603473086492102,0.27173980607790643
0.388226785034408,0.13126905291944052
0.29811247097618127,0.13509920751467053
0.4461288969897301,0.19696376758506437
-0.08726190606739503,-0.8527089657333037
-0.34402792001919824,-0.0187872495854091
-0.7482585229776846,0.5711408981026566
-0.2097535625150792,-0.8724953100454552
0.3110968289840785,0.19920386912004615
-0.4166448724404189,-0.13685882769239374
-0.260469094113525,-0.5683614270481201
-0.31526091279596147,0.11376523933021859
-0.9929246141167151,-0.057005036028729465
-0.3721609037600119,-0.10725773447452386
0.3984373536399318,0.20894987219370115
-0.9768110243623425,-0.674505029156012
-0.2127972682620153,-0.7029296445889416
0.3779814598296037,0.19848622913963113
-0.3514837457140494,0.08927365036889255
-0.6907359343059514,0.48343928797730445
0.062368229475622025,0.1693380391098128
-0.37879548631530885,-0.2086847218633752
-0.9773965609820888,0.0697810706555387
-0.24386179186021129,-0.6669614065085773
-0.04138278449858621,0.7572316921740707
-0.610039936820172,0.5236658733451829
0.34946967603271184,0.5300789096566146
0.015993756617007814,0.6863569938378135
0.45268764140631296,0.173632633146918
-0.0306162302460809,0.23440332936191405
-0.47398973438922376,0.6541138853608741
0.37720633623812566,0.4198076050811906
0.33154459911663287,0.24402883961983662
0.37837327231023277,0.36881192917591793
0.26829284933564757,0.22796491286838902
0.2405994153642771,0.2471668410430232
-1.0002803121908475,-0.34842376203330966
-0.7955915350677498,0.323287862825527
0.1692268034552503,0.2175631161399114
-0.41856500728049795,-0.19646222861677254
-0.010567969456118377,0.3727589202988229
0.23064072038757738,0.26071090124859325
0.3338974921927335,0.2733182861243582
0.10397218369432673,0.780931149353199
0.1298981020180675,0.2276424462511848
0.3307190616384562,0.2794393653684338
-0.25310846814033877,0.17393287165218996
-0.019623761744939544,0.8484526039058178
0.43948130910383904,0.37872122851425216
-0.5281726280891794,-0.14337323844193095
-0.8533662066477982,0.3168973246649756
0.17271197382765252,0.2739915483293675
-0.35338131218364566,-0.6139420343447337
-0.3316787848646681,0.22581777779552684
0.16701360534981988,0.6196415143403685
0.2347512926655595,0.3645665359827496
-0.8596193862765744,0.29960241495496037
-0.38862996423054164,-0.568186465224506
-0.5030892188599795,-1.018244717708957
-0.6596805407549807,0.42055268609032675
0.002264456685439604,0.7664276168933092
0.1407739708787182,0.3057399349167563
0.3434544911028222,0.30522866664195863
-0.9761581905154451,-0.5173352109353093
0.336943900636416,0.4194369938322701
-0.4671066773964371,-0.039628736598851355
-0.40190625729749835,-1.0482186967797893
-0.38079482992863706,0.7261042739509422
-1.0020668354740196,0.013978362993561724
0.33775411416765716,0.5074369781062051
-0.23292128756696603,0.31644881745486675
0.05550621831028838,0.7680593273080635
0.16001061978170164,0.3524021312955563
-0.8372900274642658,0.333446668459002
-0.3677089026059209,0.14725672713239069
-0.43457633375675003,-0.6519143424914363
0.23941687434139264,0.4197247931809054
-0.20495612642853492,0.30844399510454534
-0.39411893421470406,0.14745039031309753
-0.8446044955877158,-0.6333480548631834
0.12483408455827048,0.5173907216738999
-0.20884604838852125,-0.8166152799407038
-0.985002450025901,-0.21860813906066895
0.38120430019589885,0.5250917338715518
-0.9217941051341747,0.08192913918049013
-0.9760763757695187,-0.11434356217503161
0.36558499061658517,0.42942028047572334
-0.30427843288163464,0.17335099237296986
0.22507517957402975,0.38601642132331765
0.29790406157752486,0.4048929451701037
-0.5190915520868179,-0.10416905522798704
0.37508379858873026,0.5143420518515028
-0.19129155580076573,0.2382452386802877
0.30317605394990566,0.43054477927967444
-0.05097637848722167,0.279179253479359
-0.14271525763106355,0.1915163376611814
-0.9230706020039163,-0.4980671454011388
-0.6831466935651631,0.45592605210450166
-0.27486849487419285,0.2953517409830401
-0.47039335951316047,-0.615825116974799
-0.6596678600017866,-0.7483544228606801
-0.026023106302543397,0.42712264634302094
-0.059543054001443274,0.3447298053267325
0.0990174188778216,0.39802237617944564
-0.48254798184429887,-0.11328130658756401
-0.5302363081086293,0.5513392172730626
-0.638833995947011,0.5117521560828684
-0.373369802163423,0.18291197163747913
-0.3225210160480044,0.7475332863618556
0.08176853341882478,0.7603414225926923
-0.4160076818790808,-0.7551989954042648
-0.06998486867417134,0.40470250588722706
-0.40001570347998794,0.24013542170140825
-0.0646679772615599,0.4797727814390505
0.21042383369962578,0.6314950945939707
-0.31292507814416926,-0.7292574861356815
-0.8988367491778788,-0.5216820327582794
0.19722038966572317,0.44182298194257874
0.21793639507697127,0.4817808132214358
-0.13312104778547088,0.711742346384752
-0.06718667613053222,0.3942951811489745
-0.46728401831972316,0.0799117045185674
-0.3384033021472319,0.2075828075398819
-0.5065318781122672,-0.27873549320950264
-0.33354602641611814,0.15689564077303636
-0.774889068321136,-0.6916578902575098
-0.8926913829625924,0.08287250345806177
-0.21881076158724377,0.34589529307631356
0.1569578014924005,0.443997493708103
-0.5711245299203496,-0.11142536960114956
-0.8372190793152852,-0.5130235890721818
0.10666203040557712,0.6126768023790095
-0.5671819529759454,-0.2695196404252851
-0.8719330836440429,-0.5621292156981017
-0.11767586962625819,0.44442002921005774
-0.5723979720991123,-0.15779739577620996
-0.7177568545448721,0.40953546011453634
-0.9177716190934636,-0.4513417827923289
-0.582135871695565,-0.32483071847627976
-0.3657507415433604,0.08117188972614413
0.029959547654741184,0.4378922125558866
-0.47126313043863,0.1960541442109771
0.05900969512274412,0.5331996952708928
-0.8833281147177927,0.016417262695395493
-0.756153723631552,0.3408977854025766
-0.0036892167697338426,0.43183469750657255
-0.552614237132423,-0.362936234122179
-0.8800663195335852,-0.3658094107449317
-0.9059010332555015,-0.295575173504182
0.09429911065236476,0.4620164951005458
0.10530209385027038,0.5268185766876771
-0.9611796203531212,-0.40024459577910726
-0.0016293418787051675,0.6522498519252696
-0.41952011122558336,0.25111905808571294
-0.8812612237790225,-0.2606796268769624
-0.005670498447087507,0.7161461037390995
-0.6940415517129735,-0.7588403168853808
-0.22227047865618244,0.4537875663572577
-0.036469419374794074,0.6541225833800264
-0.5677294006565641,-0.21271205377221855
-0.8914255615942384,-0.5214597394662882
-0.6725079345636372,0.3190335114122147
-0.5668378335595609,0.5663391617063501
-0.04266346483849344,0.42356357630055597
0.09750106267861067,0.5032519555096671
-0.8156252932082817,0.36590463273010954
-0.19475318496293684,0.3193826494442603
-0.5279769273703543,-0.5151023258792936
-0.2217301563244174,0.3716717996487775
-0.4611157575606637,0.624302737068291
-0.33612911660673767,0.3583794412160618
-0.8932720629578053,0.15982680403190133
-0.4847909165285068,-0.5890415718939048
-0.5105354715008941,0.1471204354494586
-0.48203539135121676,-0.5947597074626286
-0.012473517829448375,0.48998952753377756
-0.5285733479970095,-0.17360475900987385
-0.05055087930321586,0.4315895173843166
-0.019870951820500454,0.4192359034319717
-0.31998216794803597,0.24963607332778123
-0.5331563827095882,-0.8657626721957079
-0.4732545915639403,0.11590937700202718
0.002439333124909447,0.47212873197565974
-0.38016613292493295,0.6240149302073073
-0.20171321444647286,0.6911502248909887
-0.4833076481460365,0.2392988130649213
-0.5919132919714207,-0.2789691566245675
-0.61032028217591,-0.21872823564491953
-0.5439804866438799,-0.11025624701713418
-0.06890538869983867,0.4477517389373065
-0.25244830485636816,0.36144651792817356
-0.7001971596034368,-0.764537191385805
-0.955462396001606,-0.05744550287542932
0.13023501534115894,0.6518016200601983
-0.563080063286539,0.5184974036347288
-0.8429969832609521,-0.7180423065072397
-0.7040762522368603,0.39182322673769665
-0.6089942563540572,-0.24863015684446826
-0.16172048804755385,0.3456332228822733
-0.8681150482090709,0.19792697913544743
-0.18404779972087978,0.7109552251250228
-0.9370301105437828,-0.19173647565284818
-0.04410581916872527,0.5145293116745353
-0.45662290794900817,0.559128524237865
-0.022871129596185626,0.6597527738531563
-0.6340129502264924,-0.21762536350076794
-0.48853666815121927,0.23702930243309397
-0.22978961575194778,0.3447092328074444
-0.1372493287451135,0.4527540785023718
-0.6597496632187565,-0.8014790172123718
-0.0037399040054280014,0.5702967188694313
-0.415150559351762,0.24865066351564033
-0.01494612927323169,0.670064817840978
-0.5819403741131806,-0.9720316891618679
-0.8118648319445267,0.24774157575428735
-0.263160095098355,0.30053433000472385
0.0889822217082457,0.5909547404062865
-0.5876082667344624,-0.36615381913765316
-0.6060856228025472,-0.5870935700120038
-0.6010163819834324,-0.08235612729364121
-0.8114581366174388,-0.440518807149508
-0.923119139889228,-0.1366506242694187
-0.5726189588519338,-0.4691813523368328
-0.045027959931592886,0.5923270136101548
-0.630937947330832,0.46003358087534957
0.014400875930119902,0.5062238284929896
-0.5221628244194437,0.5409738580839344
-0.5302585085219274,0.09396471993530472
-0.5015478929969618,0.04080717763668115
-0.7453219841528546,0.2645186191225908
-0.009068233612324134,0.5495628516648117
-0.579185527060245,-0.5631647528575419
-0.9581297777310729,-0.24238207541375284
-0.6234315518984009,-0.13095043015117888
-0.09719485054162387,0.6778314757511623
-0.5929999631645279,-0.2916668284629176
-0.5383133808179027,0.562904378777515
-0.5866401744008288,-0.43369543385116094
-0.27987846666846455,0.6105911904176293
-0.16999550593044174,0.594231353107402
-0.07059632300906762,0.4876169162019565
-0.38641498644179434,0.16900528473055743
-0.87508004898576,-0.15907311200419189
-0.7845730247068669,-0.6253758928124359
-0.3148930135425171,0.35230398772535015
-0.9024103280532337,-0.15086475217998188
-0.863294805037023,-0.280847198675763
-0.895800301117818,-0.29167836294210286
-0.8165323509723978,-0.31311458582629664
-0.5965408379370761,-0.6548658431597787
-0.4862551789464512,0.23009585203941968
-0.8065991220058469,0.0440124028855093
-0.12794530969056633,0.571289622879997
-0.08066747621132538,0.552144609474174
-0.19040588549486737,0.45618622492890065
-0.5504926842528539,0.13845689755562354
-0.05820034500665999,0.702302629833732
-0.17414214695387467,0.4070897014684469
-0.03920383853868005,0.5935827985959877
-0.19599545504808205,0.4753233079509825
-0.624004440937684,-0.4828394977833038
-0.8626313129885506,-0.02783705903500793
-0.6446395349750628,-0.8468991242240717
-0.9077736170473492,0.002151643785801978
-0.11384134491700049,0.5868727801988283
-0.08319896150651203,0.5666185709394217
-0.37086010310102685,0.25643621614164325
-0.6745810509444654,-0.4151443697392036
-0.8716250124000166,0.07305576414047106
-0.5432274887620174,-0.5783285571947367
-0.5956658794783154,-0.04164797580599986
-0.6398167348415987,-0.13894952934098767
-0.62586039971238,-0.08909365311894116
-0.7913618208934031,-0.38944464382326205
-0.7549482719140648,0.31628775994206154
-0.20042860152777892,0.5053187764841297
-0.7847175854569483,0.05154245755443775
-0.316062985458613,0.6269279179403576
-0.4147358289842465,0.6165043183362687
-0.8211318535550342,-0.5235488977405607
-0.6572217067973395,-0.36231146408096054
-0.6044526672036346,0.019479839242449812
-0.8022211532479144,0.1782968440627678
-0.6960647755759839,-0.40146281727475497
-0.35241960405133327,0.3435304168268849
-0.19757916299113712,0.5090952851292648
-0.78127402300371,-0.6051208157542572
-0.7079417459873721,0.3942930538507003
-0.1407275798888948,0.5877824729996345
-0.7286376180347776,-0.7933976951129722
-0.8984732215700778,-0.3703236579822255
-0.4713314899789279,0.28264025074318094
-0.8975425980037075,-0.16769905669431723
-0.4672854058062985,0.21066154405802243
-0.8615641289906802,-0.12171767286779574
-0.8608571188014816,-0.3008511361267728
-0.6370983255248523,-0.4940408476700061
-0.6078443196525076,0.40008755954756886
-0.22270546933427743,0.5592963203217001
-0.5823364697778504,-0.02636934063111747
-0.5381661897264121,0.04021801644341969
-0.8932688315394879,-0.04785649220212668
-0.8387831537360032,0.12184300395883278
-0.30130665100345605,0.3048624891502611
-0.6636347750460826,-0.1611206393998521
-0.5635216061884513,0.01316479960516864
-0.6054028505384459,0.01961469597194029
-0.3765945810772546,0.5597303265171547
-0.5762957365024849,-0.81155422807328
-0.2389521800151038,0.44179083747810916
-0.3613184680406986,0.4324149168600647
-0.15485364829836332,0.6360823225355835
-0.09028058773766579,0.6210337893220178
-0.2648268568664033,0.5152839147643353
-0.7936285813622704,-0.12468871609899211
-0.8920656539128545,-0.3078149976272949
-0.673482962564192,-0.9186412538330376
-0.6100127901552193,-0.041212504413580674
-0.2672855812648933,0.5854448398726874
-0.601625290930282,-0.12274734635148696
-0.8964323412714187,-0.37148476826488996
-0.7898284737744624,-0.35329458409143943
-0.2085631605368888,0.5067595547455271
-0.8790704612909032,0.04457680512012264
-0.5732066345728473,0.5342295197516236
-0.653890129725532,-0.15704603705001885
-0.8269011365685454,-0.4470262631621303
-0.5546284285388327,-0.016484902328178144
-0.2905542578929206,0.3699915286505752
-0.22930919034103378,0.5757681576491601
-0.604972813316441,0.0754224380179515
-0.478342929214375,0.24925635843478575
-0.7933604236431009,0.178543544121577
-0.5155705362629094,0.5065829511141211
-0.4436087878963705,0.3914098241393647
-0.7229250118470896,0.33028921354677465
-0.8162158848072092,0.2254703453943755
-0.5329189189363077,0.09189237382788376
-0.6589647633299385,0.38051503599144965
-0.24216065303066495,0.5174187742460535
-0.20052508578575354,0.5488252212181092
-0.35980548884457986,0.5622120937135126
-0.46213408967202657,0.5684872970599644
-0.6812709602908195,-0.3499312588282646
-0.9102206039731469,-0.06270114412710523
-0.5834902786039871,0.12021538461621187
-0.39032260918196177,0.4942504754207823
-0.929851887560682,-0.3688923662943835
-0.5041958661997945,0.2547690581800118
-0.8575541296813021,0.03451379882198119
-0.7549459533827235,0.26712125524298125
-0.622206466135517,-0.33696467509709827
-0.7829791062372857,0.17744991818037478
-0.5454705486554207,0.11876764676944902
-0.8338395239150973,0.10036917034295342
-0.301409266753507,0.4705974552318337
-0.8249339676248685,-0.607580928610352
-0.6874847200379939,-0.25497664065182857
-0.6308235332626618,0.347442896887961
-0.42317904105892346,0.25509683866292915
-0.4834527063952622,0.5879087320874298
-0.8471714466597764,-0.4079294362904757
-0.6831056198089616,-0.27479650696776037
-0.6167022249720057,-0.1156236368461871
-0.21957981792857126,0.5529073106417796
-0.6373289310009321,-0.04559048465235203
-0.3367980874135287,0.3908491412737493
-0.442300870961341,0.41549708328035395
-0.32927588993478835,0.6548879750722099
-0.8204006266252883,-0.06259849977510515
-0.684546271591769,0.27903999223742626
-0.6284410128111826,-0.5490353908955533
-0.8530063366569888,0.04847068064078095
-0.6509133575785838,-0.022814479429480908
-0.6048295140095067,0.12341060475277388
-0.5876033194644793,0.15428580416819035
-0.8305018296462351,0.07385225718137459
-0.5203276315041512,0.1661336340315551
-0.7316323388656875,-0.42003707033093285
-0.7199965533446027,-0.3346057057609395
-0.6405110974682666,-0.40190885011507327
-0.49996902367928603,0.2487296723610998
-0.8291583059706523,-0.1986332238147499
-0.824094577206467,-0.10548385931100045
-0.833132994705835,-0.49663643432904425
-0.8779720507041765,-0.06323817085073273
-0.9232728529890358,-0.0753107356534112
-0.5563773403459904,0.41816724052578125
-0.6067874618834185,0.0583087846962741
-0.28405337712666845,0.6395726207880792
-0.7415028530716525,-0.5069854407183558
-0.546374904746573,0.26379981391853585
-0.783711804597639,-0.19410360343324723
-0.766740123622935,-0.46179610060767623
-0.7422930727330079,0.25661885793123934
-0.36705684661519217,0.6071826054754137
-0.6275628912965319,0.007261254074290269
-0.7378734479207636,-0.17313712982665
-0.6850455956480033,0.181963689258884
-0.8455267041889777,0.11942758421007253
-0.7574548786709769,-0.41986967550195836
-0.867891056462746,0.13532419219392963
-0.833604116912725,-0.28138644518536776
-0.7640998407711845,0.20639049658805314
-0.7965102060090606,-0.4719729750465928
-0.5942777893497538,-0.006980720625017022
-0.6943597686640056,-0.5533100176767183
-0.3874873588285619,0.49283904493028136
-0.7465890616328431,-0.4528638601890268
-0.24631438084246143,0.6172559871804453
-0.8563316226525343,-0.32792742816863285
-0.7877963157504959,-0.5117621857997946
-0.822294817286395,-0.4447212536469828
-0.8464291650725021,-0.35131412549459273
-0.8506224482813997,-0.539796187597366
-0.5867974693439617,0.18786744103618264
-0.5602468076776497,0.14638066407656714
-0.8063751745219047,0.0101646584044354
-0.5606283951375443,0.22399996901410407
-0.7127887801023836,0.14131760730848003
-0.3502065009418163,0.4459158112656805
-0.7338597395117264,0.302508100612533
-0.8517209304037147,-0.062363881242218935
-0.618239710978929,0.218625751812487
-0.7772905800241121,-0.4255713321691777
-0.39892897592607873,0.4537257323352268
-0.6868212928211483,-0.6656193542774705
-0.8531915518638385,-0.4003427807578267
-0.6991762322046742,-0.07231652917075954
-0.4760102537835708,0.2528568682386
-0.7696165811847795,-0.09447029501939921
-0.792475282967071,-0.5184423190149223
-0.6668982059480802,-0.5588333203654537
-0.3749229219155211,0.5410184050900508
-0.7662451929024077,-0.1997938565600852
-0.7474205308920165,-0.5246185378186544
-0.384924965052864,0.5317244518056295
-0.5983243607250112,-0.027195996819338677
-0.7532717463940177,-0.42690474981636767
-0.4551466174329426,0.5290673420004732
-0.86618622262656,-0.23785349469467085
-0.7695409925926564,-0.5056106094190759
-0.6967604035544234,-0.23637206349751486
-0.5321224060880743,0.1991197138856871
-0.6705067779845783,-0.6043586311328484
-0.26159403743032494,0.5460288113987727
-0.4446045546048942,0.48947565985477903
-0.3394253155874911,0.517787900925073
-0.7132006844603662,-0.5714947400016389
-0.6913165379985852,-0.14679148423505323
-0.7871882769472969,-0.5732591451194844
-0.484038794714856,0.23678665441445146
-0.6433969295929856,-0.10957349825412002
-0.5134897248522632,0.21498289594723785
-0.4922732208864683,0.20937842764478487
-0.6206529452578351,-0.13357136318027035
-0.6676897372041143,-0.1348831009616012
-0.6307942941603396,0.12383628960504589
-0.690244202315692,0.29789097539071596
-0.6729724818759534,0.027191956396601054
-0.6599686463946112,-0.185744354599313
-0.3767942985544443,0.6482416488892625
-0.6578764493833358,-0.07568441109460934
-0.7557543963327675,-0.583937950859312
-0.5984888471060155,0.1633791203219398
-0.7593053342559645,-0.20001815745155702
-0.7288995600342865,-0.5111803321018569
-0.7128189606000169,-0.3192481272413426
-0.4403864304160364,0.39808356925539756
-0.736666260524394,-0.1735925490066319
-0.8173201103767337,-0.3330992367497609
-0.41048006756261307,0.5238084049120162
-0.32816218256242236,0.47466266816779534
-0.5599753090433376,0.37428179800281214
-0.6933674074244437,-0.38864006290519215
-0.35476170670530505,0.4248357149467459
-0.43249269731717227,0.4218862784901811
-0.47955556442627195,0.3726010947747693
-0.78592052434892,-0.35291039728897394
-0.709680907655366,-0.3711784916903324
-0.40839775633161257,0.4006896315462846
-0.720822125775104,-0.1474784522105214
-0.8173064129452584,-0.02176865635791683
-0.8356824923384086,0.11075646342738754
-0.5537744139625029,0.4107931018621147
-0.39101345550318445,0.289937805151529
-0.6998215083594953,-0.21065323602791403
-0.34757458223735554,0.46407942744795294
-0.833542594089324,0.09161978847780866
-0.597973530780454,0.21063575682079394
-0.7382889732332172,-0.3412506262936215
-0.7401887305648438,-0.20874261407590777
-0.7531832038202869,0.07429773859827386
-0.8400312803475198,-0.46137475009612045
-0.613802812087673,0.13757024817071586
-0.6900971217953364,-0.44010147314171655
-0.7533919166307926,-0.267576611345243
-0.630192741994702,0.029827789057340955
-0.6887455260456786,-0.150431776451698
-0.3174403631622367,0.5547498436909343
-0.7264631739577317,-0.11253442029606939
-0.7857568972864443,0.10634058241771796
-0.6536630421852464,0.042702965094642095
-0.3526349809653715,0.440590871781097
-0.733844751076042,-0.42237182203602297
-0.742363030133691,-0.18777708640740684
-0.8519177207208048,-0.13802249659026944
-0.7189615717262446,-0.5156694322311538
-0.6508965533870693,-0.017784458025871745
-0.5772091252126964,0.12188492850654295
-0.8459285487916557,-0.13141434429352203
-0.5351014186475629,0.2541851185065124
-0.7911873226213252,-0.07189253201927728
-0.7349559469519986,-0.17112117534058915
-0.6387081076773068,-0.03809533837326492
-0.7750034230222594,-0.11825288981675816
-0.4003638678513248,0.43870018750358264
-0.7363688598901571,-0.6361919559323408
-0.8120751704676584,-0.3339290718882345
-0.7959681079570005,-0.4383017194671406
-0.64684485199506,-0.010472831127405439
-0.37457906615465536,0.4644509755986846
-0.6786343528556987,0.3576553055544295
-0.7946879172962575,-0.23779698190588408
-0.5531067916750767,0.2841662460787441
-0.7059648405497165,-0.05068383162201012
-0.42293945277481615,0.35644205262790685
-0.5263292870935548,0.2266555549106854
-0.7706023217137667,0.06970624012126111
-0.7136517996599447,-0.17379517785898654
-0.7179955551485615,-0.4276657707997927
-0.7526728783129841,-0.22243099443910008
-0.8117951778715026,0.26425456627165933
-0.41935569889019225,0.4162623216942186
-0.798361324653112,0.13659411558928525
-0.3757773842532488,0.40591836225267364
-0.3837603932142021,0.3596754982516727
-0.5473015983088761,0.2633235834962182
-0.3785379622576363,0.44041293177569546
-0.6978644722591374,-0.046213802016569855
-0.4954488648862906,0.321584743151764
-0.6869803793503454,-0.4252681199744697
-0.861739630088443,-0.03880624078494784
-0.8176079772341025,0.06074423894352158
-0.43869003529359196,0.443438271417326
-0.8107949921244744,-0.1058508008392962
-0.5827621740340864,0.09589700785480344
-0.6485149190016375,0.09354046289706415
-0.4673831055821183,0.5355447782206634
-0.45364347291739204,0.248445998282898
-0.41593583980774984,0.4619301086530615
-0.39901433291337596,0.5037392632729778
-0.6808034530968383,-0.01549577693498076
-0.7344234285643905,-0.3596446384374792
-0.774683976475333,-0.41242541625617374
-0.6763457399400516,-0.15436953063149145
-0.7137699536281781,0.27567782905476224
-0.6593891030745106,0.32291470083681123
-0.5148093289618408,0.4122351905768759
-0.42575012084014563,0.4553355219505496
-0.6894774053284448,0.18674224874870413
-0.7709639849821445,-0.09179104197388392
-0.7511875131385425,0.20532142156366975
-0.49244494034540603,0.45468616486699426
-0.4369108567445163,0.2999898313706446
-0.5425235487407698,0.24731561670674904
-0.8231066910691512,-0.4159972135882714
-0.8268320737275427,-0.15633259133139846
-0.7343752773449953,-0.14298505137156597
-0.45220914587074096,0.436360484940748
-0.6694763170081638,-0.0069734871824152994
-0.5597494236884026,0.4217236252804167
-0.4421166230560145,0.36466385279756486
-0.796087650468889,-0.42026322663976323
-0.6712429432992185,0.28644897114293805
-0.7013386680145824,-0.18853301276493886
-0.42247917178421873,0.30823947178661487
-0.4700733328741727,0.4626743595536787
-0.7461492878885666,0.2920965179893283
-0.4702602748803629,0.45543432047867977
-0.5071408639431568,0.4386113688130537
-0.8034626307073399,0.08226475743430206
-0.6748552233863124,-0.032356688114682924
-0.5515801778559716,0.260641207624512
-0.5119518035629225,0.3013137200478268
-0.6674770539687848,0.07789297419145613
-0.7747484496659769,0.0786311765888418
-0.8047870902400157,-0.17835509831436627
-0.5818991788928439,0.047903532806627826
-0.5992654339361083,0.16111804903227786
-0.4357524773119705,0.4415914058782714
-0.6460572139190215,0.1763112513432533
-0.6157416950847321,0.23490887108709674
-0.4751393191311288,0.3507810154545299
-0.4338487536010722,0.46511314540008114
-0.5461587255239406,0.2861001538615769
-0.7110364695879838,-0.10690627256903855
-0.3970095901444763,0.4771841013426827
-0.6906820016183585,0.010492452293270508
-0.5272343491389309,0.34157175746728186
-0.7493614924339136,0.11604016721727861
-0.575433434149255,0.28910831000034987
-0.796545532260326,-0.3439919038449036
-0.568867996951006,0.5137909248567414
-0.7361939116017142,-0.5043628188813623
-0.6129827605874573,0.27115356026775417
-0.451390514222013,0.3875084573699608
-0.7909115792878719,-0.19441950223674256
-0.7573334722036842,0.06506760775317218
-0.7735857961892992,-0.1639478347078701
-0.7062010837843438,-0.08025824379566371
-0.7280755999222631,-0.08265492968268175
-0.7350594186787475,-0.26847754627727544
-0.6734920533756191,-0.0754986383862289
-0.6743196658673957,-0.1782205105344091
-0.5863777949208516,0.23567582992426533
-0.7450457823335916,-0.3090740514473525
-0.6663067034215555,0.18666305244498552
-0.8018306184236939,0.018985005845013166
-0.5983251892326793,0.13659456610961485
-0.6597517240273493,0.11113195191036401
-0.7060423128702558,-0.08991716298232454
-0.5976860295418293,0.10914593779823303
-0.7833139300418999,0.10922062526232901
-0.4665328323021583,0.3594400705127999
-0.6878187168697111,0.3724507819471103
-0.8183411088798707,0.009368507583804779
-0.6664026940521216,-0.08120267814374461
-0.6097058007483548,0.282138802037295
-0.7065293273142004,0.2523446898921603
-0.45993128189533605,0.3771332338488493
-0.841253836685391,-0.28679075840003815
-0.792881282970412,0.20155710324858725
-0.7142342403760771,-0.049620071555800165
-0.4097217255863493,0.47681050008345144
-0.6962513688263517,-0.051261181615996736
-0.6111803558299228,0.23225042960362
-0.6751391717694537,0.25728023464393945
-0.6776817799222197,0.37949038495979365
-0.817694671550574,-0.1041984085641762
-0.6722705581417351,0.2601768348473705
-0.7080591418387173,-0.3041711633604516
-0.7827377279412286,0.09535639980009245
-0.8025638917622436,0.001402782472832679
-0.5631124872230564,0.2223517012373448
-0.44986828453524036,0.5054664937337063
-0.6548056444402337,0.11469393627795249
-0.5915805220505959,0.18268119054835158
-0.5881574769506333,0.14927288692186
-0.5476142460349848,0.23512223385383604
-0.5587935363841774,0.18975747715108598
-0.5972004468020727,0.32072399599691004
-0.5250474656886975,0.3960787211966629
-0.670723056860719,0.04617418938463954
-0.7882417142292957,-0.23683173133420213
-0.6146773684905863,0.13897305891719802
-0.7858994752999572,-0.28935389533040295
-0.6342345926761748,0.14611839729356074
-0.8077186227664545,0.12288422551704746
-0.726089414008173,0.16099227519284537
-0.47604414997126737,0.38269965049521104
-0.8075722378135343,-0.023893145323486364
-0.7918424784226202,-0.3434480163517127
-0.7680379048925821,-0.2830635158585326
-0.7117902514630036,0.1430803702671864
-0.5536664045391468,0.19523743715312314
-0.8350520880523432,-0.23891634497484002
-0.7790654528253018,-0.4560134265260319
-0.642586618789478,0.29518483279127894
-0.767689924732567,-0.2618329137017598
-0.8252639981517491,-0.07958037808004131
-0.5636328841103504,0.3864168514746043
-0.7821296400930784,-0.15060490176288793
-0.4682763762117534,0.36352363997518433
-0.5862931820278152,0.34821074297870525
-0.8430805998766848,-0.00766449718357002
-0.6738212862013021,-0.1915841669312333
-0.7287068886319221,0.20587640141686442
-0.5224405396261446,0.379754135464406
-0.6641047548688213,0.062135162944284
-0.7287668138324338,-0.10415923826799617
-0.7835228199449052,-0.41747727663424633
-0.7222832429585364,-0.22595351296253988
-0.6111312706191873,0.38662694657071695
-0.4750490956524677,0.49743928341161237
-0.5464432533210316,0.4076621809461617
-0.8079363066726009,-0.29068933507781886
-0.616621185819518,0.19807378810519402
-0.8595572884857742,-0.3905540173377028
-0.6788834733693664,0.004994926534591572
-0.62674021879088,0.3681888975145137
-0.5468644338151001,0.38829909501528476
-0.5449375880693897,0.2674636368694797
-0.43569838224414914,0.3806006645875807
-0.6739915152750563,0.31392972568058347
-0.7531783194398599,-0.2845678750371736
-0.7980499260848031,0.008646454374863737
-0.5766996594581293,0.3332244866116183
-0.5579271476651358,0.4101629504479765
-0.7826210377729169,0.14471618273818468
-0.6346535766010863,0.1358361142648238
-0.5007139088117736,0.44495702395338127
-0.5851397097187584,0.14662858306726273
-0.749561691956778,-0.07580890290270909
-0.6143420772910543,0.3436024846300276
-0.8556200434754787,-0.07224586525823926
-0.8218652619656857,-0.3640399613921815
-0.6879882765883606,0.21772421890667387
-0.7670113242212345,-0.41883765991365046
-0.7056842730430898,-0.19773361878048762
-0.5844092420212443,0.46664157397576045
-0.6978278488022553,0.028070428509905782
-0.6290252512787365,0.13860704368652088
-0.6724160222810053,-0.017874009963060846
-0.6832822625041447,0.06696966132212351
-0.7513030926708504,-0.39595538469910224
-0.6680233511458127,0.3047377005973004
-0.5334819296939314,0.2988988890496047
-0.8144148125300321,0.12372902212339507
-0.6210044618412104,0.3022115678902514
-0.5609910287723557,0.362905639333783
-0.6571280863262391,0.07830627216363743
-0.7678465196668023,0.07021025539111465
-0.5726440290679823,0.3099475127494645
-0.7063274500233604,-0.02866436421774487
-0.7461743898078992,-0.10143582748498176
-0.7661698616545117,-0.28087722429703743
-0.6068677136570013,0.22566040635765475
-0.6754766725789499,0.18193499797731225
-0.4634409274407983,0.3502678516636796
-0.5853038093751691,0.22559210652070222
-0.798314913599631,0.02566105507248857
-0.6862732285302037,0.05336915722578265
-0.7504717036135455,-0.1735231454037079
-0.4786899808483424,0.38940670470406846
-0.6485710527529266,0.09394613789906917
-0.6949448022126095,-0.060342090850406135
-0.7493369897673671,0.34408038362025034
-0.6053030306699201,0.19782697190037318
-0.6199698976600554,0.24999588465512682
-0.731430374483278,0.06177410891953595
-0.7173847270984354,0.1465169071942647
-0.7867470794362802,-0.18025107670995816
-0.659401542384194,0.03899927043463438
-0.7589637843658072,0.019131648929873162
-0.5844541143506395,0.30908202932676687
-0.8026452339855911,-0.1394448838978552
-0.7694252988821922,-0.04146424890960794
-0.5773601739973719,0.44872623523115246
-0.8070034422771465,0.13708439887474286
-0.8146550338385992,-0.11118908116194708
-0.7706028371342648,-0.0661879674881968
-0.7507469639442554,0.0018583619825677828
-0.7667915021077581,0.06750967988897676
-0.5778554342040916,0.1471999722878184
-0.8428815409039854,0.01794732440594814
-0.6697551773796906,0.1331947998074687
-0.7948591270153318,0.005822614389003901
-0.4743348867785506,0.33997269593469553
-0.7473720080791244,-0.04598651844117516
-0.4990624361304124,0.33373620086809064
-0.7586001916808085,-0.011698257534204537
-0.5153038514804743,0.38941797295404706
-0.6093115735415594,0.203319224076166
-0.5342702271138016,0.3684048733823319
-0.5149060693209379,0.402040676691929
-0.579173808466728,0.32801688680099694
-0.5408248904716089,0.3464871503676165
-0.7389584327847963,0.051552409094171456
-0.641428109689829,0.2540371032920107
-0.8064253415593862,0.028720736350342623
-0.47254439001276966,0.43231259356930024
-0.6263099716825905,0.16847590056490755
-0.8346731267348904,-0.02500281693767677
-0.8128919667281618,0.00549938074404104
-0.5258047816888776,0.3436030029104448
-0.5341106945414836,0.32295940469017326
-0.6288067820620562,0.26924420437932045
-0.800730777293479,0.04842699428285954
-0.5871141417327296,0.2997355059440735
-0.62894833680118,0.40214706968846636
-0.7453924745205414,-0.04474642533867982
-0.5717132123500547,0.32227764276800774
-0.8529039865292747,-0.12788625442703386
-0.689600594287286,0.07742221295968087
-0.5685109334413924,0.30054920714357575
-0.5778167601213534,0.18976461849279047
-0.6186600421906868,0.31757439266105447
-0.562788449995457,0.3096627495086204
-0.582645895808808,0.21613926927982036
-0.7095365417413345,0.06842326213731979
-0.5621612011101282,0.3337410868739444
-0.7796194877769612,-0.16437265780648297
-0.748893088342632,-0.10540414922774559
-0.6175097878702543,0.45303002987708235
-0.7232827959184415,0.07519455964296233
-0.715568071373591,-0.17162858803083722
-0.7357681936260452,0.032105894904174176
-0.6590678489532574,0.23877183031127946
-0.754435923884818,-0.12404574459532164
-0.7226047066726751,0.2610126123429134
-0.7445328033920798,0.31379375348453464
-0.6753026319838102,0.0064259884520811005
-0.7066879942521707,-0.21314873614983756
-0.5478342591645756,0.33439714377954005
-0.5031263544097757,0.35248620451217993
-0.565177445869533,0.3157034318141885
-0.817896611731843,-0.2786726706159656
-0.8378676039716395,-0.15427753931289634
-0.7041932196913785,0.16125182913474634
-0.7196882051444433,-0.014935300776137302
-0.6281215487505184,0.24146720872042785
-0.5593060528969901,0.3061773141622922
-0.8390372466826725,-0.21309026572367729
-0.788986485075504,-0.035255224441540924
-0.7066660090451595,-0.11987980773967166
-0.4994677147718491,0.37891580634491
-0.6082723842610028,0.2894022068355345
-0.5083554107765447,0.2614576891048157
-0.615197099465955,0.31476386658137306
-0.6921553949705445,0.17202606342151902
-0.7157366997480699,0.308244494436838
-0.7112840985368549,-0.04804943596336111
-0.7868592678342581,-0.3764097037912189
-0.711569098768959,-0.010706514357361535
-0.539905030436121,0.36318299314707964
-0.7844137413842609,-0.22708599394470838
-0.7645028851289651,0.18070042058150032
-0.6270389421160264,0.2478148113927717
-0.7690873975032251,0.08408475076708134
-0.7565697495104087,0.1386802974513415
-0.6577282915745704,0.05935700371376381
-0.5348205422861407,0.28828835974144046
-0.7594309804422669,-0.1529956487182641
-0.6805626545765863,0.2007084883062093
-0.6655588639509629,0.3678447645524391
-0.5202130200437083,0.3493004862102985
-0.6844016569009173,0.35852560669472494
-0.541154367312498,0.299804172566106
-0.6485341710368294,0.19966967886406464
-0.6400313086260118,0.1704950343427204
-0.6638254206935723,0.24032668473656324
-0.5617932280997708,0.2239606032447196
-0.7098045376949891,0.24815416741902316
-0.7606080457526642,-0.013107631164677362
-0.7187105367347703,-0.17363760943872955
-0.5216968644348825,0.28314852777752414
-0.5357437852939207,0.30844126484570483
-0.5303419565446775,0.2946896313354308
-0.5060548913188327,0.31093808977239984
-0.6985695177223926,0.19804707401954683
-0.5809091954541881,0.25185849669592636
-0.7184466138693912,0.0061643373630397855
-0.5976060711260218,0.19833357348303432
-0.5128053029489762,0.32001181219969727
-0.6401766180537417,0.3012673379184027
-0.6397478541406862,0.22635223658014444
-0.6674184680764434,0.14440963391588535
-0.5671519932977359,0.36949852577072945
-0.7381469080695561,-0.013792438965955948
-0.575283997787735,0.24694070391682296
-0.6810448426522545,0.06760507607783825
-0.836834387938612,-0.13879274619357632
-0.719010309271162,0.0849801329780615
-0.766351728627003,-0.11310111721202405
-0.7676976803356326,-0.04848220482721747
-0.7372885029833138,0.08294009060081921
-0.7712805498146517,0.1485567612960226
-0.710386890252517,0.1387171733248151
-0.7190137279508322,-0.07257809344153059
-0.6475553233934428,0.25204768311378606
-0.5202682687556163,0.28305003912350685
-0.8475603779974339,-0.21118931288350257
-0.5766265737496709,0.2061521694958523
-0.7351287646977841,0.2072005433194792
-0.7177266899496902,-0.10240999036511496
-0.6651627857370787,0.11047059544962114
-0.6894696414248035,0.19684198709956802
-0.7151524419944968,0.01899458731882651
-0.5942992717126296,0.35808699778020414
-0.6363706898337662,0.27127169384837757
-0.6669961154042355,0.32353964839464755
-0.7197864483937347,-0.0702027927465342
-0.6146436020161274,0.1881572120661278
-0.6013498844308668,0.27999202498122405
-0.6836253802617155,0.2130331455033889
-0.782594686036054,-0.13754586794986123
-0.5445790322667382,0.36276406738510797
-0.5845822200880517,0.22843551626199862
-0.7377830091801633,-0.1294234051928774
-0.7774829229115602,-0.18709844944185597
-0.6966565123328591,0.08028996957282074
-0.5505351000235439,0.32480390303232826
-0.5567376812921707,0.23915070062365024
-0.6328089088835258,0.25077912618997616
-0.7470094127792829,0.08779284553091309
-0.6621433176299492,0.3453752246490251
-0.7957336022844498,-0.07289020775487383
-0.6289853940735645,0.18627094661736118
-0.6533889060571303,0.25172061390784684
-0.48878627918272377,0.4140498620075221
-0.5381612765399776,0.27588247945268185
-0.7234122534262423,0.19963144316995718
-0.7736981507927276,-0.037029885425236574
-0.5941912489622669,0.2326332874389856
-0.715667627409879,0.13811748042398042
-0.7410803825943563,0.028714048135674054
-0.6421705963087821,0.1924588637725396
-0.6981913163043408,0.06477411138369278
-0.7569422145637505,0.09118336032175862
-0.6961718921615178,-0.059315226361056766
-0.7712799536883262,-0.11167203106741219
-0.7803268304674473,-0.09350309143268297
-0.7495553057025917,0.058149677327855115
-0.6601554575389617,0.19028385326637193
-0.5299725103056548,0.2752841841043881
-0.6281827041183148,0.21872362916877172
-0.8457538884042918,-0.1786349846008963
-0.5894369417343782,0.3211763031314346
-0.6677107356005063,0.0956062603036688
-0.767013179800962,-0.18637586176706264
-0.6657767728737937,0.339455475616843
-0.633681985494848,0.18866174754497092
-0.7617488500216189,0.1321484469306345
-0.757738225975613,-0.017693348129336064
-0.8228425196493141,-0.032741621732537834
-0.7366909837598375,-0.14411916730676116
-0.5940915296559601,0.19536178064883292
-0.7276500500132999,0.10381410821332614
-0.6171975949627655,0.2776073938508364
-0.5776146777091807,0.23173415549575274
-0.7787330230384956,-0.021470757035506643
-0.7369684752571485,0.051114526525759325
-0.705928147794993,0.12773054962613756
-0.5667574443403341,0.3628999041811971
-0.7878126824954136,-0.2146771578168277
-0.5385010598192527,0.39253816740988795
-0.5685374444487526,0.40953628384091884
-0.6417921109708309,0.37891317804647906
-0.7343800133136544,0.1255439310041153
-0.6298706974062619,0.4300505490300645
-0.6518761505334246,0.24929090588831773
-0.5834294772183358,0.346636756387507
-0.605051709224034,0.22763014326471173
-0.7034147234506395,-0.03800081674445601
-0.620125224421782,0.2949884170482107
-0.712960913784417,0.24462360225615165
-0.676239641095439,0.006649100416701072
-0.6186009090762874,0.2554069714818779
-0.6094270728057392,0.14614572461327494
-0.7165457167242515,0.09509522364080027
-0.765191175056312,-0.11983807171287421
-0.7010747165649166,0.102076773377729
-0.6846876920705389,0.26413583877014574
-0.7399101581833447,0.17668335161787146
-0.6117289326760278,0.31331256958684234
-0.6804036593722267,0.07372660278694326
-0.7890410630605553,-0.09185345890170694
-0.7187060095871489,-0.07536543645370807
-0.5598785741739556,0.34810636067092887
-0.6742722317627797,0.18214215783265672
-0.6892380713288979,0.10539009943606509
-0.7230975644899658,-0.013184308234800657
-0.6810045318267192,0.148406972280865
-0.7192475860505059,0.23718122311851847
-0.6767913142921613,0.06859171483913316
-0.6962340213058423,0.11050935619376673
-0.799634885874125,-0.17286605464110752
-0.5550132068355154,0.2531846524312927
-0.5499969713831695,0.334267974473438
-0.6952314798424075,0.06841355078939887
-0.8419466472287309,-0.22864456175968
-0.49493038033569847,0.2946922385481052
-0.7689183101887556,0.07760700692143672
-0.5674943320868391,0.36354641393585274
-0.6338387794503688,0.1826222950949163
-0.7481814869265289,0.04770185367250106
-0.7907783234386684,-0.018515937435242776
-0.6837566053598543,0.10607385557199625
-0.716640275690969,0.11727261024398195
-0.7813926189966148,-0.02008654272825984
-0.6708816447080932,0.07075538797202105
-0.661765681255122,0.2705553511067443
-0.8097570486545204,0.08753601814349486
-0.6724583918861794,0.10915603719443742
-0.6967138553606247,0.12383878534555827
-0.7448923336954031,-0.1209554463727878
-0.6011307760610344,0.2729906545905827
-0.6952906201494037,0.13333873453081327
-0.7913856375517706,-0.14542365166224647
-0.7914631433953014,0.10215246212134477
-0.6240075025507238,0.2603433342084667
-0.6919463643080347,0.08426366934541232
-0.6678384156106039,0.24294747501984607
-0.7241977261298845,-0.13378990794387408
-0.7918429171464791,-0.10861027425218912
-0.6238622724775935,0.19470097644523254
-0.6041304122412966,0.17691583010961887
-0.5917904134521993,0.16795993498018866
-0.5418275039436877,0.32349357693704384
-0.7219302233175965,0.028429994175236117
-0.6138749341364739,0.19888843984330168
-0.6845616522267609,0.13491564085628072
-0.5889468854614704,0.3119079514064203
-0.6689254660383295,0.18344091015683703
-0.6626608237550979,0.08318958202722707
-0.7110584967505437,-0.010994819123730968
-0.7418887726505655,0.23755447023737816
-0.8293207685340179,-0.07710382115638303
-0.6355759433225391,0.21621572552040036
-0.752731095952401,-0.03384660375402799
-0.5973978550364364,0.2532751854506814
-0.6695362903212686,0.18212642302003884
-0.685018244869643,0.026743547182231035
-0.7888666952558282,-0.08100049438796533
-0.7856953492017906,-0.18783057185976257
-0.7901317963923941,0.04770689665004822
-0.5964644633197188,0.2775266969506937
-0.6789109975169225,0.02894320694609274
-0.7437337296021903,-0.00022419520010595059
-0.810486095811283,0.09090250385661704
-0.6922398265942242,0.0793998504768211
-0.6385495337807019,0.20213548054965022
-0.7890143070619485,-0.08438685099662112
-0.7422710820898426,0.09429491410764261
-0.5957435413406044,0.18450845924898732
-0.7837565282365606,0.029956801752103593
-0.7223610319732306,0.01564122411029356
-0.6347989311413127,0.12395443654529299
-0.8339707097799064,-0.15998839468125883
-0.6038108550751758,0.20998857314457064
-0.8477400100405399,-0.11379295638320842
-0.8189123968021378,-0.13733331171509353
-0.7058551933272336,0.08606821308285136
-0.7114968309572007,0.10309283575433643
-0.6835754726502455,0.3012678357820612
-0.7531255370827682,-0.058709266078171805
-0.7160981231500718,-0.14079904068208635
-0.7729347205971095,0.12404910497571514
-0.6008306320330096,0.24829730035063918
-0.5376894754269693,0.34073812621347305
-0.7350650720847665,-0.07521587504307607
-0.6908730017832874,0.12633858588022776
-0.5765220918368495,0.28317706770496365
-0.7235588552156568,-0.1313474112789668
-0.788662222794456,-0.08118599980746753
-0.7725350345299135,-0.2333481866011581
-0.6053059773499186,0.3467300153266756
-0.693063933955552,0.17312194414045887
-0.6334888237898951,0.11021905833952028
-0.7861325164401465,-0.19220767876033523
-0.7737231673849855,0.07810038541400345
-0.7014187441275527,0.06839119760525494
-0.6942718210267751,0.1593039041438091
-0.6992505207781818,-0.0915931412450814
-0.7947133313826376,0.015209532961521182
-0.6181339347874227,0.32352857510669636
-0.6803399202032729,-0.009529641145605115
-0.6425516597298928,0.2123019182549286
-0.6676991209445049,0.30349315020880474
-0.6454907723337322,0.12562863494077817
-0.737274809983351,0.03137672397602827
-0.7213316880424995,0.015155281894629256
-0.6586286329744154,0.17723477125301018
-0.5780639704827755,0.18819429574041555
-0.5984290646928294,0.2440334363005479
-0.5771636185342549,0.21494950946567312
-0.7028756543555557,-0.09529028301684042
-0.7837495398191093,-0.10095890951788233
-0.6694891767069646,0.16844898335811914
-0.6061395590230682,0.29389894196864963
-0.5985847444247102,0.30824328337763524
-0.65344115268884,0.260192854695528
-0.7870604434316769,-0.07415928582073311
-0.6584405915735362,0.19779575820998252
-0.6595044167466884,0.11244567011690791
-0.8241408564022806,-0.01629123694503646
-0.6199681845926609,0.2341196938367341
-0.7634266681414854,-0.01881997008562206
-0.748089067321721,0.24091428178474006
-0.6362566100377357,0.11309533947229684
-0.5630766701125525,0.23028705419344658
-0.6840309604992175,0.13077601325900906
-0.7031768826939905,0.1685628646803002
-0.7745163476490203,-0.017528347251570243
-0.6817643885444373,0.29306979496065244
-0.7677114859210717,-0.11247105534500905
-0.778803676508077,0.01342230132599416
-0.7146741544206874,0.09797985597022467
-0.8359122373622231,0.039313410246738845
-0.7695614454995388,0.04206750534598627
-0.7457990487272531,0.06079060389776124
-0.6088144110078748,0.25998569084556356
-0.703714973888108,0.17384025068178108
-0.5841247348095534,0.28267773519419653
-0.7164178806636048,0.20278915518999527
-0.7252349776855329,0.13355973996188247
-0.660835705956114,0.1434878858947802
-0.7379700057077402,-0.047686409361972736
-0.7054020483009288,-0.00903388784269447
-0.6838873101671762,0.11756474304735001
-0.539192451012111,0.2752711257353909
-0.6301993581577792,0.2050461974948186
-0.7143340949003387,-0.09537427510699381
-0.7969324781934549,-0.09240255389922472
-0.7176168782510001,0.16203863523790457
-0.7318623471676657,0.04678416889444858
-0.7547690114345895,0.08590515308624387
-0.7755617192217343,0.03262181787278756
-0.729602727523455,0.04737180931397218
-0.6931194182340158,0.19996475982323553
-0.6994673619304542,-0.0396015402823793
-0.7806290970130616,-0.045369514513228286
-0.8095861098392337,-0.15072679323721438
-0.6976545606978811,-0.02803541558982435
-0.7537780729895868,0.06268937599783961
-0.6484968472814346,0.2063730367889516
-0.6189933920982175,0.2490155621708881
-0.7420826924186477,0.04284496115493921
-0.6782435046203373,0.15183491939135513
-0.6397487489665589,0.20490595579697393
-0.8105046402933656,0.07262924542235062
-0.6592378362263687,0.17552326358638845
-0.5705617662567397,0.24735202357784591
-0.6305095155661308,0.17130928568247028
-0.6786036699435243,0.19231132111494614
-0.7928580992519898,-0.06547466853423858
-0.6724709409922885,0.11902212959234562
-0.6112902901975569,0.25890926284510407
-0.6443419211617982,0.3057493734431348
-0.7000544459338318,0.17125720998013294
-0.694932586460037,0.28424466922305125
-0.7738125056282308,-0.05298066134588705
-0.7758449424745383,0.02554109099240002
-0.5853685310369,0.2257069561549286
-0.5804359674787597,0.1864673835837069
-0.6116280043736165,0.32691648124763195
-0.5570229805615345,0.22926791959481674
-0.6077676819995113,0.28997848657278624
-0.7018917998397373,-0.03170321322135153
-0.7754700721731926,-0.08680905641395359
-0.5785606706359377,0.309247165738933
-0.6894642685583373,-0.06746005130657647
-0.6355611651108278,0.23010625905511076
-0.6370403957765394,0.25442262448251796
-0.7338060834411976,0.18448737096958276
-0.7468753175965184,0.001433137098882971
-0.7836415452996364,0.02781615162141375
-0.7192744057178359,0.10317461316181462
-0.7326462384336653,-0.04734675092746319
-0.7043099838306172,0.1359416070430444
-0.8146726070642382,-0.10918989895009013
-0.6210994503316586,0.3026190865511093
-0.6276693178515171,0.29607664889440416
-0.574923457712031,0.2779729682437527
-0.6202961612051834,0.30891723613098165
-0.7366488174578734,0.19705427820413565
-0.6713231541579938,0.2704427908778546
-0.7894244720496889,-0.06354419668846703
-0.6242363807955436,0.13015072712221878
-0.5999657955717985,0.24655289315493534
-0.6104442012589907,0.22120429376838632
-0.6885764354042263,0.04621650051839378
-0.8124261268664157,-0.1061652909666632
-0.7125212239138287,0.12130431334218028
-0.6788449543935445,0.05178454560904713
-0.6796808095619478,0.03287567930810666
-0.5991309395081625,0.3529229013356819
-0.7410497032531647,0.06989789286156951
-0.7939207679511185,-0.15548650328807065
-0.6405171950654526,0.26015102067849594
-0.6546084029563147,0.10735116206130842
-0.8178099172579795,0.03674099834345632
-0.7599057029167535,0.04040836431962151
-0.7824592351761448,0.035185885993253375
-0.6264892519456979,0.2501317569623644
-0.6743829318501781,0.207020862245476
-0.668187685991761,0.262724962481452
-0.7170836978993579,-0.04154807525202332
-0.7614606150868364,-0.026924632326676204
-0.7515722414968786,-0.07342321354221198
-0.7259286919322506,0.1852876856249875
-0.6523650454927048,0.20089547098506166
-0.8073165440307133,0.04218203550859848
-0.7569427346293611,0.06925674391469079
-0.6858797219412324,0.2557175929872945
-0.6766207798219428,0.28930515313955635
-0.6272027047563882,0.2641438968058195
-0.7267184640977583,0.13446111820034407
-0.695227750211474,0.24375530107491472
-0.7107890337557502,0.0560436888734558
-0.7136769828990376,0.2978273709439417
-0.6774453353656122,0.1696145026369613
-0.6613437827210813,0.03564082169090827
-0.639781271223262,0.24618672702779312
-0.7314074927054747,-0.04851449461765824
-0.7718298967513927,-0.1363706156822514
-0.6177161529082704,0.20025736441077505
-0.596180724632276,0.3310640128471225
-0.5706121259700545,0.30505220620749113
-0.7115251078758329,0.11517899618563956
-0.5959890481696216,0.20473154504258648
-0.622419547881629,0.2691727663757022
-0.6695199090373438,0.21982369010033775
-0.7991727868238763,-0.01688343497482622
-0.7593972757448267,-0.019590724229430898
-0.6972523255738057,0.17996385587370065
-0.6691932108745446,0.14499277847323394
-0.6690501420926056,0.22713403829764076
-0.6260280193652886,0.1752152232886946
-0.7407452628840088,0.05361525414834399
-0.7678172199792994,0.07522194997363761
-0.7609666486688864,0.11498149221550177
-0.8201623814705347,0.029315756615930402
-0.7103494223696374,0.07328626580526226
-0.7523758259098402,0.04053245264744708
-0.6823002547084469,0.1398076695952064
-0.6788102328227965,0.11765365017336976
-0.7252189513361679,0.015589117070486278
-0.8127778419316597,-0.16510372582169724
-0.6404726345706098,0.18421824760416763
-0.7518123933145505,-0.05008836702711786
-0.6216964231671973,0.25063786326634285
-0.7482383766957347,0.16768691663377833
-0.6781532883717151,0.2239058938323836
-0.7945298530169075,-0.08543604663572925
-0.7872742349202462,-0.13224086218170983
-0.7493643079633746,0.11323438967354957
-0.6701862756907888,0.2383963092991243
-0.765687595945307,0.014098395640122604
-0.6742814962160283,0.13022940325672247
-0.6327220497007164,0.27528913628569357
-0.6625169369485877,0.2253992865510545
-0.7878764770807137,-0.08707263786783864
-0.7494662673293814,-0.1555610996362866
-0.5903732682638131,0.2421994933955769
-0.7209887771272273,0.11829499435571943
-0.7982904754106883,0.06788664041936673
-0.678563617496328,0.22335227092170368
-0.7041612825519294,0.1528281407776222
-0.6265700900555565,0.19262238674117765
-0.6824943009408901,0.28966093285801026
-0.7217470144180216,-0.03802550387501233
-0.7427406882431253,-0.030052884702804653
-0.8055467462159919,0.11343313437636611
-0.7488630149772598,-0.10006117778904766
-0.6388980468935831,0.14551349670616254
-0.769859954312407,0.022149508696712936
-0.6514291467887745,0.26375975716156175
-0.5925973901618244,0.28393602993712813
-0.7706604203611546,0.0634275303516128
-0.8333373879577841,0.05853391110529923
-0.6005062261620219,0.28153150048188014
-0.7539597436917107,0.17086805042661676
-0.7204306234825821,0.14103665741075827
-0.6297814861290695,0.16799711356096705
-0.7928840175895961,-0.08928052051210543
-0.7240829052553497,0.2258583729048371
-0.6403005217765739,0.04901476547856325
-0.8083006260924146,-0.05606230030477867
-0.6250499885932083,0.26408884244039765
-0.7359261655006543,-0.06352350597098476
-0.6274464578319305,0.1792315883705758
-0.687348302780444,0.13804160036803176
-0.6832087005811133,0.15783671419456063
-0.7788965628821213,-0.028939381296804453
-0.7549805184418268,0.04717217366530685
-0.7120195720375613,0.08530137888135633
-0.7814839907086388,0.15341613580682542
-0.8108451298031659,-0.16772372809843059
-0.6852021818264353,0.14114325593503935
-0.5830838026936493,0.30426650562009405
-0.7007052930039936,0.11787344850071901
-0.7467205777773108,-0.12788243708474575
-0.7601382404926902,-0.09133151207636225
-0.7143374768981793,0.15228956855632342
-0.6647879930516442,0.16860099478597118
-0.5693584069733592,0.25779822975361166
-0.7637807204641643,0.05597367557478236
-0.7570449272384465,-0.05998570429873055
-0.7675106408126237,0.07699808484471878
-0.7271573591327484,0.02747713449678606
-0.6839659316025504,0.17578115008182182
-0.6627871439461239,0.1984300200443994
-0.7305058987825338,0.16074091035979174
-0.7136824366888094,-0.004876663995853958
-0.7419470202415017,0.1903659780964482
-0.7154018863484766,0.036882047154351096
-0.6564385351658893,0.03881668443734896
-0.5960616879433108,0.1792313678257742
-0.6809217968339808,0.2197060531516359
-0.703071764953192,0.17660596276112206
-0.7818444271243004,-0.04211718393371073
-0.7147446924940556,0.06919320965689625
-0.6906126518953979,0.0753399370356728
-0.8411444626127603,-0.026085155535056845
-0.567579239861457,0.28142232909951365
-0.7273327669077224,0.043544213126689414
-0.7533767701072397,-0.0002469281593765435
-0.7913688689643351,-0.050092923977315594
-0.6201767820226766,0.26036469575585947
-0.644938076662388,0.0743776749639622
-0.7252590714998662,0.07400468372811163
-0.6764586205641872,0.32155745313015877
-0.6586471844932399,0.1994067217443691
-0.6987593591758643,0.20085728447993523
-0.7077128999391381,0.13427518687134907
-0.7036012730191542,0.227631024224073
-0.6088392632923852,0.20187227555012666
-0.8035324929475061,-0.11684625606877075
-0.661445456692,0.21174345613459566
-0.6856951122310527,0.1365093134897322
-0.692410889326123,0.15762365408352694
-0.8097370688724304,-0.05031383568105944
-0.7737274643553951,-0.13429313598778098
-0.6938811296558132,0.3068865962219775
-0.7333965685738149,0.013661709862555459
-0.6805862282092581,0.27516913304124757
-0.7550792779910527,0.01925675557183986
-0.719594335535495,-0.06444754783854469
-0.7303580569995849,0.11932456404340488
-0.6845248189114734,0.03902834253799023
-0.6509817677182359,0.22613880584343513
-0.7730493454341115,-0.1692183297519744
-0.7114474936980673,-0.033901040035653536
-0.637044533360502,0.33418236349290176
-0.7015871714966564,0.15631136747605057
-0.6853091400590329,0.16702007646657813
-0.7726612027742505,-0.17296784466512616
-0.6397471361331304,0.22436203593627452
-0.6442745747078924,0.2255111327783558
-0.6303901574927239,0.21152841004282333
-0.5641815093239372,0.2926640340590326
-0.7982531720442434,0.08088262682931288
-0.5957732016561909,0.27748718126557576
-0.6488813151539162,0.2919662242930219
-0.6460462331308283,0.19431602683664148
-0.6956919087445154,0.16745430564780467
-0.7087321455304921,0.03670820747718333
-0.7009553028228753,0.05243872119847956
-0.6805202678646421,0.1981960951170397
-0.6412257572107676,0.22152196246821595
-0.795870241632967,0.031106794607931688
-0.7471424994836935,0.061549515641103364
-0.6677259185399842,0.33090560816199566
-0.7552791678937408,0.05062012654608568
-0.6555356176965713,0.108592491556021
-0.7127272526084594,0.12068818154574594
-0.5681726631301911,0.28928904552164914
-0.7145574970309222,0.14155573626085496
-0.6485426100801527,0.2605635802043914
-0.5969680831280475,0.2919220224925374
-0.6277767906286734,0.13100233924585233
-0.754315571560029,0.08347524318902787
-0.7987465758901252,0.0462211635457708
-0.7070018688373294,0.18626380117252492
-0.7235462564726497,0.007453766497300169
-0.6708540191710481,0.07773133434468536
-0.7390825189062271,0.09923692125828172
-0.7046404891363348,0.15811225281414662
-0.7166266094793864,0.16481559562211992
-0.6124134530513826,0.31056503714764006
-0.6491574136926408,0.1403579441970939
-0.6424868262035587,0.19307777465153506
-0.7055812867863592,-0.03237350351450428
-0.7599415185743194,0.09792802508925905
-0.6539441581839877,0.14151455543352617
-0.7099562204237282,-0.034636291202114686
-0.615261113407026,0.27031526230123304
-0.7345794842308887,0.14710819546781925
-0.7158603163683401,0.03926324743898779
-0.7465224677187893,-0.04821744927656995
-0.6835196345522634,0.2423759112852035
-0.7240883724066856,-0.06715172254283139
-0.6449029344533111,0.28329184185501327
-0.7389958190642566,0.029544781211506208
-0.6255187787368909,0.19891918980148074
-0.7849970280004499,0.007438832989646803
-0.6894905879393588,0.1845788150387449
-0.7446262874810533,0.09489442327484801
-0.6828581182878295,0.13822378681143208
-0.6979110594137719,0.10798468218821071
-0.6957146027289932,0.03279518385334726
-0.6190513899877071,0.30483765327769297
-0.7496348428770682,-0.06708383897779097
-0.6965299726101801,0.1363876203122938
-0.6888517947091058,0.24090150072170177
-0.7234156154727995,0.10554012457659866
-0.7320690299937488,-0.012122758733231622
-0.5806541818689164,0.30417045713176577
-0.7915990486911529,0.02480505785530877
-0.7564868802935604,0.042507034253687334
-0.7169203540928304,0.08769822737726637
-0.6678575687419481,0.04756248107211619
-0.7019587929613018,0.013036277007982523
-0.6865007713995896,0.18319946623615432
-0.6969027712435572,0.05485875328742652
-0.8021446660771678,-0.05973647865982215
-0.6781094521812143,0.27807537416893074
-0.7152803244193631,0.0008694472187863491
-0.6271349635006027,0.16694536600796214
-0.674020930097818,0.15416126786978343
-0.7150702731566957,0.17852271851001808
-0.748020348751067,0.11537448236746765
-0.664701692643993,0.2439272735223452
-0.781281267553503,-0.03350634588451691
-0.7471418095412372,0.07217764574136042
-0.654500292998722,0.1772555387054182
-0.6965557915673588,0.04321765109387835
-0.793815800572386,-0.02746049840545372
-0.6453218123582822,0.25892184278034874
-0.6094331955524942,0.1103215309339361
-0.6601103748373739,0.19419207557457008
-0.7663679284868798,-0.08477288286440204
-0.7425482435804852,0.0828643030867947
-0.7002966738794496,0.07859981494238322
-0.6947951922878851,0.14832103067500677
-0.7133482080399589,0.16523651848411133
-0.8286500754078442,-0.06693865755546352
-0.7185935931705576,0.0515920318435215
-0.7002491761564577,0.14691416580984326
-0.6525604317950906,0.11646433279955579
-0.6487918942395227,0.16952000722126964
-0.6732906285475647,0.10021078366771262
-0.8181910597507933,-0.06174724803992443
-0.6368387256603256,0.3065386909007229
-0.6139867538369849,0.2526459511969719
-0.6799021652524759,0.0668426533743877
-0.7470846792978645,0.14683917700452281
-0.6642562465075097,0.24563675646423322
-0.738121169185844,0.06011326821301545
-0.6190949298196817,0.26904095551353024
-0.7693020183951209,0.022319110737455346
-0.6753646438466422,0.18458076463665168
-0.6458340251837293,0.13490902737056326
-0.7054467444849333,0.17592148816416533
-0.6965866002475337,0.10748371865247022
-0.7237466023344599,0.060522929446560514
-0.7415027433364534,0.01397729610302148
-0.6647127386357983,0.21112712749947998
-0.6814289302084693,0.2448123154647215
-0.8126390206030452,-0.06582078441358451
-0.5993715172935795,0.2758648944448518
-0.6960100567161914,0.17361001494070066
-0.6998641236147203,0.000660031281080871
-0.7526033597372402,0.07234216948669508
-0.7249741596911611,0.06310789967147042
-0.6898725238787973,0.1578389165094745
-0.6584905103897454,0.2939575089607215
-0.7545316825138012,0.17497057806544544
-0.7436328104367004,0.018191347524760218
-0.7007529556034063,0.1536699400653734
-0.7426172850588953,-0.03676274672540519
-0.6059810049175954,0.13531980410172154
-0.7100026360938007,0.212746359030905
-0.7069331143862931,-0.009047042109129284
-0.7533744282931364,-0.029111798784867936
-0.74374550980243,0.0768703153338211
-0.7286856843424664,0.059888678680022164
-0.6786985360562025,0.13458113638115973
-0.6269374669886929,0.312883282385789
-0.7285924322547349,0.09153010286337915
-0.7559681077351063,0.009630300026876077
-0.5973590162053685,0.18250956859292417
-0.7920561019089006,-0.01525853708268707
-0.6556733901906033,0.16385281910696528
-0.6887576783013504,0.03942016775239069
-0.6968081032701642,0.2127693416282529
-0.7136500814625785,0.04904050022087976
-0.6500202749821081,0.27047099697007665
-0.6726708974124495,0.12236833793223484
-0.6828182149196896,0.24730127390974316
-0.730988715624074,0.18248099571145018
-0.7630943637151243,0.04771892338583795
-0.7677386912101296,-0.0005368731189351008
-0.6509003389978254,0.15943162807555514
-0.730853861709558,0.0825233385815272
-0.7626330174890086,0.04721563192420904
-0.7152649702232202,0.16327469254143814
-0.6623356623768095,0.07139205650723471
-0.6396280851648961,0.27326728101675457
-0.7338042612424911,-0.004415422991493822
-0.7636609215075297,0.0414783794405658
-0.6574965126406336,0.17228134769859652
-0.5737832856714972,0.23414812905737983
-0.7667337025702577,0.023484535028212208
-0.7081488014927707,0.16109043086888533
-0.7870671905786369,0.09295216076788837
-0.6903174341970768,0.09949524616727748
-0.6120019943262682,0.2971548642779192
-0.7157651980815917,0.16660064994015092
-0.7780983354526153,-0.07886805710634508
-0.6866173663623037,0.27010486876749634
-0.6127243376172791,0.24695087775809518
-0.7778832283917251,-0.01600696843283024
-0.7320959490945745,0.005539457817832922
-0.7788003830016591,0.023076075330440652
-0.7538227228982308,0.11458128410029224
-0.7715820332144648,0.21175264299567217
-0.7883843107691119,0.052752711924940354
-0.6572225755870087,0.151105237868306
-0.6590203620292083,0.1100513825809788
-0.6102837225443648,0.2275012850233501
-0.7653207076081728,0.11414652974803419
-0.7707960610111477,-0.0012996874978013363
-0.6763060252121604,0.15974805771026016
-0.6391709736244107,0.08405578775228235
-0.7335396415005896,0.041043387444900076
-0.6703401325991968,0.0955717363118732
-0.7036105314966167,0.055776486644357436
-0.7792912492353699,0.107030740366646
-0.6994022279267978,0.09425526679867632
-0.7094883916116209,0.20158184106426952
-0.7223524041780686,0.05498637142741132
-0.711367626439185,0.10414509900071629
-0.7381745303008538,0.17360485267581613
-0.6509523722518757,0.19837221725491253
-0.7402289045218304,0.12409679865966336
-0.7434911919579054,0.02690409300779177
-0.7021217569701698,0.22409674915044064
-0.7492482812194003,0.09661270575435647
-0.7955108319586961,-0.05019995126471172
-0.7950924678046878,-0.0034740611163797653
-0.698468187466754,0.08917962256394177
-0.7978405460752535,0.002820777461397201
-0.6903962103988507,0.09457689702934985
-0.7068786624964862,0.13704045336040047
-0.7250425157939325,0.18453502569619404
-0.618846491350523,0.23969939671570187
-0.6601723636701412,0.18883831238883894
-0.7030353824323241,0.04386270444995435
-0.6012079581366976,0.18610003459946212
-0.6611669868562718,0.2821778541716029
-0.660304841660525,0.14951750423932836
-0.7672178083820143,0.022301700850249195
-0.6659387796182297,0.18401408328082408
-0.7247338986574716,0.1241097615037285
-0.8204794693354573,-0.05430874591010472
-0.7168403217144453,0.009572180680399434
-0.8122217515410277,-0.11035931456273344
-0.7644472829715789,0.11146848343688036
-0.6951869473404313,0.16033952843180949
-0.7497766588206499,0.07351260852396166
-0.7083866708949005,0.15425167159501757
-0.6681122059390484,0.21137162640379464
-0.6931019720656553,0.15884608119208113
-0.7313946261182824,0.10177938372392388
-0.6496446437962247,0.2679542566158641
-0.7883390034839795,0.06136505228231151
-0.7823867058333005,0.08948938189109296
-0.6715260182235577,0.17226097740898305
-0.6560671138011565,0.2268387303501138
-0.6093973179669528,0.15824190920458095
-0.6676011026336846,0.1875104597446502
-0.7353166719260513,0.08982769732678064
-0.7389063599237586,-0.0010590187517931626
-0.6848375456511625,0.1371576421117478
-0.7844357145903084,0.06968727039325473
-0.6747177821027489,0.1906968196262277
-0.6571806917839186,0.19458600595101475
-0.6550214390405431,0.1633870833287217
-0.7524713061467139,0.10148489698358584
-0.681773417948429,0.05400081106878508
-0.6787950595103701,0.07167331836239539
-0.7758627588772524,-0.03846861348498925
-0.656601056528458,0.23465850056027118
-0.698882324730198,0.10455087644682132
-0.6997484619190646,0.10065433435346419
-0.6667642002573511,0.18436860956286624
-0.7140489433862574,0.1380199607567093
-0.6853740438236233,0.09685030125764113
-0.6311698855093595,0.2188061781165979
-0.653845117835207,0.25077912743787634
-0.6842767369115399,0.12412431854555428
-0.6601991005296081,0.0590613804978375
-0.7761672498864249,-0.05972370670024835
-0.7595397475086625,0.13328722413623292
-0.7997158060643276,-0.023422820536188146
-0.5934765129518991,0.23154598136675236
-0.6876397334461366,0.021651145345253402
-0.6511676516464748,0.21531603096244056
-0.806948184603896,0.07710264768098006
-0.7117630245998892,0.035991580279059104
-0.7516039676095979,0.14329103988725467
-0.6428736680135896,0.12498752154224696
-0.772846877348131,-0.01217965440171929
-0.6520811102177309,0.18973861914125417
-0.7144313617533842,0.08151521123607952
-0.6963116574850794,0.14468891569697717
-0.6942272950672304,0.264073015952374
-0.7515848403833406,-0.0005190899626486553
-0.8008691950407811,-0.01699086095143368
-0.7256583655798876,0.18643651982387896
-0.6637579368718785,0.16732966985120018
-0.6953924065903193,0.07423354927670053
-0.6961991068487218,0.20347489562240553
-0.7562919268516956,0.22635963358557754
-0.7550226727993032,0.16485974607859838
-0.6530889724515073,0.2758801490518561
-0.7328633739751189,0.18932384684060763
-0.6781679367390048,0.10140978099801577
-0.6011086802807205,0.22664588448436443
-0.7109872369047352,0.11426711453358383
-0.6977573457337418,0.1192721820878384
-0.6695746470145459,0.2520864377583007
-0.7074657814666748,0.049168784844340466
-0.7134940863210655,0.2144899810821755
-0.7349396984152505,-0.09613365046743454
-0.717290240290552,0.006299111100057585
-0.7521877578249808,0.0898039898264038
-0.67377393726706,0.020211514954969943
-0.6713486506122669,0.2064517858480041
-0.7221028024712228,0.07323088952433328
-0.7523386007302059,0.01574313056811093
-0.6879924099610952,0.04859510687260748
-0.6914530903508108,0.08596473872433126
-0.6709748479541962,0.24727899416366533
-0.7016092725785621,0.057462981023106506
-0.724801921639956,0.09464846288781535
-0.8017512521027105,0.00568872360678317
-0.7102840058078693,0.18106723914980224
-0.7657640005620544,0.1316898550570819
-0.7122029233911878,-0.025881080567178236
-0.6408322400038343,0.24155355484139435
-0.7106180282418701,0.20566467885607934
-0.7362759965389076,0.06019053425464669
-0.7235584620874793,0.051392860263268135
-0.6592129231176869,0.2873386639380131
-0.7621610393375731,0.07240305870205829
-0.7436346956908712,0.021036764758401483
-0.7758825099915543,0.0731107430784342
-0.7320098375921907,0.09761158300264294
-0.6959609365505418,0.14665032165840725
-0.7676530394374185,0.15595205832185088
-0.6876095888200656,0.10639154192509216
-0.6081842822139948,0.26365732024129773
-0.7686834559200383,-0.06445119691560108
-0.8190974671904121,0.0031874388040255028
-0.7200592779813373,0.11226181229907961
-0.6785324199518573,0.18548205877817325
-0.7485367028680039,0.1552602716848309
-0.7421485124293383,0.05519044443746106
-0.6315807156880254,0.1950966186033702
-0.6802147541063674,0.2048855382950531
-0.7487283590823576,0.05590484814352776
-0.7350305593591843,0.08030809123284179
-0.7031518567297661,0.17451319808119314
-0.6927521870955049,0.14296244322204502
-0.7125035778641388,-0.025155847462129236
-0.6806048801694089,0.19350779166378165
-0.7192430560658039,0.18096585322445158
-0.6996142071212516,0.1780607429676301
-0.6852365935935547,0.19094484717410873
-0.7455485113395913,0.06792996613425122
-0.6614603636269315,0.10579133426482118
-0.7952515705264998,0.0881480138788905
-0.7569992799223372,0.09728832480810988
-0.7335741815994397,-0.00877596254377554
-0.6763752233710324,0.1629261655475863
-0.6574427854278164,0.22268928638679825
-0.6666670775159211,0.16419997876347575
-0.7471438635541475,0.12696950497138362
-0.7779731724081811,-0.005024684231239955
-0.7714001851919945,0.04391713997623653
-0.686631573149793,0.1183639128492837
-0.6447517600701632,0.11012520055808582
-0.682969430450181,0.1392598795314431
-0.7235156912069264,0.09010812528830868
-0.7932551433497466,0.02005985676377508
-0.8289584451196356,-0.05033567839790516
-0.7327689693018467,0.15088439259785
-0.7058048267872192,0.22262824934498676
-0.6906965327281963,0.1449685469089935
-0.7294949979024667,0.0904815684033516
-0.6782789635827798,0.13559862969484013
-0.6899906207445369,0.11376873772379345
-0.6995366257770619,0.040246282115524355
-0.7362084740270669,0.12840631172972056
-0.8201311651074887,0.017547347665640815
-0.6692129189297092,0.249450122245838
-0.6950150406114939,0.051907136292529035
-0.7192502481285192,0.11429214243707729
-0.6141926022042457,0.25232656651059293
-0.6706157485517424,0.18330629833189058
-0.7078786539130336,0.17103466289781483
-0.6093221890964963,0.19756216703424143
-0.7519147447200748,-0.012114711903878767
-0.7079213937604962,0.05035821817651891
-0.6414474272330238,0.20207557987357283
-0.7359670765697509,0.11489201663343226
-0.6768007402128098,0.17836536111717347
-0.6482693071071812,0.09236908532031449
-0.7746769870125817,-0.02487731683171133
-0.7470525645468806,0.04218561053937394
-0.6713753453758594,0.20173857273361162
-0.7520306933136137,0.008555388329052272
-0.7442597025601491,0.052842294295815516
-0.690408001721308,0.08309729377884528
-0.651650416022826,0.16172121486337265
-0.7328626434876783,0.0036068690150904727
-0.6943821843213769,-0.03010754673602051
-0.6233766423946996,0.21607099283351167
-0.703390251374311,0.10669505739615526
-0.6567173914355058,0.185375524654337
-0.7655314507501192,0.1301927181237684
-0.7504581203648181,0.062141184158104205
-0.6792367016386198,0.20997549309922717
-0.8143221136221835,-0.011312230627903843
-0.7001749484973993,0.15158121698811972
-0.7595686912841952,0.04652211570403967
-0.6597070450372193,0.1489626353335661
-0.6845590713582388,0.27081560489899564
-0.7482549832121445,0.019842661586070034
-0.7067610289330887,0.2368900290081123
-0.706482605359407,0.1179478659320658
-0.7215548063460597,0.1434170814336332
-0.7510667821400563,0.1434072635076887
-0.6855763217327469,0.22270036130637438
-0.6840687122268242,0.19484235476111714
-0.7682961342102526,0.029799770060995483
-0.7016429638126733,0.137694959911997
-0.7276411280047608,0.13168066728040478
-0.724769528116877,0.210300673205258
-0.6406445938556609,0.14252086818306375
-0.7066676426140863,0.0000939557357932179
-0.7547272211508365,-0.029526084824312234
-0.7636574037688875,-0.002217489461342318
-0.6909922041960646,0.10015101434338967
-0.6951416219462089,0.1867057214214745
-0.780552518446615,-0.024113794658392168
-0.8184997507307019,-0.022612969653050083
-0.7469636271901827,0.19236969283366753
-0.8140340100261062,0.038597123512009966
-0.7777374030910623,-0.0688865410722187
-0.7266678041616479,0.07333549148799429
-0.6655376495757356,0.13260382364086545
-0.7005945493595236,0.15132783235592248
-0.7619346644593301,0.21011627871202726
-0.779592132781797,0.07010621493251314
-0.7384365246672178,0.06021704888494932
-0.6905837768748464,0.09543019657674509
-0.7775589056161415,0.026184591870881093
-0.6739708479528901,0.18847719563117013
-0.7602514541940621,0.096845138444033
-0.7536142702651973,0.07994639848390377
-0.6705833773249311,0.05380536037535974
-0.6342771309012649,0.19870239020668592
-0.695989484891952,0.09074196358739198
-0.7188386064777145,0.09238183379721798
-0.7057594158569618,0.06363907426226674
-0.7407939696093665,0.084730917252541
-0.7990999997574071,0.03267381833450911
-0.6230288860033703,0.2278491332815277
-0.7110078374472784,0.13179746182060056
-0.6775126993290168,0.04364156895282412
-0.775742446633107,0.06862187818370077
-0.7132658103514765,0.21418988902876981
-0.762869092635485,0.037497590311026466
-0.6239942209510397,0.17023105841725483
-0.7265944602993885,0.07630751672282193
-0.7222328386740571,0.13864060738840453
-0.7342128509392588,0.059286592935579994
-0.7183252802706155,-0.019095756445378965
-0.715329342840885,-0.0639865640002429
-0.6707277029607874,0.20284216671669986
-0.6702483488956178,0.17131384196742064
-0.8152918205149297,-0.028893360705650867
-0.7561418814151175,0.17397343810176563
-0.760930906297303,0.05393550693448835
-0.7064818219833179,0.1590587694537233
-0.7992403864530668,0.01437402987694305
-0.6878978222115664,0.11398544651373312
-0.7404330892384833,0.02987584531982849
-0.7884398497311877,0.045100665264844124
-0.7457983068512671,0.15309846498512628
-0.6736952008003478,0.22464108404500574
-0.7131219182884204,0.09796386040187721
-0.7178684007901127,0.1504726637314941
-0.6809856135382206,0.18636172120298916
-0.6784306538694872,0.12087858988501583
-0.6965793609119165,0.1358920807125784
-0.755430452726652,0.08560506662982487
-0.721716145430565,0.0627018808520569
-0.6876181921801702,0.230156829663715
-0.7125470983005436,0.08955065402292418
-0.7258945111141089,0.029686084815666952
-0.6991923976461648,0.057841055224284774
-0.7256135685563609,0.06994814533792429
-0.7119351166943384,0.17460943548070393
-0.6632514707276278,0.08293385990239777
-0.6462598065019217,0.13388851707448243
-0.6524529802800075,0.0806496071521962
-0.70592324013267,-0.05455226448379588
-0.7666566543079563,0.046476011547479525
-0.744232542345691,-0.018259690649377523
-0.6896735889294708,0.19165468979039182
-0.6717410340810308,0.2658300962163456
-0.691469711336981,0.06867841604063651
-0.7811003256859188,0.12429734253753642
-0.800476426084331,-0.051763959562035035
-0.676165548773385,0.25838256723424763
-0.6833941571732826,0.1437083578146386
-0.810570568482656,0.030121082477765626
-0.642809314672324,0.13272384609390886
-0.6122806184101995,0.17611808453402264
-0.7178764438198297,-0.018249719123337612
-0.7760711502647306,0.12545017029878172
-0.7295346017902746,0.18575676740869387
-0.7340454723436571,-0.021969241962489984
-0.6322296108438312,0.23911589460061378
-0.7181152844609184,0.14067563441827174
-0.6575298615938082,0.18696531277172276
-0.7137467132329884,0.1880168755124776
-0.7600053958338048,0.13705703383320877
-0.7570020224418395,-0.01765699365932511
-0.7113866942642617,0.1607310758516895
-0.6313552795035559,0.22534691666638887
-0.6457908535000183,0.22063504960717242
-0.619758224541062,0.17981584833149702
-0.6661048313837853,0.10949545457216989
-0.6731029842519063,0.1781627595778901
-0.7661152356564601,0.14013103838686353
-0.6899343734284986,0.1956389613486199
-0.7542953536748022,0.14291050429437765
-0.7299480405919995,0.09958869757933193
-0.677041610597734,0.1819799772252588
-0.7200170930077955,0.11268692011330705
-0.7406213243019216,0.18207684474980487
-0.639693889704342,0.1629537737015264
-0.741048462385646,0.01566410004288673
-0.7474895150690972,0.002178079421187125
-0.7184733392532109,0.08109388957080936
-0.7983603905514108,0.06834252907455403
-0.760007878135732,0.08344303131615656
-0.7543679210059289,0.06817357898586594
-0.6797553955151259,0.18376325438132723
-0.6645054660532466,0.11961026752771896
-0.6860618093382502,0.08659012738126086
-0.6831707361734299,0.24921697577419344
-0.7857429258646963,-0.045549134015466064
-0.7146001833825126,0.08396407801629563
-0.7664986684223959,0.09467334930801695
-0.736339530919028,0.06145538917068058
-0.7746050305554447,0.0026540792063311095
-0.7112934965036182,0.061837692510851784
-0.7205699428315308,0.035559945154167404
-0.7340256519533072,0.07892684718560902
-0.6642836224851545,0.06615224495232108
-0.672077393292822,0.2062216711604282
-0.700173952507173,0.11495351641320412
-0.6692181479602536,0.20150036019837672
-0.683198258004107,0.16967542256912374
-0.7254166156486413,0.10269170387469641
-0.7263566884502378,0.054011738386108184
-0.7180727770855292,0.062318423257732604
-0.6353620044690507,0.187494683483931
-0.6915068675288285,0.18048300095273845
-0.6778472425766978,0.07313370836752946
-0.7007460847120027,0.07437526840103709
-0.7543136346385224,-0.006458241851966269
-0.6839498603419489,0.2069211350359931
-0.7731962940817037,0.15539607317404672
-0.7076938496909165,0.14541203042223583
-0.6223374018572105,0.17418805575228608
-0.6878009365147482,0.13073202270472947
-0.7193586465072125,0.19242017769538647
-0.6982998142944447,0.20346497824247856
-0.7242374245961012,0.0818723118140618
-0.6657203098418172,0.12306549713671269
-0.659486450288375,0.17618658684848454
-0.7019128304074003,0.04868818549717513
-0.7010123101168159,0.2055333015263989
-0.7182231654663294,0.06758728113911404
-0.7556670379400486,0.1225644307108037
-0.6581516340758612,0.2451844715566175
-0.707235467291265,0.10884359272359835
-0.6408984891472292,0.1634842408342816
-0.7440271066352313,-0.008248892033608346
-0.7940175680398449,0.011557382463685388
-0.7071000426943663,0.06468798673741039
-0.7834146454481774,0.08443203690947607
-0.7234805682489521,0.08229883694215437
-0.8012205993512835,0.054199257149389383
-0.6996723950442042,0.11434136485559693
-0.718979379494595,0.05578672279555353
-0.6379707022202353,0.13426744529014345
-0.7441361749020377,0.052670386577266685
-0.7382202017994108,0.0823874729024199
-0.7238395241798758,0.02166296442510264
-0.6871867652064934,0.05306888728889091
-0.678587614348728,0.17972911525128077
-0.6426373183764149,0.24126013594748114
-0.7123953785971417,0.09763464115317151
-0.6900237032251161,0.10389874028958536
-0.7353581842985233,0.16341643486034513
-0.6834732808030498,0.16780275322778754
-0.7129111165909594,0.22725077409467698
-0.6932894740867427,0.053621065359856966
-0.7024097126726495,0.048110821333484856
-0.7389588656191585,0.08301719340388906
-0.6465742904570432,0.11334991295710464
-0.7245908613502536,0.20930929193260675
-0.7418603422316055,0.10542956841957031
-0.6670484467549823,0.10225619415141593
-0.7058409172974947,0.21873231889044284
-0.6801513316965144,0.17143958621526542
-0.749511204688168,0.11925328700495356
-0.6860372061378324,0.01894026297975856
-0.6988695085637685,0.04451113911198987
-0.7454044572524414,0.18721210463632587
-0.6985306598573164,0.1536958885456543
-0.7137452987683952,0.16573515043907058
-0.7081891725380103,0.1204209753600745
-0.7472375438772513,0.12963622491743831
-0.6673483633133352,0.15507286049892116
-0.7588315477911372,0.08086139437908528
-0.7161920923542717,0.06750644044576938
-0.7029698350555582,0.1241319428276444
-0.7053713545623963,0.15197164126512702
-0.6945741882747932,0.14898114081617733
-0.7727082711134723,0.11917577980228433
-0.6747441528686862,0.124250634991176
-0.7375908996682559,0.06886514883538652
-0.7265049001312197,0.18524765061867052
-0.7767121335315433,-0.02048206774209424
-0.6918044620977268,0.21436655420796463
-0.7792233681972583,0.13799809831091583
-0.7056821810401795,0.06450677164229104
-0.7263310315774694,0.1277379329293137
-0.7117064095099892,0.042451430814716404
-0.7014516688259578,0.14176538080546913
-0.724687153291466,-0.020126012585810964
-0.7477435775001348,0.030327810260569115
-0.7349517558339822,0.056435708450492256
-0.7568005241254344,0.07705043287925258
-0.7149800546356213,0.07636730680279952
-0.6838772725760521,0.06655750128529248
-0.657859923559164,0.1244833135475565
-0.7508896680446477,0.06814745300984704
-0.68842531937005,0.13673967903506565
-0.7172704369422165,0.10413012513007364
-0.7315197529116361,0.1471447708314268
-0.6530490755236799,0.2326661193838083
-0.7020575347897449,0.10660564370674876
-0.6852940138919623,0.08539912733297286
-0.6812993042273935,0.10045020466164517
-0.6540004537816027,0.10975197942701873
-0.707574508056563,0.14293634348135695
-0.6712248939463571,0.15840926293739857
-0.6348708975363858,0.16837366583219718
-0.6694965336547707,0.2549892295411179
-0.617430982990927,0.17434713277077038
-0.6809891914302283,0.12430891309277992
-0.709557694670263,0.10611359631620484
-0.750262694852654,0.18447915666760026
-0.6755408503106781,0.18996858406338762
-0.6653570525528447,0.1729624393492413
-0.7624822372157327,0.1488791370718791
-0.6485112767089571,0.11964128967674621
-0.625122799057049,0.17837457842452784
-0.6983667821763375,0.09610470712362962
-0.6075287051380264,0.25131247120907846
-0.7195490666152797,0.03688744727893522
-0.7841400819668692,0.0733457988172303
-0.7099345952663066,0.15969335370959617
-0.7429349274724907,0.07034676112838467
-0.7672487212062775,0.06356966072447336
-0.7467600340589885,0.03002159469209617
-0.704677903951149,0.13721961816582787
-0.6757774282253692,0.20859150696106976
-0.6348678547958821,0.21377530681252807
-0.7265874768811555,0.070432254730837
-0.7922389400525207,0.08263983809314918
-0.7872824817465387,0.00805925690508317
-0.7183995040605672,0.041074534984917595
-0.7395775938852075,0.12390839865932958
-0.6712965162074478,0.13762939987646783
-0.6842126428039217,0.11668765430524977
-0.6463725418316411,0.17224856866187896
-0.6571915734225154,0.1451910546779974
-0.7874752330188263,-0.004916411026077732
-0.739577446954759,-0.008928273010888567
-0.7462143829651677,0.17686883965007794
-0.7886117387610138,0.03256817495114729
-0.713363015666659,0.10889731585592079
-0.760211832393386,0.03537646290148872
-0.6468258435071421,0.09907861812609431
-0.6888299153459151,0.1594485601631927
-0.7002326653743374,0.18673447579319397
-0.7061135058715762,0.15768146087514548
-0.6369482962721725,0.20032894148204183
-0.8179307739013526,-0.02192514188990199
-0.6988790967538452,0.07038848961445351
-0.6089322791450338,0.22698126150007564
-0.7013536870949442,0.1622664214215577
-0.7391413050008926,0.07356894365866763
-0.7213159277267736,0.1437810342281831
-0.6679036786409815,0.17110631830245954
-0.696829641195141,0.01390997870923976
-0.7417256876496449,0.07111013182056254
-0.7049367478512262,0.1957104157669059
-0.6754307070019174,0.1917822158506767
-0.7052780783967386,0.16179295240246647
-0.7415684747760478,0.13366981876617334
-0.6721685731405502,0.22983268664626236
-0.7312847582576552,0.07617045390465035
-0.7425242744940049,-0.06575631915909218
-0.7000956850481534,0.06274684622178278
-0.7065233104558566,0.08916970264525546
-0.7333540663057392,0.09054043495783053
-0.6603247819973773,0.0627353763074084
-0.721073090367032,0.016254954532555554
-0.7547704544889022,0.060198765123216064
-0.7031929300684323,0.11316743897333767
-0.7614552295071539,0.04805923315372355
-0.7199502481016585,-0.02420251756057644
-0.724901577727009,0.01619438352106533
-0.7938337714831626,-0.015182051887425298
-0.7763879763813571,0.04049973595548296
-0.6137206323525621,0.20882435007242084
-0.7332882628780075,0.05801553155573557
-0.729722638212397,0.13865918527474122
-0.670757931484621,0.08691064126037563
-0.7717901848009084,0.01796762700154016
-0.7434694722846877,0.051379498845496925
-0.7825801109275226,0.09341811367078813
-0.7004250107291131,0.05095921370488508
-0.7595585073729189,0.0020499562954770776
-0.7367307839056844,0.02377351453723559
-0.7221411432921314,0.10871860432906119
-0.7892020876857773,0.00952849833418434
-0.7222404810629203,0.04277920087194585
-0.6907194321473735,0.07113578165172685
-0.7808237247734346,0.032803069565308804
-0.7705142886609705,0.022091116968784734
-0.7092328969277821,0.09944702041619477
-0.6337936225382087,0.15434338379055032
-0.7157743335230967,0.08054155117093813
-0.74639598539207,0.052417498273261344
-0.7572778614277893,0.11139903559240986
-0.7383118822927984,0.1333169588739707
-0.6958691081460827,0.040362757037314415
-0.7226596218990753,0.1978306650560305
-0.6953946171768032,0.0884145396423801
-0.65794396823634,0.11623709993642951
-0.726564654787827,0.00771213813983684
-0.6718132012954268,0.1253153163502136
-0.7054320179355508,0.02410915304185143
-0.7551504607009387,0.15235423936274115
-0.743971913194631,0.16129259926548156
-0.6906047853660825,0.12902191943033087
-0.7063097581986332,0.09972128811745705
-0.7135070346193472,0.08733520943924905
-0.7683614003633252,0.12765802466635195
-0.6999989532023649,0.07340947911036941
-0.7009653689232521,0.15369657139556667
-0.7011275549754601,0.08238164865897894
-0.7588022474988991,0.1217601926777472
-0.7107388589489472,0.017196739903629406
-0.6477209763438663,0.1919958086958756
-0.7573149467507132,0.12037922114247743
-0.7310973081673199,0.07839206318387242
-0.6729363075100623,0.08215849858750805
-0.755106949010433,0.013930392217020172
-0.6896433337650624,0.08786743063015826
-0.7195402621624473,0.1435339011403217
-0.7030282158690278,0.14244118815154247
-0.7284664615709244,0.023108792706988932
-0.7488082296856969,0.1005050002496257
-0.7657731098225663,0.11960494271543748
-0.6941729542284917,0.14440467283625588
-0.7229878224532076,0.13831064549534294
-0.6983286002338859,0.05913332885422182
-0.6493640163706111,0.09448757757034068
-0.7004713605041581,0.1199837648142959
-0.679675289357181,0.11349909838409833
-0.6868459043963414,0.048623501694907936
-0.7353292220063196,0.16520645810265175
-0.7143618127813186,-0.014359478353970613
-0.7092640497436816,0.11779953480574375
-0.6521694836491837,0.12822880606517054
-0.7364250847392334,0.0773123523597778
-0.6797487118408667,0.14502763543110214
-0.7263796527198905,0.2014005244256245
-0.7325534264885739,0.09801367699233146
-0.7146239049333152,0.04707244908565275
-0.7198014014848586,0.18965731634720173
-0.6976041466509421,0.13294404423055495
-0.7254584487872314,0.031048861149048264
-0.7296630423647998,0.10089682426105231
-0.7171149858668621,0.06562113556016438
-0.7282460108931318,0.08240796352525596
-0.7092839884435416,0.09468957044953265
-0.761975584059051,0.031096626199383803
-0.6860780247805401,0.2331095942678914
-0.6903556972338337,0.24894799981574897
-0.7096576498288494,0.0973878506855501
-0.6688993647654882,0.10015269851740642
-0.7503252158936783,0.1594970848753913
-0.7786157424919765,0.06074985504278699
-0.6545814176780387,0.16525339448847887
-0.6854487290010635,0.16836215678967067
-0.7095263030828759,0.1819600956056756
-0.6695271817798895,0.17295388308211943
-0.6708004023864927,0.1262849351708266
-0.7142487612979715,0.1292494512614428
-0.6893091637782308,0.2074083992474103
-0.6899758716338609,0.23032677555980963
-0.7087117831129862,0.1552630733038831
-0.7094113582949196,0.14759543106916517
-0.6706699067645518,0.24585353848484978
-0.7303829049915798,0.09993816337727776
-0.7281653950971083,0.035700491253270995
-0.727760383086508,0.16138656745399296
-0.6932945287506004,0.03622154015566098
-0.6473842304950806,0.17981269054967988
-0.699384132439279,0.06583673436769452
-0.7048164765852636,0.13031422480145322
-0.7042514968786142,0.04093483755370768
-0.7159407498944267,0.0547709114610972
-0.7051086629159858,0.08343873573925026
-0.73462504000963,0.1348224471494327
-0.7036569388887273,0.2048438033030964
-0.707590005504998,0.10583957620097252
-0.6888857769163306,0.03834290924071795
-0.7570600225533312,0.13805331995955
-0.7433740015119754,0.1791562260190735
-0.6986131500663323,0.2160405968888304
-0.7023065404219258,0.18340461102569894
-0.6563332668744495,0.0966581701381315
-0.7188149102000599,-0.014090415464710826
-0.7640043512987555,0.05820236491979562
-0.6966769270448606,0.06027684056445601
-0.7187153962906481,0.15268019301447072
-0.6650990980614139,0.13449392799272455
-0.6730670928714247,0.21240114665000998
-0.7251506171017195,0.015598381095003094
-0.7477693450219163,0.022447712399329207
-0.7406718199828698,0.04634641246960241
-0.6361053358065828,0.17397670271103333
-0.7358213707850572,0.13971183482598737
-0.6584063197654386,0.16725904663854355
-0.7664824968814636,-0.00837498261482004
-0.7745406706009629,0.03367632524734507
-0.6673043495845928,0.10580756181861946
-0.6567743275928759,0.14284753112350468
-0.7116912769077257,0.11342510261652865
-0.7659666337311675,0.14363438284236904
-0.6454913818140201,0.11661422670453042
-0.7694764337901102,-0.04800980901563511
-0.756697254213024,0.13187655163127895
-0.7321969792318002,0.10760067759542304
-0.6973674074545485,0.18810533338222282
-0.7094732174080902,0.05141718845053062
-0.7307570159403194,0.12390477598245156
-0.6820729280907764,0.1999411242474505
-0.6503844278526684,0.1437403014724487
-0.7462864889520436,0.04481880454804235
-0.7159586699831261,0.08818655668879748
-0.7889441490814443,0.057582573640082964
-0.7082131583786649,0.09456796478780191
-0.7392721562937206,0.08783629679291292
-0.7495848183942047,0.1473011303541093
-0.7002300581417421,0.16108219599375723
-0.7504918324309084,0.08498512264375305
-0.7199401267255302,0.16483841250768197
-0.7787220442693189,0.05454069084007658
-0.7274912920492443,0.07105049296657504
-0.7394222957046984,0.0982439733062208
-0.6808357530365329,0.12726777446208173
-0.7736593715236718,0.12581111041490228
-0.6992748750036935,0.03834116213804808
-0.6885138562503261,0.09934772487896329
-0.7118231466113049,0.03442868599529041
-0.7917677962774491,0.00012978272109886017
-0.7246528686552518,0.16388391397020755
-0.7645301128150798,-0.02340563453711359
-0.7960951675723826,0.005545891386536667
-0.7791146346751434,0.10435789658864056
-0.6671496058750279,0.13507507840214988
-0.7524068535776105,-0.012386949792925848
-0.6519595547512874,0.1314091716631861
-0.7052108730326705,0.1547279252849655
-0.6545349059610028,0.15546144555057648
-0.7127326373121889,0.17463934353379362
-0.6458992070762335,0.2119449921531292
-0.6353180672807491,0.16959606769953542
-0.696625033369943,0.06785380485916812
-0.737791347217215,-0.02240466064717381
-0.6353465972729345,0.16173871794362976
-0.7447931161543613,0.11993726765198738
-0.6401380105986247,0.17319816815858413
-0.6389289337395806,0.1528869152023187
-0.7561779797006736,-0.02745512134860969
-0.650434903015047,0.16110291203499538
-0.7691867062966771,0.07819762369169471
-0.6904876991759695,0.08146874476449181
-0.7547094601772644,0.07148425886854279
-0.7325067806751752,0.009252515925319683
-0.7364639518129109,0.10533794895145986
-0.7313410549415275,0.1793943865834479
-0.7703581647452157,-0.020373424177397945
-0.6901925800640237,0.12788202340878155
-0.703483837797104,0.08583921531507971
-0.7251024590221616,0.0983434426262805
-0.6785532889331436,0.1339438018834139
-0.7343174777199019,0.0684979387770203
-0.7151613681431391,0.062425872324131826
-0.6663903538509768,0.16999134603119956
-0.7445955128296112,0.034104551798201224
-0.7463425601774878,0.15802420679803977
-0.7442200308305865,0.12142426880684805
-0.6514660465912336,0.1360298004951711
-0.7570001579819801,0.10297108327510626
-0.7859378725773123,0.07380111189188558
-0.7103381669997975,0.11583394545529757
-0.6908434980033565,0.09902784149029581
-0.7384405230342942,0.07228785407465173
-0.6891409641388245,0.1336274737317104
-0.663853883055409,0.14884811986527907
-0.7162069851033188,-0.02981826725958858
-0.7429207917295111,0.046721840223743524
-0.6815639903925861,0.17577792291480032
-0.6779055966558313,0.1279716489711241
-0.7003067190823076,0.15813532500033978
-0.6627354269261071,0.1363274635162126
-0.7009055989554505,0.04005005447233821
-0.7152799639293491,0.11770426752989997
-0.7931426366516634,0.002482325292968803
-0.6617721250559248,0.1492512743110124
-0.7057378998689902,0.1886422899188614
-0.7297467077258528,-0.00018892270594658535
-0.6784177077694807,0.06757855820095848
-0.627191087638041,0.20381708552642894
-0.6798918565173682,0.12526836570091604
-0.73091415329767,0.03849288518466608
-0.723548655637917,0.18055325066050434
-0.702615444086929,0.15695417854710655
-0.7506318884780206,0.038294095096305054
-0.7076482414946114,0.11397143625631613
-0.7375667244666687,0.08326326395790692
-0.6621247946719444,0.18290038414191465
-0.7439519952639665,0.04115411945894327
-0.6740294073867267,0.06790164176390784
-0.6986705313546746,0.15200625633438944
-0.7964263016853059,0.06892085091737588
-0.7194126774051987,0.11372852892266662
-0.6826295245508488,0.08997039590817354
-0.7714283172505345,0.03278816907591084
-0.733779601084712,0.1459496228839459
-0.6818924177788899,0.028224000279381888
-0.7586232304493356,0.1076832189781808
-0.6760211667152974,0.2061644544202019
-0.7469211230102144,0.0757807808558643
-0.7568720531012636,0.0824584230740231
-0.7114225690706645,0.07299106822673536
-0.7178779350434127,0.02939336521259804
-0.7099897793467755,0.16769557782934547
-0.773706905823788,0.13342541905388727
-0.6562945852919229,0.10633188648798676
-0.7517052346898844,0.019821646101456515
-0.6742347448043498,0.0679408327054458
-0.7384911950045656,0.13732639347004655
-0.6779041972449676,0.212538337378197
-0.6820846129487164,0.1803849290648406
-0.6519183609613378,0.14801322275768203
-0.7681402560334684,0.028779979893494637
-0.7111734869295865,-0.038636417838975555
-0.6768115655511622,0.08135049753047702
-0.7413937899990167,0.1429852011196185
-0.6350410971809338,0.1257863254053966
-0.6632502991742721,0.15678215772876103
-0.7314738741132477,0.0917921117783967
-0.7027571792981779,0.1188788495199345
-0.7241474561184108,0.16647936697090532
-0.7881145869901917,0.04492000630191553
-0.7200537935801807,0.09308476881324881
-0.7810887228726572,0.07620080400542355
-0.7308475019614107,0.06143546833153853
-0.6519573788831651,0.10034644303622589
-0.673329685818233,0.14944892051731185
-0.6763136120565509,0.09179089217501757
-0.7282578916571621,0.045205752759973974
-0.7189478485472731,0.14091818116623972
-0.7426807099669053,0.04536249990704011
-0.7237801303033712,0.030408235738363716
-0.6377885839003963,0.19153403221878143
-0.7020320582563542,0.09588872932641719
-0.7357809832110762,0.1476465222586876
-0.7319320408046472,-0.002244230112007983
-0.6886002567104544,0.03739511181975282
-0.6419106586521984,0.15659862932842628
-0.7002046056862418,0.09897721319646227
-0.6938001800502743,0.029049832641237786
-0.6740401441655105,0.08540623162974265
-0.6837519757053974,0.06014167259772292
-0.7465903317892788,0.11757855703752694
-0.7594393004843695,0.12304958715804748
-0.6810750213974653,0.22767165599656863
-0.7190083626850858,0.07968522254841649
-0.6225434886935611,0.16780754393523456
-0.6768573643172896,0.14496658853614436
-0.6824422955663266,0.12024930208613092
-0.7155765833733296,0.127161541412108
-0.6680001167796497,0.11453431460955228
-0.7576461609720587,0.105652610349518
-0.7089874011609956,0.08718960172167653
-0.6802684306266172,0.12874713344037444
-0.7360986903004836,0.11856206448262892
-0.7212690685796307,0.13636107304763187
-0.7011237231861778,0.07702985699532518
-0.6853254636694502,0.06165084430284933
-0.7421587939309849,0.10209591782083592
-0.7387261430646257,0.10725095094996608
-0.7728959526108413,0.09386704247810124
-0.6944405446374291,0.12911006806253716
-0.6669952364657407,0.18854940267592873
-0.6820197891416127,0.14497559108514
-0.638958950459165,0.15050900709952703
-0.6999035442209299,0.1227150153001207
-0.7660517304166501,-0.006017138654900323
-0.6579007970303357,0.17719831113690804
-0.6798504504822085,0.15635162523287136
-0.6544430279206466,0.18169452509782874
-0.7509727354694908,0.08019655388992125
-0.802026366757233,-0.03399605625017456
-0.6537871179435892,0.18999261291482808
-0.7213256843358273,0.16399306626379315
-0.7144970179560148,0.16429599374092566
-0.761692108464641,0.09963427143907282
-0.6381247074403524,0.15136380637360156
-0.67364107153912,0.21896165483792335
-0.6757956080820431,0.16504216330111204
-0.7208383246401269,0.16710299803907327
-0.6708286265536387,0.08429366892044854
-0.7553927621044215,0.10916624274539838
-0.7529018440036311,0.06310418568023526
-0.7445207202704681,0.0848338213368153
-0.7924426512750924,-0.008092086356345599
-0.7418501504800731,0.07123937700146002
-0.7344090711690329,0.1245708143021816
-0.7375987211083054,0.019195222771961888
-0.7460184764951585,0.13523923904671672
-0.7800300456798115,0.03435998781684256
-0.6986834164592349,0.17550671468412918
-0.6783839946705646,0.1865264967411095
-0.7339606293603149,0.08197173287435963
-0.6838748037891018,0.13733143187401817
-0.6891274780014287,0.2047697281715976
-0.7058101207991744,0.10965435324074205
-0.7355498959406335,0.02028669282965435
-0.6964921842685982,0.13196712432093988
-0.736744918741754,0.12631749226667605
-0.7383817661357563,0.11368903305650212
-0.7334538278913394,0.06047940059272586
-0.7317156735768252,0.010435632551081733
-0.7533824988512082,0.10675572213579838
-0.6731447807500287,0.22641370744413722
-0.7377784030893276,0.08513053667206175
-0.6562466814892985,0.23143316540953876
-0.6679523186896399,0.13914124996949528
-0.6888071772807858,0.16445512856043532
-0.6495512695625176,0.18143006109843546
-0.6821527898865599,0.18150138641348817
-0.68038723886817,0.10287664929252878
-0.7348288113545789,0.05401519964506271
-0.7135188875799618,0.02054563754747564
-0.6457112635631461,0.1616746103258863
-0.6901748131152735,0.067396006208828
-0.7722880455253748,0.03186285400327569
-0.6794673898280879,0.11268172871621861
-0.7054669969174832,0.09277699326661265
-0.7538988212069402,0.0801640107829442
-0.6878745772925401,0.09710223555085332
-0.7165221749429836,0.16870496859991485
-0.6783600048173757,0.08031767700227074
-0.6844568104015722,0.13219273334978468
-0.7642412198874879,0.06726701215244572
-0.6413189550599266,0.17835857197571006
-0.7740913540253826,0.035703760153673936
-0.7552599078068051,0.13417323038254395
-0.6670182182640378,0.15988870662123195
-0.692339769603721,0.12722162945943216
-0.6542776965958482,0.13817172998085597
-0.7267660572070985,0.1359634941475693
-0.6392242660714166,0.22091604620289215
-0.6920294599548372,0.04365125683643192
-0.6809941820715086,0.17042516215932701
-0.7145480082071856,0.08939955100425762
-0.750331802566346,-0.013331852053290195
-0.6230849324787306,0.20383659339647175
-0.7776810558371174,0.10249344661963367
-0.6943634020032823,0.11689949587974255
-0.7054649630075162,0.03409573345211607
-0.6472444666469231,0.19805929482957602
-0.6735007884629394,0.15565687247836088
-0.7370157309433283,0.16552232898355668
-0.787347307523591,0.03254619440230494
-0.7382186681133562,0.08099429953128692
-0.6991620205392052,0.1447855828440044
-0.7601552147525008,0.11148300014580612
-0.7498638370344364,0.04464307400052569
-0.7253043220369079,0.10965830581165197
-0.6890185912612405,0.11291216330578302
-0.7177187081588903,0.1315315652192635
-0.7163245157463696,0.12442620319801126
-0.672204869357835,0.12944096343690795
-0.6989363879061775,0.060996044220694434
-0.6702149431745554,0.1743680915743891
-0.733377520861778,0.13744366883925593
-0.7415467799615756,0.11923115677344495
-0.698299951717531,0.034653441340270874
-0.715646954739763,0.14121230648830488
-0.7843915374067317,0.06074553976708142
-0.7512009213010699,0.13125804781914957
-0.7527139662947001,-0.007218305852349785
-0.7111103192347771,0.04899619251345857
-0.6889345328920122,0.032927288651514765
-0.7188619620692843,0.029303523471343518
-0.6955458216254017,0.07268841813093643
-0.7518754063831599,0.1266162480281899
-0.6693527184344542,0.17495985436898845
-0.7775288068243434,0.043695167551058046
-0.6873452930290866,0.20865187630022872
-0.7754863958757023,0.019567603471710285
-0.7278355721296895,0.05233038755903801
-0.762442233454927,0.10551847319968272
-0.6493215892791396,0.224656365545821
-0.7292109204145845,0.042934218555453776
-0.7286514058528087,0.06058006865311025
-0.7458166854319928,0.08004479247467379
-0.6919098280912213,0.004461010202841519
-0.7081746468956348,0.11692408280848605
-0.6587061779926114,0.195717997059184
-0.6924550798439172,0.1341312193176863
-0.6921242024583072,0.09710655480291622
-0.7005751204434351,0.11501554347725954
-0.6892716319130879,0.032456745948554175
-0.7073129416265707,0.16549850202615363
-0.6641968333839622,0.08875567320591704
-0.7162807678761983,0.17966559228316809
-0.6876957659696074,0.14439156176126514
-0.7303296565777508,0.08321351219733432
-0.7210724068010932,0.10551966035578918
-0.6947321037820934,0.1319676381765463
-0.6554435466911595,0.19123635336743164
-0.7644360387238579,0.08585871002249743
-0.6825057848180296,0.08474718160845535
-0.6979300751142704,0.14458043227379327
-0.6955162803290135,0.0960348204065551
-0.7198234158069814,0.08035820491612813
-0.683085469378643,0.19825727795650164
-0.749249503319972,0.13183436830512338
-0.6735886318921183,0.1526827025397427
-0.7246831607748907,0.06805855746601623
-0.7080040237740022,0.09644547323184946
-0.6400914864473213,0.16560698586043082
-0.6841620176045888,0.2044615233568076
-0.6494737770210689,0.21727563639408376
-0.6791209507838526,0.06987293689533099
-0.6829239526426316,0.20038727014553
-0.6908971278198432,0.09306486954672662
-0.6882300408998784,0.17502560173213677
-0.7433203696615597,0.09595101035077612
-0.7703005868724487,0.05208142831748513
-0.7524493752156207,0.11979819962472465
-0.7273760085132794,0.08982397221635162
-0.7447363796288029,-0.022692473796320407
-0.7919816428188893,0.04418355412604299
-0.6954134636423511,0.15941913919058068
-0.6775909686986561,0.054721611745228424
-0.7514097404921661,0.01906372077781579
-0.6717042475682703,0.11825354638138139
-0.7468306869472318,0.11397707381765662
-0.6927724235046786,0.06955221640158708
-0.6964942732300359,0.022450213232723358
-0.6454423493523973,0.18092296385059156
-0.7351435028530148,0.12926454027172773
-0.6995484988732321,0.13363818606008385
-0.6351565825042952,0.15725477119421957
-0.7066099199053648,0.06773477683870435
-0.6957697970982655,0.0817385422735157
-0.7739953529646139,0.024471631288203555
-0.7169777063997349,0.1290786541661332
-0.6683102143164886,0.12254494298240895
-0.6529274666434604,0.10583662554011737
-0.6788131231061024,0.0765735170495452
-0.7149053642607165,0.09907520042032465
-0.702293969987324,0.0433930901639953
-0.6914600219739698,0.0642887283058536
-0.6641978326058807,0.17476247762184977
-0.6909253482340643,0.07526564815996271
-0.6879370253373186,0.13742841486673654
-0.7561553856278013,0.08637258835525584
-0.7602550212158049,0.09435886298975665
-0.6920923076328427,0.12498122048777967
-0.7828129030430871,0.06666715092135547
-0.7330296476753311,0.12102232597881975
-0.6786761875627279,0.1418027964726775
-0.7096503383188438,0.14753894586648547
-0.6937658486393965,0.13526377541680956
-0.67237118626345,0.11521863002597975
-0.703901297137658,0.027981897548832887
-0.7373522194090331,0.14787461267785348
-0.7415858075827946,0.0003325735690726433
-0.6813272795255807,0.09690222523645882
-0.6241057030825273,0.1598344114293477
-0.6757867911067091,0.10084025021989536
-0.7437483741660755,0.05080709023693649
-0.6793829292210316,0.17817522665966523
-0.7678537330466332,0.05276085077053648
-0.6346007624484254,0.17442453578505288
-0.6818685642467945,0.10909643855408159
-0.670297299047063,0.16515436255112761
-0.7543660295702749,0.09430467594807623
-0.7177550516889247,0.045073179548382906
-0.7031580614230052,0.031553563117447316
-0.7150671036411715,0.16789908559663796
-0.7367658385456833,0.09152375528006204
-0.7486105629742289,0.04698910167761556
-0.6779506502091319,0.12316352833810307
-0.6714071193221238,0.19935440098600912
-0.7204089472458561,0.04365935694208773
-0.6799047444544097,0.21593976441199622
-0.7233123491504163,0.052719813476303654
-0.7162894721051933,0.14148270260547285
-0.7650653513476529,0.08113656938842567
-0.7206711594318044,0.07842410174806234
-0.7024389392792048,0.13954274024956412
-0.6835957274196625,0.1326817371020124
-0.7540248719316942,0.07515436945763693
-0.7268654603587792,0.11946104526632204
-0.748823230614975,0.053348474727666934
-0.6394110039129144,0.15263616463057247
-0.6796309316735554,0.1448700788935973
-0.7132387364353862,0.05806820468507566
-0.7245187945992688,0.10615549839544075
-0.7057761090090917,0.08646052729928315
-0.6953237642676073,0.14645373969098105
-0.763725962206878,0.03519064532771648
-0.7467321518908048,0.10595534087855518
-0.7387567749670845,0.0981387750387672
-0.6741439760476456,0.081422428838697
-0.6993356015988106,0.1736022670531104
-0.7267168413601526,0.04487768878094712
-0.6819004326333146,0.14857034844786138
-0.7439319463482591,0.06172831479860006
-0.6937023489332333,0.1698753152793296
-0.6877551278553431,0.02991173753425553
-0.714543345420653,0.1165160333074057
-0.7091108343519655,0.1441766996171247
-0.7289245092102302,0.09577093726356464
-0.7558419898771389,0.06111393211362451
-0.7029903950214065,0.15455622437136432
-0.6679632590597233,0.1815320854907377
-0.7205737052965611,0.1332726901496858
-0.7419760800259306,0.1037700761971915
-0.7366558514331364,-0.010168080288793832
-0.7240797219389014,-0.003321478625569067
-0.7295919871220695,0.03726921207145282
-0.7622750513676632,-0.02310749918190895
-0.7605646478844573,0.09323627391588186
-0.6653726128818098,0.16801990509479137
-0.7026175180232301,0.01316982317200718
-0.7701341916199758,0.021558289701751734
-0.7228416300050468,0.036248699025448396
-0.7093415290749759,0.1099521779131471
-0.685645380654345,0.08331610297111353
-0.7205732903405415,0.11343715364082067
-0.6776739415680528,0.10636170173740273
-0.6879425050861709,0.18960724030151074
-0.6988424095940403,0.16733802930967728
-0.729143759182418,0.1216104100821435
-0.6827200036727511,0.16921677872286872
-0.7186976836653524,0.07852711166852962
-0.6898876116657815,0.15574783905106593
-0.7042691541276099,0.07665920209690191
-0.7553360403784871,0.02959796543211429
-0.7254262108461219,0.15572769854751736
-0.7158659863979685,0.05066075420861297
-0.6623355565634135,0.19197950844731246
-0.6795542732158487,0.10628292039921158
-0.7546566539012848,-0.0064388914018094785
-0.7487528134986923,0.10778613357406959
-0.7566408904962854,-0.030623255365737408
-0.7213030665429276,0.06799901471688648
-0.6937483385224191,0.15757833999896276
-0.7675294018765679,0.09579343416626235
-0.7223139907122927,0.01671011188510028
-0.7365530726215695,0.12712156211192374
-0.676108817582404,0.10188402277786088
-0.7237588881936661,0.14395728793524265
-0.7340114419817934,0.035157435335595386
-0.7148980870912445,0.09793882927642747
-0.6988634856256,0.14244969855640136
-0.7245644416711292,0.17290641190521241
-0.6793114759641605,0.11794154487997964
-0.6882468674702702,0.11932888469990989
-0.6667702197795131,0.1058041533475954
-0.7308645252784658,0.11385248452983249
-0.6769544852566396,0.15849527295173352
-0.7366687034902525,0.05136298099261413
-0.6751259962347373,0.19679142483985262
-0.7560937132975306,0.025160024131851533
-0.6825628473435591,0.15923646913037057
-0.7392558459347623,0.06722961273306569
-0.7131068407647665,0.14527787778648554
-0.6631258841794069,0.07990442633206153
-0.7106644495104069,0.1676780200793813
-0.6605796148227978,0.17584559169034641
-0.6734892981655696,0.16216901876452736
-0.7538442057024634,0.03480555403576921
-0.7168720679714234,0.1626852288022373
-0.66429925977753,0.11280345452842232
-0.7158417492075975,0.03225696493292713
-0.6411354914713169,0.17238799080475564
-0.708207570012944,0.04427040810105706
-0.6916941107336344,0.0756412156962273
-0.7381670922953357,0.11632158837314345
-0.6882584805056924,0.0987838358005099
-0.6753169957111341,0.16700034195486807
-0.7272252935896963,0.10697650338260076
-0.6916438137116898,0.16181546564028837
-0.7102736358916718,0.07175902797291846
-0.6953544444800871,0.1314492116266666
-0.694022177394608,0.09615228406761814
-0.69869833155691,0.0698156831862668
-0.7350086439437944,0.057858770004246315
-0.7533636683501435,0.09018655001876799
-0.6896348888142054,0.048375374044333834
-0.6620181621575312,0.11007365169477175
-0.7092168911769128,0.09639138932507595
-0.6912980314125956,0.10077666633942982
-0.754578594131746,0.09640696479399824
-0.6867684613856156,0.18624282368412431
-0.6676628027889343,0.13803860300305143
-0.6722735260964837,0.16342374056049716
-0.6643222775781499,0.09724184403026667
-0.726186569024468,0.1227820216527923
-0.6985448887979055,0.1736161209041883
-0.7160898957512636,0.1301532998483706
-0.6856875467388112,0.07419483546687017
-0.7123284636642309,0.06466040987951771
-0.707734587986538,0.1391200670054559
-0.7100190329216284,0.07952232329438216
-0.6769885382374555,0.1437525937848924
-0.7446854194870439,0.013849491876857583
-0.6432737096262781,0.20548902292690824
-0.6316800919856732,0.18099034682688328
-0.691993451447839,0.09683197182712866
-0.6634440321448285,0.0824945306540332
-0.7204732127065838,0.15564506246603002
-0.7308784969962726,0.13710755704371846
-0.7701060049855739,0.061757640034023266
-0.6438608857894819,0.19239157456475955
-0.655146037361584,0.11429415215450599
-0.7226131749547806,0.05900235602647546
-0.7085922591882693,0.1536881741852382
-0.7577053011673701,0.038345786439864034
-0.7509706869896244,0.05806142862067152
-0.727176931761718,0.11522972852212954
-0.7353646176212452,0.1363375160421679
-0.6806592605765772,0.06730687120227663
-0.7205278889719997,0.10384982085030149
-0.7432268660061648,0.12263817064092127
-0.6604576033471088,0.1693963433895517
-0.6668503030321721,0.12068230265825984
-0.7390291364216437,0.107017016023426
-0.7491909682470737,0.08778415294220943
-0.7366558163983068,0.014389682479517487
-0.6631898006061953,0.15310380303513804
-0.7167878958540256,0.03251409818666591
-0.6983808068464086,0.02042413810815224
-0.7301798292943139,0.091762043080167
-0.6593872233660024,0.18197459587137685
-0.7476688002067343,0.06442408760869495
-0.7378129948030522,0.07788014312798772
-0.7118451740934325,0.10606854716213919
-0.7668655221528128,0.08326005365477523
-0.6845104050761741,0.10230583340875687
-0.679478848575504,0.09925992097767182
-0.6885080749931269,0.06589411374346396
-0.6842052827856162,0.12408793213643714
-0.7384029348634703,0.1463651008026936
-0.7124542365373275,0.039349347841418546
-0.7041648212070761,0.08819269705893754
-0.7024835151036216,0.10429375753968831
-0.7304634697601786,0.12832376228594017
-0.7334387114419999,0.1651865306098519
-0.6562184504510378,0.15399425742647652
-0.6538871555641823,0.16734982940233983
-0.6899788788562463,0.14829706391618958
-0.6564323163737762,0.14114438144927546
-0.6900941542028133,0.16649082840790597
-0.7153080721579874,0.03475922672002336
-0.7386604574045548,0.11602581840574325
-0.6808213650036011,0.10402382567120637
-0.6668276909599599,0.13744638807079687
-0.6949143916793633,0.13346129165436896
-0.6607610779365817,0.11692174692824502
-0.7362267819269117,0.14670646606707344
-0.7070704296193953,0.04393969236117513
-0.6617468616992026,0.13222429998416158
-0.6687686214599976,0.11888802134455839
-0.6682949295364766,0.1317004633312526
-0.7201020425104216,0.05471395819019921
-0.6981367353790168,0.05668804677649746
-0.7217435290366347,0.04692716681988128
-0.6941517775762552,0.1110401416479294
-0.7420064438986628,0.10714836108837592
-0.6948611291353386,0.11018397969655082
-0.6692559667276797,0.07499056534302667
-0.7286966097204324,0.11814916564369368
-0.7151071351586208,0.16053008977542813
-0.704838492059723,0.10295998111576936
-0.6986441021634635,0.16830183412055286
-0.700703688251786,0.15624243367249296
-0.7689237225933998,0.0347161237615355
-0.729380064627905,0.05564352896875022
-0.682994041821014,0.159231727657232
-0.7357939669569943,0.03601352243848141
-0.6807370612822817,0.15235833613293404
-0.7039675987100179,0.11925750023679375
-0.7059752194153879,0.09665686837144351
-0.6503960027556281,0.19324775033455968
-0.6854566887312368,0.08307060838040323
-0.7575832454126553,0.05987210275719771
-0.7293987957368144,0.06919312184168465
-0.7245038818217845,0.14985657820503626
-0.7175673295194683,0.15676154962874522
-0.6862368615040346,0.10007695831341341
-0.7035612290950549,0.09604134988153587
-0.7679496119695306,0.05455889147155145
-0.7289004139828188,0.1316412666789365
-0.6443829334644134,0.2058069105916762
-0.6613211687103322,0.09868656801850433
-0.6495342731305096,0.1650600398086917
-0.674187581629991,0.15073715545527588
-0.6710823664148626,0.20596437642902615
-0.6696036967762506,0.09836235870761106
-0.6796176245493432,0.12720622473591234
-0.6763092059823093,0.11669693696400281
-0.6647024467542514,0.11926658780101658
-0.6708751980678795,0.18646353190319323
-0.6766080908394628,0.18476474524691996
-0.6640347577105941,0.11376336731004444
-0.6681500111642068,0.1757176445902535
-0.6860942629826265,0.150627089195263
-0.6763804618539547,0.08933746230172356
-0.7101647253542589,0.050015671065973114
-0.7250930571441258,0.12768102873051995
-0.7031406175141938,0.1220816398989947
-0.7594572702686668,0.07766291130676331
-0.7234043483677108,0.052704562437076885
-0.7099525902503796,0.10618169586665327
-0.6783755897698563,0.0608237061997447
-0.7224943397248794,0.06629424035117579
-0.7026817118719659,0.1142996509381768
-0.7175981466510069,0.14271110737360196
-0.7317568298043168,0.11534603976879416
-0.7566951121090768,0.10313995971698428
-0.7192616319160596,0.13252528766885444
-0.7086845515417415,0.13319796592678843
-0.6564569877510419,0.2134406373030506
-0.7122015734169468,0.048357935924290975
-0.7008218592070407,0.06472746624882887
-0.683875108785434,0.1590514301496456
-0.6901865412201394,0.06514390501558265
-0.7443956534120842,0.12561473218151314
-0.7006103704787277,0.11598491096057302
-0.6704401992304135,0.09904733309340055
-0.7216240521073848,0.11703744290226507
-0.696138572125401,0.09275614283964213
-0.6749911307976825,0.06234524442184285
-0.7109726190288014,0.11631717295055684
-0.670980632730827,0.15754853882912456
-0.7324344997523093,0.11571114895173606
-0.6692826494160803,0.14750786262412324
-0.728744035827947,0.12362767234385298
-0.691065165658869,0.14968013449759293
-0.6309452782212472,0.14917360561899004
-0.7385254247314427,0.03424944922304892
-0.75847368318663,0.11292856161485369
-0.7355386341521264,0.12506437237460144
-0.7371573050547758,0.0182523654540105
-0.7153433254910877,0.14074002423909276
-0.684743895300789,0.1795530984603412
-0.6811683704896316,0.06745907336041547
-0.7064948793719223,0.10285269545645034
-0.6639912051951601,0.12192185281121846
-0.7453918267515589,0.04392133653662586
-0.6897556804387447,0.09475484179729624
-0.7042593093038872,0.07905214442509029
-0.7094166051166046,0.1026981340318362
-0.6933798385612152,0.12987997895056994
-0.679521307152909,0.14086330495878735
-0.7413653442756406,0.11565108780680014
-0.7295527050220922,0.06305835112570757
-0.6605522761908443,0.22225483458191253
-0.7132508152177883,0.03588188004067104
-0.6727047158316013,0.16517158063339477
-0.7522573165719466,0.072187099298077
-0.7025532925907625,0.11889776401105763
-0.6828750572853839,0.08665732437285613
-0.6800111858686306,0.0678196853905398
-0.6824532096574755,0.13619558478023658
-0.6852861111666362,0.1574653305904546
-0.6848498974487629,0.08268339470730282
-0.7196338239825019,0.07909265530634702
-0.714628614029052,0.08711279064729825
-0.6543220785606682,0.13862039724744143
-0.7397930507386383,0.0738523018781382
-0.7177163117072713,0.07154550006728091
-0.7407008648416203,0.0783017108387582
-0.7081857536841256,0.07203708728299935
-0.6633958940474827,0.19035119198210398
-0.7764770156229606,-0.0006447871199846889
-0.7128503217406731,0.09732709261912874
-0.6583603284160737,0.1288323910540606
-0.6830258133139919,0.10833181010028277
-0.7097799936297885,0.09769208182993548
-0.7518903286837685,0.0700059605327945
-0.7455461939845379,0.04291027478858732
-0.7099821378136968,0.12087781463341166
-0.706150624032631,0.06499864074568874
-0.6919412886992001,0.08793141246739837
-0.6882868564419502,0.08922712799997651
-0.7175308667953945,0.08919100818102657
-0.6896212802712015,0.0858724588832454
-0.7195106522499263,0.12822132758673851
-0.7012918514614955,0.18438672103396542
-0.6597937588459262,0.1573026476050271
-0.6553722042820013,0.1529803908307028
-0.7189510312741689,0.08282617875896486
-0.6965221204386632,0.06418499080406931
-0.680855115861714,0.08201035421241001
-0.7453033501445397,-0.0006303500552267362
-0.7352232105529672,0.015005358282123134
-0.6436169698648113,0.15528796646421242
-0.6477969127541644,0.15836184976891407
-0.6632976610041166,0.1258811598284045
-0.7094057404102787,0.1451200692032601
-0.6918033360099924,0.08343857032762106
-0.7414717599896331,0.0345349402638984
-0.6963613846296688,0.13013403111721805
-0.6895361771673981,0.12066203517900868
-0.6714497116439015,0.12183268232312022
-0.7352342366720301,0.04513674610096327
-0.7218955405841939,0.11799875805861837
-0.6983255456712507,0.10740135425525787
-0.7016349633315477,0.12486189489460046
-0.671297844542649,0.08889914557268191
-0.739592475794529,0.13150462596322968
-0.6505042554942165,0.18487739679743798
-0.7195247827704414,0.07524051328580798
-0.7434554972299028,0.07621023694141571
-0.696348251409569,0.17214870080244457
-0.6908382684725879,0.1988276959801512
-0.7107660759788477,0.09309506580914902
-0.7080832055607235,0.1459152037834782
-0.7425741146945721,0.052696448705875705
-0.7129573636668071,0.11389818312778055
-0.6780634580058212,0.15828250690672763
-0.6544529513726097,0.15662077152206133
-0.708795902893037,0.06171562206764003
-0.7382690095929713,0.12411656797975329
-0.6859609518279265,0.06963272132681486
-0.7151978653021553,0.10706915767506055
-0.7423765140181725,0.053225073559300555
-0.6734531062175184,0.12159332356837897
-0.740748479548322,0.14458101338301868
-0.7534744320687118,0.07494822366401921
-0.7443208246054513,0.04318457901133189
-0.7158922142642211,0.08819947770885962
-0.7113591342700178,0.06832885195521347
-0.6840429280914073,0.11973989319369821
-0.733593009495723,0.054767294722249095
-0.6942181735268119,0.13175006259330035
-0.7197863047759899,0.07833770686605672
-0.7305818588005201,0.09405919424874962
-0.7282817542985471,0.10226370220116714
-0.6902203527147619,0.03884963331464942
-0.6920784494102565,0.1754086359481781
-0.6963179917821263,0.10345610765039094
-0.6898379333172836,0.10263351412605469
-0.7117661407349697,0.06001000536248701
-0.7583531152910975,0.03928207579719114
-0.6502439750484462,0.1759741857561555
-0.6612936869662089,0.16355403577122912
-0.6614533855289689,0.18897696256981875
-0.7316280485060432,0.11519645043417459
-0.7319282904048028,-0.00608230910144303
-0.6877364151516888,0.1280967994577761
-0.7352388792477815,0.05900607891714315
-0.7389448276539771,0.04362695282248448
-0.7321615338011349,0.13051774719183679
-0.7463827620100265,0.07882328646056637
-0.6665402793197059,0.16786912488301478
-0.716567427079842,0.028199792205279555
-0.7122426136803858,0.04540637330789147
-0.7250644069673994,0.053588675830666795
-0.7377915569356909,0.099411187412368
-0.6817383081205975,0.10897968870668918
-0.6906415762967881,0.19426596639704272
-0.7117507049983691,0.0842544936317832
-0.6959924976754709,0.05219624107261377
-0.7214786997619251,0.10508941888121151
-0.6800275831593332,0.12357879377258675
-0.6609789421505309,0.17390027323842824
-0.740073870844431,0.1154258376982028
-0.6972981834440336,0.12476578854809452
-0.6384851674242766,0.1464586615496121
-0.684137681648229,0.11462424825152322
-0.7421680325789545,0.04118855022608404
-0.7327043430662148,0.009136677735650097
-0.7027133418884707,0.11291419360501605
-0.6400365504421978,0.1616622467731502
-0.7508562024265967,0.04427421938205916
-0.676928987797275,0.1314578098980744
-0.764218086478721,0.016500953117849604
-0.7306655641317922,0.04736895623804985
-0.6530041649427,0.15946809875069856
-0.7567039622953646,0.02632435525122299
-0.7173129992234566,0.12032430083922509
-0.7101533056749877,0.15805762036642998
-0.7251155774534208,0.10361919229890622
-0.6500422313309976,0.17850730672357676
-0.7323494801890732,0.06827701560147252
-0.736973128571593,0.1093015043928536
-0.6664832381833997,0.1233811634565887
-0.6361191828742001,0.19975148210372964
-0.7300534980930646,0.06669281035329017
-0.6939669179525795,0.13725773570427163
-0.7239563982406042,0.11381478436671087
-0.6689143783701652,0.16236385156536123
-0.6928205913874097,0.16538344521802867
-0.7275812599493469,0.11449727297712042
-0.7391817748142807,0.063825930616082
-0.6974647256151377,0.14606190494441457
-0.6589143877076389,0.16040308241885978
-0.7187301949377187,0.03127511871703592
-0.6903807623822077,0.1025541730340171
-0.6907037044650239,0.05771661539607502
-0.7176091784954176,0.14145949809058767
-0.6711764725801092,0.13336642079938327
-0.6976980218782038,0.11099990465895006
-0.6625845009028579,0.16438172591352476
-0.7440085055338125,0.045643289010400885
-0.7020881808721988,0.10553431002536465
-0.6691202641285174,0.18241857690898725
-0.6740323053831149,0.12862532335430302
-0.7104286321525457,0.11972506067979916
-0.6692122449317234,0.07933363961992572
-0.7136752488666172,0.16640893072285634
-0.7038756370413931,0.08442055722114049
-0.7135612980714775,0.1115228007669277
-0.6911418960575217,0.08730103704192432
-0.697464224954606,0.14838273465570775
-0.6918779567881954,0.11802003280694733
-0.6527358630382943,0.13168657771984218
-0.6715160687876471,0.10347215291749993
-0.6464858690739465,0.17851664972831957
-0.6667272926549804,0.1758294839940673
-0.6698400807092731,0.15552842371259998
-0.6926725874570971,0.07842801274353896
-0.7141940240062017,0.16183419418148143
-0.7167785786343304,0.11720449849727847
-0.6738702162041867,0.17984184198406847
-0.6662982489329542,0.19021709195010325
-0.6546438437465942,0.1722122157670952
-0.6874622083525995,0.10824044841539024
-0.6976288828775545,0.0914802438788685
-0.7128956882546962,0.03529094682710214
-0.6952382581872983,0.104375403396104
-0.7003028958227583,0.05513525912384696
-0.6604985836387554,0.13772066836137206
-0.6885959804734998,0.12355138763068971
-0.6802384734139212,0.13560389242054655
-0.6518364592924942,0.13604484113386478
-0.6602090269561929,0.15665527827018813
-0.7104990526072558,0.12507925018938504
-0.718642547856249,0.07822489322276846
-0.6452961504431695,0.2022376476416541
-0.7597865484186992,-0.0014198311193689252
-0.7566447665137489,0.050746431099653266
-0.6846726896949535,0.12926861628078565
-0.6644281033874895,0.11397828918967305
-0.6762786393908139,0.11755557259497411
-0.7546904038460128,0.03488397643844103
-0.6858090295006747,0.09342520279569105
-0.637147407004443,0.1485351557160144
-0.6638584006082834,0.13752069296729744
-0.7519286245353809,0.06866860586982658
-0.707768136249297,0.10646320486424603
-0.7159306911851266,0.0726984827985661
-0.6995517265670549,0.14692809619211902
-0.6687586593249171,0.1440222813292336
-0.7416812194794136,0.08736135422615444
-0.6927572730390551,0.07438475658089713
-0.7034269614457449,0.139992706749605
-0.7004203548299417,0.11881239970040891
-0.6970391336185673,0.09867164148247698
-0.7166817427976725,0.107370994527363
-0.7119655706949193,0.0979732871636221
-0.7288619066621156,0.06849577564826953
-0.7233029047478163,0.05711061439840085
-0.6636476673474165,0.13213716494748912
-0.6581509890635244,0.19052235293947015
-0.6691254963371278,0.09612605520134411
-0.7042305328339524,0.10432513375466718
-0.6358034242944333,0.2105373850228269
-0.7226332110921493,0.13559043043219268
-0.7191555123347304,0.10258741483800782
-0.6859875205165904,0.1656070244510125
-0.6706676608210422,0.1532832359272744
-0.6945544023791067,0.15829916241077957
-0.7224679690490118,0.0745535672497604
-0.6980999719063051,0.13152869056594108
-0.6932550178274403,0.11050120902376422
-0.6803457975990648,0.12608550888545902
-0.6913747280227442,0.08079065768833961
-0.7015351595998934,0.09371251927456183
-0.6927101237704811,0.12254560181482994
-0.7080548043828051,0.10904863857108933
-0.6815405154219786,0.1366648214696085
-0.6516086925746875,0.1687126586293967
-0.6813289130715537,0.12572880689011418
-0.6909063300331947,0.14461592027793996
-0.7277817196886558,0.05120752736051035
-0.7346404485837305,0.09544757205421298
-0.695363365297684,0.1333835705362044
-0.6945513437907073,0.18240210704530582
-0.7179395793131971,0.04239809177765761
-0.6760493906493709,0.17137976229435406
-0.6719134088624756,0.11449943361053169
-0.6751794586526694,0.07599711569376437
-0.71256234710747,0.15627611451114015
-0.6803985919821081,0.13211142959547123
-0.6643801803088301,0.09220112085608037
-0.6780333681698618,0.0881339858534602
-0.7078155779306262,0.16141838768463126
-0.7219596275988573,0.15778961107080527
-0.7346784868038732,0.04030049098207206
-0.667570877952821,0.09163766474586672
-0.7121364003946036,0.11683046530145277
-0.733638462935826,0.07112279442583262
-0.7211574690877589,0.1196121725880779
-0.7370033822966174,0.10234583272179723
-0.6803281362565923,0.158132071269327
-0.6967136737794909,0.10716693463242886
-0.7185714053216583,0.012314229836750581
-0.7012049550193358,0.1511073768353318
-0.7130792530482057,0.06950602752899641
-0.7073636408224804,0.06275285876777571
-0.7488190112346647,0.05067756281108585
-0.6961869472893585,0.10754610126558574
-0.6581508805507075,0.10552085568552343
-0.7601395806634628,0.017169573753627067
-0.6932202461908654,0.13179562125925262
-0.6913546008139885,0.10678084415454148
-0.7022930594696235,0.12854651140861653
-0.7155778212869672,0.10238280825144247
-0.7029599778103998,0.05226098036688942
-0.7155147032194177,0.10475461411954998
-0.7208919972362084,0.10020044855872277
-0.7217900847696226,0.06053766557927265
-0.68852330003074,0.0720625027987816
-0.7002419191134327,0.17684144297008583
-0.6885972586916291,0.16248239368307546
-0.6459723590879693,0.16112489601801008
-0.7498521592822617,0.04179719702778295
-0.7008962228988234,0.16201608327959555
-0.7263456718785471,0.08535072910342646
-0.6773750266880568,0.10187717839337646
-0.6693699955408892,0.1344234798599411
-0.6972001741029159,0.05775465231387192
-0.6849249591079535,0.07205473467492161
-0.710082609784822,0.14784045100633048
-0.7366508275849111,0.012174813470445791
-0.6960538559842245,0.15684913009487159
-0.695680461615061,0.16940105822626603
-0.7169505737255302,0.02195216226372757
-0.6664013489166145,0.1800272090676885
-0.6613300413282435,0.1744115688482147
-0.6567889788100207,0.12875858380997182
-0.6818948578682923,0.14862271557380305
-0.7135649371980569,0.11739273143298903
-0.6749100028896745,0.13909236410417652
-0.6954302120559107,0.06397923069285022
-0.7099438914132606,0.053706973846234574
-0.6793696722860657,0.17040312080172682
-0.7162159895187833,0.1536479462292691
-0.7338074575054049,0.1061889253670809
-0.7397021310955024,0.07553208307650758
-0.6734221628985908,0.09061909252562313
-0.7627679724022322,0.02471481445920671
-0.6507916311894072,0.1498599541403074
-0.7275479814062726,0.031434943546074096
-0.7075483730700045,0.09298519743035336
-0.72411915817923,0.13926864653576157
-0.6577644889560823,0.18386676535130983
-0.707271554545247,0.1153731229432873
-0.6996807500476202,0.12445784885729427
-0.7110169511981342,0.07020203635123476
-0.7105088045618307,0.04996623546384681
-0.7103641897736335,0.04726765600426879
-0.6998346339230882,0.1453920381083899
-0.6809047188694839,0.09568902056350738
-0.6988889052794668,0.1650241089107903
-0.721956513379991,0.10001327231662414
-0.6923737194654936,0.10055329615478406
-0.7176228645252974,0.09798684145160283
-0.682328341591588,0.1347816558604095
-0.674699783532183,0.13417875452047476
-0.6971475164388414,0.1632191304446852
-0.6919748531238588,0.0797252481859623
-0.7206619490596198,0.09843837383456235
-0.7156456577990017,0.0681961679414827
-0.7060475066230668,0.14566620988344012
-0.7175676985900801,0.07220598184384612
-0.7121473570350313,0.0940952340381248
-0.7069543468247981,0.0962653123503191
-0.7661300128434636,0.03803910295859288
-0.6906266564187208,0.06451404241388509
-0.7080694597950339,0.06697026442578514
-0.6393055552744912,0.16385343374729722
-0.7089879112909747,0.08831242794271094
-0.7189323736862364,0.076398087040036
-0.7286892793789694,0.14896992847050425
-0.6893043533616384,0.13803897053782158
-0.7139178966815689,0.06426475544594074
-0.7450913207562047,0.025757654025217354
-0.6777836792612073,0.12554299168253638
-0.7463395885608568,0.05822148288300857
-0.6958187435948013,0.17919728861211154
-0.6790808191593276,0.11747072617246535
-0.6739381873258634,0.13907609208220212
-0.653625871283202,0.127515968369952
-0.6779261610043235,0.1178070690057553
-0.7066344548776541,0.057951155378096794
-0.6590600015672144,0.10671725856147138
-0.6994395990104016,0.06670157551328751
-0.6749930547299601,0.16754524865258177
-0.7046495796605238,0.11489338911137834
-0.7209542722351577,0.1290959919384074
-0.6797644007277015,0.09738512888797271
-0.7388054756615308,0.08803907240448758
-0.6520542661941681,0.15632455639585321
-0.7229770295278092,0.06489459841596347
-0.7086370801400544,0.08874411920976172
-0.7010375098158964,0.09956630406609997
-0.7175183155580109,0.04006060001928493
-0.7098987720679312,0.06609707178057118
-0.6609540306874729,0.10550924647796857
-0.6572284966040046,0.20070127260099505
-0.7383917148040011,0.06843610360194727
-0.6757142225424828,0.12760146563135827
-0.7210817702270738,0.13953518718301783
-0.7324858639492926,0.08277825908652303
-0.7092675948310877,0.01225095898966289
-0.6842517193069427,0.07592364116558953
-0.6788647524949484,0.1364684898541225
-0.6622027709644798,0.11865203950258589
-0.6826836826580772,0.2014487477071571
-0.7027271612746314,0.14563806040607735
-0.6884087515761949,0.16058364145216933
-0.7191743243438256,0.06550496747889127
-0.756814134146187,0.026794670458859585
-0.706252784770998,0.039926726667571244
-0.7469681499914098,0.06752152475310959
-0.666223909693633,0.10399462754380312
-0.7046515991604798,0.0846363232910086
-0.693201829996056,0.1100510519243813
-0.7169665105745514,0.07212573392514716
-0.7054724680199914,0.13241907819109666
-0.6987733018725484,0.13803581228365278
-0.6753499554907222,0.11928018376564617
-0.6638688169122829,0.11276134896019056
-0.7373781856039994,0.1320426070584082
-0.6401355553272858,0.1959608183644803
-0.7378634848813812,0.0960000440989103
-0.717270699669931,0.12334743902737573
-0.7426687482376847,0.08286537947490641
-0.7009033807530394,0.08947248280629995
-0.6704394426259901,0.13529536266933734
-0.7613944639991214,0.055621850126062876
-0.6615494765456639,0.191670684684111
-0.695414629249746,0.09068613354299375
-0.6928956116088665,0.14190804364430412
-0.6889378506112083,0.14078185180667782
-0.65906255117672,0.13866384320936914
-0.7110542025402463,0.13353982048401333
-0.7016719935563177,0.12358247052797816
-0.6675245641966918,0.13522937359038345
-0.7017649611239138,0.10184707789328407
-0.732086857500461,0.06971132191654768
-0.7256547109150847,0.026375235514588813
-0.6856324339607,0.1676926740806148
-0.6963288659827181,0.10034956384495164
-0.7008250759089426,0.06492719700615789
-0.713740550348578,0.11753815546303994
-0.6489454930217468,0.16566436211283062
-0.6777988467518653,0.17301571893347795
-0.720931587703981,0.055275614119388014
-0.7294735196982022,0.07222590412572852
-0.7613682540008759,0.04676289042440141
-0.6900756853682117,0.16445716283290562
-0.7434146586728383,0.058810688016626506
-0.7543528126954455,0.04069747535956216
-0.7101471298475625,0.12629494487087362
-0.7119607204340517,0.06543135167132476
-0.6997190282560425,0.06430010214463493
-0.6670915511691556,0.1559934791408402
-0.7151129717491607,0.13418742956087956
-0.6638873397723728,0.13743428793231882
-0.669323706533681,0.11341900849692745
-0.7195139179119702,0.09342452457909525
-0.653831393264627,0.17031259816295877
-0.697982181926453,0.1318133024989749
-0.6958963065818863,0.10550887836396698
-0.6972751282561029,0.09182228748917252
-0.69206317121701,0.049222470291909064
-0.6710100529206551,0.16328262864548335
-0.7147430979739884,0.060895319567871295
-0.7248191206619778,0.09054780534561953
-0.7061015918385649,0.12650837820566568
-0.6956510550023535,0.11351594506254074
-0.7048490323791871,0.10078863349576953
-0.7133609645933681,0.07375688881445254
-0.6906403283991243,0.07718323415202338
-0.6865289267863747,0.1375264693290287
-0.6806179116717841,0.06441915426468169
-0.6925757337167758,0.09735619770425963
-0.7066943641132251,0.06994236660577641
-0.6898006197309199,0.06612183103444841
-0.6462565002776548,0.12856435733664426
-0.6718511504035887,0.16143348871005556
-0.7062289435411014,0.08723139886665451
-0.6838535946539094,0.15217326966154165
-0.7205647484480681,0.05050769827621039
-0.7370771413014501,0.04842913406606738
-0.6851891455105777,0.12832044059426542
-0.6731605674583339,0.14367282301927126
-0.689473837514081,0.14671010589893482
-0.7229180634422235,0.04745036847767198
-0.6913216744518977,0.13647738854465635
-0.7168071234635633,0.0628484699942791
-0.6825482492355737,0.07029520062266126
-0.7196455578164475,0.14429249334679164
-0.7084878647151498,0.09371369537942809
-0.7274246936708009,0.01931273196602743
-0.7233524344429964,0.06525915837602124
-0.7479084175260223,0.02827505143412742
-0.7013328104697775,0.16135437491812346
-0.7003001907731636,0.14315514242413005
-0.6932823959239115,0.15142839443061173
-0.6651142164104993,0.14449776660671737
-0.7376198640993193,0.012311272691299443
-0.7403642600026876,0.08220241613046805
-0.6766579572256591,0.14695388073805996
-0.6556984139747939,0.20223766045747069
-0.6640342630657678,0.1485935640846979
-0.6983655829967748,0.07528617662921955
-0.6900151794513962,0.15329879838953914
-0.7219924292382225,0.1483511419767368
-0.7168877439400276,0.043587333764907775
-0.7108490265095341,0.08727346892389677
-0.7251360093466075,0.06704117863369395
-0.7508609340707468,0.07424617485628135
-0.7090040065700344,0.04092005753048817
-0.6504867183982731,0.17572372187047083
-0.7252185003876458,0.10293297447767216
-0.6986887692961918,0.18541075903320015
-0.7059142739690977,0.09785490191556231
-0.7054145331313176,0.062068375848357726
-0.7225703211507315,0.07081432388137361
-0.6756232353677273,0.1051968322065014
-0.7236843874922684,0.08239908639845454
-0.746082982142072,0.008088925905468752
-0.7356523963845373,0.06103491663719193
-0.7045712418696801,0.1506307868127157
-0.6985902492414708,0.12898045676851091
-0.6810231919928864,0.1547209601239988
-0.6785169891607514,0.10715409739228537
-0.6449202472022304,0.17514038188382433
-0.6865769714857016,0.15005565179650562
-0.6648158739678274,0.1189099338398661
-0.7346463473503295,0.07608169232868259
-0.7380065258179938,0.04564758723654183
-0.6938124588530863,0.11259745159563496
-0.7156519202016536,0.13407368430052846
-0.6439135887015602,0.19624484464700725
-0.7250714835463382,0.07281804411476381
-0.7074226235872719,0.07379884586403644
-0.7109452850975625,0.14197963719990045
-0.6869289787317467,0.17214995714610223
-0.6811794293558902,0.10747344372187544
-0.7314597660238862,0.0803067771142367
-0.7020051952800984,0.07175404587293219
-0.7415070056929934,0.08709823265987043
-0.7151233092748857,0.05663464988068903
-0.6815066137876509,0.12327144596347459
-0.7364804677104204,0.08592141814116355
-0.706809351913335,0.0876973493043715
-0.7142844249125365,0.017448656664601808
-0.6771068533816401,0.11919294902302904
-0.7206213431034304,0.14197800938848154
-0.6735571964718701,0.10689185567432567
-0.6754040955084369,0.11297357624837537
-0.6815055577616774,0.1308274159151537
-0.7343999088332522,0.08553445216671127
-0.7268486181936733,0.0902137794402588
-0.7044081157011418,0.03651630123844614
-0.7320200746715209,0.03620271144036584
-0.7340960490260607,0.08564872583092081
-0.7143195852381761,0.04516734377616005
-0.7056195268909937,0.09974491834994367
-0.7025074926424163,0.12591119177543694
-0.7210847164063857,0.025033693444027266
-0.6921646972377696,0.10925264055996324
-0.7035093713682392,0.1633107993698348
-0.674749247927325,0.14737797609661382
-0.6789961915143676,0.18842251117812744
-0.7091165406036095,0.08017892384271445
-0.72608838113794,0.1081301636513876
-0.7368368059546945,0.10975631329074657
-0.6626325342383402,0.10791098306325765
-0.7008702167024562,0.10794442937211693
-0.67101263201449,0.09314657026529197
-0.7116227636798783,0.07879066069294671
-0.6996011490725161,0.06299493724862373
-0.6785391590215047,0.09141094626843649
-0.7162664502049756,0.05503061655848948
-0.6629054162261463,0.1640698118414843
-0.7169296872103718,0.10372853761174668
-0.6502184657447729,0.17463254057947936
-0.690210946884585,0.10572390026882203
-0.7192837169711955,0.10077458669227299
-0.7020817585509583,0.16480670681958634
-0.6619771867898303,0.13608402485268983
-0.6928446569814423,0.05591761701020297
-0.6641138208868017,0.19927171820853448
-0.734187974362324,0.07341033479715865
-0.6901298450409512,0.10027051083596954
-0.664273459518413,0.13655075451283524
-0.658145889369902,0.14635041205944876
-0.6942762758467371,0.1479876718673225
-0.7044294142820567,0.14632020048080746
-0.7530328367898104,0.03237088108312249
-0.7225509984042014,0.14864135321431712
-0.6568981253221347,0.13159365029015804
-0.6953843107607715,0.09876035089304337
-0.6991774725031363,0.09086335290127087
-0.7138170633300585,0.09940653694198186
-0.6673026184946603,0.1656692319545652
-0.7073715618791183,0.1306977954189386
-0.6840458168446486,0.14442565816214267
-0.6595811442140485,0.17195493761259176
-0.7115365118363136,0.09913628541120349
-0.7233171449900381,0.014950658729091978
-0.7216865016057596,0.1410453188620479
-0.681266271480652,0.09605170552287753
-0.7114668401328754,0.09569245579733682
-0.7579794959983517,0.06563439225229285
-0.6657059085608283,0.12114858118249373
-0.7231448791978732,0.01646881130194018
-0.7007969151342309,0.07376284997367967
-0.6831397845254191,0.1542677132037718
-0.7240926712358713,0.11494780504163916
-0.6909109383961671,0.12250378635046578
-0.6976662677043597,0.09174458044975016
-0.6684167248804174,0.1913022002457593
-0.6653179071956804,0.1165863147394617
-0.7314407346358569,0.08764481192804202
-0.6546371089890817,0.14681910317651548
-0.7191355922659968,0.041329063892420456
-0.7242754306833891,0.0801290228922197
-0.7053208366796241,0.11661480969618648
-0.7467756879019545,0.0897222453949049
-0.6654244160956743,0.14768581311623902
-0.6794569401844907,0.1131257485415473
-0.715752349804297,0.08663022438567688
-0.6578144458485137,0.1265399838525339
-0.69306686491391,0.1827657441483886
-0.7336453044079266,0.13212994874198494
-0.6810678812826488,0.1824517231682834
-0.7163443692003836,0.12130332014093116
-0.7118584530748442,0.09770741310867952
-0.6503825446969378,0.1104135265727895
-0.6836542647965627,0.12012537823204389
-0.6891821506745989,0.1610444220004515
-0.7468563811248131,0.05174850824650635
-0.7306855390704683,0.07502061340592239
-0.7309390540258627,0.05678920264924964
-0.653170405068341,0.17124086819673695
-0.694016667958328,0.0802129268310759
-0.7287839090066756,0.08262409513664294
-0.718453274161177,0.09424362458483569
-0.6749602301914684,0.15764766269190417
-0.6751051609935881,0.12938031513197046
-0.7019385793178213,0.12180064214076973
-0.7465496619186872,0.04160633865826884
-0.6926352578367283,0.1868447100489202
-0.7300072389500147,0.10788821381749801
-0.6987219306525277,0.1396981455057314
-0.742483687691491,0.05032898018746146
-0.7169252235593284,0.10865273650999907
-0.6872656695018017,0.11485972150347895
-0.73685710103632,0.06363572851970435
-0.7026527341337111,0.0711802054878876
-0.6913706807827535,0.17259420739089187
-0.6837785737037823,0.13211885656168568
-0.7022256987584922,0.12788841039698906
-0.7188914450425878,0.10413349944345467
-0.7311201210858876,0.1300162718772201
-0.6910247441771368,0.14627606918316616
-0.6832681411256484,0.16218893874666052
-0.7276012779723585,0.08323219438578432
-0.6881610150079066,0.13234623338024404
-0.7169396730321683,0.043205437742121905
-0.7195411889239985,0.07070772217085293
-0.6685293391390975,0.14107832826007258
-0.7206270722908285,0.035262572501685005
-0.6992797611802392,0.08119512969841157
-0.6849965090191904,0.09394956890177329
-0.7024303904161212,0.05782854618872372
-0.7025061903193321,0.1470158549389809
-0.7336919152362693,0.05728298209188294
-0.7487895407622793,0.02228053096723397
-0.6934050573335583,0.16701495320524243
-0.7084961529343075,0.039950605119397686
-0.680237745958199,0.09042058783035728
-0.7388342106499234,0.08284998002055054
-0.6755352204078484,0.1531594972022254
-0.6999346855253067,0.14311101152870273
-0.668187820492273,0.1672836228562025
-0.724463226523265,0.033000961563567126
-0.7440303931139697,0.037102874842841194
-0.6491808404016758,0.18667282413126535
-0.6766631580294047,0.09067870356475635
-0.688560308930641,0.09408044118883661
-0.6956268207848372,0.12855981353660856
-0.6546332635444224,0.16031990273592506
-0.6905440501247914,0.10321923301688805
-0.7364987812988815,0.06009683163841274
-0.6551912565865904,0.1175258503120947
-0.7159511193712115,0.1356450807040424
-0.6721421450100125,0.14720924927481094
-0.7106210765490123,0.08972506623312769
-0.6938216673443811,0.11999434247580669
-0.7095192483762018,0.07410936587595437
-0.704825187975158,0.04319602924687215
-0.7226036308897111,0.06263636963314106
-0.7383232953501154,0.008677713656464695
-0.7400232670106873,0.05703634177129424
-0.7232257916838583,0.08052799880542406
-0.6994265326362008,0.0920649667868338
-0.6886118936003076,0.16932506134931852
-0.7167761184583121,0.12873531993816242
-0.6932344873655701,0.17569192513751486
-0.6525653140080019,0.14963774510430056
-0.698760489174796,0.1105802803672138
-0.7033367577161428,0.11411107613841098
-0.7452201297641801,0.08292211779187975
-0.6845600248759657,0.1173868416925937
-0.6941626158366793,0.13808419080453482
-0.7135322505168793,0.0444306196372696
-0.6659587979735963,0.10341639229821724
-0.7210187094419316,0.02048498809955028
-0.6956284042376986,0.11243465911154828
-0.7190084218140436,0.10327472469634802
-0.6980051046810085,0.05685964505068714
-0.662152387037528,0.11201362460296431
-0.6590210510093009,0.1315152408823247
-0.6759447480214271,0.1334430056284841
-0.7446783933854448,0.061567437050075245
-0.6893146831651694,0.1522254017832209
-0.7010869092804843,0.07849051911702642
-0.7191270380739558,0.050597198156498616
-0.676450148802107,0.16520422292648582
-0.7364326627724093,0.08849071257641271
-0.6882199405860315,0.1662305502509656
-0.6879975161144073,0.15938838432585045
-0.7001132904173003,0.07042608123672317
-0.722558547233499,0.07518556493621663
-0.7111057432422748,0.0534642662303878
-0.6907302187178599,0.13204400237984315
-0.6841457021504752,0.11600864962147409
-0.7100678147515611,0.1377738832127139
-0.6635325262922595,0.1169985029033841
-0.7151309351104836,0.03457545967286107
-0.6516431384390518,0.13662062682666923
-0.7428242759114004,0.02042389783806277
-0.6926937738705226,0.10912492896260895
-0.6875549727910816,0.11589352685873945
-0.6777825019873276,0.13455642015828412
-0.6794068506241892,0.14927904537603714
-0.6879733896337201,0.14005708354137858
-0.7542130075892607,0.0458460651683544
-0.6920132985768858,0.11529143547286948
-0.6661606258654024,0.1314580222594035
-0.7147256490361189,0.09538645716307308
-0.6850843437490359,0.1118857389034692
-0.7412808491739441,0.08086006674568161
-0.6697449948054935,0.13210075275116456
-0.6877287202450846,0.1135870766282776
-0.6919356846120883,0.16336965865987232
-0.7136193724114196,0.13254676973856955
-0.689870486280461,0.11598101472565053
-0.7134525652690071,0.10163239556972055
-0.6597360704116644,0.12194850371792947
-0.6329889238913147,0.17287414841495133
-0.7248452796569225,0.08798865617066685
-0.6779777343573131,0.09010899218326228
-0.744263952193239,0.03818745901347098
-0.735824337006366,0.07432038248353214
-0.726086244983821,0.08927343744377027
-0.7151362491643131,0.11160186726100402
-0.6885977417169613,0.06237121003530129
-0.6733073926354074,0.148398095549447
-0.6868990996073138,0.13145428343377336
-0.7340826340071867,0.021409234949976614
-0.6630317350747447,0.1543370876562646
-0.7457079490546443,0.0963539272516133
-0.7190482686050251,0.10858766189384432
-0.6819835915524284,0.13666333931962824
-0.681024039717028,0.10375689410533215
-0.6712443241774463,0.1418078549896705
-0.6898889222384099,0.15910450638605864
-0.7006397404014553,0.1675376549409993
-0.6667532866008845,0.14968719213302448
-0.7138577863112385,0.09406679541890446
-0.6907176497655707,0.0810456577629876
-0.7505255208163062,0.04417453773826016
-0.7361229185821513,0.03971610091491772
-0.7133003624191747,0.10016455271149051
-0.7251527111355173,0.028186042270778186
-0.7006006492834048,0.09765076594203681
-0.6889623295102015,0.07649272854875978
-0.6955902204505852,0.16686010628461037
-0.6871990818809055,0.05738282610243241
-0.7300572096717444,0.0956499537792262
-0.7029477167889959,0.04711790741631283
-0.7241520359384986,0.1378503614172649
-0.6499185508969587,0.16584946225822347
-0.6378333920199492,0.19813984003816568
-0.7003146058360347,0.13219529429774232
-0.6855092651978547,0.16842517401627083
-0.7449913755873636,0.09587610022295077
-0.6612608092533374,0.17042243744018648
-0.6872236442254822,0.17200742923442328
-0.7367735528465621,0.0638338805538888
-0.7065365512956068,0.03361182136962017
-0.7256586615610965,0.03850949867377162
-0.6734088007460997,0.1372265129490593
-0.6731167385344696,0.1290702256333898
-0.6854701099621918,0.11604745157501424
-0.6658309160566159,0.17353531788400708
-0.7507469963985275,0.02997967517078201
-0.7286682378217789,0.11785068935019508
-0.6595963569570407,0.14455518083331867
-0.6776510380813817,0.15723840533228609
-0.6991336607708725,0.05530299357314715
-0.7091197257009992,0.09780880966932747
-0.6843985062968178,0.13182474910625414
-0.7060550520244475,0.1417950875248545
-0.6775296477874689,0.1788131510796081
-0.7214092180919849,0.12876633787295677
-0.6942272467541515,0.09034147477531218
-0.6999414111332978,0.1287802114857109
-0.7320320068570549,0.04313641205545078
-0.6710537950931083,0.18421684387110998
-0.7079744088861214,0.10127334234258734
-0.6655834243784962,0.11985317251623076
-0.7000528827281178,0.10478310008164923
-0.7458947185380294,0.02563087027002902
-0.6919602990752444,0.06559732331339263
-0.7318495863933205,0.058574980058629246
-0.7211557727599491,0.10929667853316884
-0.6692072980449052,0.14360486978317571
-0.6857055920352191,0.132708124915411
-0.7068761381741985,0.07239868747967604
-0.7264079997442141,0.11915682929043482
-0.6830557345152795,0.11552456701217272
-0.7074867753734402,0.13340978640308107
-0.6621667728669812,0.17171121007715032
-0.7405008998475282,0.09361094648791052
-0.6905171046951432,0.14903309093240144
-0.7173699880241441,0.1407541461058103
-0.7307573345571359,0.08914570027870927
-0.7217134249802846,0.10420556053225759
-0.7070450861808224,0.16009829677137155
-0.6656752655243555,0.13096950930453097
-0.6798772217662739,0.09713956591055271
-0.7014942860566927,0.10160240171254435
-0.658331579289051,0.10380003529351754
-0.686892448256775,0.14943788787847095
-0.7246133811735327,0.06459898777410455
-0.6940205519643419,0.1576354475481053
-0.7279313428823351,0.06279417210907698
-0.7030192766856532,0.11542105802388225
-0.6908705763432863,0.1699607487551684
-0.7203002570568098,0.047511869601020246
-0.6680499683628066,0.09277222945961272
-0.7247897964698828,0.0830285264410533
-0.7081563019638695,0.07049784915959692
-0.7099077105610669,0.09792414012481558
-0.7441411070432221,0.02873548657379244
-0.6907490938750545,0.14478563754722296
-0.6692853931756891,0.1899774358003279
-0.7044598762957547,0.10599119026576025
-0.6943553816246529,0.15918345348356064
-0.7093971826613573,0.08836156374022781
-0.6874491452645469,0.17317332367757443
-0.7110885940167961,0.08689814792834906
-0.6807348721527101,0.0752158583288826
-0.6812633943655055,0.18979380356632503
-0.6888982207601202,0.14298992519533454
-0.6789193005902289,0.0739603853227659
-0.6979284391493993,0.07680692783584044
-0.6977069395861504,0.14585365813220894
-0.6623712371134216,0.10878971979382619
-0.7012419338724475,0.099775443120276
-0.6862914192111145,0.132430468938172
-0.6780154302567197,0.15635179283416345
-0.6917287430300202,0.06889652489080983
-0.6992569075861599,0.08137438498182459
-0.6879711251793789,0.17735644645922272
-0.6564098228063221,0.11181123558832748
-0.6634845853120194,0.1756809672291004
-0.6980100904104121,0.11927728972905595
-0.6934752947950832,0.10132821847284539
-0.6766517577486638,0.14334677926697642
-0.7102706010939978,0.09295035221707185
-0.6736507678527143,0.15724805597312616
-0.7060986479987431,0.15650761984603728
-0.6958296386295818,0.11895382473909313
-0.6833056190162236,0.10620331112402828
-0.6512323988736349,0.12982045959935248
-0.700317491598585,0.11270923931562966
-0.7234034370460137,0.053228349569943725
-0.6994734165469415,0.1492869517151232
-0.7373729465726463,0.04357947185516839
-0.7037475570411642,0.05661978395546544
-0.7143310854996233,0.032778476459449396
-0.7273454750411339,0.12749068834622498
-0.7229894062533566,0.052925882507337464
-0.6495485193408783,0.20547286307554138
-0.6903727957022848,0.07680812682733458
-0.6590856152838369,0.11091936534979777
-0.7262150577999712,0.07952856448317469
-0.7103982848170416,0.0759991451222614
-0.6777187001179411,0.14625010816807707
-0.6751029123329011,0.15801606957592074
-0.7189598793324501,0.11958297131226536
-0.6818961229681328,0.1721052217307292
-0.7075186854253367,0.10543279644140142
-0.7159233548988838,0.07558515287147065
-0.7014244118022464,0.06736365772093438
-0.6814706103958706,0.1163699278182592
-0.6980154470021807,0.11132846836359109
-0.7000242794100312,0.14189829227955328
-0.7225245025733963,0.06519041350719995
-0.7365569975163136,0.03208180979191649
-0.6960354726407708,0.08631244458467424
-0.6798628707763822,0.16152433782497483
-0.7031242108510173,0.11175583876101068
-0.6732249662706605,0.11019368917399698
-0.6656937938268123,0.1597652088501099
-0.7153924427967601,0.025018438203740445
-0.7236081072281217,0.10256490552730974
-0.6788006269711624,0.12000501646978955
-0.7114273846208884,0.07403017164588459
-0.7208422354060645,0.09967321037354686
-0.6817545534605862,0.1155488044918576
-0.7363340494979335,0.09725045340130883
-0.6992570239467929,0.11397012643449281
-0.7125203832022388,0.10104611511086584
-0.7194591124122431,0.0982255261437999
-0.6693631021531278,0.1268636954755153
-0.720799785329395,0.12339756127672376
-0.6837027587038147,0.09793424935873968
-0.7204746691592256,0.04498848427855598
-0.6692974855364724,0.10123528545830567
-0.7450618021869896,0.09685239714896167
-0.6997970539109533,0.11809747459611866
-0.7118605728308667,0.08566926464086284
-0.7005687634575767,0.15398331745425542
-0.7014452765567226,0.11323013283834095
-0.6890243535462613,0.13996709205750396
-0.7546069793336169,0.06286087660775797
-0.7206584687238163,0.08199261892374543
-0.7277427945608993,0.1221491615919606
-0.7030792743677795,0.0863230257193706
-0.6766743036024166,0.10333234075748111
-0.740707557603227,0.07617567057244164
-0.7089352539846145,0.07554218994908148
-0.6597785138753731,0.12080509775728132
-0.6978877442537936,0.09859467223954939
-0.6700654965002714,0.149865936680642
-0.6684106325093794,0.11856979932937904
-0.6942994360681184,0.07302480614047162
-0.6955739881071746,0.12976011085244973
-0.6973298176642594,0.06305712726880223
-0.7057526415452691,0.12060122489993286
-0.6981336059795238,0.06464583378742812
-0.696373078369579,0.07552678475353676
-0.7274300507588982,0.07753356022037983
-0.7303780839809592,0.10378066595474045
-0.7023710896266279,0.13211317823757296
-0.6700186718887408,0.09110157722731434
-0.7348071922201586,0.07344663609564267
-0.7048918070786203,0.09496099920496473
-0.6627866066407004,0.13377593208217425
-0.7309340838829799,0.07351108289657884
-0.6905581199028812,0.09467951460363597
-0.6922047856478829,0.08650967446943403
-0.6848470060035985,0.12157138704797794
-0.6904839699876684,0.14359921681947296
-0.7249583988036392,0.06210681506736644
-0.6833849343364605,0.1345128161167751
-0.6516532514024569,0.14325564813591107
-0.706932194702178,0.05823361401095205
-0.7047782654758573,0.1350420372291215
-0.6762066807518727,0.10145085610837642
-0.6487463448945341,0.16597328961857744
-0.6963781467424816,0.11210386559167225
-0.7011254486371042,0.14560451256194748
-0.7192942916565614,0.14178390322004725
-0.6897531007950523,0.06963125538069344
-0.7377179754688932,0.022592106785321964
-0.7013491608100939,0.13804531156522915
-0.6739745405149223,0.11479338237169703
-0.6398529346580963,0.1798587496158755
-0.7076466107110301,0.0791883488003443
-0.7176716009337275,0.0935476974483711
-0.6997749411519945,0.0770904396236999
-0.7280733771754544,0.07288418156568671
-0.7322697993206738,0.0718796833857777
-0.6934954097753048,0.0919012539935664
-0.6999628078088662,0.08236958307592875
-0.7040389789488183,0.1546840049701195
-0.7301693321930055,0.10897325587228016
-0.7183503591924458,0.08193046686468197
-0.7219343642958337,0.03834249866583765
-0.7179123875475941,0.0774661824943783
-0.7027378955216314,0.10002529935147889
-0.656500636331785,0.13442023136910483
-0.7093209182309448,0.048052918787544974
-0.7374536950432974,0.027298464116334867
-0.7157509846888941,0.12158320805060338
-0.7503535505706702,0.01840067943135232
-0.7046320958409232,0.09528549862158153
-0.6738755245922047,0.11896051611914273
-0.6686008993067514,0.15031702796057708
-0.7132238174842602,0.0473900600387906
-0.7123317647654605,0.1120209022218404
-0.6709814344733147,0.11479823392280586
-0.7164259875094597,0.0563921395918245
-0.6910085799078612,0.1274379197557695
-0.678555103385143,0.12335952987961278
-0.684406552509294,0.14061137479425767
-0.6632582068103396,0.12616694900202072
-0.7435018985989617,0.08409371127093665
-0.6888638012667531,0.06783398605774689
-0.6390385117438828,0.1845975019780842
-0.7072130285730914,0.0900636415472521
-0.696240244793528,0.0668808626030209
-0.6821165584343971,0.14167118461859196
-0.6990589145730504,0.15920314122209558
-0.6701604552190245,0.12097117488590388
-0.7363273345985338,0.0957346125171612
-0.6679759744872038,0.16755234033427274
-0.6947908027859643,0.07992023713912565
-0.6359223439441685,0.15343019045124015
-0.6822193816455708,0.1032901192682042
-0.6769834929372419,0.15336407864833573
-0.7359682456650896,0.10923609847604715
-0.7261905051990336,0.04768579660607584
-0.7230124000146181,0.0859721144710675
-0.6882094348166803,0.09907318441621153
-0.7308145441997098,0.04189478108432382
-0.7076401265662309,0.05008861356015452
-0.676900085365269,0.09565913203738226
-0.7284477660084451,0.06115607329711863
-0.6544272463457154,0.19333846806244065
-0.6884811675567181,0.1075554289735656
-0.7355423648386586,0.06633169514721571
-0.6769045712197208,0.18482003700379246
-0.7196761084044854,0.12214507267244278
-0.6801457636100403,0.12748426301200996
-0.6935436449571116,0.0655030506496039
-0.716762737815984,0.10286507599520528
-0.7212591649399349,0.0454420822242076
-0.645328419565232,0.15981664572428372
-0.7075573146090275,0.09555286360067587
-0.6888554391302002,0.14243501281151874
-0.6930211474992994,0.14258839798218728
-0.6952782861956668,0.14151836363768375
-0.6956318754851198,0.08589039579761486
-0.7014747373626231,0.07330573578254848
-0.7152902441195499,0.10725585382270873
-0.6791972875453977,0.1084706474346889
-0.667431659274914,0.14368891116022478
-0.6848604193348824,0.14439496232715493
-0.6805865712687698,0.19026179074440866
-0.6931931523907675,0.06774715247526093
-0.6733735017114219,0.183729323052804
-0.7040343488416312,0.0863900521067928
-0.7024254411180436,0.12073587674241912
-0.6599497789531302,0.1371146877874781
-0.6978887018383848,0.06657303892831443
-0.706221951447795,0.06213037854338266
-0.7093917337364865,0.06247503494770291
-0.70170276816092,0.05874757662797511
-0.6935244084295541,0.1376328057897667
-0.7000673231554683,0.07484895607511217
-0.7127332725367516,0.03458272796246876
-0.7053720453265478,0.1569687930799399
-0.6882868141945918,0.11499820464838904
-0.6893774529770365,0.10354638571352459
-0.7295191081603976,0.13089922540505117
-0.7348195332832977,0.11207050959874348
-0.683830751734087,0.17001177286230915
-0.7350604915975492,0.08922189727808912
-0.6879333958938684,0.11703202329575384
-0.6994759012015053,0.1130472138131159
-0.6908210394205925,0.1318201589679447
-0.6749035010863201,0.07240083794838606
-0.6979897139011676,0.08444571056705072
-0.7084246620022677,0.10925848843917062
-0.7386861887281041,0.08136736982991588
-0.7043010841745049,0.12423661574614968
-0.6992629734468098,0.16960603800179058
-0.6602870611223158,0.1391960439868072
-0.6509063192267821,0.13911916266385302
-0.6968766480883737,0.11091018495627877
-0.6975155403453461,0.0782773382023614
-0.7150410311486588,0.08483524960124723
-0.6945035666752918,0.12830223455705578
-0.6770432181017111,0.14262994121126285
-0.7091659076632141,0.07730479290454277
-0.7194509197211562,0.07825662968963461
-0.712847769006109,0.11325483045391456
-0.7254891274247712,0.11348232316897362
-0.687625635340331,0.11658712752066538
-0.7251377817918329,0.05392611491465555
-0.6901665741963309,0.08207664166703883
-0.7404293631923817,0.027226844285658587
-0.7164891363255058,0.050180886015680055
-0.7062575571147254,0.12557976330793214
-0.6825334306048235,0.11680739265714953
-0.7065638793857014,0.12254906645094056
-0.7276251150612191,0.029969486278124
-0.7015316672635106,0.08942825207785851
-0.7184998364251078,0.037144875973044986
-0.665151944761623,0.13300149117316454
-0.7013833642913768,0.12546834659738756
-0.6577696525412634,0.16863486613579326
-0.6873603230907022,0.17820816923655597
-0.6688170637193309,0.10639257588416128
-0.6774448449979023,0.09587913387625907
-0.7141262469728367,0.09344448511265091
-0.66403567697709,0.15654349533549397
-0.6693941285256024,0.1745978918803624
-0.6944717405702281,0.07228321497875301
-0.7094994380751668,0.1384198066904714
-0.6778547618966962,0.11007418036524541
-0.7064797089310647,0.05986248199454679
-0.6764390168686334,0.16115297737277232
-0.7108132219439125,0.09374596132301574
-0.673532251509132,0.10902013057915114
-0.7398770419666929,0.07556550052215714
-0.6944464259830491,0.08976121773406441
-0.7125660193664002,0.048064098291333505
-0.6627007238125046,0.1463901837791683
-0.6655664548570314,0.17139929960914782
-0.7106002112563228,0.08535289171587408
-0.7151613307633482,0.06074176834756045
-0.7004652681284605,0.09126668827696731
-0.6695749209787328,0.12125701717711454
-0.6891268459495463,0.11131592232989179
-0.6801745791783684,0.14665783005113164
-0.685300985873507,0.17262495157265467
-0.735331068362892,0.06822375115400241
-0.6791681159637066,0.13872168261377257
-0.7105973414625533,0.09995284690557474
-0.6839503239935439,0.1633759961073367
-0.6917045204465122,0.09997659359984533
-0.7347299143974412,0.07915423529070109
-0.7255586920555502,0.05113895356751475
-0.7225593209313573,0.11121119523478157
-0.7403793059457605,0.06842062676947581
-0.7315326724781448,0.0474690747404531
-0.6588684844810221,0.1588254902710766
-0.7042251738900535,0.1492560618697691
-0.6914394198815187,0.12767252634126855
-0.726325667044867,0.07330484167738255
-0.6895183307118999,0.07559815616632555
-0.7334349365983364,0.07314942202847734
-0.6683357270779686,0.18885258624066747
-0.6904129507457227,0.16404713686445122
-0.6908813724515158,0.05789017193001681
-0.712489176298744,0.1019349035800305
-0.6653416754718863,0.13958422659895245
-0.747385718334783,0.05986819345609609
-0.6751375041699664,0.1609049390796935
-0.6637768385964046,0.16946533544321885
-0.6936319102130332,0.16551791573685873
-0.7102287560263288,0.1260942468347695
-0.6674462895356149,0.10505960070456562
-0.7138279477715841,0.08184538483222203
-0.6631686108499186,0.14103299067059466
-0.6760691437190547,0.13087298776647888
-0.7008526397359472,0.1507317572772796
-0.7193132723495963,0.09235254098661135
-0.7108903115176222,0.07127623706164335
-0.6985029604936518,0.1236790174820162
-0.696090285453961,0.1123871932056768
-0.7137921069779621,0.07352140632821048
-0.665861135709539,0.14284459492524426
-0.7255655307355363,0.028564744660352262
-0.7270573519813329,0.07161241163573984
-0.7378500113346159,0.07344351812421097
-0.690807941020126,0.09911274582022447
-0.7361118049264536,0.11452054874290636
-0.7251779889854446,0.07242150703541049
-0.7243122555819119,0.088021954747858
-0.6947380839612162,0.10844311652388333
-0.7211494568589472,0.03953826619337013
-0.655451983078281,0.1206687136366051
-0.7214236659760694,0.11729283700448107
-0.7608472586883214,0.022121227346690833
-0.7467396726633413,0.039153725860935594
-0.6815956662859373,0.11003162494252658
-0.6479938651487698,0.13497630506927574
-0.7019757565458573,0.07519980567406347
-0.6476227708180363,0.14067094118498136
-0.7304281618062903,0.042299521071330996
-0.7039854297746336,0.1311373039249799
-0.6652885424865278,0.10203913719451813
-0.6957048940912184,0.10346126746176396
-0.6915003750502572,0.09905517394811397
-0.6990934521160039,0.13446109300941902
-0.6896616516448641,0.17336985894630252
-0.7606118604810959,0.049128464111813534
-0.7390252521553199,0.09741556739078278
-0.6978703883888134,0.15545095399259676
-0.7475651039726441,0.07522463019652051
-0.6961359316962875,0.0837190222469504
-0.7118973355219456,0.1333830403582397
-0.6880931316561834,0.16036614640395686
-0.7146919814511721,0.03822908306907879
-0.7369420968045425,0.05445007627310432
-0.7109773262129976,0.043806702445303165
-0.7462950690845046,0.031025002888955988
-0.6783835889425472,0.1306478136316394
-0.6470750568816944,0.17677650556351357
-0.668474776278278,0.16575411507393262
-0.6802962492110876,0.16683561913030756
-0.6826975606676872,0.164455599666154
-0.6458501258209413,0.1760331138156769
-0.6994857742528473,0.10401753024369897
-0.733915798561892,0.05755147180616485
-0.7445313422066374,0.06854684077928928
-0.6851086214014174,0.1343193215670662
-0.7350714671520202,0.06832849874288892
-0.6819975546728152,0.17857984513842562
-0.6837047590765929,0.07409020806884335
-0.7555666409529568,0.07364480391789135
-0.732354596966398,0.0345938296130918
-0.6930748656859971,0.16974182438374888
-0.6999850662578131,0.10535637481582452
-0.69332402352013,0.1746523217724837
-0.7188125815981964,0.08034011974214085
-0.7026361432801993,0.16799651914661828
-0.6790227173215017,0.1252789292393441
-0.7113300342320522,0.11705518284658348
-0.654006062203128,0.1638966120223077
-0.6768265967744858,0.11234112063732447
-0.7037224685036263,0.11580311519433144
-0.7114574298226624,0.14033693045275003
-0.684941263650195,0.11370983724772465
-0.673642389096806,0.13371444228845392
-0.6965175392671745,0.1476403398123357
-0.7117124635209788,0.1064094531128949
-0.6949920410181344,0.08742021928874577
-0.7155333016837975,0.05707793698696833
-0.6778803195544272,0.13665425859285457
-0.7110838281190556,0.15826508528237798
-0.6754064191341126,0.16706393456247132
-0.7354176458977025,0.06416340983903211
-0.6998548099642035,0.1703830876179379
-0.6992550412561603,0.08914874650175961
-0.6880940836275599,0.07887394438519425
-0.7407101515581003,0.047988652287260306
-0.6786176480610331,0.09742318073943898
-0.7159360881254314,0.13433352326376652
-0.6802991923226568,0.13872954465500836
-0.6760053024116061,0.10855322782398108
-0.660507225170679,0.11772716764854774
-0.7291491184115174,0.10000708296069831
-0.7603784212642616,0.03317420018562053
-0.6811984389996195,0.10807528567166275
-0.7107995770057627,0.1205446494668549
-0.6933447057638474,0.1538724965038956
-0.6826694689591206,0.10626679836071679
-0.7153773246529421,0.04216466045828241
-0.6798052934992871,0.14034223551168756
-0.728156903491038,0.11715410028381926
-0.7092975971924654,0.10486605755402066
-0.7250974178740057,0.12801160223455857
-0.7040093117289687,0.10343352239300635
-0.6749202638242985,0.15130295867756594
-0.6813584996938847,0.16061207126630067
-0.7424417476676445,0.06398334133347232
-0.7068035115303992,0.11182334474530485
-0.7155115445487163,0.08045665499451768
-0.7264816151094727,0.03811797210619388
-0.6722893220684969,0.11395606778402242
-0.6837060430990383,0.13823972801928858
-0.6838132784322242,0.1343319696580982
-0.6826004164373737,0.14876096633841662
-0.74170054726466,0.051127176155073166
-0.6646969372081499,0.18276585120978064
-0.714745383082757,0.13096946097426507
-0.6947657299204716,0.0818573054268599
-0.7147165936409329,0.08783758279505849
-0.6503823670487128,0.14934719609395228
-0.7397092523392167,0.08612890260428131
-0.7097985705548561,0.10533363132895951
-0.7073027651862852,0.1233321181286765
-0.6433228888193664,0.16290231326886317
-0.7390067057049082,0.08061563170483098
-0.6331399380751982,0.1595987634236174
-0.6995260955722139,0.1085624399528842
-0.7123763207480437,0.15050483756927124
-0.6877551871557235,0.14289341693644042
-0.673827038512105,0.11755203660069218
-0.7093814634435976,0.1007749741197571
-0.7506176775345511,0.05794603149470727
-0.7018079790917021,0.06764860654233078
-0.7393354356109415,0.10843001570965179
-0.7082072662364693,0.13651713159875442
-0.7204436324763733,0.08916762315921517
-0.6736985185170564,0.139286736074976
-0.7279649196474656,0.033508101497217155
-0.730626501540053,0.06514598063871008
-0.7064615630416893,0.13302319341366017
-0.6970656698298439,0.0604608146845485
-0.7324422461650417,0.1067792021010481
-0.6687393261700785,0.13317057604808932
-0.7338830636178688,0.059897763000174006
-0.6746540933627961,0.10745963184303255
-0.6878600763204582,0.09464975090956976
-0.7346457499780258,0.048297898026667306
-0.7082846453940457,0.10474635058832756
-0.6948894907250328,0.09465179645209704
-0.7302165182222686,0.0728647281784965
-0.6817918749289742,0.13258887802818187
-0.7341347083854797,0.09019455371755722
-0.728938798053632,0.12244916287914909
-0.7187082272762818,0.05281073148713972
-0.6623494719786792,0.13717631643271308
-0.7106990651662158,0.061728815475266915
-0.6398057102117185,0.15530509702246625
-0.6994842116988496,0.15432025440552907
-0.6686457745425797,0.17413707241859674
-0.6955778434228141,0.08574901080777894
-0.7272064982246401,0.0750448346716525
-0.7083911284854132,0.0845152375498167
-0.7450755962888977,0.04846074086735192
-0.6630153752331569,0.1590792507001734
-0.7040261400301608,0.07901407892709378
-0.6384339429048174,0.17879012349821535
-0.7254109177562384,0.1100140231148982
-0.6932547852032804,0.1662610287030697
-0.7255237547554433,0.08191286476518513
-0.706557607918851,0.08930234229981562
-0.6968358188376362,0.05157249249682099
-0.7065433531644749,0.06916749546642925
-0.6889184836002797,0.09893480373091801
-0.6717320939673571,0.17446775868197636
-0.7121188194070248,0.1403915482033564
-0.7064645409311814,0.1104924700279577
-0.6887562859732578,0.09929958745844336
-0.635805060594989,0.16751340431099251
-0.6788982503239372,0.166286734054647
-0.6773800844563194,0.1799042803822917
-0.7038215940000502,0.13404886118012688
-0.7012821539733205,0.05744362054010762
-0.7066378176735766,0.1021226961746644
-0.6629612456417618,0.1503860225307361
-0.688239267450114,0.09037573053866561
-0.7128045617122359,0.1121370889665464
-0.656523834684258,0.20109137311750966
-0.6734699294307986,0.1491159431166644
-0.7251716211007004,0.07304798815630062
-0.7124814640823411,0.10603020976204354
-0.6924684624410843,0.08154519821801122
-0.6993707446153367,0.14215374829159164
-0.7257129051929723,0.06556462177640808
-0.6783950183403125,0.11602183503437999
-0.680282354388697,0.08492430260904285
-0.7251916773521672,0.13927844047876284
-0.7036806436787834,0.09542576757477046
-0.7249049180642145,0.11886851910642719
-0.7331582120795255,0.0669758848422957
-0.697195784377417,0.15843232926600834
-0.7525316343024139,0.059110593567042034
-0.7065330555949182,0.05275101503993845
-0.7135152443886567,0.12608743024694058
-0.666862545185214,0.15397404484254218
-0.6616534949481175,0.19279815282674548
-0.7170557024285011,0.09159578674026515
-0.703213197132941,0.04303431372215549
-0.7007505349220096,0.053609873642324495
-0.729333936877193,0.06641884891993935
-0.7380118848032318,0.08460968633610513
-0.712712754096645,0.11491146434906958
-0.718494296805397,0.07369482098572806
-0.7523412530978659,0.03014943375322509
-0.7017656671571678,0.05896460316083785
-0.7280246687854014,0.08393040901313793
-0.6956860772614701,0.1246134510829901
-0.6743559687801621,0.16285711571815392
-0.6992446443027631,0.13906153188671405
-0.6578908916713345,0.14372431575078257
-0.7047109358000145,0.15624193621285953
-0.6778921808586953,0.12467674694138095
-0.7403526647031563,0.03208724538536118
-0.672071268212559,0.10901361478874846
-0.7171147874144205,0.09770172259731429
-0.7371375093679589,0.05674815561616432
-0.6548944208253538,0.13414112889182098
-0.6297098915576925,0.1779695476950005
-0.7239901172993853,0.07981545803538824
-0.7305181291071133,0.0560406344430302
-0.7325346127306238,0.10876547440460599
-0.7363051908078039,0.06287140539143664
-0.702050972228394,0.06180001253059262
-0.7162056289790427,0.050618138985967495
-0.7020721911330018,0.11942823442091399
-0.6735669769825693,0.12393471388290926
-0.6650060611608659,0.11536330500332885
-0.7090938797591004,0.08203598056647411
-0.6877740412466161,0.0943687150698491
-0.6743090258158457,0.14968594077250028
-0.7347672610086168,0.01993550665708879
-0.692241575219119,0.12058000239731227
-0.7321533221771036,0.12297061453785818
-0.7080144211292272,0.11804440696551724
-0.6991351188786918,0.1302258232428403
-0.7153665203698307,0.0793194564497977
-0.6849221594883986,0.133451940376698
-0.6770885995324235,0.12717066188559203
-0.7349799483001138,0.0909554424210902
-0.7286962953254225,0.06350397596240653
-0.7050888093434359,0.08322081622150733
-0.6916842613553188,0.17346242847652948
-0.6573848771673325,0.19601950790600164
-0.7091050172186755,0.09990593060398889
-0.7319607939675553,0.09718813366458864
-0.7263648439440381,0.042684587872782814
-0.7235945356579387,0.05933685935059776
-0.7312709146637775,0.09152852801523877
-0.6750341123718383,0.13206304371462407
-0.7311288383825703,0.09860881415928595
-0.6988477345702367,0.11872243044540755
-0.676934956146492,0.09555282501022273
-0.6707495382451443,0.09409711168410166
-0.7031114228859654,0.084498093128814
-0.7243033711435014,0.12422950612969712
-0.6611854712981592,0.12989646143966216
-0.7131171501258073,0.09001825652501834
-0.7134828584761974,0.11823035473747083
-0.7012587322592033,0.10238735090193589
-0.7180302230214761,0.13231207899329442
-0.6530748832581189,0.15179812058435527
-0.698156405973557,0.14027211213478297
-0.7118996723748842,0.060120460258277504
-0.69304924528207,0.16306122352521663
-0.7063172039207749,0.15954447032708122
-0.702097851132196,0.07986284637832848
-0.7005760091771104,0.1456274858774022
-0.6577596715313676,0.17391173206666397
-0.7029116253517733,0.06057355035794671
-0.6534615019047141,0.1437640938434529
-0.7308056772165615,0.11550931247259012
-0.7124516352424779,0.1066570411115113
-0.682393316314514,0.18369607292324733
-0.6529074849622845,0.17050920798779817
-0.7411398691939686,0.06724301215191494
-0.6942646377577588,0.18069654258766965
-0.6369974055436642,0.1805312597973926
-0.68140318921066,0.11571583779429825
-0.7289808433872248,0.08758417784600919
-0.6477576229484766,0.16909136223997484
-0.7073746298950772,0.13160144708042318
-0.6529537226679331,0.155810144593423
-0.7384955187585707,0.04411291016016394
-0.7456284765014585,0.07211636491487411
-0.7587156455094506,0.031348439015861124
-0.7011541141694336,0.04823725191201057
-0.7039746028083069,0.12869836194583326
-0.7236085305094235,0.0527022197190122
-0.6893571458393787,0.1635097905594903
-0.7010064302463274,0.09464444173029943
-0.731503554069564,0.04184233731911558
-0.6687785271969285,0.13306836416924592
-0.7181554076286751,0.10314048884067666
-0.6748886171265908,0.11433173680375246
-0.6642263102702061,0.16054216812704772
-0.7084291361325624,0.14030157511235672
-0.7087951776009046,0.12563334278400604
-0.6859440604886375,0.1393553343675007
-0.6923382824284438,0.1663059749291878
-0.7048954673959957,0.13468562564527345
-0.7167850323770746,0.05421482975381521
-0.6775800256277601,0.13854302859600118
-0.7016975109898874,0.04722815513398348
-0.6993208913720694,0.08772816071224385
-0.6910055976677412,0.17791395301987384
-0.6661097478440371,0.12682986722869496
-0.6769577403743627,0.12535934773283802
-0.7398423899692594,0.11595391453576759
-0.7021883617704229,0.1518183192764611
-0.7076844279110325,0.06772507573465297
-0.6781481266466515,0.14788319902728117
-0.7285535990034034,0.052847822391103666
-0.6874368781284595,0.07235912591942653
-0.7076574645661456,0.08918278554230276
-0.6814515690998929,0.1821501139624007
-0.7202784655919428,0.03914326702308701
-0.6851453325215232,0.16837796282953604
-0.7515015078872731,0.06364442747650931
-0.6890243288210411,0.15260319316072496
-0.7233121348063486,0.06378801934012628
-0.6825394859871773,0.12103127503381783
-0.7132740974645642,0.11508121775082192
-0.7261573591136963,0.0882072804046669
-0.6890863232793121,0.12225263618242707
-0.7149575437945926,0.08665373212106701
-0.7302312139144123,0.0853993928385759
-0.6897949167368236,0.16812349071166693
-0.7012900877969965,0.1332191286698004
-0.7383445799739706,0.03129870549872533
-0.7306442336268409,0.08001048628560851
-0.6961208767180591,0.058526357394153725
-0.6968978498190721,0.13215563130288674
-0.7013007945636504,0.10200261288070755
-0.7013291266939305,0.14855709932700728
-0.6878181432803753,0.14084502797669005
-0.7036895093303789,0.12158720456361041
-0.7050784362177708,0.09825435305802956
-0.6942236325049204,0.10738947563890587
-0.7213312402800414,0.10850448557682918
-0.7231396885708812,0.10975053336766914
-0.6730067261266095,0.16762894505663012
-0.702425521567397,0.10545713444391114
-0.6681128328314442,0.15996055545743468
-0.7008931203006633,0.08048373631656548
-0.6907131218055901,0.13982720651827427
-0.6591015866226055,0.16112997900114176
-0.6743965520524767,0.17550882330472511
-0.7247709330014903,0.06317211179131633
-0.7061374775284852,0.05652911634733622
-0.7228449404510864,0.13081307432077
-0.6903137546067245,0.15451190572769744
-0.6843924974207175,0.15645132595447875
-0.7054384516805811,0.08605075995660898
-0.686777395914612,0.1007992719132008
-0.7072981212324172,0.0811018403891153
-0.7100688488518452,0.13860766966512622
-0.7334779774571293,0.09414528692458637
-0.684109740493917,0.14959684065419632
-0.6847192928406974,0.12796582788005176
-0.7073359184566843,0.10015169369318969
-0.6871071221177066,0.07891429592470325
-0.6792493074303854,0.14927150197444616
-0.7110153223944002,0.11014721091540983
-0.6432190574191101,0.18927336640664602
-0.63923389859745,0.15071161870803884
-0.715246002280623,0.10625787439542697
-0.7198445759403604,0.1507198069535457
-0.7186395223255001,0.08475932491092995
-0.7224314997167647,0.13851259288614443
-0.6606478866538582,0.13940819446379732
-0.7454544642933464,0.05238645821929134
-0.7127402445130603,0.050607192974219714
-0.697024618952965,0.1434205687564044
-0.6472428201859932,0.17361039440050477
-0.7157558869264854,0.12756724989916027
-0.6608734554148783,0.10814449138302026
-0.74524698552845,0.03644983450574313
-0.7034821424786075,0.12300614137341087
-0.7179332238884841,0.056065295065254185
-0.7300310041363546,0.11516391800636756
-0.7144415358180989,0.13000288083947711
-0.7006405819271452,0.07172528515109844
-0.7025933257566322,0.05456113742332822
-0.6719658741231492,0.14580920192938968
-0.6977102834389118,0.1708453503362727
-0.7341426378537216,0.03127140415625023
-0.7208096411343812,0.08042442091756619
-0.6961480267900881,0.10494153143262316
-0.6754637520128771,0.16954498211332322
-0.735071833952484,0.10224058992411819
-0.669379418531762,0.1803725634494097
-0.7232986961063282,0.0686061798707836
-0.6661975284498824,0.10922092847522222
-0.7046968553585174,0.037755064017046494
-0.7069059095846749,0.039201604480177385
-0.7014727000649222,0.11848854615332392
-0.7654855710412987,0.022532541061277465
-0.7293593082793132,0.05506100920177591
-0.7283300908555077,0.09493620534788366
-0.6666006579999811,0.15579005068170873
-0.6947575534324588,0.09985552230461239
-0.70158943547884,0.08614597407822272
-0.6910122824976265,0.10991617323443358
-0.7219789351119151,0.13701528501375224
-0.6674015049557969,0.11871848125527498
-0.7116205069748849,0.08473492879456405
-0.7069052138871492,0.15962789426542334
-0.6874428394610851,0.15450999208859942
-0.6896864163448652,0.1391255920799302
-0.7326974472019544,0.06947752803898173
-0.6635834539858622,0.12341639665100904
-0.7217515786920798,0.05658265597753876
-0.6924640285070156,0.1236741456876625
-0.7151797123162551,0.10362976634688582
-0.7221735425973395,0.08268658579886096
-0.6796563681801201,0.1383187251467375
-0.6870759148633659,0.12698797058287925
-0.6630080667751337,0.1520491697208841
-0.6811893385137808,0.11372217642153824
-0.7153306835375653,0.06898053851383923
-0.6810880717561266,0.12286661278455174
-0.6758404408483564,0.10484417386219182
-0.7285780344572583,0.06624068421424592
-0.7360603094794672,0.037806457344537664
-0.6749052362481628,0.15431888209134564
-0.6547617785626406,0.1275014406031248
-0.7066385457818899,0.09363102777137336
-0.6940039021638241,0.15381329411624217
-0.6631635320049157,0.10363360934690928
-0.7297930580875657,0.061431665077178496
-0.6950311171924454,0.10730465808123803
-0.6863984108906483,0.14256200224819035
-0.7312390011178845,0.10810419284351419
-0.6773165744797593,0.17347723310487928
-0.6971495058292907,0.07165907159747177
-0.6750185376247446,0.1571003402704055
-0.7025156410316141,0.05294673016389137
-0.6764957990291749,0.11706534783777217
-0.6632887430382192,0.13507738950815842
-0.6957807716587894,0.06749078396572195
-0.7053214779682235,0.14118000215718882
-0.6561365527281806,0.1613790941883169
-0.7535094301176538,0.056136413151047296
-0.7351662743122799,0.06785002580294658
-0.7340093254847603,0.026007909660758364
-0.694290868104843,0.14406009643835796
-0.7493657849914406,0.04049071983043309
-0.6954593893617522,0.1379858509843156
-0.6953571590687624,0.07466947048244217
-0.7266248595337289,0.07309723085678123
-0.7372152046365514,0.06759389061928146
-0.7378799502380858,0.03547850523584703
-0.6993202084764034,0.0575935038990991
-0.6899059400439249,0.11203669314124572
-0.6934975046088262,0.1470344664119683
-0.7382789722142027,0.08257606820965105
-0.7365074599028895,0.058189577609709824
-0.7139793075000932,0.07655623302830779
-0.6876817573566061,0.06581354432377859
-0.6735185523461148,0.16551781845584998
-0.7390936742039097,0.0821853842617389
-0.7281708461466074,0.07302262812604725
-0.698101120783244,0.07627758690670458
-0.6962009583120663,0.14191198450728665
-0.679029376859731,0.08768453972485156
-0.7044923820065465,0.0883441829424515
-0.7157342669477603,0.03386608227571115
-0.7140917646776568,0.13586071452104015
-0.7238604881229211,0.07233973169337835
-0.7082774211299198,0.04977324129502932
-0.712116745363236,0.04141404391119417
-0.7540047169296613,0.043833240095929545
-0.7124335242079002,0.1483607272108736
-0.6959728833854019,0.09769751412303544
-0.7175205408457712,0.0447093146773949
-0.6960223861196392,0.08433647388978957
-0.6550100753940588,0.14481631824520957
-0.7146310260081156,0.1285131974863691
-0.6873870394311081,0.08864461766489401
-0.7194365391657964,0.08344427489507729
-0.724690067203081,0.11902021247022958
-0.7071089374103038,0.13464655809006906
-0.687848439120735,0.09487300527612987
-0.6831752111840814,0.14255904572378666
-0.7072622523561509,0.047828553791032645
-0.6927528092274494,0.09632839028471386
-0.6517346726581152,0.15475725778442367
-0.6976212878928836,0.13811415290503795
-0.6804125172026709,0.13134053586390157
-0.7023969539503604,0.04635327411513698
-0.6964625326132136,0.12750105415270704
-0.7085203618198914,0.1297305530355557
-0.7101429227047039,0.12356756964220203
-0.7057353639314563,0.11775901375384355
-0.6939744118619983,0.08432271442749356
-0.6813881165962664,0.11742805045435732
-0.7400989394003148,0.06783969950989831
-0.6861303030274222,0.09576738186896222
-0.6899880255406,0.13270446572875505
-0.6583729684678253,0.1867970959978209
-0.6936645195717716,0.13350474771590082
-0.7040983387652477,0.11784613231452352
-0.7248675061176204,0.10756202485455002
-0.7289978309823062,0.044040994057754884
-0.6790758395671213,0.16927239819050804
-0.7005325929375732,0.09843006478770196
-0.7156598777765377,0.04761856686211575
-0.6753435194163,0.1030047477486933
-0.7202874697378081,0.03201471072719512
-0.7070406114822971,0.08939411714130528
-0.6763140684053058,0.11884439660203173
-0.6706482818565855,0.14363142193115752
-0.7102963295054456,0.09646043458008782
-0.7162413727206395,0.11843071991187672
-0.6947810773178572,0.10287541723325856
-0.7184240471865843,0.08804203203619913
-0.6986750201280011,0.15782328265109502
-0.6644927661026875,0.13105935044474157
-0.7286061130100223,0.0751748109230715
-0.7304879660652616,0.053822853838505776
-0.6937352766002776,0.10319390154744695
-0.6313846684184505,0.17231573538262682
-0.7297891270941171,0.04273857311714749
-0.7032154754940146,0.16024486817984362
-0.7186119200899754,0.09113437348863299
-0.6995202442154341,0.11748540851294974
-0.6823522100502589,0.1672095178911666
-0.6927949433465475,0.0950905193067553
-0.7299776325931616,0.09403922956094093
-0.7439285780632711,0.049968203320644486
-0.7345078497679874,0.05860539988036937
-0.7028177133802891,0.09578630489596757
-0.6602553502514403,0.17759101623793944
-0.6887105223610704,0.1435539808719734
-0.6485345891179869,0.1592401314909744
-0.7046348330384602,0.09606187777723864
-0.6878231525682997,0.10515870311670847
-0.7115894129835073,0.10206401634217972
-0.6902421775861405,0.09799194566248362
-0.6828175448066726,0.12689045537660687
-0.7073644520137883,0.1390260135732
-0.6904094496888615,0.121967412778362
-0.6600064004926164,0.11584082960812092
-0.7262538660343332,0.02985329875637388
-0.7306879599008006,0.09056324663538776
-0.7071815241612713,0.10969172155977709
-0.6718918860156222,0.11253156897977502
-0.6962008637848749,0.07549789901489332
-0.6560595788349038,0.18219488445815094
-0.6657484813870755,0.12412047214873057
-0.7131071202153287,0.09047966473271303
-0.7082750475494063,0.0743136450765622
-0.7070328229066334,0.0880538606120524
-0.6881795386803425,0.1425355039949683
-0.7246911735637575,0.12096015265694636
-0.6809413289221995,0.15120964484425248
-0.7134429278301873,0.13164374674494603
-0.6894422412153163,0.16766588644338865
-0.6882651999820079,0.12827608928564477
-0.6649422999694187,0.1516896111214047
-0.6821534346722404,0.10052384937764516
-0.6582613542799449,0.13556296362936915
-0.6725070277235877,0.2010588373399183
-0.6866585751246653,0.14835582295532618
-0.6841378947219413,0.12802358506071393
-0.6893135569645669,0.08518847168855904
-0.6538825371697242,0.13527530020945577
-0.664897330257986,0.11758697546408764
-0.7165649746063237,0.11462157150371881
-0.6773625557930307,0.1647645069858163
-0.6791497298115231,0.14266361098997887
-0.6857654243976006,0.1118760598360671
-0.657247154818459,0.12509651107712882
-0.701198414768974,0.08564571399424926
-0.6955721245527903,0.09674156999708997
-0.7472464153362226,0.09699763137589615
-0.7494281195647847,0.07070076732438832
-0.6964281626386439,0.10440826950907847
-0.7291206220521053,0.06418588207367305
-0.7368088216361555,0.12396728295196036
-0.6902198970649736,0.12143420851073423
-0.6880033982560533,0.109631087966604
-0.6931763385175568,0.061522838741125366
-0.7381256044125797,0.08660877995522415
-0.6576770403753607,0.17131315954296547
-0.7270690131163062,0.12529551354102333
-0.6576441000914475,0.16617335308050968
-0.6616620344298647,0.17853068320941998
-0.6824777865929017,0.1528181961381843
-0.6878409739595551,0.13694858504444254
-0.7261078884926211,0.10681507723440799
-0.7107701396128806,0.12717851525753462
-0.7058543181994987,0.09891258224583906
-0.6957598965376708,0.1147780431395413
-0.6686546882881785,0.12671762658292926
-0.6788140523356518,0.14089581683471414
-0.6761464484600304,0.10979665086671839
-0.668961912012003,0.12302567936090722
-0.72194969057802,0.11259477180762902
-0.687087754782626,0.13609540293091468
-0.6507002884058793,0.15451190059612707
-0.6563109198405765,0.1616748779098513
-0.6918401385531728,0.16824708677032618
-0.6798388946046434,0.14169517405842305
-0.6891408687821259,0.12903086022732815
-0.6735392439958743,0.12696235638783313
-0.6873984258287599,0.15105022179897667
-0.7219631427660128,0.08650841665240137
-0.7319578276816371,0.04004013524694902
-0.7191926737191172,0.09535941788114713
-0.6839336545755805,0.12160147538530146
-0.7287298522816309,0.05827951641425962
-0.6852123830463797,0.0771518161159788
-0.6722182433640654,0.11527657497718542
-0.6973240752072979,0.1395520928344052
-0.6703593926198218,0.11306111346638313
-0.7043202499364757,0.1421776337956284
-0.6939078514679083,0.1165295016986162
-0.6546600029904208,0.1451740493917054
-0.7050634640986544,0.053701856821121906
-0.7050880965015704,0.06781630632796556
-0.6938353443981374,0.10093620787004777
-0.7230324547050203,0.12681429900333577
-0.7049372378499171,0.05820326085818006
-0.6772727433746635,0.09730467466803758
-0.6893045103906164,0.08855015768132174
-0.7159854974900279,0.07752230764027848
-0.6773424381197375,0.15960164265421398
-0.7503399525725934,0.03957033460621585
-0.7004458246765997,0.09805950262841548
-0.6509530436147618,0.12573029316691903
-0.7161711811725913,0.08505159651715564
-0.7349893069053771,0.11282155886221316
-0.7089248961754901,0.0823069738321904
-0.7215048980988648,0.08440976940786682
-0.6844969134269633,0.12784245890616136
-0.6954305382333366,0.15316545941923956
-0.6750122137932789,0.16884660374464344
-0.7035416131277952,0.06987936426006024
-0.7170237014191732,0.07138196099527992
-0.7353974603904768,0.04080880638552829
-0.6993205643847754,0.13912268018171717
-0.7341632252689686,0.08927124215884455
-0.7050832282424164,0.0757334729976734
-0.6664501417730879,0.1502460291010577
-0.7147545720061743,0.0742408648182625
-0.7020144489371448,0.04260164177533638
-0.666014605148933,0.12660029849772095
-0.6761157297485241,0.10698701634322373
-0.7260386516009049,0.10488502412156066
-0.6527242866001938,0.1527707787556919
-0.6637145501341435,0.128740439187043
-0.7092831717525301,0.06970498737556989
-0.6718491676501007,0.14702550054279354
-0.7138797481043461,0.0688096256548807
-0.72471512579479,0.08989219458047143
-0.6971135459527726,0.14370080927010753
-0.6882842042011325,0.1428939337149909
-0.7078371705010282,0.06418161121718294
-0.7134619904327053,0.0959054719455094
-0.725759503904394,0.09730895989809739
-0.6999773133726058,0.08040453494318575
-0.6917791757655172,0.1183860461773716
-0.7248985556048568,0.11661115465047757
-0.7197899733769235,0.07996155463025625
-0.7003641742703355,0.10486355008659086
-0.7324377749457643,0.09315528432222171
-0.7201773216013387,0.14929699924854778
-0.7163500315106867,0.09951827922153644
-0.686847610024843,0.08534464339958915
-0.7066366895885003,0.15037039021323703
-0.7288776977819444,0.044367710830047764
-0.7377258463228891,0.047239115586279745
-0.634015252603665,0.1791693991332878
-0.7136676238568477,0.065803671232957
-0.6794778298173084,0.1688818596562909
-0.7213048007934946,0.04509102429754928
-0.6608835081415975,0.1385594244229271
-0.6996470132868758,0.12473943442528174
-0.705430845626018,0.07410060003487869
-0.6875683868415693,0.15726687909418735
-0.663349594797785,0.16219124550631636
-0.7245953199385013,0.07544970566047039
-0.6966094796311917,0.07316038550783377
-0.6766195703613989,0.1522505942413621
-0.7150343713155848,0.040571756855896944
-0.7098658028304585,0.07511349654322164
-0.7160613505886191,0.07844227311855347
-0.6863361576810654,0.12927882646098354
-0.7214731385114026,0.0781822767931968
-0.6702477733198536,0.14481999889497557
-0.7324036515288446,0.11951429633015563
-0.6642809120246715,0.15034427928571048
-0.7471705137516889,0.031237194593931743
-0.7253086979079586,0.0326332734167312
-0.6926732148570105,0.11841976083141803
-0.7058689845932182,0.13039704413364323
-0.71065928208966,0.13048259805216786
-0.7141095859356249,0.07981320238975172
-0.7387765620736259,0.04202826948463233
-0.7052132072077444,0.10889647105847271
-0.6859917028347262,0.11212229085740193
-0.6759616965298624,0.08426954764821411
-0.719094754263345,0.10679006514520992
-0.6683982321752703,0.14731316602921965
-0.7119953283801518,0.11026232765736885
-0.6788847638512228,0.10598144892861823
-0.671176236247497,0.1321411735098861
-0.7289362504249243,0.043233718222456786
-0.7334440965600314,0.0748425944610762
-0.6939475161757536,0.1213133432027706
-0.7115270476970893,0.07348617516525498
-0.6606533741723419,0.17890226979519308
-0.6995427121291871,0.14798819891096363
-0.6584940702210739,0.17422709881181012
-0.7244252165816117,0.031190250846712567
-0.6693844889529699,0.17186361591058752
-0.6898377785159744,0.10359115671907734
-0.7470926490578668,0.08078383023374389
-0.7198263650593457,0.0809210940741841
-0.6834098022198095,0.12343803057848855
-0.6805593472491417,0.11715686636594642
-0.6774749120522737,0.11888651296887254
-0.758317539869783,0.017216964961785413
-0.7101557158604038,0.13212775851285077
-0.7135912843887853,0.13775067163157834
-0.6769852499218318,0.14152141941432703
-0.7210392806305368,0.06002369411315835
-0.6886762826163224,0.13189765068317896
-0.7227192619839693,0.06480389133173615
-0.7034461077743193,0.14281479442363423
-0.714714491064741,0.12578934695889396
-0.6676899168686394,0.15260494740080718
-0.6706466821133213,0.12337531896867089
-0.6820443730307539,0.15684615107263697
-0.6650357564357451,0.1960955112822368
-0.7103181547919338,0.03825790532292057
-0.6766389906366941,0.17506177920164773
-0.7111781267561019,0.03394856306062979
-0.695019827482483,0.07532282068376626
-0.6924262618529149,0.13074690571054984
-0.6560024382948546,0.17873066626363804
-0.6957609754683173,0.11000027688297483
-0.6953004649495187,0.09673186876662991
-0.7066787425837703,0.09488849018387331
-0.7268807238023518,0.04429530387956398
-0.712537529304284,0.10943041245592355
-0.7032639132759043,0.11147500578260054
-0.7145514269104148,0.07040907357253234
-0.7054943543469862,0.04286467723807715
-0.6773957208309779,0.19899768803576262
-0.7189611387090575,0.09604101722783454
-0.6745313008091,0.10681837666212012
-0.7022501292629858,0.10706658464183627
-0.7258068890036823,0.055165726827062306
-0.71010488986093,0.16122373680686494
-0.6566169304018572,0.17270166739451925
-0.7102303776343672,0.11756401150041516
-0.6542087565759801,0.12339193953235696
-0.6999877147033807,0.099857214350063
-0.6988684613020996,0.09882717645226545
-0.728285001990278,0.0667449178036846
-0.6768680839394796,0.15069845015859282
-0.6698143018183355,0.17012249278279712
-0.7124648972443903,0.10397861849413897
-0.6998673796148717,0.11191067304157733
-0.6922228490145492,0.13471085435544358
-0.7001817354728965,0.12419044268425443
-0.6631770537609847,0.1588951777554864
-0.7159102867970387,0.1409579506907303
-0.6768991878144562,0.13557668568393652
-0.7248414789449137,0.07569755271559753
-0.6962623492879667,0.12464844847928637
-0.7003085153676768,0.08311614858449234
-0.6751051007698906,0.12566385924627627
-0.6777338413091306,0.12355239767432401
-0.7115505000688517,0.12173793753116967
-0.7131682171498122,0.11632152185941373
-0.6997548299088786,0.15105663313012835
-0.7237469403699929,0.03898894987190311
-0.6949022483505743,0.11449072523117963
-0.6962709436613536,0.16136179416317722
-0.6823939898261139,0.08889855189229007
-0.6988211874395249,0.11257350598128976
-0.6808647903807263,0.0959539997792434
-0.6994687265092877,0.15887123175270662
-0.6868646626193716,0.08975792435847317
-0.6906456476534708,0.18631877311373937
-0.6481600121217548,0.17325861633929884
-0.6533821312369065,0.13822183899940627
-0.6676175722905096,0.11670432062828452
-0.6846391221094112,0.09560001919627192
-0.7383363823874782,0.05921776236792843
-0.7066902028529384,0.0848609400772626
-0.7185167301654097,0.04635579156741774
-0.6947972685796266,0.07094697826597796
-0.721034835474614,0.05371169985025077
-0.6559106671705492,0.15446793891072294
-0.7104157311817176,0.13051062976751285
-0.6626077047444152,0.12464563621341153
-0.7248201679718611,0.10386971437601268
-0.7276615747366034,0.0733687967335034
-0.6941692788714324,0.1527895847788097
-0.7012603031491031,0.1477519487561796
-0.685306578516367,0.1587566455842026
-0.6910070071021829,0.12928841979045552
-0.6976674759908971,0.06417207705645817
-0.7183191842568923,0.0723669799275123
-0.6926122032218835,0.08626042267198032
-0.7285054030943406,0.09690715168128176
-0.6839966664603078,0.0913732686847009
-0.729480040623935,0.11300861888948625
-0.710470548181087,0.09567529654778793
-0.650451490815241,0.13978710124443394
-0.7312373904983265,0.06952014297878388
-0.6910819770349707,0.12451149019512565
-0.7463598969160621,0.08376526910894769
-0.6606406032947704,0.1345983761946311
-0.7335409433202953,0.06488910223711351
-0.6581215562854468,0.1688917738976741
-0.6779109659026612,0.11297283543081373
-0.6969162234205611,0.06460842886472797
-0.6439044437010436,0.16118192319170602
-0.7291733013047593,0.07800453369684088
-0.6660291699879122,0.15220510532118844
-0.709649733794931,0.05621141332650531
-0.6925875387631141,0.09000017851758124
-0.7221370207581436,0.13036741419654227
-0.7057269044677106,0.08151809482651606
-0.7126351077580442,0.074523160179678
-0.7149514463046949,0.07801605151358601
-0.6882175385354669,0.15425341747432592
-0.7460982830003747,0.04940177750109845
-0.7353912857177678,0.03979833009671666
-0.6686154045734385,0.15654486230738682
-0.7014739362957825,0.10634767999921338
-0.7146822608742479,0.10916639327848889
-0.6800557490778326,0.0822621390573578
-0.7446446803784138,0.050236825709317944
-0.6572807292207031,0.18074480621320868
-0.7190915359559978,0.11519569600250207
-0.7175251738932208,0.12529338540975882
-0.7109632203663695,0.13420546820614174
-0.6794423808983875,0.09810979625612741
-0.6870056581769555,0.136710642603493
-0.6951364495569273,0.15988441784106502
-0.6455217947268737,0.1561962843566058
-0.713151410878421,0.07529271116895564
-0.7222897315917335,0.06588715306170109
-0.7324962010350791,0.0404850969926375
-0.6785729072047821,0.13617965630253334
-0.7120712166816745,0.08315799660517459
-0.7305369794022323,0.059688719747180256
-0.7519105520755494,0.07198900477169579
-0.6947210009944329,0.13086375935026548
-0.7024779208604882,0.13023392408719967
-0.6886529996525159,0.12208839727008651
-0.6789104333941213,0.1322667798465428
-0.6622804418647384,0.15993453143802763
-0.706400097159028,0.10349389923342707
-0.7000090844967558,0.07224584934587774
-0.6882497347644001,0.14640608250657633
-0.6912962111645515,0.09960905585053069
-0.6819350414803264,0.12661495791361538
-0.7297801138296589,0.11130648120004115
-0.686282030446199,0.1405438428894747
-0.7012855959302968,0.10283105135573938
-0.6704276478861377,0.17836579908976313
-0.7068269100614207,0.1282270944168976
-0.7061899039514663,0.06593796505426831
-0.6832194553342864,0.13707220408756576
-0.6974567506626155,0.13963953536577822
-0.6621047180270805,0.12590264009955085
-0.744712884075074,0.026003513588800927
-0.7036166509539757,0.12259875382984319
-0.6880914334628727,0.11598240575907623
-0.7353424547206049,0.051176454386196224
-0.6857139887405721,0.11715335981058037
-0.658409172874122,0.1794849926138021
-0.7237268717822086,0.11423222903594157
-0.7087148995898004,0.05965199432968373
-0.6704285408307006,0.14225606223692563
-0.6999241471844513,0.13051379926921242
-0.7146578345629814,0.10980567941646767
-0.7197446131574433,0.1005220979453218
-0.7295237421228753,0.036669845356772784
-0.7195500607493981,0.08180069556683077
-0.7139088584320494,0.10125343713617184
-0.6858506610300574,0.15327053261656376
-0.6930199484949404,0.1303913631600237
-0.6844154051638005,0.15087996958010363
-0.714248583193976,0.07190591558181103
-0.7230568387947921,0.13361265121787058
-0.6907276613077914,0.12144828904701134
-0.7080307679653214,0.10154162801470429
-0.6577066960336636,0.14210622455168861
-0.7065478312649816,0.09482356401510929
-0.7077420007140403,0.11337779115127318
-0.6920898196492182,0.13307083424738622
-0.6911274891088925,0.11529147840855408
-0.6494938386215281,0.19810719747782776
-0.6570878175890305,0.16616033194679627
-0.710919682125025,0.12009708027496958
-0.6697005408051546,0.148639643500905
-0.7116485583547236,0.06521711754205402
-0.7215424807085381,0.06318519183348456
-0.6821386273077986,0.16064330248427153
-0.7131508191302031,0.10692477776127221
-0.7164226366137467,0.13327861406157707
-0.6602964995311332,0.12310876227939545
-0.6724016452243622,0.13988426808869378
-0.6831145271148067,0.16429657814590198
-0.7120717836090712,0.12013079664625495
-0.7221299662469093,0.0843277980799987
-0.7043097679748577,0.12453672186180455
-0.709168183779812,0.08483072969617499
-0.7537808640584265,0.08182467056335913
-0.7309267041393873,0.05909679293235915
-0.662968298790261,0.13554505981243664
-0.7259516484761273,0.09929582378573854
-0.7425964628441899,0.07141029413576008
-0.744210936197847,0.032669677428905745
-0.7396631372808566,0.1126773341918756
-0.7109603073353946,0.10717355911797066
-0.7279525455966908,0.08014066886028014
-0.6551437547075828,0.15359821514962124
-0.7016098468211384,0.06429829824018347
-0.6748602736908379,0.11198226175449545
-0.6928649569431766,0.14146469056315378
-0.711156171270352,0.06876709167331987
-0.7013786949017632,0.14425712953004324
-0.7097270316860648,0.11272516989247074
-0.6822898326018276,0.12095949937910414
-0.688466846829542,0.11269948624174703
-0.7027675512510458,0.08546772267603851
-0.6612887856086102,0.13839106107923826
-0.681400501550781,0.12775442314755986
-0.691461629932007,0.11991300420196195
-0.7060409351223921,0.041033080953335695
-0.726797594669265,0.058818580220302986
-0.6834362313357409,0.142930198879296
-0.7168306612630037,0.07851594159318742
-0.7328654806978702,0.08080480136926987
-0.6899046669370706,0.08237608853734422
-0.6865176949151754,0.14641454641167923
-0.6594032480546425,0.1834818664665598
-0.6754140138321187,0.19480102092519838
-0.6792433050435852,0.16862690565688726
-0.6898889170084482,0.12796261277230384
-0.7520170541110421,0.06368063871236672
-0.7141795210992014,0.0977016105664993
-0.7018039054047057,0.11022079758596995
-0.6710133472763252,0.1382088473385847
-0.6590010186790964,0.1339321034060915
-0.7421993821242187,0.07507100810090683
-0.686846764568479,0.12388028032578072
-0.6862957074299871,0.17756849419303836
-0.6791274777510686,0.15373000443553406
-0.7047513796097484,0.06503455530276667
-0.6855851692148948,0.12095086894236239
-0.6995677980782526,0.0437262497286969
-0.6960997213399492,0.13663911017829797
-0.6487104540497937,0.15567607856038168
-0.6721239588031276,0.16319663884432484
-0.7119972032532399,0.10190884981088943
-0.7328576440211628,0.10907614068611553
-0.6787404466831974,0.10071084619486541
-0.674857213118547,0.11490160775261478
-0.6688470954374319,0.12467964664756638
-0.6801988969235933,0.1077924135608064
-0.7059484241493547,0.1335373415914053
-0.6899010244170686,0.10456872556518773
-0.7021474116805225,0.06895412719066144
-0.7175092237437818,0.05545113633744576
-0.6766246021087341,0.12895222964045597
-0.6981437813640504,0.09385847782099072
-0.6905513214332413,0.15828149388331908
-0.6667535840380416,0.18606483533580137
-0.6745321743400613,0.09964644549409918
-0.7006065716241423,0.12213665769033845
-0.725044272372557,0.09788839883548563
-0.7211273869324155,0.07236423535732676
-0.7053362470982468,0.12198301817636843
-0.6814408784379585,0.10093877440182847
-0.670455869681687,0.14410871327217728
-0.7284681382499129,0.09098289960546353
-0.7313548075287112,0.06963201419957347
-0.7059215240893348,0.11329949921809164
-0.7031667694733644,0.07209603913437529
-0.6937260721038946,0.11198518790881885
-0.6941187046835182,0.17189725691757415
-0.6717921995083441,0.1511112917173867
-0.7092797179624846,0.09764690972756235
-0.7128514974117188,0.10576332869580485
-0.7202057412821098,0.09317561531344724
-0.679155026431766,0.07338043225787708
-0.7175023743544857,0.07417987818121338
-0.6971581294763881,0.17376988577342764
-0.6987773594310048,0.14475415235037123
-0.6891453048670253,0.0632825780338256
-0.6656903818343182,0.11346339841819825
-0.6915602515542757,0.07068224629252258
-0.7115207174229954,0.10058936933513361
-0.7202380325575276,0.050618335836306504
-0.7091544536679822,0.09198437980459512
-0.6937962481920563,0.14934969486246236
-0.7113241847681617,0.11163875014738557
-0.6977470939070483,0.06917427727075201
-0.7133562845225954,0.09109686565828011
-0.7285842303425402,0.09674195750142515
-0.7101162919983963,0.04005363218816748
-0.6889509316839441,0.11423266466787887
-0.7085356010438822,0.1141840153998446
-0.727369416361766,0.06275492693321738
-0.7022766197177266,0.08349090532897067
-0.7150079931095584,0.09274299877406743
-0.6759181605584242,0.14733946469214212
-0.6885817501588437,0.15138360828323472
-0.6921693790761045,0.10966389313137823
-0.6587208627392277,0.1630144113123294
-0.7195942855734483,0.12088587272654816
-0.6529170211505929,0.13265608424538503
-0.6837182469850202,0.12982830449636687
-0.6504512517227964,0.14885039845756445
-0.6779358001737192,0.11542984559431861
-0.673625487869854,0.0978252776551628
-0.6526653477462114,0.13993478896217357
-0.7231751619636287,0.03302828745741373
-0.698305146217539,0.14406554115643003
-0.6820051876059393,0.15344391240411312
-0.7479766428211971,0.05178697302734704
-0.6819960623944449,0.1336321128295153
-0.7313848362467875,0.0647355832850296
-0.6547927365507826,0.13093575666252394
-0.7117435576266178,0.05443758800895132
-0.74661162427229,0.06147813314848232
-0.682556285219944,0.14684117564723204
-0.6753001702841924,0.11270113186630222
-0.7164158161644884,0.05777336277864851
-0.7113339963031269,0.09683966469699613
-0.7052671898834698,0.11014882232329017
-0.6909026494652337,0.08525943945780705
-0.6839496266338249,0.15884358015536199
-0.7057264096691922,0.07241353957295107
-0.669053226163869,0.14269325284710813
-0.7005779523641376,0.11671925754163752
-0.6648587201961919,0.13247928643281326
-0.7099333012823019,0.1552209778057487
-0.6575782172716909,0.17756412171894265
-0.7037199429823174,0.13016241063469522
-0.7331139489060118,0.06349093983445125
-0.6691839747388302,0.1486692399966745
-0.7011270335437128,0.1487214265335816
-0.661681149491043,0.12995641955704826
-0.6834883828223672,0.1876776811432496
-0.6957908390471903,0.10058140329596582
-0.6911802701646563,0.061520472575043096
-0.6964837403161545,0.10058509019175682
-0.7028859072720266,0.1344394379382488
-0.6698213326228166,0.1562415489136269
-0.7176761309202685,0.11379200138381718
-0.6976090070047701,0.08306622889716224
-0.6778102960152248,0.09150495232915076
-0.6653203677026737,0.1569817677776523
-0.705386673318976,0.09383335883989351
-0.672658173622492,0.1520406296355833
-0.6726150128000061,0.11456906520697942
-0.6518125402662597,0.1661356178096191
-0.7085536318819162,0.0828356791599885
-0.663117171155566,0.18817093933667106
-0.6516379166938642,0.15041334135034543
-0.7244220250945128,0.08673441476565841
-0.7009012751956332,0.14347500248342746
-0.6868381345815527,0.1710434586918635
-0.7024359608217785,0.07951976129841974
-0.70467875804236,0.10229964535688509
-0.7121078821930394,0.07304485655384019
-0.6925524331684989,0.10240094919104846
-0.6973243709242205,0.09943255587650365
-0.7148451860139452,0.07482289247852525
-0.7174017822095224,0.06893063926569218
-0.693411038354216,0.09525075855104853
-0.6837635204186964,0.13877513279074397
-0.7035831444643169,0.08460714400953068
-0.704090619770543,0.1075937020216215
-0.7170548388770163,0.06609283103351313
-0.7123432018400554,0.027276569399835474
-0.6574434125924385,0.17916402101609524
-0.7264321402321084,0.04190175685834432
-0.7169068205525749,0.14238006768227265
-0.7044207074979056,0.11378982289656095
-0.7158732906589383,0.03340776875032873
-0.7361074653771477,0.08032985516531078
-0.7008865483080992,0.11219365625810587
-0.7217433190096783,0.10415171389531712
-0.7180235463761554,0.10158658688724916
-0.6712424296871472,0.13869524198503946
-0.6573409619430435,0.15725774778310186
-0.7194633784721723,0.1170867535884267
-0.7437020734239684,0.04850713185034629
-0.6697230418133812,0.13896176281766845
-0.6873019753293982,0.07146735768495417
-0.7123563996997067,0.13388901447638796
-0.72367855716002,0.12207797732215028
-0.6901056823143507,0.1784316049581507
-0.6947053338328668,0.11217514732756684
-0.6835361610628871,0.12980769209023868
-0.7251946041857763,0.09873670942450395
-0.7172559575825501,0.052875791313820926
-0.666833844041796,0.15896795625694238
-0.7210737422952324,0.04924787900891474
-0.6936747182158948,0.1483459630777523
-0.7053013324820244,0.09037190824474074
-0.7005818370552105,0.12271749427196627
-0.6931572863268151,0.10983237829050296
-0.7072287588529781,0.06837690491785843
-0.7432394046294206,0.038465147183917296
-0.6901216799327363,0.17171700000688525
-0.6780346313193834,0.1146105900062491
-0.7023083357330321,0.1249994485833736
-0.6918412346740725,0.12358461208570626
-0.6942313793895617,0.16935256773610619
-0.739776502974959,0.037906679209893344
-0.7029561453999749,0.15733269425614854
-0.6904471175821835,0.0854214700810187
-0.6585537559016209,0.14328793834757123
-0.7161325676050732,0.03824096131499993
-0.6720549531897019,0.12349856430900925
-0.7275829012938333,0.07290040554271458
-0.7293828072685377,0.06094509702839051
-0.6973437217562153,0.1700369889665541
-0.7156973543772911,0.14034549749073222
-0.71275300475828,0.11826943576474837
-0.7457056289088841,0.05882088776969806
-0.7523804725796944,0.05023678363561484
-0.7377630591956308,0.06487906998598793
-0.6922411577611771,0.0917759022787735
-0.7538748188366307,0.03439559148902765
-0.6609329145164413,0.12612368621968265
-0.7048143701028289,0.1516644465329266
-0.6486708429469767,0.14318701617823362
-0.7013721018082884,0.08953800008642317
-0.6920555193081238,0.08629904942881238
-0.6908641702652359,0.08339855164097795
-0.7187971305459263,0.11261435739505421
-0.696149093310364,0.10736791475077202
-0.7474684882066056,0.06642373415344205
-0.753407573622218,0.05928341775767405
-0.7178955516523766,0.10988924042883616
-0.6872461777696961,0.08464812918243929
-0.7084309279600126,0.06293979105501127
-0.7231816124889998,0.11838124232420363
-0.7072788281489133,0.11082517896015125
-0.6940659736261933,0.08984099879711747
-0.6756239688169565,0.13059802995043746
-0.6795104414799151,0.16900551423532828
-0.7263536538799497,0.11226155855602835
-0.7270569831714687,0.07895476306154511
-0.6755061934845166,0.14008736384993217
-0.6680058338529579,0.1563024950616073
-0.6690105593300193,0.12434220557708794
-0.6654248330173712,0.14442379703559774
-0.691989685078114,0.07962328268336492
-0.6989496877211792,0.16085854080342996
-0.682625235282719,0.10509980497438258
-0.7109048152276659,0.14122643497356213
-0.6963241965826741,0.12697674179411617
-0.6912384506492324,0.15406146029641102
-0.6956799266888871,0.12129489147083218
-0.7078056148299932,0.10476708659522625
-0.6939496264313947,0.1349714750806174
-0.7241630287290755,0.049622967914972914
-0.7072226253082544,0.09359425780530341
-0.7202169228159464,0.05812210502788629
-0.7337106379053018,0.05849003197986492
-0.6793651959322016,0.17065925961666878
-0.6687977035888217,0.14150571105388
-0.7006229181489699,0.08188535300703133
-0.7052756544948449,0.14865663825702835
-0.6944551919366709,0.13270794908666064
-0.6546638294693953,0.13513663574275364
-0.7014906803639855,0.13361395785738117
-0.7282967128351849,0.052645329098938126
-0.6612021423747064,0.17291465320901142
-0.6767344425373659,0.1779707445336382
-0.7199689463725462,0.069805208331288
-0.6586082676296465,0.11743472627105565
-0.6858476032738005,0.1617552608195722
-0.7325821406560378,0.062049434629051506
-0.6864215514816269,0.1255354265846437
-0.7129604933065365,0.1385201488221952
-0.7105765892767034,0.10857499982687015
-0.7066660065980909,0.1538012998928805
-0.6948572951461395,0.06445495966986982
-0.6946275540712609,0.09425767080725916
-0.6749643437631174,0.14787853641823673
-0.6647800248056089,0.15035573326351717
-0.6898131490365413,0.14115728642616646
-0.6553535905402731,0.14303507759681683
-0.684882757202211,0.10413092163985178
-0.7153704320734114,0.054409744936183155
-0.6791110516438612,0.14789289693185487
-0.7137615633252291,0.0638746315247165
-0.7098258519312197,0.11997484056211531
-0.6895464073985897,0.121996327830544
-0.7079274479614008,0.06997937256986829
-0.6952950888469953,0.11548775819489629
-0.6937026570115852,0.15616442052104085
-0.7143232718387217,0.08145362330735209
-0.7067668129144579,0.06512083679606072
-0.702384409951542,0.11461319699951628
-0.6822154270890386,0.11985073831357693
-0.694132987820719,0.1146833337155628
-0.6808950865295758,0.1644434903742914
-0.683208603987018,0.1492654714382625
-0.7166588697258905,0.06706035721965256
-0.7305239863894971,0.05810408727190375
-0.7389036053572686,0.05311857539409225
-0.7017928184736308,0.05365339051457533
-0.6998932900419301,0.13035267946051446
-0.7245487563603632,0.07675237814617578
-0.740928877777233,0.04296769718260721
-0.7412791509183436,0.10204033909422722
-0.7292319557790456,0.12409702618922344
-0.6537992538819648,0.1915305393962107
-0.6806028341086809,0.1572586237213144
-0.7224925389490257,0.08653026115616232
-0.6866963664574491,0.12392232499957398
-0.6897452124904804,0.135271654287739
-0.6887242029904932,0.1563493891177163
-0.70864992154612,0.04040378099088494
-0.7102232704834093,0.060083870604642556
-0.6695589156910057,0.1120753767819026
-0.7050138160225421,0.11443008277003108
-0.7098575102196651,0.06498690161929595
-0.7563150057831562,0.04019267198582803
-0.6814784706993955,0.08431447068218799
-0.6785134934203753,0.12233421157034298
-0.725264172526087,0.0813626682896069
-0.7110933259207644,0.098487009134042
-0.7234037999226762,0.0574289251771193
-0.7220848339294879,0.07422882623658492
-0.6966557867530216,0.09694642151813787
-0.6848891823743768,0.08425265564130661
-0.7304398211606357,0.08093456390411416
-0.7354527417347642,0.03986179142905137
-0.7222381427410403,0.1145419258018476
-0.7232852030364196,0.0995184499738732
-0.717423081026301,0.057229805530213694
-0.6855553709681645,0.1775679837786489
-0.667258697253696,0.1595821943274958
-0.6880559389173908,0.14898352304717158
-0.7104391276528059,0.11504896245910573
-0.7120910953813714,0.09010782496125601
-0.7258695718940309,0.06494842552525101
-0.6789990057675991,0.14088055153857432
-0.6926282220539528,0.10571541749574973
-0.7459292718679158,0.049757707933635445
-0.703162913482715,0.05787431858543434
-0.7053521989665086,0.14610108056529802
-0.6844864405957299,0.1423571553538476
-0.7230816344553699,0.07532884053033392
-0.6960722037254039,0.14756836737682108
-0.69546361156849,0.06816155710773347
-0.704163489124319,0.05139666401304622
-0.7317255269173948,0.06523948664971513
-0.6691281213406087,0.17920078313832574
-0.6890878638144784,0.14090687298636748
-0.6711518255549783,0.10782230240648379
-0.6973894699612352,0.06432982106428328
-0.6923900575259945,0.12849841958318137
-0.6775366904445753,0.18138455024865724
-0.7475437078524382,0.0239953958836028
-0.65497479019088,0.14089282214736568
-0.7075735757430991,0.06520247786373648
-0.6972800071920592,0.12582863922603835
-0.6443052854376496,0.13960220528336367
-0.6570604922102371,0.16828985637254837
-0.7011720428265864,0.059478666286358214
-0.6946567488539502,0.14229242525354607
-0.7214815156225208,0.12044188427091711
-0.69035605849234,0.15975147760994055
-0.6918745870468289,0.14792247262385755
-0.6599409483324384,0.12287797256897429
-0.6683490303899805,0.14949129773121775
-0.698398766603225,0.15791509290297528
-0.6853146692979069,0.10158393120311285
-0.6778965444732452,0.14916483121206747
-0.7017487075773172,0.1146384404922775
-0.6813900763780559,0.17994367282571305
-0.6809742779430872,0.11350030093719671
-0.7285428086712386,0.07191970893537446
-0.714435878927231,0.04080048242984043
-0.716593622825254,0.03802349980877947
-0.7533229256770853,0.07305891581203881
-0.7023991069896689,0.1376098186577887
-0.6998115971767425,0.1466753752318321
-0.683198933020737,0.14819183244590103
-0.6910581284725452,0.13915906192918015
-0.676542740947516,0.18047376168266277
-0.685050091460988,0.1787765209719416
-0.7125793421278345,0.11172506351196339
-0.6981250692307083,0.12451904402381117
-0.6794926885946584,0.0857394478045476
-0.6995425508628805,0.08918990259051279
-0.6703843871084153,0.09305760468270835
-0.6935816594281081,0.12789930945401365
-0.7093070008502154,0.09020979831081304
-0.7086378748628436,0.05922239697824286
-0.684493398430372,0.13605373281019198
-0.661124412578377,0.17144855875853002
-0.6950282777316505,0.14222439362712289
-0.7394814517502847,0.0947651019799741
-0.7149805050736362,0.06670348041003274
-0.6660967265318644,0.12955546128640189
-0.672807336817762,0.16991620630291535
-0.6831571584103563,0.09728193967223961
-0.6788778567973945,0.09462960169143413
-0.6687294869812239,0.17497864427374712
-0.7073240876138044,0.07231320272672234
-0.6718627378158358,0.1423372110752076
-0.6904119561971067,0.15416323660231387
-0.6804037938283796,0.135119041702771
-0.7098760573193696,0.08610158895147829
-0.6660920658073476,0.16495759849915312
-0.6481332188846982,0.18007151679570133
-0.6907074830662059,0.11156626414271564
-0.7080571390449684,0.05014619980306448
-0.6594407181039076,0.1180435690442881
-0.6780922231761694,0.15041722488459427
-0.7234689079350408,0.0753437647029604
-0.7407490882521336,0.04612815195627378
-0.724985604789359,0.06633431583012286
-0.7311867873196485,0.0679262102040763
-0.6996664032433518,0.1570870179297663
-0.6997752057335183,0.09331477301323686
-0.664252549655165,0.18936640381041617
-0.6863819340386353,0.08388115811762592
-0.641992502103916,0.1764216278883885
-0.7201314953355513,0.03555592793847291
-0.717500996951176,0.10171974834818344
-0.6853280787786354,0.16956030585075063
-0.7462858669346012,0.048840634289784676
-0.6910125861523799,0.11536752787560145
-0.6926681937784035,0.1279841351615794
-0.678761444011227,0.16359785314789327
-0.698420494058917,0.06893826029871222
-0.7180058157448854,0.04985960269444964
-0.685926912815238,0.11622886413555777
-0.6890956263455024,0.15309805204718524
-0.7074350153241208,0.06637449457593118
-0.7348650569970869,0.058414882643943254
-0.6932494229202321,0.13626836536486564
-0.6462140158248999,0.17737344587467302
-0.6875342755459597,0.11026920408973037
-0.742254096203708,0.034244914954007624
-0.7153253888879941,0.0676043873990079
-0.6943989172400687,0.15365054598697292
-0.7112188678146499,0.08178941591247743
-0.6990711072213723,0.08910184921339975
-0.7013487930772243,0.11827654059194906
-0.7123434917433181,0.14140718464684904
-0.7005823504473089,0.07791376968177051
-0.673804263192412,0.18062648749265856
-0.7050681634629004,0.07466101214286681
-0.7308320973587673,0.08919667182258885
-0.6826712956965523,0.1441953812275784
-0.712683231573494,0.07124690875955061
-0.7233342170676121,0.10908486207705717
-0.6897338927779765,0.15227341587394871
-0.6929614192475687,0.10859118861447442
-0.7252953604351988,0.0943467722626945
-0.665042689205486,0.15479778854437323
-0.7109909617190848,0.04565283302863804
-0.6873027375079378,0.10631321903777652
-0.7019543392288803,0.0724145140967526
-0.711396158394783,0.07048784668226278
-0.6979024999881904,0.09616354873513215
-0.708465112980256,0.0950289456861202
-0.6743462349574262,0.13729448934978047
-0.721310598154683,0.0769103067909462
-0.6635738844906408,0.14799115737803623
-0.6554977216419122,0.16102154727769888
-0.715408698163414,0.09587195160170024
-0.711263049089317,0.1154072050155416
-0.6645443851447956,0.1345798042633185
-0.6884362754961296,0.10559379135527466
-0.6925110608383687,0.13186818129754924
-0.7346915008882471,0.08681874358623105
-0.6969420743436363,0.06570483823232345
-0.6675727696324484,0.13130848877292273
-0.686594120496309,0.1583513277990742
-0.7088520014796109,0.055414252615556193
-0.6964506626761878,0.10620217148056282
-0.7065035832360461,0.12165382353276201
-0.6962705694266609,0.12713906115810075
-0.7255836785561484,0.05323131878533564
-0.7185147820549397,0.08502513716863543
-0.7198150858329364,0.08525469606160023
-0.7070967551808307,0.0981909674069735
-0.7108466096422931,0.09183778463176195
-0.6713648275877735,0.17927029808313688
-0.6729782471900978,0.16653063328084708
-0.701396199795063,0.09198523188931222
-0.6797125893723321,0.14777881019942515
-0.7145855227300157,0.11549940973750594
-0.6835180238498638,0.1479942313163522
-0.6540367512892223,0.1536011431904626
-0.7172417543195583,0.08184712381480085
-0.67512242937819,0.15468184749989303
-0.7270194736229035,0.03785224787280243
-0.6567828921540736,0.14884364405441264
-0.7222794415287023,0.04112122010173646
-0.7013605126893966,0.12447616166527166
-0.6670856716495008,0.15744919874091484
-0.712498788513767,0.06956977413239247
-0.7315798562775521,0.10678455454981149
-0.6672146855450047,0.16101246612201253
-0.6589069868467361,0.11708652317380848
-0.7159294014701596,0.08666203896069938
-0.6832269254725007,0.13002484487871707
-0.6500851209099638,0.17901246671975113
-0.6987309567029164,0.15441469364507648
-0.65927410534029,0.18350241918852278
-0.7179372149919782,0.11428207204160332
-0.7145643788927606,0.1271033187675486
-0.7064959622199797,0.14275471028279657
-0.7103013400595725,0.07581314682335305
-0.7163098836370202,0.06937747849308179
-0.7361876752202914,0.0665340277724641
-0.6557724878284249,0.14804153258762215
-0.6873850112413232,0.10190343552428294
-0.6712622076441315,0.1323631299708389
-0.6857961246053947,0.12985204659590754
-0.7121420359098735,0.08926699706384082
-0.7289645138379703,0.11105314000119884
-0.6655188308145931,0.12976327008220506
-0.6528658918136074,0.15886616308657076
-0.7123510430118197,0.14799209337480218
-0.690126483349806,0.12293473853228945
-0.6874164507116507,0.13133997650609838
-0.6972937330260288,0.07755108283136934
-0.7513093695267994,0.06765833424927384
-0.651116582337776,0.18099115464452623
-0.7044419391916877,0.09107714476039032
-0.6841607860975419,0.15600773897521106
-0.705108599275006,0.09215003609213508
-0.6731664546447592,0.13900166507375097
-0.6841924775177175,0.09729856289253813
-0.6770274972006064,0.11809649655717762
-0.6931029164940143,0.0829021011205789
-0.6742629159363464,0.1577907296462576
-0.7511858454440729,0.04648244151208125
-0.7234173321095622,0.11635693663411995
-0.6715180250755944,0.10352297931089559
-0.7095215500643659,0.14403189247752607
-0.7024853055580471,0.10215449939544681
-0.670715144491326,0.13759324182091828
-0.6676096399289123,0.1341817200466607
-0.6791144673393319,0.13563975358891264
-0.7170660295334416,0.14167400436693428
-0.6878825085464159,0.1299900920935264
-0.7404676086708609,0.06359577350639468
-0.7068785250766779,0.06480093926168001
-0.6998706519192457,0.14498074979211628
-0.690615297464208,0.16243037926456483
-0.7096088660323245,0.0937721153575802
-0.6620902961914368,0.1627214317668368
-0.7327443071222433,0.07693308247470346
-0.7218142884756434,0.09675837112274037
-0.7124376802104546,0.08594540397389377
-0.6957553020338539,0.14985353740884425
-0.6806952557034373,0.1436292287903444
-0.6636721534005441,0.17718182862328
-0.6554898148172131,0.17934412325932161
-0.6992115725018129,0.11299412783187139
-0.6768733228110214,0.1705142310332038
-0.6909583583272357,0.09929512249198247
-0.6554728687263042,0.1411028511053204
-0.7097282818530168,0.13973636935946693
-0.681918727733667,0.16643905222849142
-0.6945566960200472,0.10425144297045844
-0.7114702232080905,0.13100906230397172
-0.721031334691926,0.10276417626932483
-0.6726699074683256,0.15530280595458054
-0.7017941977146759,0.14774282413563405
-0.6928953440636932,0.1260299467582634
-0.6597922933018616,0.1683170313422746
-0.6622129052255016,0.13778525217467633
-0.7351764745355771,0.10526903658031551
-0.7182092059635871,0.0724626704152602
-0.7389284382077168,0.03834409400677175
-0.682781056946609,0.0899944538479472
-0.6689827927583476,0.15840025416258524
-0.718633404245564,0.06437885928062763
-0.690285688971291,0.1668609893676133
-0.6668684996746207,0.19078451085771025
-0.7234653167364776,0.040738886582512415
-0.6969553256473174,0.1252180931388217
-0.7141897610815682,0.07004794279295137
-0.7029495754772325,0.08089196303777045
-0.6738764398672054,0.1627415891168402
-0.6993462809213216,0.12964346871746765
-0.6858242584374732,0.13297212797867503
-0.7200197855293413,0.04365208995725211
-0.6930523831445242,0.09754358563051768
-0.6775940669889637,0.14021441408224497
-0.712304635889454,0.11998949718898082
-0.6846172696442954,0.1485354381732389
-0.7207793690301807,0.10124397323132782
-0.7164318048251271,0.04373674555347406
-0.7165432949745046,0.09552745825936265
-0.7040814315914601,0.09436583485234293
-0.7140737143694895,0.12066733967638342
-0.6432139116015675,0.18114956268922316
-0.6793316194282256,0.117633260497081
-0.6837418626386051,0.10281466630106624
-0.6736708374962994,0.14680695970661842
-0.6757913478683187,0.13969009789066897
-0.7010463552154051,0.09102355700438185
-0.6405371464908411,0.15431011990622223
-0.688337369469364,0.12563281663757814
-0.6860114481661289,0.08135813607944886
-0.7040379637574484,0.16110032376902406
-0.6784628393748663,0.12188918502864066
-0.6766810149166798,0.14237279284998888
-0.665430336143839,0.12457402739333541
-0.6886912730586126,0.10418620352510986
-0.7322775892341641,0.11603884341006371
-0.7037272515129606,0.06983589693300613
-0.7123402853589913,0.0823423976622954
-0.6855073663162681,0.14278967017675065
-0.6773381561692857,0.12645216023395947
-0.6833877676531022,0.11330429089390678
-0.7112847381699305,0.08503194572035044
-0.70842772163403,0.09717284566742496
-0.6970812404561056,0.08609843392223182
-0.7099349814902725,0.07820713688478738
-0.6973618754519493,0.06934843330429298
-0.7158024015878144,0.055576482668903124
-0.7481026016578366,0.04844065338969584
-0.708873668646608,0.07913867986579362
-0.6833931792724595,0.12079421132269652
-0.6884568317448208,0.16955783414987943
-0.7091586623266336,0.10796518772557934
-0.7041618235764113,0.09108995707328871
-0.7147951144385992,0.09885747989806973
-0.6902047829852545,0.06985048532490562
-0.6570260773036721,0.15791432788069168
-0.7251508235998471,0.11337491804304002
-0.67500398778592,0.14031968557836771
-0.704026249983918,0.08158431173916066
-0.7122061803192652,0.0515265982835896
-0.7125855767781698,0.05823438569273469
-0.6924164102351725,0.161488316930066
-0.6774295748255506,0.1394507893037057
-0.7053605116164359,0.10960995498746497
-0.6981843886136495,0.1708619299606852
-0.6956811473996487,0.13197854439498335
-0.6935968192703122,0.10403878026707022
-0.7416766023947795,0.06093000654623512
-0.7383678146686016,0.05823775280966982
-0.7015158346179452,0.08187354848613675
-0.732399789744385,0.08914700471808439
-0.7291190112331066,0.05112493460423284
-0.7054776751365103,0.1165801109384495
-0.6821424664169424,0.11639598940674944
-0.6961670084640471,0.10211585754256408
-0.710233912168074,0.09559803105388572
-0.6886551966514677,0.1448521173136817
-0.6885982539073492,0.1489809370471251
-0.7213806876713182,0.057644196601977296
-0.7145001350750205,0.07495116587465096
-0.6806623871613814,0.1766793595869115
-0.6793493888284075,0.11725330909374926
-0.6504258657010359,0.16175901740513887
-0.6865610773067222,0.12009568943364696
-0.6826034406589361,0.15175469224836227
-0.6853675695681043,0.1188918947782694
-0.6804084036113862,0.1178473752454296
-0.6759913276234472,0.11306414816668126
-0.6846219779255783,0.1374324413657445
-0.701162333483402,0.11383711524777877
-0.665040760520983,0.14314700985628304
-0.7216818952715403,0.10919647791983979
-0.6965476987168444,0.15102857675801876
-0.6449420059501074,0.16128407903319023
-0.7118779293484295,0.1198440328607111
-0.6567901821818377,0.12452379355586714
-0.6900627979506261,0.06978461225891111
-0.6894903909372756,0.06657296664248696
-0.7176779559623782,0.05874244965054661
-0.7179920326242374,0.07924827912873124
-0.7116974162767135,0.13752907361701772
-0.6933443073241454,0.10729321732850308
-0.7202732187541652,0.10270791378482388
-0.7257835533896201,0.09242505656600114
-0.7167305668492032,0.08586706694979361
-0.6955693043073522,0.08835629445190162
-0.7118611974369929,0.10694134296245106
-0.7004829464460474,0.068721720529374
-0.7027772664858141,0.15192749271788444
-0.7151746136498259,0.07466347520376856
-0.7002687634385689,0.1564939950055744
-0.7179190741119179,0.051112844697378854
-0.6959374053766682,0.13319235173910235
-0.705063527363922,0.12475858627137743
-0.7355610485341947,0.0745025725917019
-0.7164772985148085,0.07460569842638237
-0.7058990387966442,0.13494752312777425
-0.6689550897235111,0.14463431407731378
-0.7283850378606671,0.09766212977365941
-0.6612021008193972,0.14332351960284131
-0.7376148705195065,0.0447750761887607
-0.6672748086233038,0.13917540747834686
-0.7357807305941364,0.08770501292539085
-0.7175240683502091,0.13220480234990398
-0.6804004817212794,0.12919225812635124
-0.6707875074518395,0.13932819855193948
-0.7490643563664486,0.074065844536776
-0.7239531526353489,0.10345680188553542
-0.7172961100838968,0.026599147935250405
-0.7215535138094145,0.06871219216248628
-0.7061816721923442,0.1514590255175901
-0.739744856656025,0.08728278629180662
-0.6957423368936172,0.1247649522817234
-0.713477991760342,0.11941212932822293
-0.6824736090190686,0.11822755729242314
-0.7085917786576849,0.07099539253884923
-0.6622457933257955,0.13130445833537968
-0.746195853455732,0.024529203602867006
-0.678768174822446,0.13926532267551547
-0.6786620758199391,0.13144098629042933
-0.7169474613843553,0.09402389504359929
-0.7356989645350936,0.07197824577375081
-0.6778654422453744,0.18396641335461222
-0.6685284998028326,0.15536969494823064
-0.6884386022743493,0.09848283184656785
-0.6882803956020759,0.09500369076342058
-0.691736372631123,0.08497419555203964
-0.7057090758244968,0.08293027744056083
-0.6447544307968274,0.14896521315230038
-0.7073318220862892,0.10345631712833132
-0.6538758688397951,0.17097568691011442
-0.7243404226532596,0.07012097972857283
-0.6819708511943602,0.12875613163393287
-0.6913308326429765,0.09057113112847627
-0.7172273034157948,0.031296957432892694
-0.7005641570228628,0.07714281276840772
-0.7245057891862173,0.09917570905546842
-0.6722138610055601,0.1401343853152435
-0.7117543702225813,0.10050039821711286
-0.7016951455777574,0.09920582267162702
-0.7274400110307849,0.04546522323719538
-0.7050419956656007,0.07288284087093178
-0.7042876536343663,0.07738650176414397
-0.6793864569056572,0.1726687287424561
-0.6945676142047468,0.1464283833567497
-0.7152113101933463,0.1307269287079643
-0.7371524472095465,0.09316332576612286
-0.674299986118218,0.12995713696488406
-0.7172408530056171,0.1191342390695127
-0.6678229984156322,0.15202340167432737
-0.7249800187336708,0.04064639219722434
-0.7049812299288944,0.06890727418153222
-0.7113742807246026,0.09383749357219756
-0.7013829666763348,0.1419391484318841
-0.6930170279387292,0.16036465119208707
-0.6656711123325165,0.11265601875859584
-0.6994698838665466,0.1488015645194884
-0.7120055096213811,0.0813660675397231
-0.6941912224069486,0.08614558579651814
-0.6452450201188225,0.1346373339536971
-0.6858850695656028,0.11435200212611005
-0.7043534416537234,0.15568996382992145
-0.6773343951295628,0.0985645651245848
-0.6954187374900478,0.1556267487323652
-0.6817807047465545,0.13691613838079947
-0.6989362147914758,0.07315885458449745
-0.6941651016438067,0.12135813465933162
-0.7053672777051812,0.10419054275029035
-0.7189631801845985,0.10078047026247403
-0.6742430023979408,0.13988946834679847
-0.7356511272697879,0.06441413826465164
-0.7013236683714028,0.0985806860716075
-0.6877981907902311,0.07922266529292055
-0.6654294791557392,0.14865637894595782
-0.709509312456679,0.08639572554502176
-0.7201944603381076,0.05913392376170576
-0.7236870841252452,0.09766745581882522
-0.681595415288604,0.13358318070413933
-0.723700541987591,0.06122210203770394
-0.7021588163603466,0.06537364448930705
-0.6563162955470487,0.16103334453916932
-0.6916207850632455,0.1072993191445039
-0.6513643770444111,0.1717764214527484
-0.7073343582478416,0.050370173490647666
-0.6495568143368965,0.1594266553837383
-0.723978750742965,0.09572781741478367
-0.6540688952954856,0.13521478329444397
-0.7134454409359043,0.08826948389419075
-0.6961614514145915,0.08878498753613126
-0.7054045248867722,0.15287424093810506
-0.6728674652555524,0.15452490559582147
-0.6501315373506336,0.15623857669040891
-0.7016474628964836,0.10180291457188792
-0.6888888004143628,0.11708730652064774
-0.6847001451237985,0.13222900633054588
-0.6964997050320141,0.12312103541543673
-0.6949799694793348,0.10300991843684493
-0.6941994017824237,0.1344388491269362
-0.6767677310827315,0.15721157747681058
-0.7241537695911885,0.10477193983767666
-0.7036893352503361,0.13526696566267574
-0.6640323740592711,0.1433392680908747
-0.7077685744251517,0.13282902105970748
-0.7051660341400897,0.08171809174644193
-0.7352672013890341,0.04778626137240768
-0.7059890896222235,0.09835752373723745
-0.7287752531986093,0.08353169968500153
-0.7102721515429622,0.09232391281475945
-0.6920374307824992,0.15215726178202837
-0.7060140063399138,0.10039568843208145
-0.7137972003075581,0.10600631245277761
-0.7237697261142906,0.09451454862008599
-0.6986823145744377,0.07389133245458206
-0.6912619655901919,0.13052420440086365
-0.6728463381457548,0.11850617926040447
-0.708431689639519,0.06443848106277668
-0.6924720468225001,0.16394964819025976
-0.7283257615385132,0.10488036122897726
-0.7432263944818573,0.07512054127752503
-0.7097449496421063,0.11866229080867378
-0.6965642247579603,0.1557887903565015
-0.6794264399134994,0.11977824527128483
-0.6804935098578373,0.08197542969437799
-0.7061920901128913,0.14432776055003194
-0.6917963250660647,0.11989500213651955
-0.6971882540366637,0.0964542425352551
-0.6975755397501422,0.15307759424997397
-0.7002538995521856,0.10177559202535175
-0.7361798676176802,0.0323157418935443
-0.7008347290234378,0.10969424349600242
-0.7271138966743307,0.09875589787897902
-0.6909046438309717,0.07606405533822366
-0.6875579091882041,0.15389074427849872
-0.6585454323876515,0.1631689523390496
-0.6893366957323361,0.1535286004794983
-0.6926261980359922,0.13035934125778822
-0.7227305953082569,0.10831506622212958
-0.7483696459809909,0.08188896394396411
-0.6695450615652134,0.14617545046370206
-0.7217304740410524,0.03125525150008218
-0.6911192963272792,0.1607946474180907
-0.7189411143241462,0.09959703793700872
-0.6525311945972809,0.14316104963968437
-0.7139256080677264,0.09846565977608567
-0.6760175391177639,0.137210234522687
-0.7118221017233464,0.035666283876666906
-0.6889618653643588,0.07753851550883037
-0.7091043118546307,0.07189185409309698
-0.6945942922471227,0.11585586279819818
-0.6665531055813108,0.12662344168277678
-0.70768920152166,0.10095776441917194
-0.6630477280663475,0.1275495632900991
-0.7266584731858959,0.10036478963322487
-0.6982333928464468,0.17009076197418682
-0.6995700775578959,0.1371129453564346
-0.6990152777394475,0.14805082974828354
-0.707080923767594,0.09331124966958063
-0.6759262045456378,0.11377949499647455
-0.7109713125572112,0.13364045185671958
-0.6543974552066656,0.1669132877269248
-0.6844910603946306,0.157075932867254
-0.7096513346138524,0.07485710401089526
-0.709428214908368,0.10313364473866
-0.6661080627599667,0.14311142096310558
-0.6818890349833694,0.1345331014225664
-0.6995074001499668,0.1484288866938736
-0.7436326718381828,0.04257962790159974
-0.6732194811688234,0.1704711580866878
-0.7088735930121839,0.1091575710491995
-0.7267521325104213,0.10890558784650804
-0.6900384292538829,0.15445421325970252
-0.6966452346039895,0.1221092762998969
-0.7206499939387434,0.07717731756737119
-0.7137027880059895,0.04885876508093508
-0.7019335500641284,0.10489672158638667
-0.6868088228370229,0.09291763064478985
-0.7370218408040357,0.07732016654495179
-0.7196911769907328,0.08767209672597402
-0.6614170836641321,0.15021428895145203
-0.7057364438807628,0.15285489539312444
-0.7296400402178798,0.042578074924102115
-0.6862765762945026,0.1122390820927197
-0.7162615323045781,0.1441735123040025
-0.7315613477251367,0.09316103877424536
-0.7321145689753824,0.10895721186244643
-0.6858390196772569,0.13873814889732933
-0.7372212608848998,0.03505315156247154
-0.6850185073856078,0.11904760617120255
-0.7215077873968816,0.07697648963098418
-0.6678395963285143,0.19315486884133237
-0.7119678192425167,0.07398616537851815
-0.6884321089678894,0.12861438767127542
-0.7160255940913791,0.12668372649440177
-0.6785066798278618,0.16621125056627048
-0.6906361648290923,0.09018409502389095
-0.6833927275341328,0.13141348761497942
-0.691278055035469,0.16920607321694128
-0.6954834171129473,0.12217916816729883
-0.6563415608629533,0.16508330482724695
-0.669328841676095,0.1269169379978952
-0.7175350496029568,0.09339828766646367
-0.7055997327652034,0.09980553052867772
-0.7119705194020932,0.07240387591604187
-0.7218117802142905,0.03633441379112692
-0.7220670328868947,0.05858763870285386
-0.6823124133167098,0.07863194112674499
-0.7147614356701276,0.12321921234839245
-0.6678027556580459,0.14941654287680972
-0.6748893468797847,0.1565307083815293
-0.6679883633104298,0.11868658248162368
-0.7278139845857486,0.03543027521587406
-0.6787723535594656,0.10620176780267594
-0.7004366212329539,0.12526994720418963
-0.7195945722009098,0.06607217470400678
-0.7257805234467704,0.05813826567744959
-0.7001221819076487,0.10108586115606581
-0.7346434626650338,0.07966282614210415
-0.6829890965683538,0.09664064564760741
-0.715877083207613,0.11260160673058833
-0.688441557150117,0.13262785796042248
-0.6993706219971699,0.09799288953006377
-0.6923515632862737,0.06627181073787873
-0.6652050554004163,0.13625086214243567
-0.733366234935078,0.04122821185492077
-0.7289612624436945,0.11116278703532763
-0.7149717608977191,0.0750282477052451
-0.7121932767633828,0.10254012594473291
-0.6864016397688605,0.10957656337012371
-0.6937619792052959,0.12039050764111034
-0.6758441835690976,0.1395406473265914
-0.7188954937627785,0.06072936562940134
-0.691783813661951,0.13822217773442033
-0.6595261064969598,0.17949155678501078
-0.7106769524394972,0.08265389139476507
-0.7040901842017696,0.13774608502028238
-0.7135775564218212,0.09784177179966785
-0.7044097255201085,0.08021646297649586
-0.7128402815258607,0.06232521708578489
-0.7100528201060774,0.09710931445421482
-0.7105483721504273,0.05502781091280864
-0.6706462468421021,0.14754528346557366
-0.68981486924989,0.10632160275184699
-0.6782857828739378,0.15174685833580664
-0.6527366070478223,0.15506502027232083
-0.6753243269685725,0.16084134371164144
-0.6874871345038919,0.13660195204023598
-0.7285246991997211,0.07885410650466636
-0.683953120229515,0.10077848935747909
-0.7231982570899614,0.10102134163358387
-0.7379188686726723,0.039476202339602535
-0.6509421524381923,0.1363894356588995
-0.6959679515631788,0.13287536175298853
-0.7309502564887913,0.11099969742590181
-0.6986117661749561,0.11510810974593029
-0.6706671629471999,0.13637589573488718
-0.6446359983128226,0.17652276770725658
-0.7069315208692994,0.10050029154561013
-0.6947105543392762,0.09188675441178763
-0.6548897187457587,0.17076914373227056
-0.7243042965845594,0.07530320860389277
-0.7370422663444478,0.07190391880172582
-0.7030269551461723,0.04421464625300749
-0.7033423657598408,0.08150411286478419
-0.7056338367172719,0.08120715387375406
-0.7096509610668135,0.12762446707500122
-0.6980872557257758,0.1533202095634934
-0.7257691163623425,0.0897154141702048
-0.7003207866790461,0.09087020451073637
-0.7141413129792022,0.1180472253354494
-0.7186918935073653,0.051229432874580205
-0.7157941170861899,0.12104595398331092
-0.6759676792293036,0.13569352842726484
-0.7158509238805261,0.0771410734701449
-0.7236243664091547,0.06031415288656232
-0.7308510530689634,0.03720766034158313
-0.7008401285129552,0.10742038616847534
-0.6845215566527144,0.13167490998975323
-0.7389536426648187,0.028604513611741437
-0.659827543408551,0.1659678211121306
-0.7134630692421834,0.10382345212270044
-0.7057092042812391,0.15767428084133314
-0.6688717054383182,0.17196270920073994
-0.7472708279258135,0.06944310286771435
-0.7461484872050862,0.06838833366142413
-0.6912938876587159,0.10118523804986046
-0.7448018336193478,0.03316844571563673
-0.7057545808570032,0.11392230078353782
-0.7104252513929765,0.10116998732775305
-0.7093415913155728,0.15586193737329365
-0.6731253903647854,0.11941476403544694
-0.7211164178607645,0.09730683419146896
-0.6861832422574619,0.13147537976912885
-0.6984738980593694,0.13389510884729325
-0.7010800878847151,0.14119622251646072
-0.714519506466338,0.10487952047798757
-0.7164201227523699,0.08840482992420175
-0.6928309218717009,0.1284943611597797
-0.7162357910295133,0.03954408481569969
-0.7005419025849771,0.1568460796740679
-0.6836083408549114,0.1124668503675356
-0.6908420072415904,0.1124001727888334
-0.7158500824418665,0.06687807184904372
-0.6694325454960981,0.13062362882042478
-0.6842686632750572,0.07983851837454628
-0.692767359434225,0.1386021950235244
-0.7208715465379614,0.05148293923654643
-0.7028519503291496,0.054672703071240135
-0.6706976983072827,0.12082125409021989
-0.7320120043002335,0.07389263153187378
-0.6865161018993615,0.1310385776014988
-0.7131277518925564,0.10005214146286098
-0.6792689624775903,0.1436170702788005
-0.6897221420451431,0.14986898350130543
-0.6834001941997564,0.11372549534626457
-0.7122935054564171,0.1358334890516933
-0.7044790880558625,0.10043036214510574
-0.7049683739404577,0.11212433195631578
-0.6676545657650983,0.17397050490693403
-0.7201225383126476,0.06825032345486325
-0.7131720162514751,0.0830947674054617
-0.7094034478640985,0.11916892430381285
-0.6753182930815167,0.12373259606058044
-0.662654883545881,0.14726577368467478
-0.710222460190779,0.0644382669402561
-0.7071142006100549,0.07327109653155156
-0.7102234367833917,0.08459770995398945
-0.7002987734795537,0.1257991261170296
-0.7014062100573016,0.13098434013845062
-0.7026017996434569,0.11654749386475736
-0.6483463826389549,0.19001764636381854
-0.656601247948336,0.12353529039070835
-0.6865725207936981,0.14008337323356004
-0.6940843238081555,0.0933683824573755
-0.6913317657702713,0.10168319001971386
-0.6923986412639082,0.1323628260266305
-0.6807571202428379,0.08730158703973874
-0.6943130322250991,0.07239259714371975
-0.651146110533369,0.18272913577246938
-0.6603357529683594,0.15030780884707662
-0.703398281840079,0.11871722217547488
-0.7182995980328651,0.1391060532930449
-0.7206532228897987,0.10965649696722136
-0.7164825435119981,0.14699890569364957
-0.6934205351163315,0.16818502496746005
-0.6971174893520714,0.16700299032246074
-0.7156277485668968,0.10315389622278885
-0.6691415738055707,0.1883444613612143
-0.6687620112212178,0.15294492018722514
-0.6534988856830795,0.18918239149190075
-0.6910481780752199,0.07761657319556704
-0.6925764588217339,0.06544288974328122
-0.6774608295638559,0.16525167808880387
-0.6913588335232715,0.06345521400847016
-0.726269275312382,0.065510774255764
-0.7052105769817901,0.06728337466827458
-0.7056821584081027,0.07553125244547802
-0.6861186068996574,0.170644641754517
-0.7105766311108868,0.14586472339722464
-0.6930243929872225,0.15694583045232435
-0.6935115287883272,0.14515465070330105
-0.6747231993733831,0.16870837618421028
-0.7356034316048254,0.08118954126231016
-0.7225009830259933,0.1057347777474789
-0.6693747784415113,0.1693095792076301
-0.729664598910367,0.09765004188499372
-0.7125877758341722,0.12544786238995906
-0.6843756375476573,0.13054698485530855
-0.664952301368069,0.165054086781783
-0.7290872295631469,0.07494888114057909
-0.700038648481308,0.11872887601091671
-0.6758508061717039,0.14130739632339018
-0.6802388087593345,0.08616993043028143
-0.6848352369786345,0.11135765618065208
-0.7015161368728795,0.14029617150068205
-0.738731511872928,0.10232032521366795
-0.670917413757621,0.15632845135484297
-0.6939367584010379,0.10214008158058667
-0.7229706179325612,0.07102060125726083
-0.67523517078788,0.10999316814738606
-0.6479422768099378,0.1632895951218133
-0.6685168771362526,0.15037362903622964
-0.6690549308559357,0.13802805412835603
-0.6758045294301944,0.14919654373443852
-0.68788298441588,0.11591276184043024
-0.6972587934998328,0.09933160497463427
-0.6981986080241236,0.1451390774649455
-0.7132808640714531,0.0905804405778842
-0.6796461941481384,0.1608819828385002
-0.6814360614984547,0.12665074610830934
-0.6805201506977218,0.1752012149482202
-0.726791591031606,0.1070171093461614
-0.7118205159756683,0.14251526515393442
-0.6430137747537505,0.18449771021829167
-0.674422642848312,0.1337894311314139
-0.7395742201672201,0.05221824864804967
-0.6921680178244466,0.17758144475515372
-0.6938590788506637,0.11953174512557543
-0.6898661499402392,0.13665472698996126
-0.7038782864071307,0.05373513572542198
-0.7250973339339402,0.06950727905300157
-0.7331288484005675,0.042253869705545066
-0.7421445226018782,0.06185515657250605
-0.6925034983354181,0.17717203364097225
-0.7337242469674665,0.10296417977239407
-0.6640776228050621,0.1756157273158564
-0.6612814131702431,0.12941710401858036
-0.6999301470332048,0.1160982215299971
-0.691519897308492,0.16472233695863148
-0.733069799817553,0.04342597611345688
-0.6623323447799713,0.17665905292249212
-0.6860062604856805,0.10432883905874199
-0.6862446868287653,0.16771447188841623
-0.6905732285527652,0.1450837801111331
-0.707679777526796,0.12141031823271317
-0.7285593711936831,0.08174406061951882
-0.6795105487504403,0.13115440771602094
-0.7046700795002012,0.05608550650793466
-0.7134473474427432,0.15235211763055173
-0.7026207877768778,0.13194911645643423
-0.6983197360466942,0.10237825650619874
-0.6990277990335729,0.13838661480969616
-0.7029798793778322,0.1266399840425386
-0.707416999562679,0.10271915443874156
-0.6943155472853285,0.11618742653160123
-0.6998408198151083,0.10126844800014259
-0.68221697851209,0.15210727058821183
-0.7340867115671391,0.045287812382540475
-0.6898321588317272,0.15057076805832115
-0.6967509609481012,0.09456057869258089
-0.6918308191309541,0.09043648998860916
-0.7171114619652522,0.1164251972472906
-0.7027638514985424,0.10996687763981171
-0.7245140181688053,0.06405853923977292
-0.6894996399983739,0.16781314160873168
-0.7050682441874633,0.07994247531038615
-0.6932277449441626,0.07541735951105627
-0.6969264737616595,0.10244806944780299
-0.6972841590081923,0.13205719475179226
-0.6927404970513343,0.13817975159539223
-0.6899135322448504,0.08047501892289466
-0.6854045182868664,0.12036301353868328
-0.6877700572590199,0.12415432790502597
-0.6724730999334014,0.11149346401166102
-0.6936640745302526,0.14043792920613352
-0.7004303930247155,0.10806350611297781
-0.7139081486187756,0.1121068462239981
-0.6906647585343307,0.09704249003215733
-0.6959266692864008,0.08194853944979603
-0.7029064445174618,0.1059932200801129
-0.6811932955487331,0.1020033731189878
-0.6910244023295468,0.09178456739430906
-0.6672535583086063,0.11821152715053429
-0.6865506744570751,0.13398263569733213
-0.6862717315042609,0.14787297421348203
-0.7345674481708128,0.07924539020308854
-0.7081397626202663,0.08267235271712584
-0.7498738722821813,0.044124225881549246
-0.7139910626577135,0.04907200051391472
-0.6947785317076538,0.12726297402778844
-0.6873962251001647,0.11825887068129692
-0.7065394246348428,0.14907926116951586
-0.6777306359700038,0.15388702617050742
-0.6473099155984889,0.18107733062976425
-0.7064738043343759,0.04611904192618278
-0.7266533582904662,0.03252025774746817
-0.7143379640505493,0.05683018237242921
-0.710005800450257,0.08922047936664608
-0.7037960786671372,0.1304605872723467
-0.7230297619723266,0.06303963068214033
-0.676849683546073,0.14229007232418728
-0.6912597384146658,0.13257999069134843
-0.7040013987091857,0.11319037726218713
-0.6834839163617531,0.14856832061020736
-0.720312944628165,0.04332143013628033
-0.717617633554101,0.08620919066644211
-0.6745724469923203,0.14424086453843707
-0.7136607749305349,0.11430309510338559
-0.7068245087977275,0.1247429658879006
-0.6810908094942495,0.08703096825631881
-0.6917886214788809,0.1492223503130259
-0.6932930067104704,0.06569086013169241
-0.7024853788343667,0.14898828699422248
-0.6637847825347571,0.13509613295444817
-0.7217900669962394,0.07192501155131995
-0.7137679316525195,0.06702694399800903
-0.7160597589791063,0.09455274056446931
-0.700570810932632,0.10534925522038173
-0.7077769677246394,0.053416383311624974
-0.7390230465742583,0.024711114562566874
-0.6880723767816684,0.14155812261926434
-0.6868516062899095,0.088729022307154
-0.7237325710706989,0.0864090253945024
-0.6822588591492221,0.15663224547181964
-0.7247774851631267,0.10836598669262114
-0.7023101893801622,0.0742027427059948
-0.7052500085791924,0.05066305491539118
-0.6700102091641812,0.13801300418531218
-0.7108358871521409,0.08988464585664205
-0.6749027230900961,0.13010519734072234
-0.7341874879203811,0.05127425335607351
-0.7006277461677333,0.10865883791826879
-0.7074675867224154,0.10310804394631393
-0.7274581584768396,0.032714990472271645
-0.6921987501754826,0.09992305711772072
-0.6809366077328803,0.10663390985494299
-0.6852928187021998,0.08928775766755459
-0.7557620785252027,0.05340972217847427
-0.6870235455674365,0.16020356129108448
-0.7060406357731639,0.0986958245157999
-0.6740257467694027,0.15718926413652676
-0.6929609558097042,0.1695827763097221
-0.7048905731684366,0.0794593932785578
-0.6692011177511933,0.17799182022208992
-0.702674008781343,0.1346073165100836
-0.7119682545375366,0.13866600094967185
-0.6775962335994313,0.099538213957584
-0.6898846287419895,0.16974321212509877
-0.681840663405793,0.12849596023280743
-0.7009984170331404,0.07903242956446664
-0.696990663359127,0.12382185107679856
-0.672484255445576,0.1783525645114941
-0.6872187220491381,0.1203573773576779
-0.6933427338392801,0.1397962215400444
-0.6987617071464074,0.13777057905153425
-0.6806501505843612,0.13816886096346792
-0.6787507307236922,0.15760883942880027
-0.7034427798763702,0.08561227323244724
-0.6948688614831087,0.13241640686089814
-0.6948682515957265,0.12989561232585067
-0.6901788858918319,0.17538248804709075
-0.6828098061079607,0.15120914618062886
-0.6757536474395542,0.1260941682655207
-0.6819824240872145,0.1117092146675814
-0.7128188417457019,0.11965324044584894
-0.7292172619488447,0.0765464371851905
-0.706381272207296,0.09387201089760834
-0.7084121230135503,0.12797070074103345
-0.7150336775510757,0.04752600406842554
-0.7117821253985781,0.055719591334944044
-0.6966999561893044,0.08405619098895
-0.7214969585326346,0.1115730591470803
-0.7431285202758176,0.019296735848373603
-0.7097319943400785,0.046907544609625866
-0.6724579655463734,0.16473102803566947
-0.6927433750951274,0.08336040911809978
-0.73294385748137,0.09813585812862963
-0.7164796975272272,0.07358568084502269
-0.7226037027709638,0.10642907065733158
-0.6721131889402121,0.18020220867385986
-0.6908695202390074,0.11907928642739962
-0.6646521655496572,0.12407720173417816
-0.7184970664287212,0.10555569702366578
-0.6947270102655686,0.1011063302366117
-0.6935269446927662,0.08477901790231
-0.6766235349152449,0.1495958999233057
-0.6883734949380849,0.1382965371897296
-0.7254730369305022,0.05970681277840253
-0.7014642512301187,0.07312029956281138
-0.686752356089559,0.15554946698510821
-0.6909589016369818,0.09536402324792312
-0.7099329502200025,0.14289193462764366
-0.7381719368352355,0.08858777464408134
-0.7412860441460225,0.07717098671739663
-0.68981961895773,0.14622142249807396
-0.7275828418023621,0.08330606447907853
-0.733979508029301,0.050675287156005555
-0.7038797149474405,0.08204323685838182
-0.6888403482218012,0.15565184968453835
-0.644838725039933,0.16993625173792778
-0.7171051696982804,0.0980129067897629
-0.7319839878789072,0.06171033572404609
-0.7226080946538793,0.06582778915745993
-0.685134436731287,0.11503976533110415
-0.6835266585108264,0.1563888233061699
-0.7092130389107902,0.11614425475048563
-0.6991841479707945,0.09750035777035476
-0.7185853029799883,0.052435948825897714
-0.68278380096985,0.09442249281074214
-0.7225452759401741,0.046007211938596755
-0.6626685982942881,0.15771146965008143
-0.6744875769499042,0.10571737638153446
-0.6914715213615192,0.11106630304428403
-0.7378189683625384,0.05315956422215447
-0.7095258567458059,0.1158748608287527
-0.6854909056190507,0.13610935454700399
-0.6900132560954588,0.08960218891507644
-0.6797695664266864,0.14106611658232704
-0.7056567181630055,0.11947776998077256
-0.6580875981221027,0.12964459757443336
-0.6871076145005466,0.12753222690526334
-0.6955629625988765,0.09308973027298688
-0.7116575105998575,0.11288657471071088
-0.7319140834921888,0.10171130203145795
-0.7107296598917453,0.0315334959499596
-0.6890460034246367,0.13727406101851272
-0.7017171997941135,0.12132391349192108
-0.6662302956800213,0.1410885198563903
-0.6916786180418274,0.13786756498662064
-0.7010135871681582,0.07177288021532785
-0.7143783190501877,0.0979456468262401
-0.6905159034639193,0.09430298377726361
-0.758181309583929,0.02658499945684022
-0.6730752807311576,0.1644756961582072
-0.6684508451222926,0.1722447495427825
-0.6794456875078752,0.11527035264186579
-0.7206430934086667,0.07252081845907529
-0.691401185479857,0.13701366546577406
-0.6738076199835524,0.1670675219312184
-0.700007812342608,0.07711968384277336
-0.7130547075042247,0.06814985531438299
-0.6626963904381287,0.14915308140658542
-0.7391561494641415,0.04382881873687044
-0.7161633862873494,0.07558921602747329
-0.6372513195356135,0.17416945006412313
-0.7317469331818335,0.02300282879774092
-0.6779768764965047,0.09754499126257113
-0.7400760422769207,0.04782906632405922
-0.6911848227845215,0.17231944213895653
-0.6833375853922813,0.12674821015170418
-0.6713073450398006,0.1290762402049398
-0.677057665154395,0.12709886321832287
-0.7101133018360496,0.09574344834956913
-0.7314315424839815,0.05262511780492662
-0.6858882809651419,0.10693365761995616
-0.6529763751354342,0.16424920614164795
-0.6844410232989638,0.123095815058822
-0.6892864047993359,0.1016827745754612
-0.7122154689256046,0.05568457953348831
-0.6866220723149609,0.1835418847471704
-0.7067378667188255,0.08318853304938646
-0.7249262022491532,0.07792166075074382
-0.6744569694819317,0.15599853139984673
-0.7097897244252149,0.10077879587410478
-0.7131281306779648,0.07187710850110811
-0.7146391533994156,0.10804493241978519
-0.6813231805490751,0.1368359297248101
-0.6775013018316897,0.13489441529176976
-0.7241362653898461,0.04030859512977548
-0.6543846605506031,0.14595531061342754
-0.7055666599912342,0.08291872068784482
-0.7219658172629483,0.0703426419449159
-0.6735629228693086,0.13505588135544191
-0.7080806522059961,0.10980740139305237
-0.7063134477628216,0.05602911505873298
-0.7403489194492634,0.09083957639464635
-0.701807325109073,0.11353339169013124
-0.7031752286068358,0.1533472846387441
-0.6998687986485669,0.056030202518318285
-0.7076651189729487,0.06546791694473021
-0.7343584450752557,0.06108807470401494
-0.6518878189335731,0.16268075918493288
-0.6980257399270894,0.14583470452713104
-0.677597847353116,0.1398940805322107
-0.7059653789926555,0.07078530742512888
-0.7371264482638888,0.06855105435675486
-0.6829066896583539,0.1342670628151862
-0.7179478689802072,0.08844476659816732
-0.6695185017015487,0.1627096233651715
-0.7324808379593103,0.10091803322659913
-0.7151311346905125,0.0669995026146121
-0.6732272741426423,0.1311627748503847
-0.6979809719708525,0.13513858043762292
-0.6826183493236515,0.1725967767775914
-0.7040786521840806,0.05976064853672899
-0.7046490696919856,0.07183914533115517
-0.7066426193486379,0.07914466332591664
-0.6482124507987939,0.1720887209592629
-0.7258302366238121,0.04621785233441355
-0.7157868646323199,0.10216719901160329
-0.721360960815786,0.04540215533548528
-0.6901985847831063,0.1695488861324502
-0.7451898885637447,0.0678331777509295
-0.6868152824188536,0.09985192949004688
-0.7268429598465493,0.07031246059117871
-0.6751566950818437,0.13764554135483698
-0.6536245178640537,0.14742819745192828
-0.6599704368758277,0.1171948232951861
-0.6934198498098563,0.12328179595764127
-0.7099954390073233,0.06085591242008092
-0.6937329655523126,0.08873294829862703
-0.6837770836709837,0.1282279363196716
-0.6575200245457717,0.16524415913007118
-0.68437263708884,0.1255023841892371
-0.7128412694900065,0.09019537368642117
-0.7088651502624728,0.16212558270345284
-0.6672394963724732,0.12354597524465381
-0.6797116495828626,0.10684449614667806
-0.6752035945169798,0.16145784798318272
-0.6925084226442548,0.12583273106638565
-0.7063319512446155,0.11794385529602906
-0.681079629993512,0.09531183822002576
-0.7018926953377493,0.0792913583594662
-0.6814629297131369,0.09779868662102885
-0.719828834578862,0.08308738647377549
-0.6955627060374528,0.07899336563057771
-0.7308736241399191,0.10396907011848354
-0.7228422623451739,0.09220670313140729
-0.7196836804018172,0.036159575238589856
-0.7208180623451537,0.056072080072648856
-0.7314468211093351,0.08734869563743576
-0.6634445652386116,0.13330812660387426
-0.6698615436500422,0.17703056481950366
-0.7311944139080011,0.056073905397577194
-0.6610550519296247,0.13179691861398057
-0.7088331620159217,0.07756670837807088
-0.6853194999051738,0.11768167083040972
-0.7214722382305546,0.06810906848887928
-0.7174011069171404,0.05628841246792523
-0.7140104793371678,0.06379406707139802
-0.716563770417513,0.07107750996656924
-0.6921600748288239,0.0972720037710009
-0.6895620050626304,0.14574405904966647
-0.6678039462826934,0.15392578650296762
-0.6945647942280817,0.12094409364528845
-0.6772227468932098,0.11404230505519343
-0.6866270225340889,0.12794814648253047
-0.7145818211259747,0.05952868529772686
-0.6872710221612428,0.139084920614091
-0.6925637455979182,0.1405682052006591
-0.6810247351731726,0.1363064245405165
-0.6985080819576193,0.06177621233268271
-0.715910464403369,0.06036348738088967
-0.6864447536604955,0.16923669707516895
-0.7201460714763323,0.08926096297333178
-0.7260754400630485,0.055185671647866745
-0.7016563530689823,0.13006460850369342
-0.7202414408796809,0.07811454524662008
-0.716022828684926,0.07909035474084557
-0.6753638243653451,0.15950672768976124
-0.6908055421925509,0.12973088613200462
-0.7202488506734309,0.042047411338204374
-0.7119440264382627,0.09724464929181834
-0.6972364984061112,0.055267964047616025
-0.7387180709751647,0.041701727256613315
-0.7164848063717881,0.07539049467702147
-0.6699361032824429,0.1766873968019312
-0.6758439829916266,0.13779999498880866
-0.6796623521150494,0.1363255175862096
-0.7516043383798574,0.056133595388197406
-0.6839501724442434,0.13621076517739125
-0.6843378433791644,0.15637146727406967
-0.7006435105709682,0.12717392544069345
-0.6889889519626263,0.15830302763371715
-0.7122761060235963,0.07294581242757024
-0.6923121600013822,0.10046452230918644
-0.7154983444144958,0.08533319046799401
-0.726387342149512,0.053670496699646054
-0.6685173107021162,0.13982301989467444
-0.7144965516904105,0.0992848525478291
-0.7358885073029622,0.06358368472735784
-0.7016556037113882,0.12150025908963706
-0.6761888808154293,0.11241785566017704
-0.6860875172020465,0.1512842314663464
-0.7063732673872777,0.09226766297157318
-0.6864430500060901,0.12772017089149915
-0.7207545178778773,0.10600172274194082
-0.7156388061728717,0.1172799734465063
-0.6842916613296668,0.12983025907684295
-0.703352993455277,0.08841344574821826
-0.7078288124992278,0.119501822493043
-0.6946469866260404,0.10238227025127819
-0.7068336635715271,0.15994327408547868
-0.6672866138030512,0.16035190569824564
-0.7378195022244727,0.076755168497005
-0.6792266136222571,0.12481283910679683
-0.7339126700822288,0.0832938689864006
-0.6687586138746467,0.14200499945194825
-0.6988314618674654,0.1325282230528815
-0.6894348020124106,0.09576942895566065
-0.7140122347403817,0.149795174875118
-0.6859704327109465,0.11394501847652443
-0.6986100312712794,0.14610517108890522
-0.6786098944926804,0.13368420509514783
-0.6809389385793115,0.13446705697441744
-0.6689355169433848,0.16015968956497353
-0.6944199408239028,0.06619996465777406
-0.670710393081677,0.16845111700348958
-0.689836148125749,0.12215397224425109
-0.6461994495734076,0.15233836005598647
-0.7080678948061623,0.13195856963879982
-0.7017410398355587,0.09181473491213395
-0.741961974095545,0.039132322455270235
-0.6709253170891021,0.13891927992089526
-0.7045021129362256,0.07369608702338225
-0.666067876389775,0.16683745757333554
-0.7083379955643786,0.06956893814655388
-0.6589496910452228,0.14937273406485344
-0.708243876560858,0.08579517931661533
-0.6904507955634256,0.14442364110167538
-0.6576496133301873,0.16299984050614819
-0.6761561938675692,0.1353524453202616
-0.7017078920023736,0.14118212719006168
-0.6807318696840755,0.12029158385646593
-0.6880773238519302,0.1151160886453455
-0.720727272137806,0.10618149653558882
-0.7119187241836981,0.1259517744837289
-0.6827196240140068,0.1015130577526823
-0.6867086781660767,0.07911847362583127
-0.715078004676479,0.08896942433641265
-0.700102052110844,0.15378968636829202
-0.6788428487241227,0.1606555762200134
-0.6887608397540128,0.09725525942169914
-0.7395888137838289,0.06297206912155807
-0.6659862720115148,0.17850472983264645
-0.6906666064545853,0.11361658918341405
-0.6637324488158013,0.16142514631720006
-0.7133994258454088,0.0860498911569044
-0.6985237105849168,0.09575595323111796
-0.7137921596148229,0.05154748626053536
-0.733701626101643,0.02205818908619071
-0.7032634374600092,0.11928655766206704
-0.6881635948978292,0.14429978506603952
-0.6671886962290589,0.16665872325308514
-0.6969095306689294,0.10859026758512015
-0.6983358925625038,0.14311264534946472
-0.7127999544655548,0.08548060237073284
-0.7079368248553243,0.1268956265067841
-0.6771076768107196,0.12870480034786932
-0.718536403534546,0.09103182639546475
-0.6657127313671105,0.1278714782474329
-0.6876948187335143,0.14289127242762945
-0.6751278737038572,0.14171422575777629
-0.7070666651367158,0.09697564167280759
-0.7269572727888841,0.044687460563539706
-0.69449125938622,0.16272572465779106
-0.6643646890514037,0.19179462692005725
-0.6570762055124778,0.14313607967134043
-0.6674617058300756,0.13490784242575446
-0.6639536248972996,0.11710601774910956
-0.7095071401146991,0.1115428598276565
-0.7145566118311684,0.08539215106428426
-0.6602687691572775,0.13644999350668907
-0.7374515230176135,0.02199596156741033
-0.7041549111509071,0.12991104037868328
-0.7208254738217539,0.051189584518235284
-0.7202100670277096,0.11385663352203465
-0.6975197780249199,0.12415498838506982
-0.6843469218296698,0.10822439398592168
-0.6924295977620354,0.0881477584591267
-0.6782621078256947,0.17260061399292603
-0.7086486829062334,0.11520530984704987
-0.687378892388884,0.09644480574920344
-0.7136685351167765,0.07844829382629981
-0.709359210587572,0.05769737670950673
-0.6623190970648121,0.14690725939517124
-0.7084602243963446,0.126656434369746
-0.7144798434716371,0.05100462386744962
-0.7151451047241811,0.12293403259708295
-0.7102392031934098,0.1343838493533421
-0.7232374456152693,0.0492106111624237
-0.6666597126871677,0.12322102962436328
-0.714179139948767,0.07443415204756572
-0.6981343043492697,0.10090279335967835
-0.7252871968395452,0.07250518481024829
-0.6890861483351741,0.11684044099629885
-0.6728249485130977,0.17313599452786765
-0.73163444663211,0.05029750986960707
-0.7114431599990968,0.12753275134696976
-0.6954631870077301,0.11090306049643021
-0.6966738842022437,0.07476928311021111
-0.6897526580829204,0.1332859510801591
-0.6904530630303365,0.11783494308784197
-0.7295468977674175,0.07200087795536028
-0.6758401915580063,0.14757922818942512
-0.6926741666830769,0.15196501677558985
-0.7129100721696051,0.13918788465647614
-0.701261287104945,0.12251440943051131
-0.7249571298943153,0.0949590810801101
-0.7021540219900592,0.06255903778727265
-0.6764554782820992,0.15706969234608126
-0.6910403627638294,0.10469521192932446
-0.6983637226117058,0.15863263155386112
-0.6806251783248437,0.10148717041722599
-0.6871083637688297,0.1525360429908876
-0.7073279884093588,0.12562402169737266
-0.7403217525530479,0.07893640946733213
-0.7081768873916657,0.09215717731194518
-0.7071455536577194,0.08458037917701
-0.6835629418219521,0.11086315693315911
-0.6815930199342908,0.14265073528901812
-0.6724210533261248,0.1517033157740965
-0.7221262426348528,0.11217412324575873
-0.7075252175573319,0.04449614052183653
-0.6889077457546805,0.09470483686596022
-0.6888764324472493,0.17191430985764183
-0.6869350703896399,0.1267807786899524
-0.6881381104912045,0.11003790531534474
-0.7093610534640107,0.12840607362937073
-0.7077726173675994,0.10601352700243667
-0.6753047619315539,0.11846902912183456
-0.7364325074890963,0.05687930155497666
-0.7265103305970171,0.09642084273056933
-0.6878129441697737,0.12627555547749303
-0.7285024205823664,0.05627247805492508
-0.6812611894442417,0.1400110125895059
-0.70276513078544,0.07279447751778134
-0.7313119180034593,0.08754261414571722
-0.7049838496326151,0.11737728048484414
-0.7281985610996501,0.07725761406907518
-0.7232039715876405,0.05943650423917274
-0.6866452027770763,0.141584082466834
-0.6736931932098458,0.1500512149510206
-0.7290873145737532,0.08737042679491337
-0.7139693804820947,0.10598442944608442
-0.697535462639513,0.12032759584772455
-0.6984564768616904,0.11865576331629786
-0.7224778095430059,0.0803342528055966
-0.6758282739403794,0.11999487850833743
-0.7001987171624837,0.1089241837353455
-0.6846272811463233,0.1268928478255141
-0.6739943663800333,0.11604157314829783
-0.6797784035982921,0.15248203038331012
-0.6833039242869454,0.08387999555381717
-0.7035893625530313,0.1555644944807659
-0.6998963118216539,0.09616909384247709
-0.6974950519586174,0.11605345515283844
-0.7144719028916242,0.09057072161991249
-0.7029365455408239,0.14410356103391359
-0.7382869285406497,0.04244801322909984
-0.7492559294818629,0.06914986588888059
-0.6755661717507956,0.1266631095986773
-0.6984636355933758,0.08587037079014848
-0.7011692741477435,0.0988573439915192
-0.6886375625024583,0.08501799761393977
-0.6689189144644794,0.18233815192601438
-0.7011931769361907,0.09484664427261447
-0.7174264483334587,0.04489922692851153
-0.6735772992230958,0.12871292716543511
-0.6974917265966423,0.12155353439724416
-0.6763079694390788,0.10735494805876308
-0.7030243554024195,0.07626422951714885
-0.7072964640837626,0.14510230612834243
-0.6899873317104454,0.1157617763252124
-0.6654926447158023,0.1768667246792588
-0.7081493435783467,0.1286734370941271
-0.6832176204359975,0.17019637452182654
-0.7055357084785082,0.09543123339036201
-0.6610251652128941,0.18075756034581592
-0.7076548459766093,0.1350767542687498
-0.6496350899291902,0.19240977876936208
-0.7174178912648974,0.048625766910829045
-0.6708861097813636,0.12487994676122632
-0.7059696738359792,0.11306597521828858
-0.6856231335255176,0.18485629275472626
-0.7118567403044137,0.11438470901579853
-0.6910903406525275,0.11166426068274361
-0.6879204160746931,0.17230969625566075
-0.7126321016936741,0.06806726322527602
-0.6474368270092742,0.16751100480300415
-0.6604892337820588,0.1717824053784592
-0.6946778543841,0.13266695330120282
-0.7202914419882125,0.08948443832968286
-0.6843110796511531,0.14536523889190014
-0.7462754444275511,0.07116811930221088
-0.6530648671461191,0.1749479143164664
-0.6802389276712114,0.09812402609583666
-0.6964070833589697,0.10955019994735012
-0.7009115096657481,0.11778610369848709
-0.6889409927011018,0.12746018761885802
-0.6979030196024665,0.12699239884555347
-0.6775187727293017,0.13492312033365145
-0.6635399858246724,0.15857937753252793
-0.6628356421762358,0.13231346143465017
-0.7135607431055218,0.06044565157134132
-0.7281620371149193,0.08251765585809036
-0.706788581360474,0.1583866927767093
-0.7431979680551143,0.07704020913699534
-0.7118738534495448,0.08880524457480855
-0.7149410906658037,0.13458273954759334
-0.6979556405153832,0.09815741631056998
-0.7102828251050379,0.11614769574350607
-0.6892650256156072,0.12374449274928126
-0.7282390479016578,0.0767132037710885
-0.6966931055905433,0.10423629867703421
-0.700924148590864,0.08738595352140659
-0.6975075337444022,0.11254242413895672
-0.721742947350122,0.045110578809699715
-0.7020637837365977,0.11881663149036055
-0.6748548492507812,0.14753711283245483
-0.6948083198945219,0.0994284215982001
-0.7070378464034032,0.0981798341863897
-0.6873702164095221,0.10823577638147872
-0.6723449440509184,0.1477188475979157
-0.6866622325440578,0.14102761754081855
-0.6564660066083278,0.16380342802928408
-0.6770452450059267,0.13437040358841945
-0.6946036699292137,0.09046802379801329
-0.7111064521360738,0.10991501423823802
-0.7025547599536284,0.10359068889447605
-0.7211272699716007,0.05531102899879855
-0.6922935298035054,0.08501171616782663
-0.6702316113273309,0.12445319686927653
-0.7346775639538092,0.04615304451200672
-0.677688992375168,0.12964864128201287
-0.7007488631637377,0.09629841563597628
-0.7029079925733962,0.09767344628096224
-0.7477759641032976,0.04235749787406274
-0.679925064310721,0.12836866736963676
-0.7022039475072788,0.08968000865534445
-0.6851522342571,0.11895183584661341
-0.733586209946622,0.07572074534539276
-0.6976072365467109,0.08322649139164957
-0.7333697047679619,0.06934482528345566
-0.6942103049057007,0.07053723762483878
-0.7160552945788325,0.04068577983642928
-0.7034727749468381,0.12034050515227529
-0.7253603081175563,0.08736321876869167
-0.7142298153680909,0.08518265214850601
-0.7478225042775465,0.05668472013242054
-0.7163595662004701,0.11237631152215125
-0.6730764358036182,0.16929197132601997
-0.6584240684355773,0.13473443934258977
-0.6743574240473074,0.11367462051982508
-0.7178853682113588,0.10588060476253487
-0.6904812172952477,0.1151832421883196
-0.7212700828311421,0.09007139518981995
-0.6903320465608855,0.13768543183004409
-0.6507209756693577,0.15121430758395785
-0.7090403939459592,0.1098654142926648
-0.6836718002490788,0.10692472010919966
-0.7257023351745671,0.09202319184062453
-0.7282089606764471,0.05446851812917806
-0.7010100467494856,0.09515221730995109
-0.7331973020792971,0.04461119731795407
-0.6806538211583735,0.11525643124997863
-0.6585243043771866,0.1430705563963855
-0.7205814714085295,0.10076421004676382
-0.6862532588043971,0.09514241491417035
-0.706032003981119,0.1223033241863425
-0.696593207557901,0.12569381231252064
-0.7304187366030793,0.06654630998848826
-0.6807265039992084,0.14248063470128094
-0.7193404518323705,0.10934911367875005
-0.6684838686195607,0.14017006659236575
-0.7274238096066364,0.09880894648908616
-0.6799831514198766,0.09768436322990805
-0.6961318590917144,0.07393203593881602
-0.6893734418670998,0.11899541054329
-0.6707001647601737,0.14398819372498053
-0.680058619782913,0.10413982796490762
-0.7043114905739049,0.059724730548034226
-0.69558056209594,0.09035647564109833
-0.6989954101346305,0.06479575041381612
-0.7313183013994955,0.06227089564696505
-0.667849291542051,0.1380761478066162
-0.6575699900539639,0.13712081720086963
-0.6824134548592699,0.13688715411282026
-0.7216301714434639,0.06900326553366358
-0.671582428625305,0.11311598313851612
-0.7142064421843733,0.06843059377734975
-0.6951325577031976,0.16399516709210532
-0.7173276669515876,0.08710039160152352
-0.6995031044969456,0.10312373752627031
-0.645696409183185,0.14773649455544435
-0.6825616356938806,0.12999894682982008
-0.6993497238354186,0.08787182909035407
-0.6729693868920191,0.10945342567004789
-0.7157606996528252,0.04684146900987592
-0.7094037855259087,0.1360811107719401
-0.667448683495414,0.1835069897203102
-0.7272820963858008,0.0981284141610018
-0.6672851017419084,0.18284244691981588
-0.6642868871818399,0.16752021597133063
-0.6737127793993136,0.1489525456234508
-0.7412460090414213,0.06974983505195596
-0.6742515416417629,0.1570800944815617
-0.6866671853683545,0.12986401342299134
-0.7042458740585366,0.12840744608518082
-0.7018872405536506,0.07767965486314772
-0.6768329425770953,0.1561246164854228
-0.7158012987166443,0.11649608981669327
-0.7106057268980757,0.07358038706680978
-0.6764689578817721,0.10504416657400442
-0.709400017523318,0.11431935080847987
-0.6951511351572696,0.14366406551582714
-0.6851825093287891,0.10565358045513867
-0.6917089554724202,0.15559544477285886
-0.6788887387836277,0.14705994369711006
-0.7110708962223514,0.07912101136124602
-0.6957607642523648,0.10605552917625544
-0.7258935690540734,0.05529984251393184
-0.6812370955836229,0.11154318689936166
-0.7073221696716765,0.09573911046283523
-0.6805659226985421,0.1046956613032002
-0.7374698650787627,0.08489749622809663
-0.7270055854553855,0.07227160762887054
-0.6541774519664882,0.1741203017712368
-0.6953756565982571,0.11610144615949841
-0.6822440015571026,0.16539420860750684
-0.7185721320879187,0.04716207513178968
-0.6879062940674319,0.11179894460571217
-0.6811639429449405,0.10174423978799958
-0.6425207931395142,0.16942712664455584
-0.6894060205904529,0.10470650625456547
-0.696945578984343,0.11026508926705916
-0.6785637630245345,0.14284654812045183
-0.6660170908612303,0.15781776069779782
-0.6914490672139032,0.1543553335427323
-0.6962709021030876,0.12783092434118706
-0.7024686073382743,0.0556645428433646
-0.6745833939210183,0.13290322550071573
-0.6562854153138756,0.147504798173777
-0.6716501189047726,0.10635764368153738
-0.70393000085234,0.11211074573117659
-0.6533780966845583,0.14696147718984856
-0.6896464033613455,0.12757069978868218
-0.7350763104356879,0.10658081010139477
-0.7388870171227883,0.0618551241546639
-0.6747582195133313,0.11288955083900601
-0.6789283637992197,0.14450157172095124
-0.6779547886484654,0.11537142809886848
-0.7208571392415445,0.11301727648016908
-0.6980814768179711,0.15288617576002023
-0.7006618616316108,0.14703376299468335
-0.6799705226547058,0.13529343376293468
-0.7102236932547155,0.13394360812147077
-0.7267583886561255,0.08515381432899656
-0.7449075602073532,0.0570665169013148
-0.6775259167648479,0.09488362806222618
-0.7196230210613282,0.08373201640466636
-0.6604491212285734,0.1378488702333432
-0.6916607107210657,0.11173918382784861
-0.707402919595394,0.11865755162065579
-0.6804836102137477,0.1376947596461877
-0.6550682432520459,0.14488152044063163
-0.666340861063239,0.14234185937162752
-0.7123295367273258,0.1445663786661828
-0.6652634706365497,0.12207744614301516
-0.7257717109109383,0.08938277591707411
-0.7073208865286893,0.1128940029436017
-0.6691177704790273,0.16730357970621706
-0.6582819051637692,0.14732278508096036
-0.6787853283407504,0.15344677254022046
-0.6849663764672904,0.11646100359702635
-0.707823331291854,0.07388204356244428
-0.6896405275868484,0.1423969349792842
-0.7031946618457116,0.09085220836851846
-0.7134702770169367,0.053316460273471214
-0.6742964330364827,0.15163264231216447
-0.6583236370351642,0.15344633840798108
-0.6779791984137422,0.10316850462507661
-0.7047777019827768,0.0995075153510447
-0.7107877416867731,0.09296991067432978
-0.7209988483282015,0.09491227397938225
-0.7155343656821095,0.08732425385759891
-0.697596343002795,0.09233557520582833
-0.7270438954182944,0.049308505796308355
-0.6518841508574509,0.16616331211466712
-0.7047331665146653,0.11272854375481531
-0.6926970646541939,0.1304006658230738
-0.6800067873406355,0.15153410803506237
-0.6892459464724981,0.15988580347188305
-0.7117965787680222,0.10005832952700175
-0.7173729056247804,0.12642459721519209
-0.688329544347216,0.13396137771976951
-0.6988436858130994,0.06648942397729372
-0.6785868260282176,0.1013171230939793
-0.6833825611408384,0.11014786783033231
-0.6874558020270664,0.10998980349288719
-0.6593196721408552,0.1728586431552438
-0.715708116851205,0.1286517797264018
-0.6949988251838832,0.09695140319677849
-0.7065382332197545,0.10852815763600288
-0.6544769807700768,0.1430134563348554
-0.6720287078054772,0.15701883834673916
-0.6982393224395351,0.11134762438994814
-0.6658808273745145,0.16239038029622047
-0.6647803016360913,0.12261682903852308
-0.7126737970579012,0.11281804307052963
-0.6816691159275373,0.10971771389256738
-0.7020347580566889,0.12058055494621198
-0.721479226561772,0.0651756696557443
-0.6958859610520203,0.10103849518473063
-0.7102960238803869,0.10767303426174138
-0.6491644336629383,0.15446506391939974
-0.7071055910053705,0.10795874863431532
-0.6930145589089709,0.10207622403993351
-0.689706032806912,0.12012676228857048
-0.7081978741630873,0.12851018419379445
-0.6723963277683073,0.16683161905702418
-0.6752183485315283,0.13493971674887384
-0.7126660213393596,0.09395728837628983
-0.6939435065122349,0.08823446438159725
-0.6891364535483074,0.1394188221971884
-0.6944399618449093,0.08759970969448391
-0.7057194022504754,0.1090746085684651
-0.6892778610039957,0.15779252429786256
-0.6815566377062048,0.11907785372877945
-0.6875538517767797,0.1835154902967517
-0.6563614579581736,0.15458816374592044
-0.6933096942613365,0.10756150487724722
-0.6785977445293537,0.17170520096649655
-0.6706997395034207,0.1572404778368756
-0.7062790544083177,0.09418584837871948
-0.6770455506213753,0.12164608886642019
-0.7033831500015936,0.08836153632802356
-0.7141244540923324,0.05834615679048212
-0.716535354160475,0.10403334367572283
-0.7173706861598945,0.13209340080770632
-0.7243688180386229,0.05648248460690366
-0.6704049975796624,0.1254217988451214
-0.7210918083427559,0.0903926714928194
-0.7093376171260963,0.07757024998852877
-0.7018937340536087,0.1252067085335144
-0.706564802117306,0.11696738956262787
-0.7416772976665652,0.0708655946386571
-0.6442030198730803,0.18367918513354378
-0.6853485955105267,0.15577039341508894
-0.6947361641329799,0.08558073304877596
-0.7179985740776971,0.09911498210890281
-0.6800594502671103,0.16464583307332212
-0.709004012462305,0.09025198874164407
-0.6845402578947158,0.14871276176785658
-0.7314018328960166,0.03264034062302645
-0.7174604604448215,0.12009131612816938
-0.7302055421474809,0.048817825967238784
-0.6822244173898551,0.10123466381218701
-0.6546330480548121,0.13044880432459466
-0.6740716692663328,0.12416229157720247
-0.7197775029794328,0.08844900792500508
-0.7028516533756861,0.14528153845821642
-0.6603720159150526,0.162251387759315
-0.656470310295162,0.15401025447540015
-0.7107024052871471,0.11428178126385033
-0.6764096629588795,0.1203131648387702
-0.677092026195308,0.16054054496336284
-0.7020373505455325,0.07476912765193217
-0.7428383556275604,0.04200616702366072
-0.7324695669094511,0.08850461832309124
-0.7150379218120086,0.07015192363461478
-0.6732932250126086,0.1521767365686843
-0.7190659154828002,0.1159780651678384
-0.7019786449125539,0.10876031373966437
-0.6828483945170993,0.08033978839400399
-0.7063867482208792,0.10965525495762173
-0.6920000883346479,0.08500709439691712
-0.6779337112433467,0.13516550143570796
-0.6988464738977447,0.13298808591392067
-0.7031175853434284,0.1140580892216002
-0.7018610267173648,0.07052304797766344
-0.7207185766876579,0.07801715250287808
-0.7408108688647896,0.06095087958652078
-0.6615130535541403,0.1574319245028172
-0.6727197805559244,0.12590427879560795
-0.7100340472052974,0.12443650150151576
-0.709822386352353,0.12038515610276729
-0.698964340451979,0.08320751357540769
-0.6919655960524447,0.09650454741871153
-0.6791826946180528,0.10751122515379047
-0.717675837949331,0.09398547431457108
-0.6859871230154948,0.1417760290222866
-0.7310712002875914,0.09547998239289962
-0.7178172844961273,0.1141278957917725
-0.6839511978157305,0.15181907009414333
-0.6592042424850937,0.14485932225887985
-0.7185909504647348,0.06213228201756505
-0.7216904607886802,0.11983517874991284
-0.6854163043990209,0.15912613628624314
-0.7393460337218565,0.01221863859583926
-0.6815498977726838,0.13935079851789517
-0.7338077216367711,0.07173751472754696
-0.7227042725992652,0.10680043652449624
-0.6834295328870506,0.15695704558489776
-0.6917952468857942,0.15411572553081254
-0.671708762280753,0.13895206563718707
-0.7126535753771163,0.09543264201271315
-0.6728513439180939,0.1718904773902934
-0.6978261418718184,0.1287830464383141
-0.700904800613865,0.12963891976894115
-0.6720193374890581,0.17437912752523085
-0.7315719455189668,0.10039967936339234
-0.7074592283622465,0.1236633321753782
-0.7384145986879246,0.04658173940423114
-0.6902579428761968,0.11092384715089715
-0.7073577345957801,0.14256092787171432
-0.6701601767237506,0.14367914188649705
-0.6762640751833275,0.17372339187252311
-0.6852235191024966,0.1278188149272518
-0.7023561636766572,0.09027862921018806
-0.7277911591581845,0.10325193139158483
-0.68000631189195,0.14976026238586632
-0.7035293649306071,0.08125181986853311
-0.6450301419336364,0.15926840057033242
-0.6694552007951184,0.13266844505802397
-0.6633627941924864,0.1609086738876616
-0.7046298622698515,0.04977984114425991
-0.7152732472909349,0.07901547691029856
-0.7041866689652236,0.1017784377740983
-0.6790555219284429,0.15610872723555458
-0.6579404373622728,0.17227533425862715
-0.7015928830018523,0.13506699869890249
-0.7228172613482521,0.07271552304945167
-0.686179710827303,0.11892227917082318
-0.6962882249154307,0.12805738544638856
-0.6946189508532656,0.11273101123913035
-0.7097591571168763,0.12467691153581566
-0.6632807229049187,0.18694215405616224
-0.6867423002331616,0.1293043506234398
-0.7004247284615688,0.1290785054043151
-0.6610259943609208,0.1906067748815612
-0.671985619467125,0.1280502391055264
-0.672353694018047,0.17070453536426547
-0.6987060577731538,0.10334622258319111
-0.6975685163380784,0.07552741938594935
-0.6952519098545341,0.13316561508731967
-0.693031147214094,0.15935702618386027
-0.7139923075622411,0.11186877202632155
-0.6685180610156634,0.133829068367309
-0.6849635006364976,0.13710263438868686
-0.6639420678857446,0.12040152615607881
-0.7062785038618612,0.0803100476104281
-0.6707932683882831,0.16885800300557574
-0.6775708334809911,0.14212942185050442
-0.7001463963447375,0.15428970006682477
-0.7054149192946626,0.09778325913175649
-0.6642401597138969,0.17405991423978331
-0.7160439341368628,0.12862855468954176
-0.6836037354564881,0.16173941765386213
-0.6854424844906174,0.10682973627754663
-0.6701209974499872,0.14293153654020227
-0.6598274169437903,0.15795161866624846
-0.7290821191426317,0.048476809181115285
-0.7068823986933923,0.14720798830540682
-0.6759329182366441,0.12980380377618816
-0.6836516759029522,0.1621473272015408
-0.7186000121642669,0.10018574449073112
-0.67958203374509,0.12517559286929855
-0.6786172264066938,0.10338509162730614
-0.7305953054773815,0.04255619349094185
-0.723099203777085,0.04278718931814016
-0.6650277946427254,0.1411818848297336
-0.7291723836532412,0.03775238321466856
-0.6608259767370199,0.16445273497214458
-0.7020466938682244,0.13201788830132372
-0.735880622683767,0.07852901970368377
-0.7038276148905983,0.06661339857763897
-0.6749246101805099,0.11937739705035708
-0.7018693615143466,0.11756020630574868
-0.7047402737386164,0.13182817770042513
-0.6631043602642233,0.1343326438052832
-0.6984142425354244,0.13412542708740813
-0.6828491043394023,0.16959093659467742
-0.7127451773694763,0.10819715779614308
-0.7145024986256397,0.0642444911718473
-0.6734141990297067,0.14080920088857266
-0.6655692898450817,0.13200392554722257
-0.6665972113046266,0.15434791614748575
-0.7095363319709637,0.07097389787468472
-0.69094899486439,0.11391010140078754
-0.7190630375950119,0.08806792164416968
-0.7320447809878415,0.11249320021931564
-0.7186268880837678,0.10607120976555913
-0.7077052523117751,0.10305342707073072
-0.6851965753482667,0.13246076295485346
-0.6950331360020835,0.13003071642336592
-0.7180276390531337,0.07552325287873593
-0.7041668145411367,0.1633073746678302
-0.6942472924762214,0.13295117917402688
-0.7230654393449747,0.08641533150007186
-0.7182776728555058,0.09504726827668865
-0.6803064018644448,0.10268553829212926
-0.7151520839832584,0.11247124699123486
-0.7011134513276464,0.09297719993220865
-0.7098243413462157,0.13169878007401856
-0.6731654545632162,0.15260986445846306
-0.6897496941505047,0.14509639720265402
-0.6586046412568956,0.15527386601893606
-0.7189700172481425,0.06452501923049118
-0.7039175311331318,0.06915069074577718
-0.7001840382056617,0.14086773181006113
-0.6988783229127185,0.11866725871455627
-0.677823248954661,0.13329912415514047
-0.7009995876423823,0.10955416244599347
-0.6612763208678369,0.13937886742481972
-0.7091087054576485,0.08739951945301451
-0.7060515070860252,0.108484695811759
-0.7244227910828225,0.029331596076012267
-0.724318328333561,0.041048400673588364
-0.7091885802543384,0.13885746747517294
-0.709852169311092,0.12370641583234256
-0.7278542440639861,0.12264320383953389
-0.6761737096792608,0.18706202731101557
-0.6802578516750349,0.1168971183171141
-0.7335667502354402,0.04007261504617456
-0.7077141176733389,0.06348884504809481
-0.6870959967141802,0.17232240885159808
-0.7147756028716162,0.09354233765724565
-0.7193630967700888,0.0931061980714619
-0.6816261273717628,0.15350394406156215
-0.7095013174653284,0.13168094601533847
-0.6856137271969094,0.16729395103777353
-0.7320833158831666,0.06587219653513504
-0.6675829073719071,0.15804991201203297
-0.6829581682217555,0.12425998631498737
-0.6981000083678167,0.11242873937330435
-0.6651429317516744,0.11698376261750339
-0.7128999644272019,0.08950437989667638
-0.7067135772284888,0.07137709397760914
-0.6697115322898716,0.11369626050547248
-0.6854845006331272,0.10663064156578378
-0.6659819057868193,0.15852719377616206
-0.6983626020230678,0.11150555910651677
-0.6708354326015683,0.11433166360141303
-0.6632831464433909,0.1442025151641911
-0.7261538431837179,0.10361522351409709
-0.6783289644204085,0.1265292872228268
-0.726738651134624,0.0770190360760988
-0.7310118559323833,0.11069332511576713
-0.6747944330088895,0.18588436562674654
-0.7430716558982223,0.06313760619851753
-0.705666121220972,0.1028195298910875
-0.7316214995377883,0.06248252409728113
-0.697177166987893,0.13343245420967292
-0.6659523481963118,0.1283049987154576
-0.696360846117892,0.0874973622478421
-0.6922789550021176,0.14560159975382334
-0.7099916893710138,0.09987861541662545
-0.7357563481453703,0.053821544253863964
-0.7325912980530118,0.05902402387182643
-0.6694419128901784,0.14959182852568495
-0.6820808788907488,0.09800357716428998
-0.7182163892795975,0.05792843176933466
-0.708466695997906,0.10373073060305311
-0.6733311333559203,0.1555847552162452
-0.6969575451853899,0.10903202820764231
-0.6800296998158367,0.16329004957725302
-0.6986070775902751,0.13132797695765036
-0.7050706948207289,0.10219241653697735
-0.7068665850582521,0.12858133221057808
-0.6677941804892482,0.17121920122282624
-0.701394198303057,0.10521934968934724
-0.685815699913422,0.13816700431163303
-0.7022291106868656,0.06989649909101658
-0.6909672923195199,0.08939352184065769
-0.7176704676998934,0.08356136116297379
-0.7162669622507183,0.12990566020395514
-0.6983866000863946,0.15363566922494837
-0.7046780263893833,0.10343817805771786
-0.6729159176056707,0.16547611181245758
-0.7050334811218111,0.09107661804991157
-0.6674550953753517,0.12850189583796506
-0.6859534694631688,0.16389847176591923
-0.7202694433632254,0.06297698786541638
-0.6819527664071856,0.14237805495649974
-0.6737401108382294,0.12257473896883087
-0.6819598883430055,0.15257287332284508
-0.6928467338348755,0.10231026655957648
-0.7193915571729624,0.10196855217273715
-0.689803302723944,0.1451016093964698
-0.7077913792826704,0.09455266437567197
-0.696058244322217,0.10302518646056492
-0.6997456740362542,0.12549462931730263
-0.7074826068822093,0.14303943561459437
-0.7056018657602157,0.11519248169644998
-0.7319908197092042,0.07217963569510709
-0.6778635619599318,0.13288969897419287
-0.6985015065906518,0.07318053522185534
-0.6784685875924148,0.144981929687675
-0.6953431180088309,0.14089451910146597
-0.6582235975250678,0.14276751659001813
-0.6667641392374518,0.13726092287677738
-0.6713284533686044,0.1807140746859955
-0.7011597827621776,0.12929330723766844
-0.7086970704977356,0.13968174771604636
-0.7045528733446564,0.06826264127614079
-0.7176720875010171,0.04707308933668911
-0.7041738066587321,0.07944419484838411
-0.6894502261945672,0.11263077172251007
-0.7014307162836979,0.07263084275227004
-0.6846141527934018,0.13399069821051016
-0.698546632139742,0.08734423150902142
-0.6815235595405332,0.14521309094695786
-0.695431753996761,0.09001022900626857
-0.709548174071609,0.07019552245964256
-0.69711326735323,0.10071661483938694
-0.6965460014347593,0.11509812339552292
-0.6846831128941189,0.1032379955698358
-0.6543830400410271,0.16012852551076232
-0.6990656161800551,0.13984367853686197
-0.7172669236568288,0.07033844677786603
-0.6763942285569657,0.17414549563033693
-0.676442354010398,0.1591508606239457
-0.6765196022353791,0.16749924249286952
-0.6724353773868371,0.14678485012472453
-0.7288162221144175,0.10658574733361968
-0.7127400442245422,0.05421849630855162
-0.7125558812157992,0.09201531740450562
-0.6848232624044436,0.12009652673847435
-0.6908551195698177,0.13765874966770064
-0.7083926462327332,0.09455485414447087
-0.6679892089630743,0.14949946157474076
-0.6963868526219384,0.07532636598943178
-0.691483010161233,0.13406472936904176
-0.6830095261896906,0.13547761035612382
-0.6874007336344861,0.1579497297604249
-0.6981754234519267,0.10086083060327218
-0.6974908137284704,0.1429844869977378
-0.681498130257647,0.13545275520782354
-0.6676772972451274,0.15443304714003275
-0.6972060449011568,0.14288268849095273
-0.7306889060081229,0.07483439890812528
-0.6735502648561265,0.11823181532184697
-0.7317044183931621,0.052889573477072606
-0.7079989987151911,0.11406873449641494
-0.7192868450803713,0.06913027557461282
-0.7046611532065422,0.1524909246016159
-0.7251167429029922,0.11581070570107604
-0.6849027112439258,0.15317973117434103
-0.6730828259168065,0.13920508958273
-0.6763415474472034,0.17086169381912641
-0.6786119679699323,0.15920024735786004
-0.6893767933322412,0.11914879990367036
-0.6705414380914229,0.12594021069022782
-0.7179957472777673,0.10911456984459854
-0.7156004453677807,0.05910677174125216
-0.6894178976352451,0.10529746706315128
-0.6871264827635631,0.09494236624133448
-0.6797957292738658,0.0977841061662077
-0.7225516059986057,0.09884575861189877
-0.7226411525291526,0.06845597865446781
-0.68054761654656,0.15561825725016168
-0.6933835264208761,0.10104284677465744
-0.696063820592375,0.1291623972813566
-0.6623887822070628,0.1879295838285806
-0.6873397866418854,0.0811074767126873
-0.6778085052593188,0.14244402412010748
-0.7231051895082486,0.09420861224882932
-0.6892667793393937,0.14909763981205162
-0.7042141385889852,0.1257753496641351
-0.7126051065582655,0.11318265085556341
-0.6813228179655959,0.14836642371424846
-0.691574579521008,0.14594719480372542
-0.723996492385346,0.0800685817370678
-0.7239742107964517,0.09981346950909965
-0.6880972663607339,0.12138195173045577
-0.6594029459989315,0.13537197776631912
-0.7020294939213269,0.05592796655809115
-0.7072999289199583,0.07144410090065419
-0.7188137031430061,0.09667815738842397
-0.663894254626193,0.15211355615380728
-0.7199839940909061,0.0896548964052881
-0.7223973693891479,0.08627189770897592
-0.6975338091548754,0.14084065637105764
-0.6933264786454006,0.11804760721838203
-0.6765800851724086,0.13225552693827503
-0.6664242216552605,0.132600697603429
-0.6659550147877675,0.1798438027265152
-0.717166783488467,0.06611575397635078
-0.689895107839744,0.08328168448445296
-0.6673349044713341,0.132522182395784
-0.6794289546003389,0.12184740976898745
-0.7049175517359676,0.0851702582791653
-0.6932969314139925,0.10726884734888092
-0.7359727303175542,0.05634612402472587
-0.7147418747355372,0.09407667534151948
-0.6893540455063063,0.1070621461527621
-0.6647073387286495,0.15592448680377946
-0.7143804746147367,0.08888164552543228
-0.7017598680638103,0.08637457660446748
-0.6820517937024445,0.13303826797402432
-0.7149391533662263,0.1126157516164426
-0.6668706592909595,0.1665445273238122
-0.7216516619353741,0.07114690623373787
-0.6958878303077718,0.12471740963677469
-0.7016830708688924,0.08422829695112971
-0.6967329749853225,0.09751271435226509
-0.6892786309515295,0.1569762413607746
-0.670530548997438,0.16845109628157354
-0.7285034635398939,0.09865306580569397
-0.69291911155743,0.15186536795818323
-0.6990822086755089,0.11844002161568785
-0.712526567545955,0.09530071062324552
-0.6853305536108772,0.10287936359930296
-0.7071616451255458,0.12032695968415723
-0.7043755471475186,0.06123842518094468
-0.6838954617639927,0.15324264372914234
-0.6752691864136008,0.1645530275976661
-0.6778326416992015,0.11966170876559432
-0.7029911535872831,0.0714578312911294
-0.7218190425048071,0.11884409392123287
-0.6577857330066532,0.1818309284850309
-0.690604348743732,0.11305347796608492
-0.7003064569623847,0.08823281300251444
-0.7034948630566127,0.12138878977110447
-0.7073501192168117,0.10991076355488676
-0.6863722790694973,0.11101445694676354
-0.6919321966293515,0.16457762814904983
-0.7090683940589215,0.09742180888880803
-0.6765012998364937,0.1037586837641575
-0.6899284896228248,0.07724036838054138
-0.7000764561993721,0.060046467336899424
-0.6766573368463341,0.1509029445543237
-0.6858821251428786,0.14672693917561055
-0.7013189455542707,0.0711222798013697
-0.7013809620786874,0.12428984558958596
-0.664405099445722,0.1581105363586403
-0.7164540567043846,0.11260419198591719
-0.7355424801050665,0.07417897191523276
-0.7014065852129654,0.12620103877875313
-0.6721178354155911,0.1433446285183395
-0.6691416048001827,0.1320296772464548
-0.6869761516267099,0.16076967874764647
-0.7163444267207364,0.0529176673926592
-0.7217938670652011,0.05569092113481186
-0.7180286014979922,0.0815459476478701
-0.6958329046529346,0.1502828800643615
-0.716768113581373,0.09790556584765114
-0.6923076497630815,0.10221909225421959
-0.7007726673269928,0.1333615740869839
-0.6997229433671011,0.12683107211131567
-0.6600322092892131,0.179458605111289
-0.7253380142540939,0.06384017300413693
-0.6878156520052832,0.10858286729625498
-0.7064254658987045,0.10652121676148023
-0.6892466855876141,0.1453827549223279
-0.6955896536070423,0.09574547211900179
-0.7104918007550138,0.1345313709816832
-0.6973419152859669,0.12163058528200399
-0.703864377933073,0.07718197249937488
-0.7472084819784598,0.07633241384977757
-0.680549335599636,0.14065174884803575
-0.7087531206231618,0.09602429094303963
-0.705742829172084,0.10342299526145995
-0.6959405244328598,0.09065254221502086
-0.693202707446334,0.12974363373983785
-0.7192959260668587,0.07353085089668362
-0.6984206698637933,0.167854348846721
-0.7019142495737164,0.12137604781359632
-0.6901147001089452,0.11923008637048498
-0.7036971121790547,0.1511646972294217
-0.6636039857200273,0.14007444130975957
-0.6947872978277815,0.11527935539991557
-0.728230519449772,0.07537364745221121
-0.7248822679445428,0.06438942287140376
-0.6876254990337142,0.1576632582592411
-0.7311024423374409,0.07121809025415207
-0.6598127813223804,0.16803534537393805
-0.7170030392945437,0.10068755056533593
-0.6887532606131115,0.14518490209486914
-0.646551618460566,0.18544899153998065
-0.7177592648094936,0.11334874031194542
-0.7122828662894432,0.1005818282160825
-0.7038607369505531,0.1369490378139135
-0.6519897761205091,0.1856268720650335
-0.7209725115618889,0.05765593650784321
-0.7004537813439234,0.10513837456245452
-0.69310203578563,0.09059853268320957
-0.6612150750289834,0.16629100048685513
-0.6928797585322892,0.09646798453362368
-0.7099826606584235,0.09083459531183616
-0.6751493915359422,0.17120211266803018
-0.7143407908108982,0.08338666110707203
-0.6590126391279311,0.16003550115551218
-0.6945774986784377,0.13505808250618637
-0.710816346403507,0.05270188960718921
-0.6998385495975235,0.08241763485563679
-0.6591938646451755,0.15571236020553725
-0.6946824669787964,0.11772963951793469
-0.6794279741832178,0.0967981883711717
-0.6763171632964718,0.16736435439278272
-0.7351210093371132,0.08023132648390828
-0.7417128901250464,0.05496552371019176
-0.6929324001202887,0.14535604257269313
-0.6857285051623612,0.11705596245389793
-0.6843333953066109,0.10102511369017542
-0.6890082465851505,0.15344966394111387
-0.6837219173813741,0.14843461764690688
-0.739008676373481,0.08519534180784522
-0.6967143689503051,0.1209022783913643
-0.6611767805560342,0.1411396876595188
-0.7119768748119966,0.08775862491554368
-0.6883246222520631,0.14993582265054992
-0.6803789841787777,0.13779899030343978
-0.6705613692725947,0.11278154408865985
-0.6515770732326466,0.1985315361514277
-0.7122865778955246,0.036117038597957285
-0.7185054495676088,0.04766743416765622
-0.6862300476664922,0.1755932246715416
-0.6959361218517908,0.113825633298802
-0.7088281588417179,0.0691749596792903
-0.7035614248306901,0.07381412758647593
-0.6663186924576134,0.18940614929460742
-0.7170942203877226,0.08486451214648821
-0.7478935547071835,0.0543783760878543
-0.6734296218503665,0.1465391526813178
-0.7012797916025807,0.12921798296334547
-0.6852069606945697,0.13984475515219444
-0.7350102966775617,0.04938449145430252
-0.6607485404854113,0.13273948237571967
-0.697729575818848,0.1111380701552286
-0.6962137598832784,0.11918247725505143
-0.7152416919250049,0.10084932016212607
-0.7039882100250936,0.08306262950058348
-0.7247658762791466,0.10144045432965228
-0.7347285303731211,0.07956004579857492
-0.7008854466263688,0.1405766724415639
-0.6831981680059108,0.12864813821486046
-0.6436204399193723,0.16609801069172722
-0.7134081074837929,0.07889349205960991
-0.7431755951629343,0.08088104996107692
-0.7001784722545399,0.11016140457665566
-0.6933993470595321,0.09301774689450386
-0.6647326384572354,0.16128167320603515
-0.6581453273736064,0.15409255403713246
-0.7024930460605516,0.11169676318250725
-0.7034274950074844,0.11326958901898376
-0.6743311622620802,0.10265570132087878
-0.6893777147633912,0.09513224330948733
-0.6590732899841328,0.1775730027675522
-0.7039586590742899,0.12557102746585755
-0.7274539583307464,0.04689340245508092
-0.6930295080158494,0.09233673917005424
-0.6646169660361314,0.16682611398375305
-0.685838182663322,0.14459208935704485
-0.6694233673207449,0.13182998892932674
-0.6889894770255496,0.11830400015287687
-0.6727924917519735,0.1503117381708248
-0.6534614788353406,0.17468016567806877
-0.6916282930007369,0.10866089398972367
-0.7068760425429991,0.10661834768052571
-0.6852281226009199,0.13004599983130977
-0.6943573626693724,0.11158746994023912
-0.6759293985282555,0.1221324725936545
-0.6875041061155214,0.11706053670631363
-0.6818425726676656,0.14692460393565157
-0.6808296645132665,0.14191778690983844
-0.6734701208558902,0.1601824721803544
-0.7257669970299472,0.09133364351979659
-0.6871506381861583,0.13152211678068396
-0.676459506840013,0.14228298778266885
-0.6969535732602916,0.08410046283358412
-0.6711746728845057,0.1505961013317731
-0.7268027276100013,0.04266775118981503
-0.6670611368475706,0.1650549229923919
-0.7091779947704404,0.07293167361190767
-0.7121576880330002,0.07983902511458019
-0.7116015680222018,0.0674817149834763
-0.6862197076159156,0.09103124336787423
-0.7061029987735792,0.07106565918911113
-0.6983131096760663,0.1234885623717402
-0.6668463547552277,0.15923489277700284
-0.6940179488496826,0.1114533842315545
-0.715782127449965,0.0665523445220322
-0.7316835502381048,0.09662966254230317
-0.6948456613495007,0.14002056947657102
-0.7028321494711197,0.11331927086323085
-0.7029797428937873,0.1088629338565043
-0.6736144586134664,0.11879961976056891
-0.691165555424065,0.1279692451293669
-0.7188244573038212,0.05731947216688584
-0.692239991832154,0.10616082340422582
-0.6766120234778604,0.12928770146560184
-0.7121603331446329,0.0845468745396277
-0.7399529264042384,0.0664406088283534
-0.7123750160221837,0.1021468376711255
-0.7219408912685006,0.11469000659285426
-0.7051456073223153,0.07090400117819229
-0.7147182173107312,0.047258006391078404
-0.7142838341032618,0.06445886521836436
-0.7073285819915839,0.13245563337430685
-0.7100713561074201,0.09791185619812605
-0.71605484172376,0.07303496508490448
-0.6925190609472625,0.12088247671904294
-0.6815300293400117,0.12258172143749044
-0.6917187739563706,0.15337914518338655
-0.7404987373000449,0.059031043280634604
-0.7041876362141437,0.1297986511693674
-0.7164284841429953,0.09684546404655192
-0.6928123799709536,0.13995556048923785
-0.7106472761997437,0.10633168069106919
-0.7222188431596503,0.061657563294949036
-0.712723863114322,0.10283634259070866
-0.6599688872030902,0.1438698275115449
-0.7158461707777048,0.09263311029620809
-0.6935506787634959,0.08109103778642629
-0.6999079768495782,0.13623958623632906
-0.7159551355268792,0.04523555309730426
-0.6883977892275592,0.09475721907089676
-0.6870140741549122,0.10875989300339832
-0.6720986322358089,0.16700037322014497
-0.7065324980614699,0.127775395140338
-0.6929896559018806,0.1628963423161891
-0.7021241557983422,0.1048489217663315
-0.6701004667697676,0.14347468597833643
-0.6952306462858953,0.12186322699344626
-0.7237412182849118,0.05698156205590317
-0.6736994427755243,0.1277711714769882
-0.7097970054185111,0.10712134508492017
-0.6644295632067948,0.14290857960589673
-0.6773245513267712,0.1513122674255141
-0.7171567340550133,0.08626389670706092
-0.6849530009771065,0.11449721854996465
-0.7367215115450081,0.06447550822642809
-0.6655538219117343,0.18930323064970375
-0.674337042217775,0.15759394743181315
-0.7064791836714792,0.09420557171358425
-0.6725214619898946,0.1513377367507243
-0.7093648549483228,0.12773622774120572
-0.6992594777698852,0.09649488739390329
-0.7121784223494981,0.07711348382513611
-0.6766826409683498,0.14929465015520554
-0.6732765018776697,0.1450448948317223
-0.649886210796921,0.16982228136983868
-0.6914050812678254,0.08129190099861432
-0.6571666132008397,0.14490983878138589
-0.729724745204113,0.03981450907365122
-0.7150263530696485,0.05228145278165909
-0.6667533769580946,0.1254141164049601
-0.6425296971304667,0.16627468563017908
-0.6870828985214144,0.12335492696922543
-0.6736253482974922,0.1445840787682844
-0.7037666529490558,0.04977683505067903
-0.7109066359423848,0.09149701878751113
-0.7097105830774818,0.10371630752067487
-0.7125823040555029,0.06430013164617496
-0.6753201574712074,0.16772991362942474
-0.6807541763994936,0.13318969772214945
-0.7013530952736228,0.07246069947703533
-0.689454739683539,0.14665328870292735
-0.6718058033656993,0.16735239944060326
-0.6605589279918843,0.18944481292381513
-0.6709748758895957,0.14123064199117977
-0.7271365788814158,0.1047737712324011
-0.6995623794676329,0.1409318958374165
-0.6917147683388358,0.12608603846049352
-0.6998039615220873,0.07079762956525927
-0.6854518440044711,0.10815101937269549
-0.7014605235140927,0.1260400067736284
-0.6752124015862156,0.1616339611189442
-0.6989944919349019,0.0661113341705878
-0.727708997989847,0.07686270004854451
-0.6770499612497932,0.10588218760966994
-0.6643579809394123,0.17708661712981982
-0.6912514423035251,0.136171686992543
-0.702496450585874,0.13859988301431014
-0.6850292113442513,0.09913028300859535
-0.7161827272740189,0.07826266140170256
-0.7010282186445165,0.06666467035652342
-0.702591161316244,0.10057274779532109
-0.7125811951337063,0.11391323321446219
-0.7055813723699573,0.11873264442935208
-0.679051512247334,0.13626941425413058
-0.6543954146971515,0.1844297699138844
-0.6888383381172216,0.11041177452813315
-0.6855895964125333,0.10479697333385726
-0.6692993251280337,0.14561542971814953
-0.6630816165716726,0.17084192999535738
-0.6730668935719594,0.12773647827560505
-0.6965727128582453,0.12777955906155716
-0.7340372123316249,0.08460076169865176
-0.7005654982550993,0.14418345175056269
-0.6952493004003127,0.07395330406048775
-0.7126493255112063,0.08967858435442831
-0.6709398908071194,0.12404510185654222
-0.6620511795278035,0.1569568458701424
-0.6970226498511618,0.12986709471544905
-0.6725991446103734,0.16142640496202929
-0.6786453254398002,0.12762353141145452
-0.6991062043308417,0.151961373583875
-0.7148100733474252,0.06349044936763232
-0.6841204362059278,0.11608431952253356
-0.663241727757348,0.17139018927693003
-0.6766650258927215,0.1329661747456613
-0.663943218121791,0.14962733280479631
-0.6595635124463235,0.1475382973431957
-0.7409772672243986,0.06993839826392251
-0.6894358905841833,0.0932199591613591
-0.6797828749999295,0.12733515175361304
-0.7155351460900442,0.09343544192231933
-0.693704411091272,0.10144493158303663
-0.6846799979672911,0.12000470921262285
-0.6882919487241417,0.13541947282769412
-0.6717069563965762,0.1780535649235697
-0.6823341291188638,0.11662166399983195
-0.7404901243712633,0.054910937452483495
-0.6768146126442689,0.1283938888497211
-0.7195476908799596,0.05768816920496985
-0.6980621463653126,0.1064694736195895
-0.7126852167255917,0.11584939550324973
-0.7053795555870318,0.0820513882358001
-0.6960991387191366,0.13372909421007326
-0.7250479691922807,0.10268830295064232
-0.7039020546198178,0.07349257478521563
-0.7002259029213361,0.1592362866956954
-0.7214893273319248,0.059910584849482855
-0.6923787314825478,0.10335171969754618
-0.7202399729853454,0.08451292216374502
-0.6543273121199981,0.1588852031309364
-0.6526468284021159,0.18330547839091085
-0.7153380622602108,0.13054674669791885
-0.7262013044607559,0.1045534296070297
-0.6999472296606998,0.09949304108998927
-0.7431239179147726,0.02529569982647812
-0.6955051190889128,0.10379515239900977
-0.6659742676479229,0.11143653400123814
-0.6822650483129867,0.11497483031618877
-0.7274504012695987,0.06898674134100155
-0.697409795865702,0.127255941028406
-0.6729258665573067,0.14995488432594128
-0.7024327144495965,0.12369788034794629
-0.6858538663095606,0.09695741505277049
-0.7358302853767609,0.050359033957720165
-0.6889565226551099,0.15984594255950368
-0.6984757372710507,0.09785373289016355
-0.7190498716692226,0.08868559926306598
-0.7047111508501942,0.08606669926091573
-0.7080345445829302,0.11572504777225212
-0.6851915069244447,0.1376454628391583
-0.689890607021814,0.10217302793383402
-0.6901461892493775,0.1382307687251479
-0.718946422228989,0.11448692789162813
-0.740407855381773,0.0474403297873063
-0.6717405486836671,0.13078229425965865
-0.6918206957735726,0.1236990242449506
-0.6838075024249222,0.11758768375455195
-0.7048255920644128,0.14546755675352846
-0.7483301416295765,0.06676319629597083
-0.6917333090147834,0.10920337688617802
-0.7258671349582322,0.04054202167121096
-0.6989672245681894,0.08888195272161044
-0.686040535525497,0.105023216012692
-0.6987534805309418,0.11495399644666117
-0.7190429371580012,0.12208377184456425
-0.7144557889669083,0.07228518826042987
-0.6800181661071378,0.1392317691800031
-0.6907761367337788,0.1411505620558576
-0.6774985039272627,0.14813058960542078
-0.6725014718565102,0.09831687398342431
-0.7128947938739749,0.06158128099354685
-0.6743963986047394,0.10397026663266035
-0.712640205093819,0.08666651428942361
-0.7256685557822679,0.07395432019322547
-0.6773562758911092,0.11646750276023636
-0.6997220214944951,0.12720251413481332
-0.6845974395235218,0.09340975814989502
-0.6881291049881256,0.13240170529717565
-0.6718860248905199,0.11671986784864374
-0.6838700333884092,0.14173862660211373
-0.7325294710328482,0.07740592313367049
-0.6696388939800231,0.13397512831881983
-0.7218982946937664,0.1170717167994061
-0.7327394575813208,0.10163750988685821
-0.7215425103785228,0.05614987829022772
-0.6767916197156228,0.17551715997520356
-0.6761447834510286,0.16727012132018151
-0.69869542344498,0.10866434849045703
-0.6720687753626124,0.1371302642872173
-0.6971479681308358,0.1275055247378292
-0.699579661285836,0.1082419284455912
-0.6779440098803435,0.17507565070757988
-0.6961129810706165,0.10997302473242615
-0.7075320096315083,0.06827414637338051
-0.7143279995731137,0.12859557177465497
-0.7131306354611505,0.08891749690042634
-0.6691659387472638,0.1512789500994714
-0.7154632144585729,0.0753293398541651
-0.6789760486182669,0.11024225546109527
-0.7326678237391137,0.09286902764259401
-0.6983971640949554,0.0896892711088932
-0.7004690359393504,0.1332285546280927
-0.7285513994023173,0.03226746203849194
-0.6927488510060039,0.1498588637673023
-0.6850251548958783,0.1529204357490951
-0.7021604465335438,0.1330172765181851
-0.7010747692437379,0.128074431413581
-0.6692313423915082,0.16346387229229573
-0.6904743887134122,0.14599150525848092
-0.7072621730134712,0.14090173786609722
-0.7088843352373045,0.09971852702789576
-0.678593053801684,0.17366059078228469
-0.70093375765733,0.14870177536993306
-0.7125095847647346,0.08968127405191938
-0.7213458333170182,0.09087374277450772
-0.714868295098071,0.1340051403127845
-0.6639035655410871,0.12208529011963018
-0.7139977658704593,0.08566280611070194
-0.6897176025242092,0.13130791808682687
-0.6732522837791179,0.17549007919739015
-0.6588462047824567,0.15863187447602511
-0.6808465330951514,0.15452553514750705
-0.7142734150888782,0.09327682886830495
-0.7011426363251886,0.1569661344700303
-0.7186217114214214,0.10220134768650953
-0.6612275326976533,0.1917860032019243
-0.697190036213024,0.10311774516749098
-0.6952738235857586,0.14980732916508593
-0.7004785458459776,0.10064403455758043
-0.6564374630770121,0.18672173057188365
-0.6625610720718093,0.150381046679186
-0.6898925682337518,0.07969707371641979
-0.6921163607952294,0.07857043741008087
-0.6787092694646905,0.13169354877516187
-0.6905503444526307,0.11403253738875489
-0.7023363165992478,0.12593566779798696
-0.6876974192235561,0.1035587704131281
-0.656914945538347,0.14810890053282375
-0.684542384209514,0.1506672533591393
-0.6822780988442049,0.13521990969494213
-0.7009789382476894,0.07083471513700895
-0.7194049036543438,0.05177441458512531
-0.668659874680779,0.14210696760243144
-0.6949595522388089,0.12271272295394259
-0.716650510319218,0.12459491932971248
-0.6764488026003065,0.13756301049371109
-0.6725840329544123,0.11422536229771861
-0.7253468554398873,0.10855957901066302
-0.680243095586545,0.13177626389921843
-0.7228496128743176,0.06074035866363659
-0.6858783138376853,0.1311695011826908
-0.6685956207742946,0.17224491850453758
-0.7191688227825948,0.05693583247749761
-0.7241241553744734,0.0808706190405305
-0.67005910640406,0.13932208567076704
-0.7213024074548225,0.04426198902563197
-0.7331896411561762,0.07730943636923242
-0.6659395978529552,0.14510690008439792
-0.682872875467092,0.14371596423296745
-0.7012830132106512,0.07267164859528011
-0.70402143172776,0.12626111585843997
-0.6779046906307994,0.165956327766599
-0.7489839860604242,0.05906193172406134
-0.7004397886908381,0.11051549928298712
-0.7091963249554506,0.08116435882397413
-0.685358568701561,0.1002091290717946
-0.7052144293499855,0.14519724081500907
-0.7034612333381239,0.134342823540573
-0.7313341306263443,0.09665063693436843
-0.7323037082488842,0.0957178542714439
-0.713215601890072,0.0894574021030681
-0.7266201436891685,0.0416105489064705
-0.6985162523095371,0.12995781945249268
-0.72275876313976,0.07861046530837383
-0.7082524714942547,0.13945556571193704
-0.6556291872919078,0.15393243747835736
-0.7254888814895714,0.0857221499559377
-0.6796561741070362,0.15806647341417443
-0.6886446169024123,0.12840474848819916
-0.7136924045004861,0.1384352830427512
-0.6960333458175698,0.10569548527626879
-0.6978452307471749,0.10119241813853448
-0.7040190743532189,0.11237159484850821
-0.6969253738426049,0.09620800426011286
-0.7086677531942379,0.08209780151689047
-0.6948789565130862,0.07831005959264736
-0.654760943425212,0.1600228401931808
-0.7182059584763049,0.12706559553047928
-0.6912461106219907,0.08830488312772165
-0.6921913624026697,0.15365685166461573
-0.7052379072780527,0.1301442604451549
-0.7154550832464891,0.09622981323660282
-0.6881069857859681,0.11167638566183945
-0.6542508919187351,0.13486427900362974
-0.6915632992094574,0.13026703837917197
-0.7182498410720688,0.1066961152692144
-0.6575503626785967,0.14437794342909369
-0.7140060094948187,0.11189306895046132
-0.6947946354090708,0.09172161224679674
-0.7158530955321827,0.13020006815249585
-0.6892623496389476,0.1349115133461042
-0.7037069516850123,0.06145565261148487
-0.6710280831464841,0.1070083295089271
-0.7227904364097809,0.08799309027982007
-0.6833873390087639,0.1685090103232883
-0.6962662881049332,0.11185198912426579
-0.7068921970935111,0.14997734198272736
-0.7201742157069332,0.09997570240828996
-0.6775936812130228,0.17175790731701432
-0.6944880019884344,0.12241657307113696
-0.6999979398295237,0.12358346620824882
-0.7072407360681732,0.08374776443445965
-0.6584592693553094,0.1758206181715336
-0.6904865720552688,0.10920595696100156
-0.6642895378538087,0.14715056896857326
-0.6999976078478456,0.09405553028168055
-0.6921096762097234,0.09858510956269151
-0.740139840743755,0.07252102592920083
-0.7222149466595341,0.12269068836866708
-0.6606797240291549,0.13377262986305155
-0.6979001456920835,0.11933220853921422
-0.6797503244835496,0.12390178865187346
-0.6618578703234235,0.16910001366801994
-0.6774468797629963,0.12215034231338634
-0.6842921942114668,0.14089665189257608
-0.7024400751196016,0.1255711219812003
-0.7226722919540844,0.05937868737000774
-0.6992659210976208,0.117739567445418
-0.7286064809236439,0.10041355285076473
-0.6921924883142409,0.0947323767403371
-0.6959488515098118,0.1382974189347868
-0.6871616982716965,0.10436370532845633
-0.6838886757354788,0.1369041283631061
-0.694918829276395,0.07773365963132262
-0.6790958352548391,0.14464628103849714
-0.6967168065566464,0.13054021031687382
-0.6945088124731338,0.1393710289651642
-0.6745348825242973,0.15899316703408983
-0.6934836485395107,0.07557505285519751
-0.6884979661204916,0.15841531863967895
-0.708385866267206,0.05421188132292295
-0.7400780329717065,0.06492539008622208
-0.7024889118789215,0.09836406519656532
-0.7154374158233296,0.09793653768645379
-0.698936998869646,0.1509636411557525
-0.7079021922521784,0.07753763218513514
-0.6557651831378843,0.13360649400161603
-0.6849407817055251,0.1036570348660807
-0.69682654073814,0.14698477582761008
-0.6969208200734056,0.12238481676364577
-0.6651353780586509,0.13313555757166454
-0.6946418396611674,0.11997181107939808
-0.6791606383200853,0.11606810762828895
-0.7121521544746925,0.11021140681566154
-0.7008892095190355,0.11888891931749826
-0.6789481225669957,0.1622717907882639
-0.7076597142825198,0.06918091218125277
-0.7241399607402899,0.08588074028150794
-0.6895843942981446,0.15014622961722549
-0.6898899205134709,0.08941653502344905
-0.7040498736617321,0.11831507046369634
-0.6893209207191158,0.17803216313839196
-0.689011987324345,0.11443650012199098
-0.6908063892953711,0.09969634049697822
-0.6634514943973318,0.1965321074799077
-0.6832075191225362,0.09835253981034454
-0.6515223473481455,0.183820410656372
-0.7138296838229905,0.1039037137943047
-0.6671653385372731,0.1746049503926647
-0.6742951071492423,0.1304409017740169
-0.6979797741956539,0.1265682785289071
-0.682479665470243,0.09241066002153275
-0.6606328914952585,0.16617965214581082
-0.7058176379631532,0.06581313511061747
-0.6746204920567707,0.1397615743381343
-0.6847112991433849,0.11090212932992795
-0.6706776652905464,0.11615129034997955
-0.6513340962643226,0.17603042480672906
-0.7207053505411751,0.07001832388224741
-0.6871616436436478,0.15802122799446922
-0.6830939355276476,0.14244283147593112
-0.6946286973575699,0.15567985177290314
-0.7419308621681715,0.042749581837402004
-0.7511750137988689,0.024276087785404313
-0.6730470362156198,0.12747688292161105
-0.7128411021759536,0.13350147713403962
-0.7153594792603495,0.11155945508108105
-0.6937201656057144,0.09222570040359201
-0.6998013280400226,0.08428003037594536
-0.6719660274443223,0.1308870400044277
-0.675827813845094,0.1782913617481428
-0.7058918512129211,0.1208052350319087
-0.708837917312464,0.07781451234713171
-0.7132057623803476,0.11805836831521019
-0.6905628318048994,0.11808159226880038
-0.6955878808462503,0.09860261534837085
-0.6840145006962476,0.11545560827445635
-0.6847770075587127,0.16321425930932604
-0.6859457802650957,0.10864554963469783
-0.6802727379096567,0.1428636467281457
-0.6817684286353735,0.16329574568851224
-0.7230093184220017,0.04861378293711771
-0.7060669086967265,0.10662444247414277
-0.6770059384539164,0.13787085503161142
-0.6802712899444019,0.15910604561353267
-0.6718086547432954,0.15618434549601384
-0.6774394436892446,0.18165996536732468
-0.691314108903927,0.12167504553837703
-0.7197794877305962,0.11629703225970695
-0.6516666598980227,0.14841393165689687
-0.7013278597510927,0.06951744024294688
-0.6544924340996428,0.1672339183545879
-0.7079095998761465,0.061691424149479146
-0.6947236973656288,0.07295170711188467
-0.7097956726549868,0.09420377508447898
-0.7144556655068248,0.08978965853838934
-0.7011921358148848,0.1071108863177046
-0.7379248079462494,0.0603585947654214
-0.7384765394317628,0.07822572694245061
-0.7366981273601245,0.06964364909514512
-0.6766583932337269,0.15519361857514405
-0.6646819413367341,0.16522619144492864
-0.7183722241369516,0.10591471394631903
-0.6586602082175927,0.15709246334576116
-0.6840924924285063,0.15562602229390338
-0.705402047205567,0.13144290756100538
-0.6860830018630195,0.12691037779921702
-0.7103529481787717,0.1350046282374373
-0.691164953824636,0.12907197756303723
-0.7338388062105031,0.05926769984568346
-0.6833754566224474,0.10837360361664058
-0.7085278597545667,0.11552109289339649
-0.7421142106756419,0.05780763576009535
-0.6946328665809295,0.1139100462593114
-0.6771951474316147,0.14711489731959237
-0.6700755535913149,0.1470290532502692
-0.6784570956066766,0.1304011979782082
-0.6946252016289148,0.12934969971206228
-0.6891049343837362,0.1100910907044696
-0.7200504602980115,0.08672893889791346
-0.7303929194155669,0.08639409347858168
-0.692505360607967,0.1302959103266909
-0.7180468701734053,0.09246447349551738
-0.6745431644432718,0.1451497010143587
-0.6807945488832663,0.14774197503736097
-0.6873384140842352,0.13159061682065923
-0.7186479292727098,0.09505284969207176
-0.706470969082191,0.057809358233340664
-0.658850242096482,0.1447587755498963
-0.6827455855156831,0.11630140829697641
-0.7051363595852089,0.09427683542124667
-0.718603233704341,0.07104303842137365
-0.6760113913209954,0.1336604980171203
-0.7199590395293485,0.047585892163509405
-0.6746749683260921,0.1409776665911125
-0.6650028752923468,0.14268388951616637
-0.6833791213558893,0.1603469262850257
-0.6910203849020831,0.09986199548747263
-0.7184350602275854,0.06723549874511048
-0.675572008953763,0.12056193621279086
-0.6743307195311782,0.1337685478514942
-0.7102022103269856,0.07239427453246998
-0.7219455696793378,0.05816377565431626
-0.7030382017288829,0.11275306162168132
-0.709673838233448,0.12555139852283803
-0.7191845396580738,0.12299163378117821
-0.6521634720268564,0.1339142241464745
-0.7202824894808416,0.10540850558351389
-0.7166653958601135,0.07736748062046453
-0.7134299304348947,0.11485152996536087
-0.7371769815253149,0.07585802481081516
-0.7019103115235171,0.13987828291084473
-0.6944215266858638,0.1659519584315218
-0.6753945475263502,0.173689742767949
-0.6886778057057287,0.16290202235049234
-0.7082036558962214,0.09869427456371357
-0.6949046252193514,0.09762824701671917
-0.6795314227577234,0.14095288077565035
-0.7195883907186759,0.08970758986017888
-0.6730207783140253,0.15299127461186776
-0.6703131478997996,0.11310559469435519
-0.6725742714578424,0.13477787930408586
-0.6917409966531559,0.16263590043431084
-0.7389496972517027,0.08885586284934237
-0.6571064134935484,0.1740971333133908
-0.7294396158949497,0.06607117282739179
-0.6630058550404233,0.1629495647054229
-0.6571111439632803,0.19830367008734362
-0.700976431984649,0.10848252194116893
-0.6649955236945713,0.16233983083316883
-0.7229272651274385,0.05353591610665032
-0.729402663104942,0.08026131100072668
-0.6717218781589598,0.15796613708960572
-0.6903497258865346,0.14411888208598472
-0.6966969387759807,0.12698069387219157
-0.6796453903514306,0.10564502923352229
-0.6679523596009291,0.136534507370977
-0.7264166288552717,0.06708448924183151
-0.673443237197457,0.15348804229925586
-0.6736082860636388,0.14939145049795718
-0.6881815228925194,0.15843815462880045
-0.6741803846474689,0.11557969234110062
-0.68670825578004,0.09152086858868047
-0.6593922597969615,0.17654954060712594
-0.7212094306523156,0.10410363356785184
-0.6924420763476773,0.14751927558164374
-0.6722320007067567,0.12785656405896725
-0.6598795890531514,0.1407604842299692
-0.6991945062480104,0.11660391000018885
-0.6974151059852128,0.15248476529034297
-0.6841824645515576,0.15122853660663263
-0.657474873953603,0.1877052372076036
-0.729454774474694,0.07196462503693318
-0.699122051688264,0.0866389808509687
-0.6776441055508504,0.1564779794298087
-0.7083976231325625,0.12204264180242554
-0.6917513192206811,0.1603119221514665
-0.6572295857857088,0.15461701928232202
-0.6911073320008102,0.12995261293276378
-0.6399298124131538,0.17654135483761307
-0.6978206598821468,0.1539116138979293
-0.6746920974848687,0.17990755697619162
-0.6942567545963142,0.12769977917403547
-0.7189309344565873,0.10834974521398825
-0.6721739934248239,0.12892278453621028
-0.7168025643965392,0.06258434513732099
-0.6722819272987876,0.15816949543862616
-0.6721730972553599,0.16870001742189417
-0.7097089018926354,0.05744727870323574
-0.6957603120831541,0.1373543122040052
-0.6969675786301182,0.09432183985969314
-0.7051816230493607,0.06882661938922136
-0.6987237179018162,0.11909000119574079
-0.7054450326455,0.08668338477717671
-0.6906661967915639,0.1129211147688064
-0.6830357693168992,0.13092143518758714
-0.7371791134176627,0.03835850124893527
-0.7139102950756302,0.11539164448545365
-0.6646285409215947,0.1617146804590303
-0.7020708079169039,0.06410398971833181
-0.714378057805373,0.08135226256461747
-0.6805863623301367,0.1381063542806357
-0.6965320430132765,0.08555316080962652
-0.7301732887280407,0.032930869615134285
-0.735217806331972,0.028107208476780502
-0.7292230137956256,0.0700315553574677
-0.7364410028841446,0.03501985928563918
-0.7081929431045678,0.11514493154914404
-0.6467081331466109,0.17213802606431353
-0.6988892241023033,0.11596624467189388
-0.6846667781130336,0.10410732403718942
-0.7000423860107791,0.10392618732698583
-0.6843139926943883,0.12837806078552555
-0.7236610159352849,0.05582581348779002
-0.6804520052468374,0.13530167098159102
-0.7109946438841565,0.12057622742459118
-0.6707730142383612,0.1599435922688331
-0.6838075854832992,0.17796785812343702
-0.683327248636418,0.11247096965824162
-0.7042618725465236,0.10877904627860188
-0.6840132531353699,0.15711319731360882
-0.6813040165987025,0.14613674070354898
-0.705591538848624,0.09893102188956047
-0.6644684711585899,0.15066025971735844
-0.7231346354343374,0.07800281600014296
-0.6814250390855783,0.13636210535322232
-0.6799892459455216,0.15411619893348596
-0.7099890030748814,0.12384908288677486
-0.7172587979184055,0.11452018214056457
-0.6941970339455494,0.09062839527605106
-0.6855348272477134,0.08133441539447425
-0.7104563238533886,0.09176145715904246
-0.6945442029600235,0.13329256465440825
-0.7071488560509345,0.0558851135242995
-0.7239108340880942,0.06523028834411256
-0.701693648327257,0.10689413259389582
-0.70610681235992,0.12212447882150375
-0.6513835378551109,0.16914760754995398
-0.6594716552288314,0.13982315891744915
-0.7132479489639015,0.12992248125798142
-0.7243599615900915,0.08693196349632995
-0.7162647901528473,0.09053656854207508
-0.7049195955117536,0.08397406174830742
-0.6889113634191892,0.10709229294984958
-0.6845867318762677,0.15885981170934155
-0.6674982582246156,0.13668161251230246
-0.706942377403787,0.08932462032608887
-0.6954276184699,0.1142576789933564
-0.7109366159059364,0.08311534155304144
-0.7081419549017952,0.08671855589030181
-0.688134695717527,0.09498134451940926
-0.7070370705499833,0.1242144909583046
-0.7033920859060752,0.08765938798569255
-0.709124624602726,0.13505807291505725
-0.7078287865596735,0.08047176574530612
-0.7432454515203084,0.045886576798068394
-0.685199186005753,0.11574123505147267
-0.7220116444381742,0.0868195069831057
-0.7103192104126544,0.12353576716261962
-0.7034519564202808,0.09980580170722557
-0.7215271689067017,0.06114333213203253
-0.7416204104287833,0.07916447014244342
-0.689047860699915,0.14512306825948906
-0.6838134380358281,0.16566992354031856
-0.6995155952941018,0.12273220740162208
-0.743045111130631,0.06126190478658942
-0.7156086453379277,0.07017207964964255
-0.6533265740044242,0.13836184543386662
-0.7246332551258069,0.09260150178610899
-0.6607755942762839,0.14335249087383972
-0.6820059006822499,0.10133936665099406
-0.7007847527570059,0.09155497811742239
-0.7089372244421137,0.09615737876606044
-0.6643074868926084,0.14543956380978929
-0.7003599169177357,0.09200385411730089
-0.707327881104817,0.12211701809770446
-0.7018935162584901,0.1212155342068192
-0.7271282360072883,0.1070572389418987
-0.6931951415830631,0.0970633333536106
-0.6973928264948878,0.0983918847569947
-0.7096306333217036,0.0584969585804787
-0.6869229148244139,0.1407787296493887
-0.6735091773794313,0.14934852482624789
-0.6991269366074174,0.11168101186136131
-0.6630538716636021,0.17514933439952676
-0.6848200354166468,0.09687553028147508
-0.6867946978649061,0.11090265468083411
-0.7027260626348683,0.14593984524382342
-0.724233752808453,0.053410834366578126
-0.6763111075732551,0.14879689413230332
-0.7127127570261497,0.04661215276409035
-0.7327696104408492,0.07899356392333079
-0.6942233495706401,0.13409888370241588
-0.7149508485783493,0.08733981195954173
-0.7268197232065453,0.059554940140991344
-0.6819494019579717,0.15287515813372954
-0.7027271207513573,0.12747688093205456
-0.7031636625512683,0.11170940599824725
-0.6937452225009315,0.14181039797011852
-0.7318467065173001,0.07604865903800799
-0.711299770220291,0.10552763581287676
-0.6999323773108688,0.08380177334210404
-0.6895914157543265,0.147760714454835
-0.697842982025631,0.08543883226378525
-0.6888646859091456,0.14385654396784975
-0.6706676806647083,0.1748298640470447
-0.6720614574203185,0.1437987568900378
-0.6699699655497544,0.16630501428628142
-0.7160733482934207,0.103987628966801
-0.6885124868668013,0.07581602035368
-0.6964251606522414,0.11577424039710754
-0.6899576491169003,0.16192930666476807
-0.6890148543254628,0.15001351949322095
-0.7226098889582769,0.0825665967529314
-0.7197526615437347,0.0733800543642527
-0.7281071578483169,0.03635349713823327
-0.6970041494944349,0.08325049619591235
-0.7259602560180475,0.11043909755039374
-0.6963638653508671,0.12400106492465846
-0.7172245319771388,0.0695139639146247
-0.6716308698780915,0.1140766004794181
-0.6710114799520049,0.1426245429746067
-0.6993847757516354,0.119928875026201
-0.6687025717723738,0.15001205130127435
-0.6818340293419964,0.1130864951044991
-0.7052532152509675,0.10064712244366884
-0.7142862663948052,0.08870945554385454
-0.7060360833900156,0.10476771714198287
-0.7396576565323412,0.06395449147676403
-0.6934783405696976,0.10340320790521389
-0.6619891209990098,0.17971242989983466
-0.7353731422317181,0.06548846934991219
-0.7138000573463177,0.08241090578224655
-0.6753283214025776,0.15604647288129928
-0.6919489641806723,0.12769001910882205
-0.6560889366325006,0.1528317051902229
-0.7097055133212429,0.0907171357065825
-0.734015632070659,0.09467465077154825
-0.6921428630132792,0.10457613410007667
-0.7040274330995914,0.058275859053429586
-0.6451885594591787,0.18472739583131031
-0.6699211750090113,0.1545172206378272
-0.7137359403612326,0.10317194352863238
-0.7016863857837919,0.12495040940380411
-0.7203964992138885,0.11288073686900119
-0.6719037227501011,0.16530358922269428
-0.6898802587566438,0.10612078645656962
-0.704975199616995,0.09572797686796326
-0.6743000943511978,0.13651961292806344
-0.6898857155569458,0.10386426304759494
-0.7253129017041415,0.10439822021110538
-0.7145611696204708,0.11302823155873214
-0.692180802638058,0.08180562792018459
-0.6980184349029697,0.14864777252815972
-0.7424292991330141,0.05815060309702548
-0.6790853191664413,0.1401333355236757
-0.7205312389948907,0.09591988419719406
-0.6700308017840106,0.13064839903726935
-0.6659249637650666,0.16510059619499334
-0.7021060083350412,0.12297373799052642
-0.7069489378137189,0.12236792410339087
-0.7036926000434309,0.06203331187887018
-0.7386616093785666,0.0692065663735499
-0.6774637293166627,0.13758685908175236
-0.7070310209586439,0.15123078828888253
-0.7257617072348292,0.07170090567958481
-0.6951872444630961,0.12824246829153232
-0.6784357796244426,0.13634664342035485
-0.6984501985494642,0.13242166462794852
-0.7193085728578004,0.10299456222170289
-0.7206450389981657,0.07167659676809525
-0.6986770937792643,0.10543843404494707
-0.6942145601861394,0.12553405072194088
-0.6925794919607818,0.16550904852345616
-0.7022550657176057,0.07753535211262783
-0.6886050086279752,0.1392574163900613
-0.6748606184437342,0.13761175575174883
-0.6770404015594419,0.15112700623686667
-0.7185774201809689,0.049360920233022826
-0.689965393683759,0.09685277026694256
-0.7166321081482219,0.08560353865700893
-0.688262091742921,0.0817910198546865
-0.6667805101163122,0.15616139424896697
-0.7317507443269465,0.04551729563847579
-0.7102093521947522,0.10854517092328785
-0.6939930722171553,0.1034572970746438
-0.6679212898424554,0.15585757080950888
-0.7002785343747793,0.13670423921393415
-0.6872596373101842,0.12196914605009512
-0.6808564994959295,0.1044880735706019
-0.7235500411442154,0.07831603097310187
-0.671062914520336,0.13804651914336394
-0.7024714269032843,0.11046492660478612
-0.6904171836508919,0.11759623154296979
-0.6888557505507352,0.13079345519163593
-0.6907168543610842,0.12438357386643427
-0.7222355283924127,0.11458244006580308
-0.6986165617337233,0.0873863269277894
-0.6980914471261668,0.14957260297338107
-0.668057446485356,0.17301865217389728
-0.7085346664407571,0.06012516573611297
-0.7177798567235155,0.06630095921457786
-0.7352353355635851,0.06736934730927502
-0.6873876845673083,0.11587209753197536
-0.7203864599294647,0.07062618223615479
-0.7271139579905225,0.06572025260784316
-0.6762640885831964,0.13520011070228852
-0.6950979507598337,0.09706433216077556
-0.6826383194947834,0.12315762312723524
-0.6989505745286707,0.15605935907395582
-0.7012048383204117,0.13573428792960357
-0.6710669739449218,0.15215239524766014
-0.7110939982830472,0.14101213047514755
-0.6867135682597042,0.1157986242107499
-0.6645350757628853,0.16017646179134756
-0.6745926954518632,0.17485131477640878
-0.6760345052844023,0.1538478930467074
-0.6729581766449985,0.12823783233406202
-0.7068204139574744,0.11350724912706393
-0.6770424133111936,0.1571046314046918
-0.7095765287006524,0.07558733701504468
-0.7060055615712731,0.10479971898896397
-0.6820005983154909,0.1619823554074412
-0.7027783863137836,0.06697796861809571
-0.7121217020328418,0.1255098907141945
-0.7124221682858295,0.12367776126061274
-0.6908814047512504,0.12302149463349521
-0.6844246536620443,0.12468522986996325
-0.6803474290152552,0.15801627990992384
-0.7274626836317614,0.05080091203067396
-0.7306193869057369,0.06858288750429055
-0.6995151157199345,0.1489768769808038
-0.7130881824890544,0.11119309263209441
-0.681725370550458,0.1278155911053697
-0.6975736740487561,0.12564615100685958
-0.7353205459899199,0.061518321056565045
-0.7081000157462292,0.15299481468287673
-0.6790804678292256,0.15816506940544403
-0.7440227049420934,0.052867036764409354
-0.7133413507515698,0.11704163153929097
-0.6693204091451038,0.128405531226216
-0.6564187529858314,0.17243209906212353
-0.6876439349237816,0.1477997733617254
-0.7173547317416029,0.11043604887097283
-0.7036226908145135,0.10212379301668782
-0.7067884174400361,0.11006824914436615
-0.7109901221640951,0.12854725359812824
-0.6922942769709686,0.13300293969766222
-0.6889394868188438,0.1212039166791546
-0.7116798943967084,0.116340784024078
-0.6591303568040395,0.18262777951819215
-0.7158157310969974,0.11224564764873987
-0.703392174191348,0.14355803179780294
-0.6705380740437034,0.12372752932484778
-0.7067530849133424,0.0745969163695916
-0.6938261651019517,0.1097407695901751
-0.6973364534193772,0.08918698260304612
-0.70622648235461,0.1546497948424611
-0.6754339071464467,0.15434859470640852
-0.6893690407167402,0.1591045157109572
-0.6993310138803585,0.129724367018063
-0.7132942225896993,0.13986381437424072
-0.6830118104976433,0.13390951082962174
-0.7290747123437332,0.10480677702689963
-0.6763803358810192,0.14363270499705005
-0.6933071494800191,0.11321004719262197
-0.6838595671158715,0.14229289891467728
-0.6911725840479178,0.12439495456960172
-0.6675142627418146,0.1495149174492071
-0.7092009077620002,0.060999399774387016
-0.6919659695372989,0.14570446712688373
-0.7145702450952475,0.10089493884129921
-0.6520591759857531,0.1739952694849873
-0.6742785041671782,0.17756228103341695
-0.7083420466218595,0.0643440310085597
-0.7004861911991587,0.11936601991035554
-0.7087137484105337,0.10911260037528414
-0.6523909010023052,0.16273200184429357
-0.7021876541404216,0.09370164029332935
-0.6567997403180924,0.16350930146321604
-0.7280354705885504,0.04570279545751545
-0.677444870822569,0.13324324636051835
-0.699705268445108,0.1570102493101865
-0.7278763738288597,0.06240723970413101
-0.662635523791905,0.18502523332996637
-0.6990938576793289,0.15207179978389707
-0.6685668764987566,0.17167442146155396
-0.689761836151692,0.15746876788374256
-0.704449545076517,0.1342789391364452
-0.683441207757239,0.14949936505131656
-0.7092843918077274,0.09951001520185217
-0.7058550878481084,0.05836043008866721
-0.6437265488631309,0.16933102501785405
-0.7013518384828352,0.11570560362532578
-0.7155743926776018,0.057152867841262986
-0.6553303132779992,0.14278773159414737
-0.7175623914115229,0.1006012123006602
-0.7097194686039172,0.07312775500293531
-0.7081751967925487,0.12527219845130086
-0.6727951960570698,0.12210848588488339
-0.6829336679991335,0.15105255941223594
-0.7332241647638799,0.04860480501747064
-0.7343049779814322,0.06455730034966677
-0.6764370967869636,0.11307996487224352
-0.6797655277708146,0.12085021911395381
-0.6561689241643464,0.16466432050149254
-0.6690022316803265,0.162827151206026
-0.6780428371445362,0.16488719157323312
-0.6757797232939454,0.14663554287799724
-0.6516953080834009,0.13940658478177634
-0.6853201686814129,0.09746485297090385
-0.7127601281706196,0.13997802183620672
-0.691837279520588,0.09319843841974924
-0.6737109380251205,0.15572668246777718
-0.7170205289990494,0.054771100719732894
-0.6941716129588614,0.14000896482099287
-0.669751122830834,0.17370080034583796
-0.7243628832540177,0.10198072823959735
-0.6875711236273536,0.15727953984072865
-0.7281792619172238,0.08103121748987986
-0.6696179019419212,0.1443040570812822
-0.7151229175005138,0.1262370702763009
-0.6996656807698914,0.09365138343652014
-0.680505193144554,0.12121101310416986
-0.711803129682409,0.11743754198423476
-0.6722751498010499,0.1235010171971025
-0.699483084539639,0.0777493553992852
-0.7264546332518994,0.0755038375889469
-0.7165770178350482,0.08321420595924502
-0.7285464336968244,0.10476285619418423
-0.7028158900199559,0.07022670319432872
-0.6867861736407403,0.1285640354086267
-0.7117648564051943,0.08199443671315815
-0.6983527056699984,0.10743962725056175
-0.6879439601042326,0.1157945379060846
-0.702460855101088,0.09986149964496706
-0.7109995999280763,0.05848600556380843
-0.655963626269849,0.1537790864178809
-0.6675994363349687,0.16941110563063894
-0.7258436724891392,0.04481456030990437
-0.6520043650201311,0.18279299483962844
-0.6874669737995912,0.14539297827783865
-0.7168679168842718,0.10283514064806523
-0.691076681103161,0.12754241931235483
-0.7058589504969337,0.13524999721122358
-0.6956166867397015,0.128434120791873
-0.6633229284624482,0.14305767652467494
-0.7136452653685562,0.11530677979111506
-0.68569301576138,0.09650434503048066
-0.6793831397815937,0.14186780630240567
-0.6962392127883105,0.07184651514396342
-0.713222244511529,0.13877304444885183
-0.7332572495204245,0.0670761285106318
-0.6973685750123555,0.09506029352997634
-0.6811865389365869,0.11076118695139815
-0.7066443985573172,0.10946787898743197
-0.7027727965826188,0.11804338284128349
-0.7255002259034363,0.09118662598733804
-0.686546529540215,0.11590742332846017
-0.7174662538106735,0.09265706804768359
-0.7098190524140191,0.07826257103183348
-0.6754717845545113,0.1658509160389749
-0.6879008967567062,0.1396558388615989
-0.6965605465196847,0.12579206090243839
-0.7195323434964565,0.12100907809391387
-0.693810381728263,0.11719270705934268
-0.6953097128821485,0.07616191784294304
-0.7133103050944724,0.06768849266460654
-0.6536774457814082,0.15195270645000108
-0.6910724018494078,0.11936995731940275
-0.6725042852258778,0.14005920267337885
-0.6631775347328028,0.16475280400932568
-0.655193597748083,0.14464386591004605
-0.6701444134336776,0.12153698575177892
-0.6962290775233934,0.08878506084271554
-0.6746195163935129,0.13303182784649975
-0.6955784319828465,0.1419142990690608
-0.6903312325164515,0.09644315344314723
-0.6879010363311692,0.11582453822036301
-0.6990317491735099,0.11847413941584353
-0.6984337114597415,0.1237143396525746
-0.7385756146916156,0.03316951261464848
-0.70877692241155,0.13460418771528787
-0.6815272936903265,0.13796738469162756
-0.730411159960993,0.07753885213627981
-0.7207962892332629,0.07025787993490126
-0.6780348310859303,0.14126386091768436
-0.7056704607485911,0.1268542694592658
-0.7103493848849107,0.06906743005997737
-0.6800726892541684,0.12812972066677636
-0.6957928640726987,0.1222182306927618
-0.7035380225743052,0.12496875860802806
-0.7328925602287607,0.1124919631140808
-0.7011145593318112,0.09355640030686387
-0.6673419145097131,0.13311100622198568
-0.6756320852886172,0.18454646602453859
-0.6831378437316672,0.1065708753832818
-0.6940583269013253,0.13407404429957748
-0.7166181155529898,0.0657286866939249
-0.7134674104707371,0.07288384170567343
-0.6602692737945719,0.1430267722529261
-0.6808406373781369,0.09664926191152033
-0.6792020042934476,0.14955597884331795
-0.6811011571804675,0.15471924711127438
-0.6707895589563047,0.16537453298254604
-0.6829275610098618,0.11048201011156628
-0.6931647988347978,0.09167879222591374
-0.7116211327119293,0.0939102771201498
-0.673321481693057,0.15914624933921337
-0.6766903142544299,0.15458480523367546
-0.7167926459116474,0.09409167169735894
-0.667361437994691,0.14899916542046102
-0.6865000816272487,0.16459651409412449
-0.6951678674992423,0.10390308604793295
-0.704312442386804,0.09070583196664016
-0.6590184108644459,0.1486630014801522
-0.73164797863776,0.07374592430967739
-0.7004404248968004,0.10277892959695997
-0.6695480355098513,0.17477096475402737
-0.7098523501484808,0.10509397484142777
-0.6717978675039077,0.15626961336080844
-0.6775625741596092,0.16834248826144868
-0.7151141370295174,0.10410316415840225
-0.7082868167685794,0.14316158092489986
-0.6672100504441175,0.14830612831531872
-0.6757047434544081,0.14420230082934019
-0.7110253549730324,0.1128391779496213
-0.6900482703115526,0.10046361318910853
-0.658966453534954,0.14965911354791211
-0.6837726378827046,0.11969084773220032
-0.6522299182973611,0.16541646512151695
-0.6913824887441544,0.1189888754360207
-0.7011441398668942,0.10831300957638057
-0.6894730161044953,0.13155576996173976
-0.6719113456318837,0.12978610442313301
-0.6696362546584259,0.1771640840061153
-0.6851865619767423,0.12862314693020455
-0.6928140454184842,0.09513821923572886
-0.6962319270147928,0.12241529570404247
-0.7024129379126681,0.08935511013922456
-0.7200461591677423,0.09746236818943721
-0.6678998434716286,0.1437217720861153
-0.6846422320034625,0.11468716656756607
-0.6869369632319673,0.10588283158159308
-0.6958209052473662,0.09965245434940037
-0.6835883717785776,0.15059491080644086
-0.7301247849099564,0.09100585216008972
-0.7217652031478469,0.08584808408193179
-0.7015303997667065,0.12125987913341586
-0.6536838993823537,0.17579901534810646
-0.6964006348062297,0.11266193037798233
-0.7032034062047721,0.10396105284136037
-0.7060532272674992,0.12373076271852342
-0.7061877753286189,0.10209655985546505
-0.6968080771206074,0.1288120117565526
-0.7015237095438965,0.08765158524824798
-0.7101607216445867,0.11201581073050612
-0.7079796295282065,0.09281729748121274
-0.6791970193021051,0.12750560557567298
-0.6767816631902019,0.1533560606392205
-0.6828501781716939,0.1356892932276907
-0.7117815817417531,0.10991669489102998
-0.6653343782990647,0.14661851208125434
-0.7056750565109868,0.081545504478905
-0.6972218128301644,0.12901410562218565
-0.6971407971738245,0.13983266466222488
-0.675804069625194,0.11099763866140212
-0.7132638605534021,0.11741420004571038
-0.6979419191694646,0.14657987937669495
-0.6753050038388562,0.13736209177497258
-0.7273275150584085,0.04575912886261764
-0.6955495190849132,0.13016540260457704
-0.7205422250712762,0.0795522653341706
-0.714536853672373,0.03816130674501766
-0.6948202804766603,0.0987054132358404
-0.7053236194769442,0.12737479020286813
-0.6798904034671959,0.1535719126079554
-0.6869021823664432,0.1575193149255104
-0.6763036151719017,0.15840255469154582
-0.6751901825790292,0.16792848201852595
-0.6971810775339637,0.07883026119369022
-0.72633213846273,0.08642081838410035
-0.7087448721150932,0.14722610403335276
-0.666317520345037,0.14642285664993276
-0.7052127085844834,0.11301491553417474
-0.6911093703773109,0.15022240424080888
-0.6939098021379432,0.1503718384616039
-0.6876741566928565,0.11454476027830704
-0.7024995394807872,0.13116117860394663
-0.7120977611203367,0.06282235653024487
-0.7169804619689111,0.06033676257049242
-0.7009870907944057,0.11508917000125014
-0.6737673989899446,0.15641654557098547
-0.717803839776483,0.11524478557425573
-0.6819697654165856,0.1778193965648187
-0.7340733226610515,0.08492125589873423
-0.6817232174045561,0.1474512223403461
-0.6681809609175992,0.14655793749230248
-0.7391359919867294,0.030555561818933468
-0.6649380429288315,0.13020191831514968
-0.720374479721458,0.10622149258090348
-0.7050864594137809,0.13172761403908126
-0.6866049948275585,0.13375006387018848
-0.6515198652747866,0.15449101280848276
-0.6876824986071706,0.1566600802377535
-0.6937804904876237,0.09162221557531879
-0.7098947838801534,0.06395101973192796
-0.6968004841596289,0.15120444237526587
-0.6868526708688466,0.14913440471029715
-0.6865672239290216,0.13339500482038585
-0.7102484220813818,0.13532612504817051
-0.692929881998893,0.12314977290144766
-0.691254585580625,0.09483688382457048
-0.6813968184819726,0.13093592324535477
-0.7013970008478168,0.1346617220488606
-0.6720941909095061,0.16056342035190613
-0.6958824270131618,0.12450972405986935
-0.6749269822301044,0.12197533823480497
-0.6598660321450717,0.15783419010214297
-0.6804027108119243,0.10725050431266515
-0.7137800025478713,0.06084325089413589
-0.6905285529905811,0.15058772452188435
-0.6908238986055628,0.11256560127027719
-0.6777321166663649,0.14918419308039663
-0.7041757830292646,0.0897339000558549
-0.7045390815596022,0.10508012406639781
-0.7069970644820376,0.09460626918947487
-0.6960682699340285,0.14977721088233834
-0.7059223343094717,0.1224846792966501
-0.683058829777251,0.14754947661382742
-0.6863462895045339,0.15284133592769902
-0.7149091292481379,0.11081334726120268
-0.6843594678965332,0.11812930617123081
-0.7061017872262866,0.11165740170852115
-0.7091089303380329,0.12127466137519158
-0.691416147858001,0.14049027694143779
-0.6669976441522374,0.1789077209552062
-0.672900045998405,0.1328650473025516
-0.7086761388762013,0.112535134780818
-0.6989075186760352,0.10029631775605402
-0.7157407061318315,0.11244409329140365
-0.6943049983557897,0.12983867543305605
-0.7225726126850512,0.05828929675312206
-0.6818588878551335,0.14959157470900958
-0.7131227711361534,0.12512757565001711
-0.7055463250051806,0.09333920193804404
-0.7012202007616702,0.136238407563369
-0.7396950450751015,0.06137600682493071
-0.6652365811012383,0.15304737208786193
-0.7152510917707957,0.0700955785870692
-0.680762004284984,0.155720123299022
-0.6853034535529646,0.13694537535308338
-0.6807491435108884,0.1632487908341633
-0.6907292148989198,0.16340642393531507
-0.6905434975187391,0.17318811597054706
-0.6848687149975075,0.14036015857867593
-0.672432530027461,0.15115075440559717
-0.6614682639406287,0.16100049005209777
-0.7140423559714105,0.0830944317707636
-0.7227416022440143,0.0924814020678433
-0.7086814338065488,0.08036573390892754
-0.7354228844112488,0.05323480567229408
-0.6860294662300075,0.1541077205775832
-0.6543091364745122,0.17270628724623446
-0.6978866187634079,0.07700635517734813
-0.7242643193045133,0.0558698156112723
-0.6834326915286308,0.13492011921540809
-0.7349235224977709,0.057841357349822584
-0.6767052066487144,0.16836566860083346
-0.6999150794473692,0.10409271630707785
-0.6914854287351886,0.11819034953710991
-0.7107572521906497,0.12768079383809458
-0.6695730992569873,0.14701079297612815
-0.7005728941864391,0.07834204765795157
-0.7096022595788436,0.06764947093690037
-0.6788876473626044,0.16345307598998834
-0.6937461455344969,0.12795104976827495
-0.6754171563104104,0.14551250430141405
-0.702542520267987,0.07983953258600245
-0.7161541111805901,0.10857948585625384
-0.6897252927561375,0.14791241737204394
-0.7039366304563889,0.09877157161374152
-0.6842431123512718,0.1463469360061827
-0.6794157197290718,0.11762712549784507
-0.7044616709717193,0.1532110666643299
-0.7082441820635373,0.07469055813603466
-0.6982329518725897,0.12989760517722845
-0.6824973446480648,0.1346234350031627
-0.7133271981487452,0.13920447928706184
-0.6850063191434148,0.12065610327931059
-0.7030176013601691,0.10515737668597182
-0.7106498402451922,0.09456285825306096
-0.7269803782392443,0.087282351177428
-0.6879037128109424,0.16807425959969258
-0.6910681677336669,0.11266760341509371
-0.6856899078142427,0.1386371477146494
-0.6983795727954226,0.09297046416412655
-0.7471830358204574,0.05843257610341418
-0.6983663471724947,0.10953640318358632
-0.7022334053232555,0.11083296740916031
-0.7045262324432701,0.08406343838193203
-0.6780663941576179,0.12907393128948955
-0.675212590950585,0.158593139714019
-0.6895356882192514,0.10324806532352208
-0.6876950950004539,0.12394655104577422
-0.7132121766473761,0.11031099090306168
-0.6749430561187735,0.17561768655480242
-0.659727234916156,0.17880102821253183
-0.6988968394300629,0.1265575222260996
-0.6504572851586202,0.16104769899622678
-0.6895565358182186,0.13560701538647282
-0.696926453009996,0.10273234995078699
-0.6680816843283477,0.12925325269554724
-0.6734262626794163,0.11573358936344323
-0.671208208861427,0.1560148725017185
-0.7067497929075437,0.0835808176417223
-0.717852441550395,0.06754427529618483
-0.717643387146747,0.11865095036587808
-0.6576031284740376,0.1807622458901219
-0.7032135475326998,0.1447022444390062
-0.7071910672598132,0.07983000698379894
-0.7267621622309961,0.0890596228854338
-0.6763491959458269,0.176112418022138
-0.6681908352749949,0.1433735791946223
-0.6961006713595895,0.08488832827888217
-0.669462444481655,0.12945930515711906
-0.6994924308214087,0.12410659876185784
-0.6730717926904807,0.11394747786524717
-0.7215576541216482,0.06490324331506467
-0.6716837258917174,0.13202712372094114
-0.6823877888169358,0.09398393889795853
-0.6551872902706181,0.14844911976459127
-0.6888061992203611,0.10545474339771077
-0.6715000400689194,0.1258861355980854
-0.6777315447760649,0.1495320504570977
-0.6761109550921207,0.1252905276385308
-0.7223403738613005,0.04556701180442006
-0.7007793026808672,0.07350828070447157
-0.7384416590452462,0.04353805782456677
-0.669724461244804,0.12211120804463264
-0.6794457061342506,0.15851699519816162
-0.6640154802843938,0.16085595701391864
-0.6746216436876569,0.16936651707897002
-0.7085064871541589,0.09526040734264862
-0.6581464987806361,0.1608807079508649
-0.7048379027008355,0.08360831910428293
-0.6985465914495612,0.1274607116941184
-0.6655918538443324,0.1539864976024962
-0.6844843877216725,0.12475401162355766
-0.7016880247370828,0.14723844120743346
-0.6668242738557522,0.16915410879660134
-0.7075999284476167,0.08838596537489667
-0.6703887400835821,0.12985745524291797
-0.6846137086807657,0.11960061961539997
-0.709688475410951,0.13353352884027178
-0.730806732624225,0.03394226945776264
-0.6786663704408026,0.15895328808061251
-0.7342291718720685,0.06488486165143362
-0.6736675157721411,0.13214916756988584
-0.7091074762156494,0.08927750058655408
-0.6804789601086715,0.13313873508253896
-0.6975188354959873,0.10978970122596851
-0.7335260263589474,0.0754102144154743
-0.6990976478128947,0.1488752370191716
-0.6899409630070159,0.12090277074099344
-0.6878815852811324,0.14159332180606266
-0.668591382921754,0.1631606162251125
-0.7071100448623914,0.11211100262259577
-0.6747604323324017,0.14937674908704532
-0.6774272355769689,0.15202273340170955
-0.6734495797382467,0.13667444936654202
-0.695223596656564,0.10073962294176887
-0.7156246159475409,0.10868226053566783
-0.6784756533165771,0.14288702180463572
-0.6929697778199103,0.128013217295581
-0.681880769759402,0.1721783184549905
-0.6763957599370946,0.1405081957796417
-0.6808048132624963,0.12486136740182284
-0.6989874868283873,0.10841488879682112
-0.6982874934083663,0.06586830607771904
-0.7087325919827703,0.11503225952725446
-0.6709542443485857,0.12882462614988663
-0.7340028325262051,0.05753223847179288
-0.6786878852818858,0.11178219885517877
-0.6985033761167003,0.1333323752024483
-0.6916178549047616,0.15150172809850196
-0.6875712443795966,0.1309802263975314
-0.699343676753434,0.1416380160459341
-0.7111442851634243,0.11095216187066871
-0.6810727569148113,0.12358547974672357
-0.7051137998275872,0.09540945449551919
-0.7038834359580879,0.14875991452522952
-0.6948677262791929,0.14916081646180201
-0.6948534382366601,0.136613523048274
-0.714086227742002,0.06621447095225169
-0.715493674783484,0.10547242473794133
-0.6993340022163466,0.10273064494864968
-0.6741839094435553,0.11124795182317936
-0.715735330939289,0.049429710112732575
-0.7123000892481793,0.10343549147293288
-0.6801139523574345,0.11113186607309426
-0.7060394738311562,0.11167764293947902
-0.7226162137037204,0.07421632753030917
-0.673056407387912,0.16493993179681715
-0.7062780402271782,0.10339465859214075
-0.7288862089144424,0.10382216319471323
-0.6868725885097815,0.09777545582407585
-0.696951546942604,0.13874003559990075
-0.6986311572343927,0.1584293661164923
-0.6787350159216948,0.14044533806509554
-0.6924228099552275,0.16498910560894126
-0.6903115276147207,0.14004665946577152
-0.7259078314028062,0.08129176096829338
-0.7304445311161875,0.07117763089281316
-0.6553557452535846,0.1644049885620431
-0.6623603083166526,0.17166292017131196
-0.6719118724342663,0.15395758058690548
-0.7238982174528674,0.1126521397176381
-0.6645015296707776,0.14130821559203902
-0.7072796563934213,0.10606985089706855
-0.7327537197497211,0.06913463822757254
-0.6641515229041909,0.17592457645912132
-0.6802123390056133,0.13801592239577684
-0.6797496553344234,0.1278014147906093
-0.6800160852317009,0.1465792987749912
-0.710241783940823,0.10557529618010254
-0.6624452229392864,0.15626331029801285
-0.6807104253929499,0.1450497028290501
-0.6653651209518396,0.1314394526244265
-0.6895541339016732,0.15485506355403308
-0.6737435700107881,0.11626330731405983
-0.6533715592224664,0.1831967206609804
-0.6984718143093234,0.15641539553334138
-0.690993604153357,0.12263726272755371
-0.7182116914222559,0.06532632822869215
-0.7272153411711728,0.11419449513390124
-0.6841360180443283,0.16593970308559383
-0.6883959598453603,0.11644466154533727
-0.7142772460806449,0.11931258269699793
-0.7049273512149353,0.11926192634077239
-0.6858399359840402,0.14975617218615803
-0.7086785437837007,0.0705301356111099
-0.6777402868921424,0.12188546834652374
-0.6637536508280525,0.1624405247582888
-0.7320448174937592,0.07484243176299145
-0.6802427626075972,0.1526916312267242
-0.7121165829710492,0.05058169539289513
-0.6720741182494571,0.11285122798576531
-0.7199434411399331,0.11902893222324626
-0.6667796934997425,0.1454270351114465
-0.702792915504013,0.14208510788945514
-0.6906684775846557,0.1069280265025102
-0.7170953902520539,0.12309316212655554
-0.6922978408676735,0.13319064659510094
-0.7102594549997918,0.11768026577914242
-0.6617428579733474,0.13863646870707744
-0.725839652901584,0.10533193326846045
-0.7026778761505262,0.13348525797905733
-0.7181227033116251,0.06606569252053758
-0.7055821556322248,0.13469372692611037
-0.7081781406325526,0.10037315741393628
-0.6579138271577447,0.13887027996304735
-0.6783114774994102,0.14862094264566778
-0.7000752656959673,0.12668645359851016
-0.6930084142561028,0.1040013904437379
-0.7464687711250096,0.07188547533390342
-0.6814376200569199,0.14871349104935716
-0.7054209750544201,0.09822355400698975
-0.6803277479519373,0.11444974194963725
-0.6803026600004469,0.12139599595136467
-0.7005146188175242,0.1222974199006429
-0.6787890584887433,0.14085835552876877
-0.7076816991466928,0.07686625481297372
-0.6970508771471728,0.12221954103967209
-0.6975583186537009,0.09720941910964838
-0.6743907448434676,0.13876904814245775
-0.6716139134199355,0.12389049571266433
-0.6767363133147288,0.14368400891277422
-0.6927658139330163,0.11475494456981737
-0.698681184256139,0.09888501394580852
-0.6803603822480337,0.13846258428659106
-0.6749229515606489,0.13663311745911114
-0.6966470877339435,0.14361888671156758
-0.6776203159323169,0.11051722068715918
-0.6905607815576359,0.13885017864882293
-0.7031115285879384,0.12452143394433368
-0.6955205771829154,0.11193774935081437
-0.6664897031841237,0.14342837194475602
-0.7110322983373004,0.08289778900636778
-0.6802728153890619,0.17337400005691717
-0.6738818435097806,0.13182022874568255
-0.6647654605359602,0.13860376890010437
-0.7230389171640147,0.03623027739302696
-0.6752154936481446,0.11640068317896937
-0.6900828828905764,0.14939557725281946
-0.688576271585653,0.10972073219401365
-0.7160109086992441,0.06734771180920368
-0.6904737028042833,0.1260506705356887
-0.7068575341774074,0.10028745795296329
-0.6905979503797193,0.10987694187151993
-0.7065414414815282,0.09858347054849444
-0.6876800184066737,0.13778295625086073
-0.6798374704398595,0.16225901418832472
-0.6961914199728496,0.12018828924302867
-0.7123301433669873,0.1211413834964849
-0.6875211470709113,0.11195091903756167
-0.6595712363983456,0.16231280003999465
-0.667189694609908,0.16609582859594052
-0.6854154881588901,0.13077490499089708
-0.7026194607032763,0.07805439840673443
-0.699642197067483,0.09684301871959372
-0.6965051614784852,0.13806178797148333
-0.7029909844884537,0.13542533972477633
-0.6971614433579033,0.1054542754020113
-0.6570717510372721,0.17331741549503835
-0.6989413873204827,0.10286094755661811
-0.6686397407123319,0.15925726964129913
-0.6578069964208958,0.15694983432268272
-0.7162061796769479,0.10922884120350011
-0.7049935394656752,0.10396309461073083
-0.6911334628943815,0.12041779758736297
-0.7218484066248714,0.1006980388986239
-0.678644587705618,0.15752556203786292
-0.6629732598692551,0.12852015379055573
-0.6834747438999177,0.13435782308849356
-0.6783636707101983,0.14727663665518495
-0.6797044483657602,0.17276103545988236
-0.6765323058785313,0.10597630596228885
-0.6768077173557331,0.12308572517952246
-0.692117427319051,0.12107237626653403
-0.7016664793464006,0.1170628766073986
-0.7011353441470459,0.0719424809138791
-0.6724108810141783,0.13918454626611942
-0.6702337222543526,0.16640848181237433
-0.7079742075839899,0.063567730077051
-0.6814826245189176,0.11411924263502797
-0.6682794046558624,0.12739190457279656
-0.6854069029555551,0.145065030050737
-0.6761598157559572,0.11429230961648641
-0.6661512959606682,0.1317354245335525
-0.7365291560680106,0.08630746999807565
-0.7073152185619911,0.07782129120781245
-0.7323549874098342,0.06812021833358253
-0.657505836813745,0.16108279160875474
-0.7213192826352854,0.0686066303987304
-0.6886406047381435,0.15147797005174904
-0.7069014563740125,0.09885083309425746
-0.7297792963490101,0.09133960775999825
-0.7072132481188023,0.09932851426124051
-0.6691969363840219,0.13312024447862256
-0.7039190396259472,0.0626860549949515
-0.6857870686559133,0.14240471573597957
-0.6578548755062815,0.16516365223009996
-0.6856167497550839,0.11038427325597303
-0.7135615671716408,0.12569811243313378
-0.6784568704030179,0.09970705812513873
-0.7099824182555369,0.10632861102532332
-0.7035143186914451,0.11958828998372116
-0.700112569208494,0.10336941401678913
-0.6898090969030406,0.13575342484043665
-0.6727580134914702,0.11891771619330065
-0.7043943386375828,0.09556110715124315
-0.7097530031040672,0.0781244587857507
-0.6922089568753885,0.10766875612776103
-0.694338005014914,0.14841335081009305
-0.6815360854677429,0.12189482283660712
-0.7069859399600767,0.09467535213774209
-0.6946507218167753,0.13999085161536753
-0.6942085897386847,0.11546280688244935
-0.7028043399755984,0.10328368085900648
-0.6948357622555086,0.1341746229540568
-0.6723581375910439,0.12971206644735275
-0.6598303548343741,0.14870334105879573
-0.6970428388993957,0.10851114324876342
-0.7412338918106331,0.06822482710915906
-0.6858809341950284,0.13152701911931713
-0.7219104406759046,0.10293465355379226
-0.69535857846896,0.13164158223998498
-0.6756658597529247,0.11400754225359647
-0.705065711067948,0.1373585702798392
-0.7179034348329021,0.042003160218402
-0.684458788569034,0.11368479551241985
-0.6814700603952807,0.10937896025929356
-0.7015083717660731,0.12033369889376826
-0.7023580044705197,0.1279739629324183
-0.6980333819581023,0.1213823505365985
-0.691442618595985,0.13208809774445499
-0.70080482215403,0.0917276641733956
-0.6890096683385406,0.15871844080907768
-0.6954555603930147,0.11058841088200635
-0.7370773638426962,0.041722904443361915
-0.6984059032363529,0.14386876401165555
-0.6728302792231059,0.1416342663033647
-0.7128044591005953,0.09218917997883562
-0.6489742481783568,0.15290613788704888
-0.6843645142964142,0.09706008753364433
-0.7024437553127864,0.10776499291878665
-0.733210214891376,0.0858934170074867
-0.6925474339090474,0.12060115347423248
-0.7004877460318846,0.11581084493589806
-0.7113945781806728,0.0924199148627004
-0.7259616214081103,0.07836621421974764
-0.675177427200615,0.15924235780818743
-0.6909598936936833,0.08713751389466007
-0.7158344347424681,0.06793991997353957
-0.6913931078940864,0.10566789911636602
-0.7230433940980047,0.09939049791439751
-0.7178436841198426,0.08099125049127054
-0.7116347656514095,0.09303561812347058
-0.7027804939992838,0.12886425616914857
-0.7062703052984928,0.10484637528447326
-0.7159875270247433,0.05895200471665079
-0.6921031323510058,0.12267023577237386
-0.6833272951123337,0.12079014093962644
-0.7205494272691925,0.10319205472481449
-0.6832092279157036,0.15110328121006034
-0.7023828247084277,0.11650267192238024
-0.7178336356765447,0.08664510663133347
-0.6975673911489272,0.14644799146635676
-0.6958406946292417,0.11645553496300855
-0.687725300903612,0.13913398808715297
-0.7125799202978262,0.053549827420117185
-0.6694565101608781,0.1268901408313751
-0.6835379097359582,0.10622223217714334
-0.7037366523564798,0.0772071641576928
-0.7140877616138478,0.12568427221931636
-0.7183629923175848,0.09421684722846134
-0.717620708867256,0.0800867930751511
-0.702010502936446,0.12674808343903596
-0.7232348782079603,0.07012813130205237
-0.6833781044818699,0.09352122758052862
-0.6876870857364902,0.1359154128714924
-0.6853976689709174,0.14959937821767325
-0.6747979154181364,0.11834105432837892
-0.6804262025156919,0.1209746904509562
-0.6641052704717437,0.16141781675375652
-0.7045018248730955,0.07607022539102733
-0.6587508529865413,0.19354830013515958
-0.7369677199510521,0.06517248680073502
-0.7172324062796954,0.10830143386400327
-0.6665526505728439,0.1607485269526898
-0.6865792300921995,0.1427154211457913
-0.6912279220933439,0.10668651680854141
-0.7174097555480153,0.1310204627237173
-0.6657451830100403,0.12264509650329213
-0.6882551908673225,0.15358189035978678
-0.6852992971685959,0.16437987622455066
-0.7099795572392045,0.1136150896179162
-0.6810158456394194,0.11613223026802962
-0.7169476164656929,0.09191048533736584
-0.7192920665400334,0.10730217420816927
-0.6819700504374875,0.12035437044011392
-0.6688466002798465,0.1323984991220493
-0.6819114577974185,0.1492873635657551
-0.672300606673275,0.13401805802598515
-0.6815222193581677,0.12300354082291909
-0.6803828602330385,0.129927394833126
-0.6909251504055929,0.10339047424763095
-0.7301831667670355,0.0962928918183611
-0.6988842150286284,0.11260424515109622
-0.6881048216852493,0.1316154429786626
-0.6790310847968425,0.11993899808555616
-0.7172932513217183,0.11343653227305162
-0.6933774435256066,0.08959023366300027
-0.6994841877704349,0.07609608277498392
-0.7122216790785695,0.08048087256285255
-0.6715176826730989,0.14426937913114657
-0.6638259924477018,0.13417800561576249
-0.7256359539689067,0.09832792121129623
-0.6795495981178353,0.10193222982936034
-0.6797710436756217,0.1707225931060753
-0.6728398080310134,0.11590624322577507
-0.7060196352154614,0.09917288344324592
-0.7037404004826162,0.1234230916962791
-0.7017044252438984,0.10632351836821896
-0.6754290375305346,0.17779543025333241
-0.6685124885833641,0.16205073918058335
-0.6889847052700832,0.12135158603331489
-0.6623454191421131,0.14127137993920932
-0.6862516525723698,0.1329421171514444
-0.6989278624889869,0.135136594603266
-0.7129150135540415,0.11051200440658375
-0.6804791057399392,0.12306439293729451
-0.6991445851252176,0.10863874869753941
-0.6678284837611472,0.1698739832737974
-0.7117111261298702,0.05803643135184033
-0.7012483303366596,0.09047929729141434
-0.6665963443213437,0.13905339240078837
-0.7069153364123274,0.09291540943930972
-0.6565499246073293,0.13842574779537486
-0.686625945563719,0.165031961657533
-0.6775624073631334,0.12525170925647575
-0.7032996865295846,0.07498735670173894
-0.7178498899411687,0.04686134135598795
-0.7225476623035643,0.08631279932197461
-0.6958468367237487,0.15037032180412377
-0.7102954540755031,0.1134506124123569
-0.6902128734608383,0.10081217224354345
-0.6652776486025092,0.15553082985536384
-0.7258614873954687,0.049433338275271216
-0.685778888117433,0.17749333070175535
-0.668096278832203,0.14356582156881054
-0.7186361652778618,0.06509768087821273
-0.7241980611853649,0.10139474291024196
-0.6702008256947741,0.16450475392624353
-0.6989738130333837,0.12348494472587618
-0.6938059844002307,0.09347919693658666
-0.7354166544135988,0.0683711476731138
-0.6861492802858965,0.15142439742508493
-0.6790466800158482,0.10274232692738199
-0.7323142613036624,0.0677156259789544
-0.6806841536962519,0.15561295645111053
-0.675553709877865,0.181452335660039
-0.7209643176986819,0.09869056177929623
-0.6600986354635594,0.1840499101784213
-0.6844610948992405,0.10910455134078713
-0.7082783070821298,0.1482341639836371
-0.7084636721715931,0.11370146279535104
-0.7097912962709321,0.08764567743205619
-0.7141236483419123,0.11820214705185578
-0.6863880297657947,0.11745512378518866
-0.6758447796895016,0.16874295628996364
-0.7097610066421762,0.13062259696615383
-0.7281330775946411,0.05763137199157063
-0.6714543760532323,0.1423188751773725
-0.7032995906167365,0.0877560721889487
-0.6778830690242378,0.11474905820590814
-0.6604670748035809,0.1491364313963131
-0.679463309837504,0.13701471028675513
-0.6879626225649799,0.09318934096287114
-0.7078292481807551,0.10880475871912149
-0.6561921649182357,0.17826561173600822
-0.7082807207060131,0.10746577294115685
-0.6801998327322535,0.1437060588249208
-0.699017326155669,0.15216667834895845
-0.6927077560829177,0.08162070224045102
-0.6734474348612678,0.14389662245198395
-0.6791789895734326,0.11806907660637099
-0.6833367308432304,0.11974033196260243
-0.6875978477119487,0.1278610075384721
-0.6867085428405654,0.14242222526502238
-0.6821339615187476,0.16535109558258776
-0.7309185410734078,0.08771804056092586
-0.694172382196095,0.1383278689029373
-0.6683641619840213,0.1520212261408804
-0.6975069384755153,0.15831397529230848
-0.7163275157723467,0.08722864745659767
-0.7005768052177951,0.10200606002879628
-0.6937199134673767,0.12027318665183069
-0.6960940027478069,0.09142731555745423
-0.7038486503139173,0.10720272270127071
-0.6735601868937441,0.11765600473744021
-0.67771605296528,0.10764506165543922
-0.6904609485626829,0.12998791272834634
-0.6984048630576135,0.13572994969458663
-0.7269209834682715,0.08562450729175623
-0.7109472197229846,0.10538522329410946
-0.6830054992460537,0.14460069398807965
-0.6937127905186443,0.14942836553908584
-0.6931727554862485,0.09435069570345297
-0.6991136981439939,0.15169145196148504
-0.6664182350130377,0.1580968653409159
-0.7133945774927195,0.12650026334071365
-0.6884720380315708,0.17480987708078446
-0.6805122667715529,0.14307323055330634
-0.7048752055419835,0.08945739396769667
-0.7366818646357506,0.051842033866056396
-0.703479590293514,0.1377514514516034
-0.6997387855457281,0.12338092601211284
-0.7006182617530489,0.12801331815567896
-0.7073241230634483,0.07406213889855648
-0.6637882613525402,0.14510258663281062
-0.6526834202367645,0.1525126134940614
-0.6599225863277725,0.17532209892316866
-0.6846745773551162,0.11842693611400154
-0.6784710923306024,0.15060438703478948
-0.6992853739643499,0.11959111140739502
-0.7239913107371746,0.07771211762676267
-0.6965554330955449,0.12833813345541142
-0.7020392297154481,0.12156072921520378
-0.689740479745201,0.12872050029779797
-0.6605654818885845,0.15896177329726446
-0.6931740630024439,0.14948910503337587
-0.6782833056321116,0.13350169728978284
-0.7154883592603603,0.06016752807802995
-0.6942143155804538,0.11327263930697126
-0.6757885674433132,0.12086026540860353
-0.6980854798551116,0.13712660473843408
-0.6877266298293769,0.12270841097950094
-0.6956075616815027,0.09149966533915757
-0.6705938114911202,0.1426249363612697
-0.6828732501434843,0.12158017371471327
-0.7353116824157352,0.06166622488062329
-0.7174259948732683,0.06580380929655606
-0.7097798723500858,0.12340368365147043
-0.7129204639274646,0.12583114711422944
-0.6994846313707979,0.10491380853047517
-0.661907351025532,0.15619963665826053
-0.6836482544487845,0.16364758903669646
-0.6754217448430554,0.11936224529475724
-0.7029003556590296,0.1420301734901817
-0.7042407255411308,0.12631324943667108
-0.6754757265110507,0.10698393792067298
-0.674608658760702,0.15001079383580584
-0.6720487437468682,0.11487369247430751
-0.6936051315621193,0.13196961632905538
-0.6762425943322997,0.15547244330441523
-0.6940777130635517,0.10966058129447802
-0.6632128124712742,0.16122461298802962
-0.6977835536161912,0.09104042363053869
-0.7202586309439676,0.05218690583082161
-0.686073585569761,0.11787190776904631
-0.6839763490943023,0.09856202104391386
-0.7475852576886111,0.0535101731024869
-0.6891765924609536,0.13062217943839213
-0.7197177503291913,0.0753702793943483
-0.7165497635089995,0.10747251292718915
-0.7435564829863119,0.04637313293886292
-0.6739392846391676,0.1275274383319591
-0.6778621968822641,0.10569482453905014
-0.6947166057210089,0.11969205364992534
-0.7227118362560072,0.07777777654443005
-0.710882784413192,0.1286466144807752
-0.6761946682731149,0.18118518664692745
-0.7464530899425676,0.03503783065610564
-0.6867922534604158,0.13383937517762298
-0.6462984181764063,0.17163427451329624
-0.7026240457051376,0.14862421453065544
-0.7077770057621059,0.12096313764196517
-0.6961011209340103,0.143921273512429
-0.6816857213873186,0.16244169897140795
-0.6600273287182572,0.15496952451454205
-0.6817696454744796,0.1552904976410163
-0.6650155123065021,0.1267943734814055
-0.7167692985740246,0.08170835558559958
-0.6903253832950496,0.11793949411459796
-0.6542905175012388,0.16097787636063063
-0.7388828563280041,0.05518050068632761
-0.695728093045418,0.1506460937251254
-0.6890334803425245,0.10187721299518421
-0.7258445314487955,0.05964028682282855
-0.6845025164850417,0.1481107721855341
-0.7098093172061176,0.10953774187403968
-0.6812176257768613,0.1356197729095028
-0.6699205567116338,0.12128323341958741
-0.7152959530288375,0.110484676050001
-0.6928294950857596,0.12448042745733302
-0.6931302895310097,0.1283182170817633
-0.7404394863780754,0.04570104660048665
-0.6881494493503458,0.1639858094974816
-0.6904938629802377,0.13930728788356428
-0.6898153377719379,0.16107684300720107
-0.6883723414267285,0.14771501070190693
-0.7171865898447728,0.06519458356711795
-0.7377867735883735,0.07051244155958333
-0.6758216852314929,0.1360887051285324
-0.68398757033167,0.13438851248669864
-0.6932903506345526,0.1049014115625877
-0.7125158163925872,0.0849473870601483
-0.6636930407226052,0.15047442344016218
-0.6752898902179947,0.12093376247000787
-0.7014308834909672,0.1274449659253441
-0.712068594295507,0.11892062804848388
-0.7069782092513608,0.12511411435698508
-0.7200954388173179,0.05423016434165961
-0.660290305124815,0.14261105860022832
-0.6655580499209399,0.12344482420630148
-0.6637349357449197,0.1561579971263584
-0.6788172781594165,0.16643034712089286
-0.7019626989390597,0.14312551270003154
-0.741972229388664,0.05316505914103988
-0.6742588643432523,0.18526669956204414
-0.6529580969298281,0.1457550402146429
-0.7067845869209269,0.08464327815435384
-0.7175378734337282,0.07690825783172528
-0.6550899015335622,0.1769900220126383
-0.7061100490825737,0.09228026372300442
-0.7250189380473385,0.09214709057978596
-0.6552533904319099,0.16036582667965749
-0.6681603664785742,0.15554226485582553
-0.6643368094999453,0.14272514454795382
-0.7017636010239747,0.13852765396506364
-0.7039020084211064,0.11795293843442091
-0.6769731113611732,0.15233565035290597
-0.7148567776645869,0.10339167883469813
-0.6645470712133271,0.18406537330764647
-0.6922634134803322,0.12495281810390836
-0.7064779002147988,0.11650236197308014
-0.7089855259193114,0.13880122983557092
-0.687935781986874,0.14900535661341002
-0.7111898299359034,0.09589578505783734
-0.6878093236530218,0.12322773248693376
-0.7066692113291019,0.09331001753236476
-0.7018361809859718,0.0936204439105716
-0.6598235850212624,0.15807014501719371
-0.6852300330362677,0.13519398578595238
-0.7149592123790993,0.06547589588765526
-0.6972207478000353,0.07592013109994619
-0.6657877050570501,0.15952331080425558
-0.694076143078454,0.08770860018774866
-0.736168834510457,0.08547893503922815
-0.6770967750569563,0.13557622353322699
-0.7094340971600953,0.09217732850461664
-0.6805963611142442,0.13322487421926044
-0.7333535590598922,0.04182669523903867
-0.744389673875948,0.06567596120476743
-0.6866751261310622,0.12836748468777562
-0.6773559831076728,0.13915516899492988
-0.664223248299408,0.17789210122168828
-0.7032207712343481,0.12021656624085572
-0.7323380932627959,0.046509392759150205
-0.7144522551103776,0.10835453334686992
-0.6893639580870737,0.1432322347027438
-0.7364493464908723,0.06821969649131482
-0.6757891418705012,0.15915870712687272
-0.6757274452471508,0.1414984793357413
-0.6572657985306998,0.18438873130626582
-0.68809210598734,0.1352806153686787
-0.7293428320036129,0.0596650062495371
-0.7028752339782596,0.14162347670609515
-0.6922991676519776,0.12410913757089988
-0.7098494536309435,0.1450571263294208
-0.7124687935186357,0.11263278057361432
-0.7063263576935015,0.09124776910990348
-0.7003037754592646,0.0859288244349524
-0.6775072859713311,0.16614764140516974
-0.735653442686989,0.08718379738710802
-0.7202002692524228,0.10005530253012801
-0.6874871376711553,0.1461104440278351
-0.6985438054238884,0.0691904966495084
-0.677338826361741,0.10550262759363041
-0.7023567406678349,0.06840903964007619
-0.6586063826475683,0.17485652395053294
-0.6791089929663898,0.09878354672631467
-0.6935000832527014,0.09863685535435357
-0.6885681780188617,0.14545323627353562
-0.6962499438852215,0.10117718389648367
-0.6800562387231341,0.15830720278030933
-0.6955452023342906,0.11537506019490647
-0.7127060872938115,0.08995893766566014
-0.7131073531694919,0.06621145902724876
-0.7048862496468782,0.13235768079934226
-0.6791377139348068,0.11463575536705842
-0.7048183709855637,0.10865772614178178
-0.6748096098690947,0.11677867373684396
-0.7060964560665152,0.08481786712614835
-0.679062187599224,0.15159690211816293
-0.7079751875503729,0.13680953869715062
-0.6753916719570505,0.16572444313301168
-0.7145500500052113,0.07168798843029141
-0.6777654913686242,0.11211674484552475
-0.7171606964025911,0.10332517938552767
-0.7091532523101732,0.09186190727606407
-0.7146199142648756,0.12396793238022606
-0.6800043452777432,0.17002472764702548
-0.7090738110119716,0.10365045446911285
-0.6993435810748431,0.10678154697615806
-0.6975556880382602,0.1133135700577193
-0.697368229465805,0.13094115902925432
-0.7035400280405344,0.07780362938443657
-0.6925787864547546,0.11231257152355313
-0.6938639808018728,0.0960540814293028
-0.6667420157776323,0.1381962885043481
-0.6995176751676024,0.12331350337091938
-0.6825362257853477,0.1290887234908772
-0.6876143286666642,0.16342176045724036
-0.6837499629445647,0.1219681884067972
-0.6631507664965591,0.150142144265036
-0.6926992796423794,0.09153463295985254
-0.6866613265836481,0.12834742371986285
-0.6654877501701022,0.16750090861543382
-0.7113178235285497,0.11466298495980351
-0.6638481291718532,0.1315451126404519
-0.6685237031628599,0.16654941384161492
-0.6701005223329648,0.14737316455285132
-0.666447257043623,0.16812636047924182
-0.7107693563724111,0.07242762346521979
-0.661622438887367,0.14524655207407028
-0.7078090518092616,0.10068808499756036
-0.7039861319374943,0.10675227720414586
-0.6716968335411879,0.1733185521039612
-0.6787187175204835,0.1513081880136762
-0.6669273632808324,0.14102656131548422
-0.6921076428541493,0.15959330341283992
-0.6807801910486481,0.16936293920858728
-0.7175810273640509,0.06908432842799574
-0.6951144908748876,0.09887306463971811
-0.6969758534284392,0.0815228204263947
-0.6588250958928112,0.15911647107030297
-0.7089132121912898,0.09532683080673872
-0.7060502541946406,0.13636494338915964
-0.6912794347698374,0.08868632741140765
-0.6800411284709349,0.12670777395413235
-0.6724891037668178,0.15493190294620748
-0.6998178121636549,0.133212463156564
-0.6994782689733167,0.10519378591784673
-0.6643036046196018,0.1806752420870555
-0.6771285266762933,0.13428281526204844
-0.7060941971061254,0.1101654163514013
-0.6771305181759876,0.12298657658818846
-0.7072605033658855,0.12615330809481934
-0.7089842029280276,0.06876462412238875
-0.7006968549049419,0.07081887963190736
-0.6747595639453217,0.1632694389298348
-0.7183332904855734,0.07325961952588587
-0.6751529987604962,0.13275999302956565
-0.7003530786888265,0.10331231005681123
-0.6739770789588794,0.13946526321205627
-0.7127179422279796,0.10416774237196981
-0.7219296472573175,0.05751894943679346
-0.6796465408379712,0.11527981489639991
-0.6629987984176604,0.16459971165860826
-0.7043047726700682,0.08113408051480103
-0.7217153077379563,0.11741853711253408
-0.69492514824745,0.15011451297949185
-0.6835761250174418,0.1289786734838212
-0.6567782537032134,0.17859344717607373
-0.658613511961459,0.15354018540686654
-0.6913779499526667,0.14354661211281552
-0.7117716842378828,0.10898876346453215
-0.6698151493113003,0.1714458217486564
-0.6835596746578634,0.15205587301076948
-0.6728091543616703,0.12595779685132422
-0.7226626663350039,0.10954453373349632
-0.6924093684545052,0.1439163338865796
-0.680613334321889,0.11898431354967406
-0.7119224542806997,0.09859952892766857
-0.6997297526822006,0.14141436482295958
-0.6861001196447857,0.12314897672265494
-0.7019264433842672,0.1152054732516376
-0.6721209036550322,0.18037210786717256
-0.6842788372706088,0.10211206981923321
-0.6877988251052901,0.14535722971850906
-0.7103725223426244,0.08813638208426322
-0.6962567194481802,0.12473943937428879
-0.6680587134257026,0.17065393049645525
-0.7024107669475932,0.11318024573489537
-0.7102652365720026,0.06421743660496598
-0.6902899640255811,0.10964344853744408
-0.6802881943454613,0.11782563163609111
-0.7266659845042397,0.039537706418484246
-0.6623251987976643,0.16273913019489727
-0.6909667446115607,0.12041943307063582
-0.7098627914292065,0.07061720706365252
-0.7268235318261534,0.06842256922689925
-0.6750245733503296,0.16764505508860572
-0.7015118932086077,0.10195778618479251
-0.7016688015281016,0.1460551654080574
-0.6897999467829324,0.09251542620883753
-0.6744179979388967,0.12543642924888362
-0.7018944713373092,0.11424351386912171
-0.6644028263446764,0.15592324282250888
-0.7234547053660915,0.06324089132537727
-0.6996353240539508,0.12975779025472423
-0.7052649634492012,0.09020191677551234
-0.724259921146361,0.08337504058903551
-0.6831870808683831,0.1645292676465912
-0.697860968884837,0.10984058529468256
-0.6591531784577371,0.1725346080288759
-0.7160657437837249,0.1263616132022741
-0.734428463981204,0.07559934622109081
-0.6601783895314653,0.1634886548960577
-0.6994743922475828,0.11364288472560333
-0.7227352340180181,0.07715684209005515
-0.693594736567165,0.13970836768910544
-0.6733427232586041,0.15159850759645507
-0.6915058068359025,0.13527908450747056
-0.6883041574495367,0.13445158115613373
-0.6935914777106522,0.14872942935189717
-0.6896524635165351,0.14403119252141744
-0.7002467285435914,0.08072656130273043
-0.698128450268294,0.1050717819017348
-0.7244298184088617,0.10652038680962769
-0.6802316193318316,0.14225727606018623
-0.6991027210725932,0.08813682890254315
-0.7035345801401682,0.120825936080595
-0.663713554666145,0.1254521638547801
-0.6978462502774581,0.1328737998123941
-0.6951836073220442,0.11753737862264987
-0.6976543915228202,0.0719200521297508
-0.6818931337426861,0.10310450919261072
-0.7139593429306886,0.10893278629126968
-0.7167345443505208,0.05365771095491286
-0.6717322988672185,0.16591952574948488
-0.6794706282426393,0.15459792425164956
-0.7065860231198896,0.12913802913721817
-0.6998055304910821,0.09329358293785237
-0.6949038637646928,0.0762861865339291
-0.7069102781434081,0.09521511269912426
-0.6917681171169248,0.13695973350651033
-0.7010982567850258,0.13747867442757367
-0.6985434435867967,0.10417805373063521
-0.6894843375247263,0.10993879279610608
-0.7208051629671598,0.07000443183634276
-0.7039753846738569,0.10279973664278978
-0.7039123349650067,0.11366143105917387
-0.6722893251997469,0.14966775162950527
-0.6828215116430306,0.13432885061991065
-0.7021368300727759,0.07010454351442283
-0.6866522533233524,0.13444440768793503
-0.674276268203787,0.14735131205605956
-0.7322644317304096,0.07640918558041417
-0.6832197214664445,0.14018494764299558
-0.6992054820475552,0.13719823976848688
-0.6829292147199327,0.16680005500745618
-0.6627526087029681,0.16436268136962753
-0.6856959528107758,0.12315460651599723
-0.712728677792433,0.09348092693902399
-0.6796092627738335,0.13329313528634473
-0.6891441088169468,0.13857337005515993
-0.6912947422641005,0.12315954330667209
-0.6795234418759667,0.12033013757429468
-0.7154941374741268,0.10238335490696335
-0.6794249781600686,0.1776505066104592
-0.7206926135140461,0.08388126325276786
-0.666655454892033,0.16488009338694531
-0.7281231319592782,0.07145539996527428
-0.6713406618879161,0.11971069632868325
-0.7247006526162219,0.10219675140625177
-0.7023641501477681,0.09095718866723974
-0.6902842309617944,0.10241786080146198
-0.7202927087881988,0.11388283635450629
-0.6994198257771882,0.08258785265938266
-0.7237464416115612,0.05362005344730923
-0.7270417722063429,0.09334598171540244
-0.6818527208598377,0.16994199360082093
-0.6915425389089774,0.08874145705426792
-0.6882402208914223,0.11145894635875993
-0.6857693428138342,0.12076699987827184
-0.6970336440897102,0.08627145612604824
-0.6971023481664572,0.11292188943339881
-0.6699576887491636,0.12432280841623909
-0.7204250598051628,0.0853071647518824
-0.69491926974873,0.1127767638018792
-0.6878135926163547,0.100051664053527
-0.7063145554361511,0.10536181110426317
-0.6659021319341136,0.158086590462141
-0.6706576300729602,0.14366983921936854
-0.6909722666849646,0.15304506027417206
-0.701118256754525,0.08429427442472436
-0.6749030732264041,0.14368425594168294
-0.6713441100169959,0.11845739677885181
-0.6725459208675817,0.14411412614023902
-0.720532354739385,0.1023075845276147
-0.7153569709077425,0.12946725301057255
-0.7135135485202787,0.07701617035292067
-0.6908673111877645,0.10045282962359806
-0.6921257545762248,0.10640627314562456
-0.7010157630078437,0.0789079507137344
-0.7154686071549168,0.07401037196175678
-0.6771611109592848,0.1292959142576679
-0.6929278121757707,0.1340659830882598
-0.6943842267590896,0.14056937032424108
-0.7418375408145846,0.05994780324521344
-0.7291831035262756,0.0867342843518455
-0.688249019974022,0.10442562363871043
-0.6963986426340688,0.07449226444676635
-0.6972009010703691,0.13196067809471895
-0.7049660066922772,0.1033317952017768
-0.7371343875801893,0.05308450494373559
-0.6845889953923238,0.13357266708598112
-0.693832881558116,0.09917605071166735
-0.6824781458893373,0.133185447940691
-0.6907687282586997,0.14882817593467831
-0.708512215677587,0.09286452715377318
-0.6898156431568607,0.10045781264945132
-0.7199910004808514,0.08856608454325045
-0.6944702987100635,0.08695238457514878
-0.6632892316817122,0.15819232763828045
-0.6623495064925456,0.17104145287193467
-0.7167853977080443,0.11178636678400838
-0.7073337519477125,0.11853402429120559
-0.671074704700085,0.14908504081319876
-0.6596023016222089,0.15774069353393547
-0.6894950723959717,0.15168433975289577
-0.6725818332898564,0.1369056000795053
-0.6960346026814282,0.1098725142785599
-0.6922307295547406,0.10340541227672358
-0.6786587907295781,0.13624498479148078
-0.7105554332565315,0.08931697582683652
-0.7175460379204736,0.05581703089531169
-0.6827196965686461,0.09974839619450139
-0.6965032293249596,0.16398224938907346
-0.6862402373499716,0.13362364600318288
-0.7026555586049271,0.09653490993522554
-0.707191372459365,0.09003440688730585
-0.6903881623116341,0.1383199541248984
-0.7405214935285592,0.07555287798537516
-0.7065594824909363,0.08853550362844602
-0.6799359476215225,0.14436146338624725
-0.6863365183056361,0.14194636987545392
-0.6665588464360238,0.12368269419619742
-0.658608939385249,0.16557565587388876
-0.6881242401180081,0.12148633060955018
-0.6991101999679665,0.10960826256926365
-0.6989626115770369,0.11404543582985353
-0.6800770945350799,0.13555572788315767
-0.6850210456960412,0.1369093968619849
-0.6682064068590068,0.1485977136567552
-0.6867465411859515,0.1628935099836082
-0.6852277493041156,0.17547521900003155
-0.6965993093203977,0.13354099643542117
-0.6787104825555049,0.1761294728530471
-0.7074439875773789,0.09404154001672121
-0.6976191802211976,0.16232303176095592
-0.7012643412077497,0.11883421053260236
-0.6951544604343992,0.12156648915350586
-0.6915996618792675,0.11167741266642119
-0.6997150076062812,0.08500464845595775
-0.71130436237358,0.13559406950413105
-0.7173581452134378,0.046448011762987525
-0.6832623937690169,0.14193646959615025
-0.6649487150747037,0.15871446287116062
-0.6932156629329347,0.13572611157839584
-0.6953900359817083,0.1434216427091373
-0.7019153449214797,0.15046861990216023
-0.6465115053361407,0.18265249386580776
-0.6852674314261172,0.11265665493875722
-0.7027478385870303,0.1153523176422341
-0.6941964647193729,0.12104824893817928
-0.7041941853693605,0.14802094990554782
-0.7149733261540484,0.07839673952894649
-0.6872773467892984,0.14089606596961243
-0.7097533566618941,0.08605133174385693
-0.6587124934245618,0.1678508971068855
-0.6880309983175532,0.1048173912426003
-0.6773277525274667,0.15850251700105988
-0.7063240278932008,0.11687361036551538
-0.6883504225947044,0.14561319231533412
-0.6579705015229387,0.16713965720363108
-0.6874184064899308,0.11383916478625429
-0.720420273550938,0.07928969764443122
-0.6841954642123979,0.1325809789107288
-0.7063813223214132,0.0964226728042689
-0.6625251710881559,0.1528447505931272
-0.6848690831791439,0.11399392380067326
-0.6872647343410145,0.14724445018677843
-0.7140335031608658,0.06258219608641916
-0.6511982827774062,0.1732248769738625
-0.6695999957021861,0.15636287509704197
-0.6623019378895938,0.17950918202020252
-0.6840721435394933,0.14223689071717915
-0.6757994092642738,0.15002772477901752
-0.6967235204184214,0.13585106148644832
-0.6844242707681345,0.12828185853827329
-0.6990748830980185,0.1287629483485073
-0.711603367811503,0.1281610958257806
-0.7116772880925955,0.09877041848547799
-0.6698365532862026,0.17263486054355479
-0.688900211797712,0.09523098599119383
-0.6891599039620883,0.109333270026082
-0.7214541415665333,0.05841098531020351
-0.6677148909416984,0.16227205774679337
-0.690506817346604,0.11146297775190422
-0.6845812618873462,0.11943070038877367
-0.684434490575694,0.10481616666975602
-0.6916051128046926,0.12260620727634433
-0.6725463950962708,0.14081983554986474
-0.7062999098142307,0.10645377877198638
-0.7026943297605567,0.08622971192471297
-0.6552502103907595,0.1518563746718563
-0.6666995959733858,0.1437907589899803
-0.693532625716712,0.1411474544548314
-0.6836530312139902,0.12646441686368287
-0.6766776747272586,0.11205843888891362
-0.6563108775637946,0.15830080798834129
-0.6797064873088378,0.1156246715317167
-0.7210379904727888,0.04914465621733583
-0.6507337748558293,0.16227008976874402
-0.6873433916627412,0.10304401056929768
-0.7253497135298476,0.07005465592887622
-0.7074787121577137,0.1178555242556485
-0.7415701446649811,0.05523070282546669
-0.6832602656565618,0.15067545370724017
-0.6941813159807249,0.14450880532372384
-0.6968020651204858,0.13663670035094785
-0.6776120816020383,0.12860656213718913
-0.7231328583580137,0.04140720458244895
-0.7075083981751498,0.08785370004609991
-0.6935910529790483,0.099386995392049
-0.7091362317228125,0.09619190144512824
-0.6805513241110931,0.09844855847562191
-0.7214910195216399,0.06927224062616524
-0.7012063244795758,0.12065964153033147
-0.6840762095023142,0.12662186111231077
-0.6984190180242462,0.0836105599273616
-0.6878771305951827,0.10898248830031125
-0.6963531566189715,0.08843069733900004
-0.6816012519049605,0.14689583465725897
-0.6578126846821335,0.1828322752659696
-0.6645747275334681,0.18490900900186405
-0.6687272062076535,0.14643646037636768
-0.6724733905119412,0.14028824400922668
-0.6936783237641151,0.11582696271825182
-0.6983804556547528,0.16220338459267367
-0.6859858645358734,0.1253180074783528
-0.6847844664144228,0.11569149182211827
-0.6764178840004916,0.15793690814733652
-0.7273430694195707,0.06804439695801362
-0.6999729190229136,0.1088972679118099
-0.6866423927279219,0.13000088780382804
-0.7054996403391391,0.09583016362148299
-0.717021567264688,0.12607016714861125
-0.6534703396957942,0.1582018445345144
-0.6706354381863653,0.1385729723908733
-0.7031382859456722,0.09727682278784577
-0.6827338289961947,0.10118135049181211
-0.7049447300634696,0.10934982191885186
-0.6854153248760562,0.13511428665017405
-0.6873607317547975,0.14050445607435996
-0.698074114822972,0.12115036326200067
-0.6934196235898606,0.11013635042765385
-0.7020598995802272,0.13977376950631007
-0.658358027922224,0.13716587232930103
-0.6929400020041692,0.10897499877605744
-0.695817933339037,0.1283255225199315
-0.658027814447252,0.1704387048041391
-0.6921901359448641,0.13052404713347351
-0.6899956248338013,0.10790042700410127
-0.6951414731587509,0.13268414173652532
-0.6700028319233575,0.16124190506301964
-0.6644243577449225,0.1373602577970813
-0.6898710381107898,0.138172248094984
-0.6621818329897782,0.16023214133873373
-0.6861910538478645,0.16480435285377612
-0.7087498111030558,0.10936313055588394
-0.6848034003029259,0.13138889015077443
-0.6794357351107818,0.13696720221665104
-0.6976156099085155,0.15009307606939398
-0.674167947670594,0.1625618449352669
-0.6963652450382031,0.09368627225768866
-0.734573940783219,0.07225284307728093
-0.6990494648686082,0.13910622906582035
-0.684485189012699,0.15925055087471857
-0.6745174375740399,0.17603846091093278
-0.714940422059888,0.09739966100420192
-0.6892466561484824,0.12926847793767632
-0.7076004549228688,0.11796765394567373
-0.7136053681999783,0.10732488428373446
-0.6940543678136817,0.15623986140196464
-0.7233122473884404,0.06515254965058076
-0.6919422021783321,0.1299916246231681
-0.7083215443547487,0.1073887541262843
-0.6877002455021974,0.09265420335884846
-0.720203044621877,0.04708550007768556
-0.6884257903718332,0.1327676476652673
-0.672175684335633,0.16640183933130462
-0.6920581915496594,0.0933401245459061
-0.6691462101094807,0.15547330978590457
-0.7235308762890199,0.09084953493822061
-0.6930790448012764,0.12916515827822206
-0.6883496352826224,0.12127679826121426
-0.7111688519119294,0.10021920353961972
-0.6780371621851202,0.1256192662320328
-0.6851149989397696,0.11817601459888995
-0.701377392241783,0.08602168735491306
-0.6914873181361678,0.11837062431100438
-0.6799157678400666,0.1403710505941963
-0.7050274370027643,0.06443253047582113
-0.6916709012891465,0.15563294458277188
-0.6749548657697144,0.15288245214408755
-0.6582011911005979,0.17233260883908993
-0.7019403014815507,0.09557304999679794
-0.6768693899158102,0.10591668084617825
-0.6911518613278961,0.09430063206568051
-0.6887700360858489,0.1130332949584747
-0.7258756128317624,0.04510307442554336
-0.6808675412633151,0.17361712746610602
-0.6831826255346862,0.14505149619917782
-0.705514619214254,0.0995893797392441
-0.7007733576044968,0.12004521487792087
-0.6906177715702602,0.12084560379628172
-0.6735761834948836,0.14564009038386913
-0.6927744823911601,0.15617792502388805
-0.700074745296162,0.09529572005061972
-0.6790548038269917,0.1318737414315296
-0.6702148726454443,0.14724874205224234
-0.6818624076981576,0.14460742250580894
-0.6869582831486746,0.1286110396313619
-0.6874962956829144,0.11000171226678175
-0.6845721982251484,0.1431200948145722
-0.6571524731604466,0.17742782478758026
-0.671962758737444,0.16027786889389373
-0.6929570574886927,0.13699158182818452
-0.7144707130572066,0.13215035688382873
-0.7006176641084142,0.09724507484217992
-0.671778614758541,0.14559225407517337
-0.7058159193898692,0.07567951188154085
-0.7032757881555008,0.1397313005032598
-0.678350038926031,0.1289951433256055
-0.7049478257075937,0.09395551330316906
-0.6980403253876671,0.09410045833012447
-0.7202029451559119,0.11884222122070809
-0.674697834368059,0.16645206067114943
-0.6974304793416238,0.1182642351244908
-0.7052567888328202,0.06652708068382233
-0.6982160209503265,0.10536052383109643
-0.6866450255278694,0.12458588487716227
-0.7177403044231638,0.07528123900304431
-0.6801608674139697,0.10993238627618233
-0.6869301306498722,0.15105327009075006
-0.7100218455150888,0.11950279340195913
-0.6671507658171092,0.14052187452600748
-0.6780020777222404,0.11523132466765197
-0.6926485582453007,0.09075948021171935
-0.7332907798225147,0.06526123899602841
-0.6635472071283175,0.16094443598687114
-0.7057755308892919,0.1305724936433323
-0.658880467217298,0.1692662073826107
-0.7026178319431642,0.08267507366009635
-0.6802205112105887,0.14170627397419558
-0.6671237824507317,0.1455605693154
-0.6942851574143197,0.0930071948944704
-0.6767354698098574,0.14318730665351678
-0.6757296010464913,0.12751788309335302
-0.7091050306824254,0.12228415271927283
-0.6933001515047192,0.12608669516667623
-0.6649445833174642,0.1469179131101547
-0.7046583774852009,0.1381083488188781
-0.7210265755786168,0.05452765153841957
-0.6767783892192931,0.1657361363576709
-0.7212258040536655,0.07924178206412061
-0.6924590614007123,0.11356568081588923
-0.6660579540736221,0.13812177385588473
-0.7295065874863104,0.060730399136980126
-0.6889718373406676,0.10931042903209487
-0.6797982000807736,0.1016116435117308
-0.6684706206910971,0.13569783871727326
-0.6828812496135493,0.11875837425152935
-0.6991674286193037,0.11192205795640785
-0.6958720256626907,0.11700443201957554
-0.7108236449014201,0.10464118418047082
-0.7088593747129099,0.139222450229737
-0.6800747408038922,0.15256829869844113
-0.7137264917706323,0.12815908775619003
-0.6680648812068607,0.15274404592483992
-0.7025700882770595,0.08727117753624385
-0.6537287021202679,0.1734761219977851
-0.7244764027243358,0.05632644331247802
-0.6877708442632617,0.10352430651444038
-0.728082498887008,0.1088323560543113
-0.6822849051175839,0.11843235664255053
-0.6782847406564784,0.16796699992192227
-0.684961808770795,0.1254141194268939
-0.6896637323238937,0.12389685506888441
-0.6847136307588862,0.1318501348623982
-0.7033862682469735,0.12874131433217406
-0.6955330735876369,0.1091651978536217
-0.7098253918427991,0.08165171918143081
-0.687228477048848,0.14335574870808912
-0.6831942391314576,0.1600171263772344
-0.6820047745737502,0.1208671551236013
-0.6912112899824393,0.14198143611015032
-0.7108388701813007,0.12144516326295869
-0.707108823634204,0.07063369810393483
-0.7238221038684471,0.09687771716223378
-0.7036851736234158,0.11351555620402659
-0.6983979930267395,0.14775900827142532
-0.7142980577229185,0.08451098836116593
-0.7006993914042621,0.13273589913254935
-0.7008414419278572,0.12386610264405522
-0.6976594368030362,0.11356226905060145
-0.6594901622875313,0.17655225533179264
-0.6887534284974156,0.12830458827033203
-0.6816566628003217,0.13636648486948494
-0.7254984754206558,0.09862028760404841
-0.6781719705191969,0.1297144336393364
-0.7027966237012493,0.11980378013690782
-0.730538545217984,0.07449945134328048
-0.7369115422820511,0.0783072684714772
-0.6692796674104027,0.14768735603077782
-0.6456180105971757,0.1671108177195109
-0.6917575573365196,0.08534740504694448
-0.6908934309638385,0.13447709443925282
-0.72645119559403,0.07193824231964877
-0.7051712522733623,0.09941949375555617
-0.6575844388816341,0.15835537100549624
-0.704612373828331,0.08754079542539728
-0.7027680843206789,0.12537497181515303
-0.677690039038834,0.16763448811610104
-0.7134152570235476,0.13159534386781663
-0.7157360475600848,0.12071521791926386
-0.7108966003473054,0.09482048050657065
-0.6837006177496817,0.11916171578395499
-0.6697525567037207,0.13674730920016032
-0.6885104168789614,0.12575171123313414
-0.7075402571107364,0.09795073433191671
-0.6956290533445564,0.14133067392471843
-0.7013343220625531,0.13315883342762388
-0.6652633278070589,0.17729985074178436
-0.6875494484222715,0.09447692194484293
-0.717048210199046,0.09516118522781108
-0.6983418983994575,0.13606828721883457
-0.6786031071420492,0.15929920829029398
-0.6850356639487354,0.13518674579701206
-0.676765440688583,0.13011978669741034
-0.7084446353307232,0.1159708383101551
-0.6962229605460293,0.11544106343467167
-0.6792340040385355,0.14916008058913913
-0.6979488397197539,0.10400119891787109
-0.6721934230226136,0.15494684607150888
-0.712753137342317,0.08543468785295065
-0.7101924428834683,0.12075253083275923
-0.703821005318159,0.11141478111297584
-0.704412549207344,0.13811376303018913
-0.7057066728058836,0.12827567003770945
-0.7004034894307382,0.0839560368162704
-0.674589436012115,0.15889920694727952
-0.6817065404760139,0.1148829131666986
-0.6904603446173051,0.10151747505212483
-0.7284860272180015,0.07536892900503894
-0.6987847084352284,0.11034350392590137
-0.6721588265073071,0.1630883169899802
-0.7124292213232252,0.08576082272424633
-0.6792236096004797,0.1166153252693003
-0.7284776238018285,0.07915494948051292
-0.7140782831138401,0.0683209488329276
-0.7003450776707846,0.09313685485583977
-0.6826911015537496,0.1402487634594922
-0.7003331956642928,0.09368567156219695
-0.6708664960927387,0.14540687316581877
-0.6899754939244807,0.13491802575049905
-0.6731508046940988,0.14563904745749962
-0.7118716709940085,0.0642371500922084
-0.7201709415211355,0.11166230367194728
-0.6914854293132965,0.0891074759845217
-0.7001184668994134,0.08588887721604373
-0.7274049461594154,0.05401781048608825
-0.6949668841182168,0.11571669895001717
-0.6947519177535105,0.08781561244084082
-0.6755334966007742,0.1683159174677742
-0.6653308098882759,0.13503807580180488
-0.730627198312655,0.08189520540548535
-0.703710805533102,0.12022046048802218
-0.6604229993280127,0.15420497052593693
-0.684096374952731,0.1253991849704909
-0.694846980189874,0.16513759195399577
-0.6788779982844922,0.1505050087486118
-0.6588155439025523,0.18651318046140447
-0.692430007484883,0.12534336110931898
-0.6920317073703136,0.1270809535246855
-0.7147695979288606,0.12171790789726314
-0.6944359193719611,0.13429717561708465
-0.6890744259434922,0.1403974739240824
-0.6729738664261117,0.17388287027972293
-0.7002667281468625,0.11383541002494034
-0.6678220078726061,0.13981485511119965
-0.6749073971390593,0.16596597939027283
-0.6850051319196917,0.15320192379499967
-0.6578561537998037,0.18063626286174253
-0.7196689910541819,0.08928881310353548
-0.6558709165246037,0.15366667620923524
-0.7028467160379074,0.10608405772570692
-0.6762235565682526,0.10955191970147964
-0.6669303546205396,0.16754647371378992
-0.7154672405913097,0.08006822807593207
-0.6954117881341081,0.1382189229446061
-0.6650986739937351,0.15588900141435266
-0.6892134635079883,0.09649049095157333
-0.6842020891220927,0.1489259415147873
-0.7288399986267435,0.06711391578849295
-0.6705371008294262,0.1518886952356371
-0.7031919769010772,0.12392833795119042
-0.6933836386775836,0.11895993458536533
-0.6777391387269828,0.13212873727560107
-0.6979516880157507,0.11025917542093121
-0.682757831187986,0.12357861305544755
-0.6631419166935393,0.13703285565911485
-0.6728874729382504,0.15883146097947873
-0.72796666380827,0.07783001911470847
-0.6960999997592817,0.13041595103221
-0.6825649935818112,0.12684962443513342
-0.7033517657838967,0.1243240451079956
-0.6756154224629912,0.16230404998620368
-0.6650055067945791,0.15979267226657404
-0.7054078394763161,0.0813578061298178
-0.7022182023160515,0.10924108698371647
-0.6566901997146011,0.13940115062942685
-0.6818793984252689,0.1628183620721855
-0.6826814900584786,0.1216464130579862
-0.6908577182645615,0.11011328817053538
-0.6975327803476817,0.14585197179578652
-0.6952469663599888,0.10933564346953809
-0.6882865056675828,0.09101503775917186
-0.6681983333758061,0.1525798686773127
-0.6824300235112243,0.14845803087061107
-0.7054452834791984,0.11325918106824966
-0.7013041770411831,0.11763243610590604
-0.7050883773901296,0.11545541627792606
-0.6838227692088016,0.1494847061137094
-0.6732954631933055,0.15362430130527568
-0.7236810514000783,0.10370172522921232
-0.6936748137411419,0.1564425159347412
-0.6745965567905303,0.15070753380097326
-0.6899472140623911,0.15303436651390923
-0.6651880489420404,0.13783921167060942
-0.7206080061660617,0.04337560586317793
-0.6811604415772177,0.1474673000651155
-0.6937229680504508,0.15953792623165114
-0.653375646443463,0.1665675768829586
-0.7251007231337262,0.07128851839254284
-0.6658528078841691,0.15994786043119
-0.7259279003804823,0.06831864768713196
-0.7083597968627984,0.07007921820296743
-0.6693453890779818,0.13269561574058775
-0.7403597908849323,0.05853368594954526
-0.7224430025442448,0.08518595460329936
-0.670413981329372,0.1356037812523159
-0.7226045207076455,0.07710299817575743
-0.6792390194843849,0.12367662656123689
-0.6887609084870627,0.16095387344833775
-0.7152117105691858,0.10885298361384656
-0.7365083878207017,0.04643965474939705
-0.6773302583185156,0.14126109692082464
-0.7146258576967878,0.0652007023050743
-0.7157308089678168,0.10943873617859246
-0.6833616149008699,0.1273540873153116
-0.6987071356668667,0.15337141747730945
-0.6973347633119729,0.1247863221218112
-0.7226575549418368,0.0494352460517982
-0.7116471292572191,0.11510526930294254
-0.6780628258917003,0.17388617898261646
-0.6786183186053149,0.1322119434073265
-0.6988152532006916,0.13832324472981805
-0.7170507293436004,0.08009379669352812
-0.706137993226777,0.08972221880497105
-0.6864901152879768,0.12608114625894043
-0.7009275754836983,0.14494692337337076
-0.6667961427711915,0.1824182654326282
-0.6823878222077521,0.13012523927067873
-0.7086292721709091,0.12904999569431558
-0.6803211372963416,0.1330327878432306
-0.731463977258831,0.060345234087688486
-0.7075147407030252,0.10992951308206392
-0.7383959732548634,0.05687547893156885
-0.7121834035488319,0.11629741480631565
-0.7027423410378865,0.12087484024442652
-0.6683821261793331,0.14128504605536113
-0.6685851798118237,0.13770853479711687
-0.6672631174009153,0.15722442039234363
-0.6738762328649672,0.14314923215914357
-0.7029120507122577,0.11523275905345985
-0.7010614010135002,0.10612988535243163
-0.7095729554990702,0.10620555552857612
-0.6984528845883979,0.12170834872928186
-0.706923730155021,0.12187900272265546
-0.6753179658476969,0.11693114452931702
-0.6965286653759475,0.1128837378814333
-0.7038667256323784,0.12228749660819348
-0.7136107951690918,0.07822019723886162
-0.7274633543735235,0.06043208411247508
-0.7091429572167676,0.10431567192855878
-0.689809414117899,0.13087799349187898
-0.6802523040181786,0.14504749672653705
-0.7071729102949544,0.09153249419595821
-0.6862019976093059,0.14606689559052224
-0.679694986109575,0.11951886803479295
-0.6726726210355641,0.14636985300896269
-0.728974900408175,0.05170310484005138
-0.6584209012176022,0.1696584873599895
-0.725944602179096,0.09046885654269816
-0.6617528586108321,0.15918714644646695
-0.6516785098772006,0.1692377344567885
-0.686496475582391,0.13072277516328615
-0.7062894505526844,0.1216454151847168
-0.6899606978843372,0.11582466519364963
-0.6829125380605632,0.16089700418570846
-0.6728587130947012,0.11641667514767313
-0.6859490515083789,0.15526391428604042
-0.6863510875438277,0.1591175394797841
-0.6493805767881521,0.1815577358285823
-0.6914352514033135,0.1502051390999783
-0.6898145289916241,0.14963062678039324
-0.6811192304448733,0.14607135220745465
-0.6616458129038157,0.16395106648830088
-0.6598780580172449,0.15847505194188793
-0.6915013136536248,0.12818807281666192
-0.7001276003059892,0.14433325994159776
-0.6936316225100482,0.10268028837129024
-0.7037822906845725,0.1035677002554284
-0.6807259667090658,0.11122741894850417
-0.7252297925715279,0.10331562366804883
-0.6665764528627357,0.15434667085320233
-0.6950247519233699,0.12984950090316252
-0.6533537651237332,0.14987130607085425
-0.6734893530332235,0.16728651982290269
-0.7249822489980146,0.05764081811753049
-0.7051429601249599,0.11973993860826701
-0.7110366778091046,0.1179937976119571
-0.6876668440505517,0.1646428191326966
-0.6843140373355929,0.14142142984449937
-0.6936562650019957,0.10391166241716004
-0.6992590690087122,0.08731880827109519
-0.6893580893900517,0.13226859876483063
-0.7048442971459399,0.137812118316775
-0.713435724343557,0.08131630993715781
-0.7016171471695751,0.11852568105334824
-0.7103167267376645,0.08331499565019013
-0.7143620232987067,0.10045768865285326
-0.6955912615978685,0.1281163291001458
-0.6846416474602535,0.1234119583141691
-0.6968357530298994,0.11922393918198808
-0.6914405618435682,0.11020185375438833
-0.6984779794872259,0.1010255802609593
-0.6843539350797095,0.14298090954449072
-0.6835353769607053,0.09864533872182975
-0.7010137551283904,0.11815613737306861
-0.721428266023136,0.04026422945585306
-0.6928202854972747,0.1466658557396957
-0.705055551747922,0.0915025258194325
-0.700564873504958,0.0731451909580201
-0.708869031669791,0.1432531850200398
-0.6987299170722512,0.12427841478613415
-0.7209451886940298,0.0864802484294133
-0.6972532526749391,0.09559413935098864
-0.6843604525286897,0.1346799318598613
-0.705038568390047,0.13658542910274887
-0.7396933652545366,0.07134509647684274
-0.7204239078345637,0.1066018441422598
-0.6879347821556031,0.10251508570088941
-0.6724555343168134,0.13861094292377688
-0.685405344396645,0.12395245494509925
-0.685396533365809,0.14534388852082414
-0.7019366112540838,0.09557859551066702
-0.6823866381554009,0.14863162574936714
-0.6732139547579847,0.1399119962443994
-0.6877521785979878,0.12084875159972222
-0.7070749276403017,0.0933134963161121
-0.6847852661217294,0.13081718547297044
-0.7190399203980443,0.05481319244096882
-0.6914747967711508,0.15340833820760255
-0.6768007556926595,0.12426476559574699
-0.6933548497822651,0.10638348684531425
-0.6942363787827059,0.11297353516520577
-0.6546898819317821,0.16718622053602467
-0.6959249826797697,0.11770115949713468
-0.7290870231058989,0.07961471847372369
-0.6887723255931693,0.12478110410806796
-0.7019196978038943,0.12496904591990575
-0.6794959083087853,0.10743552100389567
-0.6807475651921324,0.13242662654799747
-0.6921265521905496,0.12580157054169983
-0.6777054782860219,0.1366685049390457
-0.6655843251445861,0.15617514691589823
-0.6986244679675339,0.10606288994897184
-0.6730751945716985,0.1396369280399573
-0.6739401384527215,0.14062774151417518
-0.701247129041713,0.08315817603291892
-0.6756693439736425,0.136180703956374
-0.6661523765762343,0.15357803897993774
-0.7031894767832582,0.08989035650503703
-0.6947616735073625,0.09472568419431233
-0.7165585207549925,0.094454677614794
-0.6600974355175597,0.15961093160920317
-0.6937562647910029,0.10792321802160122
-0.6824700798350652,0.13100492088646004
-0.6979200343318895,0.10782536224856812
-0.7337176380500163,0.08908638814027003
-0.6952036818107281,0.13431297315409177
-0.673853934873007,0.11896164735535311
-0.7263684165873809,0.08013111478775393
-0.6796424977537175,0.1010084542353169
-0.6881525373670032,0.1291354930029246
-0.678737574075395,0.1341922713334592
-0.6992901267980965,0.12756304988611789
-0.7021143134781042,0.12677028193909937
-0.7193054893512807,0.10753800446160822
-0.6713743891506256,0.159462338053962
-0.7263596365687743,0.045828084349243764
-0.7152528205782746,0.12412521330643066
-0.6765487014335158,0.16309363999953944
-0.6806937032422792,0.14612317580795997
-0.6691698875692812,0.15165020949029304
-0.6873855718580086,0.14243620446666788
-0.6934961796429248,0.11899643148921209
-0.6844711000881148,0.14953926266498074
-0.6663846792129928,0.13708155783889953
-0.6758202026947642,0.14930331853657564
-0.7050703593370355,0.07710755500355472
-0.6910195836803866,0.13660662767123094
-0.6970250066208801,0.15276992936016792
-0.6815110541476113,0.10605923607463609
-0.7150936314880234,0.1261068446187484
-0.6733810337367567,0.16073446071873698
-0.6867559696124814,0.15253236220224642
-0.6787917941621153,0.1174548168574467
-0.6733462442370307,0.16007591382076805
-0.6739745414617063,0.15620218688622697
-0.6766109911599286,0.12745561587068996
-0.6939368477630452,0.11509374133000785
-0.6901279172316147,0.1649062105750671
-0.6773804271780837,0.14201473352459926
-0.7163459952965368,0.06601435874176181
-0.6800983768459673,0.17471860459655755
-0.6970644389808495,0.14766598154560484
-0.6866809792448746,0.13899182687541795
-0.7077175421520001,0.12297403859213953
-0.6788599327802411,0.15500429055766785
-0.6936019677364785,0.12834771644582887
-0.7066163149996411,0.11970561498771903
-0.7259070938119914,0.07637734154596504
-0.7035429391489291,0.09373259074740745
-0.6925326040132629,0.09583844797961658
-0.6997861576481749,0.14525448669486618
-0.6680838832305313,0.1774528765888724
-0.6869202876588932,0.09153534047336961
-0.7136362725543598,0.07404693497210035
-0.7139197686349944,0.1118750826657331
-0.6803843489739875,0.1345217045309399
-0.6779140187351296,0.1569930557550777
-0.6949504798321567,0.11252864436021545
-0.693998915299206,0.1390645173839219
-0.7165347794065687,0.08843725578468135
-0.7132555192150768,0.06310688383459476
-0.7016398569912701,0.06916795785181205
-0.6753367550755839,0.16428970430649362
-0.7038075622670154,0.12247141951120014
-0.7010535643776282,0.14502933214106836
-0.657820891438453,0.15075430313226781
-0.6844578153211005,0.15319651065525536
-0.6793481776760495,0.12133715889347912
-0.6928246981703325,0.14558392913498033
-0.6938758888804003,0.14458554055135198
-0.7010993750774054,0.09732554921795657
-0.6959383775909012,0.14261333644362578
-0.6877811695354489,0.11889253206377555
-0.7113334793072179,0.13474919092494442
-0.6771432586559533,0.13591297353322654
-0.6930238856697362,0.09638831721207121
-0.6771423527376831,0.14002020624022835
-0.6667104609164859,0.13780795897333303
-0.6889178068251953,0.10684959314572577
-0.7097885749596535,0.14429794292206355
-0.6972108096690339,0.0919415893450652
-0.7036486646721212,0.09619439351016967
-0.6935544609689538,0.14209358309201398
-0.702598983694636,0.09388271270724254
-0.6870655033978027,0.10431556612507657
-0.6663198108724528,0.15291079000210292
-0.6810062930993607,0.11241678221743553
-0.7109103700126705,0.07838859575986296
-0.695625347102989,0.1413519550493973
-0.6835833633679113,0.11855860783991996
-0.65648929298189,0.17968214274544464
-0.6558582088679785,0.15566423649535227
-0.6983146013600745,0.09844163934800772
-0.6720071691253604,0.13109202776057527
-0.6974956437579579,0.09807446738131699
-0.7137300313449388,0.11628425652102876
-0.697711216361399,0.09729413639662694
-0.7043927641119053,0.10281492700602846
-0.7184359132983598,0.09086080752448572
-0.6821446708581066,0.15639471606205882
-0.6844325322591482,0.14163152202473933
-0.7007681025553996,0.10752026524474811
-0.7011879816783553,0.10750091255877159
-0.6841621980412627,0.11586329467168546
-0.7179854115387885,0.07602331239664407
-0.6887078877071124,0.1473552413232261
-0.7258408887117845,0.07210259421355121
-0.6497149933080473,0.16803169863124798
-0.7222859362832722,0.11684577515271602
-0.7102354907492816,0.09790280655640134
-0.7017891936948554,0.09553639027316335
-0.6732673001319978,0.12401149284831557
-0.6591426868798048,0.15272947552281904
-0.6953313510091125,0.15455154234815724
-0.6979617305926002,0.1435556749919669
-0.6604472857988704,0.17025570336970006
-0.7071326996427656,0.09940640347610408
-0.6970702594279565,0.1357004806410686
-0.677235134128198,0.10607459569706977
-0.6696703383017572,0.15924027533916504
-0.6984823597348078,0.1294706547600406
-0.6859587256300497,0.12149036688731449
-0.7099703061700864,0.07986537178469016
-0.6837119844403251,0.11950074156531955
-0.7072248327038729,0.08239737521292763
-0.7275914201231979,0.10604153586092245
-0.7009622972398338,0.09360127428623943
-0.6919404184386792,0.15503435129065962
-0.6869851660259856,0.15013738966359286
-0.6691979719430123,0.1569161596325253
-0.7030687564829102,0.1099545063628094
-0.6695308820856184,0.14733918074618685
-0.6971953902595427,0.1050173399339099
-0.7249974173198214,0.08696966099099798
-0.7314200639557609,0.08798044783735966
-0.6818457542864153,0.12348409793132445
-0.7029591034566176,0.08468594715598537
-0.6685838058208234,0.15000157229540095
-0.6981665332262164,0.08339521707167763
-0.7068296487477498,0.07821067815727802
-0.7161957187690683,0.07268584874421807
-0.6944104450664436,0.14603843576405096
-0.6923081935367017,0.12261470668512746
-0.6652463296768368,0.1412899026287809
-0.7055650093942567,0.10237878514534127
-0.7127003731063849,0.12458994372056374
-0.6849747440616692,0.1388565710677531
-0.7417599897985042,0.046423445051990204
-0.7098669019421461,0.08438162555041369
-0.6560431254590114,0.1725758708827534
-0.6993044686913784,0.13247572174619412
-0.7170830355247386,0.08554163128596617
-0.6933531241741576,0.11523479407203052
-0.6857382599432871,0.12753099564828457
-0.6990585545157739,0.1413225646236937
-0.7183842788685512,0.10243684487600167
-0.6751555313992311,0.14078873295867989
-0.7165024000797721,0.09519835742114194
-0.7078915810051487,0.093621648974597
-0.6917483560395206,0.1480172439721092
-0.6648765766262718,0.1427466870196501
-0.6687975385521147,0.1622191218870184
-0.7027781024251121,0.12165256158752995
-0.701895188361367,0.07475703740658175
-0.7096032095758035,0.0816194378249738
-0.7002538197401761,0.07822693345096288
-0.6839218698596792,0.11267827947976314
-0.6876318875749562,0.1494064209111896
-0.6984584867800468,0.1250008037592298
-0.7063427543450406,0.1312713758590274
-0.7087814604376894,0.08385422619231699
-0.6856343872741495,0.13078401111844976
-0.6940480661597944,0.1550720564213212
-0.6762362405928245,0.15799841437323509
-0.6893113700240897,0.1212821988567981
-0.7131834770058665,0.08525611295014181
-0.6773092705162059,0.144603725169517
-0.6625965902502734,0.16327424299502144
-0.704743029780822,0.09952109303678976
-0.6815453609518792,0.15321169439445195
-0.7138122959917694,0.10704690189700092
-0.6943238542031988,0.12247883772059964
-0.6918022330342399,0.1643478748449173
-0.7137447966085247,0.0989663132419986
-0.6913858079944004,0.09911481614127467
-0.7161484527936844,0.11105440690763385
-0.6871539973522727,0.14040892705108327
-0.7073326071808312,0.06560314372990582
-0.7136549405105876,0.11117925474620226
-0.6653562163781666,0.1503105648016332
-0.6693919452164964,0.1671637842305378
-0.7069990737422781,0.1008179115631501
-0.7089411397268661,0.09740551403775223
-0.6978229789926572,0.11003178127813072
-0.6778538928807969,0.11903569039939856
-0.6966961874190802,0.09673482950738918
-0.6615514933281248,0.16997095919274172
-0.7106689315376267,0.06314582258789508
-0.6949204730682895,0.13075653211654753
-0.6723508226960715,0.14274001529950536
-0.6982212718172248,0.13196092177699112
-0.6801610202023093,0.10948739794954054
-0.6967412866673136,0.12330761140525845
-0.7361966755389979,0.052245433313546655
-0.6870136894857157,0.10821737284532841
-0.6873940365402617,0.14395016838141836
-0.6616114228267037,0.15018219077173064
-0.6778665612092369,0.12287851174815904
-0.6914435710275355,0.11244893850051076
-0.6662493311136761,0.12833984741192808
-0.7017915431342993,0.1233444412594074
-0.7157913823036053,0.06961859172014172
-0.6603572358605673,0.14229933461257238
-0.6634043064077854,0.158536295049611
-0.6930283988996813,0.12067190995417795
-0.6822723295084244,0.12279016009645465
-0.7306716681351078,0.07758352808360977
-0.7005017546548963,0.11514562369262138
-0.6807935642487398,0.15134317511786927
-0.6974800480263487,0.12580000384793458
-0.693731512951153,0.13888829167307312
-0.6883502813216978,0.12089740414307941
-0.7017134449986289,0.11024657560865841
-0.6990581042408579,0.11975332382914027
-0.7174358155400317,0.11630090691593664
-0.6887420806165335,0.15151809343005843
-0.701514639861153,0.13117550067611503
-0.6766980824576526,0.1615953547029844
-0.6913395884752017,0.0890780753025494
-0.7069838539380557,0.08345025946810627
-0.6830258526707919,0.1097410025405351
-0.7181098299080714,0.11291747041494356
-0.687197049151403,0.15122037653220277
-0.6750842397112916,0.16054697463914316
-0.7040443262592928,0.12312200757402977
-0.7044824693022091,0.13023544424795394
-0.7235491550729265,0.08120746089770373
-0.6858277218898244,0.10681096097103676
-0.7176610325276332,0.07620011806613212
-0.7176900616670074,0.1169765558675643
-0.7039502962126599,0.13863229342644745
-0.695249150778717,0.08319684884925481
-0.6745836038153902,0.15237517374609819
-0.6769526036715459,0.1264988302773157
-0.7107366729722759,0.07620213542215797
-0.6758060395019694,0.13210994084605376
-0.6816662954171805,0.13521032244962644
-0.687320316291244,0.1386863763772306
-0.7087413100354757,0.11938791148122163
-0.6653337236084793,0.15037080343049702
-0.6900914887844042,0.13055938093085886
-0.663132225382816,0.15955290994677204
-0.7107923194692124,0.084684961711597
-0.680643329931482,0.15500905771589482
-0.6812418342339804,0.1490125255986899
-0.6523614634707829,0.18847565478106404
-0.6830731812836758,0.14575288547917614
-0.7259365394980213,0.09213947847419392
-0.6879998949335444,0.08791600841994102
-0.701242484299825,0.1127868933850873
-0.7171815618241234,0.10552265186174146
-0.7186232744959344,0.08374748666672728
-0.7204657301903845,0.06235341819511853
-0.7000093135605486,0.12818241342883532
-0.7113672649478922,0.12397204433530978
-0.6727978628624132,0.13541930151295423
-0.6598052839962906,0.1830373063970596
-0.7009885276660703,0.14695482654083558
-0.7113130528741226,0.12879018576948456
-0.7064191543841324,0.11353566250517655
-0.6788575181640955,0.12882676361733195
-0.6976765997580429,0.08873413673811871
-0.6809540348239402,0.15861620575061178
-0.7129072107440602,0.09092768030748162
-0.6617317343623439,0.14766453727891687
-0.6998184106912914,0.08951982388369398
-0.693703699971011,0.10053515467066113
-0.6881372592185768,0.16013804750134397
-0.711231037972829,0.09806624106593491
-0.6624975797437423,0.17770002148529934
-0.6813247155887868,0.12558468858876567
-0.6784943785316027,0.11252312586935284
-0.6961427744165752,0.09548068034415941
-0.6720914612641193,0.17217626806913428
-0.6702140242044883,0.15044159499403464
-0.6532651273449531,0.15077285184860717
-0.6925388813912331,0.14440830458945175
-0.7017256434767932,0.0952445606573858
-0.6667354306009045,0.13786360820086407
-0.7376023322647126,0.05062510483993683
-0.6781062830676896,0.14325523200344856
-0.6932812376876175,0.12541335690462307
-0.6891143250147438,0.1312868648023648
-0.7099839610294345,0.0923422876826972
-0.6696783027380165,0.1614793215140408
-0.7260888353567613,0.10155657792391919
-0.702093241009363,0.1036697607288136
-0.6953279515242311,0.13433131154161615
-0.6833613384481094,0.134672955964006
-0.6791866024884202,0.13251784946731252
-0.6714007035302387,0.16227931275918564
-0.7190378615276434,0.08002915931281564
-0.6705976122676237,0.15672437004309822
-0.6749404704683157,0.13567341658959864
-0.6736534662479696,0.18065218175848982
-0.6930247129557393,0.1182781658111304
-0.6961539532464328,0.10854710791030742
-0.6698885258201281,0.14324177267495597
-0.6963205296325348,0.11539880130308125
-0.6550192285699675,0.1641383147556247
-0.6938132320378972,0.08122382413571402
-0.6888376680758102,0.10057281381970648
-0.7205216808354966,0.11144650385886785
-0.6778205797623773,0.15186120476027232
-0.6604961641381178,0.14402632756717362
-0.6679543704460931,0.149029439101692
-0.6961539202045552,0.11319177382224699
-0.6587796268339536,0.13928281094583553
-0.7296566746586607,0.05915854842470681
-0.6886310433567666,0.10974396699126714
-0.6978689275580705,0.12886704311996353
-0.7092205849154983,0.10452669735383688
-0.6895377574549267,0.15736460584101597
-0.7265215892784747,0.06369804533949677
-0.6852652440224564,0.11860081404400617
-0.7054400475363786,0.08449507393450124
-0.665565830460228,0.18856398965124144
-0.7130084490979197,0.06355129573530466
-0.6735728345987763,0.13578107612552817
-0.6922762820071172,0.1311200965274031
-0.6755335470733409,0.11227859351771405
-0.6954681028681212,0.12127508474351473
-0.6675626809299512,0.13990823983207204
-0.6748869977556465,0.1652114792283348
-0.6822891978585545,0.16339199959430237
-0.691196340260569,0.09548049165049667
-0.6969274833422998,0.09929754791362612
-0.6830101184216056,0.13802733621501642
-0.6778188276817491,0.12660189579410827
-0.6601768100127791,0.14559414110854083
-0.7091734878285311,0.07892044474454198
-0.6721167798612725,0.1609329494328458
-0.6790291670973283,0.1624584738625509
-0.6538664278571638,0.17520928538456776
-0.6930278727826025,0.16092046693519776
-0.6917852674546506,0.09819056520823281
-0.6798244519589899,0.13204576240849006
-0.7221827160888994,0.08385995470039959
-0.6984340082990722,0.12472598277483017
-0.702165481141173,0.13846237577005285
-0.7063087095226152,0.12875849243155932
-0.7337271979309141,0.07192674343470742
-0.6913418595896658,0.11063615702421391
-0.7130490604064982,0.12158668098580246
-0.7151836635329705,0.09589302865326856
-0.672572468035615,0.15237894355989634
-0.6901399960048901,0.1360799838018505
-0.690085905009688,0.14205582834998529
-0.6827583322966171,0.13183949891426355
-0.7080801961096596,0.13732760245494083
-0.7031155640543943,0.10366353675791017
-0.7006686960191617,0.1173446106571861
-0.7034055695022623,0.10010429274053671
-0.6844504587938693,0.1433628828639042
-0.7279891827137885,0.10005206236569364
-0.6874861154916627,0.09327222496369184
-0.667284459099168,0.14358951970424005
-0.7204156941236046,0.06440400848318882
-0.6855517100994991,0.12307723032630694
-0.6950191310556072,0.121509777151494
-0.6682935412704542,0.16692070548697932
-0.6992945078015033,0.12535020936730734
-0.7183120236987816,0.060540545363072594
-0.6812787204235169,0.11516663988642221
-0.6826282604340345,0.17142006332601045
-0.6841359492110372,0.1094355829166078
-0.6557286621426505,0.1634206295525901
-0.6669421274900768,0.163416781911125
-0.7059069527571595,0.1041311576733557
-0.6701862685228386,0.12729798412739507
-0.6923117296658399,0.11185303219234033
-0.712936443346083,0.08356373133677446
-0.7044129769708225,0.11398171034419341
-0.7302665190467652,0.07311781962109144
-0.6969966931024175,0.10444712005795877
-0.7185785320723317,0.1140916271911545
-0.6743594272980216,0.14846726920468556
-0.6568578630741884,0.18279399151398884
-0.6571343128452773,0.17180695602195017
-0.6893546136719089,0.12430033889785765
-0.6606133770537831,0.169005325177536
-0.7028236150169874,0.10970706717782214
-0.7089012243288406,0.11783543316052972
-0.6895573699036016,0.09945043504728755
-0.6857720190586567,0.14586085346441105
-0.6906107241766581,0.12183494900483333
-0.6865128756021983,0.15249198294404792
-0.67840387579176,0.15836528081980453
-0.7179690363133134,0.07119926832670813
-0.6805525967054479,0.1738360090712355
-0.706347009817635,0.0831657731979708
-0.6813110177895854,0.12992182109936115
-0.7240886867653803,0.10771948593067912
-0.7008306148617477,0.11247512079409461
-0.6925289584261615,0.10604488586688725
-0.6894943974489357,0.14161045761678934
-0.6897671061365132,0.12478872242213247
-0.6789587689363795,0.15989753104503215
-0.686239918493538,0.14334323147737937
-0.6890483893465814,0.14261640545162527
-0.7119791876298608,0.08593909141152849
-0.6772160462672195,0.11505908574860857
-0.705087595946949,0.07970195052665395
-0.7362895059953183,0.08672497083393196
-0.6985575897501152,0.10912299077122771
-0.7162853531356974,0.08496126238569103
-0.7099302221555153,0.09724096797780689
-0.7077846384121456,0.13324846316445713
-0.7098398718347453,0.09352352737608192
-0.7144595744602569,0.08085649011310633
-0.7042880520277048,0.12126634487209137
-0.6722355194719376,0.14778111410301265
-0.7096134822348344,0.1067046214364282
-0.7142771877307033,0.12425452600554672
-0.6692649184227185,0.13914208191596616
-0.6935986750943166,0.1384522240587675
-0.6564315676417192,0.16355879762287803
-0.7197190325541128,0.11307127238577303
-0.7224881168507207,0.046873266348183194
-0.7082085504465726,0.13088646862072154
-0.6662737669361085,0.13087011232213133
-0.657088582572266,0.18285590179337705
-0.6805709717851974,0.11896710157863444
-0.6874243625302776,0.14129302191354207
-0.6839874667154928,0.14508382144905085
-0.6939639657456901,0.10562062008420756
-0.6760194179158255,0.1840392925579951
-0.7090451451956111,0.10184533836574815
-0.6790290016684418,0.14346577326627066
-0.6818350739999992,0.1499287787517217
-0.7076553216693617,0.13995288379387671
-0.6733343896198712,0.16500068695050898
-0.6949111000601739,0.15182530976753494
-0.6916731019025013,0.13147018326132356
-0.7040206048982841,0.1120996398933555
-0.710253235747198,0.11498240638308393
-0.6928342043924255,0.14041962277777312
-0.6937664260220517,0.13351271530585843
-0.6996880136102379,0.11102734043191836
-0.7022628993156884,0.13477891271429498
-0.6920486428272853,0.09309149301892646
-0.7139285572136191,0.09139992349847864
-0.7022095481805746,0.12108012657026354
-0.6778655351666051,0.16271382757886718
-0.6950038814761804,0.12363047759242347
-0.6480121070588464,0.1695310268615003
-0.6814288355065748,0.15165241101160945
-0.6874933457460489,0.09272699717085192
-0.6691695936875398,0.14085336208208193
-0.6773362226364843,0.16261923313486035
-0.6861192001264736,0.12430571799678218
-0.6940754157128755,0.07925761132576743
-0.6622619014671607,0.18161205837292996
-0.6726523135692816,0.13925514885565637
-0.6787624205644389,0.1464000123739306
-0.7289719119454253,0.07184488300230743
-0.6823246320828313,0.10034745107677294
-0.6889467633838041,0.0954795571238377
-0.7314290875819164,0.08721410437879915
-0.6753109840059772,0.1111225301025185
-0.6867523113306883,0.11701763553014344
-0.6652575566922841,0.14546642059843934
-0.7119313239979916,0.09193990984499717
-0.7054320346398549,0.12480062007327429
-0.7301577389971321,0.04747715265643812
-0.704822605690546,0.11225994255642316
-0.6945971875427794,0.14603347060560903
-0.6947583727507166,0.12872430109171065
-0.7012309542563593,0.09448401112231146
-0.6727719189801231,0.14048946082653224
-0.6802078983171418,0.15435682350824156
-0.7084837167561351,0.12112372862630529
-0.7145184734362581,0.05910830851154298
-0.6995125488031851,0.0975392063531608
-0.6799429333496867,0.1328603048497752
-0.690119236090225,0.15943847187006943
-0.6759672596097995,0.17445070684672773
-0.7120969118284202,0.08959322359858991
-0.6889823702754664,0.09685940458741538
-0.6502586612826539,0.17497903893676325
-0.6774721043464681,0.11082979698943267
-0.6817923010745089,0.12329611985352995
-0.6773328649885608,0.13854640468080223
-0.6904924956911896,0.1537473224799686
-0.6833790159250616,0.12124446033328866
-0.6898884761504565,0.15187851709688524
-0.6579313922423019,0.16314634753246948
-0.6958452837077643,0.1303550463660134
-0.6659776553934346,0.1623031792035557
-0.6733351407828436,0.15246949154817102
-0.6675294287844729,0.15822169579145978
-0.7025201089659721,0.09200142388804788
-0.7296139863845915,0.07407651659024053
-0.6963509803070065,0.09942745723820193
-0.6913107096154547,0.16881716002503347
-0.7234707776136889,0.07392211676550271
-0.6886358069283898,0.13446118724109474
-0.7048995835863363,0.06640975542321555
-0.6876457550682246,0.11204900523785477
-0.6647671518341368,0.16606924355360358
-0.7108682228462191,0.10342822706340471
-0.6996124519956876,0.09024745159199153
-0.676437048270591,0.11019866677798462
-0.6904518882755787,0.11283556131470347
-0.6686238233789785,0.16200024393073234
-0.6828936113611929,0.13866079050721403
-0.6929900530740561,0.11292018167204435
-0.6809332188823696,0.11767495489989836
-0.7095299177916771,0.11466964718589626
-0.6976389908688406,0.10158685807089357
-0.6906527826973012,0.11991486407780928
-0.709061580999757,0.09798077948084297
-0.7058851636506046,0.12093493745876023
-0.679191878546686,0.15631155109894757
-0.653467768821362,0.16314135272809138
-0.6767218233547587,0.17982879961902648
-0.7097090548741244,0.11270219485658302
-0.6916485417802624,0.148287929844552
-0.7299379282809197,0.06268756650496056
-0.7188582614028858,0.07210126865478987
-0.6638129867428878,0.1825371658359022
-0.7051764200369302,0.07116003403185407
-0.7023749480967949,0.09362976017485745
-0.6916022940122368,0.10372301208644599
-0.6927211611439693,0.14325199956711457
-0.698304187792418,0.12270497374494467
-0.666372573094306,0.1602708037262399
-0.6829422352421399,0.1535453830334316
-0.6781455836124599,0.15903263661934558
-0.6958251136824468,0.11155964281873658
-0.708975556372007,0.12477779340736966
-0.6997489103246554,0.12548510812568126
-0.6548592862976698,0.174248340420628
-0.7132853727876096,0.053979630079606315
-0.7062721784266957,0.07478167803347525
-0.7190222474605116,0.06370408779756662
-0.6837364584125128,0.1491284805329405
-0.6776315540012336,0.15133274374056982
-0.6708330936834357,0.17393418915695233
-0.6646979792441976,0.14861822270543423
-0.711233132025948,0.13875037190783338
-0.6930792160020197,0.14193797947431563
-0.6832607005927201,0.10376488927934135
-0.6695566929578227,0.13796158352467638
-0.7142976530591643,0.06504549866930476
-0.7117520452472895,0.09186905113716227
-0.6904441357449809,0.11444677662698097
-0.6993644794091141,0.09888531634839412
-0.678597657662109,0.14915837419414954
-0.6981739384422636,0.11882523372229864
-0.6919648438285066,0.1096434150056618
-0.7145782499225619,0.11324437490259688
-0.6671175284636169,0.16304837735593472
-0.667813056157568,0.1699177224391956
-0.7216508566896971,0.07599064345247986
-0.707212740282948,0.11299325703685095
-0.6813565335016208,0.15310109885147746
-0.7305345207338263,0.04770963509526757
-0.7046336756422154,0.09346831957164892
-0.6839894689947327,0.15837393625196933
-0.687287896060751,0.10739471132114273
-0.7056964316080812,0.09460634337367824
-0.6721451329315964,0.13642471348865143
-0.6836616867462165,0.15917252341222848
-0.6624603961538567,0.17980978849702856
-0.6924781072957754,0.13610571085511508
-0.6936920016323975,0.10416234793134443
-0.70533374369376,0.10946080242428845
-0.6744318962858606,0.15733046443756202
-0.7181327793628699,0.10074040590671747
-0.6832979407464089,0.14759456279820926
-0.65741847736623,0.15952554614568398
-0.6807022930353945,0.13727285439341066
-0.6590915577387172,0.13540461478187915
-0.6861053154431745,0.13559531616921625
-0.6858234957910503,0.12795660291174904
-0.6829634007300702,0.12587018392804022
-0.7175993238171913,0.10062582639720297
-0.6890765881791513,0.14584691894532356
-0.6821988438866373,0.12759281391669258
-0.7061753382922511,0.0996866278364614
-0.6770380904578874,0.1108959618905623
-0.696829873367138,0.10696837122125989
-0.6854068646338871,0.11898115260740205
-0.7168055403429954,0.10273911373258651
-0.6936729388147048,0.12545840516379048
-0.6874920346321391,0.11652568393648624
-0.6826579604485588,0.14480971418916225
-0.6842146287757737,0.14549729783581686
-0.6916295640031941,0.15420923749120768
-0.7102133835631479,0.12070391078707737
-0.7023402914379326,0.1328749544809447
-0.7009484173729564,0.11359894168387323
-0.7170837306066737,0.07506479900985868
-0.6951239727422993,0.11434086561406726
-0.6613176712211462,0.13893926831685088
-0.7247086525582619,0.03877866150658102
-0.6860627467452024,0.12502664398965205
-0.6877995518212531,0.12149772629683182
-0.7111112389016724,0.09743195424743964
-0.7104548823366349,0.1158112785880528
-0.70141252601108,0.08160096281183979
-0.6970607496743647,0.09342937572603802
-0.7126375547260894,0.1043048084711738
-0.6694006325714231,0.16044505176892718
-0.6658447715230978,0.15918100886300893
-0.6792342644130279,0.16001652611388875
-0.7435893641748024,0.052781606011298283
-0.727886437334694,0.052858497409746116
-0.6829977511661355,0.14644498996872798
-0.734952514938835,0.07386604263857566
-0.6985234213163897,0.08627265366129323
-0.6866135297868007,0.12631103387223006
-0.6800521743964495,0.14860258705918833
-0.6738853247976769,0.14054689031430656
-0.6806180098468442,0.13065714956761915
-0.6989694680707969,0.10115543039424463
-0.7085987267867885,0.0945318476694167
-0.6867863550389809,0.1261870672979392
-0.6849873448847722,0.10986299817313078
-0.6935304419295387,0.10158550102275357
-0.679950626912679,0.14957401011321486
-0.6696975686382381,0.13996239765119503
-0.7104107748695705,0.10403102741699555
-0.6811819732469376,0.14652454318638333
-0.686836923781507,0.13324294063814446
-0.685135046595025,0.11114158912661054
-0.712048527703978,0.10810774562200748
-0.7129514928724542,0.11546270740329398
-0.7186145328199386,0.06456091697563067
-0.6784633813682295,0.13580124684351325
-0.7014375304100358,0.15340578643309935
-0.7091771561722058,0.10239302401652525
-0.6597868379622759,0.17380975410329796
-0.6978239280487921,0.13297596181076513
-0.6907569953593087,0.11711809051804269
-0.6688743248772512,0.15264160492947484
-0.6998680123373354,0.12751836321838733
-0.6711884197273467,0.14702870735920448
-0.666899602614427,0.15654095371527907
-0.6839013201407536,0.1389911073375717
-0.7092892367249498,0.10741667869853197
-0.7392943571036991,0.06447126220024194
-0.6639319103320711,0.1579855071062959
-0.7301542969740927,0.08555435086569908
-0.7111552039439305,0.10460982626763851
-0.6786048473355252,0.15851993471340656
-0.6825105846315226,0.15763131095370955
-0.6861037142675536,0.13342173726886014
-0.6769115129314922,0.129710477388155
-0.7165137030487524,0.08091142694544363
-0.6841361675503745,0.13889201855756272
-0.6777265131185968,0.12930347334089287
-0.6756665749418559,0.13351593997599384
-0.6655268080761688,0.14845425849591
-0.7082579198931304,0.08493666155223072
-0.6949114353185627,0.15388310782447467
-0.7113536845163031,0.0595209774674792
-0.6841070629706054,0.1268464172034784
-0.7188120401297898,0.056367019807043964
-0.69058640605918,0.14460383608949615
-0.6987670627205123,0.10458553035206558
-0.684582960601554,0.1292295889476537
-0.6867523842716776,0.11270407134181284
-0.7250407638224243,0.08366972163095286
-0.6757297754138344,0.1286658824668079
-0.6813526314599939,0.14278212870558782
-0.7022511751414077,0.11051751159392553
-0.692902711354642,0.09940159822449192
-0.7180246178755217,0.0890921394159474
-0.7049631389814716,0.12175819214764905
-0.699601322491302,0.13512087306331647
-0.6799716687819348,0.13519066666255333
-0.7104268926299147,0.13653817315753541
-0.6994140196183461,0.09064910510705998
-0.6960451274374899,0.1422296356616634
-0.7105281645018648,0.09082977043860369
-0.6882699554772279,0.11450115998336387
-0.7057759695198811,0.08506662513529155
-0.696206101467591,0.11469168466765531
-0.6849543300007713,0.15378649356440102
-0.6887605837931176,0.14927819302924436
-0.6926680141100147,0.12230675651329792
-0.6960297065753388,0.13233930064296523
-0.6891886113521087,0.15102195021731357
-0.684158186094078,0.1532635290522569
-0.678412289729333,0.16637977601888718
-0.6898573822058043,0.11258741582054159
-0.6883215412522219,0.0968551668195887
-0.7159231247096617,0.11148698726210268
-0.6856612830625181,0.12216508883552847
-0.6786529824088269,0.15131369934979697
-0.6887783227276321,0.13177135110518182
-0.7186924246958047,0.09707501443483652
-0.6844484659140386,0.1030184429673621
-0.6782680852022026,0.12319044521824338
-0.6766652337077135,0.1513513642274084
-0.6781365973529678,0.15918067523371707
-0.6818155049887492,0.15679859153745304
-0.7019170003892541,0.1272063377424497
-0.6892902447657284,0.11804753415843483
-0.6989635091562478,0.12215624986164908
-0.6732098591006346,0.1482390115996111
-0.7061487635484284,0.12182380495656167
-0.6935342982489995,0.13836770832740675
-0.6830181775830352,0.1213146941390782
-0.6994372251743904,0.13896431938764323
-0.6605794254495867,0.1531520823492185
-0.693577431872069,0.13102069221327564
-0.6828749807510579,0.14912324855296932
-0.6897865411108369,0.12885288556745286
-0.7200210372388293,0.07108301019548274
-0.6913505299197212,0.14035526354806555
-0.6960741914286924,0.12564715463765053
-0.7205744827038059,0.10442111878152421
-0.7063881604113312,0.10781218942625347
-0.6750482894425996,0.15735087644550874
-0.6625681248800033,0.17963120561997964
-0.670831050569639,0.15757655876987434
-0.7105672113812166,0.1038116815785754
-0.7013600570343265,0.12102704711802051
-0.6771293636059591,0.13645230308221332
-0.7079713323733988,0.08713182373612047
-0.6880849512004821,0.12356783117731826
-0.7262132018107615,0.05934513334161095
-0.7035565906091954,0.08992148445274581
-0.7058113056275954,0.10884502930030451
-0.6597794329791212,0.17206335456276398
-0.6888537714088359,0.1375264496997197
-0.6960138230368003,0.08674921263628049
-0.7017233224466422,0.09745148843303854
-0.7073836343594676,0.13383149322882337
-0.7074676270716806,0.13546794605290544
-0.7139211484607295,0.07026907524026667
-0.6785129144393526,0.16192428109709484
-0.6951140872820433,0.11184040731071736
-0.6739674360331023,0.13487039263490094
-0.6643417622268293,0.16045070847637044
-0.6923572379470583,0.11386647060324932
-0.6981005714548804,0.1125490500972165
-0.6877633017760308,0.1349614838131711
-0.6659047294212096,0.17533052049976355
-0.6798466657293503,0.13103904353020718
-0.6813184887111046,0.11478862517350835
-0.6947369616567571,0.12007314162632687
-0.7031109158113521,0.08437624017973186
-0.7094758832744975,0.11238173010718934
-0.7068858962979988,0.1430953619330409
-0.6876913822048363,0.13579402169746957
-0.6964566380390491,0.08813762370282127
-0.6943147747228324,0.14444625757333354
-0.7130877624185485,0.1150428093925797
-0.6705039426635222,0.14891808998151815
-0.6967899524488849,0.1062172170704027
-0.6698509382167115,0.14220657019703847
-0.7023196307729491,0.09957539147945094
-0.7063087414817061,0.0884940129393165
-0.6836098471712124,0.1239919898670759
-0.7146392879519778,0.10644071696547122
-0.704801766623315,0.12431388245587027
-0.7170023450871639,0.09458530105073602
-0.6905281975412134,0.12365555141727087
-0.6670096905251608,0.13004760797371814
-0.7096285249290408,0.10180034426492203
-0.6893970956339268,0.1209280466835502
-0.6865323528701667,0.1134916658022444
-0.6996992104535185,0.11827746855638341
-0.663751705695985,0.1422944344862018
-0.6911187348125121,0.12667728237209605
-0.7179425404896034,0.0761619470568822
-0.6868546843858848,0.13239442123326953
-0.7115692664597038,0.09077082671485677
-0.6710423020767383,0.13278948692646714
-0.7175588278810171,0.10498965071612154
-0.692498674835603,0.1163056200513428
-0.6924963282932491,0.13918431953473928
-0.6632233254603144,0.14546026667915016
-0.6826473014891431,0.1359692872129388
-0.7081964293750478,0.10013410086789386
-0.7307203486828335,0.0679972783307676
-0.7019064673690536,0.10019249010727736
-0.6707402714498829,0.14237122605390726
-0.7303058194530947,0.06962557332118294
-0.6804110265035965,0.1134588963621406
-0.6937731427776311,0.08910620003220178
-0.72469953529214,0.07729043444137709
-0.6793196732275149,0.1111899864854515
-0.7248908558405046,0.06147660246942404
-0.6789440965294163,0.14241426557602901
-0.6932273717837719,0.09881386984382995
-0.6661610889801477,0.14182117750594955
-0.6937030049026104,0.1476597749425305
-0.6953624870653793,0.11382067505323472
-0.6924155912258401,0.09639762834272646
-0.7013223765605964,0.1162460591122805
-0.6834999517772965,0.1286969334866363
-0.6941072198005932,0.09399581309603797
-0.6943500194411422,0.10738447474509082
-0.6812302497933659,0.1280977759655812
-0.7084188787657184,0.10043190084465381
-0.694625250202003,0.14343786488334773
-0.6791745884746255,0.15700264709906983
-0.6797698941362809,0.16887101001014368
-0.6787478443034849,0.1470202295877099
-0.6783500873358841,0.11317035811979394
-0.7105933357280868,0.10627956703270752
-0.7222335150569048,0.06559491594374743
-0.6787470937019959,0.13524402034815233
-0.6853724427177709,0.14175001952765606
-0.6917501793600529,0.11417534578070652
-0.6780889664584678,0.14799475114363486
-0.6915509000376033,0.11939675350024018
-0.6971367997089319,0.11215885656500713
-0.695786270212034,0.13263692920487088
-0.7111395519783926,0.0799224263524591
-0.717800709243534,0.06911199229512936
-0.6807357600989009,0.1229086513695166
-0.6650058045286362,0.14961657906125042
-0.696074082209348,0.11814641793786033
-0.6795340838121532,0.15890463373569713
-0.715079761001656,0.08809947434742668
-0.6606795591506484,0.14417062249087592
-0.6917600672707899,0.13646967389289108
-0.6897468795021632,0.13220425908199637
-0.7167004538983327,0.10539290516127314
-0.7150602826558011,0.07529699588543076
-0.6816850356637549,0.1555623800674125
-0.6917725038642402,0.1520684212174343
-0.676955219865669,0.15991679838329137
-0.668641225892368,0.14014138104376322
-0.6943889797849743,0.09523244760103398
-0.6867940091703457,0.1578779641838835
-0.6913261186358626,0.11859726063872193
-0.7112279285510146,0.077131292733255
-0.6919664294735968,0.13679798593980752
-0.6979754944612833,0.12931043623687108
-0.6827399502646568,0.12037972457904993
-0.6706925234927488,0.14221202286042714
-0.6580371083228866,0.15157272854568837
-0.7219199762315656,0.10772304377754283
-0.6955785538442951,0.14697268290567211
-0.6832002121756777,0.1556557437302777
-0.6639553801673903,0.17823048872144473
-0.7048842570568302,0.08344000246530395
-0.7229066229098713,0.08790602592808126
-0.6923950455021372,0.1600723100936783
-0.7238415856226647,0.10469713288183603
-0.7089145386263347,0.12043110538656483
-0.6758103691819222,0.11493704111407087
-0.6681258465699966,0.13065978895377903
-0.714907750004003,0.0800394828056303
-0.7054658149006391,0.08006956970474084
-0.700006925208086,0.10808396628552808
-0.6816933769702669,0.13157350906611678
-0.6941379536694626,0.12361925474188296
-0.6596598705489148,0.17031839762553744
-0.717387696648425,0.09652570495268294
-0.6826446157845002,0.13553212362370323
-0.6970000564561165,0.133556008579803
-0.6975666331341601,0.12072680743845342
-0.6835934977670703,0.1631605923704242
-0.6844042387701496,0.14822121902550522
-0.6841451540505583,0.10652534117536211
-0.6859064518441882,0.11963730092157437
-0.727663273591142,0.048892090286753884
-0.6898792926144978,0.11901557534571468
-0.686700033599508,0.11450005974416583
-0.7032446469342285,0.08861448368114651
-0.7192091968060146,0.0932361490949388
-0.6871456172553502,0.14415463279259152
-0.7105449150160936,0.12814374151380908
-0.6907219863241775,0.15412061319377604
-0.6922289814191636,0.11855429344212685
-0.7063308908817912,0.12157046094645843
-0.6976614562939751,0.11782545570685389
-0.6725374023198787,0.13257713935196574
-0.7239648971396672,0.062557771239165
-0.7078132158162206,0.0803754538420161
-0.6854308543354805,0.14436096562628392
-0.7008803968147227,0.11525008542799174
-0.6868253399999388,0.15771296964075876
-0.6734042032013202,0.17364135711512027
-0.6768743783965196,0.17949918435273574
-0.6924339488594766,0.13634230420180246
-0.6564721654683845,0.1678739814053525
-0.721219420228746,0.09349287946532794
-0.6624446445208386,0.1366571860365843
-0.7125852526896262,0.08571653760970624
-0.6890571581127726,0.14540569685800472
-0.7037461300383987,0.08227836538714632
-0.6541177996820973,0.1637933741883435
-0.705286354324177,0.08347610541995117
-0.7084008261371115,0.10528169745404026
-0.6819311602000807,0.11663306360450341
-0.6897530600668145,0.16455789560438105
-0.6710979070379854,0.14483053128620765
-0.675727403806411,0.13714073290179274
-0.7115880138595598,0.1203601103326376
-0.7043232608712668,0.0942687284568191
-0.6845853515659193,0.1619713584653607
-0.7072059678479394,0.11179147713699197
-0.689745550140013,0.12980131389917632
-0.6655589715110021,0.16069544289766755
-0.7020114664298047,0.07379473439970408
-0.7067469767450223,0.12082736614498735
-0.7099971585744566,0.11392478936092319
-0.6851804174958533,0.12607097836425837
-0.7050870344509583,0.13125930025248508
-0.674743100931472,0.15738686082673561
-0.6873347268777658,0.12870669244379263
-0.720065087280205,0.09001506052237802
-0.6792370414961476,0.14470815679566898
-0.7115542739691126,0.0930789454641383
-0.67694308856275,0.13687161600818815
-0.7060101277481439,0.08767573354546686
-0.6644926639568199,0.17636535146420354
-0.6748738382337797,0.12998988674949624
-0.6875866599282513,0.16166455606934568
-0.696979628408256,0.09202844526134409
-0.7040955126135381,0.10082787754801947
-0.6597523840481597,0.17625414883182916
-0.6592307533054431,0.15831530360074242
-0.6853959304216345,0.1348826356760004
-0.6834659573837887,0.16054208383763233
-0.7088420262865672,0.0824982854160424
-0.6691703015994025,0.1828969217968526
-0.6759635155195598,0.15337482985248102
-0.7039942374476208,0.07826755079829033
-0.7202160495178487,0.08149779474843656
-0.6733817349648196,0.16173789903796765
-0.6585245036246045,0.15442831231321794
-0.6950282160439781,0.10042856452629809
-0.6915803128659619,0.10288445391389678
-0.7267891064086288,0.08949372894367584
-0.6763040339774429,0.12793983100337247
-0.6845045638271149,0.11908327156858164
-0.6900384956178068,0.10907043058484177
-0.7114732113099657,0.11694629876927222
-0.7136682951435838,0.11765455592569
-0.7132773109068811,0.10170924565210944
-0.7193610139138462,0.07046525494341396
-0.7226528739375191,0.09665592865643162
-0.6801495386794588,0.15322936926963857
-0.7143604814166462,0.05354413949286776
-0.666319221363723,0.15104132491066063
-0.6745944906424175,0.13285287015511552
-0.666983967698308,0.15521800628236154
-0.7278134167708415,0.08536471814160744
-0.6700378415904774,0.1557827769638936
-0.7147390550129763,0.08827503943605156
-0.6875152651724534,0.14052550541133374
-0.668189859645095,0.15122368482357346
-0.6868281354312219,0.10052703998725597
-0.6899121876588751,0.15882574793797294
-0.7296575876968295,0.0670300211357551
-0.7071857160339949,0.10227807802529597
-0.6864604609906144,0.14845130165075987
-0.6881528031114048,0.13292548545645533
-0.7118056608418073,0.09678904347851937
-0.6975901832795789,0.12589973267647533
-0.6991825318023911,0.11162845854789734
-0.7116090991564963,0.09851867124084077
-0.6840057290560095,0.1274937695588278
-0.6638857978159801,0.1666265499729775
-0.6826336392497793,0.1539976303665953
-0.6929711240106781,0.13735304420120736
-0.6638255042676853,0.13910880104828363
-0.691325038473237,0.14296827217224703
-0.6962986731646797,0.11979675992211795
-0.6741065807955601,0.1491838604902179
-0.6654641360208023,0.1763111918689258
-0.7068871100935225,0.10778499734063328
-0.6945912564403746,0.12088356878587005
-0.693163399872487,0.15610677012176796
-0.6942897218629487,0.11177061220464582
-0.658769757549001,0.14372036417367878
-0.6652645949618856,0.15886994322394932
-0.6727338931869911,0.1368612388436764
-0.6766876675139151,0.14829605125432785
-0.7078449606213093,0.10763883677169155
-0.6821319901311442,0.16853905423629592
-0.6912158234794117,0.13586592885717794
-0.6791669324002231,0.1366241862865999
-0.6819393543535691,0.10592921528039999
-0.6895445640591886,0.13080604811721616
-0.6852939504826123,0.13630442445205435
-0.6757852947413459,0.13884409317510174
-0.6842501116682125,0.11503158967508767
-0.6685549685560044,0.14531569821806267
-0.6936410205377115,0.13437022780906596
-0.6721230883712511,0.12139665878244213
-0.7210801086372784,0.10775204845132434
-0.7087674763690993,0.13778092460864994
-0.6748545105526526,0.16698836449853643
-0.7064192421575032,0.11796186491912407
-0.7106526770429286,0.09139190645162595
-0.681941358909879,0.12924597979970665
-0.6936441869106159,0.09849542790788804
-0.6807997321090532,0.11965428321395173
-0.699193668881882,0.1215237386168535
-0.6736247850405361,0.1555684878707161
-0.6955468919364516,0.11053196328185116
-0.6898059814159427,0.13104116458679108
-0.7001915062658722,0.09083734650155538
-0.7025353790155249,0.13828408067403042
-0.7275276752879581,0.05933840509534612
-0.7035305741113238,0.10295634712770306
-0.6824100977465386,0.13543322703781516
-0.6990148733852674,0.1123946971903422
-0.6733738800582995,0.12749017555273598
-0.656877153698787,0.1783700403951102
-0.710598318511041,0.08783106605998094
-0.6807848310704232,0.14383565744147428
-0.7259301894074404,0.0707994537037626
-0.675031354928948,0.14975931954324012
-0.6814184352822995,0.15312582874907202
-0.7304010537520607,0.04580374208759363
-0.6864857399660551,0.156635323845406
-0.6992815826298515,0.10597506909975445
-0.6838963734405866,0.16539303213275447
-0.6910539475024607,0.1324815532990786
-0.7063290770159492,0.10694849406425685
-0.6769634101624344,0.13700801282721004
-0.712965023806937,0.10334639016420356
-0.67193850105482,0.15091796378407893
-0.7091920739606401,0.09574665233188882
-0.6888265465808896,0.11796191695245423
-0.726648257404798,0.07450770057828016
-0.6987344414789118,0.13444190325845518
-0.7203611978668419,0.05015678708087449
-0.688141009099733,0.13046683237699533
-0.7123334691730155,0.09558751571488641
-0.7108536337370396,0.10238093962635118
-0.6979596373948098,0.11282569332391076
-0.7005686893076238,0.11877309853324318
-0.6603743880634784,0.1699907159093374
-0.6866847321976527,0.11197903371835442
-0.6760077828994803,0.13137798985103885
-0.6967285280627541,0.11118492712464746
-0.7183293107885357,0.05714953643968438
-0.6747228916294893,0.15223016388387947
-0.6516968515553304,0.15700155206555766
-0.6898551810013646,0.14454595569149847
-0.6760217328985484,0.12352165923087166
-0.7017730056483648,0.10403832502285462
-0.6792106561609038,0.12877618512824088
-0.7144980583305585,0.09670082949979159
-0.6841745859842212,0.17126390304660277
-0.6923122935018373,0.12024294941700471
-0.6833891492345446,0.12279040661154934
-0.6832477755186872,0.159146835794386
-0.7285869243209804,0.0789920307541818
-0.671089596975093,0.1659663244411687
-0.7093016122715633,0.06934080750461905
-0.7049728976593868,0.10364484308837113
-0.7043355659221966,0.1086885671931388
-0.6747446969258426,0.14079768447028648
-0.6982611464038629,0.0959292094561858
-0.7048258031928055,0.08979485250706937
-0.6860006029627209,0.12652173734747
-0.704791059188526,0.08851012296337607
-0.6755240548111566,0.10840844361958231
-0.7090567610350517,0.11271299204071455
-0.6790463549056932,0.15550791858992472
-0.6879272609328246,0.11426451842042314
-0.6793527873247537,0.12021628662299909
-0.711157884220094,0.11739449202947147
-0.7108160063594017,0.08128126795390533
-0.6819440312201865,0.12929801052962014
-0.6999000661445398,0.13222393018459278
-0.6730262413832666,0.1390208814281599
-0.6770356445369383,0.13910490989651553
-0.6923415305918498,0.16015543359772377
-0.6854943521500684,0.1059125812935696
-0.6770226675093926,0.12396784803220247
-0.678518137229344,0.1566813074884263
-0.6721011659142649,0.14026789339232656
-0.6994053538127161,0.09087169512613187
-0.696294008687591,0.12126711453773807
-0.6875903584674945,0.11912561936668084
-0.7110086890212527,0.09319112899835985
-0.7124178862916305,0.07234020647043778
-0.7053504584484506,0.08312277457769891
-0.6743254846429902,0.12561971931008856
-0.7165101904948571,0.10503844432175993
-0.6946612283663443,0.14085019388593545
-0.6872181446782472,0.11006818132477454
-0.69219338837389,0.13002658234874206
-0.7231920771884457,0.08429320106300281
-0.7013096899256563,0.12841436057287084
-0.6822612292783299,0.10734247827198215
-0.7095492339636164,0.06954024879720251
-0.7145728706087207,0.07027078955192038
-0.7038655575617202,0.07843566663602519
-0.7090293075515753,0.09909126773845951
-0.7134476903188857,0.0785677970523053
-0.6704277046882077,0.17123086882358038
-0.7150864494087796,0.08190871369081631
-0.6611275676946927,0.1587055296144906
-0.6914086981398038,0.1191830603570887
-0.6767849757229425,0.14538069909719162
-0.7323048614951194,0.07734594022403551
-0.7031504552336447,0.08408207087035596
-0.7092922011125099,0.11029693142399344
-0.7158828150013621,0.07948114554886591
-0.7103232591561817,0.11862711501694397
-0.6908878473157744,0.15566551702994422
-0.673939254896516,0.17497884157428936
-0.6840821589569597,0.13178612121028332
-0.7076638319926718,0.10772901329457445
-0.6901435538383227,0.1378212484470748
-0.6740237040302994,0.15463713694484493
-0.6901617158254977,0.11931630524275791
-0.6621986838493971,0.17039030138759578
-0.6966192143463263,0.099761247952516
-0.6706179268580147,0.156154030190103
-0.6638436341657006,0.14477313594143024
-0.693311491876105,0.1281275172718459
-0.7074703793046678,0.11824480682833545
-0.7040900588139355,0.09181564248721646
-0.7017207476018811,0.11039694257381003
-0.7308016809953677,0.06218649414539784
-0.6930168320650325,0.12438807241465438
-0.6721032654677866,0.1777379982430387
-0.6978327371041957,0.11926406774564455
-0.7109130296597649,0.09234338655843448
-0.7138523396895211,0.07419054726998969
-0.6835213886484361,0.15681175440709266
-0.6762190446615427,0.12818373587414814
-0.6975817493249944,0.08524636835044216
-0.7049240716902859,0.13081017364324127
-0.7176429657711322,0.08319256893250872
-0.6884763105246892,0.13284892460181888
-0.6913940043096738,0.1442952262976123
-0.6779279126868534,0.1680622517632286
-0.6962909515995339,0.11442297120945098
-0.6908451968850652,0.0998410859581549
-0.6813180618213763,0.14247472176571668
-0.6786733750509444,0.11078686119643585
-0.6719451789575173,0.13819389430641876
-0.6759294932000413,0.15054737896138273
-0.6699446109293173,0.17271140620312334
-0.6990600680464527,0.13459346422097643
-0.6870388862211535,0.11492371301391296
-0.6746902664832427,0.1519868745951688
-0.7133595163009128,0.0755646991928968
-0.6811968220682454,0.15702334248045394
-0.6973748626460616,0.13635889669896598
-0.716831569036396,0.10935761156906433
-0.6643235765129498,0.1654357822552417
-0.6967370894865981,0.12196028708563468
-0.6772128525675308,0.13824894908913396
-0.6656549655551514,0.1489971097685775
-0.6800108826110274,0.12011034358701289
-0.715022448527033,0.10029048472152625
-0.6917104426996163,0.11095199202164203
-0.6996450648099729,0.13831168598136964
-0.6830564204886548,0.10763468653525002
-0.7010539492295823,0.10943793138188047
-0.7093040732610503,0.0987932891716356
-0.6642238805570502,0.1427958580396364
-0.6934506865896498,0.11010846132688783
-0.6901680365578199,0.11715285672425617
-0.7054515924515757,0.11527674330649419
-0.6884721739878525,0.1389523006927852
-0.7084084624109344,0.10832210957864685
-0.701726878628194,0.09299191915887266
-0.7015470362882347,0.07405209021270716
-0.7008687833968934,0.13138494749497923
-0.689067639388979,0.10941486041927012
-0.6908673533937705,0.13933974713594374
-0.7150676043234296,0.09417696208049527
-0.6954320391128319,0.09395459247270241
-0.6801095976102944,0.14748314910498891
-0.6935806196041732,0.1420963417753544
-0.6661108085505759,0.17429982289340623
-0.6840689055908542,0.13216372022432835
-0.7086188389724836,0.0950699213847065
-0.6926989440447912,0.1052599720374057
-0.7140434684327455,0.09308042816820553
-0.701422497763252,0.12883634287133014
-0.7170752706799174,0.07307789992668419
-0.6785747621686073,0.11834834558620366
-0.6980112533543936,0.11881391916478753
-0.6885914650938049,0.12056893946026784
-0.6971303918755536,0.10049147272236426
-0.6976047099291456,0.09251777130410987
-0.7067747454422503,0.07457606233208047
-0.6909117438347163,0.15181728502182326
-0.6972693331141169,0.1256323666477999
-0.7077299654138471,0.10961559348897104
-0.6746066631952526,0.13747441839292956
-0.6800723505936999,0.16860201448805393
-0.7093627531938118,0.1150560324741481
-0.6982335243409231,0.11994706404966556
-0.695846730337517,0.14528172697120473
-0.6727060147715146,0.14585220603997362
-0.676700346041426,0.1731418171171259
-0.6986932060045886,0.13029615179748566
-0.7037167484346348,0.14033228903304404
-0.7243592819697605,0.09640669475312023
-0.6973395746796679,0.098305245816868
-0.6727626709902984,0.11894246236889294
-0.684363251139918,0.12428425212463304
-0.6826063888649946,0.13573306760225667
-0.7009514768409868,0.10780185031240784
-0.6952492211127196,0.13815004267587822
-0.6601815101197883,0.17661669236371266
-0.6797692178850646,0.13513431844278845
-0.68866250269735,0.161139232235903
-0.6506183317782663,0.16272104542011542
-0.698085913182773,0.11504701612868155
-0.7001313477308122,0.10138528256782199
-0.6726702286168709,0.12534885131876733
-0.7239748212679367,0.08299620322738209
-0.6847916826775309,0.11368319823390839
-0.684398952664246,0.12412544953004541
-0.6823616165099544,0.1378170644566093
-0.6779321212341629,0.13460544413826736
-0.6936564515728001,0.1226941786045854
-0.6873024249166347,0.13913362037809898
-0.698489377375422,0.10999197555635376
-0.6715794762470614,0.15901841593173632
-0.6766113986242197,0.14559443425550614
-0.6845957120561709,0.16303492408086837
-0.6857032478903506,0.116821345207059
-0.7057292360193772,0.10202830284471541
-0.66943439015075,0.13703850312011812
-0.6945226646910496,0.12051646982703397
-0.6985575426384725,0.13013757117236466
-0.6949300276952373,0.10511395350452771
-0.6797954258636262,0.16096099634857736
-0.6912604676257447,0.14838642253790335
-0.698424257761553,0.08997702299384992
-0.7317406044634528,0.0665006840983461
-0.7374912074271766,0.06981744402561714
-0.6965468148775043,0.11554155112474648
-0.7009081292150197,0.13630464924979155
-0.6971349131784632,0.09799204003165272
-0.6877756023833842,0.11391471013535769
-0.6686630286437301,0.15940630210823195
-0.7035030236440251,0.11953379151358648
-0.6612993940759425,0.15363795790300952
-0.6854462942960207,0.15566126754287593
-0.684311977436641,0.14375707723092637
-0.6980272772660105,0.14909754064102512
-0.6939198967263062,0.14631127844438008
-0.7106878383177149,0.1028394693680339
-0.6686410189285261,0.1515561532484901
-0.6996566103825133,0.09917521618381744
-0.708069238344339,0.1321183291580668
-0.7018573938884048,0.10488965234319618
-0.7219061807768721,0.0789013343892083
-0.7226261343991764,0.08013586439829287
-0.7242386924802191,0.0880327443031624
-0.7008106405595614,0.10740384382493535
-0.7006292653681614,0.13825887111070856
-0.6903916228762843,0.11343209378511993
-0.6889397800473676,0.14400450707059895
-0.7026076200828429,0.09545474425557907
-0.6826520899635296,0.1253029122408195
-0.6823561071894639,0.15994344582480327
-0.6872387197310442,0.12911404728408174
-0.706483357103183,0.09839401958876139
-0.6854360828652807,0.12517026659993422
-0.6603552292042806,0.14606814718856234
-0.6739495260667817,0.11934452733423852
-0.696257247131446,0.11389346178965336
-0.6608478498409607,0.1571176441941622
-0.6705958185758313,0.1786070776441125
-0.6897168018448356,0.12362975159277143
-0.7060643546099599,0.10976410898644333
-0.6794139868231925,0.1689650050158273
-0.7037648655099495,0.11748847377219668
-0.6762365648532023,0.12685857073596846
-0.6839244028482593,0.1394862267535411
-0.6986789747698642,0.11643949401361249
-0.6845171494692844,0.12810913456437809
-0.6849371833762987,0.10701140469867525
-0.7019592022376917,0.085645074209185
-0.7115937941936221,0.09375454151445554
-0.6679593048329319,0.1396980683074632
-0.6834633658227879,0.14907856219291882
-0.6974842022967287,0.14761342317219706
-0.6956695570295626,0.09811413560539263
-0.6509703355308754,0.17643893330673183
-0.7064143212465057,0.10338665830268194
-0.6874245606549165,0.1247757588968964
-0.7162996700251407,0.09364315234638874
-0.6715138164466188,0.14300617117143957
-0.6884123038537915,0.1478314992128767
-0.7076105609450751,0.1268559865473555
-0.6966165169764913,0.14116747233396118
-0.7311526010707908,0.07860990419775372
-0.6851005636100838,0.09857168718217746
-0.6938546316506221,0.10906016024409972
-0.689240734082791,0.11179735881373762
-0.6635425732236682,0.1410574463788242
-0.6883701038300191,0.1025265398955209
-0.6941031067980016,0.10989815354468713
-0.7096622917736397,0.0947749650591818
-0.6821943553562239,0.1604840274490457
-0.6944323534223039,0.08993200150038769
-0.7081442769692178,0.07511755885343464
-0.7051567038194526,0.10451267779671947
-0.7085759996409149,0.0950833233457346
-0.6792270901416942,0.1302421088081186
-0.7104649241842856,0.09921063971741398
-0.6683452701883432,0.1357850420313465
-0.7027221467907129,0.13911751795986244
-0.679386234161138,0.1516904804063054
-0.718451351145032,0.06466892117830159
-0.6822532540065503,0.16058133295902788
-0.6838019895510549,0.11629968189181486
-0.6917691667504129,0.15907114629156302
-0.6825583375740685,0.12569063057960472
-0.671652829695057,0.1442272474017198
-0.7130939760387066,0.11720420565019679
-0.7075821601129837,0.08775624389901844
-0.6966767182519777,0.14205374749165575
-0.6755426373476775,0.13236866951496712
-0.7028150656183949,0.1326854689268046
-0.7133005221038379,0.09048207404022339
-0.6932549335349879,0.1488788530983504
-0.6810343937550175,0.12884886576455765
-0.7088352603931013,0.11843498177553849
-0.6671990530453026,0.16360382603742843
-0.6822526488996535,0.16778201361915807
-0.6574899073105483,0.16491971088386786
-0.6765180802418235,0.10637959819219665
-0.66426362908436,0.1639681978618517
-0.6927483208561342,0.1283972411723934
-0.7035997990886499,0.10277931456928077
-0.6856311144840425,0.11924755847268459
-0.7073390235342147,0.08963021100535666
-0.6813300230322089,0.11334711679098335
-0.6965232918503453,0.1132699170987539
-0.7173609736911315,0.0870792036856086
-0.6985922521537974,0.11447811087429502
-0.711465722527138,0.09620906874356494
-0.6905313237828237,0.09598810305326094
-0.6691760231689544,0.14785299714570452
-0.6900121738186228,0.15791646232678794
-0.7026820209308015,0.08856141243983524
-0.6606220828220095,0.15808614086672482
-0.6883248276958346,0.1328757706387049
-0.6941869225090843,0.1268377671080294
-0.6668387438080973,0.13881964960408805
-0.6827498613778497,0.15231065170070734
-0.673828176799146,0.15236711379705523
-0.6951394439008072,0.13047061127051116
-0.6979557771978748,0.11634469584496333
-0.7054720049499605,0.0894307204416044
-0.6639364120491328,0.14698580282664803
-0.6840555109144455,0.13515678418773794
-0.6957096209226938,0.13567761892405505
-0.6763736328373658,0.14414497005843402
-0.6923304381830696,0.1351142746864994
-0.6647831624419229,0.13581397636954065
-0.6946409019080292,0.1339514626201192
-0.6951724463510289,0.15275851124040124
-0.7159251988503996,0.07236274204294582
-0.7008474400214425,0.13580081227078525
-0.6881955188500926,0.12545770525185448
-0.6832476369608403,0.13854599389299932
-0.7065763869052245,0.1145386193432374
-0.6778214322337857,0.13460337741808293
-0.6554003390842553,0.173232170691119
-0.6947263331775219,0.0971146018701765
-0.6775893821589359,0.16558458136399398
-0.6898934159309461,0.12404355658017796
-0.7012823324502288,0.09877405460036506
-0.6901571986564045,0.1517556080658384
-0.6750415916351911,0.14011861608625392
-0.7001543836009376,0.08808750658109622
-0.7096823135719832,0.07566705059420802
-0.7082527126004144,0.11621124188443901
-0.6831803106954053,0.1422666288833052
-0.6969404365114459,0.12291590704337238
-0.6620567041726514,0.14931888678571453
-0.7220004501830988,0.09000415053657368
-0.6824258485122974,0.1363148663008151
-0.6930525156140883,0.13039686841544793
-0.7058703292120191,0.07171001742936955
-0.7061033812895603,0.09136881479210597
-0.7058556977964497,0.09882041793712376
-0.715905799419763,0.10261044335362943
-0.6600538029665586,0.151461689851452
-0.6988116794558875,0.1299237775596473
-0.6756164214118794,0.15849120461401628
-0.6906036517570763,0.1320037756316639
-0.6886612122821794,0.12093758023857544
-0.7101458349846866,0.10385596711140783
-0.6869156652762953,0.12800694968569995
-0.722162424408659,0.06009361625370364
-0.6912957480749335,0.13840292651088237
-0.6899847634201755,0.14926072410315164
-0.6875553129483651,0.1072206733481313
-0.6832108063277571,0.15001640342463549
-0.6832720152969578,0.12793031892088413
-0.7103681556954404,0.09121634109533291
-0.6914719921022656,0.13129558744780473
-0.6849654375973104,0.11411295499338744
-0.6728789051609664,0.1409431721431513
-0.6803718979778184,0.16378011904831985
-0.677351241573344,0.15918608427612824
-0.6816204921299399,0.1364993495415282
-0.7148557782656086,0.10330037618384055
-0.6692020907785333,0.17164948875435243
-0.6897293462522798,0.09805582948084052
-0.7012036642377252,0.10534637528264026
-0.6902764762040756,0.15482914133637024
-0.683804135033102,0.1256812344919233
-0.7112945942718439,0.100197883187653
-0.6775145209756768,0.12882966185689515
-0.696342372631281,0.11786692201924245
-0.6735272175466104,0.12517237518122876
-0.6855907988970517,0.11669365564816021
-0.7155136006341408,0.08620257996043096
-0.6792824962200262,0.14414874935086563
-0.7006790143048143,0.09550364683034011
-0.6873242141244684,0.10751215849387173
-0.682528531533643,0.10553965937584034
-0.6719426709672455,0.14348937078264565
-0.6747844368526009,0.12230632409887375
-0.6970532215799504,0.12897988525620285
-0.6879278895295975,0.14338208292187954
-0.6849624367246924,0.11734495893240963
-0.6975415808535392,0.11149089441540239
-0.6703956879988424,0.11729885097939181
-0.6629350418184964,0.1806410458839462
-0.6916596220649247,0.13495061027408797
-0.6751092242816692,0.12282319916455049
-0.6797246821129352,0.1401897704260559
-0.6884235079431885,0.13280632561691452
-0.6845919422997668,0.13485682733575893
-0.6980322875469427,0.1436901811629445
-0.7118106591660434,0.09638334869360721
-0.6900600679900631,0.1307174852843726
-0.6757928403480097,0.15907180150695396
-0.695513275207497,0.10413026924140036
-0.6906671823894552,0.09947395346538146
-0.6925014556719502,0.09273025469957592
-0.7126635455573442,0.10034917169422704
-0.6803181226915707,0.12427772874134478
-0.6594388324071798,0.16008818307453554
-0.6751066955012166,0.13939371455905544
-0.6994907181890283,0.11774520042479207
-0.6634312748988012,0.15143880041747218
-0.6847704509479606,0.15459102735742786
-0.6640492070058418,0.17271588024393664
-0.6985244094977788,0.1377258599168844
-0.6963805127810457,0.12838746384844474
-0.6788418444314623,0.1602168771770998
-0.6752367870997632,0.15725998613814418
-0.6728986412698131,0.15275958173364224
-0.7318390140159442,0.06536289065569677
-0.6717680580229356,0.14121923412378015
-0.7072884292669088,0.10601489785213292
-0.6840837202211141,0.12177157398147158
-0.6781031197851378,0.11903827273273689
-0.7134758321288731,0.09157192106535783
-0.7020827441373598,0.08066707387667638
-0.6808990479898372,0.16628759755330907
-0.6997973160799205,0.1061877477036435
-0.6804119551633758,0.13420496383289016
-0.6695121009333528,0.12913540082909727
-0.6892339185044866,0.13819181396259753
-0.6802528599242696,0.11261169268947209
-0.6780405641971082,0.14327912688091568
-0.6976885514574765,0.14923028055296184
-0.7055931715117514,0.10092266452025413
-0.6808215762882752,0.15882936527328603
-0.702277330991115,0.1246088842463658
-0.6847790232767064,0.15229535279165402
-0.7040286668454818,0.13903243131939805
-0.6994750186449177,0.15409240059064366
-0.6877341503521478,0.12244545511590635
-0.6831423095213962,0.13228590920900354
-0.6850680036273946,0.14815780565781517
-0.6733140245711963,0.1477976770614255
-0.6781498515472254,0.11442172674991408
-0.6957892491774677,0.09032685278561646
-0.690431923507152,0.14690281961759383
-0.6832846270876635,0.1656493582278508
-0.7133559761265161,0.07283624362306869
-0.6968702608152635,0.11076629519492633
-0.7055630287901081,0.09725583996414494
-0.7395013479743942,0.05600209514086783
-0.7186643775003347,0.07421534897342878
-0.7137748279801877,0.08001367150453431
-0.7046693847676536,0.09075603127851704
-0.6751558161564437,0.1462235110468676
-0.6940009082512474,0.1377675051200605
-0.7108986789028512,0.0882896557233559
-0.6646241158988306,0.15454413498698016
-0.715215489558114,0.12535298878549234
-0.7096458288178642,0.1084151580170229
-0.7013937437471983,0.12388991200668677
-0.682179702976053,0.13177564454627705
-0.7149250114249491,0.10316760661830394
-0.6980739326150318,0.1278986842963301
-0.7019032608304185,0.12924289634262182
-0.7062024763984416,0.10523946408541955
-0.6602229737193959,0.1519277323718757
-0.7116220892145,0.08859846658168397
-0.721222304582998,0.06095705902452303
-0.7139451068523772,0.1126935104547692
-0.6849235352598968,0.13317301450551586
-0.6980099925764777,0.1512282703034607
-0.6881217293402676,0.13265801509311356
-0.6797061166570334,0.11832183886660033
-0.6614942583935091,0.15471728206018023
-0.729044847088414,0.08773952564091679
-0.6837678741625546,0.1326324605829522
-0.6807829993755704,0.14236917272127464
-0.6640249129124013,0.16569018992967433
-0.6906505712291126,0.1549843931736899
-0.7122092509567016,0.08110551602351235
-0.6812759416366402,0.13534573277161685
-0.7071931955832365,0.12349223133059309
-0.6794638065408741,0.15585797010718902
-0.7000670755071161,0.10653247248676197
-0.6866346157414904,0.12788728736203606
-0.6940104305820782,0.1256222058975642
-0.6549155605960151,0.16555829749585596
-0.6596392573838596,0.15383624101192486
-0.7055980261432689,0.1037334916014321
-0.6752795032999741,0.13911114180590942
-0.7015611005531478,0.09520146350840945
-0.6891413193286577,0.14581782034936122
-0.7027109001685924,0.08316708037710094
-0.7201908903944373,0.08818212998781068
-0.7025628556350736,0.10370033467486148
-0.7065190924585005,0.09955141850417722
-0.6892564787696382,0.16169020351681931
-0.6836765658771566,0.14208948167945162
-0.7033600545508369,0.1231312757688621
-0.7226429510459668,0.09189172826965282
-0.6679846470201736,0.1540089815528374
-0.6892725538782817,0.11203702903627867
-0.6789254708917921,0.159825055338299
-0.6766540455321977,0.11938114756856984
-0.6800245270042711,0.14545274031642277
-0.7112050266312486,0.10997909553168252
-0.698515302414069,0.11217325715685114
-0.6498607693900115,0.1637178386619245
-0.715677751168036,0.08643513862825557
-0.6981294157083123,0.10982996387805316
-0.6655408641466953,0.14344964489784473
-0.7096123918731007,0.09398215544944899
-0.6938733944047836,0.10750108097435261
-0.7005170847325976,0.1068766890968855
-0.7032744468527055,0.12362188737052755
-0.6797791040487505,0.16760864775303358
-0.6813539540396983,0.1351651037411215
-0.6850315486110947,0.14228694956350774
-0.6882256822308805,0.14266061004924924
-0.6768110515202426,0.1604696941906622
-0.7161770540043477,0.08588374360104256
-0.7172728660711806,0.06344399090084846
-0.695934454247235,0.1243595636951652
-0.7031171097311313,0.11841469123804835
-0.724156392187365,0.06033879040031421
-0.6847152767331244,0.14119102597558425
-0.6769876685979684,0.14536233951489633
-0.7146335831167218,0.12098092468748516
-0.694798124842476,0.09611798486181868
-0.692523593028815,0.1486503670098049
-0.7025604764717107,0.11273979098880099
-0.6790549595441387,0.13787850271810895
-0.7316130214488415,0.09299014518595447
-0.6603252804072329,0.15050592889111203
-0.670528499679394,0.13233252478803817
-0.7013233823508079,0.12071554861545708
-0.6868498959588768,0.14762500683610513
-0.679521593647852,0.1228182435221057
-0.7038021328813499,0.08447742884003111
-0.6986298746973363,0.1407134094901233
-0.6586247335671658,0.15933647486537758
-0.6761709474414609,0.15901024203440056
-0.6707900285040164,0.15589521797774386
-0.7040268540451935,0.13390750517563554
-0.697927400428647,0.1215894423403355
-0.7000529516697378,0.11525404733007065
-0.7017952897303886,0.09437955367628821
-0.6779144150480503,0.1180371930985782
-0.6923356404033807,0.1327712399948822
-0.6986930103116146,0.09603118465595245
-0.6729925316921176,0.13923211613815722
-0.6712427945640501,0.16109679915577396
-0.6728608768778711,0.12834043354490268
-0.6694717506679742,0.14296981334902098
-0.6782126847138115,0.16863769236314363
-0.6769179916980195,0.14131083227793478
-0.6977467942704363,0.14192616813395353
-0.6984921020103336,0.11620753818928518
-0.7210287017859404,0.0520716974186682
-0.6746455115209257,0.12566248174094416
-0.653356613597602,0.1539380898539404
-0.6701654015919458,0.13954663892726096
-0.7002749272336256,0.13167185803053963
-0.6775411832654958,0.13726993416931563
-0.6846854464145512,0.1512216107002387
-0.7110147129039199,0.08536505086577058
-0.7101997845323588,0.1161851819803887
-0.7143348983086668,0.12748012177919535
-0.7310635470449468,0.08567230848057426
-0.6816077039619965,0.15161577220419573
-0.6941891392169377,0.11011438721794738
-0.6799770750738064,0.11648424032250769
-0.7018154531981664,0.08941782055764622
-0.6984514910445042,0.0998717449325304
-0.710813975889555,0.09881084575874594
-0.6750305661219015,0.13261793541100253
-0.7086804705192956,0.10282959586078452
-0.6848618914508952,0.14540543105122677
-0.7083162375371728,0.09777230260175859
-0.7074042513975359,0.11099771718038391
-0.6975673389240488,0.12179848999548028
-0.6790064066109218,0.12258429265931266
-0.7065437650672056,0.12127361208934721
-0.6897555100632925,0.14964503421671824
-0.7127621269487969,0.12335326064498296
-0.6933795072516657,0.1262299464480204
-0.6846524848433397,0.1644958959285331
-0.6803929857168787,0.15627736098486278
-0.6769318352680761,0.14325773627966265
-0.6867499192670702,0.11199609088136514
-0.6832948767372994,0.1569371313987205
-0.7012595572293868,0.14038819952874926
-0.7231409044070706,0.07007382836341558
-0.687885374423083,0.12187453023975592
-0.6795011193020631,0.17033975985901156
-0.6973963106648783,0.10022543760397046
-0.6791103696776619,0.16906446589418384
-0.6751376412143263,0.12432763842048572
-0.6994793097200366,0.133877787110202
-0.6979407352146427,0.08666364565419066
-0.7061317147653902,0.1026725039541044
-0.6904961843952294,0.15372754059246999
-0.7002451421528665,0.08476432824140004
-0.6987037619176996,0.13898419662027361
-0.6945338551657001,0.14041457440727836
-0.6815614263719586,0.13983699051907245
-0.679211360431825,0.15382504011588602
-0.6993360884620585,0.07947497027830445
-0.6882635303672867,0.1390395029645192
-0.6944890356432367,0.14717402238387614
-0.6789614101415058,0.15308656679359922
-0.7033798644222715,0.08317984005957549
-0.7172592284532067,0.10201143219309122
-0.6884432059707516,0.1595671921633063
-0.7119281655473632,0.10872068896453001
-0.6781991175855082,0.1598232796634128
-0.6735925572439783,0.13413978984036293
-0.6885089386906427,0.10808359764989559
-0.676022319674966,0.15368929769565
-0.6798536785380324,0.13145506528845202
-0.7096474129874072,0.12411067371414278
-0.6667395936607005,0.14872790573061434
-0.7140092151067691,0.09522451320537245
-0.6813595277164913,0.13129346148030205
-0.6929712945032166,0.1041959468190973
-0.6594554104952779,0.1635019927118511
-0.6845325115580079,0.15514306466826625
-0.6734511432501264,0.1776034195774058
-0.6895085941857505,0.14979680190936642
-0.6979928707130849,0.11738857493642701
-0.6969900035962197,0.09974685130460206
-0.7030843750698443,0.08812567938330364
-0.6644497619849953,0.135217381451089
-0.6903989081139905,0.12276009873669202
-0.6797580522007202,0.15734449738259734
-0.7021566482325663,0.09751288523770844
-0.6942605320369828,0.10979008032660839
-0.7111708312763886,0.06596111776200254
-0.6873314601509227,0.15063404198722816
-0.7081774995265401,0.08643420178258808
-0.6793908880911044,0.14353068619455328
-0.6598864077772205,0.16878286046228305
-0.6754890879077389,0.155914345350254
-0.7042757032927399,0.10147622281128665
-0.6895993269939361,0.14401068710590945
-0.7050737548924564,0.09397821543396387
-0.6748948161509265,0.16319418204112388
-0.6701461107186767,0.12212105536165535
-0.6799084598671623,0.15294454563739376
-0.6837127842907202,0.1421478453455052
-0.7078308044747462,0.08894817551248248
-0.7127548453766896,0.10643227068466007
-0.69955383816242,0.1049444443951533
-0.6712478901702867,0.14611379969336322
-0.6750058268801162,0.12756320596744442
-0.7001119637632095,0.12550214650663338
-0.6896393581299529,0.14864981583290415
-0.7077903357149565,0.1063556573749978
-0.7053119878427266,0.13199704024983405
-0.6616971253503726,0.1633272208355071
-0.7025918512412086,0.12410417579612396
-0.6981823857766314,0.15191144556340813
-0.7097033055915631,0.08918203805468729
-0.6862510753576966,0.16178209466722498
-0.6948299757110359,0.13321924066570506
-0.7159037140248458,0.06507633063721377
-0.6783652718892742,0.11817539800057013
-0.6728656941543658,0.12895336714475356
-0.6990723411673193,0.1242467570397769
-0.7112858113378332,0.11057210764670761
-0.7135481311154163,0.07526198815561422
-0.6722204139307508,0.14977311218595032
-0.6983492663548945,0.13243759222477086
-0.6645184488320064,0.16086629516693066
-0.6748347014157489,0.14756052095585706
-0.6961895745664731,0.12977581877766467
-0.6978618201905497,0.1133739635580943
-0.6790089871355904,0.1284288904990523
-0.7220047843308789,0.07749984273891238
-0.6606395250996134,0.14467646514584345
-0.6857176333571936,0.13477245572015306
-0.7058140785095289,0.1219386446798266
-0.6725429505088613,0.11647557013586138
-0.6762314086245004,0.13978505891447374
-0.6767785567723104,0.16805968643129304
-0.7076068834142778,0.0968342875557749
-0.6734189013227838,0.16097717914467974
-0.6588738872359697,0.16824779440285115
-0.7039701676536518,0.13775518664190975
-0.6807644641531451,0.14911862266900378
-0.6804718133788502,0.13411072838181726
-0.7104946418157388,0.11714463860138956
-0.6957525113349246,0.12222208895653568
-0.7150955305749553,0.09990003261139475
-0.6769948114177663,0.1623328025851206
-0.6864728061947126,0.13670247609851532
-0.6605423231282186,0.16601025668407973
-0.6918864125295178,0.12279890340693077
-0.6977570441765394,0.10527506106586683
-0.6855315346455252,0.16913902113054133
-0.6750763920840156,0.15209025694983033
-0.6825361168663125,0.1030262072689358
-0.6853910219305289,0.1623522766640963
-0.7029393808068457,0.14266469643336283
-0.6990995953863294,0.13722692347464302
-0.6998094740454978,0.10710205016992051
-0.6943918738876517,0.13635146861187492
-0.712842484231316,0.10043158368253699
-0.6804907171033279,0.1282622918873449
-0.7132706260239776,0.0953136541085485
-0.6666756256633951,0.15784755757427257
-0.7099341256240534,0.09622827931868307
-0.658884395471227,0.16253919224161423
-0.6901227858813561,0.11217472825110598
-0.7052158620023969,0.08612259440140166
-0.6920511595489499,0.11622369107002796
-0.6946498643437171,0.1130783890402799
-0.7062246050587508,0.10222782301483012
-0.6827375224647131,0.12182946700778156
-0.6839036316209091,0.13362944558962842
-0.688613085814307,0.13097678064016416
-0.7035582292032189,0.11464336150582592
-0.6796224951176627,0.1474113023815409
-0.7065893321004899,0.08115491323382142
-0.6984957932652347,0.11541999451807529
-0.6898140830356599,0.12100774682984361
-0.7153321024010164,0.07019898561554783
-0.7010531560870931,0.10573902720134327
-0.6669081218040409,0.14268699436804788
-0.6831031366491119,0.13597848749757294
-0.6990015588576343,0.11224653323920111
-0.6962480818203179,0.11302598580627976
-0.6711256735616821,0.1178674898884972
-0.6689757525988471,0.17108069863695655
-0.6738430559131047,0.13594494060923865
-0.7187285816084038,0.08482694658397649
-0.6592177025797278,0.16675432424497405
-0.676780862064004,0.12175459609159847
-0.6758347279722647,0.1245332091877286
-0.6946878417502089,0.10839307477164307
-0.6810622990628898,0.14574153674498425
-0.7190562201848992,0.08608949991186558
-0.692911562479369,0.12252261669016729
-0.6769660212286921,0.12990826597243146
-0.6972453653061322,0.12375469344799363
-0.7066663353730313,0.10596580991073111
-0.691488417440386,0.10742759740604725
-0.6858779085434192,0.1374829598844171
-0.7125923462811302,0.08580228764538325
-0.6680430862379375,0.16765200582339113
-0.6853097013628129,0.13319265193509564
-0.7209180520535792,0.06869070467000758
-0.7191989390474391,0.08409962368641148
-0.6967940414797681,0.12158582256462022
-0.6997759505928633,0.11249528821135003
-0.6886467768897875,0.15601413617651005
-0.6895615980667709,0.13857818630056212
-0.6857128457255892,0.10813793518492451
-0.6874068021782531,0.16569010514362598
-0.7088615302063774,0.1154933891455846
-0.6711725853951295,0.13396953520003121
-0.7032623581002626,0.10506259501061474
-0.687548902530779,0.1302387022918048
-0.6958702355053522,0.09477114291944291
-0.6867879707958425,0.1614763555353717
-0.7089488693831766,0.08856932564302497
-0.7098690811878616,0.08384735923086041
-0.6926849256936637,0.1325655837568216
-0.6920452189864166,0.13846915251858158
-0.6993105562218158,0.13993541964421446
-0.6830929203938915,0.16211609411280478
-0.7211589254792269,0.08737067734371556
-0.6790578123540513,0.11757343339454074
-0.6858024592959843,0.13772986257116313
-0.667134738056048,0.1572155372080017
-0.707325067403719,0.11948223607700668
-0.681689608777369,0.15619180672999297
-0.6877844483442506,0.12862756057095753
-0.6829759411207527,0.14568256461759307
-0.6825359480592621,0.15702137230239402
-0.697101376424527,0.09353552685588308
-0.679146264447552,0.1300124185637867
-0.6837432914271535,0.1165281115862371
-0.6755386215582883,0.133399571742017
-0.6888818998133281,0.11297773415477305
-0.6879759542893982,0.10646843043473286
-0.6826220962041587,0.1311852032066099
-0.7153753056402653,0.11056920757401945
-0.685312923673066,0.09598341434044798
-0.6807905675649395,0.13296900863421726
-0.6662843099083614,0.16201727288103082
-0.673668090423738,0.14772076210404236
-0.678146256095759,0.1508854316593741
-0.7142377864881533,0.08511978323784627
-0.7061623333932122,0.11119298653826998
-0.6876348307224716,0.14465984948801966
-0.7053485001664302,0.1209597984839063
-0.7180284352359311,0.06347314338356048
-0.660343624259063,0.1585464692902308
-0.698333819052617,0.10777253629958453
-0.6970833470232851,0.09512830150976047
-0.7132101681772532,0.08935016293303755
-0.6895154197008238,0.12223464687544022
-0.6771624541028519,0.14225096003469462
-0.6832693399351386,0.14018726366765172
-0.6836202014148486,0.1332711403374772
-0.6880567576106856,0.13676440830243797
-0.6889943331189511,0.15018083183768946
-0.6834420631690561,0.1300030229314916
-0.6981881276385206,0.14170001121706136
-0.6897834688693643,0.12231922051965008
-0.6922851080838874,0.11665462871244897
-0.6591816266805063,0.1544454132127353
-0.6898636505920379,0.10879390585924659
-0.6748038071009691,0.16062783712566264
-0.6703175864967782,0.15905985992413085
-0.6860813033139355,0.14658368011412526
-0.687957189491858,0.09919467945531642
-0.6541704899021368,0.1828703674222912
-0.6702887826821681,0.16026064190258285
-0.6630841304976509,0.15711060286603679
-0.6764035645219993,0.14836109400287179
-0.7017108242283645,0.13861807812486937
-0.6932034850571963,0.1155613798272754
-0.7160241424053857,0.07682382829501855
-0.6743832876601641,0.1522899986232784
-0.6937016170129751,0.14815196393809546
-0.7067460317169176,0.13105097680762134
-0.6938217403104744,0.13216887640497185
-0.6912913060621896,0.09734143185935201
-0.6749473823865567,0.12423647985211561
-0.6925841906512341,0.15334963197214682
-0.7084022652382542,0.10123007302550527
-0.6958402938229632,0.099411238577621
-0.6908411477756414,0.11867648490457774
-0.6930585711817331,0.10602177959132301
-0.6671565218474792,0.16798916042578668
-0.7032359931189562,0.1428229640110112
-0.6759957392383297,0.16276477140279055
-0.7161677274747478,0.09487385774899842
-0.7063912927044942,0.10953766216432984
-0.6846348628797176,0.11092947964071999
-0.685602037174178,0.14171397735138533
-0.6865963549253715,0.11596594097667313
-0.6949399437623495,0.09231870936451839
-0.6804880936229972,0.15606568588753256
-0.697167912989718,0.10982644989550239
-0.6932384066145528,0.15094045401859607
-0.6942693626703632,0.11218981144976514
-0.6813469791196116,0.11341029636969704
-0.6827418347133299,0.13138338578325032
-0.6890696323986631,0.14685147348576308
-0.7030948124255478,0.11067008193785184
-0.7045084485971138,0.11040402718834591
-0.6652138082932694,0.14331893656974246
-0.7203075790560404,0.08257859189436562
-0.7171966657002429,0.0870455326217415
-0.688124058449511,0.13727455936185048
-0.6974936494614198,0.13086085480191453
-0.7042848980474624,0.13670763249366144
-0.6867216807870016,0.12818033114221392
-0.6761852694846855,0.13068184531089613
-0.6900268786731948,0.10738309836425439
-0.6705862487227459,0.13679562317535401
-0.6987003517204797,0.0906175788071426
-0.6859158074666425,0.106906607835252
-0.6692298118022982,0.16138549849345454
-0.6868584931468256,0.14592182544759924
-0.6926088389187698,0.12027561542185591
-0.6969953079039016,0.10626208546241922
-0.6644865699077164,0.14838832261248583
-0.7157306421749419,0.06205203425616855
-0.7209338922579253,0.10874894850832648
-0.6825352397571854,0.13320168872323263
-0.6753563340228634,0.15878762517224723
-0.7004257181921628,0.11260115649004396
-0.7042813802156421,0.09963388383655557
-0.6559577984871924,0.1504023023708063
-0.7075658169351773,0.11786972567362086
-0.7022894051503956,0.10790572278584361
-0.6811751836839472,0.16678335511981876
-0.6792703434210471,0.15580495617828288
-0.7018147483839796,0.12652118973209325
-0.6916434301791391,0.12426836828551996
-0.7064224063967968,0.09809881009650966
-0.670166931444503,0.15021746198878091
-0.7127630681989985,0.09926022636395351
-0.6605833769197169,0.16648850488364839
-0.6977302497232513,0.09976020966358048
-0.7122672093213287,0.11199076958878328
-0.6896781289977864,0.12134702645776634
-0.6749283386189163,0.16860959618966756
-0.6920706181232351,0.10958541824783392
-0.7181834939952346,0.06162728016241303
-0.7016641962686176,0.09980885996829751
-0.7021774331694839,0.1169982891678981
-0.6838334622851641,0.16196623490648118
-0.6879327478338266,0.12682404055404897
-0.695493536193806,0.11906644557808255
-0.6766774502172094,0.12943426355734158
-0.6753844013393548,0.12012193701367437
-0.6974590300259369,0.10777100389510177
-0.6717996799889426,0.13833733853539446
-0.719795819680486,0.09053846787025512
-0.6914879362470033,0.1170625511078961
-0.6995690041419113,0.09539119411355106
-0.6892053640366435,0.13199781079070208
-0.6905098964146126,0.14875057664185157
-0.6813708615690378,0.12923098382442966
-0.7033822973095579,0.08508982645025212
-0.6666176160048431,0.16600386070017698
-0.6951248227969263,0.10460632243807158
-0.6953456853218046,0.09457655200137312
-0.6765188579541781,0.12157320873922146
-0.6969203981382545,0.10883157570845287
-0.7025253216321613,0.12016368036468111
-0.6980816034554097,0.14425634138829269
-0.6887479973002618,0.13745260799803474
-0.6677317819503222,0.13773552869107217
-0.6665037094733481,0.1569322396661249
-0.6925418226057912,0.12510247270444477
-0.6758082556833724,0.14793465789381438
-0.6837704347774572,0.12364109042271947
-0.6672995462119042,0.15703018601392743
-0.6688389452732912,0.1348091666610681
-0.7061049523946695,0.10318758045957198
-0.6662952530436201,0.17372611931056509
-0.6841674220956383,0.1462291199618066
-0.6923174219229662,0.107669526848345
-0.6933913421134816,0.1365172283496269
-0.700965963044744,0.12548358739167134
-0.6753306005872887,0.1463587638188297
-0.681366023284122,0.11019493464942696
-0.700452594799361,0.12394837349683778
-0.720535603977456,0.09741100771945632
-0.7004182160885176,0.0894655183748286
-0.6795266441325819,0.11643087614772031
-0.7088917686060453,0.0922474208992896
-0.7030223261039352,0.08894147807422721
-0.6882538384826044,0.14975019331823983
-0.6900956039376276,0.11384117588563214
-0.6873047480138998,0.12421689905469002
-0.6874562434661762,0.12490889274268739
-0.6785515171366301,0.11643108217242594
-0.7172576942888694,0.0680398889984543
-0.6679174074901205,0.1544727261766168
-0.7206070925454177,0.054591996121592934
-0.6949735399484859,0.08699741301822748
-0.6987787803566217,0.09711004079193021
-0.6826369399008952,0.12208391935254793
-0.6997977552687611,0.11796899157994059
-0.7149291774025622,0.08340519842676301
-0.6925792681434711,0.14816729575668242
-0.7096482328506758,0.10881683461958515
-0.6894330698712268,0.09949685943143723
-0.6802132257733206,0.15776483370648758
-0.677432106020664,0.13106462044218997
-0.6895483832349693,0.1426417661973855
-0.7037035437670696,0.13099745359296913
-0.6953239223174736,0.13932309890460287
-0.70721627293266,0.13450459950841548
-0.6826722532524573,0.12996616452938492
-0.6739376277648065,0.1467232065967246
-0.6802042778860107,0.14298855530457044
-0.6743422376447014,0.14667086202015617
-0.7221414704026823,0.09634326583231084
-0.6919282154976321,0.13128437903618165
-0.6761515256663476,0.1309038481874652
-0.683073495617478,0.12141842842764702
-0.6879181049078913,0.1529812646988645
-0.7081363018701042,0.10778061922618719
-0.6615971802556457,0.1470418808565126
-0.6916790859995063,0.13471874226292976
-0.698411334352922,0.09855300086071468
-0.6832979067708065,0.13093173300719924
-0.7042492464245673,0.12504413496731667
-0.7034401819766276,0.11118641061942293
-0.7041235493974809,0.11314469193524643
-0.6776271620629203,0.15209319652483083
-0.6769678103548354,0.16240953634434702
-0.685972397339391,0.15140948955118805
-0.7303052915683395,0.0638950031291503
-0.6807482207064728,0.16315593753283356
-0.7009715238692014,0.09913858312132327
-0.7006307836703478,0.13034601694589368
-0.683637736301344,0.13526282574978493
-0.6913898425385875,0.10249243606712284
-0.695063875778595,0.14506900731896255
-0.7088351731361169,0.1314639382245974
-0.6844765213582416,0.12256662402325212
-0.7142948869395057,0.10656809306762523
-0.6904838623708701,0.14016483562429333
-0.6983957704589872,0.10972048374876503
-0.7078500780542075,0.09516345226112928
-0.6864593739323958,0.1481207077647343
-0.6746251593381504,0.13866189954915198
-0.6938915197368999,0.15398650101258046
-0.6559712380503122,0.1693377090080767
-0.6939314542361448,0.12298260511569094
-0.6794177395721013,0.12602596514951897
-0.7158935212790882,0.0924266027590233
-0.6904127979638234,0.12060998925165527
-0.7131095678406192,0.09873748845974485
-0.7017308426621796,0.0939913539855067
-0.6771556903904105,0.15508477743440377
-0.6725413342319646,0.1461409315764961
-0.6943102298850697,0.12945696741040907
-0.6810506843213384,0.12211898862315765
-0.6884601320160113,0.13387751514270826
-0.683435037715116,0.12734093077104638
-0.7005442361247444,0.13003495929274042
-0.6946023448291616,0.12666082799202508
-0.7228154124305202,0.08044129931407336
-0.6837510087101458,0.11666621374447048
-0.7031427531412372,0.10474069821308679
-0.6906659438243522,0.1139489595043116
-0.694704317524336,0.13543253852536916
-0.6913874195876869,0.11321051005969768
-0.7055252600561738,0.08389213383095948
-0.6973801047707723,0.11453345008339484
-0.6872347468054908,0.10061972838669463
-0.6779470090243647,0.15378577017092196
-0.6945927896614814,0.1322501305216438
-0.6807208135115981,0.1599769622612066
-0.6916032593780517,0.14072857262966604
-0.7001433158845396,0.11604235287875408
-0.6740848559005695,0.15485842434610472
-0.6929353836212033,0.09161662924764628
-0.6937608237104114,0.14081954873593613
-0.6840053380985536,0.15959921869910207
-0.6963523195391698,0.13262837862774937
-0.6830110538404844,0.12321829616190227
-0.7146956328722289,0.09101704675656676
-0.6906305381428072,0.10514315074347477
-0.685926520196936,0.1247288344254202
-0.6845411923713522,0.1242600715447499
-0.6851621255750018,0.13118260405515672
-0.7180891439719438,0.07262290602948447
-0.7099606668896998,0.11354160662513889
-0.664825553944154,0.15827628934028462
-0.6872597418139106,0.12902095412984332
-0.6940101597639442,0.11716842652828231
-0.6636116363666263,0.16556118355611277
-0.6901817678062823,0.11069416059447934
-0.6679812686594432,0.15270198326578796
-0.6932088575593052,0.11113286782340681
-0.7062176406238583,0.1091683355156741
-0.700629514589579,0.1373614623681306
-0.68354595073383,0.12857925433917802
-0.6671529149098747,0.1317927509179588
-0.7117259451994712,0.07353802315384728
-0.6782835079115829,0.14748903216448142
-0.6885494636862031,0.16144010544494347
-0.6980524282961388,0.10905916807729465
-0.7013868100178403,0.12278296723287803
-0.7074645157422489,0.11576188910869746
-0.6861929002697279,0.11143111665042231
-0.6869283697349274,0.13002967896384146
-0.6843360641124961,0.1386847400481128
-0.6803190119419958,0.13521245672306623
-0.7052761561396367,0.08099474322480024
-0.7072421205680447,0.10755298312403873
-0.6865966685478718,0.16029302352754915
-0.6922165731237757,0.1267006021412066
-0.6970451440329349,0.11005375285086835
-0.6905678567780904,0.11515837663949469
-0.6827467505722778,0.13625822929876114
-0.6695827637814378,0.16102839006096673
-0.7236398617707035,0.0902655823342118
-0.6796179214641911,0.17228810556885174
-0.6919632198680231,0.12818915407717935
-0.6999395457191233,0.10803525490533865
-0.6679942543893441,0.16330209254994954
-0.6877683376303269,0.12040712709021827
-0.6751964012550896,0.13834515517997906
-0.7046546027446801,0.11463244674555773
-0.6949173650361282,0.14257426669587062
-0.703419917579728,0.1311421010414468
-0.6943161111313504,0.09453064750241401
-0.6957186446013012,0.1022413687130295
-0.6905547398322586,0.10984122463266698
-0.7083478166535029,0.12882808956253955
-0.6779765606002471,0.14395688930691303
-0.6887703346808276,0.10756173726967264
-0.7026803578878839,0.11475003904642957
-0.6886949544062663,0.13184611533767165
-0.7178732964303569,0.10837535991517218
-0.664455380906294,0.18017746935265513
-0.7011848560806903,0.08447874212536724
-0.6849809908195582,0.10537100834097042
-0.7042565407417647,0.07423965676479943
-0.6981111304744436,0.12402178955985782
-0.7121120219529169,0.09374627889755542
-0.6902515433903583,0.14465968508169866
-0.7169429883276163,0.09335489446597664
-0.6913561414161289,0.11830910576079887
-0.6756673419967981,0.13328229503480696
-0.7005610647649233,0.1181682251582934
-0.7234726917448746,0.07772081475246066
-0.7002403338337081,0.11816541931979917
-0.6944410859804924,0.11896266720785728
-0.7138552109862022,0.11563066969726135
-0.6756221831809357,0.1411687158522857
-0.702539361364017,0.11562245361430801
-0.6664851668128132,0.1751126034025228
-0.7197010347197101,0.08714803063907918
-0.6717040306808382,0.1440347477098523
-0.6996994293236642,0.11411540058747581
-0.6932592068294566,0.11248540664544938
-0.7074450193006996,0.08908833948156247
-0.7077765188332599,0.11420561647127253
-0.6744667324604581,0.13865510773660575
-0.6935594796058565,0.1269676358732433
-0.6731205738017767,0.16429079100772137
-0.6853832560076608,0.13167603218444454
-0.6948066452244986,0.14575612432887627
-0.6666231997038125,0.13534786824919834
-0.7117095191666402,0.07980689016443085
-0.6703958102097014,0.16900055321943505
-0.6845334440229015,0.12291859102294274
-0.6918489147755238,0.13490082593914934
-0.6693674138619983,0.14931104887772273
-0.6982883272442083,0.10471859585735825
-0.6946158633706656,0.11139920670089566
-0.6829358494115736,0.15765615347488224
-0.6980283105242318,0.11273858780078581
-0.7051386439719658,0.08970827240852002
-0.7237300321856801,0.05877904053619194
-0.6856498629775283,0.12709320819146258
-0.6815521097087902,0.15228151225641862
-0.6524476888435623,0.1676065019927404
-0.7255593117878518,0.09107032729037898
-0.6787693508063704,0.11781102525499454
-0.6976835344467427,0.1299343022358499
-0.6934130461015262,0.12864478296188517
-0.6858481070744119,0.1430144439674286
-0.6791348696170388,0.15212984862126128
-0.7073164840870327,0.1060416899041574
-0.6937285956605698,0.134968625530002
-0.6824360290514477,0.13832905275027202
-0.6826526907318055,0.1513325000705021
-0.6762373399709553,0.1554772271529107
-0.6994321114227678,0.1253220613939127
-0.7139116135148819,0.1059650645844417
-0.6847865394632997,0.12685837400154917
-0.6609015752018407,0.1471371923179241
-0.6869328898898566,0.1338274815492719
-0.7115648368657886,0.10095591935363031
-0.687967754726236,0.1147988110190157
-0.680868406456065,0.13097985689074046
-0.6646356158622805,0.14781581654890041
-0.697199535924685,0.09939055587176786
-0.7127335017975929,0.08850854208629438
-0.6762549564860654,0.15197434300631718
-0.6766882866967977,0.14847646897374242
-0.6819860858480341,0.1266189982381865
-0.6979637841312468,0.09782079423980711
-0.6840670741595811,0.12422448590791897
-0.7228078710687367,0.10413867168969716
-0.6695395491674115,0.12885912684819262
-0.667262691254944,0.1567733634278149
-0.6882748839432444,0.14198291932193033
-0.7103509483767704,0.11601614983277468
-0.678115246000532,0.13662276974861087
-0.7098993773307216,0.10926771131935263
-0.6876142004420688,0.10499247786284244
-0.7121767088233658,0.10215780718923849
-0.6781910899761981,0.12933162199828438
-0.6961653267132515,0.12603345061019441
-0.6964702314428544,0.12477227042695023
-0.6718872838062695,0.14914788111301874
-0.721599174146741,0.08036061853827478
-0.7175858733600683,0.07294410985917392
-0.6810538388719815,0.13987132753195428
-0.672483786339675,0.1265608747803995
-0.6996314594912301,0.10522129704303873
-0.6924424478146219,0.11762877862904844
-0.6579971538693651,0.17369340363250027
-0.6644244597076847,0.13845902391922935
-0.6962176010872255,0.09443523355948359
-0.692794848432838,0.10173135901493187
-0.6925700692296604,0.14323347769869804
-0.6875622969757123,0.11345062442843672
-0.6835433075623968,0.13901033447670227
-0.7236922694409953,0.09154136302608525
-0.6975574556843871,0.12359463727973967
-0.6748441217617414,0.1283768317392007
-0.6850122022430841,0.13031661736550043
-0.7035681631210922,0.07427115614728491
-0.6831393497064606,0.15993952800762146
-0.6965686795955046,0.15650014235563292
-0.7025385525949596,0.12785945526412731
-0.692113611847656,0.11506626826854048
-0.6908750885304927,0.12161410999571938
-0.6721725556726587,0.16593042404766536
-0.6760595673451105,0.1339916841478561
-0.6828014030245303,0.12282423486515885
-0.7030569876930075,0.1344822218726901
-0.7085369070917081,0.1222377551802894
-0.6744927099288346,0.14897711136947264
-0.690658994500328,0.11912636697724617
-0.6911409010654118,0.11079968832527813
-0.689246378309029,0.1429540471480837
-0.7120114785199521,0.11613371792746048
-0.664137703804973,0.17161993964550754
-0.6686729741888214,0.15299790668259433
-0.6730389223784539,0.11950890025919103
-0.6894069588063818,0.16327438588490578
-0.6965441813878519,0.09732248712490776
-0.7137599029466539,0.10163869480135622
-0.7107043401368655,0.11946509007924787
-0.6790765658879906,0.1400659872219989
-0.6891614785813641,0.11675687388881423
-0.6711947861065269,0.11713581000580883
-0.6877453318938123,0.13141822418934745
-0.6932960206889939,0.1469049471900371
-0.6879395510643327,0.10767752784229262
-0.6690825932995335,0.17339104389612436
-0.7191001535497895,0.08129823770623873
-0.6576384152099822,0.1624503716926626
-0.7141151940530424,0.10890243421566644
-0.6947088100509795,0.11466697959432784
-0.6948257081828102,0.10088063590649533
-0.6924048355540975,0.12478100660284364
-0.6679965890068125,0.14380588388367296
-0.7047440683462075,0.14430746505838374
-0.6967536427254672,0.14454979700803997
-0.6867440246581624,0.1524584960488988
-0.7041620604566728,0.13506714788668825
-0.707149607701792,0.08757691172695056
-0.70135862397905,0.14738856512831108
-0.6907275494079002,0.15531938961220704
-0.6911900761609805,0.14123601020999862
-0.7185031639370578,0.1078076009421735
-0.6869359219103376,0.14137599519150798
-0.6734774289595271,0.1315687289522579
-0.6774059708092708,0.13570614655187466
-0.686941603371928,0.11495020758506781
-0.7106185988087784,0.11367509282473912
-0.7156695968716305,0.07118174862624202
-0.662094632591935,0.16331201369970474
-0.7036962349822199,0.11162188797851197
-0.7259703058447768,0.05391616127079165
-0.713112343431986,0.07606380483528938
-0.681584803362005,0.15090483743732538
-0.7105133260050543,0.08396065636311059
-0.7141337259995717,0.10680152841818949
-0.716903979194763,0.07871862735828135
-0.6760515897405134,0.13833299641013758
-0.6719778406009171,0.16343042463150403
-0.6990862343166084,0.12706427594804132
-0.6960462437181318,0.13397251414537564
-0.6917458707451005,0.12588955325932838
-0.6976642572313566,0.12099544566700195
-0.6930905572213863,0.1197707599191391
-0.7012992609985446,0.10022908860683417
-0.6800184411920489,0.14264096283291602
-0.7133942378175504,0.08209622690078051
-0.690064210579698,0.11626119555130368
-0.6826944399512213,0.11173586423320983
-0.6921356352431003,0.10987555727293227
-0.7145757613035044,0.08790404432218107
-0.706756371572447,0.1012529170970662
-0.7009834200131833,0.09385239933000597
-0.7015155297614547,0.1203415689381001
-0.6804720302155205,0.11881314107627873
-0.686336796713918,0.1485508691818991
-0.677747381255596,0.1462122262486535
-0.6911701877383764,0.1353189582863952
-0.6941861423640624,0.1485861106076429
-0.700843292833946,0.11833181706196037
-0.681790260220754,0.11917710020085777
-0.6832886110087765,0.1553467169681151
-0.6744008611914651,0.15488655687796918
-0.6827071622710141,0.12814567050760528
-0.6931075220705935,0.11659936086400197
-0.716060053987249,0.08802225361504287
-0.7027187313681612,0.09857203004471995
-0.674168917065367,0.13190728081600359
-0.6927680966167525,0.14828393253857328
-0.6845334747434211,0.11590442472783197
-0.6878880231217237,0.15416496332676868
-0.7297316252568782,0.06587435626970828
-0.6880702454375193,0.12892522851065347
-0.6839516616755935,0.13937166585255392
-0.7162974506580558,0.07827690228784841
-0.6968373720462115,0.10261200185914614
-0.6687321901054205,0.18022625044610935
-0.6839619298320614,0.15951396382259508
-0.6822120097454812,0.1306115889999628
-0.6952177372933935,0.11783828466532006
-0.7031501155991425,0.08750210580556686
-0.6677337112302414,0.13698106792113093
-0.6912887084071665,0.1465751139787331
-0.6794480120974397,0.1594243722184231
-0.7077993230643548,0.10766109279955212
-0.6795098758383159,0.13429800691166188
-0.7006145023944833,0.11676262004856655
-0.6712478813296375,0.170957492838808
-0.6953907906592044,0.1066193828645443
-0.6848734112661938,0.11920297008172964
-0.7004690327942193,0.11630974668768795
-0.7282855901477344,0.08085107848940756
-0.6729890495822876,0.14117511115608192
-0.6656030564152641,0.16117575399989056
-0.6934307034881732,0.13482943596407607
-0.7004567799385933,0.11339148620594344
-0.6831012897077999,0.1283410062791331
-0.6873047346759676,0.11405510011938125
-0.683471289526984,0.11335746414986983
-0.6841376958675512,0.1322451196791581
-0.7042176666493613,0.14221277085858458
-0.7036452563595657,0.09531444306547486
-0.712919647473776,0.06274908964844331
-0.7044862811819278,0.12787684827749562
-0.6743743582616115,0.16176920966263042
-0.6959492167833975,0.1071495930578913
-0.6729174469760268,0.16427536651841354
-0.6916823794688052,0.13336202652243917
-0.6803735126056527,0.15159761605849492
-0.6851302882505125,0.1314401176235031
-0.6806652146756415,0.15637579734645438
-0.6977429734625583,0.1167347270100041
-0.7022807341829914,0.09511721014449663
-0.7199531816185282,0.08327164712397969
-0.7105715009483853,0.10650088845685886
-0.7084638025290386,0.10546889045158295
-0.681531948095011,0.13157837470519965
-0.7111199693889905,0.09516479669841318
-0.7020601534879031,0.12554125836935326
-0.7164021086452813,0.09417925568391378
-0.6974480551676926,0.10346403150102884
-0.692803412357374,0.10044000887190482
-0.6692596554458775,0.13895390597655802
-0.708135655276671,0.0885859922637215
-0.6847377796223335,0.14314376247449276
-0.6812488623444017,0.14314802693875214
-0.7122862762793777,0.10967057770125613
-0.6683955916855953,0.14257653937405565
-0.6948470140496964,0.11537336014456544
-0.6747661780569381,0.14991447229432078
-0.701608529895363,0.12756316294215378
-0.6722893652808868,0.1420108659825952
-0.6740022633808262,0.15951265138944962
-0.6778717840127587,0.15748471159049898
-0.6794033722777434,0.1521919943504488
-0.6995771967579352,0.12698222353776628
-0.7124784613902579,0.11732912494965099
-0.6750508522912698,0.14433765867351572
-0.665629418217932,0.13241004413448615
-0.6948175267491524,0.155428889926995
-0.7051782388288725,0.10374386366423823
-0.6933327171437357,0.10421556875785432
-0.685599938231968,0.12940469855592496
-0.7081123609601564,0.0751362411429534
-0.6762253002255197,0.13905830980333655
-0.7082015081969458,0.08006554128615444
-0.7040999243848003,0.12646566104499687
-0.6968914479003974,0.11339633154868561
-0.7107633464174808,0.07309032580847685
-0.7059637381435889,0.1298265351535878
-0.7079796972534189,0.11319520097025597
-0.6832329432851042,0.12705006041139316
-0.6919052068754636,0.14199653327951525
-0.6759297140269139,0.14968704272948002
-0.7094847697430874,0.08630325953301579
-0.6985688685295706,0.11347086452905307
-0.6897846505946149,0.145363141436986
-0.6743151626835892,0.15891774326673674
-0.6691009980814184,0.14763522966554948
-0.7214878188896404,0.09592330888085274
-0.6670944783771324,0.15983911699492623
-0.6961682954307222,0.1160730406342286
-0.6948166691045417,0.10330573663234999
-0.6880301488593205,0.11347054247285066
-0.7232411732304869,0.07993571139567096
-0.6669156901562115,0.15099335997775937
-0.6917955174159562,0.14289324197711067
-0.6865949423863859,0.13696963434665405
-0.68921483599166,0.14019126835248769
-0.6958382883712049,0.1184967610117243
-0.6670734048041187,0.13097247421501085
-0.6779979594214501,0.12639114584276331
-0.7115796569918149,0.12285954341291494
-0.7167435620299406,0.06566190090159003
-0.704292871497,0.08233006917999526
-0.6795675453533225,0.14752433640860266
-0.6965638254491023,0.11292500050175304
-0.6696505138386947,0.14694200849910066
-0.7082731345208981,0.11232934864989312
-0.6686799205600996,0.16007921326906224
-0.6817132746336295,0.1565264629999129
-0.7001306928147102,0.13293498121492195
-0.6883494980727963,0.1545467982821594
-0.6786651459955304,0.11488839203727891
-0.6840879700902912,0.13173748689631196
-0.6914356679386422,0.13628317872875909
-0.6920183733669878,0.12378991933282082
-0.6671990858986255,0.12879967578961765
-0.706640610788587,0.1065739103525206
-0.7019267958056832,0.10819220862083546
-0.6899652318164918,0.15167639331324378
-0.7010090418650937,0.11959624139151834
-0.6694814813951517,0.14911519591584185
-0.707869007622864,0.12323555860003071
-0.7207421694294177,0.07005567181071669
-0.6836857515997209,0.13974946105376942
-0.6833149639489663,0.1338960423455941
-0.7005368400113797,0.1415098646017454
-0.6905659342407005,0.1157834899404027
-0.7133744681723704,0.0865796885720295
-0.712041586421591,0.10454306011175792
-0.669125366744243,0.16805418388670962
-0.6747858523261799,0.1427033393475122
-0.6961540765482681,0.14851467861541132
-0.6770450775464042,0.12324922864635222
-0.6930628361957761,0.10953650263737756
-0.687592187088961,0.14145710683119544
-0.7128788682629885,0.1080617611357914
-0.6980975615291712,0.1289051567783298
-0.6697070946242338,0.17212148343459568
-0.6578789891565747,0.17503305766461025
-0.7022799300796652,0.11510903695095138
-0.708263909457406,0.08407158784055728
-0.6659548585041225,0.16464683541977887
-0.6908964941584284,0.12594938208341194
-0.6906802721760027,0.13404370568834892
-0.6860794579972476,0.1447464053328222
-0.6817560754536575,0.11998419288420013
-0.7204278919486256,0.09120194343728794
-0.6848183998240581,0.13391285377802115
-0.6940782105394704,0.1323866518165808
-0.6847850161584023,0.1513448981663771
-0.6808048239115635,0.12400301252364088
-0.6752098281767931,0.15483952963169684
-0.6734785216087964,0.13248461333315584
-0.7008475805291341,0.09047822918310235
-0.7031067641805772,0.13590112114318784
-0.6798256972008093,0.12619640924886277
-0.7301630956676282,0.07727585855727086
-0.6717331230923457,0.14550970922297066
-0.6882403057912883,0.13321842190360997
-0.6958962689591738,0.13792442947586128
-0.6807968221632645,0.13704867219997052
-0.698463509113362,0.12296141656916174
-0.6785645636456089,0.16311840858958465
-0.6782980818560732,0.12110381849222146
-0.6715153268486356,0.16491154798706126
-0.6926194759599581,0.12329783451186672
-0.7015751089479316,0.11293864978144011
-0.6825717184402441,0.14240693545920455
-0.6777463900970588,0.1426516159357968
-0.6896956365810826,0.15414327305747258
-0.6771357209940516,0.1668731970305892
-0.6944802461511856,0.10037842994102807
-0.6716077926217503,0.16184641510398243
-0.6819177038980745,0.13336922207774962
-0.6929406169371988,0.1414240300670114
-0.6739673055535774,0.12520228805810302
-0.6816933070671474,0.15985828187918646
-0.6789400156077242,0.12427069136140889
-0.6872492477398452,0.13560416712774423
-0.7063882475850083,0.12456248065666327
-0.6911315741853794,0.12456068009166239
-0.6850903797417092,0.14535317811013074
-0.7223179319298982,0.07572097265517015
-0.7174238817099999,0.09160905899802473
-0.7040886904676825,0.12352603834656878
-0.6838204348841965,0.11159834057264317
-0.6819742838683059,0.12147675575520618
-0.6835173660724516,0.1542215747267192
-0.6890393870624227,0.1424513977097955
-0.6791251811999391,0.13146326502421818
-0.6678694262456221,0.16286116127321426
-0.6971166432969587,0.10637830506233104
-0.682886613845219,0.1226030082505816
-0.6912934929535034,0.13925894138605618
-0.6666945918582627,0.15091138605568521
-0.6725314743602111,0.14668224303434074
-0.6992280056517927,0.13365927006733275
-0.6638145645177107,0.17109491805648214
-0.6723422856081556,0.1372351932187345
-0.6870898606118019,0.09981835905067174
-0.6834849610993644,0.1466407532688158
-0.6830731165965235,0.12177297090422437
-0.7053554940292099,0.09316697712014022
-0.7057379307230794,0.1349547855245405
-0.6983826118790956,0.11478277193106165
-0.6959105302749925,0.11234444186302275
-0.6624778493646076,0.1588532921976825
-0.6627775247972338,0.1506383955913912
-0.6947824315058837,0.1302903649503477
-0.6603737128099851,0.15563892741084787
-0.6945769682447915,0.12265510684660759
-0.6668220832952998,0.1651924142130022
-0.6846137446153918,0.1640635485924005
-0.6950371672460327,0.10408305577873245
-0.6924606426700004,0.1263588067610184
-0.6828369795916628,0.16044195670482966
-0.6956430362344853,0.15344372758187308
-0.7188432773603115,0.08780044436697595
-0.6771692090864132,0.1531270163375879
-0.680311649666523,0.11976988400170745
-0.71373523797536,0.09966434629309422
-0.7010125436040845,0.09213488828505159
-0.7031536246975072,0.08500064772473817
-0.7099459660200671,0.08702843545874639
-0.684536760137618,0.14460464775471796
-0.6733273305820061,0.16350692769686148
-0.6784581989322395,0.1349392209578391
-0.6783947871354205,0.14864411726206417
-0.6831548306812524,0.10303390330519258
-0.7151045592786223,0.10242174085256878
-0.667195398471762,0.1508390010241897
-0.6815149731596446,0.11837797702542413
-0.6738408757474901,0.1318797288752729
-0.6768994841716831,0.16032681807265775
-0.6807566255245748,0.15888197477326144
-0.6922796177785219,0.13838215913913507
-0.6877944906656217,0.1110037888243046
-0.6938878768437995,0.1278767417458492
-0.7235627666705288,0.0636199617901867
-0.7194081949856622,0.10903992380709025
-0.6760132731577204,0.1336928488025439
-0.7076960305327729,0.08531614723815267
-0.6977475493547624,0.1348125503910712
-0.6771837128510205,0.14356023283685296
-0.6798208986781084,0.14245486139444327
-0.6996206806999273,0.11768790694762875
-0.6880251318015637,0.148947648720461
-0.7000969279600233,0.13198522322411005
-0.656952560357424,0.1593870922429314
-0.7174893996181202,0.08079201625278885
-0.6612020662901906,0.15066091071348792
-0.7028152596529256,0.105316584356295
-0.6786311034370832,0.14528901234750405
-0.7072466996148263,0.09346737750997441
-0.6871277643278313,0.1592644468040586
-0.6801005212489852,0.1364215583247907
-0.6717578770298269,0.1638445334906354
-0.6554696953216809,0.1653726141916873
-0.6718728674811985,0.1445489077921878
-0.6737815328492133,0.15832564293191687
-0.7195939161070983,0.09466942115103165
-0.6654795467024428,0.15663358658976584
-0.6797565220296864,0.1407245620058429
-0.6755080109926217,0.14238788996484372
-0.6687395839362009,0.1692814740505263
-0.710532646720444,0.08731850907193413
-0.6932018697138626,0.11404849055148991
-0.6749040907997603,0.11758800612713835
-0.6945504699497266,0.12339495390485569
-0.7082457729969359,0.11581687082021713
-0.6886506616295816,0.14643744478927403
-0.7141199709959233,0.09160946624358951
-0.6998148255805329,0.12422644208435839
-0.6749270155945652,0.15630200687853896
-0.6955912311157438,0.10788009889846825
-0.6792683473218541,0.1288818467922845
-0.6985001713729595,0.12690905248181142
-0.7001955301921281,0.11729419159324078
-0.7076351763626971,0.09780492941952601
-0.6986992043889263,0.11668094724668303
-0.7051058766282546,0.12781055082445178
-0.6725496920548732,0.14057286292864862
-0.6844147518402834,0.11514846787014106
-0.6742400137769518,0.15740485705010632
-0.6881929791046283,0.11035138748877657
-0.6966273777583601,0.11461334211694517
-0.7106470152871149,0.09403701100091849
-0.6768991776950605,0.16677498630606274
-0.6685004467763838,0.14923619286018774
-0.6755557085511176,0.15821029031919423
-0.7209995270929883,0.09776873224654896
-0.7224618712405506,0.08514844753902694
-0.7292174159920186,0.06512017917163108
-0.6848882042811432,0.12124548630149412
-0.7251917075442923,0.070905656036722
-0.72293349239269,0.07885633203310954
-0.6942685654598496,0.12495265858409305
-0.7090953535831847,0.11338911145830097
-0.6806903976663489,0.15462840124307775
-0.6918006578589397,0.12930681508250763
-0.6941842921951082,0.12009223401855115
-0.7012740250470811,0.12681491880289772
-0.6948302967689425,0.1312249543974767
-0.7048768091781857,0.10493624293069245
-0.6883903856312261,0.14269436055969112
-0.6814469968066208,0.13762371811113316
-0.6646077299619512,0.14573372708440238
-0.6638202488063187,0.1649082135723241
-0.6769900466049111,0.12920206777902912
-0.7076929385999339,0.11743252620876031
-0.6804465025367911,0.14396539482316623
-0.6759352662787922,0.13415916806555678
-0.6988501745451605,0.13611735580223724
-0.6666328613670133,0.1578492079875073
-0.6798280000008596,0.14287885804853104
-0.6850521297216862,0.1333673465702404
-0.6669877575703825,0.15580120251161617
-0.7007336836380238,0.14455884527619126
-0.6755696389164246,0.16454891640564492
-0.7031520054211959,0.12094152186491328
-0.71224463355367,0.10824436941728005
-0.665960740645328,0.14786651049021884
-0.6799520493897715,0.12864797588132634
-0.7147070263701627,0.10782164793093862
-0.7005391688784391,0.10208190840153726
-0.7194079373240769,0.1045009020304427
-0.6905384191397463,0.1446260997268608
-0.6849011577477171,0.14248493317774666
-0.6871226818534347,0.1304805848470928
-0.6955127987476912,0.11743799842267193
-0.6974709443758543,0.11636438540714948
-0.7080770633955756,0.08936175442723394
-0.7247082314133014,0.08673353892703908
-0.674426447804915,0.1398979736421347
-0.7244768159117546,0.08792532938286682
-0.6796132888487088,0.14055479929910622
-0.6666782101688026,0.14772147382688186
-0.6842668229222277,0.11851507220923001
-0.7052826067515594,0.10087764724887115
-0.6638523876266651,0.15049626610390493
-0.7068786895099257,0.09971454574132771
-0.6822048110480748,0.11549703440046813
-0.6976850515436334,0.10131996340221576
-0.7324608000781998,0.07308085420440984
-0.6816589597877397,0.14124525383572528
-0.6690007382916989,0.1609169047233468
-0.7017004096298374,0.10178700637247777
-0.6818466068198215,0.14143095662521413
-0.7262828723961806,0.06562146562009641
-0.7013800701978361,0.09039246497981861
-0.6749083994660959,0.13677966407473993
-0.6961718265833685,0.10850012517942172
-0.6792907089247364,0.136730900527767
-0.692479670632546,0.13793412029296742
-0.6819638701634798,0.11005441997638352
-0.7105143022445797,0.09124416911042944
-0.6984108921584071,0.12690215914422615
-0.6631315963658522,0.16943416354993068
-0.6818763751925341,0.1302008799512108
-0.6990496343737908,0.12239294074142879
-0.6969939146596307,0.12769177524345854
-0.7095686412800913,0.1198801066787837
-0.6912639606278673,0.11879570207714837
-0.7056309199333406,0.09918703953305714
-0.6732551731622483,0.12944548795311495
-0.697840622861118,0.1405080218804864
-0.6770396137288969,0.1328887982553692
-0.7095557980335225,0.1270192135975087
-0.677286181343537,0.13542400974587257
-0.7064825792368112,0.11201761717668396
-0.7049578397939253,0.10999403299440688
-0.687429913110843,0.1549878078382602
-0.7010257479777686,0.12156106678189749
-0.6938198709617489,0.11788560546959745
-0.6870027714550712,0.1175296069152699
-0.697186546381599,0.13273165463226824
-0.6881363289207441,0.13467556714693663
-0.7025772510559778,0.11462169687259885
-0.6741658906206789,0.14849449618416397
-0.7067704030458494,0.0885772439950679
-0.693692209749433,0.11836167263276161
-0.6722936668949382,0.12280307695094746
-0.6873377842231178,0.15905025688960145
-0.6802695092478058,0.1674297045463213
-0.6913619944821677,0.137220695331125
-0.6717428647174619,0.1582450238946499
-0.7248905115419902,0.06999118576520019
-0.6850017178558375,0.1556602416391206
-0.683861643857567,0.14676294515310098
-0.6865796218537441,0.1415623624898124
-0.6953521455618407,0.0967067616707014
-0.6778014926731069,0.15980870745372414
-0.6714461594992573,0.17749345615110648
-0.6899905005249141,0.10938373819848378
-0.6888348055376047,0.14267722394737536
-0.7030318044432898,0.11493037546952908
-0.6812294700554907,0.13906398006061751
-0.6752532208326336,0.15384383243842695
-0.7157780256683209,0.09026230565485632
-0.6919795244433534,0.15264658466753359
-0.6917720716977316,0.09695666425028156
-0.702502449192383,0.11400495766550153
-0.6916877903745038,0.1335070603978083
-0.6814523533239386,0.13932907790943103
-0.6977315050119954,0.1005811075569599
-0.6881684132488411,0.15700064689247054
-0.6709617151287431,0.13261423168137035
-0.7197765598700951,0.09498667979940142
-0.6808875662105539,0.12163782883815538
-0.671522154010777,0.14242740207296362
-0.6856224361504387,0.14036653871730226
-0.6947430332396972,0.13926854113116488
-0.6981917964784529,0.11257527622531563
-0.6893431857570604,0.11465608074384707
-0.6888119422656983,0.1518947931120253
-0.693991800098801,0.14580887073549786
-0.6689874605326205,0.16161231907181675
-0.6972801913489207,0.09840590171882577
-0.7086459324299541,0.12322693539406784
-0.679405091119322,0.13590400722523102
-0.697553681592555,0.09681991517814675
-0.6954589691212165,0.14043273978356408
-0.7107567567743545,0.09025859134934748
-0.6827393520986103,0.11598925728623828
-0.6728902073179215,0.1258122314704302
-0.6737077617181669,0.1695098615648888
-0.6718135014402673,0.14411598876917134
-0.6916203600315056,0.11502834809050684
-0.7011287507563413,0.09635361906528998
-0.6654247315392643,0.14057619889164488
-0.6809067027102982,0.15554892645459756
-0.6768717114233719,0.13930709061024732
-0.6920351755978958,0.1272666613436461
-0.6870312093300647,0.10261407387966605
-0.7123532852668457,0.10295301883413752
-0.7026709292410518,0.08929135920131023
-0.6784933708914925,0.13343057358521093
-0.6717812411745608,0.15976471634925873
-0.6868451881721809,0.13465339857508749
-0.6653630539550917,0.13840256295398953
-0.7094504382656216,0.08364986486333813
-0.6876239523143318,0.13546963402973633
-0.695993129479252,0.13902341106750102
-0.675385714953415,0.1424546386294075
-0.6884202523789664,0.12060638467108936
-0.6683458953177025,0.16503850984467386
-0.7127766262232118,0.08811704630328668
-0.7092087278940551,0.09730839297040099
-0.6993208212921774,0.11441342592330087
-0.6944906585805487,0.13247800529525477
-0.696202336971228,0.14250523037069213
-0.699499629956253,0.10882147339391117
-0.6812559144033088,0.14740963446163696
-0.7040418227060394,0.13222465668046837
-0.6703659186071754,0.16194196406105174
-0.7243363899210438,0.09536455259350064
-0.7099374607352558,0.11242842125076398
-0.6833677721471354,0.13553139107587528
-0.6889945237823928,0.1466507684673583
-0.6882396328636664,0.1401627181661472
-0.7157880540174925,0.10617238776151997
-0.7094160097872382,0.10623039796119808
-0.6722847920805709,0.15272390573393965
-0.7130194862347773,0.09534349721481154
-0.6666443732509731,0.1439801959490427
-0.7029674692877798,0.1237489311662416
-0.7134183720116394,0.09536578208745994
-0.7138848185359589,0.06433171185792515
-0.6942368506847195,0.11792629065692553
-0.6740069327578251,0.15920607387228763
-0.6783977577666291,0.13952368479298582
-0.6789297428873544,0.15561183104786813
-0.6740392798189502,0.14091911741920496
-0.6624375192797411,0.17293665731572627
-0.6894486869740205,0.1489884523799744
-0.7083949658092308,0.12994373151678604
-0.676780050653012,0.12390220665015145
-0.6659637712675743,0.17149270075253684
-0.6913640391118024,0.11529309151496542
-0.6883344648552034,0.12205551714148909
-0.708612891302261,0.10930370209638368
-0.6902012385051817,0.11135378156800088
-0.7166701630778683,0.0644878575119097
-0.6781976364223321,0.13435993979550054
-0.7280219988973471,0.06558371313009335
-0.685120729038878,0.15022822930851543
-0.681182243670789,0.11990019157554614
-0.6829121579995581,0.1458978857438413
-0.6916931088656568,0.1071926135604914
-0.7141012616513415,0.08048256361237736
-0.6813408425119128,0.11934211455752194
-0.6844937175031452,0.14790030214564168
-0.6815728012782097,0.14189350677334756
-0.6961644798621187,0.11127982189984487
-0.7013683917981646,0.11750723518611296
-0.6998810824862594,0.14759694138026555
-0.7163895824156833,0.10359430837182279
-0.6961486846321759,0.12192632728959482
-0.7100587156956897,0.1117410513960858
-0.6851891264440984,0.11031156592734959
-0.6667898032293212,0.16536253631260078
-0.6632120107123098,0.15571335318352386
-0.6846468378911413,0.13938906167824044
-0.6898638355879467,0.1482706420099366
-0.6851915932063093,0.16408991264863734
-0.6866989163100229,0.14118186405029795
-0.6740132849416908,0.14996508387497143
-0.655598751991527,0.16353037496447806
-0.6887029048447243,0.1202099884568248
-0.672118488322986,0.16157145389004499
-0.7064095964990237,0.10805693351825141
-0.6959391941711065,0.12211173312280471
-0.6795126948908539,0.1559198244611974
-0.7007185064166842,0.1263339646674617
-0.6983782973883217,0.13143068573040495
-0.6600558383758703,0.156266631256142
-0.7111074513731811,0.10865596774755205
-0.6795226454812211,0.1310140577546278
-0.6809642632932785,0.1402180071510683
-0.696819719540438,0.13655949067954365
-0.6816039799841483,0.1533163442911915
-0.7083576982725873,0.10160918675393395
-0.6770451527731629,0.14409644743953764
-0.7152562379938896,0.08582824068500115
-0.695791949059959,0.14290447857755587
-0.6810609502261457,0.14210709896919688
-0.6657950690390729,0.15163253398099552
-0.6773109325512594,0.14358396622903766
-0.6662327822474642,0.17441988274391296
-0.6607546173754095,0.16430635802899368
-0.6892983326924175,0.14393975500635564
-0.6801446520830873,0.16285515253337984
-0.6975339729513312,0.10848220448958455
-0.6864881844639479,0.14126071245967173
-0.6820990812251058,0.15034970511377638
-0.680460904545214,0.1602391075056381
-0.6726740390398582,0.16006843963875814
-0.7100868361419452,0.09537571295772596
-0.6951099777955111,0.14618616792064276
-0.681247553259095,0.13210375731253218
-0.6685697340798458,0.17625331789539758
-0.7080072499965642,0.11599045095309304
-0.7130962367055723,0.09258476726815754
-0.7087492987411256,0.09267623711584502
-0.6741030372178756,0.16752263337253387
-0.6569281329908754,0.16220473914580735
-0.6620275953756712,0.15752505958436777
-0.6983771935115859,0.11699696725435318
-0.6662499020888212,0.15051777063842578
-0.6936113170354647,0.13048811910586747
-0.6979012225831617,0.10542544931090969
-0.6805759951536099,0.13943610377966587
-0.6950664826189697,0.12123952479783535
-0.7023064224913205,0.10306036274478707
-0.6918936582185534,0.15035089096900456
-0.7005732043680054,0.10352033878246113
-0.7162782335387412,0.09751055359593638
-0.696533619811951,0.11566532980344518
-0.6783555039772345,0.13650701989197478
-0.6883467532101327,0.10536590886454628
-0.6683443622812053,0.1593218441869258
-0.6883504410648336,0.12191341341542668
-0.6805725806680769,0.12048409216433877
-0.6705483866089228,0.15983979892896819
-0.6852217891891924,0.1282267846790062
-0.6774791226812497,0.13939661624499244
-0.6727969622278555,0.17536507305101437
-0.699657186104382,0.135163224299196
-0.6768174723107038,0.14766071639500641
-0.6880832641023577,0.14587963563728712
-0.6912776056084399,0.12112158048653258
-0.6722358274881637,0.16264779840738366
-0.6664629845546335,0.12595681198799838
-0.6818338301352069,0.12795642434972374
-0.682225914941723,0.14042326307170913
-0.687836204576544,0.13593671121074313
-0.6807869996444402,0.1391618599261865
-0.7127367460625412,0.10786671145108152
-0.6781830861841224,0.12707244565427983
-0.715763975825191,0.09771661557036888
-0.7067081920327777,0.11909295803709372
-0.7069329378880473,0.09989842679981502
-0.7055258772494505,0.13177169186978988
-0.6731877847748017,0.12666269897503457
-0.6857922348434481,0.15181709511111305
-0.6732049022190231,0.151269866434261
-0.7079036021946811,0.1054446066131884
-0.6945599223006842,0.13357966417459657
-0.6787127746831306,0.15994869062195202
-0.7060055301760934,0.09816058202666048
-0.7049460641955253,0.12055966262679203
-0.6678621547898153,0.1609152202843747
-0.7138913902309426,0.103916676295377
-0.6908664746207837,0.1373504914869826
-0.6965929494731449,0.13676086764956183
-0.6777163900666802,0.13376210308958938
-0.7170164652442602,0.08634008740889322
-0.7257327948298795,0.06768610231399647
-0.6706756678781083,0.13208437745973733
-0.6830186342759499,0.12331898569795792
-0.6813032401637386,0.13002200686874682
-0.6663666567576294,0.1780745534007139
-0.6810067183293577,0.1204066629587273
-0.7045361047452738,0.11383997161795525
-0.6846041569655468,0.1079021274348827
-0.7047603225880583,0.10154556987446434
-0.7110348479921761,0.07633091702337173
-0.707231187254045,0.12055151533102676
-0.6941868405457282,0.13982791331239158
-0.6947046661746219,0.13717144206896298
-0.6774519654259027,0.15023611933275152
-0.6976794087147625,0.12925304665457588
-0.6557245192135778,0.15917765258733585
-0.6796994252836214,0.1345270960414088
-0.7190269590706592,0.09652992192163241
-0.6994143700766694,0.10261333067025091
-0.666044866402223,0.16148898222936775
-0.6784280101444359,0.15502221923727438
-0.6767349149552461,0.13838635883184
-0.6676113940237207,0.15393588395047741
-0.677142071960835,0.16650288008153344
-0.6736713496336916,0.16235862117797267
-0.6865052738707457,0.12290350502582544
-0.6948341099235746,0.10813695498878907
-0.684255258999713,0.15751969343603048
-0.7012876556947523,0.1279417533071351
-0.707333618534462,0.12446271606265528
-0.6713587317202551,0.12372840646896403
-0.6712943721888884,0.14569295280729866
-0.6929133238843619,0.13394695434184198
-0.6752325592528649,0.13145992635159634
-0.6977095488433724,0.12717137593726202
-0.7087798704890109,0.08110911789830756
-0.702999654172228,0.10212917033942714
-0.6811627586033511,0.11897923266815541
-0.7026645854538242,0.11818836050713931
-0.6926721610675785,0.1481926904757622
-0.6630838151365065,0.17508215750543035
-0.6921806535974305,0.15210270689962643
-0.6882568055273295,0.12263074995492941
-0.6870363635706583,0.12331520309706147
-0.7066567141811352,0.11145898010372111
-0.6591955134495131,0.15310473018511184
-0.6758043656810485,0.14165891032054964
-0.6798788394331379,0.13917613184391478
-0.6805799052368696,0.13213163078834725
-0.7042827962900027,0.10254050259520282
-0.7160130219742433,0.07875689566048641
-0.6936094705331854,0.15645061571441554
-0.6578497956329146,0.16773300906263502
-0.7139096340930622,0.07817437541494383
-0.6841459731790154,0.11381137617783604
-0.67546729861096,0.14125474383767406
-0.6812636363094975,0.1629645397276756
-0.7018240977105028,0.11464311598628961
-0.6806451382846368,0.1237653139181754
-0.7077761251206977,0.08216758776848826
-0.6708918338658458,0.16399489311592333
-0.6860196828995576,0.1450118449333701
-0.6679735951407477,0.16456846537732966
-0.6915251424755972,0.12128196908087535
-0.6837184190600172,0.15044971338405394
-0.7111173320344607,0.11339349904965297
-0.6703396148088441,0.1538964033671402
-0.7089748875585142,0.11363353118064554
-0.6680909093749213,0.15496943041685982
-0.6956589150306896,0.1401886264992741
-0.6999903426456264,0.14305815108574568
-0.6889408413808797,0.13772321787985434
-0.6652013838354094,0.15274161823664464
-0.7095354855919793,0.11104229355872311
-0.7046173768038199,0.11463846418105791
-0.6958567658422954,0.11270886479217111
-0.7130767829489931,0.12099891026319258
-0.6650376750434257,0.17341308537287525
-0.6895442184621293,0.11360742161093626
-0.6992348863196897,0.11129339070349163
-0.6867829245002127,0.11126220370562653
-0.7008635356002795,0.14497050176571796
-0.7033220549074585,0.10680344983365812
-0.685767636554695,0.1576148549336053
-0.7166493984376431,0.1016069453946509
-0.6761923801157059,0.17290963467160977
-0.6967114694500937,0.11837530140197962
-0.7070216850961276,0.08098364975710921
-0.6873440518563173,0.11085489375931429
-0.6797038064512188,0.1362269309358692
-0.6765487097787922,0.17005979445137573
-0.6907388385045321,0.1043871424737138
-0.685867509223839,0.14009162646539547
-0.7033508678544277,0.13720084028763888
-0.6866272860734794,0.15939245826906728
-0.6985661639764276,0.09812315969468913
-0.6828643884566528,0.12431062809799426
-0.6668505827871162,0.17311783377879375
-0.6852569561227851,0.14609541034498194
-0.6860848172918294,0.11393783965620839
-0.7189043511759974,0.08704766455756041
-0.6986533534344094,0.11595211996062237
-0.7167229123388871,0.08477184971958797
-0.6946907353321653,0.13875262592783688
-0.6743312063753071,0.1668125730472875
-0.6796970463172209,0.14864338995899384
-0.6907607329989442,0.11832720911417954
-0.6672816488456201,0.14576632710389878
-0.7069843089481238,0.12359485786938518
-0.7111855369564074,0.11811749784871621
-0.6962237394393224,0.1252111988242116
-0.6829953880453534,0.14636349149885508
-0.712447430949679,0.101205912731385
-0.6743815752316343,0.13559271554882787
-0.6799932631477006,0.12691898408427113
-0.6994269466563429,0.1141256206700646
-0.7038766057890475,0.12065020303385915
-0.6766778290364832,0.1423702310182513
-0.6594941704888267,0.16850694001499583
-0.674177562747364,0.15073731677385485
-0.6927066394426187,0.1314398249828597
-0.7092624580033516,0.09494410916010138
-0.6981268381768821,0.11071994385149103
-0.6810338411144604,0.15567033515664344
-0.7022594003053567,0.10770699753360695
-0.6939904028342858,0.1126218293228605
-0.70789927052604,0.10556267189962058
-0.6921645840246611,0.10336024432784187
-0.6981025211296703,0.12583547010017238
-0.7047156175931524,0.10585909497123709
-0.6756292128039555,0.16535910785866387
-0.687625223943411,0.12033608871629836
-0.6842556185182268,0.11997998343541884
-0.6749566447443632,0.14389619765551284
-0.7018083395425039,0.09533649884978854
-0.7061105166748951,0.08748372176162356
-0.6702362987592128,0.13823309766027758
-0.6968067655544744,0.1325148658008266
-0.7085235720693581,0.09274181717462764
-0.7168778281075503,0.1076593475250312
-0.6973561772374466,0.09781759908495194
-0.6885680313291664,0.12581453585074096
-0.6742680020472953,0.15061692589914222
-0.6916294907582429,0.1336215705856269
-0.6803151983800493,0.15323485755002186
-0.6781523614844696,0.1421233658403839
-0.6880580588682279,0.14852638660708473
-0.6654534352422047,0.1437721493564666
-0.6779251966394473,0.15487048756622712
-0.6905399571084619,0.10813133368893013
-0.6925049824644033,0.13439499138739763
-0.6657303164630762,0.14811869255871696
-0.6757015859034949,0.13488144340670333
-0.6914599620147452,0.11568119350561473
-0.6848184370214425,0.1263753507287622
-0.6827086089558361,0.14602251888320542
-0.6924025183729818,0.1113307985151201
-0.69650852289035,0.11464485379341807
-0.6633599346302433,0.16791146632399745
-0.7072463863735059,0.08289774322708479
-0.7152969317597657,0.07247679182571137
-0.663507571273512,0.14621049212719284
-0.7081155303753517,0.07857736047332686
-0.6748951970841877,0.1216504010362466
-0.6716287266505804,0.14807238145623194
-0.6935968457258359,0.11456710620240643
-0.6970618597543421,0.12620985550676167
-0.6816515444206188,0.14330876637414533
-0.6826058102755733,0.15815983588450508
-0.6935453473365774,0.11491362449816823
-0.6774929958881148,0.13554538123286
-0.6915632607169079,0.11936058715436568
-0.7021336602574026,0.09938861029201693
-0.6974586972933735,0.12469104809251168
-0.6705934891584632,0.1336298415313396
-0.6937638474503828,0.11199048174186096
-0.6786080703621382,0.1267925447733251
-0.7010557429359178,0.11444676829499265
-0.6838956001472284,0.1306885986475059
-0.7113001289197901,0.09247802812378182
-0.6947128984120535,0.13677724615958814
-0.6865882184219825,0.12378917866613885
-0.6996751944534597,0.11487611463530636
-0.6789119830175526,0.1447909618734075
-0.7219910002597746,0.06914438626747431
-0.6869454759289743,0.1449383407950548
-0.6970315257476682,0.10413870154430058
-0.6935938601652546,0.1137898494028787
-0.7029314332570454,0.12102891731548894
-0.6641326723965157,0.15303627290241623
-0.6939514142370369,0.11013284096838703
-0.7021170530545893,0.12465629131534693
-0.7063294718637625,0.11843930213922078
-0.6973659692323121,0.1257471551616874
-0.6766373483596757,0.14175116812225017
-0.6737107193128747,0.16148622278529784
-0.7210075666361793,0.09465541859920375
-0.6997156361295231,0.1059170961548621
-0.6975683127949676,0.11663533112387005
-0.6877473650249929,0.13379802816766526
-0.6727847464692721,0.1659030767092027
-0.7049253540877531,0.1374245711184167
-0.6696237584377056,0.16455436923391112
-0.6737923497524604,0.14840065282744383
-0.7199467383730287,0.09515352814269562
-0.706476817378134,0.08556620891301808
-0.6695561187834064,0.1571413427262857
-0.6955027328367288,0.12601575280592966
-0.6962811798542671,0.12890479994033366
-0.6857714194024713,0.11970481168402435
-0.6900785550010108,0.13001159487051073
-0.6790454259425259,0.14544849877467306
-0.6715328116661209,0.15518964543666483
-0.6936554894808145,0.10401181735123652
-0.7110070239586018,0.08893736354061534
-0.6761949292431747,0.14519106444133903
-0.6981355831353367,0.14270505881883105
-0.6906345649254825,0.12234113360312751
-0.6847287245425716,0.13286583922004497
-0.6838930346932296,0.1524338390636847
-0.6719428585297987,0.15746339246261196
-0.6876565977348669,0.14317976461279017
-0.7104782762416063,0.08017672960747643
-0.6736551172872925,0.15769244038919286
-0.6868200601450688,0.12013877560967477
-0.6983087938545622,0.13755143746362858
-0.6818942801814426,0.15676628453715005
-0.7098983097163656,0.10974299262054303
-0.7020901481266469,0.10791655747473841
-0.671380624319465,0.17144644206695603
-0.7032141432933237,0.08939089110209686
-0.6758274188382716,0.12803306528741076
-0.6774581471594376,0.13830312637713743
-0.6779195949346116,0.14345564255047807
-0.6784879960014834,0.15343095934147244
-0.7003566398207793,0.10733408413220816
-0.6986684027662545,0.1386093898325373
-0.682434808945787,0.13449259689015877
-0.7086286424935533,0.11679437606732798
-0.6712691078956025,0.14255562998364485
-0.6924151823835796,0.10476555165019182
-0.6946406438716123,0.12293062961264774
-0.6817922907439431,0.1523232207919127
-0.6919265766985159,0.13825079363668222
-0.6740280233439805,0.16444758770321127
-0.673765753051684,0.14996873382673861
-0.7231201141603892,0.06537413690984341
-0.6829829768026899,0.1162800639845886
-0.6841652159508764,0.13247388502075116
-0.6777018849177332,0.13210914556739967
-0.6962682185961017,0.11973000850663847
-0.7207489945434115,0.09361394768846566
-0.6972204676221493,0.1339355776106965
-0.6708042518562837,0.15399384834805202
-0.7050077420725807,0.10908669909230773
-0.6808826114983725,0.12936943305248486
-0.6751558946431294,0.13200369225980274
-0.6896453476687795,0.10446767613856321
-0.6865337922746123,0.10929567759213565
-0.7066751976136546,0.11479873761835124
-0.6760678138844104,0.14928510776157236
-0.68953864115963,0.11887484579070956
-0.7100523765836985,0.08518183942502931
-0.6995752089687193,0.12403370053382355
-0.6775183403509218,0.15628181038478595
-0.6874324757035429,0.11510762067722821
-0.6649004663183573,0.1475170166236075
-0.6917844997153234,0.12170564463306509
-0.6694354108669336,0.16328146002500551
-0.7038099315980544,0.10690448023664674
-0.6910550672846135,0.12760522880038663
-0.6728811582328109,0.16857864574466463
-0.678713841104609,0.1241641275629901
-0.6779250483279731,0.1477551701297632
-0.6627527617856519,0.14951713310035122
-0.6761404553161593,0.16920407258558118
-0.6978947200167784,0.12511775660143537
-0.6989644065235546,0.13486844068199394
-0.7026490852589249,0.0922717760041779
-0.6903263582446196,0.10988266900857153
-0.6951009781869096,0.13951506922633358
-0.6671798580882071,0.1507919666844006
-0.685287261947868,0.13163255604790286
-0.6926445192457302,0.14360692585598658
-0.664198843278696,0.13931651002802045
-0.6780814289591374,0.11303039160144239
-0.6689142724703286,0.15195101250954457
-0.7149720057013119,0.08413653250304716
-0.7109405965329657,0.08940395696089154
-0.6951787229361509,0.11446032893642058
-0.6824092767227344,0.13894270449939192
-0.6732652760407347,0.14531528424643567
-0.7082575839412798,0.11646694903933205
-0.6832970236238542,0.15376168255931305
-0.6937417378057068,0.12011181684550357
-0.6903063775509201,0.13364328428362365
-0.673094866610894,0.15304307248645496
-0.6702953537137025,0.15854338297816584
-0.6993472126954028,0.10140773537472414
-0.693114492711773,0.1305435935207221
-0.6844099274681104,0.144474197395301
-0.6874761324930905,0.1571750353477997
-0.6948242425778536,0.11776488903299938
-0.6805161524392584,0.11503424587044665
-0.6844205472894318,0.13159570278218713
-0.6670708851423718,0.13427728514127135
-0.6810478960047196,0.15631589430354428
-0.6648350433603041,0.1600379691143352
-0.6657702934274071,0.15608767206209737
-0.7067455374496264,0.08807544655910832
-0.6711714970588956,0.1533162880348961
-0.6888810431269887,0.11178229012705088
-0.6897599774153702,0.1275752800708588
-0.6962350199530469,0.10576842600573995
-0.684951936018506,0.14476325199006973
-0.6795874903576586,0.15123726968780243
-0.6858615863667439,0.13889195130407678
-0.6916595773139738,0.13322697750378854
-0.6957322073179366,0.10287996788478689
-0.7019811497134588,0.11884545323688543
-0.6888518566996172,0.12336650291217705
-0.6924230705411138,0.1468257445423207
-0.6972365549311839,0.134335413111315
-0.6884984296163401,0.10268867350967867
-0.6923834518688518,0.12979045667148198
-0.6689497309674171,0.1643135695227646
-0.693966718040838,0.1489036515404979
-0.7037438993723505,0.11173120318882698
-0.7237639579527512,0.08178622942778918
-0.6947142093793031,0.11700722942003017
-0.6707358222968745,0.1616465515537924
-0.7213743381319675,0.06367114374434873
-0.7044254878031138,0.10874607365900067
-0.7105235040241183,0.10862467635397832
-0.6758063569596321,0.14737518612967174
-0.6925099503836061,0.13288991418482987
-0.6813310894776343,0.1335979378571066
-0.6864167008348947,0.12832329084716768
-0.6734731115675645,0.15603684879857085
-0.6922040398256439,0.1217745810208669
-0.6745761506262612,0.16497372212689412
-0.7004035819315534,0.10346004708982386
-0.6673970674221892,0.16495721763780016
-0.6922158005756958,0.11337518187106799
-0.695270456744824,0.13286155846641554
-0.6880340027192141,0.1039859787771652
-0.6932231876383464,0.12468153307740526
-0.6927241181446094,0.13708297568600247
-0.6646066046122849,0.14729157284385017
-0.6820057693615003,0.11478726571296577
-0.6930015848337374,0.12753219501650834
-0.6791279533274073,0.15028104734947187
-0.687768992519703,0.12553052987187102
-0.679974848685006,0.12256150657023784
-0.6626586450929646,0.16378646743925293
-0.6772393650638238,0.14934517034684547
-0.6914805042362756,0.13002076479664348
-0.7095131297559609,0.10977708976773351
-0.6829159843685898,0.15008490691914603
-0.6749751352206984,0.1535352043162929
-0.7176672519224674,0.07475247186574002
-0.7068459886517667,0.12391292556929474
-0.6704992445911673,0.16984609444496257
-0.6810716532082872,0.15443534313979718
-0.6681025215461037,0.14131767632568293
-0.7051050400804113,0.13109235038300784
-0.6774240699051057,0.1534034275954559
-0.6544271722880278,0.17166216421335703
-0.6847021311101997,0.14164372485360047
-0.6855837637378683,0.14028391622941822
-0.674496995283834,0.14476234276883126
-0.7052983598023969,0.12328032993340726
-0.7065697544189083,0.09677750094184996
-0.6887171471448157,0.10896079180454257
-0.7154304682718857,0.09057881382676378
-0.6731295245453497,0.15236134438716323
-0.6996678341772788,0.12425005825147596
-0.7076377793061137,0.08507114182168705
-0.6834586564763399,0.1472075511169029
-0.6949193690892428,0.14689679400865033
-0.6861236796568242,0.13196568138455922
-0.6935870542868606,0.11517436399475599
-0.6657797199361482,0.15682440463007322
-0.6805883125902185,0.12591479431344174
-0.7070743828094579,0.09456922863834273
-0.6915939107913673,0.1094692276675606
-0.6893994610039159,0.13721435384127972
-0.7202580080017312,0.07589349414744932
-0.6619028990004561,0.16659738853760436
-0.6796055978069169,0.13454068979514386
-0.6744012523548838,0.15075482161104323
-0.7078102538886889,0.112530618865218
-0.688368208750697,0.15150184715911283
-0.6798247440773777,0.1521078471062316
-0.6935638489328346,0.10470274087144191
-0.6635287916787611,0.1470248296268844
-0.697909859562047,0.12920104532474996
-0.6864093933235408,0.16025753478969018
-0.6961056577139209,0.1145915435913512
-0.6986189471910853,0.11160224402825054
-0.6831851761454849,0.1273977177679245
-0.6821176906354578,0.11757767200786551
-0.6681350838225844,0.13891339408453326
-0.6664995752642028,0.1529355972540632
-0.7049307925907986,0.11083450237640295
-0.6897703196580885,0.11888457261793905
-0.6912497114525188,0.09739602470532432
-0.6858613887624669,0.11601096742130514
-0.6972069118415359,0.1409329858860802
-0.6821870208019285,0.15094872721906152
-0.7061071512610719,0.09860046218266079
-0.7116722873565466,0.09499812446991465
-0.6802806463643596,0.1395972613099446
-0.6866909601662334,0.1342576135147687
-0.6901103464399109,0.144368849679684
-0.692859339881423,0.1240001425635227
-0.6908827055500367,0.11051714294021257
-0.7195407302587131,0.07613711187808159
-0.7147338455675443,0.10198949936018968
-0.6700215805895484,0.1453324010208539
-0.6784940045509915,0.13202779000952183
-0.6703820982611488,0.15973244051184157
-0.679801371925293,0.1315527336579725
-0.6730237275326167,0.169701692261758
-0.6776216726335065,0.1409066961759945
-0.7010238610209193,0.08935294935633986
-0.716661622944919,0.10569770789849127
-0.6870231463551875,0.15280445599893255
-0.6848096122901042,0.13241394423976066
-0.6852053034016744,0.12326406440638152
-0.6882783113973349,0.14076215124143185
-0.6762571063017904,0.15364137347667603
-0.7042313301318224,0.13583343700990744
-0.6933898940655205,0.11198203486449941
-0.710110501624828,0.0879502667436832
-0.6852270270926111,0.13968078513504276
-0.6998532961839203,0.1192790882063135
-0.6950220648072851,0.11595253440414396
-0.6948100074512245,0.1152691966883383
-0.6994940194399755,0.11637615452353561
-0.7166848851608436,0.07644003200014374
-0.6882185239105358,0.15929656830842448
-0.6884806304758541,0.14437892653095785
-0.7097541391584216,0.1175720191466388
-0.6914655623161622,0.11579105245709903
-0.7233868502769732,0.07588437334446846
-0.6846419602800152,0.15168174950594226
-0.6955855484090537,0.13244146523711112
-0.6657345302481869,0.14356339650968056
-0.6788098019780552,0.13507153789381252
-0.6835434559193981,0.1525502291237894
-0.6910003518024296,0.1399591868278417
-0.6720248525295064,0.14920552543943177
-0.717154625516475,0.08408885694643574
-0.6846839373721305,0.1524407253595094
-0.7127276884649981,0.09059514264977618
-0.6904912783051161,0.12716925943867957
-0.6942486641458319,0.11242706968583613
-0.701950416854805,0.12330537372037141
-0.6665823764400809,0.1545088439909299
-0.6928989538977356,0.11102454500629044
-0.6807634217543858,0.1164538438764536
-0.670869935914106,0.14539758726421523
-0.7025145739539326,0.11108622700808773
-0.6989147891838713,0.12284519128651498
-0.6857277817636948,0.12109138819993336
-0.7026508239903373,0.11375270103265325
-0.6822984793915225,0.13889351686639448
-0.6780596228406646,0.13114160658690927
-0.7204092394774773,0.09234665289786106
-0.6742329675466018,0.15354114165998656
-0.6881341728822272,0.11973215017563045
-0.6879266378996978,0.13136512000875458
-0.6794170828474159,0.1517076931839957
-0.6867636026863523,0.1325615146498119
-0.6962975739479484,0.12397180985763293
-0.6962060339715908,0.10963830895320902
-0.6856433580821581,0.12459490729448602
-0.6843725192556724,0.14533791894597115
-0.6770306469620936,0.1513132227017997
-0.7066019906496275,0.11202191153960804
-0.6979331859075455,0.12008218397307259
-0.6883735938926552,0.1370989377747357
-0.6721219614427166,0.14227960811469434
-0.6898217905260213,0.1265880668271201
-0.7012658511899554,0.10527932801224248
-0.6938214263432827,0.145889775741038
-0.6783449446977075,0.14237987177151812
-0.6977508750214495,0.12271474927413371
-0.691505765769346,0.11544509812690336
-0.7093866226573814,0.09009005795647676
-0.7005209688315112,0.0921051800613483
-0.6928579694333074,0.11035593806179315
-0.6806783853636262,0.13052506134023542
-0.6656572727776932,0.1662078952970015
-0.679830204080972,0.1253632847906266
-0.6987370864656847,0.09448894842070908
-0.6828191515572761,0.1513024645352059
-0.6909212392878967,0.11223207670247301
-0.7067984798777234,0.11709480783688204
-0.6999799294656562,0.113853512020659
-0.683257386383053,0.14765050552795467
-0.6745684856630402,0.13607897127121887
-0.7116761860585324,0.12216595599732559
-0.6854600870444966,0.12627330955293628
-0.6825323349325251,0.13599302505123287
-0.6932374100110323,0.10303223174303207
-0.6751755299126744,0.17171269137528125
-0.6962737181123922,0.12279086656057137
-0.6853573952041017,0.14317655811665128
-0.6721441302323846,0.16456137556369663
-0.6708335437123537,0.15099975694897833
-0.6910177765536303,0.1055593979948613
-0.6902082279327095,0.13948206715794426
-0.6777456805382053,0.1638139770113568
-0.6973730942868694,0.09855891346856153
-0.6871817829395569,0.13504100059293106
-0.6902492838894462,0.12416580247744904
-0.7043743287634964,0.11768799950155129
-0.6887188210333537,0.13950422351847977
-0.6743863256019601,0.15151573321360332
-0.7019772021801091,0.10957821627849643
-0.6921894052243309,0.12377511965121744
-0.6856979754169172,0.1312072750209245
-0.6806362251910368,0.15066199687937742
-0.713139821158031,0.08210256477777793
-0.6905599727297727,0.10818417781045118
-0.7132887397489379,0.11194087500255509
-0.682336411183256,0.1177864424880824
-0.6892657104808657,0.11261685673542138
-0.6947253986658988,0.13683360144907372
-0.6799365384079122,0.14428182780343982
-0.6843030220550592,0.12916202772672675
-0.6743150833525967,0.14119134762788543
-0.6759171834987281,0.15533242819072016
-0.6661621301588959,0.16702317871814887
-0.6850081286020584,0.14134514731361844
-0.6846415404535177,0.1198616593905329
-0.7003149537983446,0.12897693667182264
-0.6981408961417138,0.12502187640409074
-0.6940482582915597,0.1204447585433856
-0.6904927163891363,0.12766873509074309
-0.6923044591151478,0.12066083328124806
-0.6803974330710628,0.14957327973603463
-0.7040395739740147,0.11996407247397288
-0.6675897896984964,0.1605709736686478
-0.6934267456915189,0.12159908104778036
-0.6943299947913555,0.14136352686685488
-0.696963719032777,0.13605658567571885
-0.6825202717546917,0.12838730616497518
-0.6803213017910306,0.1519959755449749
-0.6838115074640194,0.13658230130925292
-0.6822177163111032,0.13066025376879237
-0.675678904669028,0.13964639666317558
-0.6759437240282299,0.12898313772010073
-0.689361673172924,0.12935455433988655
-0.6620866232376931,0.14723636783155383
-0.7000652577679002,0.11974417565324282
-0.7108611798856932,0.09608456389940186
-0.682191384141355,0.13985039093812252
-0.6860271612713762,0.13637870312624906
-0.6870123850608715,0.12309770975608435
-0.6889725640668647,0.15536534321944345
-0.685942598943525,0.14656769935263667
-0.7043831875518745,0.11722120787776256
-0.6782677919755564,0.16806613599861542
-0.6874177649373681,0.12264387006724602
-0.6816717426653255,0.15750273526412392
-0.6764584240476019,0.12387205465016908
-0.7002921015699505,0.10423165282668967
-0.7006120817201797,0.11178887044822246
-0.6701280139080406,0.16572051101375362
-0.6940386689458014,0.10211268680104721
-0.6826020263093697,0.13348842282306758
-0.7025388634513936,0.0948595857048366
-0.6823607002908342,0.16361552151359104
-0.6916178204043908,0.11900935543420983
-0.6766480223687925,0.12816389178993712
-0.688904244968026,0.12262733067812331
-0.7145899205899047,0.100156342706917
-0.6784480471173696,0.13870513297692438
-0.6850603140426659,0.1508034188263213
-0.6718269266654454,0.14453880902255778
-0.6884841444112967,0.13666459197186673
-0.6816790410885588,0.1564954381997924
-0.6922459563704306,0.14539358936571484
-0.6965993426948875,0.13723403043513677
-0.6918347419245887,0.13616560366106434
-0.6869783642527496,0.1257624145867113
-0.6951915447764191,0.13592054905328002
-0.6994096564676824,0.14388298192494278
-0.6892092287552887,0.11626466423114515
-0.7070741157594463,0.10669736124203404
-0.689780963788507,0.11953058844768878
-0.6913852969088058,0.12796432408832328
-0.6749676077519968,0.13977942671527946
-0.70284482579394,0.10739436617823267
-0.6617582741189972,0.162789126200008
-0.662374962733574,0.16467413828540936
-0.6638293859517485,0.15562503771038963
-0.698931518051211,0.10801863314739797
-0.6827400661412795,0.1534953463064807
-0.6999337153219137,0.10244858188646735
-0.703339169763136,0.10465865901866198
-0.709935745097708,0.09412576734422107
-0.6953312823922881,0.1472799583530454
-0.7059927258249274,0.11026029436311097
-0.697175594016378,0.12257216840809243
-0.6789128791535344,0.14115105215462764
-0.6724706885647914,0.14631359514760262
-0.6946294370903308,0.12946699071379533
-0.6978096332878261,0.1232986082446494
-0.7008604422104635,0.12139895157462191
-0.7234658832641937,0.09380234835310367
-0.6754755415144704,0.14196175559743882
-0.6810980489513871,0.16831375671520324
-0.6879142158990978,0.12118038145790823
-0.6720495636256378,0.15072733273552258
-0.6771522128914288,0.1304250065170887
-0.7234686684920952,0.07578544167362831
-0.6821347551708759,0.13629031941666667
-0.66905753232595,0.14251536865675576
-0.7093524898081026,0.10245822320366497
-0.6761487137073277,0.1544664419178009
-0.6939328078481748,0.12836378999521658
-0.6922057994943116,0.10811278460982512
-0.6748429935215488,0.15865233069235685
-0.7223403623757705,0.10234137255985212
-0.6730818205929979,0.15005886254183026
-0.6694845175905582,0.14896026181883154
-0.7055096630728007,0.11859333760605886
-0.6903576823566466,0.1460135898575647
-0.6829577870910135,0.15546342763190152
-0.6835037571845498,0.1258069505082803
-0.7123284281216861,0.10523699292567544
-0.6814460791725157,0.15782594016301443
-0.6974402223196869,0.11829374030767895
-0.7059901180589665,0.12587399429651283
-0.7022490196816464,0.12216463595398115
-0.7046302375179669,0.09268916890040245
-0.6906142501739148,0.12687104470046026
-0.6831883933877035,0.13685305809097328
-0.691116428759683,0.13119464013989848
-0.6811192622085356,0.12565874039032415
-0.6985594138919485,0.10072592980612104
-0.679199473445304,0.14288831509051061
-0.6852796584461818,0.11496914624821233
-0.6959268910484993,0.14930142206279146
-0.6836621431888086,0.13783534945090345
-0.6994744185039906,0.10546939612262857
-0.685438617495301,0.16162165865439826
-0.6856828937488345,0.12992914070901973
-0.6924470377183981,0.10814945874577336
-0.6813466290770964,0.12215209821460073
-0.6849487598370586,0.14682377860284182
-0.7166631130279487,0.08564725707452034
-0.706170552289531,0.10834811408657903
-0.6960384837298721,0.10673198442220636
-0.6939538498461447,0.10685260630690305
-0.7002034352256529,0.0908063815734036
-0.7068362344814242,0.09822525455089882
-0.6655483221745796,0.1570012668707954
-0.6855716495732616,0.14189170899448034
-0.692388614740852,0.13616991608302492
-0.6767864147971243,0.15226046003401456
-0.6958015854023822,0.12543833985881367
-0.6690085841245866,0.14785582890161816
-0.6940211673687878,0.09917522847872758
-0.6967939647762267,0.13760961788548484
-0.6884946729340194,0.10519807274911845
-0.6838219981978629,0.13672137844248838
-0.7059281336673073,0.13847732544579627
-0.6962921478161901,0.1302304672223471
-0.6916870627752283,0.13797464899900877
-0.6937271766213723,0.12486114927255093
-0.6814367853874654,0.12727928049717982
-0.6652670236839378,0.16405706434838727
-0.6911152796610167,0.1391318209576321
-0.6845637532232826,0.1355180462020411
-0.6937599265423333,0.12122369314991344
-0.685330761274985,0.12369937054373885
-0.6575001181632347,0.16236564454795224
-0.6824124878811192,0.15611821111069382
-0.6961653999223357,0.11910173708588913
-0.6853197358017301,0.1271931906929181
-0.6920456076820811,0.11216939937937248
-0.6806278930470032,0.12240816332590773
-0.6607492119780184,0.1671089557006082
-0.6768061815555192,0.14278132595179494
-0.6937885084401888,0.14129397745543323
-0.676894000537134,0.14223850702337054
-0.6954013792165838,0.14120225475811599
-0.6834216321260197,0.13951005034866967
-0.6899875019883367,0.1260965854586352
-0.6989565613230206,0.10958873817908828
-0.7147219735267702,0.10644876425542328
-0.6997668132158963,0.11396226941939122
-0.669303997233096,0.13096142804352257
-0.7006986683670267,0.10319332194914711
-0.6977400667759146,0.12447669013498536
-0.7207495656312306,0.09373010983103314
-0.6856118180347467,0.11033778557815316
-0.6720846289096246,0.13068920207687684
-0.6908922347019198,0.13427656108123867
-0.7142653207985763,0.11974278967268834
-0.7057642198827563,0.12338742144794318
-0.6980544616813963,0.13426380433125798
-0.6929438916540508,0.10467853645927154
-0.6934435751627926,0.13217480593504197
-0.687213148855384,0.1518405192960435
-0.7003505504739781,0.12634714695721685
-0.7089228758823172,0.09510539053000239
-0.6782823752379865,0.13700342258740425
-0.6740722301599171,0.14614704589655533
-0.6710851318047649,0.14172003088240673
-0.6980949982045376,0.13296049625670545
-0.6641446746039403,0.153353747779986
-0.6977929256472696,0.1088937468117841
-0.7152283879864204,0.08388867236303009
-0.7057502839289842,0.10791272497969828
-0.6948429006079442,0.11269612545507411
-0.7050934139429715,0.11865286862375761
-0.6670520269112692,0.16285876589449153
-0.6618375251857388,0.16558104084940267
-0.6863198585185675,0.11316812307872715
-0.6988957394939027,0.13842114840892222
-0.7119251727662756,0.11207306117739195
-0.6952102847998153,0.1408780199434688
-0.6631215768088337,0.16858366049584883
-0.6853077156422858,0.11299089487831424
-0.6918778539255139,0.12299979764327544
-0.7097913071753238,0.10913728872333651
-0.6915577724132185,0.11455725472722052
-0.6926897843520718,0.11882309048920373
-0.6873692188752232,0.11604730999551166
-0.7123431649852353,0.09343339088079552
-0.6985150744686806,0.09530973304933636
-0.6722723801202944,0.14482288955580525
-0.6903979055781103,0.13756995968956554
-0.6972410688091106,0.12751874309186348
-0.6658720344328127,0.14444909778560652
-0.6845236938292556,0.11208766368556528
-0.6900517949608218,0.1384023457786643
-0.7071857840653197,0.10407346668323769
-0.6763546415179599,0.14699567138524278
-0.6687821793953649,0.1715333138648785
-0.6930772753056826,0.11757794888828896
-0.6962817143065685,0.1451323025218371
-0.7212338803826933,0.08024301233270469
-0.7062040679825287,0.08428123057936095
-0.6874036599971686,0.1150205665477708
-0.6935235757858417,0.11083005128190777
-0.6808496320468357,0.12237156915131246
-0.6923051005149171,0.1287757513980844
-0.6734409718381943,0.1680782379793567
-0.7137988045830255,0.09333319882541351
-0.6666465251971249,0.14915446704126595
-0.7109262919289432,0.09703193068429301
-0.6664109296340568,0.13566412620339538
-0.7100200552890646,0.08647467095801327
-0.6872869578645087,0.14161653053074394
-0.689857051833838,0.11664294837216978
-0.6988687306818289,0.1057672056681028
-0.6701385115618289,0.15151117002267292
-0.6624525830804933,0.1615154311805512
-0.6746450497513374,0.14454797368125386
-0.700527814593988,0.1379204325484036
-0.699341311837002,0.11621521578030004
-0.6836599779515474,0.13613716243282614
-0.7181013926460307,0.09266227218425645
-0.7006451873902682,0.09730959355342034
-0.7216286300723453,0.07151698326302898
-0.6934334136037297,0.11301463556165771
-0.6794000612667065,0.1402185866499006
-0.6666368941474121,0.14885516317646086
-0.6637732534325779,0.1533572563373307
-0.6963878409213602,0.1316409358711631
-0.6762884078729333,0.14831240698237186
-0.6839325515030036,0.16208059751906137
-0.6907622923032839,0.12426429835740921
-0.6776318700040526,0.1571495620617569
-0.7074175943240582,0.10721358739929902
-0.6788510893382259,0.12932903424200826
-0.6642912892421406,0.1396552202726293
-0.6748763757236339,0.1328092223829594
-0.6929466978019247,0.13465054719049308
-0.6779166242734123,0.1433416505478996
-0.6876683866971347,0.1261361360510752
-0.6783354886565104,0.134206446219698
-0.6685329572726219,0.1513458748808767
-0.6903733785504891,0.14344622373003163
-0.6789684330500266,0.142500617301261
-0.720450597006837,0.07991544273807867
-0.6739703503292314,0.16121093259769295
-0.6973496800228475,0.11759098658662409
-0.6757734980413611,0.14938422692758965
-0.7074337641075387,0.10477099724465383
-0.6775804921069923,0.14978073938447764
-0.7040813826991624,0.12311192019486832
-0.7045599509919669,0.11345517099265535
-0.6992148101175243,0.13025588871083207
-0.6785659787771648,0.15893155798633726
-0.69465547488338,0.10774886101558331
-0.6949893911579482,0.11833153709629798
-0.7002173650011068,0.1001590201891713
-0.6896863629744124,0.12968012045630628
-0.6954175039990437,0.10296541538720981
-0.6988873108716563,0.10625767831756387
-0.7051819052943047,0.1061899091295598
-0.7011015175399761,0.10606140782480762
-0.6986414884517923,0.12227265883551712
-0.680028518460869,0.13149536987196042
-0.6978783507593647,0.11939451357874656
-0.6776156583768232,0.16949377591440332
-0.6911206353800989,0.13698530118958893
-0.6578469875155312,0.16741280053456817
-0.6644281503158527,0.15485230967965588
-0.6929127620597434,0.13645336309226766
-0.7158801308625345,0.09787047191200406
-0.7039517735773683,0.12450634024469727
-0.6679312172994271,0.1514062605077527
-0.7096464633460497,0.11522564137951587
-0.6907044847970167,0.12389749438450025
-0.6861065297592128,0.11132599990055979
-0.6746283519164499,0.12134485684438989
-0.693951703968975,0.1463604807759898
-0.6886181265025102,0.12030647825904571
-0.6677472585375525,0.14714347708251302
-0.6800181727421757,0.1314672741375355
-0.7137292437489491,0.09883415772902061
-0.6924498789889107,0.10556606908755298
-0.6782330513044678,0.1591142381396045
-0.6972839962306935,0.11027062429869704
-0.6836247356130098,0.13845777385975955
-0.6849066337949825,0.14741487959485372
-0.6962045028587052,0.10845092512415405
-0.6779381424328602,0.1275589567588611
-0.7035596249651935,0.10479146049498222
-0.6733951685426799,0.15060253608443214
-0.6693599696235241,0.15930891385959056
-0.7096175268232565,0.11456382166571992
-0.705901629411233,0.10297646773923032
-0.6832596259477498,0.15073153479763216
-0.6924145088300308,0.13144502292544186
-0.6986213036833775,0.11985866024266341
-0.661996034939412,0.15109561921961442
-0.6994896134667924,0.13548106741063717
-0.6826943485976509,0.1311154601682493
-0.6809978748920921,0.12742479735428994
-0.6730428667785452,0.1383878078557987
-0.6864026917891506,0.12656416661549774
-0.6702498099120281,0.15519461333511034
-0.7076015051482557,0.12020386878114912
-0.6800193777285776,0.13087392026193045
-0.7106846301866725,0.09330141899194042
-0.676832053757278,0.12619727063264324
-0.6929380284678905,0.11942660670039063
-0.6805857436930806,0.13569103001903488
-0.6940078818099455,0.13512801433233074
-0.6951907561959303,0.1404968373932431
-0.6719424567849069,0.13833092103790684
-0.6741364910402452,0.16134361130129113
-0.6975898708997438,0.11679925781957781
-0.6840191529873219,0.1288074549374499
-0.7012617255432501,0.0923211134193721
-0.6641980598000494,0.15818594929387297
-0.6949674397678101,0.11171119632867209
-0.6931099199495098,0.10473908887556813
-0.6802977746772068,0.13924732501094048
-0.6861871985445568,0.12180448698967296
-0.6873565613978727,0.12996927397203306
-0.6915046113215378,0.13916759505584553
-0.7128575191690418,0.0923949005297319
-0.6596113608213342,0.16492132164247664
-0.6641357004051149,0.15688003688736102
-0.6826616381326107,0.11797869845780291
-0.680535512468186,0.15265543277898413
-0.6959068115736406,0.1326169985936747
-0.6835231496738031,0.1251026949552186
-0.6802076399714209,0.1433174014078613
-0.6886896852381118,0.12028238118715501
-0.7238931628324788,0.06108171229066714
-0.6647507486240997,0.15960020075266348
-0.7011442619351635,0.12392454339284345
-0.6750809312859465,0.1359203893014396
-0.7151244687678963,0.09761960185477232
-0.6962995997844642,0.1165257677078511
-0.7099767156422281,0.10694124024701561
-0.6986466309338335,0.10401664570140637
-0.688059222468301,0.13486153648918284
-0.6768780759893945,0.15852600837812145
-0.6753399256982306,0.15444981372249225
-0.6877035805137127,0.11444105947947618
-0.667306433094253,0.16064144181945417
-0.6877668252537569,0.1433713085075242
-0.6880416668893221,0.12842385493502695
-0.6896860893404393,0.14355764974234864
-0.6640223597407588,0.16806625186590096
-0.6845219061832832,0.14901562716523062
-0.7009640382718693,0.10770029989836619
-0.6936789275109567,0.10391431688335269
-0.6826442948096296,0.14321216438378173
-0.6809693962348164,0.13724325125381412
-0.7027357275064902,0.1274262045524906
-0.7063491323577958,0.10740952483892267
-0.6641612731810531,0.1687519421189011
-0.6755918208141739,0.1465520221747028
-0.6821992225463667,0.15849936575415083
-0.6838751436121158,0.1281829759406815
-0.6852490569761689,0.14711454564226226
-0.6709267228182867,0.14844366271171677
-0.6706123780590307,0.17203607807604412
-0.7091837081143723,0.10507594110195266
-0.6943775927025693,0.10671881044904512
-0.6867544070044787,0.13804298453257102
-0.694523295124698,0.1314282117480463
-0.6796649304773201,0.1461996910667704
-0.70302998846459,0.10206694649177296
-0.7043495342316046,0.12250086670285719
-0.6701567887844041,0.16519339459187657
-0.6954919207606374,0.12376205239884165
-0.6901986299982172,0.13052186351821418
-0.669942721577977,0.14018183310036972
-0.6897009733419075,0.11599306715347316
-0.6891907658680426,0.1419651623720449
-0.6890018997992527,0.126114515305567
-0.6952960011339994,0.11578881204640427
-0.6916061352307536,0.15073363715271532
-0.6798685547773468,0.1620539120951312
-0.6959307711090306,0.10827560259434542
-0.673184154813611,0.15707730506905404
-0.671047340135195,0.1451855455205775
-0.6811109306702325,0.13382828893986862
-0.6709663560292615,0.13711553481464966
-0.6962087914978008,0.1318485973905304
-0.684250807689455,0.1299279797358626
-0.6904559314487049,0.1370812497007143
-0.6885802390854477,0.13344959047547073
-0.7027689825522581,0.10203684958039047
-0.6968825311449546,0.09877554812517371
-0.6958296402987653,0.11215125133004324
-0.6879145276672887,0.13148497028604456
-0.682481731402318,0.1341012275110884
-0.6913158848020644,0.1325849530039854
-0.673168935179363,0.14380381176481452
-0.7121618329102513,0.09616430415289882
-0.6895257546998497,0.1140158304492497
-0.692210754742679,0.12621089498099627
-0.6965469225058685,0.10734540979445492
-0.7014279411008669,0.1073512450576115
-0.6905686221562573,0.12420640624984272
-0.7092869699538351,0.10707072699248392
-0.6937495231934712,0.12737328985896873
-0.6815112811003374,0.14321309187550513
-0.6762615371542166,0.13195739930999215
-0.7030230536086167,0.1326622155389934
-0.7031160450602926,0.09945721840157319
-0.6952185215343254,0.12947991220476918
-0.6818438015805509,0.1459826573582379
-0.6936141684834017,0.11514852783047393
-0.6785360584743262,0.1330479342554756
-0.6984860948277133,0.12568044836742875
-0.6696333458272477,0.13377890575089316
-0.6892462416394426,0.1548108264357166
-0.6909754760313456,0.12363952226850436
-0.7036180570326088,0.11813757538058683
-0.6899820951577499,0.14535849317107744
-0.6688921462297422,0.15823964202586877
-0.6881709746196041,0.12745974041278127
-0.6654910460106559,0.15832395515163344
-0.6924488743213235,0.11088324487847802
-0.6775296165899053,0.13516421299417056
-0.6652594148679585,0.17118062866597783
-0.7008510535416212,0.09857688612629527
-0.6890542498663195,0.12014917342651997
-0.7100361265383638,0.0935694210758411
-0.7132755473765082,0.09604358578850397
-0.7158631958852698,0.10169574200330828
-0.6832386147321323,0.13944536389859186
-0.6818468844433967,0.13624855713268463
-0.6751928629117943,0.16267333576724663
-0.6737344060160372,0.1306683791132416
-0.687254992742157,0.13546204904211523
-0.6820199505414091,0.13636189704034427
-0.6723250056421551,0.12986381213296186
-0.6840752614140131,0.1338480825426746
-0.6770335111463024,0.16610117250570228
-0.6785707016175688,0.14728477539640591
-0.6838212684606224,0.14623068959696695
-0.6668353195577104,0.15413895124278953
-0.6727992287436007,0.15447496153510043
-0.6699553559529912,0.14280460124031738
-0.700087845860474,0.11999625873677452
-0.6966303559646074,0.14361775960484532
-0.6677850629600752,0.14198598564040057
-0.6916970630176247,0.10870550623411047
-0.7028780764663864,0.11251363140194043
-0.7182108160244169,0.10197476157360919
-0.6902439333133676,0.11338500391915303
-0.6908878672420569,0.12887535817881413
-0.6932308548205183,0.12829962393163497
-0.7186811613794529,0.09333796883928432
-0.6694151805142318,0.16433161467872634
-0.7032039751346201,0.12039370228323637
-0.6803168022842077,0.13126560344643257
-0.6846470277645641,0.11663219058965195
-0.7069053070504835,0.10533460682024023
-0.6683945737058407,0.1400885657951194
-0.6923926832499286,0.10584883174309341
-0.6799731739963968,0.14634975637550046
-0.6770089834205263,0.15651440481259432
-0.6844331657694103,0.13322542546161298
-0.6961775197694141,0.1178319972729064
-0.6743227859274702,0.15814453739758075
-0.6753404352555373,0.15064742712520732
-0.6800095099187814,0.12807531772927175
-0.6978816726867534,0.12559893533671881
-0.6953938402850254,0.12560049210565657
-0.6826642649338696,0.14863137252215347
-0.6747481108715654,0.13291520739347445
-0.6928442035480884,0.11619570874743326
-0.7021478273157412,0.11403169545419518
-0.6992640410576589,0.13615465543192629
-0.6636989787870083,0.16366092301981272
-0.6984100604759949,0.10715727315519584
-0.6749174758889315,0.14036677495366862
-0.694855869461574,0.13183890506435655
-0.6903584603775802,0.1278201707739812
-0.7133846205017655,0.08623225319368513
-0.6893670913512312,0.1301346089171831
-0.6916041009001613,0.11533400374913351
-0.6795234407694881,0.15671508620974398
-0.6935129467829838,0.13066718308308853
-0.6895164442578409,0.11315646686693108
-0.7030040256487717,0.10975122722734366
-0.6943895046675895,0.11028913649825037
-0.6821101725353356,0.1537728808448631
-0.676879831549517,0.12653134265404295
-0.6751744346970886,0.1318898228269978
-0.6896842331350993,0.1292437472984412
-0.6850635593297122,0.1528583647512721
-0.6745183740546793,0.1249731916090129
-0.6855770848201678,0.14785200873811394
-0.703255273917134,0.11571704445839145
-0.6887661674740776,0.13646103204464416
-0.7249743251769969,0.08174736011412323
-0.6820337403957758,0.14304727887310897
-0.6849051531637274,0.11034359679832416
-0.6692460898140098,0.16550424947497555
-0.6872775562073165,0.12860286095772674
-0.6918442369465724,0.10564486828541757
-0.6773685441426402,0.1471559960679636
-0.6729152497320153,0.16099239778834987
-0.6843932774563855,0.12055490082169554
-0.7001485321580404,0.11359477131514444
-0.7072221236769161,0.10359558229004544
-0.6888880416184379,0.14699556651515877
-0.7071035501701544,0.08932304925662252
-0.6791261842387952,0.13589483293547708
-0.7052048771049392,0.09408609898718798
-0.6928662736619171,0.13031214186111312
-0.6737619697660842,0.13569897906811765
-0.6919499590026054,0.14664574714096842
-0.6940020701005725,0.1233400286537521
-0.6758337460252797,0.14934048099195596
-0.676365844381577,0.14770109918900046
-0.6929631430442591,0.11186694992645711
-0.6687775928420978,0.15687821798872673
-0.695798869568066,0.11749678604018798
-0.6989426468503511,0.13000503575145805
-0.7007787008193801,0.10789994181733743
-0.6730731582167138,0.14526027184575602
-0.6823411152417592,0.13677563178207566
-0.7012842371643777,0.10024948255213346
-0.7010920838913475,0.12652741792103617
-0.6927322486210865,0.1449419538267728
-0.6876356590610818,0.12800230695840942
-0.6679184229160342,0.13714284264024362
-0.672005750674119,0.15461483039805288
-0.6867420091080455,0.13924516659803823
-0.6836616543056622,0.1208329498758308
-0.7145263023655561,0.0941070964190665
-0.680467816503134,0.1380800994847179
-0.6790152034798616,0.1332127833176345
-0.6791242578047901,0.1468604020773604
-0.6659994035900824,0.16254136111995263
-0.6841200459588582,0.12926924821198849
-0.6777157972347181,0.1371773916983892
-0.706545768244298,0.11079198630058502
-0.6962468224027345,0.13431699770724095
-0.6829556436173966,0.15739595088399294
-0.6815524427538658,0.1264951994849152
-0.665319183916733,0.16990010176927636
-0.6904322864933268,0.13184527188256562
-0.6794095895995134,0.1316168077019892
-0.6708757857588699,0.14541639301601206
-0.6741941290994106,0.14715686620253127
-0.7005810025153697,0.11037240779128028
-0.684937190758985,0.10891340002932672
-0.6828586934953174,0.12047871523163527
-0.6689886980199397,0.1460056618145915
-0.6758163309938896,0.16814328040677856
-0.6903944096410846,0.12543458135070665
-0.680403674645108,0.15179955460593075
-0.6930921114985392,0.13388260169221378
-0.6684996735299996,0.14887802190987212
-0.6867336538092803,0.14142254844070867
-0.6916191379898436,0.12153971734134389
-0.6984166468766813,0.11881730134075029
-0.6977080974024455,0.11084854357351484
-0.7013054558955176,0.10135844756261082
-0.70596820704967,0.0959034746882651
-0.679213711011917,0.13353427302104562
-0.6884784116450272,0.13265284631179033
-0.6740488370658807,0.13284431730010987
-0.6858145857304271,0.13256059258999328
-0.6788159625982041,0.14679459896473995
-0.6846481476431923,0.14622465938141924
-0.7015657696715856,0.12456946102663233
-0.7082212093288232,0.10392222605199415
-0.6838879280339178,0.1449424453632158
-0.6978785912377257,0.1328214784434375
-0.6984148106416269,0.12521293331548194
-0.6935506426016973,0.1394545896442664
-0.6810545419131625,0.12510432838641386
-0.673100050802478,0.1474139292686408
-0.6793770504836053,0.14041249695569205
-0.6688865882099284,0.1607269199349502
-0.6827240395572933,0.13125118199054067
-0.6790946783453327,0.14303308306946863
-0.6782249376504462,0.14909606030487152
-0.7031402343018505,0.11153715625649739
-0.6713221502939803,0.17291635770171468
-0.6898253117410251,0.13813547186749933
-0.6853834294083522,0.1351054654375246
-0.6963860207054442,0.1179392756547928
-0.6700941948460228,0.15104848442237326
-0.6764155123075138,0.13735171881856037
-0.6833299340093733,0.11313234616788323
-0.6979440417081744,0.1207307147969847
-0.6951521254088592,0.13974278073336957
-0.6912680261780128,0.14091482649925885
-0.6971373217329656,0.11988312204363187
-0.6823271065754695,0.12619152719228935
-0.6776552955079903,0.14536390583277264
-0.6762911005498227,0.1444093925655589
-0.6869839998907601,0.11242802834365624
-0.6833653131535664,0.1329901822826166
-0.6773505293333993,0.14020669300282138
-0.6960391774061598,0.1272328817506819
-0.6861127776778904,0.12136877705275362
-0.6814891736495498,0.1429449831355458
-0.7050385910202991,0.10312146741950498
-0.7123339008304601,0.11298019286614874
-0.6913244536802223,0.10621865986146838
-0.6966533310392966,0.10771147526819612
-0.7173630820432518,0.08852712022425129
-0.6833606454133166,0.1245127347226276
-0.7112127139385283,0.09684568749775796
-0.701577639239955,0.1135281641959437
-0.6979727900094497,0.1294551756201706
-0.6845937884609116,0.12099240430560634
-0.6996084553931771,0.11716330545887488
-0.6710796555358287,0.1473378170337964
-0.6843301497458923,0.13466855813588613
-0.693653449574708,0.13212915801225864
-0.703400933235385,0.10983756532142995
-0.6808947480492002,0.14031353102157776
-0.682418638187414,0.13871266786101855
-0.6743145258274068,0.16849854023691926
-0.6715365560116194,0.14342540595603925
-0.6905144285887852,0.14478940500883103
-0.6986561216113489,0.11537627947636162
-0.6783823579548396,0.13971439975164998
-0.699430643256816,0.11875545894544491
-0.684398597616142,0.12930453735250283
-0.6866404246248787,0.14493848076521612
-0.673332893225326,0.16503397256929928
-0.7004845499639025,0.1303408801139337
-0.6895573037955407,0.12998259089590322
-0.6875335508978009,0.12727869202146885
-0.7111866477993349,0.0915068842459971
-0.690212007873935,0.13179592679707028
-0.6754487657056142,0.1445924877291213
-0.6876693506759401,0.12718346796864144
-0.6809305035695017,0.13140778827074348
-0.7081009033928171,0.10689125906768883
-0.6746817367411307,0.15477530493964825
-0.6787732734980138,0.14306757917315369
-0.6971883380932798,0.12329443775766726
-0.6876854059881262,0.11840131744428743
-0.6728145127497183,0.15622539593745252
-0.6730572272362954,0.13767371176549745
-0.691637058695845,0.1456969683034442
-0.6740761688143642,0.16048491451114372
-0.6774877926411927,0.1301879117091277
-0.68010868514713,0.15161370034219787
-0.6958799714447506,0.12686334868531926
-0.7008939332235554,0.12081865594765451
-0.6954166404427142,0.1288294423223869
-0.6927200392860279,0.12089984215645332
-0.6915386093667604,0.10917864723086701
-0.6847103382487971,0.14407932503044418
-0.6754848952822348,0.15885128627231979
-0.6909448913892812,0.1257479664051283
-0.678130825483267,0.13906682672218632
-0.6931215509041859,0.1261717822966736
-0.6860105619991277,0.14180138316471982
-0.6937459871855526,0.12161796751776185
-0.6717370633946362,0.16835734769023697
-0.699759593679513,0.1127813623924518
-0.6825009958335617,0.12369346636132224
-0.6804829871581615,0.12894110384299673
-0.6750100722144876,0.13026853727624013
-0.6931553641677306,0.1227265263346889
-0.6885191694348908,0.1323344367152489
-0.689104642216007,0.14011175784781885
-0.6700137034641038,0.15452972348816696
-0.6758145312036077,0.1569850577149788
-0.6790977313073461,0.14681593077302738
-0.6674816536565504,0.14092797402039034
-0.680402846750437,0.15384910338762825
-0.6843785582223216,0.13306009670069435
-0.6719491735074585,0.1462810030141368
-0.6642528066289356,0.1694666129904981
-0.658890050101331,0.16313458950164617
-0.682788021577535,0.135460021138083
-0.704904207892177,0.09863909503410043
-0.7054769268768419,0.10105043874725794
-0.674277977137961,0.14530377562282304
-0.691415128800805,0.1141431358229725
-0.6666474086918915,0.1524910245994873
-0.6716514377667249,0.14402849752201446
-0.6869128568550766,0.14408835364482148
-0.6908685150867595,0.14146831162183662
-0.6896085146191415,0.14886493377273888
-0.7200683884987642,0.08518417432082002
-0.6847495537327162,0.13852139965226196
-0.7153033970727424,0.07435407041598135
-0.7085774037134911,0.11727977428716277
-0.6984097054062562,0.12305595526405487
-0.6850358299401035,0.11559495171992168
-0.7024432829546758,0.09837002345363464
-0.7004445543585522,0.11163597165188303
-0.6826699968065132,0.13776538241734088
-0.6979214095811702,0.11050324704055019
-0.694505538541487,0.11223777523769957
-0.6824674375670634,0.13813875462611322
-0.6857262792226256,0.11940832498927986
-0.697731124816086,0.11920982635937931
-0.6869222944647453,0.13345165078787455
-0.7117963651064158,0.1156821876002562
-0.7044525046637241,0.10638985872230132
-0.667531073056427,0.14434739151467393
-0.6933921663609374,0.12803595439603352
-0.6704535866482872,0.15959930076385845
-0.6692286968311184,0.14885066736272304
-0.6865082895613449,0.15307330911528624
-0.6718615474935492,0.17005576014298013
-0.6701304083593409,0.15530225881882884
-0.6909981625781321,0.12953755244588944
-0.6828137858261059,0.13559730055435992
-0.6981507778110366,0.13159002459059171
-0.6749198966801027,0.1486697602318045
-0.7105512119915125,0.08899945414452656
-0.6763528987187291,0.16539227776397583
-0.6888246526031021,0.13784157643735084
-0.671569636065682,0.13410539955371953
-0.6763985250890107,0.13576431837190467
-0.6973620485959743,0.10581221135100612
-0.6981832040261243,0.10168809986074294
-0.6852713104432746,0.13516070038594172
-0.6801697249831892,0.13963620829695395
-0.6928749471750018,0.12800375060107405
-0.6707188187156947,0.13701184677953274
-0.6823509409829878,0.11625269328649862
-0.688323429889874,0.11750532287210759
-0.6847274266609951,0.12332224298339392
-0.6668470621214679,0.14513555774499107
-0.6942945784802163,0.13351713042542757
-0.6987905578129386,0.11809703513528212
-0.6822732932600795,0.1635855711875484
-0.6959688778660109,0.12912676914336937
-0.6798117531925739,0.1505491508499153
-0.6895070758704263,0.12392348459551679
-0.6867519715057063,0.13932689285227565
-0.7100146903188176,0.10266435183672552
-0.7095576814931587,0.10390754592608267
-0.6616889533592918,0.15910332227478616
-0.6955775423791721,0.10804813465417933
-0.6851816499068948,0.1362767842196456
-0.6726435765633098,0.14129337122670477
-0.6753975479751274,0.13011786953838544
-0.6949079919571667,0.11157235001751499
-0.6887060424261267,0.1217286811825364
-0.6906439396322563,0.12412992282538736
-0.6977238952624399,0.1134737374476256
-0.6880995096708993,0.13435501498003927
-0.6709040285467044,0.14406718418275385
-0.692143260665254,0.11742846344220749
-0.6762096947930761,0.12565850253798136
-0.6769251193220178,0.15449631896105004
-0.6794620546068584,0.13935977626618623
-0.7174164926745026,0.10641381680437009
-0.672382102866496,0.13953861147656887
-0.6808190846964556,0.12169451973353143
-0.6709606149199889,0.13965239337785001
-0.7097718223357631,0.10520075710728082
-0.6780620083042672,0.14118703825315823
-0.7023178020571688,0.11572708660527427
-0.6810440190616414,0.1482935798475336
-0.6925520064406663,0.14398686209645858
-0.6953252612981254,0.12421151894635989
-0.6729522974451584,0.14748678393021988
-0.7029873402182018,0.12901620206781877
-0.6985596209558251,0.10711195618524665
-0.691799816938366,0.13431113555487534
-0.6819979971701514,0.12231714738130309
-0.6812961718123037,0.14076838584163862
-0.678520266066702,0.15977901382378362
-0.6927993767407021,0.13030283987025118
-0.7048883685156687,0.12242108712483375
-0.6740153680800074,0.13789561945709883
-0.6839387416518389,0.1469104135581339
-0.6725679721455559,0.14171677903488838
-0.6948486575652386,0.1363823700645327
-0.6939029421769684,0.12401759307310099
-0.6822128294948376,0.1274066336563564
-0.7085804478497305,0.10847001829143622
-0.6812436087778981,0.16014158690699304
-0.6741885006360745,0.13478870928446293
-0.7203671556717076,0.07960450986216915
-0.6784753450078796,0.12220671231730935
-0.6875829642845301,0.1426583575092309
-0.6833323294846414,0.13164331070359492
-0.6834204325871218,0.14501084296458927
-0.6843246623298717,0.14572071148516702
-0.6914195258196637,0.1374054113399052
-0.6935208480841779,0.13893992713789885
-0.6974196087988571,0.1004302008690249
-0.702569584508791,0.13002750929924678
-0.6822323637726251,0.11563568699796448
-0.676462154499106,0.1545516054540686
-0.6824130515946061,0.15228432117179566
-0.6886877756939181,0.14483226492539106
-0.6971403895633792,0.1140223858383599
-0.6827429451268907,0.14169224563938035
-0.6977588038720871,0.13260292488557485
-0.6955920252648684,0.1162092052950461
-0.7006631452126606,0.11455074478387985
-0.6767815408306849,0.1645433369469621
-0.6869754593256794,0.11197559966805685
-0.6757858664873679,0.14217174022180143
-0.6977528058604159,0.11537655357209252
-0.6868181260672557,0.13807635475946714
-0.6939146868179891,0.13198185950132987
-0.6909385351751046,0.1304545064600411
-0.698593727265947,0.12151919921219115
-0.7049914795147605,0.1136354148102969
-0.6862260872579949,0.12693829098405873
-0.6641478107168574,0.16344998163177848
-0.6812148373023017,0.1495593319160937
-0.6812824115792337,0.12289255493362763
-0.682068114524846,0.12163003083455788
-0.68770587143049,0.11957717480467002
-0.6861124454463968,0.140154323509238
-0.6777012423250177,0.14304350443399771
-0.6926385403305667,0.12250683913541092
-0.6851677487337009,0.14556360255862222
-0.6750365190891734,0.14128892491271788
-0.6861209028798526,0.13958744675393286
-0.7011334959110767,0.12291265884704869
-0.6750560286751792,0.16920308377135085
-0.712256538124681,0.08968937499897711
-0.6775550658702311,0.1479857624589357
-0.6928283603719427,0.1233558477588749
-0.6791575786617682,0.14143950171269296
-0.6778586160706082,0.14825435956108396
-0.693054224333312,0.1186687889922885
-0.7081839977132329,0.10079238392426186
-0.6885527747536836,0.15027153756335704
-0.7017410670420698,0.0970529843496395
-0.6766925666755896,0.14027086526939148
-0.7013865487531362,0.13167921327605223
-0.6771981413605073,0.12996252096444372
-0.6737705104025563,0.1641289753573858
-0.6713810170411684,0.15914953415428165
-0.6758266190710394,0.14565014079586633
-0.6738737341579998,0.14207976596719188
-0.6724019309462196,0.16530855961615096
-0.6979604168869343,0.10358607834337974
-0.7029817073838758,0.12225812366284593
-0.6949947191546331,0.13446834051032158
-0.681733173115413,0.13137358278761904
-0.7036828563225122,0.12436423143836084
-0.6930154679476063,0.12171396477695988
-0.6847987865596961,0.14826574995669897
-0.6972792556673522,0.1280277104264811
-0.6997555159320529,0.13444230633834164
-0.6792764094682189,0.1395390457959035
-0.6858623129606987,0.1360625817530286
-0.6639961373679315,0.14826815330610496
-0.6800067254012943,0.1488744157535042
-0.6921698982283676,0.13337855235900212
-0.678890470471915,0.15684647005388644
-0.6734116883460439,0.13027314616277857
-0.6940126637480039,0.11551247447734181
-0.699969112342506,0.09974631047251717
-0.7100895749189726,0.10198783746617425
-0.6908479387252805,0.1452227102174919
-0.6897106628420948,0.15116227107799982
-0.6745380765130123,0.15409179489390307
-0.6812038008302844,0.15392275522049934
-0.6898667721772431,0.12282474311910806
-0.6781797096052457,0.14916067917984058
-0.6798916757712421,0.12326355910665403
-0.6659830968938932,0.15482930474642642
-0.6963077375963344,0.13512768358231128
-0.7041975428101755,0.10913717947557962
-0.6972876275656394,0.10951627960142683
-0.6710150718870063,0.1555902785055394
-0.685626344795256,0.130788574796991
-0.6631964463498302,0.17129641907218202
-0.7053522874338923,0.12247202433865423
-0.7079764111369597,0.11200518083783269
-0.6923837008975051,0.13924283460733608
-0.6635938103577476,0.1470792193420833
-0.6961659584097745,0.1264891955384244
-0.7033897745355333,0.12677634995032677
-0.6721858198575478,0.1485418793848847
-0.7002689691050631,0.1307444913218651
-0.6784746783752243,0.12816289302650422
-0.684118718675745,0.15248960294966749
-0.6905706974665928,0.11802671743785693
-0.6747067464556454,0.12569598016045627
-0.6862164891152771,0.1275897074374481
-0.695820151354154,0.11101043318977881
-0.7060930312405748,0.12189614278681733
-0.6722650914201872,0.15554840993889485
-0.6817580684478375,0.11354232035048098
-0.6971268788057663,0.12519996460211813
-0.6878462275739404,0.13187655681224852
-0.687769941336876,0.1532726690728856
-0.6747389460114184,0.16497716446120142
-0.6912736718225246,0.10989767797832686
-0.7165284586697456,0.09804844768218318
-0.6968451862374531,0.10314397984269054
-0.7030245560035866,0.12225628201772586
-0.6813579970425354,0.16240718588783762
-0.6801906198393812,0.15612459061596962
-0.6858136567424257,0.1331613026299468
-0.6866395257181139,0.15416770945669142
-0.6789273996377811,0.1302064983962117
-0.6892506423156385,0.14226247317221521
-0.6983913041990238,0.11971416312027269
-0.671190058634153,0.1553642906116126
-0.6870437293688466,0.13059274257556622
-0.6850425061559955,0.13119403706058702
-0.6872690089643876,0.15077582500080994
-0.707542225378157,0.11059393568171857
-0.7079118641442076,0.09680575133227687
-0.6794596268582458,0.14215931634289547
-0.6950198098294242,0.11637723190921968
-0.6924761681881646,0.13039128138944903
-0.6775231770598275,0.15585995038459474
-0.6733834393230685,0.12690050865613797
-0.6679610790710797,0.15086336519316904
-0.702857974200746,0.09552122452593931
-0.6920774603248914,0.12754556065056152
-0.7070963788254179,0.11317849133277716
-0.6988039619503724,0.13549013864191972
-0.6941006200128925,0.13434852136466474
-0.7015086027591875,0.13926941971666182
-0.6865882891164137,0.15347066114983968
-0.67194729221587,0.1485066974715004
-0.6731338132506242,0.15137773053635167
-0.6895037301191197,0.13180599183771202
-0.6850731536877227,0.14097523785154303
-0.6647002960459281,0.16334751283411839
-0.6898533727600513,0.1171708077342716
-0.6955920329636371,0.10873431024447737
-0.6830245291921875,0.13312877430669848
-0.6886342072715306,0.14721537294878617
-0.6927414391283834,0.13716992870360117
-0.6967994726537989,0.12903055016529746
-0.6953348725172536,0.1200809419014364
-0.6751266371353689,0.14685665723516222
-0.7036096874972143,0.12748645499657582
-0.6798239246081503,0.14524357492398748
-0.6614048728327396,0.1608253661569018
-0.6912733346862678,0.11237077736092485
-0.7019702827480327,0.12361859508051846
-0.6856845803839943,0.140585938974664
-0.688915426277106,0.11150086616139569
-0.6911215251655969,0.1267971563894462
-0.6874098183471278,0.12704356205690956
-0.687514729816967,0.14159502432996862
-0.6728338585546109,0.13387245792584693
-0.6764265361715582,0.1439058557221375
-0.6991180075901393,0.12363805456905105
-0.6897730639735972,0.10685927202322026
-0.6913352035491199,0.1293906051485696
-0.7015648711070849,0.13069159880537035
-0.6863418509689235,0.15113623248202573
-0.6890137651345639,0.15361801855710472
-0.6860140131599415,0.11856211932855132
-0.6990797164050407,0.097635750461082
-0.6929095033414976,0.11964840136769662
-0.6738540586475807,0.16143984520854388
-0.7042881395727328,0.09633097113877374
-0.7027499094897006,0.10787885350806196
-0.6750037949980457,0.1652427611037013
-0.6817604583257749,0.12152194324642036
-0.7115411708735492,0.11405406491837654
-0.6827602112911255,0.14369343901595244
-0.6847292498094029,0.14014800128170127
-0.6990826137128948,0.11648157940083921
-0.687345417896556,0.11582712050613857
-0.6780521583400366,0.14406670627854615
-0.6708002527789637,0.16085934873825752
-0.6799886459672327,0.12171350924760305
-0.6798268925957814,0.1407742425103553
-0.6879032204861697,0.12611640808496824
-0.6861221849028292,0.13738458713473936
-0.6786779350745669,0.1533153330743588
-0.6995731437820951,0.11719352949235473
-0.6867907315549797,0.14388863177620514
-0.6956150160864839,0.128730652079599
-0.6881710905252805,0.13290296380972857
-0.6818638408918601,0.14453629272905108
-0.6670854380155371,0.14930807442785948
-0.6790108115651255,0.15255969509038209
-0.6935655815278211,0.11086093510976448
-0.6867025454212429,0.11722876034665447
-0.6882209237756931,0.1266433422597942
-0.6878228463256103,0.1290374990501434
-0.6758700436669877,0.14366476107050702
-0.6980098762084179,0.12890359410237853
-0.6870067394511865,0.13723993015631422
-0.7036567770859024,0.10349926346590203
-0.6734064177241733,0.1417044857675058
-0.6882661628003881,0.13604775061199256
-0.6848846310142059,0.1446822901969568
-0.7069895424561142,0.10821218589747686
-0.6685228570160198,0.16152738209806058
-0.6790908307395863,0.15749838594709006
-0.6645004761914597,0.15176579502468612
-0.6759645807593183,0.1633992496768782
-0.6757297397365954,0.14910836542845268
-0.6802450021327398,0.13769093993289103
-0.6777237813696759,0.12187700263334111
-0.688993049004882,0.10957199051871226
-0.6879713685553412,0.13675287275721196
-0.7109287327626219,0.09945019002353837
-0.6876037738963698,0.11134168982706467
-0.6944843048764381,0.11985591218697887
-0.6785471130501538,0.1272441186891449
-0.6788318577775171,0.149138013254496
-0.6813443511384242,0.13723330167955633
-0.6706940976822552,0.15602329672188867
-0.6883557007807238,0.115218836322083
-0.6820363538341269,0.1551452838737507
-0.6770680158104584,0.1268619005205728
-0.695988392090482,0.11868138067421076
-0.6992888571811504,0.1192195235099506
-0.6657395296029812,0.15108089220243162
-0.7077625015950876,0.0910213693871417
-0.6984321827163256,0.10758950966329746
-0.677923250751256,0.12707073745339334
-0.7004160536970565,0.13191413152188955
-0.6808437754584543,0.14867196801821062
-0.7037905464500535,0.10832707853199401
-0.6650831715172719,0.149591317374292
-0.6747546721539992,0.12682076069557394
-0.6748240269894362,0.154583681793638
-0.7039364556789668,0.10344310898733544
-0.6845052436228048,0.14468971995475585
-0.6722931098637088,0.15015371144724549
-0.6924206781938439,0.13334909532582992
-0.6948713641796803,0.13783443854637778
-0.666488086603576,0.14128201479259028
-0.6684269083975791,0.1587565095076698
-0.6652462422490273,0.17055326945184962
-0.6834629583771177,0.1472729337589092
-0.6812219669252054,0.12059066525120538
-0.6812153620113667,0.12108121265077419
-0.6852949242893058,0.12162825007946228
-0.6877087485826087,0.1231322154425268
-0.6833320055229439,0.13830224399731741
-0.6773606141275718,0.15178943261684405
-0.6978810368038074,0.1103778850276047
-0.6761318205731965,0.13645326118805537
-0.701991728979031,0.11465335332812429
-0.696812885623608,0.1290410043929003
-0.6817477181716574,0.13630204148726868
-0.6789086608283867,0.15898857597889884
-0.6807671550521756,0.14830657061498048
-0.6933220201457857,0.10938228050470811
-0.7065444529464351,0.1048026052618844
-0.6743417154206884,0.15053469153217508
-0.6741895033880079,0.13988506461581876
-0.6858421611973228,0.1370161437720608
-0.6654496575170845,0.16197858160666814
-0.692620465270011,0.13751455819591743
-0.697767551168554,0.11388434430589552
-0.7056512350071109,0.1027560577855339
-0.7036211646960214,0.11671530378604819
-0.7001441538624339,0.1138704134395079
-0.6917782132548611,0.127508055241253
-0.7035787684865382,0.11823046057596903
-0.6804087061587067,0.1316708122389371
-0.6622964267650016,0.14910529156310404
-0.6783287891586465,0.13999819031111158
-0.698019161130764,0.1328270850744715
-0.6763622429555247,0.14778181001086088
-0.6787783276127481,0.1371816427957758
-0.675817092797631,0.15538587111236085
-0.7024674615459858,0.12824662912593382
-0.6846111741822128,0.13077082350874006
-0.6987634630794888,0.1311043408738278
-0.6809617052794738,0.1378574202464816
-0.6845833903813752,0.12917696865310319
-0.6894358039083148,0.12098267920839874
-0.6927513609237944,0.1339467295467785
-0.6827180481841577,0.1357927196122039
-0.7049081129495913,0.11345873998130244
-0.6717382781799888,0.15817322184402816
-0.6998495789281002,0.12061476923109907
-0.6925527972489655,0.12937543152280662
-0.7025317193794997,0.11297914979973564
-0.6897018675073192,0.12814046696435544
-0.6860735837938323,0.12985984236448245
-0.6866808315531883,0.150698375277177
-0.667787208883464,0.14394027067606277
-0.6946213398325264,0.12663023084397768
-0.6995332032128202,0.11027291051725371
-0.6842082153711431,0.11922978307295787
-0.6908451281506555,0.13171973521383543
-0.6768002604115544,0.14141125832984583
-0.6876125284159114,0.14193959491482602
-0.6996876833102494,0.10241732070081382
-0.6900717637875384,0.12582843392342366
-0.6647897125935656,0.15525014405274853
-0.6676823378901191,0.16897450382758142
-0.7051902652234433,0.10671926017873919
-0.7007917569976431,0.12315980382670584
-0.6939946368234345,0.1450809824723047
-0.6906644742740742,0.1315563173936891
-0.696046661292831,0.11209216016461565
-0.6710405510430525,0.14598259608173159
-0.67047311053408,0.13131572616507034
-0.6867554603096026,0.12503553454313462
-0.6997750008675986,0.10607441862125677
-0.6844762392861452,0.12991843589798796
-0.6790591346548024,0.14757146915104963
-0.6810055032166898,0.14373630394465353
-0.6812415811679785,0.1512770000980886
-0.6990308897535539,0.11675368845466252
-0.7068665453547837,0.11270418862118807
-0.6836124971807445,0.14896342494906173
-0.6686543330628354,0.15707144860717556
-0.6939910016561204,0.13095596344505178
-0.6827306610877829,0.12928206065687434
-0.7091025580805317,0.10588608064658865
-0.7027280672434425,0.10179068818815713
-0.6889750453451545,0.12384875726599218
-0.6833621138622465,0.1559309032100524
-0.6789506564836114,0.1532908196112181
-0.6964827093000747,0.11072857320037512
-0.6828656555617273,0.14954245500505342
-0.7086860608365911,0.11573314534656721
-0.7049036490336765,0.11491713361331371
-0.6931043911396703,0.13823643289324897
-0.6696276005132816,0.13438189983523602
-0.6907164810393743,0.12622877857080875
-0.6762973664977593,0.1637914294136582
-0.6988949365647137,0.10397158671910542
-0.6699694302807089,0.14526861971263297
-0.698024582661213,0.12747163953833834
-0.680712408101702,0.14348937073349308
-0.6787641103264453,0.14290361242806363
-0.7162783688797907,0.08545486861101836
-0.6956500013625802,0.12117876184213923
-0.6933927916483507,0.1219944556576726
-0.6905309895993091,0.11537966447504211
-0.6871979828122685,0.13968360862044765
-0.6719914712912721,0.14509120882922513
-0.6667606851583314,0.15198210992106828
-0.6854020669823084,0.1203075692082834
-0.6949886137122608,0.13306915698030597
-0.6839253614007482,0.14577601963928927
-0.6912215033842756,0.12410504811383369
-0.6799309448442133,0.13479747267312894
-0.6980227338118097,0.11973576679422127
-0.6654799433795354,0.1527758624462619
-0.6819428260242127,0.12790611594141904
-0.6728237158858973,0.15496963731489677
-0.6876893668154117,0.15531474865829936
-0.6672518086329788,0.1604992637814778
-0.6915614222359546,0.11795488338371622
-0.6840160650013848,0.14338591654902857
-0.6775454529818207,0.12993762905299788
-0.681035005833003,0.13051680700512236
-0.6794037791307084,0.12750350388859694
-0.6811882309717292,0.12989452178128744
-0.6713367099529158,0.14722217475620367
-0.6802292920427574,0.15181547749351249
-0.685175453606864,0.14680794109166215
-0.6718143009328008,0.15713243621180734
-0.6778101809731988,0.1493960545548531
-0.7074336038123894,0.11161434556058118
-0.6718694620857664,0.15137606811529833
-0.6828064641034038,0.1390209496190998
-0.6782435813716744,0.12401942434047172
-0.7070563727391923,0.11360990082674942
-0.6868233125339563,0.1494700890774848
-0.6864732381855921,0.12144896662166733
-0.6847973424084508,0.14059006519065403
-0.6871346599045464,0.14158553302155646
-0.6986067639117638,0.11208210472505091
-0.6906068529451559,0.12557869257245613
-0.6900606755063087,0.12983254804533495
-0.678212001055987,0.14565868005774774
-0.6947360388096401,0.12899976972432523
-0.6846817689041689,0.11935602015537004
-0.6974935890310134,0.12290321603394443
-0.6914455591193197,0.11946503231712972
-0.6805230217441122,0.13908924619257562
-0.690105483560881,0.11526389928616987
-0.6992807038772929,0.11884058966147037
-0.680646209583404,0.15027611816121625
-0.689193457117332,0.12278926308183015
-0.6864934720229409,0.13594183067145982
-0.6819660962089309,0.14032990340499707
-0.7033249679649513,0.11901210471084696
-0.6805212357696178,0.13808847955357817
-0.6902955641827655,0.11754891190599817
-0.7064849268314388,0.09112311628631795
-0.6779919672680909,0.1494306114058106
-0.6738987669742854,0.14672208150125307
-0.6853266152623412,0.14608001545062735
-0.6772362601435874,0.13429605686567656
-0.6774609330310827,0.14667053416474224
-0.683918071402993,0.121454695837318
-0.6774302345569074,0.14783080749763985
-0.7007184818232759,0.11803898575751684
-0.6818559533686114,0.14751287195420282
-0.7089404459319869,0.10490083896062981
-0.7056151527256123,0.11053126379238268
-0.6955999510771084,0.14279997462782532
-0.6754701475926881,0.13652542335132328
-0.7013085724976243,0.12120054677538457
-0.6799669924831091,0.1446870017375685
-0.7149156463359425,0.08730633030430336
-0.6869758268833144,0.14636746151332877
-0.6886648970212075,0.1383606314549283
-0.7024429517461446,0.10507899238457927
-0.6707277759904559,0.15660273761509924
-0.6912354358665505,0.11639677723215251
-0.7035333239375015,0.12241985298525965
-0.6848929304156296,0.1355319002438051
-0.6983158321646058,0.12676638030664567
-0.6787276641451043,0.1563403272377723
-0.6980632890918927,0.1196945966288846
-0.6888748172784572,0.12191529578331829
-0.6963100839544153,0.12172721918644566
-0.6771567924843831,0.14178445595503944
-0.6824779361607681,0.12246540029339874
-0.6960228494804552,0.12730909929468398
-0.6862263629046862,0.12715788185573254
-0.6978551055971272,0.10441949826217316
-0.6846956849054746,0.14553777341754198
-0.6718734312951666,0.13536637150383185
-0.6747434589050879,0.15186866761713505
-0.7026198690924097,0.10726231141730097
-0.6794628383112817,0.14094881772060722
-0.6832601486934796,0.12770402283782153
-0.6877107416439081,0.141686995903391
-0.6750999509314041,0.15285057123014226
-0.6719848773098032,0.14752705072607897
-0.6855604662939558,0.13706628245976812
-0.6879526936771291,0.1289777170826964
-0.6643978817466748,0.14472726506810407
-0.6913250357764779,0.13375645583328932
-0.6764510618480727,0.1300450811369205
-0.6898863783920375,0.11195864590167254
-0.6931253582001453,0.14708949934259818
-0.6767987498950424,0.12741921421164307
-0.6897442086982136,0.14932510435280197
-0.6937421989067213,0.12030805473400172
-0.6760792134225448,0.13024426574936324
-0.6785671242823276,0.1402991288967785
-0.6749394837469587,0.1537449708197135
-0.6805155001041886,0.15950861591697368
-0.6707719199697479,0.14685755349021812
-0.6771747381674769,0.1224914659038099
-0.6787072539709017,0.13652921172988958
-0.6861900814166564,0.13846233092694793
-0.699304740004393,0.12489902195972241
-0.68045547833959,0.1389291034120769
-0.6835341242078738,0.13564266372289407
-0.6940306917781139,0.11052768595860861
-0.7067403021348568,0.11925340099035558
-0.6918039311572284,0.1498394436655031
-0.6747899148479422,0.14604116473313503
-0.6927043475208173,0.12631528368528527
-0.6673713694513311,0.1460377663558135
-0.7098070819774024,0.10246616776640861
-0.6939646759227681,0.11090874166361973
-0.7019654672288927,0.11454184558708302
-0.6785815748907481,0.15972662723342046
-0.7099179304853934,0.09499961523568824
-0.7009206966285211,0.1334149033330903
-0.6972857192241698,0.12578007449541212
-0.6776126394213673,0.14956283269139964
-0.6968410120056623,0.11503869094883817
-0.6873941024743166,0.12479426665218708
-0.6777729230157351,0.13693843083660956
-0.6925260393796531,0.13737076730824688
-0.6764579049172699,0.14641116373950933
-0.6980618532388057,0.13082556687021427
-0.6957921383218995,0.11841503271056461
-0.6818213475959437,0.15133137686551118
-0.6716649911742371,0.14889739548740352
-0.7014784510396266,0.10903459844308444
-0.6947204169144648,0.12693913801114595
-0.692632115613533,0.13823287934769063
-0.6759749553868881,0.14935289481492742
-0.696531503585776,0.11811446579144165
-0.678842789876946,0.1500454514140511
-0.6875441069255235,0.12957819828474285
-0.6780684574242218,0.14453601382496042
-0.7014427228066097,0.10650076536500848
-0.6849357885457837,0.12433507237622518
-0.683913942632107,0.13036358671512882
-0.6869786456349755,0.11383796842350748
-0.6910124649302849,0.11743321267512784
-0.6659588681777424,0.16373647818963277
-0.6667663809269179,0.15235098088585175
-0.696580194508932,0.12219114837339495
-0.6912577017477624,0.12079947704015843
-0.6731713607570188,0.15273671456899215
-0.6818441344060673,0.1389977390938714
-0.7032637412914859,0.12430295289374117
-0.6779238836712107,0.1294966360106498
-0.6775530782314917,0.13345011548772345
-0.7037528446027972,0.12756543321858596
-0.7050210303935757,0.10808854762876142
-0.7059499486727189,0.09573781826134153
-0.7049008979089996,0.10954844952991849
-0.6768804306286802,0.15524593687556956
-0.6785957939188166,0.1469764178731738
-0.6663443303745863,0.15548100166837195
-0.6744243835358211,0.14683508689224867
-0.68185059122047,0.14685724837704467
-0.6885531667367796,0.1281411318633795
-0.7035195458444622,0.12213567069033825
-0.6883282716386256,0.14440299441141052
-0.6954284330740131,0.11392181028303004
-0.6934031513068053,0.11917328909157862
-0.6946257397698057,0.11459134240864441
-0.6751776432833939,0.15665977228532324
-0.6791440862721722,0.14371538730577857
-0.688065882398396,0.14563596955463035
-0.6896561933399981,0.12705881766054303
-0.6963562777160135,0.11330562869908753
-0.6724669788881547,0.15284752460352538
-0.6685817765146376,0.15583010671941114
-0.6837561078639561,0.1317310608528122
-0.681181743136866,0.12933900924783703
-0.7089099648819048,0.12171795662777357
-0.6925006234655986,0.12813131520925555
-0.7151224205436127,0.09315144249763649
-0.6751896312139468,0.14865972823068932
-0.6772866198720429,0.1475676038248093
-0.6918965946323363,0.12676618194606082
-0.6933724333011705,0.10879574497301303
-0.7025380667052946,0.1090210844449615
-0.6713889365058646,0.15394409501002915
-0.684291070873315,0.12388916206715611
-0.6826841371632417,0.13612236292023247
-0.6881543973152087,0.1370691264149465
-0.6934879991166497,0.1233203469456854
-0.7061409760671035,0.11558893794678952
-0.7032822906571304,0.11163677457094327
-0.6799266767925016,0.14436060170425802
-0.6903540315206426,0.1277856142433751
-0.6862693801169317,0.1389510187468746
-0.7066456422008623,0.09871302811340613
-0.6898942417061108,0.12675132024547522
-0.6769047720626534,0.13619319910624625
-0.6669744413410374,0.1534713284314931
-0.6937798094160099,0.13487770334808435
-0.707966896921493,0.11717494792729995
-0.6932669902445736,0.1463067269623385
-0.6884624444842836,0.13309556374755072
-0.690080905832666,0.1221687304216987
-0.6941913506772269,0.14103893721928001
-0.6957476482635381,0.1301764213040209
-0.6878885278670015,0.11753102518303965
-0.6713070663585242,0.14385506621397792
-0.6956477950094804,0.11231427180481604
-0.6649706521867105,0.16252914318548492
-0.6880259478691795,0.13320821840809324
-0.6851979580840382,0.13421059326558116
-0.6835960484897609,0.1502658873590606
-0.6928199785503436,0.13006735759370708
-0.6999711888727468,0.11602019393786853
-0.6757733898155159,0.159903055689599
-0.7038231831231847,0.11492177952545933
-0.7088182345277371,0.11250702398071412
-0.6900773562890975,0.12312045357072858
-0.6779731552736792,0.14069078980740413
-0.678617693333952,0.13772036571227508
-0.6916774261630202,0.12556594426199533
-0.6767561705556197,0.1428602649839173
-0.6841138823973877,0.13609955464794765
-0.7069002355825007,0.12092861432682263
-0.6718171762117877,0.16397841831550955
-0.6757017860916292,0.1535509739983977
-0.6903744934096145,0.11754109784144198
-0.6742951258090308,0.1470546896168369
-0.6707069243367729,0.15647170303162916
-0.6890920715922488,0.1124259568284962
-0.6886605083552421,0.14030746757764417
-0.6898900989696872,0.13696158004985612
-0.7091259019526817,0.09503399696690196
-0.691539638951995,0.1346541156061146
-0.6902738379228638,0.13304216661902435
-0.6998959470801165,0.11379783524137457
-0.6866879984954841,0.1354356731495851
-0.7103196100925298,0.09363893666507371
-0.6897540921834276,0.11174766665665854
-0.693673334689106,0.12023283334784514
-0.704904278672222,0.11038924408304233
-0.6972392548850839,0.10506920702146065
-0.6752195744744339,0.1518385016328176
-0.6778150742165666,0.16210870749271059
-0.6808906933231669,0.1272546605800261
-0.6838918686416603,0.126472716390778
-0.6782622529952326,0.1384671000856779
-0.6902476281858788,0.13848294260972704
-0.6883605983711043,0.147749869428336
-0.6818719011261266,0.14984668249310668
-0.6715531233842439,0.1567757195750201
-0.6754874009732877,0.153425677573334
-0.6976936552773407,0.11796949347058713
-0.6811562448607328,0.15791421993131963
-0.6765469412518291,0.15744170787062706
-0.7006197356492154,0.10445007337688617
-0.7114019892908423,0.09925230951552098
-0.6807951608313481,0.14821118537278227
-0.6790163830625907,0.15709665554121208
-0.6985006328121245,0.11027477280716944
-0.6974770087712714,0.1185487588930447
-0.6912058482108797,0.13824402258531499
-0.6711353136066093,0.14274406892935174
-0.687392902943156,0.14401085588775145
-0.6933010117173923,0.12437893347326151
-0.6872458067619711,0.11974196428197158
-0.6822130471514588,0.14577806261499157
-0.6873828455771858,0.13390990299760108
-0.6954539418636899,0.12631224830924573
-0.6860606108571615,0.13519054827180144
-0.6885779621341137,0.13535940257462498
-0.6870341446841483,0.14225742403157532
-0.6923418774268636,0.12887166479201564
-0.6839191210026893,0.1371021712515596
-0.6878838734988457,0.1400429613584016
-0.6833608237260697,0.1544864281699495
-0.6757650718481044,0.1265638004283448
-0.6909275553823742,0.1179115645009263
-0.6702410033918029,0.14891108681804002
-0.6825059989912523,0.14009282770554088
-0.6738273346017046,0.15098752942645857
-0.6984017083077969,0.12753726585320566
-0.6974747587256503,0.12512085310934454
-0.6725518897927237,0.1493756188313477
-0.6819388670462017,0.14016692492524224
-0.6852232665778336,0.12432883688386473
-0.6836264206227382,0.139155448852175
-0.6764851557315936,0.15579817222484368
-0.687812129247466,0.1274162948257891
-0.7024509968572944,0.11458827020191291
-0.6895788559008705,0.12758202103282631
-0.6745793336142863,0.1477099649650002
-0.6897749763267983,0.14507122307170317
-0.6928366882685726,0.1202515998640157
-0.6778625444054157,0.14010821575471868
-0.676556591774435,0.13721407238834052
-0.6689544776179593,0.14971632784572128
-0.6798117550485197,0.14797177762209257
-0.6907906333622784,0.12344193473983509
-0.6851887868255593,0.12272522395697566
-0.6882095883252766,0.1170411928159335
-0.6889153499640606,0.12697783872528862
-0.6993288181327089,0.13582222657957424
-0.699898177879728,0.12617723389472044
-0.6746791171906718,0.1537314472206271
-0.6815653034577202,0.14133111683136493
-0.6888578052753559,0.13778206493030407
-0.6889690594406674,0.13080490102506995
-0.6780731081587961,0.15446578745732303
-0.6638051961567711,0.15199804264502328
-0.694862779093446,0.13923317358141846
-0.6752040721404684,0.15243702441618345
-0.6900702209583792,0.13422929345135784
-0.6722863910939003,0.15198200339804877
-0.6795756117068945,0.12776866202301895
-0.6838818433836997,0.1252597163229897
-0.6840938785832323,0.14104697228593271
-0.6728065273346405,0.15914865147449248
-0.6822168497402556,0.13064095040732737
-0.6916420940965899,0.141933171948652
-0.6688983382139281,0.1519912285987471
-0.6668456831032556,0.1532143674379524
-0.6733890459644476,0.1408282000479601
-0.6929516022661746,0.12217245527266672
-0.6889570426966999,0.11959878467828891
-0.7000093772975828,0.11382419310407615
-0.6846535353662323,0.1451074599614847
-0.6892449169095234,0.11873839037795506
-0.6896426624950867,0.1402958912132134
-0.7126399560817356,0.10897811142309778
-0.7027855071152083,0.11765591847265422
-0.7010009550929148,0.12807480042093247
-0.6689595828249365,0.1479680390991503
-0.7004373023276337,0.10694907919840109
-0.6826576841246906,0.13296826416784827
-0.6857643867172217,0.15053551160206657
-0.6852004123351999,0.13810811303046913
-0.6917598816099046,0.13952355429487215
-0.6950590691567605,0.13753928466818477
-0.6849347535968873,0.13670097162612507
-0.6837033044053045,0.131317447795696
-0.6799034257649463,0.14009740016287867
-0.7058126687072679,0.11201400452220914
-0.6768048997327402,0.1543543856546733
-0.6752949668600744,0.14392046422786076
-0.6829460468075427,0.13646865632068253
-0.6788070211589299,0.14642724979993135
-0.6869810575908575,0.1370479956775804
-0.6692914646270609,0.15086323191162188
-0.6794444331379665,0.14836841266936124
-0.6820347397814922,0.14723245238117025
-0.6790744501158976,0.14247724097567613
-0.6789944901399373,0.13032378215702273
-0.6988465451999925,0.12496463277025782
-0.6854305818959199,0.13522113211779588
-0.6793769634147823,0.15585402620769367
-0.6898911824878814,0.11926888105948145
-0.682159412627922,0.12176991299834439
-0.6868774369793051,0.14579125090558118
-0.7021107923398164,0.1111351707562545
-0.6849967838416138,0.1288623885554958
-0.6854777511601483,0.1361036454076627
-0.6674863698079148,0.14815999094833515
-0.6880407017369665,0.12623375511270607
-0.6869466739595216,0.13008242245203813
-0.6913549510128558,0.12382430464212031
-0.6720124268833071,0.15350430297368942
-0.6770308723114009,0.15557874212865547
-0.669103521379757,0.14771792938026618
-0.6882448137720321,0.13371845479133554
-0.6816210284676965,0.15753999182335554
-0.681215576562491,0.124344362535029
-0.7050903929310629,0.121186558350164
-0.6825732093505459,0.1391345962694326
-0.6770927026876411,0.13565383205917433
-0.687612056953201,0.14238870981106808
-0.6858499827790476,0.12958023124570386
-0.6838538923918795,0.1195848357495661
-0.6912054780441271,0.13577151270878762
-0.6793595074219687,0.14898707533796482
-0.6946491518571525,0.12444138634367503
-0.6798583147467709,0.14540731266261575
-0.6776573816028246,0.15109566525226506
-0.6780526464437427,0.13607714734049478
-0.6979645632669532,0.13209022078884894
-0.688539288813366,0.13517292333779898
-0.6938663375342629,0.12227057966026812
-0.700217909497787,0.10660871170152418
-0.7098939232278276,0.10027028385323382
-0.6973385920574778,0.1316454610618644
-0.6963464251387238,0.12943656390760105
-0.691507163911759,0.12991527404705777
-0.7013946215661044,0.10940851297206325
-0.6823960588917067,0.14374565241550585
-0.685967896096177,0.12952533435208718
-0.6838119764558122,0.13250024548374673
-0.6835919834297868,0.1401488919369637
-0.6820769516336037,0.1409455205274463
-0.6833374535436146,0.14200555691779015
-0.6861766737221155,0.12740361558667415
-0.6786431240944477,0.1508568067421807
-0.6768772909038512,0.14567745361193812
-0.6944689345341001,0.11756542332195494
-0.6853753215623564,0.13868533929730595
-0.6962207349836558,0.13295195597352708
-0.6853835687596493,0.13638415358521655
-0.6736903426202142,0.14521201349985977
-0.6845849720160928,0.13794173770457324
-0.6734338281225084,0.1555078530938615
-0.670698626481651,0.16228676856005342
-0.6955793358232988,0.12982208816587856
-0.6852235634582757,0.12788211077113154
-0.6953522684749399,0.12006450415465114
-0.6719918148353212,0.15695704555837536
-0.6885018016076987,0.1273037387244106
-0.6810491620468108,0.14487896847818982
-0.6745785715027836,0.1547849667894711
-0.688368400155435,0.12404602843137517
-0.6822730456833807,0.14819261306900333
-0.687195296172294,0.12426854916745911
-0.6964392305309441,0.12493428755022655
-0.6858493262109423,0.13429011933117546
-0.688005136485648,0.13306385894160422
-0.6813154241252227,0.15444152903026498
-0.7081330948307542,0.10569366286273885
-0.6852984967557465,0.1356504351370889
-0.6724280177649,0.15206635473497734
-0.6896829985418177,0.127371001186759
-0.6809393226041539,0.1287630707808747
-0.6691995830504583,0.150441104259055
-0.6847204974658232,0.12265351103597533
-0.687165721168773,0.1520965271260902
-0.6891355974883274,0.13417654773119572
-0.6780325331782895,0.14344792162162864
-0.6787181108053908,0.15615337948974764
-0.6889692605714174,0.1266943207403014
-0.6799648682147399,0.13103049315951615
-0.6866646444770365,0.1255736459685581
-0.6915252675750383,0.13193816603457378
-0.679501326662012,0.14915495015375144
-0.7008596933775497,0.10351209416317327
-0.6831328656076187,0.12814751687718373
-0.6928973973242062,0.1274680008742549
-0.6834949725229281,0.14270579553272708
-0.7014282738814305,0.10684340580679383
-0.6783332743163236,0.14348727069230965
-0.7019952149055868,0.10713556134990036
-0.6725411315802382,0.1548342598046435
-0.6939346858888679,0.12262525844405711
-0.6797059128110932,0.14552243816133104
-0.6699776765298715,0.1451645007657675
-0.6862037056434461,0.12411960497338995
-0.6991578551314157,0.12369192590368544
-0.6776068526686432,0.1402800745961995
-0.683276527074242,0.13300526275266952
-0.6924502801021837,0.11916318353523435
-0.6797500417215747,0.1580713255366868
-0.6815857767473152,0.15336923258570193
-0.7133409139794495,0.09711365551104843
-0.6849822996264657,0.13275041086105926
-0.6827535590548552,0.14296582946591258
-0.689797228379071,0.13297940889594265
-0.6814028903466547,0.140499479402925
-0.7015098005584801,0.11909590397965232
-0.6920534471586002,0.12498275885817552
-0.6918412805135783,0.11314793079000204
-0.6846912947650878,0.12835464754016984
-0.6882513296360173,0.12387781530851359
-0.7000007539064119,0.11691430870467538
-0.6774559980799892,0.1370541388064895
-0.6882829186833996,0.1400964741102814
-0.6964488028302042,0.1201965736736406
-0.6842211002517942,0.1457220356319604
-0.6946797086406272,0.12385220118691734
-0.677135663387308,0.14537664819197677
-0.6788467717340898,0.13790933357458743
-0.682346590834688,0.15266054118619293
-0.6926434750692151,0.1355947596240665
-0.6714065050436607,0.14486640080912952
-0.6847649295083301,0.12235664100885132
-0.6890418516459106,0.13387164167360097
-0.6675642981259963,0.15385518745436355
-0.6930766616713512,0.12127318744618298
-0.6852786581813003,0.13267332267336357
-0.6861341535584501,0.14856649674009564
-0.6868387633425874,0.14512162415070415
-0.6873430464088992,0.13802034785815176
-0.6781169448771092,0.12820938350710226
-0.7033187776256588,0.11754089706062282
-0.6885419944326301,0.11903363940193361
-0.6880497549112823,0.12150566237981532
-0.6784645454156052,0.15156731905957738
-0.6794410565702337,0.1348755110831545
-0.6871482573423721,0.1239239906345053
-0.6733012316948904,0.15749569583139258
-0.6778087745578572,0.14298203727920103
-0.6723158971447153,0.1429251580434858
-0.6966162659602918,0.1244709993686317
-0.6858365511969693,0.13221650191797718
-0.68388586819331,0.14938091729860178
-0.6806739322689815,0.12565881427746123
-0.6916183030898468,0.12098866919550352
-0.6721689016047427,0.1350015079085785
-0.6777781338243513,0.14901635047496353
-0.6765486475659201,0.13246432741358985
-0.6799081948684219,0.14638656058892724
-0.693286514087228,0.13118548994936544
-0.7054056626797752,0.11667755955344102
-0.7018510860182655,0.11941063475812488
-0.6877921349475481,0.12573025792835812
-0.6788108710409574,0.13348353713290928
-0.6750013943598073,0.13601928258962956
-0.6876226487455249,0.13191303496024126
-0.6858899082502411,0.1348371250665287
-0.6850480025624504,0.12918147946037314
-0.6786472395964941,0.15383412450130768
-0.6968583949686098,0.12268056588885635
-0.6766110428733261,0.15413146230411962
-0.6712491978693181,0.154374490098755
-0.6860906462571228,0.1430931201224797
-0.6905576323745837,0.1284856165119018
-0.6886449280617648,0.12787456522101262
-0.6890247531934048,0.13394474937624304
-0.6771245444642959,0.1512763184255462
-0.6847239832781113,0.14430981293799738
-0.6819738523602663,0.14596350403826752
-0.691678633441806,0.1311745813508133
-0.6753408187571348,0.14342315225124838
-0.6862022674631016,0.1228489347872544
-0.6981981864670163,0.11328906518623168
-0.6933704989716868,0.11772610406162717
-0.694496656772328,0.13203508636166927
-0.6833007351539018,0.14105440305001707
-0.6803283880178933,0.13989902879868066
-0.6897569116222041,0.1435626389385553
-0.6879959736214732,0.13767575673867147
-0.6755271559099993,0.15992174221707123
-0.6999913373707787,0.12286552082467993
-0.6791641132040066,0.15169194027127483
-0.6906755179788177,0.1279743786864091
-0.6845975708303199,0.139646903198146
-0.6876154653664501,0.12732487466848091
-0.6774574968200642,0.15100541832700823
-0.6903514504136666,0.12735904359373867
-0.6908709526433965,0.14368799034644264
-0.6724486478855833,0.14530445887859594
-0.6928739028925225,0.14158528121017355
-0.696763035952745,0.12406181764138631
-0.6734744258433212,0.1502572249525487
-0.7000513848551843,0.1037363593658902
-0.6904084580635215,0.1379170449669256
-0.6807028658487226,0.14526838497813785
-0.696059751944328,0.11055405971155077
-0.6979001228008718,0.10698005117656796
-0.6812693205278241,0.14844197197160952
-0.7109286399083163,0.10273892009600982
-0.6858083745264638,0.1269201600617908
-0.6840730088148133,0.1281329177392325
-0.7003060441113723,0.11586931741445637
-0.691315465661989,0.1295430164414641
-0.6793098941094324,0.1318250854066502
-0.6831972073209042,0.15041154079363292
-0.679648585635232,0.15109503839195063
-0.6906894916218702,0.12539574890088656
-0.6900901191174938,0.12542363235297804
-0.683161456297782,0.14856696000361366
-0.6900296339505338,0.13282836904814105
-0.7005377353258426,0.11004665062467431
-0.6901405459312853,0.13567154222820202
-0.6881881589338351,0.1320953444408072
-0.7002935573645384,0.1097527316308807
-0.674391295681694,0.13640743242108186
-0.6809440417283207,0.15043959647192662
-0.7010918775085041,0.1149775901819581
-0.6949487915491899,0.12947411239205286
-0.6759091260384421,0.15008034073171572
-0.6948409407116736,0.12652720124419323
-0.6910898088373331,0.12861660521523546
-0.6956476198101482,0.13521535103587468
-0.6891147706857808,0.12519244706072236
-0.6796442579904736,0.1330226535804654
-0.6820960126997215,0.14173719654173644
-0.6888986790791537,0.13453672761496285
-0.6678098154393821,0.15006296244837986
-0.6689030994660613,0.14393285261078076
-0.6763598622605601,0.15196132604320045
-0.6879398292475664,0.1349825388376713
-0.6869798174270841,0.1379405063563607
-0.6823431463440789,0.1258516165263911
-0.6840754608468823,0.13667275606571352
-0.6834746695768861,0.14169981500874199
-0.6765582018619256,0.13950516428590698
-0.677268270622552,0.13363462986514774
-0.6734304502495712,0.14646737027486198
-0.6711372732844798,0.15061451148214489
-0.683500514619377,0.12554745762751254
-0.685804899119612,0.12878239479708606
-0.6991481822094245,0.12139405350895481
-0.6856501383613405,0.14330008021313845
-0.6852897817489187,0.13798552152270036
-0.6781057027511731,0.15255481111000524
-0.6826149194308677,0.13949570296560135
-0.6879352933025449,0.11654396989561942
-0.6798728670155475,0.12721860193184334
-0.6843815126425057,0.13950769588426426
-0.7056772484502825,0.11778388850123138
-0.6850925778699153,0.14496693384184814
-0.6803027299048845,0.13518311187888127
-0.681804429826222,0.14198691253126552
-0.6856087823094255,0.13622237585543656
-0.6823941066464405,0.1272386347879743
-0.6858738883543363,0.13711045251429835
-0.6738928354626783,0.13700870622784328
-0.683900030268458,0.14096725684376457
-0.6822565331064374,0.12236002397104243
-0.6817531237365371,0.15439043993617957
-0.6838156012312486,0.13127063014493026
-0.6858916152016925,0.1388247210848163
-0.6950007843639162,0.13452006134373246
-0.6849452699965489,0.12939915462010312
-0.6995375820551082,0.12316763308910644
-0.6884487009604809,0.12273570821450887
-0.6711354902055174,0.14568076687258436
-0.6831882159143113,0.12865754770461452
-0.6931098232050487,0.13549706375658194
-0.6787156325194748,0.1364362143577852
-0.6893789297886049,0.12933886440428702
-0.6820162928253186,0.14692567021298578
-0.6907940491151158,0.13855929367860728
-0.686418987675212,0.15143096817069204
-0.6799621966233482,0.15098951646041717
-0.6712093916900465,0.14985191690431493
-0.6833066312173631,0.14050363377287112
-0.6767436447692652,0.1483995929122833
-0.6760473789148181,0.15630852929326072
-0.6682963031923181,0.15605349125019055
-0.6820118623482869,0.12361112069665767
-0.6949083008561373,0.13836729699098207
-0.6990176048972006,0.12988022317700368
-0.6719006686207637,0.15691823730366666
-0.6892587290378521,0.1291190349507932
-0.6741211184103487,0.13355632172590637
-0.6908153849723476,0.1166022111963689
-0.697964750675117,0.11290200667523898
-0.7003597364677677,0.12658299427513034
-0.7032204251925523,0.11022971781068613
-0.6785129774703798,0.13471683970705803
-0.6888572473696835,0.13806974102720135
-0.697847427206144,0.11296712211949494
-0.6739427986404025,0.14724455961546698
-0.6719568507179646,0.1458802842417081
-0.6864269701939444,0.14087521653231316
-0.6755804192778486,0.1406489137552878
-0.6921789007826824,0.12820009581099576
-0.6886852054666677,0.13954767972286056
-0.6769512860391782,0.1416904128715222
-0.6776185279042495,0.13839587533602316
-0.6767118520491322,0.15423258532659098
-0.7012400492727691,0.11440275879819443
-0.6953717591323818,0.1172663886502163
-0.6853946832570326,0.14200707735518409
-0.6926753831175276,0.1223291533082006
-0.6895632081124324,0.1286644257997493
-0.6827522355037374,0.13305049731214857
-0.6722419563245101,0.14830037040240202
-0.6761676298246148,0.12912914005042467
-0.6963506276624488,0.11986028517126285
-0.6793505119301971,0.13540811771521585
-0.7025251139709697,0.10857002678606521
-0.6901380807635079,0.13032456860885958
-0.6812310704345443,0.12393948769024585
-0.6927203834291683,0.13913579343717095
-0.6911020771306129,0.13838085684142418
-0.6858989361496002,0.14804739526563332
-0.694557029541241,0.1197424325757357
-0.6816803871985445,0.13148573635414573
-0.6902441579642391,0.1250312875387971
-0.6845556328970461,0.1486824340841467
-0.6852626985048859,0.14208405150177125
-0.6901041590756293,0.1434221682858172
-0.6805422744734406,0.141489482147544
-0.6736334515222026,0.14634602159066468
-0.6746103505083868,0.1445469100647441
-0.6760986364490927,0.1348585314748857
-0.6945909625866588,0.12693123994941355
-0.6721607031890563,0.13836058238812254
-0.6740144932645233,0.14804471552853055
-0.682775520231709,0.14518313067567168
-0.6847939282338823,0.14508746013770685
-0.6739915704174875,0.15998653883754305
-0.6810446193451436,0.13111428951958048
-0.6890555952245049,0.13506646781592485
-0.6874796577644937,0.13784604862727265
-0.6898877115430273,0.12051248023746881
-0.6790535122726742,0.13460476089582823
-0.6674246958597472,0.15315681227653788
-0.6869992202898463,0.14438419952056833
-0.6883664358790827,0.1365800345396637
-0.6882444378894252,0.1444342397695221
-0.7002134891770563,0.12820628607325935
-0.6810679506934785,0.1379123188044362
-0.6752551896904802,0.1533337479300827
-0.7022955906163875,0.11239548029434189
-0.6921142421494373,0.13225734451257062
-0.6786785733996801,0.15002548962962944
-0.6866725038694114,0.13004194644029501
-0.6812193395835284,0.14634046025428357
-0.6867046458449351,0.14903589451814162
-0.674784592521864,0.1453422953687131
-0.6993232209686355,0.12151373441311256
-0.6800071548312571,0.14868989361396753
-0.6838690907072845,0.1484376714966695
-0.6747916909002221,0.1535568486685604
-0.6825707085391413,0.14732067925850897
-0.6832293013707261,0.13884574648468645
-0.690404917988067,0.1335926025649802
-0.6750773628278852,0.14573480847787657
-0.697785822759379,0.11182576614250049
-0.6835301863310828,0.13140953020753957
-0.6759047569466514,0.1418227000844099
-0.6847549889125666,0.14875367273550466
-0.6831112355064787,0.13293722438123898
-0.6901325647856429,0.1316088476392339
-0.6873715499294932,0.12570696280593804
-0.6954897837346176,0.13012161170067488
-0.6737790279568641,0.13656230614066975
-0.6790367285380544,0.14840804615868256
-0.6818199132041363,0.14387731045584878
-0.6830054228493062,0.14372515234670713
-0.6851271101352225,0.12829372575600573
-0.6990491167742406,0.11884659759712973
-0.6793061957011759,0.13832770397557922
-0.6857381701568043,0.137925768405533
-0.6760308028067604,0.15629679640161995
-0.6888912254448166,0.12981389796647394
-0.7055881020450547,0.10807278901784413
-0.686168288929441,0.1453026291440122
-0.6786089691153068,0.14904636304426083
-0.6946985922853823,0.11786773237491127
-0.6861183148578479,0.14903585799524074
-0.6903415315647267,0.12319333845759603
-0.6918644964979314,0.12665189803769322
-0.6855314602893773,0.145910275231106
-0.6703845199866681,0.14126761002468044
-0.6847185433103132,0.12863213187818293
-0.6904794542498336,0.12935938049006396
-0.673436242168915,0.1470576680801873
-0.6712770463152513,0.1500996902314579
-0.6987432850782525,0.11412384483997785
-0.6779853277341203,0.15298944890246013
-0.6765939527077636,0.1427971138274678
-0.6836868110832247,0.14074077971091595
-0.6904047528029683,0.13276326741845568
-0.6857265404267211,0.13020270444605986
-0.6827790315518233,0.12220978971699072
-0.6676632780916995,0.15397101141996664
-0.6742950924809792,0.15379940372787693
-0.6892598987757053,0.13258493874088254
-0.6768711264793392,0.13744140910699426
-0.6976976463218695,0.11926152850576761
-0.6784544741345814,0.1368996515116058
-0.6892151038506764,0.13929041774973971
-0.6980790840683747,0.12889664291903524
-0.6856874323279848,0.13780836754472822
-0.6985248858252652,0.10789953494021048
-0.682049494722864,0.12402446884888188
-0.6905934849609083,0.1331220288591831
-0.6819606276436714,0.14191129720359275
-0.6753380816048229,0.1392891130397627
-0.6846505071372452,0.12895366625671803
-0.6862543562846246,0.13148575746701277
-0.6808578800506744,0.13858400559610262
-0.6751822388693989,0.15346802781763852
-0.6826146977767936,0.1388810193809757
-0.6874981530238257,0.12781198276882164
-0.6877340833230311,0.12988871986098746
-0.6739546189295429,0.1533136848331255
-0.6760666286862569,0.13737558583116674
-0.6763647400148592,0.13837155153098815
-0.6834830011969035,0.13930820120779835
-0.6867090768987268,0.133868022264506
-0.6930779831497139,0.12390110918121815
-0.6831153011025057,0.1217198246257922
-0.7034755662189344,0.10608366920841535
-0.6802421619388331,0.14136661221058205
-0.6851784737158882,0.12912204013164078
-0.6867503444210078,0.12882729421937894
-0.6877128999123252,0.13461380553697724
-0.6978929363156733,0.12210401624433692
-0.6687541541239526,0.1529112237733477
-0.6808163661956721,0.1401467041139108
-0.689134621239153,0.13234054916360233
-0.6914881603025551,0.11931497632659406
-0.6964879971607922,0.12227004726174909
-0.7060695229452069,0.10961130211588642
-0.6995535594841126,0.12062694275540625
-0.6824214856424253,0.1413835833116465
-0.6899638197273662,0.11955406357799948
-0.6785715709187281,0.13963322155944444
-0.7004893144047042,0.11933099678007086
-0.6918310905304295,0.13834933236975788
-0.6818343402676311,0.12354504206334162
-0.6724690452184493,0.14744451020440938
-0.6798882611708439,0.13234607821588817
-0.6923598214250922,0.13740794088748085
-0.6939400529018791,0.1278415945575243
-0.6899524439544766,0.14560994041556477
-0.6767510891792532,0.15882426212487566
-0.6829737272143838,0.1509296863499218
-0.6903195444229341,0.14421220031882426
-0.6903569089575298,0.12220723714939274
-0.6857119108363251,0.13647429770766886
-0.6776521034439306,0.14028411523288184
-0.6799515327153991,0.147131715037629
-0.6822812801079639,0.13546090256966292
-0.6934498910494352,0.12081864617357321
-0.6791556577719228,0.13815073454770627
-0.6749669596584784,0.14739458400536054
-0.6891040041265996,0.1303521268687125
-0.6771016016703557,0.13454776013674197
-0.6734141239007062,0.14668567531671087
-0.6756055522104585,0.14939684095519898
-0.6884402123997636,0.13421111265483893
-0.6898739535697689,0.1380891384148883
-0.6728025693648572,0.14456892843785513
-0.6781677436153429,0.13843262948669138
-0.6835332583494196,0.1266260790577095
-0.6988974932974665,0.12052246468902764
-0.6914937897654171,0.1287752361714398
-0.689330630440351,0.12322533035708541
-0.6806481781806379,0.12975078559381473
-0.6822704931553458,0.14626770674158404
-0.6796544642304411,0.14653332864613647
-0.6976338365449644,0.1179218110116642
-0.683296153666564,0.14509452822999086
-0.6830367085809625,0.14094217225507802
-0.6688202697122889,0.14677073893883066
-0.679802681861949,0.14132440160920678
-0.6847607886177598,0.12534534699173108
-0.6878272499638605,0.13312353192927576
-0.6861517678501678,0.12957803370341361
-0.7006777686941357,0.11575060607353288
-0.6931411195098272,0.13256606320720163
-0.6869753433994559,0.1428977834424878
-0.6711700005959602,0.14507718932469948
-0.6904752770953356,0.12422257292750273
-0.6756267444871672,0.143926752798446
-0.684967880815818,0.12911437144835616
-0.680558458537897,0.13751957375155438
-0.685135638024862,0.13934077131354708
-0.6823156163807912,0.14237973528300543
-0.6814681701849679,0.14355109300786473
-0.696288398400097,0.13080539737699307
-0.6821930346304316,0.1466530168889848
-0.6752090890751427,0.14690390630392064
-0.671846637330511,0.15469152963077926
-0.6714437082482473,0.15142515154873498
-0.6874657861868954,0.1350085866280585
-0.6795933414420751,0.14752709701063108
-0.6946583476825189,0.11871038797296955
-0.6901542032095657,0.13792952581561532
-0.6983242242773624,0.12704760074025997
-0.6886946187523962,0.1356688597191533
-0.6865818041366457,0.12452949881611866
-0.6906747809977476,0.13391348527884303
-0.6929295838445366,0.13153409283439546
-0.6912790714717375,0.12480552254559225
-0.6767123432788343,0.140560135725475
-0.6795452159155794,0.14249617609420417
-0.6765878028207444,0.14339241088184293
-0.6894451917323429,0.12928419608921732
-0.6853487855823551,0.1396006681562281
-0.6901829845547385,0.1369756904970935
-0.6719088532153672,0.15329191461539718
-0.679392750818628,0.13316416603465028
-0.6823245340773239,0.14144628357275912
-0.6836328821498479,0.14919704609229947
-0.6869322371682999,0.14231923063862148
-0.6869936447400525,0.13069205768708322
-0.679520491038873,0.14135426639457893
-0.6901376147566275,0.1377263323357613
-0.6819573529896913,0.1457826250471357
-0.6773693180818771,0.1517547643975907
-0.6749483553966311,0.15129218929954547
-0.6878053686433379,0.1342738312109255
-0.6786601775718789,0.14401656012887767
-0.6771628299657881,0.15684470468988523
-0.6857366149300392,0.1370685067804154
-0.678540192083198,0.13280980399137404
-0.6888500797526265,0.13412692654024969
-0.6853208420113197,0.1389334165996331
-0.6923971303058388,0.12247504633079562
-0.6748235985991462,0.14167152107562384
-0.6844195962344002,0.13211081549848475
-0.675019561076758,0.1465674357169556
-0.6965897982716577,0.11500491388609425
-0.6852150317244524,0.13366865160750985
-0.6760911722034587,0.14077310490477257
-0.6697674025577945,0.14925474275258802
-0.6961227004583206,0.12123091956781479
-0.6723300285227922,0.14422495944651115
-0.6686822877321169,0.1423471213468571
-0.6759605777590224,0.14325791813455352
-0.698149782149154,0.1224067935840716
-0.681976817882365,0.15038194663181856
-0.6854726866837175,0.12659977169719788
-0.6903944204189144,0.12178429846401677
-0.6818555565835096,0.1520443695366563
-0.6881314516148761,0.1413471702132083
-0.6892560224183996,0.12575182017555725
-0.680684274360685,0.14098551409150836
-0.6927212011398853,0.12840618449231084
-0.6775677020388491,0.14017668327895808
-0.6737597517823088,0.14930469861480286
-0.6772587446297201,0.14343970541927709
-0.6844569239131837,0.1465317568337334
-0.6989366818446944,0.11489635782513019
-0.694338673401728,0.12127304118078096
-0.6844566667793794,0.13223708239398932
-0.6826154552436972,0.13889844101984933
-0.6902611594205404,0.132450966260893
-0.6705058989913448,0.14440663445526716
-0.6681627286792189,0.15122533102667357
-0.688657124568126,0.1256146906894931
-0.6812311221877326,0.14889609022071945
-0.6945875902078132,0.1247368771657422
-0.6827839089577744,0.14230669637460244
-0.7019176888624473,0.10763481075567473
-0.6791677532738876,0.14281117301375854
-0.6840241600508346,0.14390849989002047
-0.6890949612212894,0.13993209541910018
-0.6932422256923478,0.12826077730681051
-0.6905177460849384,0.13132819979621357
-0.6981787801401503,0.12884778970971691
-0.6733572964791242,0.14550440946578638
-0.6836329700375913,0.13084820244440595
-0.6725471519859738,0.15590089130618065
-0.671089694637723,0.14119044247812726
-0.6759882058540191,0.15368160767522254
-0.6924269348440834,0.1337934872973415
-0.6768119437925136,0.1440987088793349
-0.6826074501289039,0.13124994642956211
-0.6887364191293674,0.13114601462921835
-0.6845925168325766,0.13058379066336412
-0.6812051253040983,0.1481113385698867
-0.6817891355599285,0.13051236859973336
-0.6835908412788732,0.1431142624703367
-0.6912827781795674,0.13687211845165925
-0.6897447435462045,0.1378746382631703
-0.6834040912642572,0.12498321241088076
-0.6938773952163461,0.12345933708576186
-0.681183290403144,0.12841169533455982
-0.6832694652139788,0.13570514672338757
-0.679590014569699,0.14693222076968904
-0.7013317954285946,0.11878422820584486
-0.6788271965885809,0.13562389502252173
-0.6761398913544333,0.15133378008141946
-0.690073393666776,0.13176834747925692
-0.6818121677008356,0.14563500883895256
-0.6795715977395586,0.15097873312735047
-0.6943950565176369,0.1291604657348133
-0.6686649216295905,0.1503506313427505
-0.6939702846475355,0.13462012874755028
-0.6877494702550719,0.13164060938023844
-0.6739152854237632,0.14812232267860528
-0.6920218386376014,0.13154434497605544
-0.697516513258965,0.1261200610623504
-0.6818451372486561,0.1385435205444205
-0.667887390515163,0.1487595447454853
-0.6857886090929259,0.145996281958078
-0.6779125803610779,0.14550101328444745
-0.6932678327361386,0.1265493363441521
-0.6851073083763503,0.1450908636275194
-0.6789816974117968,0.1411653593831068
-0.6786160576948076,0.1462089956912868
-0.6844963801043862,0.13116600563223824
-0.6913221424130724,0.14040107072523283
-0.6883259834218972,0.12267319568912172
-0.6745174399218935,0.15221522929583034
-0.6858274672879462,0.13962504123215427
-0.6757521143162696,0.14459656624148928
-0.6813032348075937,0.13451463818234363
-0.6783652787626474,0.14806316208326512
-0.6973300637146206,0.1269598468088649
-0.6908052323538157,0.1252936580558128
-0.6819079523114313,0.12976817748243824
-0.6891867178595029,0.12946334254169348
-0.6795175138447288,0.14077261645472525
-0.6793619562599585,0.13562719749264682
-0.6908127723512653,0.1321658937033616
-0.6776800859640559,0.14475021354370168
-0.6749833458549154,0.14974647648731323
-0.6954192248358854,0.12335816175724082
-0.6739827689474318,0.1558482392353585
-0.6889993087483355,0.13362325687602847
-0.690350203125855,0.13446356724314398
-0.6892338619092228,0.13071222364850127
-0.6749109110429966,0.14641500541386973
-0.6839885890990876,0.14199251729544318
-0.6798745287409389,0.1512501926375514
-0.6889880705462093,0.12605166244779978
-0.6872015289974973,0.14042007682433338
-0.6794988482833755,0.13601243459883464
-0.6863642979506156,0.13663447520643082
-0.6954896757617416,0.12544370810682506
-0.6828994157537996,0.14012597700327756
-0.6873836683486735,0.14469921465540123
-0.681695030476235,0.14527595315083716
-0.670661050172617,0.15624944577030053
-0.6743607105604933,0.14012391759918694
-0.6744491881889091,0.14554163082061755
-0.6764037140240898,0.15423253753577287
-0.7001531693092821,0.12331229519165558
-0.676723083473109,0.15367077009865487
-0.6919660864245534,0.13148239690329805
-0.6824694418143142,0.14359279436255565
-0.6865893195437064,0.1334061196796623
-0.6809632443408182,0.1443587204084991
-0.6952513155872176,0.13009890912983432
-0.6854931913113708,0.13481945393963712
-0.6741172170126757,0.14823427120939334
-0.6900209334202644,0.13176904604938275
-0.6806823924245876,0.1267519251044478
-0.6805049899922602,0.13322457879753175
-0.6765257894598182,0.13402052052198918
-0.6935781121361843,0.1276591218178351
-0.690188744343252,0.1236605721960438
-0.6757030064322901,0.14063513130000213
-0.6806891066857895,0.14589561785802357
-0.6943632856487308,0.12366439102597698
-0.6714780566347468,0.1537082211140532
-0.6803793028221451,0.14030334624629545
-0.6921846848427211,0.13210858343508605
-0.6866630190263717,0.14010686929194438
-0.6887767968789462,0.13027364861360635
-0.690955520886248,0.12335412658427419
-0.7051341447825183,0.11537202315726734
-0.69324110700963,0.1241760748841819
-0.6815967161485765,0.1435396203671484
-0.6878359995031939,0.1385027653178582
-0.6920771243888639,0.13224979474205728
-0.6767510179729314,0.13379787172083055
-0.6839236368240639,0.1309477559515541
-0.6892541270953046,0.12576039430010733
-0.6845516475173016,0.1369273746771295
-0.6747605111749789,0.14102103797746762
-0.6774353943066902,0.13975494259021254
-0.681978387268178,0.1446839672127253
-0.6850759331265559,0.13265537482841439
-0.6860318134267207,0.12613603431061413
-0.6809600733533872,0.1411633021391818
-0.6783690898523096,0.14477531707699481
-0.6891299390901083,0.13992079689288023
-0.6844130631163771,0.13006806826151987
-0.6770461359670763,0.14980041935424315
-0.6799830838880803,0.14079544552544085
-0.6784618569713692,0.14256537554788548
-0.6892167941212253,0.13231991512316923
-0.6832631385446531,0.1339258724354892
-0.6995513357272118,0.11381885531196152
-0.6784178650853444,0.14880102008642698
-0.6868511539824753,0.13803218371283216
-0.6826737490732888,0.14516701252849365
-0.6827578175790149,0.1432134976548437
-0.6788000080028821,0.15090571353945756
-0.6723003652644605,0.1508463000625147
-0.6854981598684347,0.12611983296025578
-0.67435175268118,0.14705722756945047
-0.6939236728204158,0.11673526483953947
-0.6878309641867206,0.1262315133988645
-0.6830900710038479,0.14119244813234513
-0.6750803905374143,0.13506449413427282
-0.6940401748545724,0.1338315104377697
-0.6751007788392914,0.14409167729737074
-0.6794175736161422,0.12861268525914166
-0.6830319403988006,0.1288208270398718
-0.6832863364307448,0.14412848921539534
-0.6749692340523896,0.1469888675653422
-0.6835673298446051,0.14257050154971435
-0.6837928757267673,0.13478087608591535
-0.6858711482875561,0.13515499318259058
-0.6837484435744816,0.13156799402199618
-0.6800080620916361,0.14579439808317962
-0.676050640062529,0.14696067696345838
-0.6935799349457714,0.12759613013400875
-0.6901207800026671,0.12509811448889638
-0.6834801320765025,0.14144848774623256
-0.6740634528801034,0.14155818625284902
-0.6961362308959204,0.12966475393600713
-0.682021456188423,0.12806097868563188
-0.6769188860284973,0.13448039094217346
-0.6791794924956454,0.14272358469506863
-0.6832259520860057,0.13847151322602486
-0.6854627942682433,0.13374886921266246
-0.6914053742107853,0.1302558468298034
-0.6896752483037598,0.13470496676113983
-0.6847522564746877,0.1406863661000648
-0.6821826098684203,0.14305083768654187
-0.6954579462698426,0.12647819204373376
-0.683513165614708,0.12833161584000752
-0.6804349914544966,0.14138910982272734
-0.6985089846518507,0.1187954494885243
-0.6755078835650913,0.1524736628637654
-0.6748728354245357,0.1487011934018969
-0.6826006781531476,0.14347636915828996
-0.6859789315827121,0.1359740317075995
-0.6821102324578369,0.1390397907894459
-0.6932692351098134,0.13370274030792356
-0.6802488124873345,0.14251490553429597
-0.6732040163474785,0.151859679450418
-0.6813243559210176,0.14398373326463085
-0.6775015885902222,0.1514544852691612
-0.6806517575178257,0.13361306464484163
-0.6944536487074874,0.13297786604731102
-0.6779806414380575,0.15198723006526327
-0.6872759104465292,0.1354215680273139
-0.6857999081998694,0.13346473926741723
-0.6839500054799331,0.13845100824339174
-0.6847475016678652,0.13686435103485492
-0.6845909243490567,0.14172112280591886
-0.6833659960994434,0.14227063934917072
-0.685866470652601,0.14361233282059382
-0.6849028828442579,0.13137521255183926
-0.6848742698629536,0.14253002089116554
-0.6842657273967689,0.1387292016906654
-0.6837301277461668,0.1374253255061174
-0.6723541394036018,0.1514989383518333
-0.6852777729595909,0.13422605628215128
-0.6780426567292606,0.14029791185113016
-0.6728188509664561,0.14961299506962544
-0.6942982467560969,0.13131359493796796
-0.6735659267327886,0.15199267848713194
-0.6775649839318674,0.13809013569457324
-0.6877491567069647,0.13750800629580046
-0.6847925299164161,0.12913875206665412
-0.6840132594487996,0.1360465313661128
-0.6872856607040222,0.13478161610530714
-0.6904116745355598,0.12277964639333941
-0.6825129942745477,0.14114400964020013
-0.6911134263453661,0.1335665131313642
-0.6884360681542885,0.12818979676728795
-0.6749071228567143,0.15375492330950086
-0.6882770644063522,0.13464311987928315
-0.690174213991697,0.1359046073476676
-0.6889478895075697,0.1311722132797738
-0.6817600609635772,0.13213612877615075
-0.6839432134438749,0.1408941464769958
-0.6790474762159106,0.13925675898990228
-0.6867715022303185,0.1361382078664965
-0.6763335207764609,0.1498416452972433
-0.6785046543951581,0.14470567199988144
-0.6917751682468796,0.1340539348273988
-0.682365656126272,0.14195758166190825
-0.6816212311058871,0.14205809214971604
-0.6761844407093136,0.1411794530159914
-0.6788217545550983,0.14615563865892442
-0.67595396006371,0.14627327588848218
-0.6900814716307724,0.12569275969575203
-0.6767125684101475,0.15049727930736245
-0.6821824018196845,0.14100988719092192
-0.6793458359541676,0.13406970693911308
-0.6869198797649609,0.13308929799543612
-0.6932662053952393,0.1317562507612815
-0.6837455951219616,0.13645565022748724
-0.6796551161324597,0.13855054300989564
-0.6880272040886446,0.12843284810971572
-0.6792081698343962,0.14175644700074538
-0.6799240023662168,0.13633943532945603
-0.6831646303626101,0.1343712972994487
-0.675912106761994,0.14420704483953953
-0.6835684307780391,0.13593642798679687
