-2.545146731744817,-0.3397740669537257
-2.2887840099406738,-0.2364606163157044
-2.285655762700739,-0.3512912250117506
-2.0662204470241674,0.06036163884883327
-2.045093614352254,-0.20495560527978623
-2.1690117126213453,-0.25340078643063596
-2.1797377431552905,-0.24625551293238981
-2.036443763056522,-0.2126014447931431
-2.0702778026915243,0.05601829020236424
-1.8969033003482765,-0.2450538375654964
-1.7788592468708355,-0.06654793990611749
-1.9397956641207048,-0.20777602402702644
-2.01537578174041,-0.1963594915611656
-1.7539122453964808,0.20746308998743332
-2.0322481345234884,-0.25297366274911587
-1.8463885350044094,-0.10871293947544058
-1.7781148846227384,-0.14333909200389575
-2.057289889840881,-0.03416683866679575
-1.69291876190526,0.11078074155549773
-1.7216728015038094,0.2642684735341881
-1.7074249873781815,-0.13380180955867804
-1.5988558954861005,0.046667311157508676
-1.6233750785577465,-0.15042183141564677
-1.59367981931831,-0.12644063749269283
-1.6664352639053766,0.17951586440207828
-1.7238820191997,-0.04501665807001704
-1.5456148440038573,0.12463353580116802
-1.5322529997478886,0.11136531639133046
-1.628170953071213,-0.07518655931029214
-1.709490699277196,0.2028707842112539
-1.6011983208888187,-0.2905979743492275
-1.6624287019187642,-0.06974454746358143
-1.5400362908810552,0.10230045202188666
-1.4738215861634365,-0.08025449557913512
-1.4665955544877698,0.24015611022702338
-1.568184868215489,-0.0957240538804118
-1.4749939427524363,-0.013377877490458634
-1.5855433297843278,-0.23540051293901051
-1.3810259713993447,-0.03140306264338728
-1.4954794020291466,0.09995834317475046
-1.6462702129812252,0.17295351690521948
-1.6352562293233508,0.07870492343115962
-1.4883971781408623,-0.21111161497792996
-1.6958633851934721,-0.11466942723871344
-1.39138151736239,-0.0007601374779011395
-1.403798753465138,0.08179487291951432
-1.4876165346997636,-0.2453382454655279
-1.5617058505280956,0.13174436534940767
1.0796778864022372,0.6349832566124131
-1.4989496108386249,0.02004379163383713
-1.4851477363349095,0.13126470187556477
-1.2715548200480427,-0.009287044676155534
-1.3940285390080083,-0.2533385509822842
-1.3652025386929394,0.004447497480184941
-1.3499877747139717,0.05784824815453296
-1.2238152000947826,0.13650477791071092
-1.366005819849638,-0.10799732505359042
-1.4277724905574483,-0.05760551838241515
-1.2890647949495455,0.16882148885744536
-1.2466939035776752,-0.11550925171340576
-1.315077358139372,-0.06680231651641866
-1.3531385031626892,-0.2534754171715883
-1.2491549964780413,-0.13972499857156787
-1.2483368624975317,-0.07626660664536812
-1.2106095341634386,0.05761790941949595
-1.0910680880493686,0.3452881293270151
-1.1556265560680004,-0.01771365378339228
-1.343009216120624,-0.04207722815042996
-1.344718466459039,0.04984405757616937
-1.3120937699292616,0.051853759341576065
-1.134335963181284,0.3397376305554387
-1.0770821177303262,0.24783138873156696
-1.3155170564982628,-0.07052669241215814
-1.2652845975377889,0.06948113060124057
-1.1319625314062518,0.10086538990914293
-1.1381803484625554,0.14873780063236505
-1.1856641662514962,0.18171659179209143
-1.105614153003784,-0.10297600349400601
-1.0220080323770264,0.24072336151632173
-1.186494488725694,-0.09547436219118137
-1.15634181306452,0.032843822156910625
-1.0170287479039513,0.16879544301229452
-1.1142851877901827,0.32899335093080073
-1.0183120752633712,0.22229834180538777
-1.2506240601198213,-0.1302628771476251
0.7613877702141095,0.5863206296198678
-1.1109080171005867,-0.13055063014383778
-1.081592878893989,0.12047452915956412
-1.1088040399749648,-0.22596277398327236
-1.2143355500263162,-0.09314865296559287
-1.093095379664533,0.2527232303585235
0.7174099889072328,0.525663082445901
-1.1774533040002377,-0.049809174147834964
-1.0583984595358171,0.2517129933682033
-1.1393785687030111,0.1419193388162785
0.6441665144518307,0.5090928943604455
-1.0835112834258076,0.026582658353843765
-1.0478201979224862,0.05135386056222206
-1.0943438872628402,0.06568495418056652
0.7408862978552458,0.3955505099894108
-0.9631987717362139,0.32424873136468885
-0.9386962960864732,0.09687663186537988
-1.1337544614479134,0.019966115473537854
-1.0617650406998709,0.3030646838359553
-1.0185397185032927,0.2909040798714008
0.8031864157331908,0.39158173091130166
-1.1443667128082695,0.08922965405733825
0.021911001835624243,-0.0008225321265372714
-0.09074136171909454,0.017845675088286776
-1.0109450838616139,-0.10508061812667159
-0.08517566503915938,-0.06763825815344734
-1.0343618674467632,-0.041949950422951535
-0.2041620320327357,-0.008992025931512701
-0.026864704830405827,0.0414307935623454
-0.08061678536139016,0.021021544976280712
-0.014715140914236384,0.03575133605575358
-0.9932605394597787,-0.15092046654433885
-0.9063035471635364,0.18261810380315613
0.5646416902942069,0.5490264152224611
0.6904861137575048,0.4952350860730219
-0.041941369558341955,0.09953804139866877
-0.9745233886108671,-0.2577259331932316
-0.9272497874166977,0.2017472499200069
-1.056389881449323,-0.03374666300975283
-0.210823472798767,-0.0825781716308054
-0.21574576468998163,-0.06723134468453888
-1.0813165605913695,0.1444334997292746
-0.2100514759517363,-0.027211927487943974
0.6886409480268086,0.46379294679686206
-0.1420646300518919,0.04626176213766455
-0.22666515561595454,0.0004951615752153096
-0.8663293526051395,0.1587658474499297
-1.0026176182995439,0.04906435674511808
-0.9589089363544431,-0.21188684785506443
-0.9168979978163423,0.3567065827295099
0.01790111048501336,0.09146681351632022
-0.21243015788475167,0.013542826488672777
-1.016696998572188,-0.13446039831604642
-0.24347544476743072,-0.05549528127541842
-1.0766622624631705,-0.05646813242229358
-0.946363450134427,-0.15328951806743457
-0.2613760020861616,0.06662106423495388
0.14546481271320258,0.10883920845843677
0.13420953763368454,0.07411073506100521
0.17684258954556117,0.08424517227086296
-0.05974211890794518,0.1461874685870403
0.1817964148168215,0.10746252453420674
0.6009771801413232,0.5013044872297379
0.14392397460387596,0.15466354156737508
-0.1694612453640538,0.12846483361127836
-1.04822867702769,0.2531822408859034
-0.33463724996060973,-0.03562099480598385
-0.16340793123216632,0.1366960821060358
-0.03418183783760884,0.1543530232760093
0.12818932433298152,0.23043167566094971
-0.9435004504999679,-0.04280969389610647
-0.8904337660026251,0.11497595766435104
-0.332031882197803,-0.006703209967471099
-0.3746796099023867,-0.1094188882902737
0.11007346543585102,0.21365922160905626
0.2581300557174414,0.08506833520115069
-0.13238786259378232,0.23779617793167035
-0.9132258975800364,0.3081895514893898
0.04843944380757617,0.19404404563708585
-0.048441296788445096,0.23269378803328575
-1.0705086052026125,0.20984059385285653
-0.18145199450718502,0.21221667871107938
-1.0658068264572806,-0.1083448953974571
-0.0797984455962575,0.18361219015287153
0.05677728947299869,0.22438291019233372
-0.102523148584018,0.19835411660353292
-0.21184256847507918,0.18103752401177253
-0.9569901086670508,0.007573102266665683
0.026412466274604616,0.23273089317232512
-0.8522322039462745,0.22240790807953775
0.1958363064429868,0.14437233761679427
-0.39418433042307427,0.0020717910851546736
-0.25824513337385424,0.15065324722678058
-0.36696833858764133,-0.06623624665821894
-0.1804831369948751,0.22340630304461256
-0.3867293395006061,0.03360859551785632
0.3313824650957688,0.08503466152468886
0.19280497890900533,0.25572111959947225
0.23229559020950907,0.2233872369264804
-0.05512023752906643,0.2558723795475075
-0.9427735913741336,0.15781054588751725
-0.36890774655681685,0.050181905425692855
-0.8846550166589886,0.18314128792810594
-0.16651099775120543,0.2521609893606841
0.022802633482135026,0.28037097321237503
-1.073160730462225,-0.16066547686350127
-0.11907627593194042,0.25634792292430936
-0.3046298342050796,0.06291134524645703
0.3150297213816422,0.1563070263578296
-0.9701326496330458,-0.05298270644830576
-0.8889040354169193,0.33874149728802044
0.1521221427781708,0.25509673889050394
-0.4649963595141331,-0.01432564896752547
-0.41802759054332767,-0.02200614519383517
0.34322285646383727,0.1730568283656963
-0.31909426358502063,0.10301862308075466
-0.9442011799114995,0.16338853812814252
-0.4234746898402243,-0.12645491218512192
-0.9853419220602333,0.0697926682655503
-0.974541173971964,-0.010284116734576439
-0.3852935549791733,-0.04224005322817746
0.33651967221333523,0.12504056626990961
-0.42016984436636345,-0.04290762720388279
-1.0550345945405994,0.08475335180236179
0.0730018130398226,0.2760098414156858
-0.23588261715360462,0.26893857713560765
0.6514306205834292,0.3546905381818752
-0.3241238616945463,0.0789440538175829
-0.1909327593298758,0.2759173828368743
-0.9652142494903144,-0.08081525205673948
-0.11734824102062782,0.30884004309006546
0.6092914116457521,0.4110179329292461
0.6475191497292551,0.4353748364518743
-0.9961654979737213,0.06003994718408266
0.46283373517142157,0.0834977816716011
0.17494930271165554,0.2863834272551916
-0.18051403718580317,0.27443168749225655
0.24301195823971639,0.24147046447514586
0.1472518441896598,0.29348865813496505
-0.8190939294454328,0.2985220931222482
0.5029853885880208,0.47096510519163637
-0.7678200275072568,0.43224830183709423
0.38583028263643626,0.15186649152413464
-0.42556187146705,0.10924583246914915
0.1711440124211736,0.2936420385909626
-0.372478426706066,0.08074759293232937
0.48072071126117305,0.025936276184805516
-0.42635530025703505,-0.03348333053986188
0.5251143827402976,0.08299173468990102
-0.43296551791463417,0.07315490643349522
-1.0354510846098763,-0.033723196289756646
-0.3416650929172905,0.1266977639365418
-0.4622179231606616,0.10703650388973134
0.10899989899926417,0.2943814579682982
-0.8357976747260103,0.21749084276592637
-0.8575295158271814,0.2158918446793155
0.2889154913934585,0.22251010712936406
0.4339367600926582,0.11599196394036018
0.36744173813432596,0.22857617681866463
0.47398682469634706,0.47171908303310783
-0.41342780894908,0.087533052808977
-0.10179237679176567,0.31581146496618706
-0.7775271112012307,0.3100499422986197
0.03462418237423828,0.3331640681362556
0.6029005563858464,0.1202521153376476
0.5191105096857797,0.07927420538152215
-1.0143797123070126,-0.1828199985991565
0.3727670345465349,0.3258120806232791
0.6351169946114282,0.25278917135385603
-0.43801017530596875,0.06569748647504497
-0.9783194772032882,-0.0382120077794086
-0.031920603338615565,0.3493956516103638
0.5317675560964688,0.23503352918143222
0.4970984524907882,0.10835048094760935
-0.17436433573638135,0.2989021860516867
-0.47454731977643705,-0.008355102791188207
-0.45755693757488974,0.11626799311218097
0.016569763042117897,0.36802853336331076
-0.3436694091366726,0.13291520166515286
-0.15096818334113424,0.3781488242499157
-0.9535792317800338,0.01795551917704096
-0.17357121126983868,0.3226729422532127
0.1575120938151871,0.41207186801158413
-0.4751060707039682,0.07862002465366258
0.21701223893515564,0.3074228983327916
0.5207124603752978,0.41085158958937007
-0.3751126424589575,0.19708082756327472
-0.5101971652279201,-0.05451468437415969
-0.4532086655103509,-0.060322054415618796
-0.14535327788420732,0.39933944771417573
-1.0163588181502512,-0.20643384976552723
0.29484370383050185,0.3053099312329673
-0.20207420874455911,0.3068753746508195
0.3042774405773131,0.28943103126777364
-0.9025962411396243,-0.1034599808881592
-0.45678153498214924,0.028600371316002682
0.4604526384061188,0.3793436967771982
-0.3436439140808106,0.1981147657489285
-0.3018848183148225,0.27170277312118835
0.20137771459928167,0.4141849248463191
-0.47007264201994625,-0.004720517605600784
-0.745957158343639,0.3442836189265136
0.3233853610292334,0.29456760395336073
-0.3469894736536527,0.18488638702612625
-0.49006461611735225,-0.038226309521517725
-0.36791022864249845,0.17596812335963896
-0.8755018204045819,-0.15177818114276354
-0.38757871267787486,0.1395245918763152
0.4947942552981595,0.3941876462539495
-0.9895243931159025,-0.06847776476560453
0.38291458647105103,0.4343728232505403
-0.4326440459420451,0.18135469044342284
0.4208638022524637,0.3928230480514608
0.4218140798400061,0.34069987274537045
0.19001182362500674,0.36826322389757765
0.4401841059380277,0.35574326938526835
-0.8489703109305663,0.4249134893957479
0.06714576023917837,0.40470443043315835
-0.10465620399778786,0.4330352158594889
-0.6076970401875427,-0.056151817895186494
-0.4678103770315728,0.14314006520103217
-0.48815270241378445,0.10034322275854649
-0.3485421492034986,0.33836819675582075
0.08056955340637557,0.4336526652584458
0.23108354579666324,0.3418706823018833
-0.3499875113752124,0.21768616072803043
0.41331423657387834,0.32697362909760763
-0.3691749384749803,0.2879571645728826
0.18231227885113985,0.4727501179093603
-0.859672231453071,0.0849058708564596
0.06993383192982958,0.45533816868945676
0.06736461735573655,0.4298202334413853
0.10767109310658898,0.43816401877128414
-0.17381678901319095,0.3237619606530219
0.34638974147214024,0.3758663879389218
-0.896165432910622,-0.17039291003970308
-0.804142502871063,0.260572517718069
-0.06289457692471652,0.4532266308343611
0.3972809831810257,0.44990620557487343
-0.5743730045311795,0.07180141501724241
-0.2812162667834375,0.34440590162094253
0.3156952110098742,0.4764997633015055
0.19339094357585265,0.4643601822792725
0.3860303008533809,0.5003416390831722
0.06606267599705093,0.5183079864801532
-0.8739097230197231,0.30729894631068777
0.314750885445402,0.4043088687888542
-0.4088678445965599,0.3177362640668288
-0.6042548444300595,-0.008268277800392973
0.4335317931680872,0.4281026990040518
-0.46450956971307017,0.0857098612224949
-0.9986539292748878,0.1349041739733443
-0.38974556723479137,0.271005388303885
0.051113996968559984,0.41571330395453054
-0.3950387250038578,0.2746467522541054
0.15175825515581784,0.5175453443677409
-0.13752260815292947,0.404595447214013
-0.5594555367879588,-0.13870118178369137
0.017309387809430542,0.533607860344706
-0.04347532360797331,0.4811689730712344
0.1305944963483404,0.4443003835276797
-0.5869641282928586,-0.11225946226123076
-0.31283186252061185,0.2898047249394048
0.027653767145634552,0.4921786348680816
0.38113251254513497,0.43888410058781346
0.11199485423477379,0.4884903098580837
0.1885542873252352,0.46229231801094056
0.2265144611843704,0.4699537421924895
-0.30440461257697693,0.2851506007377479
-0.4871534467410429,0.16625753365162166
-1.0078666040961433,-0.21701897681310678
-0.8345118722406846,0.38075621480099564
-0.48505622303694845,0.07718986668875209
-0.0844716642983782,0.48964468496485875
-0.4986872378955429,0.024348633103629044
-0.17531214314652174,0.44637581152158523
-0.48158060069943337,0.08783853503688509
0.09605910728652169,0.46888656063855844
-1.022279136171658,-0.07116321770163596
-0.8854880375832723,0.06138282383897619
-0.16236317464420874,0.4474172642492952
0.33239369616059805,0.5009798841246039
-0.7850634488486674,0.2118521937104518
-0.3538126959012275,0.2276904043207525
-0.44657365594257886,0.17357152870784504
0.2257233042141378,0.3979601961201333
-0.4605551393211408,0.25771996091292493
-0.49246864985105676,0.22742372933425334
-0.42124791499133085,0.3531068008253255
0.007096163367041615,0.5272591188592562
-0.3040489827645874,0.390789796796775
-0.13138389489367905,0.3789795299923771
-0.06090650468758058,0.4228500477863283
-0.19261373451961572,0.39898853188342637
-0.5441838703581885,0.04843067934751777
-0.9690072579930045,0.04782474329531243
-0.5551481512184309,0.08316589986733573
0.24492884843757434,0.42178039309679966
0.09898624507384755,0.5236600578949373
-0.8166725522183347,0.3763908364349458
-0.4858898107742186,0.059843541726356385
0.17209384407060646,0.49372688075623744
0.10848931135952807,0.48974172547712436
-0.7235304424517267,0.2929087439327472
-0.32110914832935245,0.28412932256729645
-0.5936222238063336,-0.07654234617025604
-0.15895056947261801,0.4135347783442779
-0.5112275962636343,0.09069955554244886
-0.3490599046946698,0.29880800951105874
-0.3590382599817371,0.3059861751662829
0.06632012912108391,0.4276193427922685
-0.5937859857815773,0.0650826167083325
-0.4772682726267998,0.2467112337770052
-0.8150499788657115,0.09953736341194316
0.06209494231495101,0.415936627451689
0.2050446085779977,0.5078357096213699
-0.4697598759939581,0.30813269244095737
-0.41665153006957084,0.33400364273721495
-0.31070208741019933,0.3507175680623395
-0.3467486793751704,0.23241328351027474
-0.5243147157009778,0.03572209090422495
-0.7220664393191306,0.18589040467630452
-0.505287552977458,0.08552103400113079
-0.3110328327059934,0.46719925931247924
-0.4708555748866204,0.21187267265932894
-0.3843970312318149,0.32236811862203807
-0.9747958322974206,-0.1072615534482051
0.1286228456869724,0.48852427142059107
-0.43481426708272,0.16217159789022748
-0.8961833569037434,0.20093038537809
-0.8796998714721459,0.20943950488733581
-0.23432433179799508,0.496492765139568
-0.5742220387207819,-0.04371293232292399
-0.4646327571972716,0.25031475992386676
-0.9125648993803511,-0.257394264470221
-0.8371145925713673,-0.12915997103878954
-0.3767854287132194,0.32935008973866603
-0.6128029377635019,0.04959144112934928
-0.9574026529945895,-0.015859463817621038
-0.5449717216147485,0.18827048429087978
-0.4214315401042088,0.30439848440793715
-0.606210791689751,0.06918215559038093
-0.5163559370117017,0.09442181769705059
-0.4236795821953952,0.24221892803626985
-0.9045558980175566,0.08204011805819256
-0.6198674096595654,-0.05314881382163789
-0.5478896520580369,0.05460524315840062
-0.44223173502334956,0.27379596763690994
-0.87757259220625,-0.16947275426498806
-0.5783773667724676,0.10929936571122491
-0.67103951633677,0.3254640011090762
-0.2874065876593857,0.3983906165380031
-0.365223740540508,0.34410338816984526
-0.5927439708791508,0.10946746376607225
-0.6260111128393331,-0.1078671457279543
-0.43553603925038753,0.29996301750109483
-0.47888217136562394,0.22532829439346586
-0.4120908554980564,0.293774118157791
-0.8520380038495875,0.2667611948375793
-0.7992333855765531,-0.011663660587278092
-0.6003975121038987,0.06213655129175428
-0.7596276672557737,0.20104659810626618
-0.5830771197472019,-0.009633364709339561
-0.9160585305135309,-0.12275132613268197
-0.3524668552066934,0.42380414203248584
-0.38404084979626807,0.4123424455809211
-0.2128915162873757,0.5364622141503003
-0.5180152751142945,0.26253917146570455
-0.47918061156380676,0.2532845969382195
-0.6887237914540832,-0.020967354941857048
-0.5216219249635563,0.2380015231643452
-0.8095208566032212,-0.11829287935830084
-0.462893955442224,0.15923242389773912
-0.3959447693352067,0.39649770789601974
-0.9280514963153451,0.013169335353539303
-0.9402278731689199,0.018175569518629007
-0.8343051439176205,0.21409686963978078
-0.3903614534312306,0.306294187627516
-0.314645348909958,0.3491585156263682
-0.5408841548530003,0.21026182316966838
-0.6112835123155291,0.10078691307304957
-0.5411482276191175,0.24079995127110868
-0.6665257589764944,-0.015085906128302903
-0.9636097440009075,-0.11252963088507562
-0.5494432340641247,0.16435128351361047
-0.9346337863460329,0.1262462017645956
-0.9092516083969376,-0.16506113342220816
-0.1518647601948982,0.5116322571360744
-0.29609963207043366,0.3375017394489176
-0.5693568226795194,0.16600040702946114
-0.8952640825675826,0.07740943991302034
-0.6099272394300764,-0.11056008653408814
-0.6444457277366675,-0.12299784762071699
-0.5969855467047775,-0.08327226272856614
-0.38425507816636134,0.277557017806171
-0.41089068045975463,0.4207393449448421
-0.32462197481178967,0.46544462515468216
-0.5952373887378701,0.010548848887306485
-0.620842390170743,0.2144657050967704
-0.31557512401203064,0.41012840251113136
-0.2816976639301056,0.5395684248546049
-0.16989965595980405,0.5218055230504186
-0.5831323695999977,0.027430362131832836
-0.6842530851112917,-0.09848950684998578
-0.6918861576321564,0.3171132192046672
-0.7242376038953624,0.35485936953742764
-0.6206673563983993,0.21475687862119813
-0.8077861007197681,0.20504021501783987
-0.7930913399971928,0.4171087187679643
-0.5223923557127934,0.3024286877934632
-0.8122587817401707,0.1307022084821814
-0.43843672068419764,0.24679293599128296
-0.4746182501076061,0.1937395262817597
-0.5338557184041349,0.2685778013485534
-0.5016234862091317,0.17349958485626849
-0.6142004572016215,0.09944179363503859
-0.7297317007468646,-0.009938565919390862
-0.8083876322335095,-0.05284666260500055
-0.6211047373258213,0.08185714802184953
-0.8520600734313225,0.17306713000736879
-0.30974063066422636,0.39648352448337887
-0.36345795611945014,0.4098175367441286
-0.4583981116289024,0.25813111678644585
-0.32010800202330303,0.3604322155196043
-0.5812546668559228,0.2703248871504045
-0.9863751967635507,-0.09308126399048619
-0.6693059051002523,0.14205301973060863
-0.8018346947717326,0.27008254047606434
-0.6298178624165716,-0.00019351298475835173
-0.6422242938054746,-0.0743725938407446
-0.396354242017563,0.33840233880475906
-0.55411826052884,0.16949904653973805
-0.33108854361427587,0.44344622995401656
-0.2158487946470129,0.5686161317684505
-0.3584325256106349,0.5057149387650475
-0.5311002278530017,0.2413622535459124
-0.6125555264507508,0.061011287544499186
-0.41790001952016886,0.37127437058919693
-0.46546953628611165,0.391327693744199
-0.5694336210615596,0.15478590634162043
-0.8989890064607149,0.16095594645366984
-0.4227784828078317,0.3957635988588247
-0.8407142814205443,0.09352100303382932
-0.5102577590144186,0.33623819612498695
-0.8001574731991333,0.20261738722158917
-0.8761985982786148,0.17902982974545997
-0.43197884889558413,0.430746645881707
-0.589198109302083,0.24412885279143523
-0.8083522701092019,0.011525963244933558
-0.791435245321122,-0.2509719647256856
-0.611493532318236,-0.11971076189925349
-0.5685412761441082,0.18029316960040584
-0.8287988136952302,-0.07168049749145769
-0.7974376436727885,-0.06879659660320896
-0.5824989014049273,0.2019957606115909
-0.6772620039199972,0.025290824718129806
-0.5414129457532154,0.1838642561744491
-0.5911165356861693,0.12143891737401229
-0.7140210976696364,0.22753100609456275
-0.5329855380248951,0.32968386135005034
-0.7771837271736204,0.0039022615121007244
-0.8420392498191561,0.060354642932273855
-0.614682696351909,0.43612379366489945
-0.6766145414481736,0.03053690948674874
-0.41674525364967063,0.3465695913252978
-0.44098477016173043,0.3311670442358247
-0.4837681048036368,0.350603939321273
-0.623844654683851,0.086628621614688
-0.4062241706284315,0.31016958402398703
-0.8103883552416582,-0.03960355703324182
-0.703004277813859,-0.12954459883260622
-0.944244241130518,-0.08006903651770483
-0.7321574947383225,-0.021040701165304505
-0.5381381298176036,0.17731297038410027
-0.864322002754581,-0.23225055977684606
-0.4741239735697023,0.42174744596895863
-0.6211639966041329,-0.02795012609230517
-0.7294712229938823,0.27094655820806035
-0.7229181889859123,-0.14349788214084613
-0.47080345797543577,0.37108813285854225
-0.6104944285604386,0.12258629908122455
-0.7993206372905265,-0.053217457505937336
-0.5393333341740847,0.2818480209459231
-0.8576542793713574,-0.13256692181814816
-0.4590081809428872,0.37073114727926004
-0.829400035313067,0.30607423297085523
-0.7993134428976274,0.0774779400490092
-0.6371888865062048,0.14546540908734912
-0.6740108411356025,-0.09402841565118834
-0.6321947950364459,-0.0993124131778535
-0.6118618016286307,-0.06128169414436373
-0.6370373305616154,0.22312883519969173
-0.6999985898673583,-0.15671370802844756
-0.5720182570822409,0.1301425984996663
-0.6352921363248463,0.08907385466669192
-0.6176969126958542,-0.0447056906797239
-0.5905153178262267,0.22137868915366224
-0.6093566119314631,0.3157753081686634
-0.7643774786104668,0.2939703359742555
-0.7545281491201099,0.3025848488740272
-0.31509700300264193,0.4509607593903347
-0.6113476313174359,0.09798401045765281
-0.682269795606232,-0.07688317079808815
-0.6134961589444783,0.03751611545090932
-0.680172294072136,0.13403231842973115
-0.8429997209209976,0.19892642065788768
-0.7484963753414955,-0.03649312844158483
-0.7104680688455707,0.126372719639513
-0.4708363614491271,0.331210041808261
-0.5970177309919017,0.10094719146088703
-0.7216501770912439,0.14986111896717064
-0.511571245438399,0.24768062696748092
-0.4468599552744457,0.326835443548955
-0.6664762854699178,-0.14848227886961177
-0.6291768218434227,0.021790424396653015
-0.6014558040737769,0.11132958928504066
-0.5670510650827741,0.36795375521966595
-0.8840605585941006,-0.033511245185053246
-0.4996467075512196,0.36851230093758874
-0.7880907879058663,0.21089183026264344
-0.9267768686999969,-0.036814910166633366
-0.38502681045170484,0.5232352904123898
-0.5059553718954928,0.3638976706803476
-0.7220600954448438,0.18271358155621092
-0.6863378522175393,0.050540768169912764
-0.5900196596868258,0.34022428350186434
-0.45236358417869504,0.3456573656975346
-0.7584683816080509,0.29951375846752076
-0.6230730892835104,0.33972502748337385
-0.8106302271117628,0.2068114006255882
-0.3941729048621449,0.3588989115194173
-0.8274479307375314,-0.039270965426771984
-0.6046789201034909,0.05714474019858841
-0.6285118638099652,0.17230134560015417
-0.8652611182150801,0.10715760647307768
-0.5925569027125217,0.39312877870685714
-0.6175209109829024,0.016664520474913336
-0.7171292107722952,0.1630857756585432
-0.5567952161428982,0.388170349505931
-0.7231584611746814,0.1636278758979132
-0.6551135022405111,0.06993012277272423
-0.7596784127472094,0.2918332050582792
-0.6364341891677079,0.02799348170108078
-0.5020372234826497,0.3458529931330622
-0.5849609558972512,0.07578016344107762
-0.6967467227354138,0.38377035854151326
-0.8842264202046073,-0.0976552433855948
-0.7338415564638542,0.1482472325523316
-0.6503741650005891,0.08903969550530803
-0.35107791713756237,0.44512603497232117
-0.6424573698938529,0.1109789956204264
-0.8548718331917449,-0.02632115447562438
-0.8104834445370207,-0.11857427705813842
-0.45518247071710627,0.26707282209073274
-0.5909571586559854,0.2717705392757569
-0.8299724567906173,0.009076959051471772
-0.8343769936020853,0.042201925535729205
-0.6608159514189871,0.2184331793249935
-0.43864740327002294,0.441551007360184
-0.5771282398375943,0.3039947671420691
-0.6701265547523703,0.23350603436093142
-0.776266968467022,0.12607337739541916
-0.6439882074965005,0.2736347568878425
-0.7392305995826056,0.36549688216450354
-0.7823598003892512,0.24614934714947037
-0.4376350395323088,0.4071207756752677
-0.7214175320303151,-0.04627499633755532
-0.8689217324919715,-0.10929372713145681
-0.5070796711067989,0.41092716771050086
-0.691521851914353,0.05415748842344542
-0.6478728952434402,0.4942821578625497
-0.7107685162185489,0.16858620268707264
-0.7687124188024353,0.22125693061524895
-0.4536722830145531,0.4923746785611318
-0.49343886844680174,0.29248814023407377
-0.7920550871170159,0.14593123901447502
-0.4520871142112791,0.5264084590250147
-0.9001208042174876,0.09561047374632914
-0.8138037981440195,-0.04932312874437022
-0.7655784326536235,0.06652604898538261
-0.4065412536702154,0.5127692500745871
-0.6210048378835535,0.10955893626837754
-0.8202726093177571,0.044278511556970095
-0.665475000423065,0.1337947928400723
-0.7849066914955575,-0.025314887963437515
-0.5077834750054907,0.3486704950366713
-0.7836089759721365,-0.08870963698730401
-0.632529517553969,0.2698063205679722
-0.4473881106365614,0.36923797410620807
-0.6118589547730113,0.14563976877055415
-0.8211725978429031,-0.0035718492349719713
-0.7657577581943891,-0.012534652185258711
-0.8603751615174887,-0.0846472950746084
-0.6282589063602664,0.13285137926287843
-0.6815718009320039,0.2509376574679674
-0.8832385288542276,0.13668093188778405
-0.8622744690693722,-0.030405843648179935
-0.5619764156946536,0.28538944193102167
-0.7111805162293465,0.18537381683032725
-0.6106295939267671,0.10897020850949275
-0.5702981122631152,0.23969511450923614
-0.7026829830600763,0.15207617964704137
-0.6652739279104083,0.1794560211710941
-0.6141535402708563,0.016726443635519374
-0.760304875768179,-0.12579585315219952
-0.8527136026508096,-0.038295275511025476
-0.5725604809442066,0.45034756655721453
-0.5861820268475565,0.272112518405893
-0.8298040490361741,0.01558841543061645
-0.6783064286370271,-0.08701028279366634
-0.6928999393275938,0.22762414274882184
-0.76142122110202,0.1461776142841177
-0.6427673837734341,0.22677743806564687
-0.7245090721391293,0.2724413087143624
-0.4761147632277035,0.39693572079599376
-0.43428630852644245,0.45205461289539517
-0.70613402542435,0.10723104560550005
-0.8652428514488366,0.07490158783460421
-0.6905283415576247,0.32714660963712977
-0.7422960394092419,0.04994430215554135
-0.6633390100599204,0.17450587793278438
-0.4614722879619403,0.3434780052505961
-0.8196712759060053,0.023166855517668318
-0.8210449555004218,0.013816824790683942
-0.5821705791750864,0.3385708053337298
-0.7555536909321144,-0.1341784864463239
-0.6999961656366895,0.06917479242308162
-0.6298488115144543,0.23253067464671826
-0.7330551423724172,-0.12825781658705393
-0.7010651611239604,0.13135058945928302
-0.7264942925396636,0.12925179039786766
-0.7256264110745928,-0.08892592937502444
-0.5791752896572492,0.4678632273962685
-0.7773875188659264,0.0007849583783009813
-0.6941488216264035,0.21818168598663237
-0.6146294304284073,0.2668046072315724
-0.6077714469120319,0.2693072897439725
-0.4666649722992851,0.48632659788803373
-0.6363098926927578,0.03294682915869297
-0.7812247604985336,-0.08571720668443354
-0.823822881211736,0.27244322541627897
-0.5560607156877118,0.33431226383285495
-0.5797392194976062,0.20444739985002633
-0.6722078881530141,-0.18043264522875277
-0.7871545455698794,0.21993419940842926
-0.7338754720317414,0.04679400241399297
-0.6789257864589353,0.009081127872713217
-0.6396778314812683,0.07969986875382724
-0.6171191127522464,0.3766201678024305
-0.8473578234748761,0.10777258736146879
-0.6990459263426427,0.3092896797849016
-0.7310788211539212,-0.01770405246136399
-0.6394753467762648,0.03924470168653895
-0.48696587990596646,0.4719203310441127
-0.6264470903742795,0.26208644046866775
-0.7257478540353164,0.0693970397592733
-0.9072548074225856,0.015414423546725432
-0.5319775853172244,0.44171158464420357
-0.8420701150867715,-0.1391768331991673
-0.5543970346144904,0.33289420606736186
-0.7180253879686901,-0.07235390698775043
-0.7388767234233617,0.11912352646037484
-0.8229711752107288,-0.08845033140453513
-0.7079589129823799,0.14261233621930805
-0.6099545283312667,0.28351704117518645
-0.52092274218458,0.4540795959854955
-0.532764714700139,0.4147379389277042
-0.6842929888528502,0.16025254062629554
-0.7004574327967542,-0.14910104668634802
-0.5530256649829589,0.3903422000883524
-0.8246016081160286,0.024782894385379856
-0.7935310044045383,0.05965602650037254
-0.6779801332012095,0.22610182330839615
-0.7467240832224681,-0.146665062337969
-0.722544156774244,-0.11843776088443932
-0.8041512511216804,-0.0697362380058419
-0.756844645132884,0.03359835544800925
-0.7941682768654292,-0.025090228336932686
-0.8953319790079455,0.024367771861791673
-0.5229277065686554,0.3024986835776069
-0.796933020415022,0.16028164272159384
-0.6691052704203962,0.03156037072625954
-0.5255487473631949,0.4054330181669121
-0.6689262830208929,0.3833490968572773
-0.8092224102896736,-0.10489786246122665
-0.8815162294073037,-0.13863101797518043
-0.6945289546934791,0.14119512983033167
-0.5964828966525595,0.162444954984241
-0.6794357331313235,0.1305344341246962
-0.6177680294652372,0.4351175044135572
-0.7576763689035051,0.026381924908525586
-0.8414230288202554,0.20882030395929477
-0.848802338275481,-0.1432125243273059
-0.7471230226892966,0.2593130702324381
-0.6445364481359525,0.19430776740726846
-0.5925895955416131,0.2914131547009596
-0.7819628584669093,-0.1735320318865227
-0.8543094920935658,0.05965028193940106
-0.5194358698025001,0.4988905466022962
-0.7788214165419584,-0.20213158391840558
-0.6628602783465772,0.2107162891395763
-0.662306473736887,-0.13004034346741475
-0.8509079336122979,0.056206167716845175
-0.5942053226081024,0.2378763154081385
-0.6056423702979887,0.35596421399966155
-0.6389824050245391,0.14710256879575676
-0.8076221824593741,-0.0352882268979003
-0.6206619487626502,0.13756784597105848
-0.619367778288126,0.3248381943195478
-0.6434751883598375,0.24310594580222455
-0.5301265817081107,0.31812436882283507
-0.7445325130772388,-0.14419670766450132
-0.9001104818316554,-0.22535200671033875
-0.5460409790990203,0.5059267757706178
-0.6382170761512517,0.22937471732055673
-0.6024318418448593,0.15029346426404552
-0.7420640667011742,-0.07155932280809411
-0.7382467653426896,0.11915576491118905
-0.6559139692238214,0.2578721311846463
-0.6953509676685176,0.22333263924633767
-0.6016143235709036,0.3753440786704453
-0.8196958059594073,-0.09022108278143633
-0.593185379884323,0.16034282568980465
-0.8749180636428958,-0.019084732054136352
-0.8154189906505588,0.180312441072372
-0.47453682582000917,0.36556412615006706
-0.6052885103113511,0.08575599404556584
-0.7265851380771653,-0.04351253140347344
-0.8079584034635354,0.1524113170160825
-0.6202890113896855,0.34377354932389464
-0.753738082349852,0.3070419802160741
-0.5978679023813606,0.31925683103251135
-0.8359945500550531,0.04738075205093626
-0.796259363443174,0.21894820400885817
-0.6034750172240426,0.39680698341221915
-0.6118278146503451,0.28985468671569864
-0.776906425613786,-0.10489652118391395
-0.5959421230736627,0.33855861890754674
-0.6096778212002623,0.16498076105253076
-0.5121989361120911,0.48523016765659843
-0.8127340563232313,-0.09378540531707438
-0.7922960137597922,-0.1664682649641839
-0.7377266298023698,0.2184844762500103
-0.6351204198373402,0.11956884982517309
-0.820094682796981,0.22862882548698818
-0.6935092379797694,-0.13626479667897784
-0.7644117916019765,-0.016556815898062297
-0.7483688001860441,-0.07172051835756361
-0.46031801929023064,0.34102651281636587
-0.6095252868053112,0.11812630999498408
-0.7388508905592133,0.055395819921241735
-0.8891225101344202,-0.18667947997497766
-0.7504644189662292,0.030453492443242823
-0.8415265104244058,-0.19166156377544677
-0.6243575951936321,0.1878576045926557
-0.8184784526693989,-0.1751244015287194
-0.578272871579048,0.2920365946565396
-0.6521452638040539,0.058282707367779914
-0.5621567210935811,0.43892891825753405
-0.5081452929925384,0.42205887560728594
-0.6966206718089738,0.23476920809395033
-0.6064225407278674,0.3071693948795498
-0.6788559074180593,0.050607945204716946
-0.7320391197123008,-0.04075207900560146
-0.8376564139979159,0.15371972765241468
-0.8922490835838344,-0.0546582023074623
-0.7758506860300869,-0.12337335984531253
-0.7175427329087898,0.20510398595316578
-0.5416213204944303,0.40846732740831215
-0.6036156100331929,0.43262588048223266
-0.7186105406963181,0.23518656635693813
-0.5539646320595101,0.2511473677364585
-0.7280403803266573,0.11682347707107
-0.8344690906896178,-0.08147209315658012
-0.7938238682815263,-0.07267638796258373
-0.5734937388700951,0.3142165628339594
-0.6448180102748504,0.12279190192819688
-0.7283185081427184,0.2776510773896409
-0.6424009995097444,0.21871739872873058
-0.6440685344476191,0.20636937872516498
-0.6796740504203896,0.05827286349115643
-0.6333017966228892,0.12486881397498294
-0.7347643314719142,-0.1319574551188033
-0.6532591001738459,0.13535674778095316
-0.8002614153014453,-0.14272526523986287
-0.7057481470184032,0.041860468274347265
-0.7996595362525664,-0.024726933397970125
-0.6062938899723418,0.20387590086615667
-0.697203234188781,0.3013122192487423
-0.7080981464655225,0.21023360784193343
-0.7782656934382315,-0.12521199388533583
-0.8646312142043578,0.019994260926446326
-0.797485881427566,-0.08157630438675699
-0.5258590866922408,0.40498285610896834
-0.5562485006804039,0.3638739312048731
-0.6738881923011648,0.19302272492464864
-0.7261789729509132,0.02206813155012021
-0.7457247170780373,-0.02338775763458852
-0.7458017091268627,0.05290138624053981
-0.7604758450595025,-0.030902578042093225
-0.8169271695838437,-0.1517206125461122
-0.7977284253351394,-0.08025867342970078
-0.5605945161656677,0.3859583074339392
-0.5759917777456068,0.35705759546869026
-0.6973239265495464,0.28899098396346895
-0.897585895005405,-0.1296334282464133
-0.8198726579881701,0.12841218865610138
-0.5970175299891085,0.30045561237423135
-0.7192204393462007,-0.012848257683561681
-0.7838485948108258,0.13104967039980725
-0.6886876004277244,0.2198807182772299
-0.7188235630567055,0.014383428922782692
-0.7324705839261478,0.17005214878902652
-0.5824005972762697,0.28115946383087065
-0.5362066076861807,0.3819387637731157
-0.7752606673919431,-0.01538888835838815
-0.7379641356011376,0.08056033605867707
-0.7210189788174257,0.18204852705023158
-0.7881448174812331,-0.09852027840950811
-0.7882017893172447,0.05894018217354414
-0.7905468161987854,-0.0324254718729567
-0.6188432056424329,0.16569958026019638
-0.7160350534702182,-0.07146137714773
-0.6832763308084038,0.2176160018820556
-0.6244645403591608,0.10194557528657204
-0.7827279228788533,0.001369687161019596
-0.673692179053188,-0.04095180789196233
-0.6162888343162661,0.4227661564273982
-0.5616164081083512,0.25229764434039903
-0.5937823741315895,0.1900649385454132
-0.551410776224858,0.3428089696442886
-0.6852881742449222,0.2518375196741034
-0.8238751419120962,-0.09576697218381838
-0.8197205268758593,0.011076258087279684
-0.6009763919565868,0.3832158448312228
-0.7834192856686197,-0.007365207686224032
-0.8172330339472488,-0.0774178602312286
-0.5771935582655843,0.18964198156898235
-0.5840804991320409,0.37918884086620014
-0.7262774443981245,0.18626702130585054
-0.743562704602913,0.02956821973118924
-0.7713670658024022,0.06853348287799477
-0.745334823477373,-0.11194887033139665
-0.5519026256861403,0.2914451089088441
-0.648782657152287,0.31286397924992837
-0.7083410471917955,0.21909128650599538
-0.6377833081179272,0.27121231672449986
-0.6106314934489869,0.2834662981557915
-0.8899358503147777,-0.14869824275645807
-0.8282402131834905,-0.0791149955249349
-0.8039776111654583,-0.06329816451729178
-0.7887794075107624,0.07772942866642024
-0.6342153649570099,0.06734296379011068
-0.8488742731193515,0.09477555381049323
-0.6926753167480044,-0.21228822535202346
-0.6626976211352452,0.31638996551115184
-0.7352905153597279,-0.012630285166475007
-0.7446802978561143,-0.005204688998316845
-0.7862107692294602,-0.1812236970657618
-0.8180044972273132,0.04431447935950859
-0.6292706322330514,0.27778226926207095
-0.6617805588326846,0.3642990673139591
-0.68704105498956,0.18990554139140275
-0.7948598654587381,-0.07228126986232923
-0.8422571128905249,-0.21965656079581342
-0.6942059803346615,0.2184410729005417
-0.7184658121766123,0.20280252272753624
-0.7444145668528386,-0.06253309320537755
-0.7039949637451657,-0.11448114164764998
-0.5919190855438323,0.297962955327074
-0.7284703283926576,-0.11812408941467079
-0.6851080886321662,0.20963084824273023
-0.7639493025227174,-0.22027134799246897
-0.7415181468004037,0.18051184317816446
-0.6928007233880583,-0.08710326040344898
-0.8330637411897723,-0.16899165855020712
-0.7252231871428504,0.32794189346103947
-0.8413144965313682,-0.19996187512867136
-0.740605854651971,0.2058243744403932
-0.8142072559389428,-0.08919305742501946
-0.633332624009541,0.25208062373903056
-0.5996156811920728,0.286830255712882
-0.5870596770034547,0.3436496413128257
-0.5519355951991802,0.3314819673191279
-0.856612612465872,0.0016354349816819604
-0.6603641039953452,0.07657694184289103
-0.5719333623855644,0.31734819269718223
-0.8105911501098539,-0.1033893307946106
-0.620969610722323,0.31028537618628343
-0.6234455358602208,0.4507942205701463
-0.7578827774242137,-0.014009113159988762
-0.6731867692443659,0.3255116999708189
-0.7667692106843494,0.09409099460279728
-0.7168258747948413,0.02729572659709495
-0.7284093110830009,-0.11813099560343021
-0.603200684151999,0.37747072516290103
-0.7986017631715052,0.07039051288832925
-0.8427196358870696,0.1330484531078287
-0.6324165357905372,0.12599322193557672
-0.5634657563567282,0.2855207849514381
-0.6280684037929697,0.4322668349200998
-0.5754789974896961,0.3429491886542382
-0.672738583699488,0.17160785699196762
-0.5868332410919818,0.35540795849011453
-0.5923508331130959,0.26142351583961865
-0.5826141658297117,0.2692443905158369
-0.7599001160556236,-0.0047948451547748456
-0.585862112490554,0.32085369292282645
-0.548430358400048,0.34682289977799796
-0.7759892357616764,-0.17675533675337662
-0.5803708626123681,0.27845741257132317
-0.5848134697955566,0.2519231967120121
-0.644891590984941,0.3088015522280354
-0.5538257357158092,0.26778688660405164
-0.6561555413991701,0.16038656199369947
-0.8279745165613174,0.06388711604308542
-0.873297228997175,-0.06205624971799794
-0.5296229210751294,0.29341024280099276
-0.7412748004956008,0.03924857589950194
-0.7852150636721944,-0.11659513432132192
-0.6886017612943663,0.24375564838581756
-0.5248259484334669,0.3456360540917045
-0.6397423964299445,0.14736456963736266
-0.7488932521647421,0.14811806454272622
-0.6252716783042856,0.26975660615788477
-0.6621866537502853,0.21228436274002765
-0.8043950246072772,0.01616999929424109
-0.7299058383053948,-0.02635779970357886
-0.7260339138105479,-0.11424062615291203
-0.6181836236486669,0.22127595229916264
-0.7089079385397908,0.3406674861796462
-0.709522844434405,-0.13507124655071076
-0.6506749056774548,0.23817157432506017
-0.7399910014511133,0.02942361963296742
-0.6510862251881698,0.1650572222038543
-0.8143786691747353,-0.08934575704354182
-0.7604803306318577,-0.06575639914441735
-0.6090784450762837,0.45954241515633387
-0.7842286333858217,-0.020701984202078492
-0.6021383592902535,0.19707679223154595
-0.766818351983882,0.29201111563083243
-0.6010087972491464,0.24143372670658284
-0.5668391144691184,0.3542181198480573
-0.5577009971418654,0.3973352822706152
-0.7457634195864095,0.1131701453791848
-0.6147451292358992,0.2966614771687513
-0.6719646537710722,0.242868138040306
-0.767558214182649,-0.04402253058346861
-0.7384307788407508,0.005903085879650225
-0.6493546472502112,0.16740531960419525
-0.8254616557662379,-0.13362589584839185
-0.6278545621409781,0.3079021118075215
-0.7111789408903978,0.04923837947007701
-0.7465955829540312,0.08759425284596238
-0.7400689127048133,-0.015951673467843614
-0.760345721355837,0.08797403630276464
-0.7939481661851489,0.06580822968981666
-0.7131884405655173,0.2888084764764559
-0.8097872938103194,-0.01357424246390553
-0.8149934423935068,0.01278086311475258
-0.6712745599614516,0.21365841686826698
-0.5860426999825048,0.3548736527497796
-0.856913388857338,-0.12225901321500797
-0.7289310377903968,0.04805843920546464
-0.7021844640382416,-0.13293771436525542
-0.764530625416421,0.04512916291901209
-0.7254825963131959,0.06332531653668326
-0.7284237909590037,0.1907508376151626
-0.7334266353095886,-0.02745151124493971
-0.6288151233192256,0.3719192745469453
-0.8041774068165506,-0.07387709752710893
-0.7792268591652219,0.023537398363606427
-0.67695052303012,0.19314496479192683
-0.6491020044835888,0.15759534488686391
-0.8075667371878198,0.018008811394934498
-0.6102119425902496,0.26121319274293836
-0.7541629818513591,0.039877611533592455
-0.6893033578201564,0.24569971431003362
-0.6471624893189886,0.1948524473151728
-0.8159373002086951,-0.0058218083065368935
-0.7602787120945964,-0.12521998146605362
-0.6854648854749805,0.2596466222176611
-0.6069013281943313,0.3799350261671501
-0.6896179042200605,0.2381664092864069
-0.8065303958301773,-0.2306653162324306
-0.7704874954801243,0.17768871375140485
-0.7333605528760497,0.28454472197843106
-0.7809426746848761,0.09216270274498982
-0.7925968487808683,0.028729043611251875
-0.734986672331638,0.22838647185937302
-0.5771565415013211,0.2135607796778807
-0.8063741515529295,0.16347576458901641
-0.6552394861931339,0.4111256773700497
-0.8175338372237064,-0.06438179435671518
-0.767993513915352,-0.09625266529675729
-0.8208805721241033,-0.12396478306435114
-0.6827078764531962,0.02978148170391335
-0.7437987352925921,-0.04831689911865279
-0.6481227711474737,0.19024687515450536
-0.6442396177810967,0.3085453760120081
-0.7126345375773392,-0.16599415431755118
-0.8494821409267059,-0.03518643501934114
-0.7971390509527642,0.06008672863893231
-0.7756102370138032,0.05084500847355002
-0.78899882947423,0.23416199425199205
-0.7426823667934976,0.14035013102730462
-0.72806154509351,0.14201080283613537
-0.6498563732058901,0.3714057202795289
-0.6939759700678325,0.16737957682612406
-0.7811490766495314,0.2170390470445459
-0.7343280585879858,0.08140901969621234
-0.8671299107106468,-0.061634350662342116
-0.6100431499455126,0.21971423626568204
-0.7527430161881663,-0.0401362973445333
-0.8134314919466517,-0.056995808736173575
-0.8406633528063799,-0.05368669363189969
-0.7390786278721301,-0.10978838981610113
-0.6676631670901373,0.220616393186569
-0.795080313735436,0.025408638118006893
-0.7952567928188018,0.20496578849863864
-0.6306723279152294,0.11922661357470893
-0.7732729525837896,0.08820107890116614
-0.8202043888061448,0.08168203850746913
-0.7558035056431651,-0.04418239687120071
-0.7062659162300796,0.034901175558873496
-0.7265407382212726,0.1547769821415923
-0.6960045044120301,0.12243750191951655
-0.6006438420908332,0.23445304657710514
-0.6866407854295752,0.2589163148112232
-0.7678763857469525,0.09275037411993325
-0.6151330985345504,0.2926757781784639
-0.7367737027140605,0.07326827108987267
-0.7558244929696033,0.16190640586773591
-0.74752706973801,-0.18104137768902537
-0.660659034431661,0.2102544182197413
-0.724120060000768,0.21234613968402988
-0.7224206693502203,-0.006234214105853508
-0.6320838210589643,0.33766097791552824
-0.7254468169348043,-0.1330942081269032
-0.6240316466987196,0.3709794581276158
-0.765049206650436,0.17393502533994717
-0.6615313128729405,0.06993905454438404
-0.6283697420582071,0.256465490747197
-0.7654541859046717,0.05059747981901994
-0.5887169358319431,0.39963132858296607
-0.786673239417469,-0.12303978589033522
-0.7909656811813185,0.08899153535238297
-0.7689509115475301,0.1684160638405322
-0.6983222472670398,0.19968395237528785
-0.5518788890013382,0.328095118731999
-0.8238857633414157,-0.006710022649865272
-0.7410263562063181,0.06319541618038706
-0.746882177889688,-0.1323163759959695
-0.6563576733408263,0.3250790601411061
-0.6578373289846763,0.37319527464893987
-0.8073701445833878,0.0005203089024408414
-0.6894983414870027,0.3071408981501012
-0.7464807022692448,-0.2037654172800144
-0.822712248390684,0.11939735595654562
-0.6982710906501132,0.007787252198066657
-0.7480995221911131,0.0430575407252735
-0.6032355984243093,0.3940751911949881
-0.7383055841806707,-0.06414394971321885
-0.8261058210484725,-0.10000226652833695
-0.7475195963194589,0.0002968727507745114
-0.6816863366545182,0.14345296332648294
-0.6570596111427266,0.30659295906632317
-0.6231030189973733,0.17966627690796363
-0.5942497586097965,0.25217496204905604
-0.8307808950235759,0.029454726625833955
-0.6976450245900383,0.06541398978277452
-0.5571914825213692,0.23785232587020852
-0.6764161295216873,0.3400766922796991
-0.6573511238469412,0.21328925148870145
-0.777315732511153,0.06613777313649118
-0.7453358499842534,-0.05848648236827558
-0.7861325927519532,0.1632191687278552
-0.7927850543079836,0.13406658117520068
-0.76324740141246,-0.15368988442372566
-0.6054616393729089,0.23607501284516924
-0.7336487328917617,0.19155868697322104
-0.7400411621439315,-0.06101279710680799
-0.7955390350657381,-0.08550373861513734
-0.6747556436160383,0.2016006970037259
-0.7735130406105629,0.11443290588843956
-0.6922339447510043,-0.10787940833029507
-0.8043200923549086,-0.19327863435463785
-0.6547015814489584,0.13904013856257252
-0.8055996198120688,-0.09102140104295217
-0.7647799853632877,0.024375535672409025
-0.6984364487282196,0.06830742137854949
-0.640345345764141,0.4111719777623218
-0.7727968466642477,0.05437442822229426
-0.6819945915488406,0.2865378684864235
-0.8207708762972403,-0.08388273485142991
-0.7309476904006995,0.13926314897942849
-0.7465975709203512,0.0703519371617031
-0.7009413178788769,-0.206414959158552
-0.7388245295008067,0.10728248886384613
-0.6976196752361687,0.022468169949961862
-0.8171123410229214,-0.023197432894077368
-0.7627687372128008,-0.05526796315590693
-0.7354401289633392,-0.11741427598812743
-0.7808775870628946,0.062725274973491
-0.58623725594701,0.24304907684024163
-0.8500990362981927,-0.020150929720826355
-0.64155560744301,0.4001066455310993
-0.8240629784043647,-0.05794408595837716
-0.7296430753141834,-0.15001547004248827
-0.6872320510390628,0.264072551889602
-0.64394782070118,0.33949748605197266
-0.7315230341530448,0.08502079518786998
-0.7367893392821633,0.08387840813019438
-0.6917631377900834,0.06252167143198963
-0.7765100036918843,0.07793335983772169
-0.7224947453755393,0.048736205828169586
-0.7729727852924168,-0.05677591617427165
-0.7912694815756532,-0.062349970339595155
-0.5662599820949158,0.3643950047305433
-0.7017099860910905,-0.11578116949618912
-0.82401684849507,0.0775606802549629
-0.5847827031928436,0.3936290105924592
-0.8194824863620986,-0.04955255486427018
-0.7141628830708256,-0.010985408582630666
-0.6989599907795923,0.20782512905096942
-0.7342915174570103,0.1625658280131824
-0.7550074168704192,-0.0678619467740438
-0.6150712386618248,0.17211990566789753
-0.8133299867212359,0.1326340413179092
-0.718435381173857,0.08698067291607914
-0.7637857876936607,0.05040529308207129
-0.7626293041568577,0.0688531412516986
-0.6008133957128847,0.17834835023306927
-0.766594342284982,0.14902959806894395
-0.8067263533506998,-0.06453689688805289
-0.6951257870769593,0.026301911778667652
-0.7746870905013744,-0.09313424322512431
-0.6699333310430322,0.22179099738944133
-0.6995141091243898,-0.04737289759285899
-0.7333066344909992,-0.12764850193849844
-0.6460818969948989,0.22202728040545763
-0.8494536717990415,0.04776991026746741
-0.6002472104199703,0.23573075399701918
-0.7727592908621219,-0.09797913534417216
-0.7085104463734879,0.22218355932102427
-0.636889615570877,0.31288271066519036
-0.7549279758796132,0.022715072881060103
-0.5912409681440747,0.20947540900610992
-0.7293596576309621,-0.03260811859422627
-0.7068668890609057,0.09498492006581129
-0.6409630856506323,0.07219177466731813
-0.6446144090886702,0.16852075066668526
-0.5989837240767126,0.15580380700907182
-0.7896644544644995,0.03889603020574792
-0.7130870682151955,0.3243451773888639
-0.6964475538123813,0.2719354680616824
-0.8000438034037055,-0.08845531046725406
-0.7464297073956216,0.09615147671839407
-0.6437141668223264,0.25780241616281274
-0.646683485794835,0.15923439146413865
-0.7791887046978454,0.12081180978487577
-0.7616907606344352,-0.06221098713393345
-0.6329452950592419,0.2205283829209127
-0.6583961551873445,0.05321221844018571
-0.6842262278695415,0.24462477823291834
-0.6640128529068448,0.1317667018103553
-0.6765761092579629,0.0028719139967043734
-0.6387098079832383,0.1312059313906719
-0.7285477995688173,0.20439177459104094
-0.6133961712963766,0.2088794351275025
-0.7734509022107153,0.1924220024093516
-0.7328620495331956,0.2731468256334373
-0.7701102834468868,0.04413644263000922
-0.6750940717342008,0.21713447277544645
-0.6766927190676295,0.06426149676617242
-0.6807688711702875,0.29609727408329906
-0.6701375665371783,0.2702395762092229
-0.7007880627325535,0.13972038602242803
-0.5909976902173004,0.36754042044949825
-0.7663717207423271,0.20486153452459777
-0.7066812398249414,0.18756247888587554
-0.7212060669912392,-0.13850693400077085
-0.6476078584916382,0.08295843610930978
-0.7858065459639222,0.03320041368566257
-0.6545611908694464,0.30430449530830184
-0.7478492680533034,0.09312014031838216
-0.8279060292063534,0.011721364786256506
-0.7391512163715639,-0.04337612489503636
-0.770046245011118,0.25414255561189525
-0.8074883741083381,0.047063974748607046
-0.7391905508289027,0.09423245990444629
-0.7373334187841589,-0.1620995664055644
-0.770264481218122,0.1552036435186128
-0.7074609780062955,0.18112334616010256
-0.7128628966558186,-0.12538853967295288
-0.7653164056367419,0.19967621300751448
-0.7485595545760886,0.24552992063835544
-0.7139531684316076,-0.091549142414691
-0.5803912163075658,0.3335799029962775
-0.748591129190792,-0.04056349217023221
-0.7074132809071569,-0.060445065742888465
-0.6135429515064283,0.20130020920200115
-0.7550396826785978,0.014203911819512546
-0.7673615178563741,0.13348511634010043
-0.6926026156791453,-0.02090333072050765
-0.6623105823258049,0.14364750057629339
-0.7301626653015,0.09698536271343204
-0.79018058319399,0.014322805863765754
-0.6355455864224426,0.14907773130715002
-0.6506241415405017,0.13995739527266796
-0.6473416233725238,0.31699491571359156
-0.6759795343797973,0.1989669023980287
-0.7312754211375505,-0.1336660749393015
-0.8422730633116013,0.011120134787245795
-0.7047644712499815,0.14330806003450067
-0.6712277293337826,0.23338758005780838
-0.6988057106576135,-0.1653722007760319
-0.7421766261539027,0.2229308097827175
-0.7351115593865802,-0.006940468335882071
-0.8513638174296391,-0.04609781573371444
-0.7846562635081139,0.07455403880769636
-0.809825240209327,-0.014418241947859338
-0.8166906701340385,0.08456895752054741
-0.8056834371268884,0.03371474781119914
-0.7547048305805252,-0.09982913303411049
-0.6037225926145895,0.21387907245677734
-0.7625041672011844,-0.19105963591970573
-0.6850805089978539,0.039315242060614826
-0.6900588150292163,0.24427107641455903
-0.6727417297637538,0.31158155085044925
-0.5510293737571639,0.329425536567381
-0.6531243223131722,0.09624949873250502
-0.860122009261685,-0.05433457782316269
-0.6448206451490246,0.2789981677463175
-0.7410577157577801,-0.013443657113031172
-0.736456112665992,0.2901741124229812
-0.7988558050218509,0.02161684659734914
-0.7687455266832348,0.016090787312644284
-0.6545921918064368,0.16781467786682905
-0.6960954068279569,0.06269135758789462
-0.7162789136951688,0.0887479514068647
-0.6819292403967078,0.31353577358054024
-0.607150611951328,0.22822276945557993
-0.7186988578059352,0.19225548829974867
-0.7110464887421762,-0.1318786441113835
-0.8167527406414393,0.00388230721937443
-0.7176753266485341,0.2730446969443877
-0.7289735076927666,0.12076947093253838
-0.670098460624329,0.05343571030989701
-0.774291262708379,0.047570224710314954
-0.8621930602180543,-0.04473968089466922
-0.7017269236292437,-0.055490917399356195
-0.7290090955503177,0.000052971234437305647
-0.8210072604894296,-0.09710675412661907
-0.646173327283043,0.2345810958081704
-0.6304417714146494,0.2083892901936243
-0.7638120523990926,0.1811535981473346
-0.5999061558776101,0.22092822811288607
-0.6736376474777529,0.16518569391448354
-0.726072818805437,-0.12694835947618494
-0.6597315100852446,0.334463242635965
-0.6415115178843599,0.25621435052090585
-0.6895776374902033,0.15898095762179507
-0.6947270716754393,-0.09559794896709721
-0.7604409798958269,0.03443755238730737
-0.7468659477364017,-0.001976368426347295
-0.7516566864516926,0.057894170152708244
-0.7140659243181925,-0.11037392976001074
-0.7063794382155847,0.04664978573523961
-0.795336790442398,-0.07549776867284641
-0.778509128978705,-0.01872493855831403
-0.7154499614821774,0.16502786525279692
-0.7252116111253925,-0.04574181169561245
-0.8400838043420514,-0.07616690902530819
-0.7579678410668081,-0.016868568979805827
-0.7231265211889472,0.08714654723598876
-0.8153346093829809,-0.16337197243031584
-0.6594035136043834,0.20143799440729152
-0.7529041222060774,0.08708335326295721
-0.7104382445868961,-0.14556861617911582
-0.5875607809232987,0.31616060108637883
-0.7404929314732343,0.0010022826701101162
-0.747699219944621,-0.11028123079475818
-0.7629760561392566,0.0728752242289201
-0.7679189007808692,-0.14138396111442017
-0.7463357270220171,0.06446964035271939
-0.7482014379261068,-0.008146588334863862
-0.7518426302699696,0.1878274252679884
-0.721922507156187,-0.05003185409563359
-0.7199171492958126,0.20797524737058595
-0.7802007554101031,0.08707453052431847
-0.689869644507568,0.07845646508057423
-0.8219679216768745,0.14206170245376745
-0.6703010298595837,0.1661561047997
-0.7240038780404429,-0.006677325932605813
-0.7006723338643149,0.2809330618902592
-0.8028071843369013,0.09587457330016545
-0.7524412021289177,-0.18337566484657147
-0.7775377459735863,-0.05354208282117324
-0.8260045275319435,0.08287184849716009
-0.6364564613143423,0.33941502338016344
-0.78037061119649,0.06169217402116533
-0.6171237597017224,0.2096534977899309
-0.7318759277532761,0.2582928902185293
-0.7322420673214811,0.06732299340542139
-0.7066532936316448,0.13692753762219192
-0.7468160995665759,-0.1454083842720661
-0.6679399746814761,-0.013481415826698285
-0.8065477417224383,0.04196497452630869
-0.7000547962783588,-0.09303700810306514
-0.7979602407836225,-0.09755095363491115
-0.6508417869105663,0.17184419553133953
-0.6182192707208553,0.23814963966547906
-0.6507241247267413,0.14959112931716312
-0.7623001034540069,0.0006703961010905178
-0.6548731853854433,0.03158097622700689
-0.6709554954802273,0.0986689956432417
-0.6913250795742396,0.3226382581747771
-0.6078030965525115,0.2173456713598009
-0.7089718962536468,0.05519372607219659
-0.7952682620131238,-0.15025216075682565
-0.623444941116731,0.3156564835845443
-0.7540280016927409,-0.03642317612156432
-0.7961781026815081,0.028790530364517296
-0.7101763754480043,0.2348351285508612
-0.7437997491915969,0.05196175622283506
-0.8029971970168509,0.09318170999279148
-0.7240130691215892,0.11387931163570303
-0.8203997920493393,0.013926275227859934
-0.7553479312768847,0.20700782646807825
-0.7095915406148612,0.07800929133432613
-0.7957219115971773,0.015083394565115114
-0.731340627783001,0.1309127652067929
-0.7858383994646373,-0.008676120486060666
-0.6420016980330794,0.1643930717793411
-0.6954748295903626,0.15763387730433825
-0.6661726130825131,0.048039790972803885
-0.6326077147217392,0.19871708788669273
-0.6944549582801415,-0.011825421897541558
-0.8234776043282244,-0.009192148014328409
-0.8576966527035232,-0.06762634002000989
-0.7661585979895886,0.0816871506803132
-0.7806654208352456,-0.0013733973290285225
-0.8435940921937956,-0.038555168107200374
-0.616496928194276,0.1831116267742397
-0.628886889546237,0.31121043730595815
-0.7820645663158328,0.09816651897564173
-0.692523888050891,0.24000239486395866
-0.7886704323613535,-0.11230577465964593
-0.8185181699956169,-0.06476171783732228
-0.6685155755288692,0.05497264185271659
-0.6802301275756143,0.0634438107270696
-0.8182383336829355,0.00021373881211132217
-0.7305598674855487,-0.10800497346804457
-0.6914918634713455,0.2472863294592091
-0.7325955608237233,0.22313774798016184
-0.7458323620670629,-0.15292849607971143
-0.7455404795744565,0.23461996860602727
-0.7231157971053292,0.19425743068682455
-0.6869445186179416,0.08844273638577084
-0.6262103997098335,0.18800441732127868
-0.7454366558091204,-0.07027469684462119
-0.8267425887997213,0.07962929331116796
-0.7356023815781059,-0.13700374014003425
-0.7483618233206949,0.07887288821610158
-0.6867136496448476,0.25971562420035527
-0.7061947502820018,0.25025921897276815
-0.6909837817778663,0.07439558041588144
-0.6530776469064257,0.21272031545083292
-0.7960811006845293,-0.13063933515907625
-0.7169968042201701,0.036645057784453115
-0.7775327366221917,0.07440794713464335
-0.7616906046601396,0.03359310976962994
-0.7572122685468105,0.10898018633943468
-0.826053852973529,0.07171459782943546
-0.7791325040474122,0.10481049115683229
-0.7216134633810214,-0.03717768436516189
-0.8236227851602523,0.034654303434899746
-0.7055760608528081,-0.03761171913776442
-0.7557064061292029,0.21679292438511366
-0.7439905977075943,0.08807724952086235
-0.734057038571457,0.13226179915558725
-0.6248752618274125,0.19802550147277487
-0.7891165911916649,-0.023352703926810586
-0.7040511627174446,0.003656089748646395
-0.7765130515853942,0.14164653377207465
-0.7744162356710543,0.052849416586735594
-0.6987625693391326,0.20782458815683996
-0.7515750972713087,-0.13681901840123417
-0.7391453998763856,-0.07438149386047747
-0.8158909038127101,0.06139895538979038
-0.5839300664114155,0.27429341078948266
-0.6734681224619032,0.16533561461865046
-0.7274222393709099,0.0036843916463962906
-0.6317611456644187,0.14839924093143558
-0.6881614243821066,0.09925049179925763
-0.6789465499460388,0.08484416976838392
-0.7533049377279839,0.11482928614112886
-0.759527728226658,0.1019970667381932
-0.7307309094571091,-0.1421704258086586
-0.7880564471068517,0.14300786818694186
-0.7138334129432907,-0.024084270479435566
-0.6943453262257817,0.24994926896010625
-0.6609394359448841,0.14004772325417814
-0.6760444220171323,0.1760117084997517
-0.7881544323154553,0.06714985593191578
-0.8251540329585494,0.016725142235541963
-0.777534188895743,-0.13022962478514596
-0.8192368659627839,0.055779654324814285
-0.751204096310746,0.2308338863481649
-0.7548363227482773,0.17072808538618908
-0.7240538305078905,0.07493884536765219
-0.8275407658660179,0.07753023658422259
-0.6765016919366339,0.03259921489512816
-0.669707365760242,0.027375102856901104
-0.6866128512819327,0.008310139594317471
-0.7485376787344227,-0.02321647042722377
-0.767379701761339,0.03622011910595153
-0.643514864670656,0.2711387149498996
-0.7313336680182944,0.07114477649149234
-0.7535772154686261,0.016843865846807173
-0.766326875865382,0.04846275512987568
-0.8005072374455479,0.18404540353177692
-0.7574399865247341,-0.115873996238287
-0.7645265966165106,-0.12785258058280088
-0.7088413905012536,0.07863526883290575
-0.7966354111159736,0.06820955134749468
-0.6977780830646013,0.13215905752049148
-0.5970441695912255,0.2745884537905216
-0.7583912563060896,-0.03390856591751211
-0.8354730440926562,0.07380525475969728
-0.7125004532714467,-0.04638018694021026
-0.799609261439089,-0.10047750720989984
-0.7040313104417915,0.050399391593263385
-0.8232758213475688,0.022382312824102708
-0.655094220981593,0.3488812043157502
-0.6983136990590921,0.07549873064282338
-0.7344757334624008,0.12506554773441167
-0.7049461345649751,0.21403605045862942
-0.766935219492679,-0.01549250854968922
-0.783568793205715,0.0721173903791112
-0.6845268120603737,0.14111119294905736
-0.7890923207533276,-0.0615142480007259
-0.8106663647694793,0.1541068324916082
-0.7053194371912662,-0.008250482851869566
-0.7146766058937969,0.1501664684454475
-0.7226952050010312,0.21041698550098067
-0.7305195040515464,0.08849384880421571
-0.6965487665899435,0.0692885462894855
-0.7175989769766549,0.0029051880426167295
-0.783733880820569,0.05189758844686919
-0.7586418490865112,0.029881105838687826
-0.7588936544506394,0.18020389227851255
-0.7245439086770835,0.10690661367434044
-0.674369007343692,0.1346892800739901
-0.6826938351603691,0.06724356679514143
-0.7006460694679368,0.15518413149724608
-0.7899432237470527,0.14209783989498898
-0.7165331085508722,0.19636145227298382
-0.6619295351101928,0.16630848780171176
-0.7613772592479261,0.22442551735162172
-0.7229673388505841,0.16104023897179687
-0.6948784651572769,0.32537965015254894
-0.6941551448825772,-0.06943212030246523
-0.7329832008291077,0.037093675281077605
-0.6928693270381348,0.1257082810205858
-0.7503990626104217,0.1637939370337982
-0.7535927442539563,0.022349435048923394
-0.7091509022488073,0.20182159795098875
-0.7335660182369999,-0.007452735906082592
-0.7123681659780834,0.1899508155492611
-0.7527764414048499,0.20188083733690218
-0.7415379822775775,0.26062922538934713
-0.7943856666782328,0.1671957426124311
-0.707881826223912,0.16110914504914628
-0.8483127983619971,-0.06599279315965745
-0.7060780936125508,0.006748072487815533
-0.6255884832887094,0.21860225348243362
-0.746818161398703,0.22308244736441651
-0.7560864989135024,0.24709108851956463
-0.7953460029133906,0.10753617755829097
-0.7245459692087777,0.07462146770502394
-0.7491505716732466,0.1795894089058226
-0.7050481290868064,0.07139411420745553
-0.7882335843944721,0.004761566641303521
-0.8304525549761749,0.03860963490482669
-0.7484940287953813,-0.06547191234759664
-0.7779713600480438,0.13624151035729617
-0.6634417987188107,0.1470798724247903
-0.6107951535158361,0.2228600688867478
-0.6754185707514135,0.015686169477554694
-0.7188637117800375,0.19627336650086089
-0.726300422949149,0.15510685013711265
-0.7314064527637577,0.20185837571779086
-0.6838861201905434,0.11068022356134341
-0.7764127561088242,0.06560718130362367
-0.6262209780180258,0.2003397226130721
-0.8260742995186816,-0.039987530145344466
-0.6741734692408238,0.15085749999238787
-0.7248633107795567,0.11898514292250896
-0.7513041802848573,0.22249682186508393
-0.6614081308991729,0.06753991502449791
-0.778994815140717,0.2261832621216105
-0.724554400364624,0.015248180444511658
-0.8211630927964277,0.08779695259531746
-0.6402481770685894,0.14612420217403976
-0.6765503076849152,0.1690287931497024
-0.70682851859975,0.27732940513479454
-0.7188154126663935,0.024003342499373838
-0.6543990133168252,0.14704001299763123
-0.6964244644547696,0.11574087943622552
-0.6729872198600702,0.1940443774155218
-0.6433059655507761,0.1153675838409899
-0.646110789055784,0.25382649918608147
-0.7872242676901421,-0.04559628232721243
-0.7405182623613689,0.07318731721941674
-0.7248483727715547,0.18697339433924606
-0.7229351881328189,-0.021029976779734606
-0.7500155307373262,-0.1166224889399533
-0.7336063682700155,-0.03216636363387933
-0.7650042669124157,0.08590600922432318
-0.8135554505457825,0.01108888125408383
-0.7269695734386847,0.18475367414945246
-0.6353819209657517,0.18839999953920392
-0.7474173021999485,0.23900972890719788
-0.663747813788833,0.27404143875637826
-0.7118371285330443,-0.03075079996701543
-0.6978370252344871,0.31028296178688225
-0.7201050319483825,0.08375986852771708
-0.6873758818279445,-0.028727664072927133
-0.6950682222841056,-0.04142710993352316
-0.7812424212633343,-0.1159641879597198
-0.8102905849663822,0.041552866764456214
-0.7253440210919464,-0.03427207505735908
-0.7804029862242722,0.12793416820946704
-0.7189846972926832,-0.015177774351495492
-0.6553283863210803,0.288630662150292
-0.781492421709717,0.09507959065742494
-0.7626923818732064,0.007061848706748424
-0.7524707260805628,0.18646381078334745
-0.6255386054695083,0.3092201306650252
-0.7103194339610264,0.0019591523747312265
-0.7303228546754313,0.11912336825051925
-0.7318323142747306,0.24977858520630883
-0.752458477855697,-0.08134742900530566
-0.8175321084390397,0.05629553397987866
-0.825334416122752,0.005399326334272504
-0.7420522817637558,0.11833559449797698
-0.7671801735667598,0.21737819675414138
-0.7381500682146427,-0.022485788737515545
-0.6579539489999828,0.07110793375914427
-0.6806267587165731,0.0667381477675364
-0.7557307215774374,0.1257205651228725
-0.772303649527371,0.016358960829244328
-0.7295186272253656,0.19367173867547902
-0.7963537513244423,0.057571431935179336
-0.7343856424918246,0.0039708055861515015
-0.6227545557978632,0.2383589754426314
-0.6734132903848558,0.22442926902900245
-0.7023215627578673,0.21240472450149392
-0.7619421586060892,0.15366731519629098
-0.6820331831614868,0.13179871371685148
-0.8110231507224933,0.08294532818439156
-0.7772525489840654,0.087752429487086
-0.8009065579498429,0.08199233699235334
-0.6064783370684492,0.2107354866409446
-0.7207746198202685,0.06655133126363214
-0.7380357957495667,-0.0013952278998052626
-0.8168453617248856,0.08377452446076959
-0.7634295664327005,-0.1265887434817472
-0.7153595655581194,0.29217369382311464
-0.7290458837377476,-0.0013556993547799991
-0.6936698887745198,0.2540992848554634
-0.69005112769553,0.09656804114516045
-0.7110893278271511,0.03962883325599849
-0.7002956958310422,0.043850265808683446
-0.8057358623493648,0.05241277736224207
-0.7044394356970733,0.006374157104081478
-0.7328999355283797,-0.0667684144127177
-0.7531348866043823,0.142496109845349
-0.7425098919980577,-0.060547585509229326
-0.7205775125580818,0.13393840431151932
-0.764500954428997,0.20034816596696578
-0.7200961436870186,0.06008612280196748
-0.7860388843562033,-0.035354374522329035
-0.7494919360802219,0.19055138473117764
-0.7212056314209457,0.19924409674185592
-0.7102624300612449,0.17750227728441756
-0.7855671653569674,0.0658291183358175
-0.7426230913112626,0.21476869319116523
-0.7197922428735788,0.1690525712063678
-0.6417960631512328,0.23806142435090666
-0.6937043504052461,0.20184584546340242
-0.6694896983964304,0.05745738842868489
-0.846012443160487,0.021703306481609612
-0.6506157145521044,0.10381572979370345
-0.7196351891542746,0.012247273143675222
-0.6296786897173398,0.20258557560252405
-0.6947058788667151,0.13191846293066234
-0.6758745898074818,0.30912142178260493
-0.8207284553615911,0.039383798629729946
-0.7892749872474,0.032678197263031956
-0.7155808232628947,0.04550216670015305
-0.678070359667309,0.22572261369868157
-0.7233892909276722,0.27730807991661194
-0.698466708540588,-0.004022136512482171
-0.7626539600203498,-0.01965123688918934
-0.6595167268868785,0.1660189733847645
-0.8373287080908268,0.0034518826495804453
-0.7206673192112185,0.13716461776747296
-0.7552318007864582,0.029064443922236567
-0.7355862902867102,0.12675330031763687
-0.8067103301646146,-0.09199141814007562
-0.7519163472425336,0.022648618690420494
-0.677004963610254,0.10791300879582429
-0.767914044708269,-0.09607343002682131
-0.64593387795958,0.1676676455934203
-0.7810910645435019,-0.004167723296645156
-0.7645607748570744,0.05002192981836108
-0.705696514606119,-0.024813275147915915
-0.7476024987009036,0.022844321909781248
-0.7957104307665898,-0.005813455644936418
-0.6493226005698127,0.12649536289081384
-0.7341762020403273,0.13179276954710217
-0.6829872240035443,0.25439840206387554
-0.8206933307613385,0.11058926051241735
-0.7506951878494525,0.12202622817901658
-0.8441405225988753,0.01808591955116397
-0.7731103418445893,0.009886143450892181
-0.6327361161821811,0.21196011241010335
-0.8250451932063987,0.064842298750466
-0.765190620979936,0.07228620471478638
-0.7545845966874881,0.1506880990141628
-0.8168712543719918,0.01104851350941629
-0.6845371787606116,0.15069694591460342
-0.6801153219530711,0.25152595415482915
-0.7071581071205368,0.20958186312597948
-0.6911966087039471,0.14844335428679412
-0.7304686978741229,0.06855556815956042
-0.8586489592310377,-0.0221757446178553
-0.6215563036147603,0.23197135563175858
-0.724133316560308,0.12040526956471553
-0.7950280951447009,0.02035865564465666
-0.7153305796463763,0.02996937332412974
-0.7954859330032534,0.14769101031705878
-0.7382210063292722,0.02691230386547062
-0.7397782483218187,0.11948219813579317
-0.7513386835837382,0.1467622889853124
-0.7044803789165852,0.1408919124397239
-0.665085727708992,0.10686153931655762
-0.7876890987863783,0.04627702327838634
-0.7216316219624754,-0.004590236360485657
-0.6999804989750246,0.08086529856954049
-0.7271424629466287,0.02622437157103024
-0.7767344307074469,0.16755944455861646
-0.7856510221490275,0.01945465555046577
-0.7272871787268467,0.18480228393243234
-0.7113435849640823,0.19858055366187716
-0.7369269089976805,0.00808218561545294
-0.7580828132423026,0.09986413787284476
-0.7344797794220974,-0.002681245714695249
-0.7020169630738111,-0.02698949732248033
-0.8492820043223408,-0.011300211454042761
-0.7479492062816218,-0.05196040010150526
-0.6697432149252722,0.2627633898859921
-0.6764043519421776,0.2990745520468982
-0.6179255162058049,0.28101261683477746
-0.7485097919530638,0.1299299025849539
-0.7146556737898252,-0.02069036864188852
-0.7252338167629191,0.0900003889722015
-0.7811868747062746,0.005323327594336495
-0.7972035681227937,-0.0464384681515289
-0.6549317133871859,0.12874301092664006
-0.6795125025523672,0.23856168684211568
-0.649513300276989,0.15775223495799756
-0.6995386996770886,-0.015154581696485245
-0.7445184997172167,-0.036167875742450124
-0.7072239930514224,0.0466734502753479
-0.7705936066331568,0.2122790619660109
-0.8005532979801749,0.015099729647879473
-0.8090148442655751,0.12555441750391116
-0.7385605973265505,0.06369949849705683
-0.7841724778749679,0.12944813278845493
-0.7060863954959922,0.13303345821631005
-0.7985934676256584,-0.07374245498724169
-0.7363594508197564,0.06964014814260179
-0.7190419275816775,0.224313177951868
-0.7896176409996136,0.08339367578107877
-0.7395250943109819,0.027770443362740024
-0.7292462471092073,0.22373463851781625
-0.7196238281720566,-0.02001129884405317
-0.641799602893073,0.23818126637208906
-0.6896802186989855,0.16458329912582526
-0.8035381156357028,-0.00939232338606906
-0.6779006650700564,0.12072031904961966
-0.6871920234286033,0.11160167472323058
-0.6943199221180827,0.06494272870515391
-0.8165300781962385,-0.0794449436118212
-0.6648944142994536,0.1861530270514207
-0.7278281985637093,-0.031346646714760076
-0.7538321691614785,0.023057058625888277
-0.7409723932625707,0.037847529314014826
-0.7147811317851571,0.25175372100950305
-0.8447720306017394,0.04631610572674463
-0.7684293771668095,0.09840903576218367
-0.6896888283996042,0.04090917690958136
-0.6930700033191355,0.19560873266915552
-0.7017157823109976,0.2381892371839751
-0.6875890224902518,0.01434867503874012
-0.7922322524646956,0.05010946971614171
-0.7322277969056911,-0.05781743276293528
-0.654614801308282,0.09769800360079087
-0.7750746584281112,0.043052551989640316
-0.7256989415227307,0.01783792326015367
-0.6196555598125268,0.1893900049913417
-0.6922756195675119,0.1653452720672724
-0.6479244505380141,0.217231245044534
-0.8351311382456664,-0.04374757813285788
-0.6975223924129257,0.013731699671032374
-0.8142800146437176,0.10519807069409658
-0.7331414631166573,0.06450841407958016
-0.8172607621844891,-0.01687269977928638
-0.7259610527562198,0.0007042483654059279
-0.6938023340991305,0.08484328033099364
-0.7544022415639718,0.17897112955788191
-0.667463530541759,0.2644911966873502
-0.6685267413367708,0.12669467628427358
-0.6758896094663115,0.2902476218334511
-0.7729866863329177,0.2082378988035037
-0.706427465119728,0.10173601271619154
-0.7864839171501071,0.15041591113878536
-0.7507196862284934,-0.03033523816595215
-0.6156941572653777,0.23653695431920518
-0.807758982590286,0.09996553035243533
-0.7181881161603177,0.2261369420030535
-0.7429592928810311,0.1457150309896548
-0.7440847237423825,0.21069209670657305
-0.7197380815076257,0.09389301104535532
-0.6845376354738637,0.14697078088716772
-0.6781806584529715,0.17742665401438762
-0.7689461996691725,0.21953795499544554
-0.7200942582977033,0.09075055931751219
-0.7109229622715882,0.10560235731548726
-0.800109570584438,0.04911174667536397
-0.7459877696366202,0.045738985497290774
-0.7607248080822352,0.08270596203532736
-0.7383155081649605,0.13283536819510228
-0.8060422334514831,0.07847564989004463
-0.7117276860615559,0.18337383111195812
-0.733328696089748,0.1903297780150118
-0.8126925714708954,-0.03805281657680685
-0.7986501370467071,-0.04936251507475917
-0.7892158887016875,-0.0023164579111080606
-0.7619407266805445,0.20250687149389657
-0.655625232590768,0.24657082460434276
-0.6242155862323719,0.23970389248486354
-0.7467092324654312,0.0748287744558192
-0.7168242980764232,0.03160490779309406
-0.7565743928594793,-0.006834521202652954
-0.6889259921715772,-0.00004846216574941719
-0.7285028933948066,0.1851112767651153
-0.6940753380260617,0.1172984325482586
-0.6711239737477533,0.14966325420883567
-0.6527200795814296,0.206581412895956
-0.802950596344512,-0.004884786782056828
-0.7423978044685624,0.11539906670003275
-0.8231111331614903,0.13837392016449243
-0.8018630462377452,0.02960177404997042
-0.801275184476227,0.08688677541688074
-0.7770036711875057,0.02559365802595054
-0.7847250895546984,0.14209693456903316
-0.6752986034420889,0.17351781542231762
-0.7180996225202414,-0.014405296289349076
-0.7789565434755891,0.09139369702315482
-0.7326936571064219,0.18354321057120063
-0.7234245598939697,0.05212592714576421
-0.7150422162178568,-0.0022364081526423957
-0.7659433270018084,0.10784996284235636
-0.7776097298686577,0.02499410768613638
-0.7986347926824672,0.12407699570458651
-0.7237286587466606,-0.029165185069203174
-0.7799147808362447,0.06037053244265752
-0.7642415283191407,0.1440999009982529
-0.8162140985184838,0.06382627450569775
-0.7503882104628334,0.02111973031143919
-0.6868885425306746,0.26624466520681095
-0.6415751110102078,0.2226549022521357
-0.7200636582468244,0.1455592321473998
-0.767096544076236,0.033113216964781554
-0.7894920068763976,0.13119001953594386
-0.8034497959041674,0.025960915199325713
-0.730330340258092,0.08105113080305112
-0.830749236986088,-0.02558264872189028
-0.7844429812995801,-0.025767198197069806
-0.7195116386588545,0.08854484383598402
-0.655454278040844,0.15668735637301742
-0.7661923708380067,0.159102001743324
-0.7591605074514767,-0.07149346581480023
-0.7359505664844754,0.056179562267294286
-0.7399921462590926,0.10427712262288945
-0.6471286387241197,0.21056831733225678
-0.744972270253692,0.08830654926569084
-0.8021061675439236,0.1609521554603679
-0.7681772100557904,0.03632396693132848
-0.719577781495441,-0.008679860004709352
-0.6514550217436313,0.118246494127663
-0.7886620323523906,0.1823366953147752
-0.7484080289848768,-0.033801646532220356
-0.7496922009621027,0.17153062294197396
-0.8060722410180805,0.05149496194793695
-0.7113002125061278,0.09175271540035569
-0.777367617061774,-0.01968359324759163
-0.674280730790979,0.07967567574855171
-0.7912441717409376,0.15022541865778344
-0.7829181128939379,0.1444517151907293
-0.6487188520132804,0.1891014016199223
-0.7203780486379344,0.2056505770413587
-0.6668342257096167,0.0392940489767129
-0.7701376262987737,0.05455520588403262
-0.7335129487370718,0.0689355256221495
-0.7979601156096146,-0.03356507857234639
-0.8179148938463415,-0.005158674365973708
-0.8079160668681941,0.06709997936942728
-0.7279623072308206,-0.005832765387385783
-0.8278115150903113,0.025521259645740604
-0.671202103866624,0.17393715085224393
-0.7979154801261806,0.12431960706240171
-0.8142950833866985,0.10697086559385147
-0.714737880806586,0.1752904665649845
-0.7703745806578487,0.08812371991102122
-0.783222625503764,0.07604700983402865
-0.6949117022701421,0.12439772157594262
-0.794521134101196,0.11299118520871655
-0.7880863232258511,0.03531820935305603
-0.7264877271245681,0.112831029253676
-0.7053885159660406,0.10753329679248713
-0.6537892871711676,0.1612956200097163
-0.7563531939510899,-0.015344622358474785
-0.7810598412190344,0.03963964967175953
-0.6697876767146193,0.23778317736451426
-0.7716846594805976,-0.05680097768301833
-0.7810894704776359,0.19458855704641895
-0.7554087170875532,0.13512374607313082
-0.7465288436812633,0.19000767424496862
-0.6869987423834494,0.18558818561457843
-0.775497629079696,0.13151180990404934
-0.7135774784568969,0.1561646894073196
-0.6482166287871874,0.15158049145028907
-0.7174550121543264,0.2006156454765918
-0.6254630719736014,0.1373999950477833
-0.6965959251566076,0.23845497237361096
-0.699230548611056,0.17579839144727386
-0.7337943485283777,0.06259698437369786
-0.7634963080166197,-0.03678627680532809
-0.8031522080277542,0.04306638869292007
-0.6971752140651395,0.13272172260501552
-0.734751338000161,0.17537484721178356
-0.781743986738325,0.054452931510337955
-0.7740446358019766,0.0599181169101456
-0.6543039173427841,0.25322545389747725
-0.7513079148083299,0.15593094050191617
-0.739945578846101,-0.04075390215257861
-0.7615165629131185,0.16831253193252563
-0.6991600529890363,0.030222391261955802
-0.7230778675320495,0.053828241746938336
-0.7441159030794733,0.2127792937173953
-0.7765236581386482,0.07141222798168458
-0.8278288349043498,-0.04975333853792388
-0.7240962632588303,0.09854155035211502
-0.7810923577037419,0.13662354774998406
-0.7300591048388387,0.06492677509097387
-0.7897613709020199,0.1269541102961146
-0.7526424830359664,0.033387349839025936
-0.7530194231558847,0.027569010641134876
-0.763756275298903,0.028745899609647487
-0.7287493854922299,0.18655286986085015
-0.7769397329025816,0.13005842219516575
-0.7145639866063358,0.18923491177176097
-0.7440675150480373,-0.019787501030236677
-0.713144058950171,0.20569832959626488
-0.7883806933780795,0.05887948299953216
-0.7877949864158845,0.08108683398689402
-0.6581967597139519,0.058509786694083216
-0.6894192110166792,0.24858681096830398
-0.8123894606054969,0.13083709132781107
-0.6770355832533462,0.19489979167373217
-0.6726960561108513,0.13418840657065154
-0.756063044738406,0.20630231807060687
-0.6627715037164861,0.21931716276802896
-0.6632674381196426,0.11360019978602513
-0.7480119815110251,0.22368723288198153
-0.7397858573424779,0.17752911284091785
-0.6470907517006947,0.07765442468071643
-0.7233726304528343,0.19684201406650703
-0.7460475830732259,0.24116193855829954
-0.7506222140699848,-0.008589168014950892
-0.685479838748204,0.17451102430095286
-0.7270029619581657,0.2275506924070466
-0.6450412447490144,0.20440795511348106
-0.8166962421125867,0.1406868774287148
-0.7088775976187626,0.05716325580253585
-0.7360186651208197,-0.024596124549152835
-0.6696928266404019,0.09771049117754879
-0.7499435878687029,0.07084300479878207
-0.736156075199481,0.15654343067577442
-0.7628216505773098,-0.034331215874180185
-0.7788523195553911,0.05548729272120623
-0.794173181124229,0.16609511178730743
-0.7152267697185041,0.14157052686269578
-0.7349107998598505,0.025132252168560285
-0.7486444417025778,0.22066365841287086
-0.7327348974561908,0.011056514820029084
-0.6595879843103913,0.2569882833757612
-0.766665123426674,0.18615665326532105
-0.7723749242819741,0.14404122661696034
-0.7280104777334584,0.2056887847193295
-0.7237514976455723,0.0764710480524847
-0.6715225088496614,0.05876028925739055
-0.7013162205791039,0.0134436216859025
-0.6749143666518534,0.136745205219656
-0.7265374448333892,0.02281190686332388
-0.682921258844673,0.08614237282198844
-0.746300784385661,0.09973707992328316
-0.826523853553776,0.05023394044500144
-0.7749249909821925,-0.007637580188949516
-0.7276280636625785,0.08094962903479912
-0.6825069288045897,0.25109611780222435
-0.6776447150152114,0.19496134491628864
-0.8144523502641388,0.12519600807216213
-0.7137832954852025,0.11776274340094807
-0.7402858945121483,0.17433834833305428
-0.7382193521574867,0.1505308253451058
-0.6686236577221599,0.2510871258767592
-0.698838858073865,0.07578765876128948
-0.8179852783972335,0.04685645220929221
-0.7523082067651168,0.08410546722758379
-0.7213715413781978,0.18970488723549533
-0.6650477016103299,0.2363182316220749
-0.7576561968647804,0.15168620765119528
-0.7256989950297039,0.0662010025755604
-0.6644125314819624,0.13552331825327066
-0.7478989141396183,-0.031132904008062828
-0.7623241024286627,0.1643683705316784
-0.7740688315151852,0.06595764826914266
-0.7670604681646569,0.14101207461624343
-0.6789516519112068,0.05867457900815682
-0.7200587506459875,0.09656952739061792
-0.6756442353927865,0.2177337132930555
-0.754405753831247,0.012556082783827461
-0.6943191637511471,0.14277429529816973
-0.7005540983259209,0.0746793239867562
-0.7433842624737411,0.14368019712558355
-0.7829433164303815,0.13068826731609337
-0.7073079504259343,0.23161716405623542
-0.7021084306154604,0.1959897286532125
-0.7958855938096976,0.10048284372593198
-0.8114565640687618,0.05031123932945518
-0.7307073437584577,0.004608382659240729
-0.7436085367526338,0.14706812672578462
-0.782302827047233,-0.055080337352925765
-0.6455873034206441,0.20214428577701826
-0.6842872249822378,0.062094274893301354
-0.708251127136114,0.22439935986853526
-0.6587634647047879,0.234751505005484
-0.6976312274724247,0.19153380951157462
-0.689602892787818,0.11282448719426103
-0.7108049842630236,0.14044220306091826
-0.7751110629655235,0.01636675931214463
-0.7085495588126531,0.04240339962467776
-0.7748079787279253,0.00935682323704411
-0.7384594882994377,0.1099968382436603
-0.7556714512320988,0.0901120547590201
-0.7617908597548895,0.15065143393775868
-0.7184772294086497,0.16560870456601184
-0.7098506850843569,0.15597515039685875
-0.7818534931507063,0.09451801946446971
-0.7863364078516989,0.08944902902580298
-0.7941479720724188,0.11808743240437594
-0.8102681167007809,0.11200042697354246
-0.7944837229789694,-0.015340732885151816
-0.6704177732630342,0.07844274394793542
-0.6923739458728375,0.16230764976622278
-0.7141219328411627,0.1633050637121284
-0.728389197874572,0.1720566574436553
-0.790425076946052,0.11748411523943474
-0.7748405241379115,0.10136592503393392
-0.7391619753270254,0.059300282981787134
-0.7451718437457681,0.20088830666642168
-0.6748963573466872,0.07909526691508521
-0.7725475143565387,-0.04164096988832624
-0.7676038751409248,0.1059661752392372
-0.6685159271722243,0.20004431563746936
-0.7653728384724402,0.07648029175051377
-0.6980835226649164,0.10323122722797862
-0.6978574785697514,0.02682488692661299
-0.7928019236089519,0.04093033156872523
-0.6995529289744203,0.24372516335121383
-0.6562730053141901,0.16364589594919685
-0.7597090812488483,0.20440612250788523
-0.7156926148766329,0.12869433441113892
-0.784787055546035,0.1424597731890983
-0.7247540404210677,0.1751845415939911
-0.762668593236171,0.0863993933738411
-0.6967028992996979,0.16280896726537153
-0.7534380732536459,-0.009349819689716717
-0.732515748443857,0.11487538381122893
-0.7640437015978516,0.10953818972856694
-0.7705239746487376,-0.05693928322077365
-0.7338042765368634,0.046012043124198786
-0.7138835046874366,0.14165604707275914
-0.8047240083736577,0.1427326083955725
-0.7884873740150923,0.1023237871015954
-0.7170630541802554,0.0912020298324052
-0.7614509599075411,-0.026132838074236633
-0.7625995181528336,-0.02580511205344825
-0.7691323893906434,0.05603573792231379
-0.6999264457051785,0.12926335750966594
-0.7472432766275963,0.10018106108936418
-0.7710519664553174,0.04785779635595213
-0.8165862237516875,0.06498277933978545
-0.7110692404947687,0.009269889383272063
-0.6762995201982428,0.09133985951906079
-0.685426828361181,0.22696411126393234
-0.7624274494791973,0.1603978742367989
-0.7535716184240532,0.06281566572291959
-0.7658037366497571,0.09119508143851256
-0.7655202436852966,0.17523192781808594
-0.7118336324650071,0.015114371465524702
-0.6330964307586209,0.21308785031765526
-0.7503130885217081,0.12848272296918992
-0.7500233472167896,0.149318996296276
-0.7793579670806574,0.118750990032053
-0.7564311149923707,-0.02058931741703441
-0.7490189195025039,0.1705802747647516
-0.7397828691966009,0.14839044044090294
-0.7954741941120055,0.12039098736709264
-0.7656156274558319,0.05598827333366789
-0.7913983366779341,0.06813604794933883
-0.7298372591037463,0.18885147584410078
-0.77468389374792,0.1415246902756238
-0.8055724719298027,0.07923419113373231
-0.7854644416108421,-0.026686173331733575
-0.6772178993573049,0.16469001702626013
-0.6322096866518432,0.2084062277150694
-0.6608687760408792,0.13248632226445176
-0.7348065371831292,0.14897604390156294
-0.7732668593102807,0.14663592188277136
-0.7605533920038314,0.108681198818389
-0.7215832299986829,0.18736377986637728
-0.7564951681893184,0.0074234439521465995
-0.7082783487940534,0.07095533028581662
-0.6610471219791318,0.21154770300065978
-0.6891779450506751,0.07565868113972846
-0.6772499172265957,0.2235966695359523
-0.7699372473119437,-0.015033976186890898
-0.7189933593186568,0.12184802913138765
-0.7113099072424865,0.1872167026437191
-0.7722281404732145,-0.016078146192676668
-0.8092881022948314,0.1409507291364745
-0.8100914669068822,-0.010612278929912348
-0.7708772218198097,-0.00852865671251965
-0.6688272257921659,0.20166692404940303
-0.642859156439759,0.1545242480884098
-0.7734908312294869,0.1701386469023973
-0.7378650839483183,0.11323243554484994
-0.7655136724973436,0.0435718664388829
-0.7417453206946886,-0.0033563188742097654
-0.7862933047256173,0.0784154248211152
-0.6884171933943191,0.1957270796321293
-0.7790384625348998,0.08031655363684743
-0.7085989505961364,0.10110540378587221
-0.7686102273073361,0.13208758960876593
-0.6468479456904455,0.20483969335085558
-0.7960909092605969,0.10114550789132783
-0.6965436026280566,0.09835973649781092
-0.6913797849220485,0.0363719355874202
-0.7547367652001613,0.05099062359139258
-0.7846890248828671,0.1287681841321626
-0.7027369765798315,0.045484272651220924
-0.8090482070145485,0.07424741334011069
-0.7314314703728368,0.0463187143319888
-0.784389856053928,0.08424269688920817
-0.7229980391206191,0.16843001586243042
-0.71305788999482,0.1828067814008062
-0.660329509716083,0.18321906143867547
-0.7947648160087608,0.14016711770707238
-0.7599131139967507,-0.05010523286996787
-0.795732827041246,0.13420143190285874
-0.6551261037896184,0.0967477104692186
-0.7203069222989265,0.07620732685852034
-0.7504772723571674,0.0978946548304226
-0.8234554725936787,0.044582891862461504
-0.7515704789867089,-0.031234456390362805
-0.7788139003798961,-0.011815676479546271
-0.7647002829301052,0.005050910330529592
-0.7346598635115233,0.10873616250015088
-0.7200727919840554,0.010937392268764487
-0.6918798845856415,0.21522714768881207
-0.7197076703701684,0.1827684266589998
-0.7205732035347918,0.1603663260020626
-0.7777407216482282,0.1660812278348749
-0.7986871122877225,0.09560818877103675
-0.7981213021043483,0.005026663092617721
-0.7048995256626066,0.045190058677596436
-0.7684361661884866,0.1673924645724933
-0.7955660954084225,0.020502257481560995
-0.7101874895444309,0.13061267117469083
-0.7053356290346239,0.14419153623031203
-0.7765672802148701,0.11286016359930173
-0.706859054594588,0.08497952638862295
-0.7037937623328937,0.16241382961012232
-0.7965317923731733,-0.026363664927625825
-0.667759497128474,0.19896600611255996
-0.6736638451234221,0.1613817105947915
-0.7942144349072064,-0.006739845375770244
-0.635575281322252,0.18265790022479303
-0.704031467542662,0.09067079482814448
-0.7260279113808742,0.022943428626427214
-0.6553958662223476,0.21328762534193307
-0.7685981663551542,0.08488602970039089
-0.7305965587597846,0.2254526943793535
-0.7165653387473494,0.06241389540735633
-0.6914262311657023,0.17507779502045523
-0.7518089911929924,0.11013356886346473
-0.7180361788779221,0.07935963998700116
-0.7631555699345377,0.13521615880010995
-0.7791601401832707,0.07148581313976951
-0.7798830127339687,0.11845410500052968
-0.7734869427582617,0.007603008154761033
-0.815569385323204,0.048910445803870585
-0.7776036143131364,0.08197353695405811
-0.7268487391428785,0.09806742709850308
-0.6885342681107155,0.20601554757043025
-0.7326735147118191,0.19908931720484255
-0.6691287692687532,0.22848566476398707
-0.7862367134288999,0.12010131158797521
-0.6960450794598962,0.06797252707172245
-0.7453157179872714,0.1266302319737388
-0.7082599207587905,0.1729271311344832
-0.705565943551823,0.13673386559172007
-0.68793275349732,0.1147357293464628
-0.74004837441576,0.16286897080209842
-0.7970778636416586,0.01735431261249867
-0.7594534171048745,0.11690563345160095
-0.79352976734477,0.06673220889221995
-0.6482663230965164,0.0977609346730759
-0.6533778538357263,0.15122988064156365
-0.6689413787393224,0.16210829015614794
-0.6774926533522145,0.13649097392717138
-0.7305892996141069,0.12557470086643252
-0.6703015826948049,0.18447854428149324
-0.7781399591353247,-0.014267221778523676
-0.680347539643,0.21847750151432666
-0.7334479817644933,0.16609396794079123
-0.7542246400280367,0.12858038296822422
-0.6403766947646471,0.19152572857926586
-0.7694725788602669,0.006174922565469157
-0.6989666010777354,0.2175268740064494
-0.7093918916116145,0.12373976331824782
-0.7011211230096441,0.15224586305114288
-0.7599383057058493,0.09812226474713037
-0.7518551882550524,0.06987225023549395
-0.7713210356260951,0.1318198714109492
-0.7614937108580454,0.024248798124745407
-0.7822693445705257,0.07436337643748267
-0.7687074280459583,0.06755651469008896
-0.7664557213475579,0.11175095529777049
-0.7229813821439038,0.09423341268930227
-0.7782345656060862,0.12419264585798366
-0.7443762349430311,0.01285200743109455
-0.8093874862986539,0.017037371657435067
-0.806766614231289,0.010720479665553954
-0.8264980684396921,0.07007907189955401
-0.7485568106158342,0.04168454789359376
-0.7236920643274255,0.13943270213592648
-0.744243879815464,0.03619592165407701
-0.7052618392429293,0.07404404227441916
-0.6902823278739404,0.08883914586665077
-0.7822862123850635,0.048222620995807
-0.7492513645385095,0.060205742882683946
-0.778203613226025,0.1172492832483342
-0.7736550581805282,-0.005382909650519437
-0.6979678530120327,0.1879742228954061
-0.8021012453689114,0.14356589455907146
-0.722952340701207,0.14089257088001497
-0.7173514613035742,0.1256378427310704
-0.704277919651742,0.13189026043527627
-0.8197596040329139,0.054718742041604734
-0.7247199970432626,0.09112982296756056
-0.7712229598227586,0.14516025585803494
-0.7948808402995783,0.05550261424341852
-0.6615408017772918,0.1171511011359173
-0.6505769790068938,0.19303649186899105
-0.6472744072166409,0.2244608422057916
-0.6627950665099176,0.22900141453171366
-0.6739807629474677,0.19494014874605975
-0.6474109087833663,0.23782662684439054
-0.7509405648229606,0.1751911555118016
-0.703622991763266,0.06489080271846037
-0.7622018011836442,0.05308509915620368
-0.7028942803678878,0.0626465540797245
-0.7245129797938157,0.05611824685045052
-0.7419045829331394,0.1492564701367652
-0.7341562691086565,0.1867809678071005
-0.6923535294685274,0.09782534686977498
-0.7586937359449539,0.15335512871442633
-0.7416493396374328,0.1498375192277727
-0.7070346341374003,0.2047294762306429
-0.7346074003449676,0.16087982834911738
-0.6477722413999671,0.16935713185428705
-0.6548546369210532,0.17448684692152933
-0.8097675325876178,0.08001509639436427
-0.7248515536917728,0.07645659888616904
-0.666199315096326,0.1724218224972464
-0.6762105809044612,0.10609667059831168
-0.7074365209096978,0.17799427210674318
-0.7282445055669877,0.14978170939178762
-0.7453938285864786,0.1000097469758407
-0.7771849998834971,-0.011903472222901742
-0.6944831783370641,0.20719167949813114
-0.7257777073586652,0.1725694733180743
-0.7802967487677932,0.11519416518019643
-0.7103011029871259,0.09496033166500403
-0.7580910938557983,0.1334939630043213
-0.7288659041681577,0.19842826233845795
-0.7525000156987148,0.10152125721170463
-0.8061389301853829,0.08938728582142494
-0.7811182823428273,0.09135486410809247
-0.6726942211516895,0.10711215273252736
-0.6850191261581942,0.12397256219527533
-0.667303908168035,0.1481920544590607
-0.6800781005966051,0.12136184798916809
-0.6878997548061327,0.12837876733172945
-0.7009741728516535,0.07007488091971714
-0.767567609010369,0.09870505152659016
-0.7090923906965442,0.10889299809430741
-0.6621500564637796,0.25306563731673565
-0.69324915364904,0.1994740802496611
-0.7216777037030325,0.1100087616517467
-0.7642555771204202,0.03171024545132462
-0.7471038369812957,0.09821126759876038
-0.7414653425093002,0.18075177319308666
-0.7746217754964946,-0.013299748498216215
-0.7065356673787601,0.06677215474994855
-0.6801384377792252,0.07887366536655845
-0.7533406047084724,0.18780556245418079
-0.6739649069708913,0.1908051134828099
-0.7938767000346958,-0.0026300933056368873
-0.7476466783297208,0.16639018501769717
-0.7063044057182565,0.04987553049928507
-0.7719595166296567,0.06766842613638213
-0.7505838546465953,0.00024885478232130595
-0.7680256595765114,0.11913993259318144
-0.7819916348358054,0.07949305952090037
-0.6826532373164528,0.24287499731536139
-0.7886988579766903,0.15359645135484934
-0.7345302657440392,0.09125494390434975
-0.7556107234115378,0.1409745955435794
-0.7591317724427642,0.014920551665242428
-0.730218069981343,0.04839619939140118
-0.781929687615939,0.06152690527897827
-0.6924046158563693,0.08160224266002018
-0.7516375113322905,0.15628216685297952
-0.7323038161263328,0.11661489967736086
-0.739455761048439,0.12585709048088067
-0.7243149522344977,0.10446736150213143
-0.7008860758433688,0.07440686430429284
-0.7392224456347114,0.1045936762288634
-0.7184264116305503,0.12245468262861237
-0.7565485935645413,0.09040545731303334
-0.70739809971213,0.10371915426865032
-0.7296872167410913,0.0847897639863284
-0.7433099618645351,0.08400077065139216
-0.803920803289845,0.04371306628516444
-0.7084932990777931,0.16009408350479323
-0.6817976250545551,0.1721474520722167
-0.7795759878124467,-0.02246593702084153
-0.797352947359406,0.10462225307126966
-0.7846071514949575,0.14068453359134375
-0.8180481843311741,0.038427412356298395
-0.7134882991547775,0.14830362303702735
-0.7571758247356983,0.0637816688006966
-0.7131418749304681,0.12120126215911785
-0.6859345226334678,0.06470371111973089
-0.7633076161020023,-0.0111949844059753
-0.7260401300070748,0.06645309567869284
-0.7362257505816671,0.16026146942568673
-0.7406021597551327,0.10525536160542498
-0.7287357806091859,0.03293309142299338
-0.6920164589829891,0.10771230489362223
-0.6643282887673397,0.23766358536663404
-0.7789740876063578,0.07595013062284207
-0.6511866241998358,0.24767192565932308
-0.6959098453839164,0.16455915320131928
-0.7152735451742004,0.12200295997637617
-0.6423738252984852,0.1716233023243072
-0.7132508755243229,0.16678590979467153
-0.7053374873079623,0.2109485994245823
-0.7861569189603563,0.036050082721094466
-0.7101070254858793,0.07163121545647526
-0.6714489613454525,0.23985737032756874
-0.7676922086478896,0.17032564061049907
-0.7517405210788625,0.023608390322242826
-0.7515329098049539,0.10837057682513919
-0.7029605252211378,0.17759652235166515
-0.8015393303486482,-0.008951200129843703
-0.7756290916728981,0.07518851135153021
-0.738001860316314,0.15069423696722023
-0.725367237229128,0.13408949621582728
-0.7527862047205963,0.12553349404208777
-0.7450288991973764,0.060069661821436277
-0.7551776228658884,0.16451379851854261
-0.7167688263467176,0.1592174616965658
-0.7510201825981598,0.05256100388425043
-0.7275166604499821,0.14070587668161966
-0.7659981296082418,0.04740136527269924
-0.7594572457091935,-0.010936468588320775
-0.7533658727739803,0.17475892077504143
-0.6879239578857498,0.1533363701658688
-0.7479340014109094,0.07498159402964316
-0.7179603860243337,0.20543583103575905
-0.6961083800529101,0.06875623831810129
-0.7668755988694158,0.1309960938269161
-0.7740670670071818,0.03637855479074702
-0.7497344340587874,0.05982929430583999
-0.6845023680930242,0.17429384283116028
-0.7313445367430499,0.12790401822322453
-0.7707376157607255,0.17853222050312217
-0.7681430828566604,0.06020574283929892
-0.6347189418943444,0.2098348877855121
-0.7764522557817558,0.016193907500567966
-0.731376584515,0.1806884293457268
-0.7161099215680788,0.06456404948898968
-0.795498163381618,0.062292143147983696
-0.7623349428659996,0.09357163826445672
-0.709940909876483,0.11089999180679866
-0.7009132121886108,0.1457066490874626
-0.7058469544082678,0.13952533998477049
-0.6714796617633718,0.12560502697431905
-0.7613962375348767,0.05341136299637633
-0.7129113282515847,0.1656086582829917
-0.784375529301514,0.1548838411962827
-0.7599333022929607,0.0814001425513089
-0.7616629333091723,0.11915101069174754
-0.770804186624932,-0.037866036469171374
-0.7440249542505812,0.0722862228812572
-0.7083222269543498,0.06958080210485826
-0.7776711977054275,0.07594994739076608
-0.7701409249091828,0.10568850974248198
-0.8092671519603761,0.058909359361115236
-0.7215444737192134,0.05123809269928958
-0.7260476724150744,0.06764471629618497
-0.7959177185778754,0.13795955444174365
-0.6645510211898883,0.2276160412440086
-0.7517786309604124,0.08329602838720447
-0.8159969920709568,0.0176770436431292
-0.7984814105371311,0.10648095916381818
-0.66180902202565,0.14975131144800022
-0.7794513827643529,0.07032077357877513
-0.6841005384705835,0.17446536642454247
-0.7744446621928467,0.11439313772143468
-0.7632679790738984,0.11962406581057704
-0.7396290112284785,0.05580116395742558
-0.6987101777813552,0.14133123386686589
-0.7669029862592787,0.12203174320678502
-0.7870789354044397,0.1295927409815183
-0.675217306422404,0.11019069199471851
-0.7430657441977453,0.03441139362202282
-0.8134897377440489,0.07987631313150242
-0.71457594448151,0.1906605779713337
-0.7128833705722478,0.15989411014034086
-0.7763359237304746,0.16829219416915459
-0.7277983629437585,0.16826732719335097
-0.7578943256102361,0.15315080381159382
-0.6926262600911076,0.23139480388198375
-0.6879337851506504,0.1553957659339066
-0.7891982270344399,0.0002222197978643274
-0.7026492577739168,0.18647544314636472
-0.7687697391081824,0.0642023222010806
-0.7216828213900967,0.13858481187595148
-0.7006684640110978,0.10824018595855249
-0.7046265554205472,0.15362614751003018
-0.7423406823126697,0.06363583142382027
-0.7730010105176047,0.07612913323908843
-0.7282941486991489,0.16931177713002687
-0.7722363285118193,0.06829338254345915
-0.7935982436451781,0.05689044882031203
-0.7131821024875287,0.11489032481239393
-0.7423083049760691,0.06880293275583661
-0.7489821744511029,0.0530073730082071
-0.743325064896503,0.14084341515131793
-0.7034259903457293,0.09709614811944842
-0.698044687677723,0.0515650413106342
-0.7731172174471791,0.025466524548455216
-0.7489309976921816,0.04866984157547974
-0.7744469416748675,0.05808103440167519
-0.752169632267617,0.11344606682469105
-0.74124160850543,0.19182383922719842
-0.7715792035861749,0.04497392009954995
-0.7685012866858258,0.07106875202263674
-0.7452916405476935,0.10888247140511113
-0.7252924929192367,0.19796800374704243
-0.7643724592798041,0.06819350645403947
-0.7595919878812128,0.05973393795952605
-0.7921067066933593,-0.009095058923344754
-0.7877304602062628,0.07370612006924215
-0.7872745663455197,-0.013202914178995296
-0.7528252013684649,0.017027815384884213
-0.7445087362817108,0.13345492653059798
-0.689810385583061,0.04582189620534127
-0.6656288926925807,0.21549307972173767
-0.7784302985162795,-0.010306755066781817
-0.7531902755317171,0.028466716910736347
-0.7494607474695472,-0.015732456788253548
-0.749462323902057,0.12623198068044095
-0.6860943158726122,0.08585364880366012
-0.7761246202033,0.08025612228920873
-0.6933898248423398,0.11100560936102657
-0.7581263390085856,0.01583743996043746
-0.733316757332018,0.18579909445353
-0.7398875362088263,0.0999641813194444
-0.7466578382310294,0.13314839502194106
-0.7374359103755646,0.12410144145229156
-0.8060700348704324,0.002687807660633477
-0.7559990583942163,0.13931194359474672
-0.7430203331984021,0.04487514656627976
-0.7432888064956762,0.12175225698330504
-0.7434098374615682,0.193268977605994
-0.7678992186577849,-0.005403144953108638
-0.757274275641746,0.053547217247741925
-0.7419058299797608,0.17991572640223458
-0.8004202576069347,0.06184357734960806
-0.7127125146467611,0.029272810771584768
-0.7235196722910557,0.09540688094107938
-0.7449530795982983,0.08789504349297646
-0.688897207202856,0.15302927993043963
-0.7808228708464307,-0.003966213220460256
-0.7497966193613087,0.011885476773378036
-0.6721203315520446,0.15074181980092724
-0.7373773849097734,0.1962555688250474
-0.7523200783394748,0.07235106033808648
-0.6958631107543889,0.15035227714907334
-0.7343552429101196,0.1840544002623803
-0.7810035139121525,-0.015657130483078697
-0.7640629339744,-0.02041686419377379
-0.8011615942468017,0.07668592275257877
-0.7141872774900639,0.08785501183909535
-0.6808707421078758,0.1664006203683658
-0.7304866638466238,0.10018190619583585
-0.7464554638543824,0.1500012796576943
-0.6697550462681678,0.16033325700418166
-0.67681169731136,0.1762497795725701
-0.6662497229050934,0.13347038948034837
-0.6501696620503743,0.20178862153508195
-0.7897081545499623,0.07505388754386756
-0.6652359405491796,0.11046053159544372
-0.7523512978192283,0.07292634640985372
-0.6904189262695042,0.09373669990144082
-0.7609642045708743,-0.008911362104136851
-0.7739186551797065,0.053720485676599074
-0.722989789047019,0.20605169951528027
-0.7344544019024131,0.09370300254491339
-0.7558234486784429,0.11862031375340058
-0.7746658214432887,0.07810062943987711
-0.686132130098311,0.10558353487345407
-0.7754654159872929,0.04239879264317256
-0.7582230250125389,0.1426433783155425
-0.7231387880324097,0.1119513251152634
-0.7319387866606076,0.16089287154294465
-0.6945897144528056,0.14731345646941002
-0.7301885123171182,0.03515536819574787
-0.7396025558797592,0.15614884274705385
-0.7367623956824201,0.05124362845973218
-0.7113816591227579,0.22859167348645465
-0.7508025045604686,0.18727855346316777
-0.6926403034741342,0.19649846777690883
-0.7145267330030942,0.10503725250721281
-0.7451320238852972,0.048614376080210735
-0.672525936732473,0.12021733977167685
-0.7619009073940057,0.18256488604443108
-0.6850610818871373,0.13592457826928486
-0.7234341168025514,0.07737733056773224
-0.789809686440453,0.10208827076179522
-0.74911347523497,0.04434353114765444
-0.704010889038867,0.1770340181187109
-0.6745503206851856,0.16183997420615528
-0.666317494490693,0.12871070590089945
-0.7103502147997794,0.17914935544908814
-0.7771493216774653,0.05111013178706058
-0.7917477794748994,0.05080192720408315
-0.7220545336456341,0.10189687484891062
-0.7446409440721223,0.14083079904661838
-0.7049278236987431,0.0711659974678825
-0.7057472274897073,0.04741958667830654
-0.7784028458999549,0.0761700423892018
-0.7711502859629124,0.11566490499978425
-0.6828398121502705,0.2183075243752698
-0.7785758484063336,0.0045230552951833975
-0.6760627794213496,0.09964484353207333
-0.704547234583627,0.1812252488841155
-0.6875278791636749,0.20184848398337746
-0.7027144991209411,0.2143405384326255
-0.7359216986138085,0.08243662913543044
-0.6920875643560148,0.11914592630384634
-0.6816802281334199,0.13996233691365123
-0.7429407438977659,0.048081418479803906
-0.7595219741702851,0.0816362142685216
-0.7495360622690371,0.04424087297338423
-0.7794949295305288,-0.03991843694335224
-0.6972620285548597,0.06364704448279272
-0.6805088659861641,0.12048056828631873
-0.7011551924876163,0.11844519848374685
-0.669733912262315,0.1774937525475858
-0.7089050975752833,0.18763304303177342
-0.7560532268046888,0.031651394748989994
-0.7474527715226896,0.171663375024846
-0.6628951929393443,0.20200738532930235
-0.7177256282935187,0.14962212366297492
-0.7671831417047783,0.11661348982028177
-0.7135066758136676,0.22380732985535048
-0.784724918144092,0.01542970116804867
-0.7977807188547733,0.13278503459167162
-0.749623727272421,0.027665535526981
-0.672374333932578,0.1682851127063661
-0.726913159692219,0.17653748442492398
-0.7728870796418695,0.028669672567400665
-0.7063734121629625,0.17653107076840874
-0.7167929743820691,0.0813632462038141
-0.7035147787623761,0.16897136233905818
-0.7202432563578499,0.17317177646653287
-0.7321703567936301,0.0781609771520242
-0.7201677922346555,0.15264074461227925
-0.6822202363811674,0.16831423284941924
-0.657772277950163,0.17368280470880973
-0.744384175733022,0.09159760528602161
-0.7736001260459408,0.10974064164989142
-0.7126744936123063,0.1776400263620959
-0.6692788547690621,0.08857106675418569
-0.7681285622762619,-0.006882658940835285
-0.7052919996021009,0.052774625238771126
-0.6997207402868489,0.11642189697667583
-0.7330819592029526,0.17515145163074955
-0.7115545881244023,0.2014039298221277
-0.7058345851831033,0.17233649311118762
-0.6777321484741069,0.17504580445608112
-0.6815116675240309,0.21477866358110825
-0.6688840194897152,0.1261041653302003
-0.7055897622433774,0.11052741368805821
-0.693391717091249,0.20394834430452158
-0.7759103929319074,0.03954480778212115
-0.8000652193992878,0.031371524325621465
-0.7092914336876283,0.14334307487876877
-0.7452883817277417,0.1888509989180407
-0.7906129508985282,0.0315099925408293
-0.7160656434643571,0.10279524434322856
-0.7729243477227468,0.06134554409977565
-0.7977305469437901,0.013914341195026528
-0.8069111853542128,0.06942045169205274
-0.7256946396883353,0.19628042673797608
-0.7428470855225718,0.049368998110973845
-0.6898905060933849,0.2240945762105286
-0.778000807098455,0.07089698366843043
-0.7513330321630028,0.07278634704899573
-0.7098498805205433,0.20178036339432334
-0.7775097395434909,0.004128193721140524
-0.7887574757111553,0.07619424326938078
-0.7592638209758906,0.16536077431493906
-0.6834674275118087,0.13507124608658957
-0.7698598295636956,0.06173622146010177
-0.7544603533824595,0.08983606731920918
-0.7655563343486808,0.08537349289078303
-0.7543297889152316,0.11311873183154227
-0.6992950601174862,0.15510764104978988
-0.7166158242362399,0.17879511394062847
-0.7489733637057931,0.1846090206944083
-0.7077203726955501,0.05916824452943021
-0.7184974401548494,0.15847265963190255
-0.7735409622798742,0.15601928221874153
-0.7043364019027402,0.1468659340362506
-0.7546270715758642,0.14861250096292436
-0.7222949097259067,0.19213552614887627
-0.6606255361681023,0.18008011435511947
-0.7477524668300647,0.1312828252635309
-0.7456909867382989,0.14674602351769456
-0.695287777196795,0.1585876556800628
-0.7184402186426267,0.20978062238821893
-0.714562949772442,0.1524906595050365
-0.7366618122646812,0.11339539691811583
-0.790071037907709,0.07828266005070363
-0.7455069073574577,0.021327278341153548
-0.813528254530305,0.046270092440368456
-0.7385592550808111,0.06535156186241457
-0.7430836258769682,0.0825036721950951
-0.7359900077320745,0.09501464722357637
-0.6661142850387507,0.1787841745868145
-0.7197694667223474,0.04311838906986623
-0.6956610104522253,0.23338871799901167
-0.714239473920132,0.023824900468805383
-0.6901172449874865,0.17492859542457043
-0.7366478166991126,0.027576550401286416
-0.7054335351280202,0.18404810619782516
-0.662610242207939,0.20444883757634263
-0.7693478107091786,0.017114358016494798
-0.6681281314273303,0.09305036012599337
-0.7963842071536062,0.02761398538762645
-0.6511993408499482,0.1487671114576315
-0.707260156491305,0.09869096680418067
-0.7498702332917854,0.14491871395982486
-0.7348126227904989,0.1296542518515489
-0.7372055713139157,0.17458680965118623
-0.7618176789265051,0.10062836103877444
-0.7155688377442476,0.04921423139857772
-0.8110251687022356,0.06919575647937254
-0.7162668706199493,0.1011298937919958
-0.7060083210444342,0.08934344491510501
-0.7702637863248514,0.08676599925001156
-0.6655569217223868,0.22179686595989326
-0.6987748353454554,0.14170573825725816
-0.6708761232458801,0.14299974370483995
-0.8014147658023935,0.08290859523173011
-0.7807349749633964,-0.013974092001858366
-0.7240162749856556,0.0595242459672249
-0.7464728337107694,0.008843877135683654
-0.725111235437095,0.060564006698371566
-0.7322722859394587,0.03246084879114879
-0.7332396310247905,0.12972832568455428
-0.6604908951435292,0.20175301847413443
-0.7328971332736512,0.19333564503392914
-0.7845092560550123,0.019380170466543986
-0.7217765252957712,0.2158152038068206
-0.6804973632514485,0.08915162298839799
-0.7443151421939277,0.13134591663302975
-0.6603150166569816,0.10322671008740324
-0.7866129327557186,0.04412664983215052
-0.6562475750504734,0.19484703757385255
-0.7730343200662125,0.107888775633476
-0.7851516499789458,0.04000134319139727
-0.7692743273881997,0.07372766685081475
-0.7316107001999692,0.18871954238477337
-0.7521208772127883,0.06558354057647325
-0.6639491724339996,0.16231242418834807
-0.677896616705546,0.20122306532938738
-0.6832260997784471,0.15774005039478045
-0.756583907300632,0.10092545503151591
-0.7660892707376086,0.10846325335289947
-0.7264362586920438,0.03269552621658837
-0.7447376276947649,0.124751790824583
-0.6983048265141301,0.06465599145942956
-0.8071653018335789,0.0867846635178775
-0.8007843239687612,0.1065031061644643
-0.7241319681457089,0.14092191880016616
-0.7410055590147139,0.10743355255175115
-0.6448202020320497,0.17429119019617384
-0.6468107460890306,0.14879949350318575
-0.7051262502264743,0.09648187146139238
-0.6907671344157115,0.14162345110236588
-0.738563342515697,0.14492392156424766
-0.8105237503812691,0.0918139968848677
-0.7424130408338718,0.0720396818354378
-0.6570438257219278,0.2438435773966047
-0.7435240299403393,0.0966512429674033
-0.755605412314978,-0.01528602201998821
-0.7103380349690682,0.08028945261347357
-0.7685954979234381,0.012418936299463905
-0.7421854470069087,-0.010441781256157147
-0.6820711275932245,0.15203589768746398
-0.7640113919916179,0.08677459243688014
-0.7625017329691048,0.15233754259358978
-0.6520718338244745,0.13916043889621443
-0.7670923468009991,0.13317929424852035
-0.8016159888506088,0.07962749227511982
-0.7864970466856062,0.11576543972441793
-0.7005426870167316,0.1824844312155551
-0.7818986352924902,0.1153731901656271
-0.774505411939795,0.051597082502477014
-0.7264048091810177,0.1859522078173445
-0.7633567633536309,0.026240976198436298
-0.7996793994138678,0.11429643667071619
-0.6751253310685315,0.1538537217585459
-0.6790109473988575,0.13443095813538733
-0.7919418670670214,0.06724600580669222
-0.7675162328719142,-0.019327486841397283
-0.7074577683563466,0.19340101893689945
-0.6732982530688819,0.13313311257112212
-0.7120418829116912,0.05948687757759804
-0.7329899481361146,0.058780441065054985
-0.7868707897824397,-0.006992389014232439
-0.7288131886400747,0.1711635604278698
-0.7554832516232317,0.13759050436437917
-0.701416062647946,0.22205766672281999
-0.7181653413264707,0.1985328944054723
-0.8050984987571773,0.06487111764394461
-0.7186733095884312,0.18819835294350334
-0.8050068384435176,0.06528994646116337
-0.6891551666206289,0.15086200525803128
-0.706694765694136,0.13362882990576336
-0.6971396904360829,0.10587369347902764
-0.8001105125246575,0.0020901479790152834
-0.7350055647939416,0.20695636114304147
-0.7428377335230817,0.11944147579294541
-0.6912195753810163,0.16172311663990313
-0.7166020180114352,0.22238080666217971
-0.6830792273771118,0.17806004834128228
-0.6928012433786621,0.1256070306434799
-0.7041560080292499,0.17471714325385587
-0.7433158310907464,0.10321021356752685
-0.6987914870795122,0.12666319492597003
-0.6876704996095016,0.1563396797883941
-0.690713163037276,0.10967801953122253
-0.748302031998155,0.005162235736891432
-0.7411705984676973,0.12400665416241814
-0.7187103180009494,0.10599520745500055
-0.7465384300198221,0.030427928436551243
-0.7589575059252923,0.18539349267878472
-0.7444601230901453,0.09575941840976389
-0.7863092060718296,-0.0052186315991419345
-0.724186738485052,0.17388750769503689
-0.6968586935864713,0.11117301258080817
-0.6985480517981177,0.14460997686670155
-0.7140922364149916,0.08902754802771069
-0.8012937828060157,0.047811366523519305
-0.7398038241632899,0.12948575982280683
-0.718931938057493,0.16606344726423472
-0.7105740351270368,0.1283700221993669
-0.7717184080858233,-0.014163143274056439
-0.7415410000925657,0.08167554446621052
-0.681987875618227,0.1416414404950944
-0.7663049614051467,0.08390108471454673
-0.7230562847408941,0.15024860370275026
-0.724309274758186,0.19574917631306052
-0.7678994892272278,0.02279094799694254
-0.7809470495250446,0.11674946660180688
-0.7813244300590177,0.0717501223048338
-0.7142283901334093,0.10292959180763227
-0.8154954321707566,0.05343611624166399
-0.7209507064876612,0.06317432818297358
-0.7920263024948812,0.10193722636959866
-0.7109187211584957,0.06764019888087665
-0.7791492365478142,0.10113173820565154
-0.7027807216643602,0.17998418332308283
-0.7242441087099267,0.12701890891727569
-0.7488622306507537,0.17771270609267634
-0.7287077457123394,0.15766419920973046
-0.6713607611807932,0.15047952913701795
-0.7279157671665323,0.16864536838007949
-0.7716231903975699,0.15636853552052155
-0.6715351064589816,0.20492148381784153
-0.7221904880245139,0.06146156330583794
-0.7717658134323196,-0.017172589185427876
-0.7092865290509518,0.13801015321408225
-0.7548349140602284,-0.013205193785492944
-0.7545350827206039,0.06572618155895112
-0.6621753455585799,0.23355004705109061
-0.7267904241839359,0.09986302508875784
-0.7936176808013745,0.08450697511326742
-0.681836556452241,0.1988696445006294
-0.7248872629385748,0.05744877784690825
-0.7916021363917459,0.10970827394874333
-0.7361423392136544,0.09088851377799706
-0.8028909736366141,0.08185809708594269
-0.76874394143807,-0.024344990642009495
-0.7399948926599715,0.102547627579761
-0.7399757644822531,0.04878075617637739
-0.7842543326392828,0.10118864003926616
-0.6560754688982696,0.1764424066617083
-0.7310135564222425,0.08012746521830064
-0.7298055618897556,0.012645792731932342
-0.7138685919552589,0.08837358633267682
-0.8061212085568864,0.006540687416128269
-0.7869677914288679,0.0988769793318745
-0.6816760564905302,0.08216573983451331
-0.7609672952147588,0.09247148363396017
-0.7838788165045331,0.14444505691836118
-0.6812195179478313,0.21610300140702943
-0.7971539281514519,0.12393471103414555
-0.7495967311203134,0.07555992032410676
-0.6905023338099235,0.1930279918388249
-0.7117494074927042,0.17868638972158138
-0.7136086723776216,0.09228361766509188
-0.6710914810733036,0.21938623890944403
-0.7862850143288529,0.08916039880253455
-0.7420211164716007,0.043706931935348414
-0.7957535350927956,0.09547721255325668
-0.7418413658484088,0.03574543358587329
-0.8092421841569929,0.024845134065650264
-0.7631027591316304,0.012725577758082788
-0.7258723029190248,0.16682793508332872
-0.7478318027564018,0.03307999437891976
-0.7802420839636667,0.10484811031334562
-0.6790258355064308,0.10077210502995236
-0.7479682203775886,0.10916492600606272
-0.6542960296529061,0.1641856753902937
-0.687771677800787,0.1625046994104499
-0.6630893978708003,0.22847441253914846
-0.6979844294007748,0.1427543209166167
-0.6815820471864189,0.21725108569068888
-0.7364793745706175,0.15073861207687958
-0.7355247832835953,0.13152940922819664
-0.7090232977170238,0.12444830357100047
-0.7258738353155851,0.20313900622559536
-0.7714644943824296,0.14084768722131735
-0.7709424249444663,-0.01069241310807489
-0.8023880008174353,-0.015614351203839395
-0.773133659952364,0.09609102931956862
-0.7491379668017273,0.1224767052006452
-0.77968135217711,0.1046037582267228
-0.6922140225859506,0.060807513408864804
-0.7551857201277692,0.04678126497856269
-0.7410319683622618,0.07142493638124309
-0.7490574552683176,0.10574813722200002
-0.7234453625087032,0.034094809654357995
-0.6982177461763159,0.1610461924037379
-0.6874866095504524,0.19544103290196171
-0.7957231198857659,0.050747479231596906
-0.7440929684331093,0.13897219215105208
-0.7776955092541397,0.05362763921822114
-0.7585776471203441,0.0025071742425368517
-0.6888570593585065,0.11758968068085138
-0.6933835459089499,0.205717975270563
-0.6955907202468046,0.1165587906555551
-0.7793556541071504,0.03625731008431756
-0.7514694216471799,0.15017036978402018
-0.7359089354221756,0.10524921858743642
-0.7300087587905757,0.05362163697944994
-0.6904467048880726,0.06085568866472212
-0.7288887935730832,0.10136318033304723
-0.7028990550229594,0.1580637828796964
-0.7452865568782272,0.12726547116122058
-0.7923185994968123,0.05204239318050385
-0.7977689532393591,0.06425097784867055
-0.7910483644070788,0.13032140502405026
-0.6715145150690417,0.15582602256235703
-0.7493736678663764,0.1609538745069882
-0.7095566265342004,0.16175669675400947
-0.686974005148795,0.15668553722224643
-0.7437508293005882,0.1416386404807233
-0.6985579310505027,0.17536367257135374
-0.691639264707799,0.1176701651290148
-0.7133237460454329,0.1530170488179
-0.7734087800442145,0.03207586447634885
-0.7330920939763084,0.056081515731446936
-0.7815213023727345,0.11777980835340382
-0.7333200872526379,0.06643627499922805
-0.7639852880248579,0.13878336030429758
-0.757034284370889,0.1162224471203061
-0.709233013135507,0.10985794036210679
-0.7054842491792002,0.06399681115616425
-0.7806312383310289,0.1302701437591131
-0.8073707014758235,0.020645407211713117
-0.7072482005862544,0.13845377498069716
-0.7026608633284116,0.0639718230168571
-0.6453083000751403,0.18216624064275286
-0.7489085718230692,0.17293530660067422
-0.7281806923526822,0.11081788474545294
-0.7351610248846032,0.07644991870649716
-0.6781080456870571,0.1412238720559789
-0.7241855311122386,0.10317655183468245
-0.6786393018450569,0.17190090327215568
-0.7262497079615102,0.11053749064926119
-0.7265252001114668,0.15138497829483868
-0.6986393712815102,0.17263525551095668
-0.7532289295221337,0.09938128743858916
-0.670443838856482,0.14421976170634476
-0.7245889704562186,0.12241681765489008
-0.7276259481837797,0.10603171947135842
-0.7531171359268455,0.08890182771330364
-0.7314708188284752,0.1413362011269506
-0.772783152666995,-0.006232694636605866
-0.6878057429215285,0.10086977587172874
-0.6868466258353149,0.09172533092982425
-0.7606103686858915,0.09925225308981428
-0.7217618592958123,0.12550560304395714
-0.7904565445058976,0.10393363085879011
-0.7665326766113751,0.09294757367027545
-0.725148916362225,0.1695300575154746
-0.6898714810479861,0.20507878665733206
-0.7448991546848456,0.13933168369810395
-0.6597825374344848,0.1886913224764344
-0.7638177424711609,0.09213599925113143
-0.6838757792945275,0.13829031691689747
-0.6959782215487322,0.14209327065695368
-0.7386595996053615,0.05851353629428246
-0.650340846301471,0.16163647211068333
-0.6896107183314426,0.0698744669556489
-0.7395978294446683,0.03929881569358459
-0.7403824500594237,0.1678145906032815
-0.6851607725891657,0.19188822942373354
-0.7145644698998056,0.15258805380482385
-0.7214723993303416,0.10235351670930395
-0.6791199883888613,0.13375104197318693
-0.796327545925002,0.011902895049073164
-0.7541481927693525,0.11981305676411379
-0.7659297370300656,0.07863996143841631
-0.7113859897025894,0.09562708353413878
-0.7701497187757629,0.06702183048955405
-0.7605700064939955,0.16153559718280971
-0.6714054949210245,0.1770737954994607
-0.7142958514239905,0.20526667731662884
-0.7031013875054123,0.2088388384563192
-0.7554015748340388,0.085000534538229
-0.7359158178169948,0.0681402620049512
-0.6802359619562237,0.13769328498696487
-0.7079427279884352,0.08508341658726422
-0.7033852491107836,0.19453571542384762
-0.7960213244406805,0.01725481428241231
-0.7452833893816276,0.1120711138799092
-0.6763041993486465,0.20480699655830173
-0.7511603162701813,0.11796757339816671
-0.6370874225723704,0.20028045827363386
-0.6866010034904908,0.19260734996007559
-0.7262451091954494,0.056115011972726454
-0.7389403006966788,0.025298676748331854
-0.6543513380253414,0.12282300395077325
-0.6969866945953003,0.128511822713977
-0.6880700601418538,0.23040604979028473
-0.742137380855148,0.1745615186471405
-0.6829238848745894,0.11085466097233408
-0.7875911232927556,0.020440069447552996
-0.6831770656078827,0.09801464399673322
-0.7561870879588237,0.10619472917003434
-0.707482208287842,0.14927926675509767
-0.6608599900274859,0.16015571699684528
-0.705160563547269,0.10988454137168277
-0.7352351274511796,0.09621469761501042
-0.6786943669990819,0.15241084947311476
-0.7402267991670839,0.17687034795071274
-0.7112936890688135,0.07772958153979292
-0.7338215696259558,0.12924463307514295
-0.738287032461893,0.11915327073951534
-0.6772335633366323,0.15588041869422764
-0.7510233815750244,0.05392596639683889
-0.7056588728592575,0.0723531061660166
-0.7636149125039504,0.029134801074175962
-0.6575446179831892,0.16195493807876135
-0.7269549774169403,0.17039662062261748
-0.7292128228834107,0.10552389509698888
-0.7114438464124772,0.1976749848580448
-0.7593755811521746,0.06427860910439868
-0.7461100277432886,0.05636330583922561
-0.7058004674260776,0.16218630922438296
-0.6904808198372088,0.09753756937262384
-0.6987095631418241,0.137236575065614
-0.718921645214043,0.186696560029957
-0.6871069531432846,0.17558993580674148
-0.6988223219208454,0.06840911537209059
-0.7101764885858182,0.05737174357678144
-0.7855010577108865,0.08372972491362189
-0.7228798855504309,0.21080738140595334
-0.8007570129210558,0.04755012991510882
-0.6956858039831753,0.09250994850722595
-0.6960270832194544,0.19820990037338077
-0.7838571020320468,0.05846318928278186
-0.6728999699989224,0.23178521711929254
-0.7588578939681617,0.15911538370378875
-0.7858150138245749,0.0741143080267935
-0.7065354366990945,0.13863607939740413
-0.6808694953851884,0.10523421935091135
-0.8019933165778506,0.0757269061767109
-0.7070333130285331,0.05518995826390629
-0.702662558487651,0.20131886646682842
-0.6589283245565819,0.23667896013995762
-0.7053389136801961,0.20996373191293052
-0.782460847708796,0.0189972757468572
-0.8037378798398609,0.019492925033084987
-0.8030336863544945,0.09406039003827821
-0.7216288511900099,0.20514824082096966
-0.7489870867348019,0.14545270115423264
-0.7145687372607908,0.10224605322760845
-0.7277257512465689,0.06067310801684121
-0.7014711627357567,0.2036899231461071
-0.6800202083720944,0.10528092591577011
-0.702965574524191,0.10603156904480647
-0.7533278479765526,0.07013699427304897
-0.7401782384000252,0.1452946922970784
-0.7144720623532994,0.1360896236573743
-0.7335882490489906,0.18729897883344956
-0.7465891961319164,0.11589417607518297
-0.7077851529254665,0.1320855317382648
-0.7099900631448081,0.12558988962299386
-0.6968594045018018,0.12763227351725986
-0.7564892293612592,0.11788154918882861
-0.7924442534315403,0.0365928790211752
-0.7045687445270101,0.16731079427681697
-0.7544321651586029,0.05960312830865758
-0.7604197591871741,0.09037303022861493
-0.7565639665905368,0.15291797981616675
-0.7653854672113725,0.0347973844289166
-0.6953990054516118,0.12248957267342564
-0.7362661910085153,0.16148352397349333
-0.7197801035793917,0.06122650521255201
-0.781943125048877,0.1476425081546721
-0.7204042792537636,0.07620115859279852
-0.7525122775683603,0.18040195387710048
-0.7670204410647301,0.04338593822140756
-0.7501759349675299,0.1121753636541396
-0.7324784708709196,0.0677333418350758
-0.7748298100071307,0.15961942359850312
-0.7648456092899967,0.0848164513337915
-0.7558665128588398,0.0982582457255055
-0.725455371443359,0.07374628071792157
-0.6805517936172516,0.15204969378506134
-0.6567022412978001,0.1603155314883326
-0.7649629049330077,0.0821674309740535
-0.7144109934253959,0.153636843657944
-0.78231260201345,0.11243796009149876
-0.6457854513240038,0.17595925956688213
-0.7710648968210683,0.07759926068720792
-0.7605830330029251,-0.010025276223034082
-0.7175303787832915,0.181918793309675
-0.7089171889403602,0.09010878535761889
-0.6779087675132838,0.11230995169307016
-0.6957645603705184,0.14416318508502646
-0.7232569745961606,0.0773709881967738
-0.7444856217162608,0.06261385612206885
-0.8055175901756233,0.08643480686398484
-0.7192510001606767,0.19872166179458456
-0.7951317696783604,0.048292694066768935
-0.7679592734902475,0.09354302385703311
-0.706084620744822,0.16656079605763816
-0.7247235721771074,0.09456888380228713
-0.6872267253768554,0.13077057317693105
-0.7176809380234959,0.05445499903954655
-0.7627698370131886,0.07712822436091689
-0.6707133463738627,0.18934688981073342
-0.7556987466179248,0.14522664033198093
-0.719176040001074,0.11947672936206842
-0.7705229768494187,0.04073373346565391
-0.6987148015915787,0.13054622640780378
-0.7127567464983479,0.17031655237605267
-0.7490317637563445,0.004702425893780702
-0.7637242757391843,0.10851308657682975
-0.7682575854708183,0.03134147206726844
-0.7053588872740532,0.11134536474415063
-0.7366980583547001,0.050714669545876924
-0.7081530018327671,0.149087535838227
-0.7238372526445179,0.06742701756649444
-0.6914048442044374,0.1865007944574677
-0.7350488494983924,0.1950237658603353
-0.7551152771697873,0.03917733353066374
-0.6890996893039373,0.1870275022235511
-0.7526681332549248,0.03339072791054479
-0.7236504305035248,0.09656029051711608
-0.6564390667180287,0.17524001853786206
-0.7904274812635458,0.06499814411309084
-0.7733084745932912,0.06959608188259964
-0.742544003968538,0.16805095452485952
-0.6975778756480479,0.14319944385945557
-0.756851290719957,0.11120313442365093
-0.6776005794629932,0.17436980089922677
-0.7529619176375276,0.14007279961118785
-0.7264021022966145,0.10454137214086205
-0.750492661499219,0.06975417963481467
-0.7299004869117954,0.04262921138320515
-0.677702395797647,0.09374054661957529
-0.6790616926858677,0.20652006795648992
-0.7558624019946242,0.13857934567266322
-0.7116827103095976,0.17051989629285816
-0.7474269235280172,0.06729450904412565
-0.7067085297211207,0.17865571011110865
-0.7663445454615225,0.13907289357872502
-0.6869126573433643,0.12661292486706432
-0.776342033361481,0.04266383169651195
-0.6879120820892461,0.16707804432129614
-0.7194534736340742,0.12718685049760153
-0.7445736063492308,0.05855475939444932
-0.6923237792167665,0.1280585024717586
-0.6751845081145267,0.12119376534762508
-0.7192449675739903,0.09859737365740828
-0.7332661611407393,0.15637738745778168
-0.6859917332922011,0.20554168923780175
-0.6908990206360488,0.11848154913066895
-0.7477557763788918,0.07611568533896944
-0.8172104157166435,0.04030203971103119
-0.7872155249615276,0.036224979854139756
-0.7527972607687093,0.1210905591449967
-0.7119880953552281,0.08298814936217448
-0.7407438649838005,0.03891173538752547
-0.7420633558432477,0.16932094123739094
-0.6665096627654985,0.1925156336916192
-0.70407578234276,0.10093251487317992
-0.7455405557859135,0.17592313099821766
-0.7578040168622777,0.09007758966463328
-0.7359159984385873,0.08695980169990503
-0.6495677459310047,0.22757276116765096
-0.7558984659518367,0.07339310421875854
-0.7223787469721312,0.19762051857190838
-0.6483818553283038,0.1822484460922724
-0.734615199032885,0.09541058927779995
-0.7226499275677226,0.042552788340405684
-0.7277309928209073,0.1644618852285068
-0.6509454117799851,0.1907720140950929
-0.7538117025509554,0.12552623362466925
-0.800598327445038,0.09624112881971386
-0.797835013244847,0.00017373377696167363
-0.7375664745242734,0.09858472874302338
-0.7589409603920951,0.15027546255201032
-0.7266725094069605,0.19364914736777097
-0.7729017319968972,0.11676995519894615
-0.7963989699685329,0.02844525554094467
-0.720771886671246,0.13173883762750288
-0.7355238101873317,0.11924343039969734
-0.6954615229276747,0.1394704114707618
-0.7589484904290241,0.1105109562120568
-0.7554431531146051,0.05492412604713316
-0.7797287947934837,0.15003042085034435
-0.6666515880335588,0.11616872212517497
-0.7277157692241648,0.15988283388894542
-0.649975648701948,0.16394953794885367
-0.696620702384658,0.07095943256309604
-0.8144456410631163,0.06646341216445388
-0.7304441098779423,0.04459961335822996
-0.7220104579478258,0.04018396874613526
-0.6644535567499893,0.11657066580865018
-0.7554843580523083,0.12943830712237883
-0.7540035656185732,0.17928566781747124
-0.6861143554873195,0.15452313480826016
-0.7757403920592629,0.10917854511126049
-0.7019247290187901,0.1768442276209623
-0.7927989173414508,0.05908352204831956
-0.6903199282209538,0.16769464571452752
-0.7196940924089656,0.212772136992668
-0.6993417769947556,0.12262000864906579
-0.7170482824722222,0.08507333088461724
-0.6774375458944962,0.15561534295759233
-0.7926187216159354,0.008164359774654247
-0.6654188673059319,0.23238108895990597
-0.7142877903984121,0.09273602118082211
-0.7723977474495495,0.05364139894894778
-0.7070668961074951,0.14125730189698854
-0.7666064756380778,0.04000404623825972
-0.7517152192147987,0.17483712869994136
-0.7286675626538816,0.12081283155197457
-0.7208328907060131,0.20214149278953253
-0.7605066120880207,0.13338092443566174
-0.7124367981047418,0.1915272630972728
-0.7822043682820744,0.025641988266185793
-0.7304936524329558,0.03548321258399506
-0.6590493633483329,0.1966542927081499
-0.767197790673607,0.04792462019384454
-0.7534849963408196,0.186750818702715
-0.7221067406332069,0.10269033544254375
-0.7391437896725845,0.09434680030956451
-0.7412547776417369,0.09000734972978623
-0.7594719283927533,0.0057496638360045055
-0.6666377685725828,0.18919428745811528
-0.790527125330561,0.016826396733257972
-0.6811839092272938,0.08303792101302136
-0.7626485517813876,0.04247354740911853
-0.7417070352466577,0.04646298692116391
-0.6700207031018646,0.1570326511251592
-0.6848047828837504,0.06556262897706809
-0.7763442632935094,0.10845039086739999
-0.7260190572021525,0.1515583255385984
-0.771318255240138,-0.0020118262265054997
-0.7919721702928617,-0.001060917161374158
-0.7420952253544891,0.09196743591301212
-0.676783071400297,0.13622260646864676
-0.710091526745147,0.13298095055490458
-0.7709066986566298,0.10804162778305416
-0.71612135432644,0.1443124531325172
-0.7320966767875907,0.1956687487924953
-0.6813089742988236,0.14151732193387537
-0.739823197528766,0.11083818401616878
-0.7854118728581801,0.0037133631827494617
-0.7611724798569373,0.0024130103385200693
-0.7009903546726872,0.1822696286310314
-0.7252125180682418,0.03635842072402235
-0.7203011674846582,0.10594379298347774
-0.7771987591044628,0.0608718485333956
-0.7415987668387432,0.013586929323910235
-0.781635114321292,0.13045065646693763
-0.7543186801054806,0.16109655220233995
-0.6942900824859848,0.18573694895970116
-0.6939574512159158,0.1321019549113193
-0.7615421422689441,0.08047651532909507
-0.7138230200910853,0.21253897498944316
-0.6746872891495685,0.16570526343468933
-0.7474696134882867,0.14855550732973788
-0.7546651109326774,0.004893096813943858
-0.7261320884021782,0.07183593591994632
-0.6875288925123255,0.19659476930704703
-0.7157703236502253,0.15456674393754313
-0.7472866390122644,0.12070907566323819
-0.739310818342444,0.10178521545030743
-0.7584849854772149,0.0714927025571219
-0.6585291672140945,0.16923688329195696
-0.7319000730097228,0.13126973782439827
-0.7465656887665776,0.0676528841967387
-0.7358151149695792,0.14264757602649378
-0.7362205477613782,0.03415878534895342
-0.7515262280537186,0.08612255133288187
-0.7663412198844044,0.12170750839709689
-0.7931152900097951,0.11159928754704349
-0.7113054628144949,0.20467313790853517
-0.6951330866830442,0.21403732844628984
-0.7922522642990375,0.10720253970299784
-0.7513945693091593,0.12692917791703714
-0.749654137372756,0.03325304750489525
-0.734825778007346,0.1451790153641284
-0.7083489560781441,0.15955334076624147
-0.7565473534762176,0.06837032379652572
-0.6739919004421013,0.11265688886097998
-0.7577828734740037,-0.0018298041197111405
-0.7560799099109364,0.11073663781048206
-0.6889542424064319,0.12833197254593887
-0.7919060662088321,0.05788871961579472
-0.7988205160243429,0.09926821469234384
-0.720252170017443,0.07279787634934133
-0.6952871025710156,0.13082880066954428
-0.7887188575083204,0.13305799990773348
-0.683279021107864,0.1542369704017765
-0.724064410248184,0.05760438218482034
-0.7065941771974976,0.051787771622577465
-0.7408609969757592,0.11632508588891502
-0.7683474485668206,0.056445805444365636
-0.7692977611415298,0.1645589667792966
-0.7344532952343794,0.11901741336004326
-0.660691764135347,0.14932053989240515
-0.71361707690516,0.15916541582172167
-0.7411475007695411,0.0744718331354539
-0.708253636743444,0.16553019220824153
-0.6944306326055423,0.1979986188061499
-0.7275073041997162,0.13813052807859094
-0.7032518074498503,0.21469397561703443
-0.7167133944978918,0.11349452668291596
-0.7350597102598078,0.10352869161891269
-0.7021458095761876,0.15855399097846867
-0.7427429851467374,0.12640904165691608
-0.7841280490926618,0.060869360493889337
-0.7391893686770973,0.14946477682381182
-0.7388620974826077,0.0555771370974733
-0.7760794156480209,0.12378180350527794
-0.7166434770911498,0.16551253541324193
-0.7500880295423751,0.11003373136420647
-0.7314814833627614,0.045716948267168024
-0.6650315617885,0.18864436727389822
-0.6808899606889932,0.2210550405157528
-0.6747627355568785,0.07928570313082979
-0.7373868005669149,0.11241573412778837
-0.6573330462818384,0.19891594314733496
-0.7226139906671736,0.09534857478554304
-0.7934367062200712,0.12265263880672882
-0.7570733066623517,0.10944540873871987
-0.7444642409030927,0.11653313836575345
-0.6714613503204966,0.14947871900844875
-0.7366922786203676,0.12033278578251776
-0.7585145679359319,0.04963043418254021
-0.6958499622558484,0.14757082716545505
-0.8003750542837611,0.08175901039235735
-0.7824822139118406,0.11222126878777569
-0.7798704177635226,0.09267692564522498
-0.7140828098433545,0.2072116025097733
-0.7446020851757036,0.1565152016980997
-0.728456180054806,0.06878095830985921
-0.7910192169992437,-0.0037024630677113097
-0.7267329241302266,0.029221158777156295
-0.7159277803195235,0.04732765207320888
-0.7361437242452809,0.056197148731807214
-0.6918185080105091,0.10567540136253609
-0.7470362108419593,0.07419227095082202
-0.7219548010147233,0.08034123377052804
-0.7592440572512317,0.08467223167590587
-0.7553571010447131,0.02285350537843281
-0.673385081822222,0.1065953801063994
-0.7845632533632747,0.06126680064621019
-0.7729163425070688,0.13824491583027687
-0.6708452590042308,0.12113428691097515
-0.7763912464772831,-0.01080227469386851
-0.7215954966460058,0.15067366368860124
-0.7657698901776593,0.1014035458912974
-0.715376503652621,0.17914579336187622
-0.7538864313389996,0.09051561452700682
-0.7613419553874802,0.02397127890511196
-0.7037109796285086,0.12373659515112047
-0.7229344026845582,0.14643164860329458
-0.7693076206222396,0.01711324969635279
-0.7536612995892714,0.15455063156399973
-0.7743366998374167,0.04704542138180572
-0.7739438802634219,0.1310334875473173
-0.7782838684931104,0.09181546506165143
-0.7366084957059087,0.15788683050748467
-0.7679794583440895,0.1460373425795858
-0.7127558945656364,0.04653480501054803
-0.7529756716938606,0.12961605158763256
-0.7334560371214163,0.13144844735687072
-0.737266423956668,0.029952548220717502
-0.7321179557186028,0.20545611001236558
-0.7137562225383858,0.16159554485049563
-0.6508930270247428,0.157072929721692
-0.725045867512382,0.08339288448076637
-0.7862268347224272,0.1062541799292974
-0.7937707931186124,0.05398007408802578
-0.682668330062979,0.23367410443311878
-0.7533155184953776,0.04750257803493531
-0.7235796616057797,0.1396287458560805
-0.713275203715701,0.10800225093448616
-0.7633068581785083,0.02200467387471921
-0.7706294329550151,0.1449434833063534
-0.790344107648204,0.09593656227262473
-0.7307354614602648,0.03286685164099707
-0.7340179821952177,0.14158170180718
-0.7549073877442953,0.07179006233944901
-0.6857013833146822,0.07278073829562372
-0.7245852307669581,0.09865147267074692
-0.6737710396879862,0.13232431674911294
-0.7563009407441148,0.15220171668457103
-0.7148836266566082,0.09815705525850606
-0.7291504299364834,0.18869001276117525
-0.6824281327176416,0.14794955270385654
-0.7538165321382608,0.07499880449117877
-0.7565895981025854,0.09782673469593839
-0.7306808044692231,0.0750832446582173
-0.716382435100981,0.05179119306786631
-0.7055966522959234,0.06395794519964833
-0.7263468397811206,0.1352579133329734
-0.6988520350986676,0.11030502876625704
-0.7202976640589072,0.10753749754382666
-0.7165539598960206,0.09721425846719291
-0.7091866663895249,0.16146858408125905
-0.7386268157199073,0.09040478103901815
-0.6519275854882906,0.12674830506460485
-0.7491934987912736,0.1709427583597807
-0.6867859844451154,0.12091270454215781
-0.6629497407626926,0.22579765698405505
-0.7717365528890135,0.09352547004712478
-0.7659415850277637,0.06982608927992165
-0.7665419122870543,0.1621575853968601
-0.7391613463924033,0.031997882361565186
-0.7925563320563256,0.08336532522809147
-0.686376053059462,0.1845116350826916
-0.7399587869008396,0.10092854069250871
-0.6981844536646753,0.16062264817512192
-0.7054897715047027,0.1488516469867234
-0.7064056694592731,0.11075952931336364
-0.7227685382163309,0.09504468912775096
-0.721141035907565,0.16053744245338128
-0.7081718596920079,0.1578730995795518
-0.7161314662103173,0.16936201534491402
-0.7626613059108879,0.04680660855478003
-0.6634915390318548,0.1888566941067553
-0.6969139730253038,0.21749780063750732
-0.6990279934005302,0.13889003448451642
-0.6612345723064299,0.1326760149583513
-0.6800233177705487,0.21399304901008906
-0.663346923840112,0.18954821919031561
-0.715595071412209,0.06221800552527154
-0.7146949632084533,0.12695110137243404
-0.7449088930175299,0.13707897579370912
-0.7396795686416542,0.06459864699531594
-0.6880421027818003,0.20631005469917815
-0.7270367508755124,0.1489588926334508
-0.6830138656745671,0.12123401563905116
-0.7310394109118077,0.10178470834887952
-0.7773059618208793,0.0973301467524112
-0.7665137866719133,0.08070747651424894
-0.7319425580980481,0.12551939064734166
-0.7710955510623659,0.1298099137277856
-0.7520585606537383,0.14365030948554477
-0.73076729608272,0.03666355810857112
-0.6811725978237346,0.163691925194858
-0.8135453015607191,0.043034455346487054
-0.7191674385918002,0.15161494608454387
-0.7828438427656881,0.053719725355468435
-0.7421147086190285,0.13012295478586117
-0.7269059520788382,0.1677287432404056
-0.7622126125790621,-0.00575554808148985
-0.6553683110218216,0.2151342925480575
-0.7431454903725312,0.012762116070911352
-0.7238189547473909,0.1498519455113675
-0.654548979971414,0.19340555372338883
-0.7689900126727486,0.08691511231565986
-0.7763458164265701,0.10454963368121876
-0.783023180136721,0.03921556252761126
-0.7342933741613895,0.11415827106051649
-0.7176143534076229,0.15817865324596103
-0.7375257103260008,0.16326311180386482
-0.8044474579037937,0.024684030279949785
-0.6782270189878854,0.23083850397645447
-0.7675323256803331,0.06706805280305729
-0.7257349061259218,0.12094809272130275
-0.6700581251014722,0.14321858871779194
-0.7197286374501105,0.18607257666365057
-0.7077728804407608,0.059276874539682216
-0.7397818812364216,0.04445298088503008
-0.7346883344046209,0.15128701078707843
-0.7926517494028693,0.06838710188332436
-0.6846206441993702,0.16388454772856598
-0.7686518812812387,-0.009342608154844874
-0.7573582542939604,0.1229864182878118
-0.7131136437771343,0.07288000002690395
-0.7340724588645436,0.12575896881031715
-0.7467689396339445,0.0834686961694213
-0.6935991437270967,0.13667917206407518
-0.7224478925212796,0.18263162272583353
-0.7685915862097029,0.14880850918386632
-0.6806888704856288,0.14802045197774036
-0.7383573676100117,0.064014560255427
-0.6776308654233928,0.16624126590033533
-0.7517818410137541,0.14104018340374602
-0.769075110669126,0.008428241026999933
-0.7639267484849833,0.028001412108947334
-0.7286345730102989,0.11836691554559227
-0.753565967310302,0.08101021922767113
-0.6924534241784693,0.0935756210502436
-0.6790779682510921,0.11351010331963257
-0.7525859418378411,0.09178682491394118
-0.6696662330036457,0.1942464254401962
-0.7028767613027288,0.1186372703578718
-0.7456950301545991,0.11136952232532796
-0.7432969045435626,0.1328023258614445
-0.6916223110679351,0.15415041253996606
-0.7779685209114349,0.050979883574612625
-0.7271111213501988,0.19167642609579155
-0.7111326220256907,0.11014543518762596
-0.7528530013147006,0.0002534255982582237
-0.7073912533055029,0.13574643250769625
-0.686958346148984,0.20825111109055433
-0.7445464915679053,0.13640683590263195
-0.7998794339421539,0.09263093724717485
-0.7630944632849428,0.09669599885679604
-0.7474571354903651,0.08221836377910093
-0.6934271107932611,0.09076512224412413
-0.7026126981328313,0.119350174213013
-0.7023008611167701,0.18274407502540868
-0.66694683227463,0.19245003341185715
-0.7064164121572555,0.1539090193061932
-0.7560029818462105,0.12547828716745116
-0.8027534850862619,0.07647607592225758
-0.6512720090766874,0.1822718784162929
-0.7381817470360332,0.1709516819301306
-0.7419958631682313,0.0024561705156119808
-0.7326887079590593,0.0397263812813136
-0.703645365634507,0.15503376720248913
-0.6946749938689172,0.1243529192626414
-0.7192996473837864,0.1328462893311136
-0.7042667938722365,0.04812403280058595
-0.7188740847384575,0.13762669323143278
-0.7842252460986299,0.07617755267437423
-0.6629129456050976,0.1749133440213852
-0.7152251548071011,0.1793485430400368
-0.6948427378513702,0.16033865792150673
-0.7269689795809546,0.06529939436002569
-0.7460038595211081,0.09171703946116097
-0.7448322624486414,0.12341104069394765
-0.7823822394427197,0.11230401961051423
-0.7425663660878699,0.0967105374370846
-0.735493542377642,0.1683959455586174
-0.7041864562948262,0.1710462686756054
-0.7079136714840084,0.1390577787538127
-0.8063224985390888,0.012411703614884013
-0.7126210786485904,0.1400408086028805
-0.6783614901733195,0.0791174665285617
-0.6728641682029737,0.0849448564561989
-0.7078604595644934,0.17220203195514225
-0.7826240516203771,0.11455828348159701
-0.7570762189513007,0.1338972921344889
-0.7701477845662766,0.09225654294715444
-0.7613586898964213,0.12616397085876976
-0.783779885101928,0.07979486147578468
-0.7048449648802269,0.15446762836326036
-0.6686090396041102,0.14072554821027045
-0.7431402578540123,0.10928040507187983
-0.6770605752739938,0.17303111217023473
-0.7834128634214194,-0.005190618537331318
-0.7802728363042374,0.09150544386671836
-0.7345497079573612,0.1541833498512093
-0.7917660812011279,0.10983799575187815
-0.7644400032512314,-0.008296376010296789
-0.6675046811744386,0.21302436019156287
-0.7385594434950131,0.038228858578678346
-0.7229788098385841,0.14036678027908286
-0.7184621799928683,0.15604250311258155
-0.7388740361239147,0.07504844008844015
-0.7014350293817799,0.1755771149170874
-0.7465614305939208,0.05657697600065837
-0.706415790994458,0.18926705760592819
-0.731217240933738,0.10243661117868738
-0.6649776854349395,0.15323410800846243
-0.722877345323797,0.13626292170011298
-0.7376090545578275,0.07201312707750755
-0.7048874515898848,0.16270269131307422
-0.7746199923373875,0.11474407682625459
-0.7545897009533112,0.0672971477181295
-0.6446649938632745,0.18896428449943226
-0.7189244639690194,0.09370245444989309
-0.7331261638018668,0.09021389682922615
-0.6937488883365424,0.15382237107743182
-0.6715086092109945,0.15922986855681362
-0.7509481842754442,0.0661043949807362
-0.7159518420525716,0.052259109150651205
-0.7459857572267863,0.08561446222359786
-0.7491785741924584,0.08341710940562957
-0.7604881729650199,0.10446095714740382
-0.7412352713336047,0.07465387862591884
-0.658843061058958,0.169353053015544
-0.6956821423770868,0.13063421054553526
-0.7782423779240039,-0.011749761404879724
-0.7628079347189323,0.08013285461153247
-0.6763207002375524,0.1085271145360169
-0.804370532737128,0.08941003826306579
-0.8081584528363465,0.02940501009553894
-0.7034816974550622,0.08600934532949597
-0.7957448326099017,0.10955079385060572
-0.7943731874200362,0.08121988755530071
-0.6789861053110319,0.1934672451501209
-0.7040621901655361,0.2006934444963397
-0.7505575471295006,0.0676786515191827
-0.7137344456688408,0.06106411248123114
-0.7015933959680628,0.14431658571498002
-0.7705696457407947,0.02852354019100341
-0.7181941153138445,0.13164017751183676
-0.6882383959635764,0.13261547482342625
-0.7312684548557328,0.04000824416617898
-0.780333957001345,0.0840442021631552
-0.7710387932854749,-0.01577335231548993
-0.6671847226934047,0.19799008467320883
-0.6941211916243053,0.15427609168323192
-0.7105544907010992,0.13453168395983855
-0.7141947305148199,0.056712864348172
-0.7422938069518349,0.06825091042203177
-0.7015704040441935,0.20058825971526406
-0.7144645135055443,0.14339379716816947
-0.6968446261771299,0.21020774317144256
-0.7409917523295323,0.05367871815325507
-0.7840023567728799,0.0979079576681431
-0.7198293386904316,0.12161864345341238
-0.7498326333967459,0.06730604582364925
-0.7255143038223223,0.09985990542039977
-0.789756007801668,0.01897259043150464
-0.7115207484695019,0.04926091647880485
-0.7106131528860289,0.21137507485454612
-0.7012959911402175,0.2105253024225721
-0.660234379861861,0.2105970775401445
-0.7564744196516813,0.05625367190010723
-0.8007392072630501,0.10097588218235393
-0.70880922487689,0.06477107625272326
-0.7192319495329255,0.15319233549554565
-0.7505463017001128,0.17701081294230264
-0.7011722784146305,0.09028043185511883
-0.7245777521435447,0.13156545252022922
-0.7517610232038178,0.14856981392429103
-0.7297149005246655,0.13638340297861512
-0.7088779713473325,0.10600839819983672
-0.7504792793122987,0.021499276203333438
-0.725053846698112,0.06565302615880388
-0.7258883661654033,0.14476165643149796
-0.751629742111005,0.0016310036522649816
-0.7847650078811449,0.02594077441083708
-0.7239426312152989,0.10757413496950513
-0.679972801967003,0.172346200251489
-0.7332011067794154,0.05379319965357146
-0.7638071026254258,0.07376657455558192
-0.6389124863482181,0.2050079664010872
-0.735623259527537,0.06143723209813913
-0.7191998919222347,0.1305835154982798
-0.7297229841576934,0.10469774139933093
-0.6919706494745342,0.13782988863261883
-0.7395828798177795,0.1014164287959932
-0.6809633069060838,0.22947498405723069
-0.6702456900668025,0.2205033732048032
-0.6738467381792399,0.11170912479912251
-0.7781563884676135,0.04011249242765554
-0.682963053520309,0.12377915561560525
-0.736148568461399,0.1396726812162275
-0.7515610063079011,0.04877294088369779
-0.773337280164806,0.07705857328853315
-0.7085218409992078,0.11102493714131718
-0.7562432489044739,0.06500725225588665
-0.6783300756803917,0.1709016079858108
-0.6927379338645703,0.20406010101400085
-0.728116456034497,0.14994805020695162
-0.7058612551266541,0.11001574951715594
-0.7585827199274946,0.1706252494747873
-0.7383759450012417,0.1447674514246654
-0.7035165746824846,0.16099556221745498
-0.7057020698895765,0.16533243911859039
-0.680130046528045,0.18634811042686011
-0.7495620408444472,0.14460791786025504
-0.7755795040514658,0.0944046878042495
-0.664907206134862,0.1664810779530446
-0.7044014405678954,0.09436992816401946
-0.752032620357152,0.15947481429402055
-0.759422465179952,0.07124574337699971
-0.75923215926628,0.05917659004093303
-0.6836869311426194,0.1551253397173121
-0.7454618861431632,0.08826050414372681
-0.7548257602246992,0.11048734061869561
-0.7319112796690074,0.11080934563570587
-0.7100746636511843,0.09129766388956377
-0.738148010432342,0.16190840221939057
-0.6840598224881751,0.11752541208375476
-0.6962303623293192,0.11985402222116504
-0.7826185271168798,0.015738411668072178
-0.7579781235661833,0.06008616537508725
-0.6792745594931234,0.22880400523543026
-0.6804837890319471,0.20974581046590962
-0.698496101488236,0.1238985403003774
-0.797576038336348,0.07295374768016209
-0.7500498978470086,0.12914577444661743
-0.6870976892769682,0.13089533737276154
-0.6911008844264408,0.07432956433775996
-0.717119015537185,0.15047356043770757
-0.6716370423823746,0.18787691862339853
-0.7600922084275188,0.1443230866359226
-0.7112431390955403,0.10924134884811926
-0.7484389076851926,0.03758088696426222
-0.6884976870285745,0.2024285512015644
-0.7637310085976153,0.14986103350906405
-0.7617038035470295,0.16259394281288703
-0.7572256658903523,0.09984770982610054
-0.6816122579797609,0.20875579145647077
-0.7886896504852223,0.07235825334816932
-0.7736142204548218,-0.00431186625829425
-0.7067976372544761,0.09669816456753856
-0.7311893959148908,0.13716352097314863
-0.6998306489747365,0.14092225115450568
-0.7644777165258075,-0.0027778667717379074
-0.7545836360021875,0.03446917184080286
-0.731417048142723,0.12162402156983033
-0.7133718831695367,0.17664371425927403
-0.7606184379204302,0.017508970129428304
-0.7677698829600084,0.050711462705393485
-0.7533729559670018,0.01676923861774127
-0.7829915300239824,-0.010430446551832912
-0.7443188313250678,0.0443624709604784
-0.7678639820181559,0.07127496577725953
-0.6777640754271407,0.11286278308571734
-0.7356106524151953,0.1462428140199248
-0.7644833897111882,0.10961672360363311
-0.7008136038211875,0.056462067687903
-0.7232583197168045,0.10339625151444003
-0.6777406236324265,0.14460999517087952
-0.7350900814300715,0.16373561668301925
-0.7863144678149951,0.03852563646798445
-0.6886186395894132,0.19712927207309328
-0.7690613748866307,0.13338128140195454
-0.7644838020532337,0.08267127850167102
-0.6975954158692753,0.15177046677107262
-0.7021379331384218,0.19143067497135052
-0.7657832472916754,0.05135374246336665
-0.7288000707978309,0.14081536406806397
-0.7678063191418814,0.04386614739350026
-0.729586244229724,0.045535672668639865
-0.7455828329240135,0.06203438494395833
-0.7327631427654733,0.11048426956901797
-0.780086175187483,0.0689858073014897
-0.6958051742547616,0.17395164445605676
-0.6819475587197168,0.10278743969693813
-0.7953830988704919,0.07764874847024174
-0.6799540761060172,0.22648638785535755
-0.6911594597395689,0.1439899060794432
-0.6624173754149195,0.14953549531964058
-0.7329506234952256,0.057506315778680456
-0.7474193688427365,0.07000451854029409
-0.7669672917127931,0.06199027549924186
-0.7143582510946929,0.1575047113277225
-0.7309833604842387,0.15672847818787553
-0.7548387390053023,0.08077882612102771
-0.6924053126986438,0.10876090480673817
-0.6744086017714435,0.22729773959070573
-0.7165124816932193,0.1633204829954125
-0.7192229003558761,0.047540390487704816
-0.67047031277846,0.1517358060127951
-0.6746838618375346,0.19571564098872934
-0.7672966406673158,0.09540875314329657
-0.7336298489033284,0.11013821008434857
-0.7805224951267807,0.10981236417914683
-0.7548619661098729,0.12658255198108037
-0.7893268904285307,0.06999106166741208
-0.7717087450377219,0.07534123540610956
-0.7691640342469228,0.0797941785010073
-0.7068904617000031,0.20085455523709558
-0.7820269710264061,-0.007759867283898778
-0.6685613113839467,0.12457446212341215
-0.6700327616195201,0.1825654068286426
-0.676145841853227,0.15816329734286175
-0.7687411921093209,0.026218531164683187
-0.7369586697506283,0.11711101211207305
-0.7057889084710911,0.1341427616362827
-0.7469051528579151,0.16633993265875768
-0.7004395244557076,0.13227415978247845
-0.7905043538842689,0.04676073182485316
-0.6695825316420599,0.200586726908593
-0.6705416002388508,0.13232004751862333
-0.69487986689563,0.19220583177239026
-0.7120225207966726,0.12292679817352274
-0.7313821986837307,0.1093581461314173
-0.8012443698397201,0.08261327492360354
-0.742821299368583,0.10368255673757833
-0.7145748639652328,0.16564187173767086
-0.7276163386476988,0.07851333555369695
-0.7693188624069256,0.05692025467728076
-0.7637369233641034,0.13906419025827235
-0.7102042569275784,0.1264097085838489
-0.727980848469105,0.12481970242501622
-0.727264057603903,0.135331309304013
-0.7972723936592431,0.060998718813880026
-0.6801500089274348,0.20303186067252627
-0.7581958222760332,0.029856489424850082
-0.7774303014349293,-0.0038028276011319146
-0.7566118176133954,0.0679083048205994
-0.7501512864287114,0.014190400543355977
-0.7529562116999087,0.027677378737002226
-0.7420697074804216,0.18323079542548534
-0.7312103320531922,0.10967390750349645
-0.7163954681023688,0.055992550562593356
-0.7177081349648345,0.15053249995801296
-0.7759027954722342,0.13389440441716363
-0.7916615671886909,0.0477110028556654
-0.7065018744283392,0.110138047098828
-0.7806722633550494,0.08785869859584375
-0.7479382320924175,0.15865015418171344
-0.7408669828970349,0.09323341047043898
-0.7724066042156411,0.011818578329888233
-0.676567350366057,0.09479603257736069
-0.777306295111042,0.11965963555326017
-0.7142378299928163,0.04255540441523081
-0.6833752854938759,0.11617795044169553
-0.7038314119058322,0.1889216734021171
-0.7138751170401999,0.17110162866276182
-0.7814798249028355,0.14168584796536515
-0.6863239307420794,0.1511250533512882
-0.6889110247580251,0.17742062123248278
-0.7413469414837112,0.1646967523689119
-0.7153141160725031,0.06794975187177077
-0.7405702211428857,0.021795919434374905
-0.7567698190612537,0.09176336382909125
-0.6750699303179305,0.2113917025980191
-0.6826867608671168,0.10166138451078681
-0.7542466644123238,0.13783540722992874
-0.7148745883199296,0.06618927490681595
-0.662170924009362,0.19098663441688563
-0.668210429116878,0.1446072871295829
-0.6901469295610347,0.11228095229899022
-0.7317708022356862,0.038959338386081864
-0.6956883694984226,0.18166925189647118
-0.7737609533502708,0.00993558365999023
-0.6822668029110869,0.16567720987496523
-0.7008535403461067,0.13761069789472605
-0.7760077225009276,0.07081650539626437
-0.7241783255854412,0.07788925136853928
-0.7747331515741083,0.06556041530446931
-0.7640398696984328,0.10887770141978635
-0.6686005982633152,0.22459064845716578
-0.7048968285666086,0.16931375584978473
-0.6882658852972846,0.1965348220278186
-0.7137275572235662,0.0792047376292424
-0.718907391238726,0.19067959892858605
-0.7657575576337089,0.005576716712755177
-0.7600972809296178,0.007508474643997986
-0.7582544136198125,0.09117016750411792
-0.6726709499525111,0.22310455584545005
-0.7704433136028691,0.1396080898807885
-0.7226382597627268,0.09289399967581852
-0.759113898729877,0.09627294013722432
-0.733936955645919,0.11961860715801377
-0.725381249430142,0.1224973990533837
-0.6630605306799121,0.12711023721966536
-0.737498233616539,0.1239705323571023
-0.7193279365802483,0.04610374360789351
-0.7525558848055722,0.07821786433302863
-0.7188157592277653,0.19565108418665386
-0.7337928103075567,0.014496018729014773
-0.6775235997837225,0.1686656138556761
-0.7004969440653298,0.17902632813297803
-0.7544551524738615,0.06017283700297625
-0.7953676678105898,0.053978332526050894
-0.7175444787602483,0.172082715333271
-0.7562259116173071,0.15718965221042303
-0.742254628337619,0.15253010882359588
-0.7004749466140519,0.07759694172229015
-0.760846182020222,0.12188468607370573
-0.6776610396607428,0.10134463180579417
-0.7973021596772398,0.049667517886657415
-0.7580772245547751,0.14215545761136797
-0.7302018480716505,0.05683116648662314
-0.6935414665983287,0.1799636517276062
-0.7045221049745096,0.15106491421946702
-0.7151936093757243,0.18114255618244426
-0.7324935481144172,0.06229262203386059
-0.7315879175225731,0.10243550073304748
-0.7172504206354354,0.14133816682402575
-0.789529539752473,0.10605581761811557
-0.7293385789682234,0.0859328793601008
-0.7099653117792192,0.17557906214793514
-0.7770105813851159,0.06268125483673136
-0.6962811540295822,0.09163164037395258
-0.714135336977861,0.11855456377941201
-0.7135868315905958,0.17334338169853702
-0.7258199408016148,0.037282525950893194
-0.7801058891128066,-0.0018696413520685171
-0.7044408341867261,0.1879574067790089
-0.656014476766319,0.18829377655039303
-0.7658746106686019,0.12284225185720817
-0.7248797100642473,0.15677436416579396
-0.6704432681353075,0.14287237600353989
-0.7315354591180279,0.14699563428759005
-0.7016345871783476,0.11455921796378274
-0.746238191709408,0.18066863602271677
-0.6833937955882505,0.22421032820901293
-0.676702807771256,0.14283668935001081
-0.754412134359687,0.039651594428625585
-0.7722384926674339,0.030880417419449756
-0.6756677019644722,0.20154246208279464
-0.7343162354552007,0.19011685141119092
-0.7882496935979457,0.020774625282986844
-0.7715191825112028,0.013003950733968471
-0.7659832313653921,0.10294536322165407
-0.7856084667936863,0.042175209316981065
-0.7023899238157406,0.08953820702333481
-0.7198995899119001,0.10023348138268072
-0.7802121628622547,-0.0008267096018408389
-0.6677091144484707,0.1420975996913167
-0.7340976492397857,0.15217660116001344
-0.6437656874466577,0.20459150565657802
-0.6610803533676017,0.1105592510350325
-0.7169275705787795,0.17380444641957632
-0.6865174192673195,0.20186077383100332
-0.7573442613283594,0.032565116389434226
-0.700391688477922,0.1866338246686309
-0.7619975700764209,0.12419834480609836
-0.7327414356086362,0.06764200227967214
-0.7521952897811821,0.1185719377635673
-0.6771039016316385,0.1652042769174949
-0.7541836018807039,0.16616542303501605
-0.7354671448696984,0.02933602323979672
-0.6686280075028449,0.13540826307136053
-0.7410631403645275,0.09200411461523972
-0.7348594799976217,0.05421240076945345
-0.748817559593182,0.04877074302662927
-0.7409657733670364,0.03939145413248949
-0.7596618394241264,0.10881145604307742
-0.7318252317898754,0.05878731136230983
-0.6725999633200187,0.1258145743539916
-0.7890021449908431,0.05380828761778401
-0.7638597383763053,0.10923477620861162
-0.6654902275586586,0.14896113388786333
-0.7769141561888969,0.04894609742634553
-0.7980488376953268,0.06444700887327853
-0.7445432580769664,0.047126801541695656
-0.7643822632000573,0.11267896971468755
-0.7783490304679513,0.03675684494092965
-0.6766219887247825,0.1677886791079577
-0.6819394807852907,0.14302825618066334
-0.7374292553819456,0.1069630773449378
-0.7075932344728219,0.20504648243361087
-0.800794436817654,0.03890388575798421
-0.7078378576777806,0.16475555760492652
-0.6715951666640387,0.18269733838185342
-0.6667143866938766,0.20417049863156006
-0.7549575001020787,0.04800643226749861
-0.663441586616251,0.15980057676721954
-0.7405246057530971,0.06790713333951898
-0.6480386749714865,0.18494389333475844
-0.6997414627549363,0.1256042901773492
-0.732708126690458,0.16323743318612186
-0.7864308320454885,0.08458527304963336
-0.6732522405839684,0.18629999815000825
-0.7573673991376524,0.07714949344077293
-0.6885445546211068,0.18825731208510935
-0.7195863775871655,0.14460786024565436
-0.7124601908460945,0.21073152114085014
-0.779605049468862,0.06240934221107877
-0.7401639491800905,0.06927545803477042
-0.743313072518781,0.17478615971375847
-0.7517372048454084,0.11261790436190248
-0.7685152090433277,0.14920018153438705
-0.7048816817630043,0.0739417420902634
-0.7373652875630357,0.10545330990064934
-0.731694680590545,0.07565689529851291
-0.7490288331338261,0.06688927408230438
-0.7312988593834382,0.061460038496699516
-0.6686051773934617,0.16365988559269232
-0.7849899634586732,0.04308383268374785
-0.7820579476591323,0.09362950153130407
-0.767917534534657,0.015056231234257785
-0.7813392221641334,0.11267192740534542
-0.7959757524714585,0.02973878657330494
-0.6984469806506619,0.13460312462895133
-0.711606028186237,0.1623057712591653
-0.7678153691128198,0.015841958537772163
-0.7450126316774596,0.09196502152951405
-0.6958896267339157,0.1882294012758688
-0.6914659491183203,0.10885308649938236
-0.7131887727187846,0.13184751476343282
-0.6666922160218882,0.15250117289128678
-0.7268838965133442,0.17848708176536568
-0.770454719251311,0.13499008941361826
-0.6831471800379799,0.22437339752725813
-0.6702290500979822,0.11417203755865447
-0.7105716936112122,0.15416961692576225
-0.7428257659403541,0.15245789166897236
-0.6911438575019156,0.17136085898469464
-0.6878154459759842,0.16108285183690085
-0.6829853121241595,0.15344416991243154
-0.7021280981247872,0.0724258695849722
-0.6912494680915419,0.1466325024198019
-0.7595964626273618,0.150632455025255
-0.7513753638699693,0.09119206728024395
-0.7658866343723741,0.06584317513484872
-0.6963217778083903,0.12008409359651592
-0.7067813497266262,0.16267330483518763
-0.6856917502293688,0.17266459432351777
-0.6880366743075574,0.07079968443323867
-0.7621062755318324,0.10566650208169692
-0.6754035701135146,0.1613076068307126
-0.7195741408690634,0.08097349921779178
-0.6642540153375105,0.10457933495105019
-0.6665383132096927,0.1650215986618759
-0.7564150478009791,0.0663749072872086
-0.7213629340449877,0.07816132998577056
-0.7638874769107907,0.08190087365282818
-0.7977907086881542,0.08309996226675855
-0.7323274011265832,0.09905988264726882
-0.7341415042237431,0.14707144319390741
-0.7686811342906729,0.06968556018380621
-0.7109455028283497,0.07926608044806625
-0.727132620198826,0.1363680934218652
-0.6823328829645758,0.17033954185707859
-0.6786451185138975,0.11380752347924725
-0.7211141915634088,0.19339020958882347
-0.7130277042209803,0.14057673753848346
-0.7478397915163887,0.0639772034742984
-0.7636973279270143,0.01951816868291453
-0.7331770759942093,0.07606621601019961
-0.7055578809816448,0.18899987612992675
-0.7539191431456277,0.14754058192939543
-0.7271366181508678,0.11006255852482111
-0.7544210636210964,0.08316858178856172
-0.7243113185240123,0.15899938003068362
-0.7756783542529309,0.06473711927003097
-0.7514222527845797,0.05579379221413678
-0.7274486259865849,0.11869867527876529
-0.6743660283479935,0.1599147412040342
-0.6713416330895331,0.20548924060455215
-0.7361618436556847,0.02838943891571348
-0.7531167873867715,0.05816056511574497
-0.745096824146874,0.08925807255799506
-0.757017718429804,0.14841963368774932
-0.7353051875910381,0.041249843190005846
-0.7411844337289882,0.1823903757234183
-0.6828185695453318,0.16854072218553592
-0.6939151435813077,0.14431185258138268
-0.7022525910061737,0.07033554695760605
-0.7616042805011548,0.11310692304681572
-0.7461122785108772,0.17903685039998662
-0.7048394128626893,0.09802021097127153
-0.704564836663148,0.08931869083996893
-0.743502420695058,0.11133628161992025
-0.6762275681714085,0.13332711306297337
-0.7188111827225755,0.10218593724524046
-0.6863929386652228,0.1676380228582219
-0.7298201493438852,0.1866331363525807
-0.7136441626199013,0.10866332248092583
-0.656504184441291,0.16044485462234392
-0.7891782515022991,0.10330153546625556
-0.7814538835351281,0.12049633980097849
-0.7504473337051656,0.1628278357473806
-0.7407369220707414,0.07140900424503233
-0.7075711212421187,0.06721908515111831
-0.7303269042046071,0.09404448597424134
-0.7309853802060882,0.04814934104844132
-0.7082771195544812,0.10077105246202238
-0.7326377423742103,0.17040257604649542
-0.7393324101168862,0.10427243377580829
-0.7978219252593718,0.08826193338291186
-0.686566809732829,0.10590414553725742
-0.7036762330238863,0.19749734531517996
-0.7694629076676625,0.10644839064156546
-0.7901238758074443,0.041021313597687424
-0.7804584977367962,0.06048004059935248
-0.7517406157989229,0.12179812402115264
-0.7244251619993188,0.18121446411354525
-0.782633743996216,0.10017113133133447
-0.7490025103919845,0.10578197109367868
-0.7585840098078941,0.11931633947725788
-0.7292627977772191,0.11366962612261666
-0.8028388292138255,0.08134360145361662
-0.756826836768162,0.034276376790226944
-0.782434300107444,0.004225504939844398
-0.7866091665997195,0.017268514948238885
-0.7632751303430249,0.08809271670571171
-0.6736533217785129,0.16700923362373551
-0.755566784236818,0.1659510693148863
-0.7492496276840579,0.18266515082396803
-0.7745023737983978,0.11211173942759767
-0.6887304242761075,0.12136600848158481
-0.7246325605175976,0.09711432982815232
-0.6708334272865933,0.11854849768276246
-0.6895813385125268,0.17968333989091073
-0.7331056926894178,0.08179783251112076
-0.7139535712235777,0.1241048378378575
-0.7476948808236012,0.05507258743052238
-0.6902275361097017,0.15941740205605542
-0.7706200687677253,0.05716086689241477
-0.7219500243938537,0.09422723318849974
-0.6794925073527616,0.18748279702625836
-0.7050964168699825,0.05421925715174511
-0.7634796796309672,0.021771265947522517
-0.7258615201120198,0.04378715391171175
-0.6900394893017063,0.1575966248384409
-0.7224902404199356,0.0952133523030008
-0.7060870049477541,0.13560203049901068
-0.7534600840677511,0.10202341974695454
-0.7785922547527372,0.05289555242672458
-0.7027665423131383,0.13087118622477453
-0.7216777916979443,0.10585143362788034
-0.7828398625669136,0.11254219549522675
-0.750928989504925,0.10956793280567047
-0.7182417925859997,0.07502114687227333
-0.7026617382063491,0.10706244254119304
-0.7882132700071941,0.00041891144841523143
-0.683289257516333,0.21427900330908553
-0.654945957089385,0.1456364382664289
-0.6544234672558924,0.13220458235718804
-0.7374871566078806,0.07708145999450527
-0.7019703766722819,0.135279009516895
-0.7890282582471929,0.07815370757623577
-0.7749331937933734,0.07071610251351063
-0.7150642417550326,0.17972988384393201
-0.7257206215441927,0.1306231375571448
-0.7691794964655605,0.13385429298583412
-0.7607566517661564,0.0754147859684389
-0.6706637088992724,0.22582036525700552
-0.7140939556015378,0.1899028160554119
-0.7398305744444036,0.17385428643055625
-0.6736408756281265,0.14918885472067075
-0.7276523481412868,0.0389208723711154
-0.7303421924545662,0.13761735290159952
-0.7755086456764826,0.09249490164644841
-0.6708100518308153,0.1446849415055035
-0.7514220083308469,0.10378287607477009
-0.6773101102843073,0.10686036969969258
-0.6510993424677063,0.17449844100299847
-0.7647638276780215,0.1259524945460281
-0.7279435972613512,0.13108582261044327
-0.7225735531997381,0.18214767998151107
-0.7411355909139877,0.09151777795903451
-0.7643749258357561,0.024192618620161383
-0.7299932182906838,0.17103180394957743
-0.7368132723808811,0.05156968324923168
-0.6463834696308804,0.20657731670507104
-0.7331434965258746,0.14657472155353427
-0.7722869408614806,0.09765454280472023
-0.7820650938159074,0.05335604102962237
-0.7407306025612826,0.10130437702231225
-0.7025623973517565,0.1627446706590936
-0.7914286876927792,0.045545778251563605
-0.7770175251250614,0.07015642335623985
-0.7496781251272892,0.05367599685090051
-0.657887440693083,0.11661118838151556
-0.6954903108835535,0.16574415193566722
-0.6964217031282796,0.13897250040881395
-0.6616898308640822,0.18957353731184415
-0.6987666235255273,0.08248338540999803
-0.7490509511134736,0.11819965149196661
-0.7515837104320164,0.03707020747123388
-0.7438768876035092,0.048806449796590594
-0.7262979437297901,0.08050766075380192
-0.6689372557241291,0.17791260815921223
-0.7345846636525155,0.04600184216479215
-0.7050446436737133,0.16916402909087314
-0.7294214228584393,0.16020706671665302
-0.7461516161563828,0.07310185188099097
-0.7316203767132998,0.10151837305785986
-0.737619911417405,0.16653831365302016
-0.7709816691580954,0.0903911647308616
-0.7692921509016238,0.1330958696945794
-0.7197718148489588,0.06290849882777401
-0.7253636890095093,0.13286620635360447
-0.7496319217576521,0.1346355686323358
-0.6893047082899281,0.10765461304562013
-0.7362389741297257,0.09315330660354028
-0.7846702973692924,0.11066320511404787
-0.8000660935409115,0.04000572181006001
-0.6562190733281833,0.13725437073956223
-0.7429324989480569,0.03604676405855946
-0.7844049895010428,0.1324923891696325
-0.72897251475203,0.06882245305028116
-0.65091182771047,0.15888789461309355
-0.7187698956765721,0.06343137768682415
-0.7368243334785105,0.177084734221292
-0.7937250337479095,0.08874529832919695
-0.7184941723198794,0.0759413754718317
-0.7097469696330708,0.19661357377745298
-0.7698648138768991,0.05799355516038
-0.767210761890809,0.14141148930455458
-0.6818332986383274,0.1975490230053367
-0.6870311197439531,0.140164755222503
-0.7367240370561038,0.1602785416325823
-0.7186153523632357,0.08700392809561255
-0.7158689091574683,0.11476254337720079
-0.7145306443003712,0.07473288297799154
-0.730186650409424,0.11828704468071354
-0.7695652994496031,0.07395985680286518
-0.6924304667091075,0.0683724958806512
-0.687685772642908,0.09535771225210608
-0.7156578345563938,0.04976611495363643
-0.7307372270008484,0.16654114560927313
-0.753766212276626,0.15841477859604547
-0.6880232260504942,0.16168294884329099
-0.6972999219741907,0.15680352583849333
-0.7207130112312954,0.10109129220013637
-0.6973564176184714,0.16274637601097888
-0.7430694619805358,0.0831787055178366
-0.7392305938561963,0.11974563555955665
-0.7540016681143868,0.09236695623566682
-0.7766510282841219,-0.004920698219764939
-0.7692439248454865,0.029660394075798308
-0.6924756753249933,0.1878772774586241
-0.8017565852779343,0.06189556525662455
-0.659967900575593,0.20765130081280983
-0.681650437458825,0.09522074736253244
-0.7856311253783852,0.07174897497194457
-0.7654632093592102,0.0335320086252172
-0.7461352523935729,0.025891939247854667
-0.6594871112452061,0.1363715698421109
-0.7184752544234737,0.12650328343172182
-0.7708993122518574,0.021768624268744412
-0.6774437216394837,0.13090686755677916
-0.7331611456188699,0.16891349896240238
-0.7909385464042344,0.023472115791408794
-0.7968734297793981,0.08486570212457967
-0.7028910936982189,0.10885965539812369
-0.7587059321049175,0.14832608250182144
-0.7871330579822232,-0.00385735854384775
-0.7013327561425323,0.0653822206366682
-0.7462213757118996,0.14375260487916244
-0.7687810789226295,0.04322867574429428
-0.7749811370320869,0.08779064091279368
-0.6767367302897792,0.1898825380699135
-0.7561119013039672,0.07417096782700798
-0.6923338894136843,0.13820106423318343
-0.7130176724026921,0.1656100633258837
-0.7303058791791583,0.10706839960069678
-0.7953698510234054,0.05517586886420257
-0.6722490030388928,0.17376633237450842
-0.7719684741966605,0.11102697778243402
-0.7286612435573976,0.128563005062889
-0.681802715959523,0.09360291308178344
-0.801553399716986,0.07285371278964337
-0.7882937772934364,0.11621600492064034
-0.7225135426872497,0.17624688940709574
-0.7549693367234198,0.11717877404905128
-0.7110203192788969,0.1046112695756754
-0.7405974569003826,0.12075494522428921
-0.6913681005689702,0.07178660801601729
-0.6643459108288012,0.19344091251047052
-0.7764348899219856,0.07284714504742448
-0.7363691078676208,0.13717163710680108
-0.7015954578465048,0.07272098972407022
-0.7108127502061445,0.11054445971767365
-0.7090380364795389,0.08874857516388539
-0.6790509931534306,0.15800929370170835
-0.7146637307785437,0.07136405136769546
-0.749659254529524,0.08250885329704861
-0.7170797286936341,0.06369131103077044
-0.7857544605488267,0.08395209268228432
-0.6962113049948347,0.1549244911752755
-0.7181995438519472,0.0889805911170711
-0.6874180945967918,0.0935496825032654
-0.7760346361422229,0.1188208454604072
-0.6961147726364675,0.1740939637638104
-0.7620502709033363,0.05777633671068792
-0.7539657581431016,0.12093019488667534
-0.6567025714413849,0.17895918925443025
-0.7362886353090313,0.1882819786947139
-0.7283886861005998,0.044720306828267255
-0.7713590883581559,0.07176176266205286
-0.7474296290293656,0.13200063609547322
-0.795568611587882,0.09725603189940088
-0.7378300126300014,0.06058208144816576
-0.7536116827086099,0.17102357254462938
-0.7506256356095774,0.1547543534866943
-0.7115046081635403,0.09534059084760603
-0.7050438568558612,0.11364618194415728
-0.7592940211077811,0.05574398044076349
-0.7260487584184266,0.14924432053882797
-0.753081334767642,0.1197159313902551
-0.7134094087506264,0.15046022740943496
-0.751316406334779,0.03280252285137866
-0.7224910985440066,0.14556615855776567
-0.7789402803379947,0.04373440564350474
-0.7721140380902832,0.031664967657240896
-0.7457136503399941,0.026563535451749533
-0.7330596264816629,0.18038650167544254
-0.7236845880230303,0.12850768452818492
-0.6955495203961518,0.21054571648443435
-0.7085345607537246,0.07396991368712198
-0.726613765590263,0.05807888061407663
-0.6903691639196199,0.185163061316869
-0.7659933084784709,0.15740918678534666
-0.6896278835788358,0.2165026564636807
-0.6577477475927896,0.18184867879149566
-0.7528140049231249,0.0939079890851479
-0.7169375181921792,0.06890352720761708
-0.7280959039498183,0.1487820846443355
-0.7538634692868345,0.10344101000224953
-0.742341421162301,0.1566382903136571
-0.7294703872559293,0.18860639871038157
-0.6808577005329518,0.15659385308964255
-0.7112100652604918,0.10365226826792828
-0.658830625968775,0.18899461976999957
-0.7260747402172969,0.0535666395764538
-0.7246680659450006,0.0958391624259509
-0.7332541682336164,0.05730282518831998
-0.7839290642725888,0.054148193989070004
-0.767688865168899,0.09058589026645618
-0.699229221673454,0.06551346065870502
-0.6479115428139074,0.17520836949251914
-0.7545968749051991,0.15070752646611477
-0.7462875664259004,0.09827474094333088
-0.7138535663802059,0.12585660594165426
-0.7478251213509302,0.09991329353288377
-0.7590866346811013,0.10056658323611331
-0.6540332787557313,0.19596297659004502
-0.7406535069064439,0.07515109604219464
-0.7002131358155571,0.16960831241070454
-0.7588221342639948,0.03321809081716465
-0.7199815268383148,0.1789671664214613
-0.7870348072772245,0.014726799505414433
-0.7503732949393744,0.17513339634170572
-0.6936214238122792,0.10562071761287091
-0.7873774876767318,0.018199748429917225
-0.7149309632989324,0.12401558281402972
-0.7475423219097079,0.034925533530241096
-0.7743281648621438,0.09702502646127262
-0.7573056096886289,0.06271421284047962
-0.7319694531000775,0.08781649914634532
-0.6685263967007027,0.16190424784283675
-0.7677221220086404,0.13368597453894218
-0.7376149823382526,0.05506280605498454
-0.793522843713857,0.0358773554182752
-0.7922639384232126,0.1039580934317341
-0.7041807160835424,0.09769659856930397
-0.7595305321345374,0.04391718454696103
-0.729313130597908,0.11946467848359098
-0.7364467201382701,0.10849731880600356
-0.7251857001615257,0.07244178116999274
-0.6924945836953378,0.17684619898893628
-0.7772550054670769,0.12666827233607186
-0.6447988348901371,0.1584023423985616
-0.6990992499179335,0.19771264528883362
-0.795172626173071,0.02148580594748365
-0.7685333345956519,0.13237099414637052
-0.7739745560419741,0.027348033386250636
-0.7384743040078657,0.16304787654555095
-0.6983908164573273,0.1541529951521939
-0.7554544895141532,0.16147729210844794
-0.6963582633912868,0.11969622629205548
-0.7394522876036426,0.014621674693728166
-0.73465273352171,0.16017130742731744
-0.7579891970447525,0.11354876682249268
-0.7034371855937847,0.09888029678885353
-0.7339681575412781,0.14309260723919046
-0.6787831492287588,0.13243757722360044
-0.749403675736067,0.01900045894474975
-0.7163276107740534,0.14488541676648878
-0.7402925682564722,0.13983575130958467
-0.7570581318394946,0.04258222587620739
-0.7486925721970918,0.05444610555166639
-0.7166668061621113,0.19312808113766872
-0.7017089325183935,0.16466929857113807
-0.7034900031391828,0.18010073487270448
-0.7467091368189803,0.12604992923865793
-0.7397443300555739,0.08868236562276118
-0.7089419382198844,0.1914357844064149
-0.7490687318518711,0.12385360731008001
-0.6889060054529923,0.16887716652368898
-0.7132249588901934,0.0938294928385595
-0.7927796401426512,0.024660185341093044
-0.7054824758339853,0.17881604230526604
-0.7470822145530689,0.10074379396247457
-0.7559260770929095,0.03463011309955262
-0.7155241321945696,0.19507689651614804
-0.7045299418808698,0.13010770028336918
-0.7671698782607191,0.11163625712605425
-0.7519448927446519,0.1093852133433969
-0.7306938038649877,0.1237881132988756
-0.7067273475031507,0.18498693720121642
-0.6902333163165265,0.1297543155376697
-0.7237858164993586,0.18147378173730958
-0.7357010732714006,0.07099136689764037
-0.7775171962764817,0.04297019182671226
-0.715118857968595,0.05639617885825931
-0.7084502955676085,0.08996748049700128
-0.7357303689724228,0.1672913291594992
-0.7570101949021845,0.11230188460033506
-0.7637730856854293,0.021350344052450215
-0.6761953259473299,0.18897833506422718
-0.728863249241873,0.04477118813990704
-0.7598679228651666,0.12388476781858335
-0.7453586269028264,0.06715300810452217
-0.7087202755211729,0.15442942719778457
-0.6826803738202639,0.18776920079765666
-0.7128694617495525,0.13597568782441594
-0.7653562535980973,0.15030815013331242
-0.7805759838818732,0.0383785453370027
-0.7085470201272744,0.1496355075111927
-0.7399293016363887,0.09207124063398069
-0.72065312380672,0.11441916575292972
-0.6951679437206024,0.07598437182979922
-0.6757881571751463,0.14735160509244286
-0.6995161723008378,0.10129372921936859
-0.6863664631811116,0.15670263826986447
-0.7395670456767898,0.1218055793835802
-0.7144764826596233,0.06395748127965391
-0.7494587860589854,0.12528890701688475
-0.7737366390422263,0.03603655366840092
-0.7605407011285374,0.06913873673236963
-0.7156765077329083,0.15570344882406478
-0.6842178612207528,0.1717426121202082
-0.7038058099223934,0.21536510653732563
-0.7741135933235683,0.11933248627736445
-0.703533060709117,0.11153718218648152
-0.7339018220599156,0.05624918078935601
-0.785362627355459,0.08564076977581116
-0.7007021154808788,0.14287446086915775
-0.7076368631246792,0.1583679394697871
-0.7272408027165403,0.05397688187165593
-0.7233148186868642,0.12157604335289847
-0.7678767061904702,0.13233163711002102
-0.6539923967127914,0.15499195502447005
-0.7549071884828757,0.1046960924110014
-0.6911250722372022,0.09712386833433699
-0.6773625142987292,0.11506336422569044
-0.7364091886943397,0.06006189797123441
-0.8048112962507047,0.05634324461672324
-0.6627514706880893,0.16567765283725505
-0.7336259634983985,0.1253066010833197
-0.7169565472321792,0.08243921437062508
-0.7167591910152914,0.09310485691062825
-0.7935745811722297,0.08990503994751659
-0.7542571948061083,0.018967274009029516
-0.7844225792629654,0.07867612183205629
-0.705173361886146,0.14457613947395642
-0.783207387355667,0.10033131389106344
-0.7291801302290519,0.1002180285615527
-0.746052839885683,0.09088852743127557
-0.7054326647490371,0.0884868185875437
-0.7174933042393227,0.13896905775136972
-0.7218786883624183,0.13816214206966157
-0.7216640539597207,0.1722839504003701
-0.7479434377878443,0.02924060873022364
-0.7056441552675935,0.1619036431229036
-0.732235733256908,0.08725666259989888
-0.6483871418620795,0.1774881647860997
-0.6679615088042126,0.1724325689976024
-0.7135139715020316,0.08052882276228379
-0.7491438398920564,0.17669296540589513
-0.6654075488001437,0.13280947516517133
-0.7349620056949665,0.06866518045499218
-0.7135206350428952,0.12930437847231516
-0.7370947273776205,0.18935936614436635
-0.7625461410897525,0.15549934308864138
-0.6761537811796249,0.1277824981035704
-0.6787190717177745,0.13416416408047044
-0.7331177151153623,0.05263212078274279
-0.7757561705178211,0.08881848818011377
-0.7470449198692639,0.05205640576914502
-0.7526956114256971,0.0413127164031069
-0.7363726164362816,0.08495895704348887
-0.7421910589982947,0.14444321095848842
-0.7118486428953076,0.17650815292827682
-0.6987211083579977,0.10508013629674781
-0.7140283002520456,0.1633084223383071
-0.7886017896795713,0.07084340945467192
-0.7195591609197488,0.052958170257635606
-0.749952094882242,0.07814105724597022
-0.6989529501602447,0.08390942196220376
-0.7126720290499546,0.1385132937981207
-0.8036705695619253,0.058995497612322007
-0.7109148732385013,0.12274426841768654
-0.7017895289747604,0.18029305915168437
-0.7338158679241051,0.12175562543080432
-0.6420448996281425,0.17952700238673594
-0.7523529370931156,0.15979431419361892
-0.7114258291549886,0.1734312946994116
-0.7362635064622095,0.1725043301581563
-0.7336769674739335,0.12583763900177353
-0.6684722768926423,0.1677415289762054
-0.7096478793672945,0.09953793555816469
-0.6722852440529953,0.19087444031104403
-0.6806791549779352,0.2156092018261101
-0.7423903672954688,0.17372843578091673
-0.7006635409194066,0.1196618450520091
-0.750032827388013,0.14941827260437412
-0.7342614436600282,0.16171669686209791
-0.719270713212466,0.042492235864728375
-0.7663177282076306,0.054896745385876404
-0.7326207782387845,0.115831038813815
-0.7156300816994771,0.1869740513054296
-0.7280483103696619,0.06939974637842172
-0.6459991717151811,0.21443215781881703
-0.6610439528955225,0.16631447351050527
-0.7141080906863276,0.12259225510154025
-0.7456378131929654,0.10680598922316865
-0.7393900992096819,0.07157015258261053
-0.73983807044196,0.10159629820337114
-0.6889206867450298,0.14318605573999157
-0.7901237112654255,0.02381162698644204
-0.6970247207656138,0.08178686015809003
-0.789861299949208,0.10453786985704398
-0.7965390821819897,0.045555697417265735
-0.7466508568410309,0.030902554390879088
-0.7605442922740154,0.1345628887668454
-0.7264824047536751,0.07541065250404151
-0.696778165795812,0.1683067268891692
-0.7034601739583396,0.1465040489659035
-0.7227893016887553,0.14316167203423688
-0.768136265887312,0.08821231931106727
-0.7091534347046176,0.17091344902944494
-0.7344589417881734,0.07921647497983401
-0.7237695887065934,0.1196741826726022
-0.6963655986288094,0.15100899759675343
-0.7584290063826107,0.10120476826415802
-0.7665290602611093,0.07914670889745747
-0.7106637956879152,0.19008900540369442
-0.6951269281037742,0.12735605966240288
-0.6900948705201055,0.10639702316983747
-0.7066138016397248,0.12126316774827539
-0.7312537650732472,0.14193017336255187
-0.7146108709764089,0.17897010849997974
-0.737628566563589,0.06890088763662627
-0.7604013431849704,0.06353131915313238
-0.685427660110727,0.19431685264565146
-0.6825421920460772,0.16811582486303145
-0.7539298221451899,0.04835644961412935
-0.7139838726542777,0.16242618435943568
-0.7675640248003831,0.026494098635248122
-0.7348953202063033,0.07646391343129293
-0.7861765723267126,0.03615581927087559
-0.7974432677487673,0.03517405262013961
-0.7082615892802959,0.1906051343851663
-0.6796093949608139,0.17740217840299666
-0.7896768904149564,0.09198525451615103
-0.7553484230308266,0.028846448143264695
-0.7881329468927017,0.08133836699017113
-0.7299251646773768,0.17452651600470362
-0.7519218127236388,0.06467612367306741
-0.7351880746509191,0.15015939166421377
-0.7708652685964427,0.03979937201487315
-0.7700290234867765,0.04205006927861818
-0.7721930814147001,0.10164459371914068
-0.7126095718321775,0.15756194545256236
-0.7489932779645928,0.06987829722804147
-0.6837384589361691,0.1294636019457674
-0.7144715908748552,0.11718823920763137
-0.7465836107117787,0.13066497459820237
-0.7111348388286376,0.07632230156792183
-0.7623747179090768,0.14041886056874023
-0.7622397190527136,0.09976065448500253
-0.7145794449558487,0.11111865133574876
-0.740780581929104,0.06972351623770742
-0.7628024223277499,0.0589290103376619
-0.7880654665381859,0.08849448223333867
-0.7223392012005531,0.10469629739860385
-0.7332237377135425,0.1737341076619716
-0.7378960060728178,0.06719933093267376
-0.7198469200884712,0.10156407061365008
-0.6822122355344958,0.1494416591170494
-0.6703259672519607,0.11597840627487854
-0.7364658168450547,0.059512947363298464
-0.6525793797385078,0.19158873634384216
-0.7607206457955022,0.062472395051653334
-0.7811469814418543,0.07267904113919219
-0.7158840550144379,0.10649364200522966
-0.6966297645262564,0.14735339745725956
-0.748745722468828,0.09571243411643293
-0.6954101776678343,0.09349542141864074
-0.7570279582967812,0.1200652168024593
-0.7539300993016606,0.06833548264371078
-0.6948997031941744,0.2032833675514011
-0.7431090291179859,0.061762056774082794
-0.7120062266555955,0.16210629580851577
-0.7513699068355495,0.12342454931095649
-0.7392430651738386,0.0949344184193771
-0.7709008321487139,0.05582889909270826
-0.7851699942982855,0.03134918139469272
-0.6705306442294988,0.11368342410831857
-0.7728478916353556,0.12764423229357838
-0.7177942310894234,0.19491369217427465
-0.7105569599559668,0.1051912172011117
-0.7768775821575616,0.04167236054815956
-0.7055322950074382,0.19474438909340402
-0.7568707075547674,0.004907612451379959
-0.7668935705712568,0.06544257221109942
-0.7395088629208041,0.15416263556876325
-0.7379920825749453,0.08238969508685949
-0.6657342299105344,0.14216389098469331
-0.7054957222164857,0.09672228728590737
-0.7156111268638581,0.0681108786610604
-0.6930525794923272,0.17569197337826478
-0.7569996032275551,0.1111236493568418
-0.7162397474771997,0.1732133923270231
-0.7293640553280465,0.1681558367370203
-0.7261057541517261,0.11877652464799016
-0.732424625849221,0.07840357867635035
-0.7471388407224185,0.08236978036452501
-0.7342128792303956,0.16042751439405695
-0.7704481855704299,0.06150842379293246
-0.7410554073025181,0.12222382645960471
-0.7020644324710644,0.1534861634368559
-0.7530605648478923,0.06501528925860336
-0.7248374435422585,0.11923267294392219
-0.6929820753238821,0.10279429389419642
-0.757487245255602,0.0719800389694324
-0.7510044019035752,0.1160889196823457
-0.66522348146932,0.19233980147972582
-0.7536703986064481,0.07959913778425613
-0.7664573056001773,0.1335674290555613
-0.7955936257174402,0.015577173475743838
-0.758618486935454,0.02806938427074758
-0.709371501445163,0.07891119405472752
-0.6985792450814005,0.10292840188895136
-0.7813802404695347,0.011961504349855179
-0.7204224151365816,0.16879352856930263
-0.7500506372487933,0.08668001224782353
-0.7055418492342458,0.14024429701584284
-0.7016747643136403,0.1025027287251228
-0.6763038945270604,0.10078107364292399
-0.6774744883786499,0.12726166816088919
-0.7716410411778565,0.11080392376521994
-0.6984252995698425,0.08948024415421717
-0.8039393692715892,0.05862750591048851
-0.7117937309984558,0.18051440429395438
-0.7623272252384465,0.0673011152904213
-0.7887584344356559,0.10298007858792121
-0.7077471071719417,0.1341586417272414
-0.7420741095840281,0.08401764177107142
-0.7536002077376578,0.09801992677673069
-0.7549601552513446,0.1509664669326304
-0.7247949599489343,0.11581058382711208
-0.7380551141823606,0.1782546885139616
-0.7491111461162129,0.050520060025507636
-0.7187347700184625,0.18247767332877918
-0.735186159271082,0.07457450795177084
-0.7142367188507919,0.08739046131610424
-0.715683554837125,0.15811692143525513
-0.7223073480247728,0.12499418984405562
-0.7195116256550648,0.1654679508503205
-0.7580522919434256,0.0978623449409037
-0.7585463704941947,0.14283275432361667
-0.6801541244366345,0.1442487568179094
-0.6726828105873264,0.12935233967764295
-0.7218953360090179,0.13674367064095666
-0.7678075210265479,0.08963071559797037
-0.6788342596754827,0.14574649236709553
-0.7016996987026705,0.07851228697289142
-0.6967780449161023,0.19498573286352486
-0.7126843972859856,0.17725217220826506
-0.7031322407757112,0.14546449854381163
-0.7511052345419587,0.12851658536416313
-0.7452418399329087,0.13538677138485913
-0.7444568171828355,0.02624779798443218
-0.742225563690738,0.06095662673914143
-0.7092807588774253,0.10905078175540918
-0.7164924945241756,0.1461689440687793
-0.7366786986668904,0.1195891543630069
-0.7585649787959732,0.13116703896908177
-0.7892986864261355,0.047015818907956926
-0.6849312505832664,0.1760111989542817
-0.731601451871698,0.06406583062431949
-0.7015676444444462,0.19063420818565227
-0.7307672578042131,0.09619434977935501
-0.7593092705738784,0.06216095142028404
-0.7546954079135576,0.0697324875773267
-0.7273840541110518,0.0614251463136653
-0.724585110224573,0.15392723782211937
-0.7648727100250399,0.06387899192378155
-0.7489858110573917,0.09113965474210083
-0.723644113089178,0.16662405080830003
-0.7029452515174591,0.09177558439931294
-0.6931187180690539,0.1632946524896094
-0.6782285526758176,0.19810570433259447
-0.6942981034575252,0.21447757124101446
-0.7530839392675893,0.08028336416251138
-0.6830300199993946,0.13683777084201948
-0.7184103806455796,0.06623046817447778
-0.7304542152690822,0.15007231412192737
-0.7461336356192142,0.14352016838900938
-0.7563901513214837,0.024318872367106344
-0.6613475699582543,0.2252730106912736
-0.6972565222118976,0.11219231501736855
-0.7381991908570891,0.15094195776419997
-0.6891726371156935,0.10448875990774525
-0.7338494190607292,0.15126203740349217
-0.6841348364698655,0.21719183198027794
-0.7141243570207143,0.08296971603591453
-0.7233613052484955,0.07506590751266229
-0.7572084373978939,0.056198322848008804
-0.7238194034328576,0.13392268347781033
-0.7581552491575909,0.08296790762369786
-0.7142457930293723,0.1478351261440451
-0.6815464626962646,0.13409051099884384
-0.734369348957076,0.12663143620521045
-0.7123496829530945,0.1238751038398219
-0.6835440445655409,0.14690375936995662
-0.7211696333805133,0.13008124373890825
-0.7309820221881906,0.0615135152429088
-0.7706723189516721,0.09504190233263994
-0.7343557927162323,0.15775093883326222
-0.6940644915420622,0.1595200751520157
-0.7625245311754124,0.09841580773674664
-0.6974727308362205,0.16420700030530072
-0.7787366740849646,0.06415855442232869
-0.744117318280931,0.15574318647162017
-0.7761988859761638,0.04986812365614981
-0.7611368727688752,0.032286516434145214
-0.781540140758955,0.03656746845822246
-0.7680837855303685,0.10760544157921709
-0.706230250218353,0.11313293274941122
-0.6695776171243923,0.15614313823187265
-0.7389493953571933,0.15829385610286265
-0.6542848092923896,0.16993246172212395
-0.7673195931885335,0.07284998960889158
-0.7211326847993661,0.1210039240649335
-0.775816892846746,0.12195775644549427
-0.7047320080090563,0.07896089724493796
-0.7416710744077897,0.038612722035193975
-0.7632862428262038,0.03565400122056492
-0.7640411011098642,0.07513274072287636
-0.7496531265313369,0.056368511449471734
-0.7362478990950594,0.17385351534440133
-0.7175046575499215,0.058273414097736266
-0.7232520405587242,0.11283452392239245
-0.7965287709753284,0.08376136737498846
-0.7901989890594655,0.07283660389990186
-0.6760384062326946,0.1883661944572975
-0.7206374083824192,0.07029534316781605
-0.7323714447771724,0.1476012773456877
-0.7088840532056372,0.1524411835600743
-0.7293297702558017,0.10201784433112679
-0.7585837988022137,0.13048868891847512
-0.733013079778486,0.049038993063576695
-0.7518783641703246,0.13730175858783905
-0.7577364143074521,0.020851623454653273
-0.7358445544601756,0.14133244808212786
-0.7533131865071845,0.10285566141297726
-0.7619885410236652,0.08159344452915768
-0.6867209248525096,0.115569298857683
-0.6714846736681755,0.1908910144105045
-0.7806728052237443,0.07349918956497482
-0.6984472076478392,0.19351423954678293
-0.7396677273901495,0.10544302026891449
-0.7705698766055961,0.08099534430621035
-0.6810086053116925,0.12336991697268863
-0.7167161487725746,0.17374863058475082
-0.7086779963015024,0.08198385678159784
-0.7397185304505305,0.1037961115117278
-0.7236601235181719,0.043339805963707005
-0.6879341974050119,0.13405953466130338
-0.727962150278746,0.18707664293043555
-0.7453710105939929,0.08961786294129194
-0.7653509677011845,0.09760679306592121
-0.770299762101654,0.03893958496879121
-0.6746800753335082,0.16267396295809877
-0.7077571663470241,0.08956316635909967
-0.7166125216186492,0.11745055705160563
-0.7688703588670988,0.14636880336590377
-0.7625995997110776,0.08762042919576707
-0.6963016710495198,0.1642963161386928
-0.7578903621805163,0.13474951847189767
-0.729056159583393,0.1017850458184532
-0.7221395595123776,0.13964485560735715
-0.7920430798252553,0.05370593980332236
-0.7287664372075168,0.18135316717148203
-0.6573030093575629,0.21895404252641282
-0.6763721630486997,0.19095430128935356
-0.7749259173434283,0.0009140522450395021
-0.7166861827890677,0.08429876639814605
-0.7094227923849988,0.20120228381292082
-0.6910554642825851,0.11018431508259321
-0.7701702685269098,0.13655424884592815
-0.7672213041948639,0.022081949674473487
-0.7467425389754264,0.09464719635944242
-0.7422528710219801,0.038918932258042625
-0.7609563389160144,0.022324823578350594
-0.6739131418136578,0.16790481684910372
-0.7593113466904037,0.1039070973063862
-0.7878848646260375,0.016798658436924786
-0.7822964089393046,0.12914023082910664
-0.6821101018527681,0.1142337733749513
-0.7758342421003256,0.0672562314281017
-0.6472663007503638,0.15931586079066673
-0.7798102084814558,0.06653704684861188
-0.729719627136138,0.17802359551007985
-0.7163485690343578,0.07503061043520372
-0.7406001926324525,0.14922701416989126
-0.7073053000406587,0.15274512216782524
-0.6779690823040383,0.12991571786627637
-0.7380946234012946,0.15677940963165096
-0.6857993895312542,0.10381960278715076
-0.7012766197539758,0.12363921174107506
-0.7117735227018446,0.09764685108210225
-0.6700272288257557,0.22213821942916903
-0.7145418508515923,0.09187554857209687
-0.7052652561106725,0.11600001976009976
-0.7140882774028038,0.08500313788915155
-0.7783008291846675,0.029573474763558653
-0.7419690879383931,0.12239909995135308
-0.7009628197491438,0.14702238449859173
-0.7390395914784675,0.15355681545402314
-0.7856658288504731,0.03197950962293886
-0.7088868738563139,0.08135977045013078
-0.736134945872383,0.12624032055137768
-0.7219232826961923,0.11536509976916913
-0.7873242935220398,0.10286658437300171
-0.7396760527444393,0.13206429996243288
-0.7239493349591776,0.12134161121434975
-0.7792130317126218,0.000950095600969846
-0.7469245480931528,0.12211535447767524
-0.6623993724478335,0.13250211336385723
-0.6942918710351613,0.2041311203005306
-0.7079633851482259,0.08858626669894021
-0.7612974362893286,0.06294873100335585
-0.7860795316158521,0.07220467378228185
-0.6682170911575543,0.13775753322445536
-0.75486456881445,0.10927284540540785
-0.7709083398389942,0.04884360279747848
-0.7740081163725661,0.1309377589393263
-0.7277327483717413,0.12999496999552781
-0.7359952807988175,0.09256331554104247
-0.6834813673598338,0.20688306956852714
-0.6991692549334187,0.13771106965181662
-0.693340691750201,0.16150189998089354
-0.7587392943752012,0.051753760377716874
-0.6853236569817236,0.1458650970578855
-0.7037067774827164,0.11838021722617606
-0.73115771536386,0.17605531425344434
-0.7115025209520133,0.18641717036350308
-0.7812604393214073,0.08000902130745809
-0.7342242216478317,0.15503132439177952
-0.796686358118311,0.052938111371996506
-0.6973589891866002,0.2143303762271843
-0.7263773105127913,0.11203160029844855
-0.6773379480190104,0.15425142139312062
-0.7819406565619982,0.10299396251148973
-0.6730064767931712,0.13461598858806811
-0.7932749542551191,0.023243715066102302
-0.7502519254088409,0.026982898483096984
-0.6789119771360146,0.15395459458170122
-0.6784850842473878,0.18455545674330834
-0.7459025777625536,0.06487592208831891
-0.7650477669658541,0.06306587103860845
-0.7800501728416244,0.0021517735731869077
-0.718230522830757,0.09838308584202392
-0.6768858899179606,0.13655884209736105
-0.7443079683603876,0.12050342609780165
-0.7149089234319812,0.11626549741908873
-0.7078901176282418,0.11431256446024733
-0.6859924872988734,0.15356164041172915
-0.7414097365964079,0.09950739365305664
-0.7094553518471454,0.12385179384540748
-0.6552103419598545,0.17762515133287374
-0.7565415230062572,0.07511984564398273
-0.7618416401405264,0.057443279879156484
-0.7342808153762894,0.1620400571184018
-0.7176726774918869,0.15715746559807273
-0.7994439455984844,0.058450392157762016
-0.7565669470493174,0.13280789121039277
-0.7503243293994911,0.02345615751308555
-0.7588246905724931,0.05750562692743687
-0.7043094159349625,0.12970781639948753
-0.6797912968526534,0.16798388962292746
-0.6537633230333335,0.16217474832839934
-0.6791378187706064,0.13150018047455206
-0.7077944427384614,0.18174658342256547
-0.7343562149435601,0.10667524752084917
-0.6754205356661453,0.20971041223494014
-0.7220017144738825,0.18026626999937823
-0.7568533157599727,0.031766281727555724
-0.7732110362216291,0.12899628938890476
-0.7150072397079534,0.11204632890305594
-0.782588019644534,0.10588993126405102
-0.7667307152693651,0.09293307125928345
-0.7789481831766613,0.02623264387855924
-0.7089557473738123,0.057779790379444744
-0.7297759161973306,0.16750792196891146
-0.74417327622664,0.11732522550438916
-0.6882002203084752,0.1683308846216494
-0.7392423123515568,0.10194417577475005
-0.7019803007222741,0.08106687230385234
-0.6930985453484408,0.16429257586919785
-0.7373334320441889,0.10994696610788886
-0.6506700850220096,0.16514424955514434
-0.6960234954734206,0.14891461854673707
-0.7612796800493605,0.06633443132552605
-0.7586913080670905,0.15040866555767293
-0.7824785265999322,0.022319686033977028
-0.7199877406797273,0.08415990158304586
-0.7005271827019871,0.10571825388714004
-0.7409909701149677,0.04692126281395287
-0.763208439856592,0.0739782616541465
-0.6968908237150351,0.21332953837699128
-0.6824683549639684,0.0885452016865456
-0.6920360608905887,0.09493960940857504
-0.7031027496468414,0.1808442117762152
-0.6732455840096728,0.20760275340032947
-0.7421917789916989,0.16102436439540282
-0.7528910173436228,0.14952777871513617
-0.6920249501798955,0.16445409237121442
-0.7840282210576833,0.04331131800533176
-0.6667402126265082,0.13961161295663196
-0.7157866062767032,0.12283674634527755
-0.7429422743675885,0.11023144870381968
-0.753885382857352,0.04454918515522733
-0.7274545582779064,0.08533859382456815
-0.7318712874048917,0.08293350818580478
-0.7768312930961692,0.10242459155957058
-0.7913612018543976,0.10461801770946094
-0.7604634159762841,0.11756761754091422
-0.7638647653777562,0.05682890076692698
-0.7915797686814011,0.03414300148560518
-0.6482533321081745,0.16597983727409943
-0.6681854074972123,0.20881739281746203
-0.73748202980815,0.15926888903012998
-0.6882617093275265,0.12748614106662784
-0.7688156399945464,0.039917646352168594
-0.6716605377921849,0.17477595959290548
-0.6812199131882769,0.1864306267785297
-0.7321460003434876,0.09077651422869813
-0.6755002241210682,0.19728749584908462
-0.6981706649682309,0.16561359953273083
-0.7240248592687512,0.1823000414338815
-0.7802761367818009,0.07489841640088
-0.7626124039932415,0.0426426965003422
-0.6843954978837826,0.1088769877090698
-0.7550708291273766,0.05882143521175773
-0.739705156422807,0.057436582356120064
-0.7404612440046318,0.01772578876570384
-0.792799422860301,0.06547781822107385
-0.6669863142450615,0.1381343534689351
-0.7002211936970086,0.13089057005512295
-0.7142552722581132,0.13348665305094026
-0.7211077187615896,0.11830281527923432
-0.7550028291869694,0.04683662481185564
-0.7144580429970361,0.18538473689486526
-0.7200739693258998,0.1689691251783436
-0.7521256511963598,0.13468163004565273
-0.7927183460723526,0.04455227315340865
-0.7313899334496988,0.07312301208756745
-0.701379522059445,0.17456294519549012
-0.6933269777885734,0.10790244007661492
-0.70236509414004,0.06200851764248487
-0.712255367804396,0.13429667842504464
-0.7234061339580529,0.07702424613240624
-0.7227092552729611,0.13045764507071939
-0.7593798710988714,0.042202312789735644
-0.6979138910666172,0.14770395347847903
-0.7955383231734777,0.059591833064320615
-0.7050921446918167,0.17097513507520787
-0.7887247535727592,0.0486446877999803
-0.719774361507551,0.08678918091320123
-0.783810918864687,0.014825223422187974
-0.7183262657035161,0.1434139808549829
-0.7216163205501407,0.12219961904019255
-0.7714080582192003,0.04120556524239352
-0.7819895112734696,0.1152580283699402
-0.7158930857890802,0.054307266455862105
-0.753104069939003,0.12335617248866769
-0.7762693866630095,0.0693724574145357
-0.7185302400722609,0.05793635515096951
-0.6642178855446279,0.16506089591123535
-0.7162920012585642,0.05911759539550088
-0.7291239313431197,0.16697703358342011
-0.66871851651516,0.12604888949853285
-0.729182582507651,0.08955431305162594
-0.7163118334421199,0.107916835237981
-0.7167248018452839,0.05617875845682496
-0.7291615329134253,0.07699203112654152
-0.7702054859147125,0.11112148802050663
-0.7070506595695538,0.1453275794263269
-0.7508192922431406,0.0859556436866179
-0.7759239255060014,0.12811621354893538
-0.7507557537572374,0.055392036028516486
-0.7091845834546023,0.16463802832903648
-0.7497895139644052,0.07242634710569401
-0.7493555738428239,0.029275886715273064
-0.6889958067731573,0.13258476755956622
-0.7454458046441533,0.09017355607484828
-0.7623922657561693,0.057857732610674166
-0.7781373456836596,0.06287615986802447
-0.7285400840784813,0.1643135202535948
-0.685649021399064,0.1625163690245326
-0.6771480686055934,0.16880114949473318
-0.7583627569222859,0.15012123809099123
-0.6988252687392378,0.16723522483336983
-0.7585446995906726,0.08993309486005178
-0.7467645982933724,0.08523232004390968
-0.7272914560408902,0.1480428805376866
-0.7123615413379885,0.08157139289984357
-0.7096794111578039,0.14009500939597788
-0.7051878613451977,0.18089267976663528
-0.7353640527750193,0.05954651145388101
-0.7442041966575632,0.027357981973850535
-0.6904252105422731,0.0736376426307461
-0.7409311589316486,0.14245664077845518
-0.7240057221502455,0.15495235770782292
-0.7664401270196085,0.09912395089514262
-0.7267368612095711,0.16294633538680153
-0.7132038265780573,0.10978305373220401
-0.7568264178182524,0.06527274304429449
-0.7051456665524705,0.10836891080811502
-0.767577276206199,0.05543685742759209
-0.6700504951493486,0.11380985226582746
-0.7766665774081429,0.03105857174528571
-0.7215958516780253,0.10812121373609258
-0.669052245655688,0.1843819104273868
-0.7596569303064851,0.15059394431212114
-0.7200669945973613,0.11184294221181912
-0.6968954690556943,0.1505687363914414
-0.6875068077985887,0.13321303976328852
-0.7326764876389835,0.18365512231658157
-0.7591371225896625,0.11532440073562897
-0.6909649048591324,0.16666643881769377
-0.7510276036154071,0.08448126812974516
-0.7579837085728923,0.1456339927945235
-0.7245422245699646,0.039404194194957644
-0.7046371972569552,0.1064590747860999
-0.7280678887740251,0.09503751675739759
-0.7042941491580956,0.13699920759714965
-0.7109397346092683,0.1710920543109172
-0.7237992035510387,0.11086468803266741
-0.7123717607955724,0.0894607081083899
-0.6919120230164336,0.18282939007526416
-0.7830821945812099,0.009813212115422458
-0.7545177859661674,0.07842892873496395
-0.7154589073567388,0.057093896022587146
-0.6948219459345666,0.12071800122498318
-0.7457480232465046,0.06912671323761725
-0.7959722944144906,0.0572346279938826
-0.755667196877706,0.10789247052786712
-0.7576196260293445,0.12922172495008877
-0.7231159363723833,0.1926136028876686
-0.782566003997396,0.03470346715328179
-0.74655630210369,0.14428814203576643
-0.7057490577476311,0.1970654734627598
-0.754382207631627,0.13828426896617887
-0.7111941863621836,0.12013514613305654
-0.6835833915549439,0.12409594795690214
-0.7521078936038738,0.0784748997272273
-0.7442465539646311,0.1657931700744437
-0.7727182236036849,0.10447958347142856
-0.7966031520468108,0.08290304797782132
-0.7702584230124445,0.1361762779876693
-0.6667089568959257,0.21505947109980217
-0.7050486877550387,0.060995966727978246
-0.7544257864091607,0.07287797059197089
-0.6735599931366919,0.22133417579585557
-0.7978271175603056,0.06310806989863509
-0.7381836495503696,0.09362312159732561
-0.7384056417328365,0.07423115351300462
-0.7315397321196232,0.09771757902098628
-0.7738844197284697,0.10809038400112522
-0.6983677891625958,0.2040835316044595
-0.7416945443585123,0.13047332372306705
-0.7831168968254723,0.08380692359974792
-0.7392929542003818,0.08267606296626118
-0.7358473444709024,0.04543384973959749
-0.7288113833320745,0.1904970741207695
-0.7904148359605707,0.10029613614086091
-0.7355075746363716,0.03480606046245229
-0.780783242065326,0.10361121486566652
-0.7280140592650512,0.07885410218879285
-0.702523016824889,0.15778879439801752
-0.7555520948422134,0.14992156376644364
-0.731204213377962,0.10247363692842744
-0.7438589682631197,0.0699455554546566
-0.7570728048264344,0.02528027875006409
-0.6972580702994637,0.10165293784968726
-0.7375177407969556,0.04462674687320854
-0.7729137991897559,0.055484999512094076
-0.7018455779339529,0.10235569736172705
-0.7105746930814152,0.12133776345124042
-0.7232628684464475,0.12443465959049049
-0.7794672975124344,0.037108921562580756
-0.7423348345192948,0.10203803891529152
-0.7034564199994919,0.13926661659572015
-0.7283304398262498,0.04372286063196596
-0.6895216933162803,0.10007507815704109
-0.7478338125491566,0.05931397681670254
-0.7255796704233015,0.14098482186998773
-0.7652624766543833,0.14847391280411823
-0.6947760007448581,0.12506200395141562
-0.7155369034643361,0.11804147233624876
-0.6773959784553161,0.09687882765395213
-0.6793252271627634,0.13642136475932237
-0.7464363095620534,0.038855001210370624
-0.7720613069754113,0.022814875877070907
-0.7191884733336827,0.14167557908921424
-0.7600448349708622,0.05995417221200942
-0.7729544082629822,0.06448649355680869
-0.7691515748956997,0.11458613010677453
-0.7669178633684222,0.08168132924867985
-0.7120396338773664,0.09682097276755934
-0.7090675363448183,0.1800136726169248
-0.7059346887640476,0.13552212742050823
-0.7508825040493726,0.1203340965612846
-0.7908790737297662,0.029710689195158915
-0.7755647573693321,0.10434701417449925
-0.7362380035125539,0.041852690000651824
-0.7877735612710767,0.0878641035486071
-0.6857033277609985,0.17867974296675943
-0.7773349116448183,0.02543419911278674
-0.7237469786475182,0.1557902778591324
-0.7243959277475703,0.13721307338141522
-0.7107189429622671,0.147813574538326
-0.711086302774306,0.12560225163052494
-0.7252281156771695,0.17518081662003315
-0.7065846313356686,0.15373546380416714
-0.7022580180322833,0.10663519772533583
-0.691271085854337,0.09772434539975661
-0.7760679854192187,0.09345045686321547
-0.7478084485084717,0.08418291304882644
-0.7323790843300914,0.0735280650183327
-0.7365307243061866,0.13594586344364076
-0.7569770461145792,0.04505024206699739
-0.7695176200818783,0.09354872714203302
-0.7415074769383246,0.12079466053820392
-0.6773210448257998,0.20490849750819254
-0.7714935667842954,0.00939212385647055
-0.7505907008982474,0.10664298178750335
-0.7282245631777645,0.1553819938702544
-0.6787702854592177,0.16853162977631206
-0.684257054708242,0.18040083067271145
-0.7281840841281421,0.17328966758335723
-0.7150993030217095,0.14553125401357062
-0.67517596561435,0.15588429797103773
-0.7794457041318995,0.08073717344333674
-0.7739317142610386,0.058252766373937274
-0.7399565617779555,0.13424842707670448
-0.6978088787278317,0.13813648518726082
-0.6837339914647184,0.21482237069568363
-0.7468057478939408,0.04279522192152506
-0.752952646211983,0.15515989946043812
-0.702496773442086,0.0949055871333204
-0.7774134162180809,0.027352770706391718
-0.6859338089461435,0.1561906069113182
-0.729010876996815,0.1089012181927864
-0.6711666223264676,0.1435989543622983
-0.778922092471064,0.05663995516215652
-0.7347636492748453,0.05641465031872411
-0.7028054219383219,0.17703546246358345
-0.7224844925668458,0.10823167051087422
-0.6813803677342194,0.1884780501218251
-0.7132140995552889,0.17525460938193677
-0.7225910415711707,0.07898319092590118
-0.6773246367178661,0.14373908632058263
-0.7473461077774226,0.049277848078509025
-0.7034736811837745,0.1687151293760082
-0.7243917416966876,0.10530722285525154
-0.7470780578959172,0.15662365704929693
-0.7567247333691277,0.0740776474214553
-0.6684160713367413,0.17387820023091805
-0.719867343977689,0.11362271160866143
-0.7882872590488619,0.0783209653133027
-0.7110825176354565,0.1861337979809665
-0.7918040393574461,0.05142282418621467
-0.7324215979064052,0.09989274962862017
-0.7835616876039632,0.10896067782764969
-0.6606624293434151,0.17140539460619406
-0.7399635999073936,0.10582907166043405
-0.7305948086918744,0.13836799455787455
-0.7217203835308461,0.14407420860719805
-0.68036408377392,0.17907347793285205
-0.6974227926614212,0.1676975681667027
-0.7182250823455973,0.0962166841555837
-0.6550663377016539,0.15257279938763496
-0.7855887167424763,0.03534787861184029
-0.7807229194118116,0.10620303556185491
-0.7440236204327334,0.06746335559099384
-0.7841740611844628,0.06276778137789948
-0.739889394216451,0.10976032420057305
-0.7223025070308968,0.1602295070941478
-0.73965540981908,0.09354838658144873
-0.6565287981687871,0.17514792749830121
-0.7307158929018992,0.16273391052873065
-0.7409223274987904,0.1625854059854238
-0.7166838275932874,0.1605166527880632
-0.7165917350864848,0.07271194632906107
-0.6807590346787876,0.19921436658857425
-0.7294180489633666,0.15103067159492864
-0.7717895622104749,0.06920615024809859
-0.7950901816844577,0.05196927460896779
-0.6855969594513881,0.15013789457994725
-0.6825711928376877,0.19711318400105923
-0.7820032442733271,0.07924157284861973
-0.7619191820371456,0.04556125332912347
-0.715573516716969,0.17422831777838205
-0.7033848762456913,0.08404312289221397
-0.7874401734163681,0.04450414156116018
-0.6678667377863312,0.16293629252619649
-0.6703083674142705,0.16743074028069485
-0.772360367418018,0.04799159528611326
-0.7586087769516181,0.1445009697745228
-0.7182289570333219,0.13620591616924463
-0.6810239237790406,0.15442483853986874
-0.7447422390050326,0.09977801889326372
-0.7781521933882634,0.04630145615613249
-0.6911996203969277,0.16111274003407886
-0.7448899071518726,0.08079565087553596
-0.7395972843264388,0.12382017930644687
-0.7263708649049418,0.19037010715304545
-0.7503236342329637,0.0816745061704335
-0.7763836720256906,0.04884903934988167
-0.748420020622287,0.16204619235193532
-0.7894616826213209,0.08036521121717145
-0.684407101150047,0.11884432009645524
-0.7522582484729603,0.03792905815039193
-0.7121785452993455,0.1877681400965226
-0.7159230761467673,0.14075595877561603
-0.7484896121717909,0.073686153862708
-0.71189084269377,0.16250530435102833
-0.7750051472838493,0.06640462757505335
-0.6674600326221526,0.15662296112980464
-0.7495425516398058,0.06442013371064785
-0.7313632840078638,0.06856389226286105
-0.6855620303734088,0.17574206305053788
-0.7155015661986004,0.18899610248628015
-0.7712280961975799,0.028034571275115164
-0.7502781387188989,0.11109862897726895
-0.654703159565995,0.17448172050259206
-0.6529749155887712,0.1701243427924722
-0.7416341344586691,0.17539502106413718
-0.7664512929412325,0.10877609004992565
-0.7432412542445707,0.12444830030744175
-0.735210694329445,0.05213348855312138
-0.7502451260994943,0.03509034981572228
-0.6687581676706953,0.19204544655831918
-0.6890237905309472,0.08360099587121071
-0.7451008062154414,0.07932619883322713
-0.7065741660968899,0.20182641459822206
-0.7722711294225115,0.037660008331335634
-0.7129171401474975,0.07849954714130634
-0.7036066246966968,0.1215949661581558
-0.7590469266297707,0.06759767482983545
-0.6998664068016442,0.17150812449721095
-0.7755466781916924,0.05094789489819124
-0.7707411352785472,0.0747140467026605
-0.7382815159491549,0.15425263282454071
-0.7257006208722544,0.0856010514127035
-0.7309119491975058,0.11653600250447153
-0.7253604119469855,0.10119422015983594
-0.7079280834198597,0.15706207506036265
-0.6931867529953636,0.1424713140561889
-0.7295363714401069,0.045735370930123684
-0.6921137451285485,0.21120274882320061
-0.6842202084762047,0.17156112503630222
-0.7086602186942396,0.20140373097327696
-0.7553499854703648,0.0680513753509866
-0.7345613936477253,0.10530064439960232
-0.6499875714901941,0.15434053187156335
-0.739172067440326,0.10740785103008098
-0.7216844160027155,0.09880387207449717
-0.7125678844828587,0.18807622467241814
-0.7116626939658027,0.08627594144875654
-0.7128080312503828,0.1538839474099652
-0.7178116137839945,0.16344467435143112
-0.6832748712815158,0.14227475988470087
-0.7401342032464044,0.12134957246939057
-0.7432436184625371,0.05790076506852233
-0.7414633462331772,0.1573905444128657
-0.696604032388964,0.08850769763644643
-0.7638067009709828,0.13432812907988528
-0.7032670848478197,0.07828369458877421
-0.6890423114005635,0.1578104415279912
-0.7721680663663388,0.05067532320143802
-0.6669728536150942,0.16483259323970306
-0.7204706867867111,0.052376270961886295
-0.7859449474567343,0.10998507531966145
-0.6611091259133518,0.18956572777643402
-0.7734722628990103,0.0828320598635857
-0.7197742430803458,0.1801900282443742
-0.6978863570142003,0.07892150566479962
-0.7371140507655055,0.09887458558378696
-0.7509867673674961,0.14246620684602895
-0.7543903917570127,0.1279451519642691
-0.769655062943826,0.07605343063320354
-0.6694788465349298,0.15613839696369775
-0.7418899180847631,0.02457542424465226
-0.7192740859374985,0.08405934533776066
-0.718151744103804,0.0734111284390308
-0.7014562920662016,0.15336091080392836
-0.6767269031811826,0.10126751446860657
-0.7886440064643777,0.03136752920392581
-0.7602768316555637,0.12427724730691239
-0.7647932386994019,0.03007661550237109
-0.7667457943298288,0.12327598037367397
-0.7150968174133666,0.1017295838911394
-0.7411882643405859,0.14135218654340653
-0.7182509954764659,0.1869031880560845
-0.7438260782859757,0.15143931390612556
-0.7116652992095772,0.09607469863771773
-0.7375069645116626,0.12305027390196806
-0.7555483335723016,0.11804344405644218
-0.6698007524813231,0.1094953688805606
-0.7581851587554294,0.13224660194752388
-0.7192621609562393,0.14748167629997092
-0.7366143811832713,0.1246978745319879
-0.7063615410280005,0.07143719476476648
-0.701657402757376,0.15393058134561852
-0.6818909517150892,0.11961858636365687
-0.7349546655494829,0.1351443764701494
-0.772673302217189,0.0906076128710247
-0.6997533200629362,0.20471671288049775
-0.7211882048377378,0.1742010635210958
-0.6743312181813076,0.1863994882500066
-0.683266366776399,0.13100037586869512
-0.7890859523960984,0.03637002631390129
-0.760920092426967,0.09767309940810004
-0.7534024058383185,0.03883239085391934
-0.6871305943879076,0.12743747948570355
-0.6724220013594442,0.17340743939565426
-0.755873642655526,0.14668890288986328
-0.7707511746563448,0.08953853282162633
-0.6939854177283926,0.0931069099826004
-0.7785942176638468,0.09339481472381776
-0.7501755856734885,0.08323952611262378
-0.7354159961735277,0.033330693917419794
-0.6688980186966342,0.14753732772992567
-0.7713125422971584,0.01996731561741791
-0.6450792935569793,0.18985474630713622
-0.7229548021223151,0.10658371597670295
-0.7522485881732605,0.0653812121625958
-0.7491321374162849,0.1303131703270333
-0.752415685746466,0.05098917431777937
-0.7593606351358518,0.06552105423639577
-0.6842792950038268,0.177543517291369
-0.7439402865668201,0.11390854470965453
-0.7474309910151473,0.09699675444329917
-0.7330435851303916,0.06233932608427868
-0.7051687033968391,0.1673931023562751
-0.7717363004700225,0.06704263164943254
-0.704751850245351,0.16092872910361003
-0.7394405457494708,0.17829389451971336
-0.679138734838481,0.14368711942594167
-0.7160025984625668,0.10290448199036359
-0.7682021586167036,0.06466310804164406
-0.7409347745776966,0.17117151326757615
-0.6859056903466263,0.14816638044850047
-0.6943432425972123,0.17046692211815526
-0.681156161047074,0.1158308977391993
-0.6860218084239397,0.2053486681144925
-0.7813618963086013,0.1020912868630263
-0.7212665362073998,0.13449737772940412
-0.7405096156902615,0.1423181018914957
-0.7380983652469679,0.10932242441200657
-0.7473463888156471,0.14083671492686584
-0.6931183041137896,0.16018652615267676
-0.7653139033551594,0.03831020726051394
-0.7423603652556447,0.08617349188102176
-0.730447431251934,0.1614517605745065
-0.691049011641281,0.151961618680227
-0.6552516680775723,0.1309341824508927
-0.7024817051244956,0.1044483219476182
-0.7400626892127298,0.12278534632428435
-0.6946423315601371,0.14479928120952967
-0.7194335312236616,0.06699944850116826
-0.7539022880285196,0.13094894634889767
-0.6921104336983178,0.15729904773283093
-0.7333484653016275,0.16039655120114646
-0.6829397134144154,0.15656917789615538
-0.7283998598853727,0.08777044157687657
-0.6575397742027516,0.19857352039611884
-0.6755469960439344,0.18690834544883697
-0.7315324417222672,0.13356615286954787
-0.7365173829342684,0.12385415160284477
-0.7191595501169555,0.19258296291899552
-0.757289674182733,0.05569319274046872
-0.7624663107752899,0.017319334756244642
-0.7000217977735516,0.20260218344348185
-0.7394481459662452,0.03081527127345902
-0.7629631023164725,0.08279250361662199
-0.7416827149828267,0.14963062860869228
-0.7174827588960586,0.09633426056859117
-0.7291247149916614,0.15343437435837393
-0.6589644522387381,0.15414883845170232
-0.6994586719998165,0.12751478502841154
-0.7675888251911328,0.04528061043176414
-0.7522887565294165,0.06462328091602026
-0.7509735795836122,0.05397154383161258
-0.7029527869898375,0.13733663998272447
-0.6910611287130424,0.17942571951045366
-0.7679023588345152,0.08717947857762783
-0.7272221708378465,0.11323640637554644
-0.7237536453914151,0.17948304004331392
-0.7037505762335887,0.16616921389877265
-0.7749016482752955,0.10260780868884857
-0.763021401679162,0.1362190225603476
-0.7436542184281524,0.07481321365802868
-0.7277024817938316,0.155064352184978
-0.6829904742068172,0.13917026627113327
-0.7481800659805917,0.0837054145049939
-0.7736381421695022,0.07493762142000866
-0.6850591071327934,0.21328634196156057
-0.6852304186420419,0.12992827340232785
-0.7024778037530319,0.15315566805250358
-0.7416040269762307,0.09263176088119913
-0.6924185275786306,0.14464692288648753
-0.7153712153716917,0.13887735582801752
-0.7161379433683623,0.15553381646584916
-0.6705695229734064,0.16867233259061098
-0.7793173812662468,0.04751569585485691
-0.6880527259927999,0.09857329483858816
-0.7324473718727683,0.1588357939935633
-0.7466918487679723,0.15479481518710891
-0.7532488189241751,0.07011854142332014
-0.7086767848070873,0.17401918505783867
-0.6936923236555677,0.1547455336853445
-0.6993990902515885,0.15544803634118692
-0.7845539787976837,0.03679989124787922
-0.7517839938744745,0.08340399979982825
-0.6793186513105521,0.16903666064760764
-0.69243627873724,0.19479255724227523
-0.7464329149642815,0.06611465580656715
-0.6880459400239132,0.16539836947511793
-0.7425051042879244,0.17641742341592556
-0.708807003646205,0.11791450515340307
-0.7161204437020365,0.199099932308882
-0.7101420277243559,0.18321007602708378
-0.7042264117493541,0.1487539048543175
-0.7066005214549796,0.08613914512683693
-0.7664352019341839,0.0434460302408371
-0.7496147869674528,0.11791716921214254
-0.7282303546321064,0.1600585668508021
-0.6847666102315001,0.17210962553252962
-0.7499594680695273,0.13719178463278736
-0.7734195084427796,0.10418898603179456
-0.7251064335280835,0.15544193694098746
-0.6861934374725116,0.17269077962578863
-0.7102827111432263,0.0863721422953416
-0.7735295751767952,0.10641825255133222
-0.6939333439977782,0.1174445678578782
-0.7838132215624704,0.09813878283988696
-0.7909479165984121,0.03727171660801455
-0.6849773834373871,0.20256359447892006
-0.7201833833383648,0.11777264908440115
-0.7285388197356443,0.14762601938707626
-0.7496986149703265,0.045439301783862227
-0.6761072154424064,0.11696414323043021
-0.73126847415625,0.08256124744694712
-0.6590186966601701,0.13672994389182935
-0.7853308043206385,0.04972776999250223
-0.6808719451560844,0.1304273811152682
-0.6925632787618273,0.12636612761991892
-0.7839879585294507,0.10090975755112512
-0.6583338949255177,0.17082281051190684
-0.7881136823575332,0.10113328527996775
-0.7387703720696757,0.09896954509145732
-0.7520065114058561,0.125828178072142
-0.721965716783712,0.17090597026007356
-0.7077870216845291,0.1185657282718307
-0.7940816186225926,0.06710292014560383
-0.6951846076893482,0.12819632483878532
-0.7017133851718074,0.19515503062520356
-0.7257857152149623,0.0838470495063508
-0.7384381097494547,0.12651122658773795
-0.6800515584999798,0.2168459896067459
-0.7747113132507193,0.1150203471684374
-0.7487196232279033,0.10653495609185916
-0.684267275097248,0.08788837703099306
-0.7633705763902793,0.09438187774403418
-0.7700440283537076,0.03685670139164185
-0.7779128159622015,0.07441496711386297
-0.7039535072765359,0.12301282097125672
-0.7192437987583588,0.10974156029586274
-0.7386887179607747,0.15737607903812748
-0.6994666603317203,0.14132760123578375
-0.6677014593374545,0.1815331928401317
-0.7200705712435694,0.06877037807765629
-0.7437370980919039,0.11799813569216017
-0.7214032810400504,0.1490399014516017
-0.7859548652498076,0.10331908468699734
-0.711938029320515,0.07757718334261708
-0.720292841351348,0.05977381811771393
-0.7191392400240355,0.18391180109854108
-0.7257260351698523,0.12718378162710833
-0.754038917901492,0.0540352746871147
-0.6934872123574272,0.08159643948141349
-0.7585891490114552,0.11785895700262974
-0.7454693627781099,0.0795576852554344
-0.7455280806273248,0.05642499891641111
-0.7367884058073583,0.09351119856237851
-0.747010814836601,0.15795928411215623
-0.6554301457776163,0.1629534038285951
-0.6854302119327418,0.13666847164034773
-0.705652404162091,0.09662338753073692
-0.6837414705854853,0.15001341053559789
-0.7859640652700035,0.02391839808566769
-0.7576733898836179,0.08926497076505979
-0.7001544750343377,0.11466504694372881
-0.7370966358519359,0.10932934544040969
-0.6790444325271363,0.11737254646320108
-0.7529300183088462,0.09129031440671492
-0.6915026548788428,0.1294829756949842
-0.6916289453817117,0.17432453700745906
-0.7338874707878653,0.16053002343797515
-0.7421352928997044,0.1288885296071018
-0.7477609947082304,0.1167035912967921
-0.6853981128168095,0.19579644872478327
-0.7739813767657554,0.07034489801056795
-0.6904531275691799,0.13544579364446319
-0.7592673351745756,0.01952730959506892
-0.7285456447972869,0.038974719655626794
-0.6990040998099805,0.11785800551319932
-0.7550006458686722,0.013541748841950458
-0.7309252745707366,0.12402765084757102
-0.7156015845163336,0.1432731751974383
-0.7369366312992991,0.17808878856980428
-0.701088631601288,0.1202586940499324
-0.70018168058957,0.15291274884953543
-0.6932653308084834,0.14391491867419803
-0.7176183380919455,0.1277832698136054
-0.7139249263054055,0.06568796921810476
-0.6682584462203994,0.1336566388025346
-0.7769946862719542,0.03937869259071097
-0.7645705675329363,0.04056700821402803
-0.7364134274994303,0.15174617760740852
-0.725431426793775,0.15666838088615645
-0.7718740941377399,0.022975866880772917
-0.7068527269188997,0.1408501934323045
-0.6912292901968613,0.18196805485274156
-0.7227520495876537,0.12397805817401701
-0.7435389341864581,0.1203753460821655
-0.7609675636959712,0.10556768109454076
-0.7196491959002133,0.13801093216934912
-0.6940276437587485,0.16612234158005326
-0.7791991344580858,0.0713521841355246
-0.7489511876344719,0.06294603485415479
-0.7830679881513223,0.036156690460796205
-0.7015274327625841,0.1610883822812787
-0.7082492417934,0.0915698499486864
-0.7549555845484935,0.09324786683597537
-0.7619762029971144,0.12031426120501994
-0.6867955585063916,0.19304667433215156
-0.7123594747339478,0.132989931694379
-0.7061378463383062,0.1266110941615497
-0.7554338810474911,0.0609193506810765
-0.7007188743428843,0.10137066762809337
-0.7810721047792433,0.07312605454647528
-0.7257479876513209,0.04824559712504659
-0.7656507229265304,0.13559116096545012
-0.718896382033953,0.08223352862689519
-0.7043441038291265,0.15079290540322954
-0.7261579054722105,0.03834362944550537
-0.7378811206076111,0.15467080205806366
-0.6924986504374668,0.19354030442604064
-0.683550390126768,0.10230942149330204
-0.7740065702510052,0.04006485837192194
-0.7161131096109251,0.09427015657206654
-0.7324122001463992,0.05752372540874845
-0.7020111271463522,0.09550322898318579
-0.745903898221866,0.10811119562716016
-0.7414208903779053,0.07296473320062075
-0.64986834155941,0.16022427153777824
-0.7487683627962425,0.090477165329553
-0.7411101809186086,0.11478838632362673
-0.729378679223319,0.09804991392609855
-0.7522182536067771,0.02838098709484807
-0.7368844838449956,0.15021444503429424
-0.716464522176198,0.05815313788522298
-0.7890934895094829,0.08729264485992953
-0.7531504176560038,0.059768482634356156
-0.7583372357062071,0.10148964280168435
-0.7574919332489989,0.06318360008075692
-0.763531420970129,0.09748726190876984
-0.69530711838755,0.12903214141179906
-0.7019409121938055,0.1718890284696148
-0.7864802336220548,0.08279543594916611
-0.7122664350811215,0.1438497933601146
-0.7573347985359509,0.0977190522390856
-0.7486028642408269,0.034700013366584785
-0.7646804967542347,0.08147748628503344
-0.6970075498159893,0.16093491272817756
-0.6746504414195106,0.19861587798934796
-0.7015572656211649,0.15246251971649533
-0.6957355045068755,0.19943073741159123
-0.7290320631255947,0.1297005253613946
-0.7232179257392757,0.040998652282613166
-0.7297391077220973,0.15832376464945058
-0.7601314085565912,0.040857312702953494
-0.7454416030646219,0.06838670102462327
-0.6777154271093357,0.12713639580725888
-0.760707090315617,0.10576238715348676
-0.7210217943187176,0.16794538741298257
-0.7062201212273614,0.16310539109815292
-0.6943105778005159,0.16023282140855494
-0.746759213886968,0.1261712415753419
-0.7660586696234878,0.08028730456231484
-0.6991112632013495,0.11299088817426566
-0.7042816975891241,0.09667502294582399
-0.7308566419214391,0.14630062261474353
-0.760922027900916,0.14046279952874502
-0.7389619263156344,0.13457607832664012
-0.7433551774888356,0.09048747279688472
-0.7447842484974462,0.06708187143418866
-0.6745506554508034,0.16361442326718226
-0.692870921038546,0.14878376545549288
-0.7433609143224645,0.07398076987783313
-0.7541730776753044,0.12414744088414674
-0.6844487158177867,0.13464212670747636
-0.7417386587983804,0.1284422446543786
-0.7055514956767578,0.09275741432726298
-0.6833144029873706,0.19867202721087257
-0.7256669720689444,0.05516080957709392
-0.6861380396594625,0.15200699200401688
-0.7042349054817697,0.11139357685520836
-0.7377787110984635,0.1499993744452341
-0.6984352414759877,0.1266989299895294
-0.7243654050338362,0.09719780233671371
-0.7683543500490988,0.11893371972626668
-0.7750017769295707,0.12861750705214234
-0.7343189557723707,0.050597606091462355
-0.7246465208347179,0.16732378879599166
-0.7356081659632742,0.08397937892571575
-0.6952373657139517,0.1943180708717064
-0.7420471565687347,0.09802854970196334
-0.7838832592499632,0.07651071205762158
-0.7026633518721779,0.15945358896363768
-0.7280295579689854,0.16442970434498796
-0.7268963513802895,0.1598601528962925
-0.7102533144442844,0.09035571447914731
-0.7565470977127405,0.05356020833420242
-0.7458910072054389,0.149094721234441
-0.7459749863590004,0.07009834653199312
-0.7177804324747823,0.11821279470588773
-0.6788400970164736,0.1387556203197858
-0.708951390584187,0.13021576242903046
-0.7032631317745156,0.1978986053088772
-0.6798350348701439,0.1631736206831219
-0.6600991916874038,0.163196473408771
-0.6650984903896884,0.15673968941671496
-0.751964405040014,0.05097776580348899
-0.7492845375324668,0.08756059788990866
-0.7043603699112302,0.19053655171605827
-0.726697421458979,0.1569883504556377
-0.7449106140313674,0.14197429597253353
-0.712980987706522,0.13969382151152213
-0.7049456126465241,0.11263120184830944
-0.6570390941811826,0.143706124116071
-0.7603157552279022,0.05530022671269645
-0.656132343143265,0.1869137786705607
-0.7642420299238697,0.07217974153856942
-0.7235753999271802,0.0881225381879171
-0.7016309779580281,0.19436171307718736
-0.7779964880996579,0.07488778273319853
-0.6712958466511241,0.19886559345856614
-0.7379289858703706,0.15767134895289406
-0.6836394093778848,0.19870931603598538
-0.7933566762545278,0.07304680339087843
-0.7370229351959923,0.0288143778449315
-0.7202321409570367,0.16489863026040538
-0.6722107333925401,0.1380644828690893
-0.7005328213559029,0.11460814236757683
-0.685278141618571,0.1115187844180495
-0.7280323110792527,0.13502187923967393
-0.6808105839687433,0.14599133861598554
-0.6967346387241211,0.10879146715343946
-0.7420169703627739,0.15896816707689876
-0.7630295168609856,0.09793703767378996
-0.688422970909229,0.10958596964254516
-0.7480518614588229,0.049316227451645746
-0.6953529296836078,0.16697416901808712
-0.686111434988326,0.1599024601388963
-0.7450350209061095,0.027952022519424864
-0.7408780285377977,0.12365773072972765
-0.794430453134214,0.07963826908633273
-0.7274146526196035,0.1354371424340527
-0.6962758473421893,0.16410603289353115
-0.6823473663428814,0.11725423051035871
-0.6633886370971901,0.15424390862792753
-0.732023356902635,0.17493534215735207
-0.723379577275038,0.1047345324454803
-0.7005427314415138,0.11324637664057852
-0.685944036833839,0.14768601042174406
-0.7503670822872619,0.09022479717113738
-0.7518778925721223,0.1534307370498441
-0.776593800473369,0.04303552182108103
-0.724854503038205,0.15716641506175869
-0.7445829398438383,0.11137876206008393
-0.7844453840653848,0.06974215632158164
-0.7033331325712303,0.13711706127163725
-0.7072118587777187,0.10500912533003653
-0.6985647207544492,0.1369403896275948
-0.7166971848652987,0.07224388355907405
-0.7072724330569246,0.1678741924294128
-0.7648319460820413,0.14469250591751537
-0.703740359925996,0.08348531127384186
-0.7016163497407776,0.10550733239337419
-0.7778230415295302,0.07328349202252989
-0.672428506157148,0.21274791766649015
-0.7532742613786355,0.08218946750571517
-0.7146183859605564,0.13811357786569198
-0.7825025801076454,0.015705019445914445
-0.6755329186544227,0.1314013170969716
-0.701320436967904,0.10477934309601537
-0.7033322165898105,0.14907599176652342
-0.7141189329143456,0.08074982549692747
-0.6648173354892857,0.19173237664852444
-0.6996222987582777,0.13969169715784455
-0.7294098126735761,0.11344052355179546
-0.7863112415370502,0.07120498869629124
-0.7600036979403133,0.10945836655998463
-0.7072506441781551,0.15804572152390806
-0.767469178003897,0.0822875489704118
-0.6944601806579598,0.07996453374093601
-0.7107507052330734,0.06457534656460266
-0.6984825292778599,0.17004828856941004
-0.6897697263283585,0.16299949437973293
-0.6914637899186382,0.16869102764620506
-0.6655965349903143,0.13985072715457536
-0.7314640560731145,0.07591815122421822
-0.6852779190432181,0.09917150263546833
-0.7659380670296969,0.05553607921517018
-0.6610589001226628,0.16761611503499663
-0.7600099590064223,0.05045850566775588
-0.716732282969719,0.16932180588941212
-0.727474001189174,0.14022976960011704
-0.7267633887681113,0.09105194480457204
-0.6918367122435516,0.12387702634403953
-0.7251065550863589,0.14075299752814624
-0.6973866478558981,0.1920283342779967
-0.7294772758461405,0.12279674974176849
-0.6627320266294743,0.1537109063068265
-0.6987231829463119,0.13137037499799625
-0.7241914320894008,0.05019624015209196
-0.7628518134254911,0.07201886033064517
-0.7244286445925834,0.12511907873724232
-0.77844865415195,0.0790454828152522
-0.6947992013539146,0.11341997534384438
-0.7524366525234303,0.08112657524324102
-0.7314982319261367,0.11566987720275575
-0.7045301736122428,0.17686312588263298
-0.7724769977593375,0.0768630552284574
-0.7633409663718306,0.12347155520570821
-0.6960025848538696,0.20476996002334838
-0.7587433085634536,0.04718034693745147
-0.7224170352349608,0.09286331207768475
-0.7130259715686988,0.16574164440213254
-0.7639863844927365,0.1273066772339821
-0.6827080921507894,0.1682437505783803
-0.7216820435988753,0.10423791553129463
-0.7387854184099806,0.05045231178173449
-0.7157589791759614,0.07781173535982075
-0.7088141520925495,0.1806726175405514
-0.6683996227941604,0.18947655348561274
-0.7572326450993332,0.02528337880999475
-0.6782912524615008,0.19331354667089287
-0.6778304378854846,0.09864299429843082
-0.7652584209217388,0.1148007535414027
-0.7736937096060874,0.06598121474497137
-0.7752811398512373,0.0644025815356832
-0.6825893168632522,0.17793970711879126
-0.717191609624037,0.0823483698807233
-0.7373405202750969,0.0355268612770842
-0.7448520202064707,0.05587011158475568
-0.7439841738440156,0.16199602622798848
-0.7748764053239667,0.08736562517621642
-0.6922292211061453,0.16791926444354333
-0.6701080787731255,0.19496391026486193
-0.752857491892227,0.10174639853532921
-0.7019652385759457,0.10523020776841108
-0.6961542434663051,0.12327595448464819
-0.7778660449636262,0.07245254519727747
-0.7689120955882096,0.02377099732286357
-0.7594211383168957,0.06440436221112485
-0.7118356874182961,0.19437938441561853
-0.7121288648152622,0.18654094426519333
-0.7027042978289172,0.1400345310011303
-0.7170078625405369,0.16076061739550562
-0.7446412564174815,0.14664814977786486
-0.7276665882747023,0.12038282902150271
-0.7780653417024566,0.0491639612215765
-0.6743969329101942,0.17850019895497546
-0.7177136036214177,0.14134753484848678
-0.7146210198614457,0.10280883974097971
-0.705058894122345,0.158449688716221
-0.7686637136045833,0.09617549804601264
-0.6847186156259921,0.11374522822783027
-0.7583258039669276,0.016931716847490935
-0.6913521307677768,0.10220441426546752
-0.7524118719067766,0.027713924283755076
-0.7497657158068617,0.07550002813787032
-0.7352454943900193,0.1078128776206702
-0.78744867942542,0.05956386210189955
-0.7641425380625292,0.07938502492628276
-0.7744313060133994,0.0918964313390442
-0.7148572895215894,0.19826647322884247
-0.6629571321070084,0.14871218163703634
-0.7125346912365781,0.19125267108322105
-0.715767368557993,0.1575262806437163
-0.6824131628973302,0.16177534141619404
-0.7922454162178414,0.06373401894662895
-0.7164211633912266,0.1751953591996032
-0.679328939036002,0.14281193449592297
-0.7117964627162012,0.08997585083574378
-0.7608199172159459,0.08622564142696261
-0.7487493062860417,0.10232988369356351
-0.7386529205765265,0.11286290202701038
-0.7441346289888309,0.10322303692891954
-0.7265411420699859,0.13091904867130974
-0.7155920489722907,0.15286412202472344
-0.7620020289086992,0.05536200520834678
-0.7235014615215787,0.14545296168997
-0.7070526527764931,0.17236230443699496
-0.6728639552343503,0.16129113388777003
-0.7493701772353577,0.06653717513693214
-0.766273193479091,0.07243419167495087
-0.7090322109867114,0.10800874537865979
-0.7107549082576453,0.07248894279084701
-0.6815182343773551,0.20973940194535104
-0.7419063138274884,0.10326861744872826
-0.72886941048245,0.13793341013026222
-0.6585564584007483,0.19610855504375843
-0.6932727731344421,0.19262382457260807
-0.7009116536987509,0.0989594248731482
-0.7276515450225927,0.09617834635776651
-0.733760268602388,0.13684224599252243
-0.6936216745049445,0.14638559865024836
-0.7343413952296598,0.1336996998559656
-0.7219162533460064,0.1426072872851534
-0.7603869563978269,0.13180898138174232
-0.7272490133717273,0.1056225251567001
-0.7713544523933739,0.07107900482493759
-0.7443801765763755,0.08287001659270364
-0.707116787904581,0.1732580543967998
-0.6792616986984032,0.2131852398888194
-0.7565492905989494,0.04100893914896484
-0.7297330859036228,0.11045969080444902
-0.7298945230094144,0.0571614213220805
-0.6953485436073766,0.18955550598884396
-0.7693743620363085,0.07820778302707751
-0.7559292493678373,0.1295414309068895
-0.7435735836039272,0.1298083780691831
-0.7132817301580513,0.11062542135133092
-0.7673637685356,0.09564685941446892
-0.761356890889907,0.04477731016895946
-0.694651869622338,0.13628909988513205
-0.7186181076360456,0.09770580839270003
-0.696402689440712,0.11070087959995685
-0.7517016054595858,0.07763260971667366
-0.7187307479120697,0.10169125594569324
-0.7035744539401203,0.1439799232361128
-0.6537029155321497,0.18157528562555936
-0.7170921887850978,0.10933133662112388
-0.7550509800057382,0.1058563631109703
-0.669114478413947,0.1096072446632572
-0.6886220572209789,0.14010040819237538
-0.7725225403742246,0.023435616273640124
-0.7509752975847401,0.10557960238753263
-0.6846975671842873,0.10072536424481059
-0.680813028633753,0.12536123277271174
-0.7503093419021976,0.08219871937330739
-0.7161844377390227,0.07494375923534709
-0.7596200456393368,0.06983927640148026
-0.7648575204981016,0.09829772506437974
-0.7551448287536315,0.036528548217171074
-0.704422453662238,0.10257631020004632
-0.718202846901481,0.10273194481534469
-0.708929497562275,0.11578700865972012
-0.7369832285010696,0.07703757294870432
-0.7330775240843268,0.15647554877404846
-0.7368804932319091,0.09866936235151805
-0.7468029198676617,0.13413274514893667
-0.7020320310598019,0.10706632554741888
-0.7516772603764411,0.033997883209745845
-0.7048361130700267,0.11594803741252338
-0.7357610601004165,0.0438239219476549
-0.770105026386426,0.0722989179090621
-0.6974232213547749,0.1783651791599726
-0.7250026825203139,0.09567804257847189
-0.6710208319641701,0.16938085074949744
-0.7496188592151265,0.07826372892206354
-0.7621523335773841,0.07822734096001183
-0.6852305234962855,0.1628915095217698
-0.7126885489482512,0.14636407104822097
-0.6721148738655597,0.19795794556514362
-0.665290889120989,0.17605584458686954
-0.6822648701392051,0.1784471421553307
-0.7002383168509512,0.17637803271700456
-0.7659189193209558,0.1181214337908096
-0.6925045588330114,0.16189290319296432
-0.7704007586517743,0.0341666469433504
-0.7046402025912045,0.09322708396978155
-0.7421829533185307,0.13013221618327006
-0.692530602515543,0.10315403993659036
-0.6872937843860736,0.19043569406016966
-0.7013382557223082,0.1376508762704396
-0.6914744897090739,0.1120593998267472
-0.7475334012734454,0.12191176575835817
-0.7904083309699496,0.0527060661182444
-0.7050420112949821,0.14147453639779226
-0.658742680454748,0.15698766989875626
-0.7765816282791426,0.07049955019579286
-0.7714205605962724,0.06339304392331817
-0.7706536773820994,0.0690002899375079
-0.7765661319973924,0.08788026882965792
-0.7504875621277142,0.0730499367572926
-0.7141079850467089,0.1102473976390507
-0.6901779321782213,0.15791607604323846
-0.7155159043772608,0.13474956394759907
-0.7153392175137189,0.14782654421555888
-0.7317410534108685,0.05691405091967807
-0.7498594156113003,0.1200591926480559
-0.7455253563127375,0.106813878682973
-0.6665184300817133,0.153952298187879
-0.7065018196973075,0.1759757828449711
-0.7364519989957747,0.170303114303801
-0.6946398944753406,0.14505027067115792
-0.7257947715630488,0.11119461530758147
-0.7075530997569333,0.11509716543496566
-0.7305685320229415,0.09836146147731134
-0.734878753751144,0.1340103273836426
-0.7395305077988972,0.10731465405471692
-0.6923944679793301,0.12496280818419293
-0.6966554139148035,0.17475883879391627
-0.7277607951231222,0.06893011322669462
-0.7926324635373087,0.03145122322799636
-0.6596815756353973,0.18505937124085822
-0.695903394541255,0.1668566486360205
-0.7352384098018971,0.11784543504457179
-0.7048048289723318,0.07837434157485397
-0.7079783814662494,0.07608342374130127
-0.7228529531616987,0.05719919993249299
-0.7007744516101971,0.14512493129976536
-0.7428423021673499,0.10695926531516806
-0.7302314121456075,0.17641074100132614
-0.7565260060713879,0.06762736769947006
-0.6950179574707229,0.1656289006157829
-0.7302656403701157,0.1569733282020405
-0.6967035129636576,0.13207089002991002
-0.7568034962501109,0.1279892288125074
-0.691256809115686,0.15667789218920156
-0.7580632848510476,0.10965757327595888
-0.7172903086175961,0.0932887212914936
-0.7235076742489612,0.047220536047661264
-0.7667371785932676,0.11295655160399394
-0.7605147816691412,0.12994213828842274
-0.7189822331232979,0.13819111622005834
-0.6914383843731948,0.20376077949502547
-0.6860206956546627,0.13202335759588532
-0.7576552958408782,0.0957009856478654
-0.7635504363984297,0.09855484806133007
-0.7165237386508815,0.15894784055229047
-0.6806997549977876,0.10192139369510078
-0.7526089902342906,0.12592573489291936
-0.6982820760373615,0.16652248882046258
-0.688359936625442,0.10817018813319287
-0.7073957951317946,0.14650304882293935
-0.7233068782007926,0.14825724557968187
-0.759160390587306,0.0714053608594036
-0.7513497888991992,0.15295020109800012
-0.7463313836715354,0.09470397927404477
-0.7637686574427273,0.12338832227716337
-0.7405399679991467,0.1295866264233106
-0.6910730400002983,0.1937653703175396
-0.7620719409909147,0.12653259912015136
-0.7182503823011076,0.10442491897064035
-0.7334487748897488,0.040487797649156124
-0.6596887575679318,0.17261265468107193
-0.6694471278457047,0.19481293620438744
-0.7421443240946924,0.11804579210981576
-0.7001864624837665,0.12640089089012552
-0.7612738831594292,0.055031351573054804
-0.7658474502440114,0.08340690215537126
-0.7420860912709749,0.07914325341824158
-0.6776039996708751,0.12073921425207211
-0.7807180226686462,0.049740725055266416
-0.7455719688273071,0.10755319237778962
-0.7234343293357449,0.14822309784953847
-0.7792249729916466,0.01683967750408659
-0.7073161286571005,0.17046415050604513
-0.7643824084200368,0.056940721983663366
-0.7001220506549675,0.09768367267049595
-0.7383280225872021,0.07575182356472267
-0.7055001253649557,0.07277549726721957
-0.7092985242864064,0.13721026250657944
-0.7411765805271958,0.10662100300000944
-0.7405221086488536,0.1501568500337802
-0.717903751485099,0.09522604394218917
-0.7246404788634071,0.15937987473967646
-0.7755900172385534,0.07300571057016196
-0.6696091505302607,0.2019014549066719
-0.7062419317570784,0.10181538923069926
-0.7505339471029273,0.15653888281438935
-0.7073135033137085,0.11450330185366976
-0.7340706912326203,0.133765655396781
-0.7549689770270316,0.1329797968134566
-0.7640419644209493,0.05996796039427945
-0.6700476154490779,0.1889879598619742
-0.7669841937345742,0.08538658078914406
-0.6915707686736748,0.1317288650521892
-0.7368511317195142,0.11769821335561477
-0.7648126668430315,0.09312431172307707
-0.7014635367213036,0.15069033358914377
-0.7784953273104112,0.10540342249781201
-0.7104643869432682,0.1333083670486278
-0.6819438298450292,0.11079749611330883
-0.7512075717820719,0.05246756300287901
-0.6619283492975264,0.21284053414877718
-0.7809689331935041,0.04542248611684357
-0.7014329723582782,0.09317331018546349
-0.7103513039380641,0.0668018740408555
-0.6913127341920124,0.17767181314425143
-0.7308308159107536,0.12235105194786278
-0.6916259744613661,0.18132275964452152
-0.7017561275738395,0.20172862702029362
-0.690988445465565,0.0921588657725443
-0.7030752767134024,0.16274964946247272
-0.6954121782019435,0.09041521071918873
-0.7017969460188014,0.15169915349590324
-0.7534939204129475,0.06003326308897739
-0.7012699669136225,0.08694900541601909
-0.7257066766172978,0.1031100690285484
-0.7169844712377453,0.0915233532946683
-0.7331335080675887,0.10784670125075563
-0.7270680150925485,0.10302890365214831
-0.753110811433488,0.11263076271269082
-0.6838748220371015,0.12179130737399252
-0.7098191384171727,0.18735157076577505
-0.6821286095583323,0.20067419624871238
-0.7865531726262976,0.0381644655814481
-0.6691239240377378,0.13350530385928305
-0.7138570985878094,0.10547675165131523
-0.7033273623671127,0.1625917467089325
-0.7821005740419896,0.052521647552876215
-0.7868826125972229,0.06827623367537129
-0.7460600268794767,0.11422234251616908
-0.661135044683008,0.19737839100829474
-0.6927368301190988,0.11215097591994845
-0.715673335186091,0.15470932947579533
-0.7541051586770319,0.09064083545447553
-0.6692118241041617,0.14036324771568046
-0.7070129502707213,0.09510681797971414
-0.73118387339626,0.10279714871454404
-0.6614612900367054,0.17671600268831292
-0.6799962399453826,0.1893410781711089
-0.7560531290177067,0.1514328490981191
-0.715916496942898,0.17102283907342128
-0.6883627080395426,0.12253652182262342
-0.7801941825610065,0.09734974247755404
-0.7695182499900318,0.06325319868161318
-0.6985712614756516,0.17242808114547922
-0.7260873542277079,0.1296223200459825
-0.7830536164669037,0.047717636893371
-0.7217159577026023,0.1722100992777306
-0.7780583905736995,0.10986660953711805
-0.7400094930879483,0.0810876686508206
-0.7656709830006744,0.12152872859667328
-0.7482136554911158,0.1194793586337686
-0.6714098271532664,0.15066079574443184
-0.7183164639446681,0.14826896353958427
-0.688274892820169,0.09037246371153798
-0.749248987596379,0.085105315855111
-0.7708382739482061,0.06975718589352903
-0.733028256944531,0.0745104982023304
-0.7710441519902689,0.04375525029561031
-0.6901222988551727,0.10749650475101313
-0.7317183407002945,0.04555432341692488
-0.6826443158091456,0.1198840734608057
-0.7559144929661455,0.04710921834355541
-0.694884308622625,0.08149499601000218
-0.750183489764595,0.06048587610540805
-0.767328405706311,0.11822899488515305
-0.7653989341847537,0.13997819918426227
-0.6780312028846585,0.20568968914962552
-0.7285028243920894,0.14046300754638202
-0.7654065080978703,0.09517866452004511
-0.7526322510097461,0.08759842726802049
-0.7387140547337023,0.12755439800827384
-0.7205311154883127,0.13507124972747075
-0.7552444196671823,0.14707503768546193
-0.6773159223804999,0.1403852855516678
-0.7109805066635795,0.12660729630269366
-0.7155305182446642,0.0761831015061827
-0.7592007106194227,0.13004665712527375
-0.7391622273633562,0.13234821425397117
-0.7367997724473171,0.1058520014064153
-0.7461348895918355,0.05060296972279281
-0.726149555157248,0.044902556947618355
-0.7915432288068543,0.07258092132359205
-0.7278657027341693,0.11148282765216465
-0.713164592345787,0.172274931410855
-0.725594030124363,0.11282344401526936
-0.7355913501873727,0.049115084590565995
-0.7098953699242941,0.07926341681333243
-0.6693329085409313,0.11313453942478705
-0.7047134134650442,0.18612101644637005
-0.7265745116241368,0.1777038551185648
-0.7344319595980153,0.1264203498959873
-0.6706352768381187,0.15260746503788447
-0.7126767523459567,0.1324265148447915
-0.7636013755124529,0.13486366718781073
-0.7012711460800468,0.1940825578364254
-0.7595759452235398,0.06276509575291576
-0.7213804510767456,0.09115737692311975
-0.6832161967040234,0.1009481001171846
-0.7332538839793142,0.16841722604876247
-0.7283849804450109,0.1150442763559726
-0.708808853244832,0.09963084387740584
-0.744166199794725,0.03787427170924913
-0.719870447432647,0.0934733267079287
-0.6963321176754914,0.19421154563559045
-0.6695165906545878,0.14961434192502748
-0.6870584887869112,0.15816551521915445
-0.7280974903679973,0.15942230871124438
-0.6891972187040513,0.13688816741718274
-0.7427374814779925,0.047395469715923615
-0.701585270795897,0.20223684844508305
-0.730133593581705,0.10109065982785409
-0.6824067656980133,0.1944491417157967
-0.6926351963586934,0.12926266447057477
-0.7725673988082206,0.08147250637609202
-0.7144908908390498,0.10554211865867481
-0.6943470669249533,0.18766464807613764
-0.675130091901828,0.12936856856783308
-0.7733531020457959,0.08874067978951969
-0.741933215679248,0.10685362072987356
-0.7353108258570755,0.10561375996068635
-0.7515752871474559,0.04097759135140578
-0.758484889845022,0.04811389519800373
-0.7622498403586964,0.1306509667242554
-0.7765795476924752,0.07845605562037532
-0.7172023336939859,0.1330336576235315
-0.7848661958634483,0.09050163992387553
-0.7272692188235365,0.07489913233556765
-0.7247067772245361,0.1809027497225871
-0.6988572870363927,0.0812321443176836
-0.7090918039202716,0.1408838189782311
-0.7653381995487435,0.07117206179235282
-0.7722068006288181,0.10348566257672841
-0.7466780581960742,0.12860395948536335
-0.7822892293146988,0.057479988631274695
-0.7243646364826606,0.09038400851790476
-0.6763207311181121,0.14933510141234152
-0.6981366103446348,0.12509639500034242
-0.7137017956696058,0.1388384972179514
-0.7374861112159483,0.05462826146459445
-0.6880996537038172,0.13502180824354248
-0.7451097375535886,0.11592486776410617
-0.654893376138171,0.2042548173638939
-0.7397333942093238,0.09348075954930404
-0.7433467883445736,0.11822737980695823
-0.7632363512377253,0.13690382980484492
-0.6953653484532932,0.1917028454357597
-0.7008162366981351,0.11504674670033269
-0.6717719596226491,0.11796388502548458
-0.7302732711623923,0.06959034415844483
-0.7284140873748606,0.15420788207230365
-0.6714753046216666,0.15460918661715425
-0.727894957753401,0.12875636631417298
-0.6881124070720251,0.11483205904397353
-0.7379988389720354,0.06790529566280705
-0.6930855047307061,0.17987520602407545
-0.7239343510876852,0.10951901596276661
-0.7393502821660382,0.13802006617991838
-0.7406633101862844,0.04921587665455655
-0.7777598082382023,0.08746408923886904
-0.761024824605648,0.09022285904025794
-0.6741343670130141,0.16445263577598238
-0.7064208374527614,0.18199275123050185
-0.7264801369525687,0.14365184689544935
-0.6920547306378653,0.12377806794842287
-0.7102726659436174,0.14807896903175652
-0.7095401860520373,0.08743288374880841
-0.6905471798337044,0.15098591060678815
-0.6929926166708186,0.18680119001658568
-0.6779862674284025,0.16597074140880536
-0.7098484594518314,0.16818437868203925
-0.7346287525954156,0.05425451730348907
-0.7159678873538812,0.1666774893383958
-0.6987047092845338,0.13395799405538772
-0.7226512001121903,0.08692147911179407
-0.733017314179633,0.17521652885206224
-0.7429855828222054,0.049539319300641795
-0.7107753896129331,0.1981398136259979
-0.7479728500899803,0.13568271952238142
-0.7713131301209291,0.10069384395193043
-0.7391798569037578,0.05004365822509007
-0.6970240349285913,0.13549910830591977
-0.6891031043613052,0.11010865957726912
-0.7638354484218609,0.023488597444152857
-0.7867962200122437,0.09062551295675604
-0.7269197133778977,0.07337186952839556
-0.751284487255529,0.029698189250494448
-0.7352774370738319,0.10953555306078373
-0.7535262843304402,0.04794296055001508
-0.7310358442902843,0.1632206785330366
-0.7259011079717139,0.10369234198162458
-0.6678579551607547,0.15944989187176428
-0.77227746260902,0.07870351197592272
-0.7342387323043609,0.07220461776050524
-0.6699348185704356,0.14917070101258453
-0.7557548223943948,0.07996955478543287
-0.723605614234327,0.09332578789852662
-0.7274732231725765,0.09159344416181367
-0.7507616270316431,0.1171407062259463
-0.695548096735409,0.11550061719848598
-0.7235124579439994,0.12933842094303777
-0.6672404520143882,0.16651232879802605
-0.7670152329550586,0.019793689100979204
-0.7274841712542677,0.11612043534245836
-0.7364125336028112,0.10477278156128898
-0.7454434011616609,0.12967058833211773
-0.6928582287537917,0.1798184478687976
-0.7515783438434659,0.11569996790937642
-0.7427962357081206,0.1448213360730619
-0.7331909989985931,0.10527716528985032
-0.7458810868661404,0.08398651929552432
-0.7161932001753023,0.1292453047604719
-0.7278980822756796,0.07418406736208198
-0.6809053566594154,0.19441148550899903
-0.6897380462706959,0.1479560987060009
-0.715861775274845,0.05280710845103994
-0.764227391055881,0.11210024190203888
-0.7508344313579203,0.07282351607819945
-0.72093752893186,0.09702539359181712
-0.7650075851411665,0.0461761835648049
-0.7750165531189538,0.12249784520621004
-0.7124608600539355,0.10405769650141054
-0.762845094475019,0.12218236436418692
-0.7255656268265551,0.07700269759023387
-0.7816714878137928,0.08334481352058436
-0.7038458615789038,0.07367946739208774
-0.7697465482295799,0.08565802595569708
-0.7400400897736352,0.12704520001879266
-0.7638128533350518,0.05866969237986615
-0.7138992270320635,0.1459859938433911
-0.7363050976790422,0.116187016377491
-0.7286819636257424,0.14477956855193275
-0.6734600004006471,0.15508311787173426
-0.7638241648269298,0.10008650561992959
-0.7643566357532745,0.11042356026008356
-0.7149502557584513,0.1536109156470249
-0.7796389364450211,0.0733582921423958
-0.7779202062553799,0.05553213478561007
-0.6726376851930742,0.1476911736947229
-0.7025572017501718,0.11740793471006174
-0.7338978269024425,0.08149886919281668
-0.707309606290799,0.12572315505218137
-0.764132588427021,0.0888908329671157
-0.6825738189908672,0.12296765099735354
-0.6807440770879641,0.12185018111444992
-0.7397049402261598,0.12056887422135519
-0.6892140055844818,0.17343098414775204
-0.6851528061069208,0.11083883026499017
-0.773707443737848,0.06371899526075132
-0.7252372904885651,0.14846562953354603
-0.7343229898937635,0.14678035626390323
-0.7541302817886957,0.09886790150852985
-0.7437720718781785,0.07606628384460558
-0.7533403363443995,0.0828678293569183
-0.7383672809517906,0.14542417880297379
-0.7379389426800139,0.15092686335069264
-0.757234611281138,0.12972482070034977
-0.6757812736035264,0.20681285728684512
-0.7357113690484908,0.09734520855096564
-0.7250073724107087,0.11847666869852347
-0.7607811386126198,0.0792455325841678
-0.7396351979113915,0.1306890935918114
-0.7602473426191036,0.08953362229618592
-0.7443359738738631,0.1186615295841877
-0.7008845018659583,0.11221573199800156
-0.686458011767734,0.13711414579845363
-0.7081010795775434,0.11128219010054585
-0.6851933010121959,0.15243164678015017
-0.6890762659881029,0.13421086022152667
-0.7345119055119157,0.11627407522271664
-0.751596735241103,0.11807159345514515
-0.7669167250169258,0.04772286559220264
-0.7470101498021934,0.057119791429186
-0.7422571295938509,0.11078638823810259
-0.6929040383517691,0.13478875843472732
-0.7053884269390956,0.10203112267926864
-0.7162758096392838,0.1568895352363119
-0.7001382048015422,0.20471519566461097
-0.7219870166786518,0.07522100259035472
-0.7517532766481234,0.1037794349312619
-0.7741575062161604,0.11524957060754816
-0.6900692640751018,0.10058429831307161
-0.7464911739146851,0.11065004299295204
-0.7513861239601599,0.08534049835040754
-0.730191326320706,0.13399996010340764
-0.7014056341783014,0.14391014754244746
-0.6995798094864306,0.1617478283405277
-0.7510243776193728,0.08659581151696492
-0.7742293094690722,0.06000422439101263
-0.7277914119716,0.13790572161531237
-0.7717555412703148,0.04096415556553267
-0.7327077879387097,0.16381137499519038
-0.7580487363575465,0.0852749556178814
-0.668970856035652,0.196735637190048
-0.6636166434033866,0.19858982633018243
-0.7284597553957048,0.09133206187459782
-0.7636805696073728,0.07150146045237415
-0.7140491212904462,0.11028069621873927
-0.716411419876375,0.12103423009317377
-0.682846011741659,0.17932856962164279
-0.7202892410484808,0.11282799041227802
-0.7358393904170479,0.16271072425106883
-0.7454686531825157,0.05056845984637631
-0.6939968113438127,0.1657529885117816
-0.7635604892228266,0.12323622120001092
-0.73229454697816,0.05798248996368598
-0.745392969399084,0.10203267276198996
-0.7254279377584943,0.10496853943232742
-0.6826567689830207,0.1597347645146448
-0.7431059191223145,0.05234963928323847
-0.720232508715617,0.06177854283101985
-0.7628165280662201,0.03781305320998685
-0.6959456847559221,0.08556802623916854
-0.7401348056333169,0.10589374590938314
-0.7315413456305827,0.05258271656758834
-0.6815177305024016,0.15892831155508266
-0.721336868440697,0.13546246473897183
-0.6871648979044042,0.15319189496294988
-0.6701500491631448,0.1440239865654081
-0.6928668872439511,0.14406280733998564
-0.7394772630740382,0.09958630722271125
-0.6601265741769047,0.20215362390254188
-0.720113300352089,0.12714768131966864
-0.7456828095146807,0.031859991284605683
-0.7663698430154963,0.10362315364828913
-0.7238681218877371,0.16122403003139996
-0.7139361897932307,0.16617895265466623
-0.6807299121028365,0.1427974278271172
-0.6878372815996135,0.0880219575813667
-0.7457435254478462,0.13535679400709127
-0.7647749574978128,0.12461855982376395
-0.6889249320701187,0.20205239355885332
-0.7283019842531007,0.14020797568498813
-0.7353862736403929,0.04350361990859794
-0.7514869829000286,0.08941794973677371
-0.6570004588946995,0.20048092224613917
-0.7845438642373403,0.054192574076146104
-0.7296240630925762,0.09184765305976829
-0.7480255546671806,0.09610854016236252
-0.7680637249689896,0.11250834660880726
-0.7268952998216749,0.05868141949868783
-0.7487667993283346,0.06836803154196222
-0.707122542331349,0.1594995508347997
-0.7366446437410111,0.1510617660352644
-0.782662411911074,0.0720958900122738
-0.701566669128724,0.15184057145978383
-0.7458923717105251,0.15483442399342806
-0.7846010924603303,0.05052149584538311
-0.7170104472344605,0.19036855405672978
-0.7468452361731299,0.13263436121020072
-0.7589472470170984,0.10719469712411862
-0.7646161517531196,0.01981478883532988
-0.7499300009904105,0.10408833717183223
-0.7062920459718626,0.13882782582047234
-0.7725548145272811,0.03883694213918915
-0.6903444364187669,0.1653178149336865
-0.7612476519347585,0.10584473215799944
-0.7015907782614289,0.12488222274665534
-0.7709387904930085,0.11979530839131199
-0.7345312788853899,0.09865170614888573
-0.7479837566280563,0.05049166389776934
-0.7117329276884203,0.18087471682484857
-0.6616044074571459,0.12763537092772656
-0.7345998971733698,0.08003030890490602
-0.785160128531775,0.03200025924298925
-0.7184738789187299,0.15159079162176187
-0.695334794635195,0.14719244958961417
-0.7587386979840843,0.038156888381031144
-0.7573978783574241,0.14949958554746048
-0.7418126863083069,0.09865578735444358
-0.7644072076517411,0.06269302212527693
-0.7156261572818191,0.1671755975159854
-0.7430096096108647,0.09007992476122781
-0.7271784396906534,0.07400613034121209
-0.7578117208818081,0.09172703969912878
-0.7051829371072942,0.09219692182730078
-0.6952656167748612,0.10860791376906434
-0.700655031461699,0.17007790702749365
-0.7122758497643473,0.09379174891601144
-0.7279874547926387,0.1278190395702801
-0.6899781460528039,0.1767429623653609
-0.6903638014299466,0.15419530971725415
-0.6800300410458618,0.12672384993030772
-0.6844240200316126,0.13611116613397878
-0.706432174682283,0.09265294924309646
-0.7068431970486582,0.16093012388637493
-0.6943496554603109,0.14913358250241018
-0.7719203753034133,0.07027822639714137
-0.7249401806023422,0.07435109963607035
-0.6566273028103216,0.17895430400860407
-0.7611241914904628,0.08981446550976231
-0.7094173140118283,0.17160440785363418
-0.6860699818615492,0.14908857972186665
-0.7130900251489936,0.18074267492633783
-0.6969075060378396,0.1533904189563369
-0.7334440041277437,0.16786053506608617
-0.7133122468161675,0.07498693336007865
-0.7639426163096047,0.06823152903799516
-0.7187185995444741,0.07082884722774911
-0.738931776483007,0.07359971653034217
-0.6997778463644629,0.12284392624668823
-0.7608703100982248,0.06098087219534667
-0.7118191384666575,0.1439033411623195
-0.7348622734147314,0.10993189460806123
-0.7045785862557759,0.1066505467813469
-0.7118241974685967,0.1653765912095849
-0.7742987658088035,0.05167392986416969
-0.6746415763400347,0.16492640752669074
-0.7054618507844632,0.12282796357616627
-0.695718424024214,0.1098949247585469
-0.6945596969510645,0.15510863203738315
-0.7000478063596965,0.13164375023447547
-0.7085138150545089,0.10337687526245812
-0.7892433967181698,0.07448485827960473
-0.6593466457684632,0.17677622093059042
-0.6921509875981507,0.15428163948649318
-0.684333991581365,0.16370851589594673
-0.7423863636722472,0.06557957605160909
-0.7723566099757831,0.05538646390080241
-0.7110924500431217,0.11734740893991957
-0.6674335414766281,0.16360056914481752
-0.6692539898535305,0.15373797970218858
-0.7739033054807678,0.07558543143812028
-0.7119083743992882,0.08768139796549745
-0.7494987349259675,0.12274315262104435
-0.7650973309535756,0.09987197822693906
-0.7031144395503058,0.13510136655746066
-0.6963589874755066,0.17562835876259844
-0.7160444578892659,0.09003714560715706
-0.7054426103064919,0.18329350267896663
-0.7269248165354552,0.14541495292884796
-0.740084657604886,0.06040612855033969
-0.696507183450475,0.1928555801320326
-0.6935298152542076,0.14041174081661684
-0.7290761975799039,0.11324339634899457
-0.7720682197272536,0.10884728826625713
-0.7431310972633789,0.053877612355973256
-0.7270984506805525,0.10499161475668635
-0.7011421697946973,0.14233504687429052
-0.6950277467396841,0.17271485057854946
-0.760499088135356,0.03783326734603135
-0.6983124678744645,0.1941793784032948
-0.7212423913211741,0.15458857732728784
-0.7414737266542859,0.11868160488293487
-0.7715373504095778,0.09828289484972516
-0.755160984753621,0.02303407334994645
-0.7038969273675885,0.19306957671200362
-0.7213663621433579,0.11122795603471997
-0.6891736791020322,0.10305726084672621
-0.7095305053483622,0.1361163553896236
-0.7813910193623275,0.08303206152937186
-0.7763192198451668,0.04353521981476184
-0.7018825094441811,0.10927946153947443
-0.7527934919218578,0.12635566553860925
-0.7328772432350463,0.09993320462585874
-0.7323097672651003,0.08590123110194466
-0.7058127301475381,0.16723396899704782
-0.721965853372925,0.09905998196390664
-0.770324885527049,0.04694647313545331
-0.7123049736405379,0.13774654334171468
-0.7472897946573577,0.12687384295551069
-0.656960767344662,0.17740843083039753
-0.7265576708243883,0.07942268844087119
-0.7651518607673479,0.058418377535608516
-0.7046755531873345,0.13770944708492558
-0.7260202855461486,0.1696523644328421
-0.7756095034933094,0.09453487225181043
-0.7603829099555961,0.07212831300554991
-0.7136821817452497,0.13362052823653883
-0.7690273121577315,0.03442476930191967
-0.7336741254260944,0.13732141327899056
-0.7378494687708119,0.10764251418257509
-0.7389967893071392,0.1709134431507288
-0.7043352038059252,0.08465258575669889
-0.7552853202347715,0.05321106935662426
-0.7032567278066436,0.18343667646871023
-0.6991533112594469,0.11763559354663433
-0.7212324841852013,0.1383726122185652
-0.7614066059388728,0.048277736768353494
-0.7364378748921754,0.14818520174328492
-0.7804590265894058,0.08772416104150912
-0.6971553630395595,0.09145206428195211
-0.747145142619779,0.03037460293895173
-0.7652446428339887,0.12670469287327485
-0.7593807768515294,0.09457503843490783
-0.7113520529780124,0.10880446030932592
-0.7605978642227601,0.09414062270300337
-0.7062366265704568,0.09099837483581188
-0.6780597981974438,0.10816403112713695
-0.7117962910430642,0.16403027459380184
-0.7583761388879579,0.14595108972072535
-0.6872791865943789,0.11660425569441032
-0.6910577872379698,0.15594823203908031
-0.7632208202500623,0.10994330299391834
-0.7213120196376192,0.0672789371594082
-0.6916185226081994,0.11405808185670575
-0.7770479776001574,0.10255056789027424
-0.6872337859530947,0.12890313957932995
-0.7058092311859848,0.19833261782511669
-0.6926918290115109,0.10315795729522094
-0.7432752233676826,0.05789832586076051
-0.7081624780207897,0.15472348692783602
-0.7455741803847247,0.0729251102837928
-0.6963847238577169,0.09698309744851641
-0.7296141722322338,0.09301905679132791
-0.670035864217553,0.17380172529494442
-0.7247560940737876,0.06869915849335001
-0.7200094774890012,0.07139386656972983
-0.713054764983319,0.07237066445201769
-0.7129270278985056,0.16707446530402137
-0.7240341086633073,0.1384336458735012
-0.747920530642692,0.1070924999585896
-0.7178825864499223,0.19105971758454574
-0.7576998271751506,0.06375963749460382
-0.7413039740405086,0.0908289150294742
-0.7492226205430564,0.13851615553561034
-0.7063101825912672,0.18224783284723522
-0.7559704742831101,0.13190408411635027
-0.6632264035376672,0.15517991779532644
-0.7071132035990813,0.11075650457437784
-0.7584299840264112,0.07534113107117728
-0.6832402193872784,0.13096811425327315
-0.7421645865687839,0.09465035868752297
-0.672238682715403,0.15179946947501013
-0.7295688192739502,0.07236460306120704
-0.7436124800851505,0.0668200913051202
-0.7024742091639019,0.14373428081952885
-0.7281409282824658,0.11951161420088399
-0.7090319970847341,0.11411181505942898
-0.7757203220737761,0.05380340537675474
-0.7677616232954679,0.11289104982358028
-0.7627856568868477,0.08960481950005451
-0.7172087038448439,0.17676257916005747
-0.7202348426865971,0.11840172769743497
-0.6735261127784631,0.15257526939228613
-0.7324115281353781,0.17219535198833766
-0.707608799044928,0.09646878623423454
-0.6930382413747681,0.15444595750766216
-0.7543635281855334,0.05375345424403963
-0.7287424105609664,0.12130990161131362
-0.6895884894867536,0.19843000312917033
-0.7748695776391313,0.0774407377851229
-0.6918598847988464,0.12323274652825032
-0.715001466686683,0.15588345312271515
-0.7136393208990518,0.10984606442290823
-0.6590010805045636,0.16962769840249034
-0.6909183531341866,0.1624982641895992
-0.7081545719497386,0.18935557015669868
-0.7445245283924701,0.06596034361235044
-0.6954090824152996,0.08659004293018949
-0.7080043910154761,0.17409676710884253
-0.7650553334399306,0.06391832297754609
-0.6878412576504924,0.09759261226109667
-0.6771203995068291,0.20754659997320205
-0.7150673039492887,0.10485801631272482
-0.6852475405928939,0.15149746856301372
-0.7448023002457284,0.16090541872651454
-0.6963241696014046,0.20421042474387954
-0.7582177075630935,0.1032255913565773
-0.683489858037201,0.14469910860122345
-0.7261661674606704,0.10951570379046266
-0.7351556353821903,0.05517671282713122
-0.7035842737195336,0.09539587478281025
-0.6836188517226622,0.2009149340090377
-0.7174992653976806,0.1321357932754306
-0.7464439416784955,0.07815802160849258
-0.7555288711783803,0.07187309075559128
-0.7162320793724047,0.06523346335420364
-0.7038593572458216,0.09760118783433805
-0.6645257685645912,0.1600771220768822
-0.7356062498943517,0.11941419188113646
-0.7094460045493328,0.15372285808522596
-0.6532586324830875,0.19746826790076313
-0.715884341574686,0.16442773239926647
-0.7237338154074656,0.12610559031297802
-0.7535986083568036,0.1320623265438567
-0.7527895698887057,0.03596734759760976
-0.7202713814143711,0.10831083041351663
-0.7489183593461233,0.04342418510651534
-0.687763551518764,0.11368934501681714
-0.7747940455458295,0.03902142676687545
-0.7297206155212098,0.15450917469782086
-0.7717422491445232,0.11681413160817969
-0.7115344822204849,0.10980668500148022
-0.692749035567801,0.17452641276148642
-0.7599292887573414,0.10908662049961089
-0.6690126614761587,0.1393859690685409
-0.6749451806658413,0.1271095038434064
-0.7480357687957248,0.08629064175839378
-0.7456928749430463,0.10624556065227758
-0.6940318113391671,0.09128272542893633
-0.7309477275435587,0.07462597810140302
-0.7774292793511571,0.09385998926538308
-0.7105881811449414,0.1656812157830548
-0.7424323105385396,0.1227999348780102
-0.7483965132544519,0.06954668686052337
-0.7419484217325746,0.12180836988317466
-0.7074386663203149,0.13705752138956762
-0.7142707506296467,0.12072281107528024
-0.6596965715030487,0.19163683528031403
-0.7220335433425377,0.09854536845035122
-0.7540632753226132,0.06928221670910291
-0.745778845641751,0.03350719093775395
-0.7144707870652734,0.1097735996092105
-0.7554708715250072,0.10558787255240187
-0.6662614295085952,0.1632842681371967
-0.7320980619045779,0.16086831405707644
-0.745762426990908,0.049306607604566205
-0.7671991109666592,0.05175539823793041
-0.7757348102229961,0.1141147842893714
-0.7147241531237514,0.16251477638756784
-0.6937561143757909,0.1685088057415166
-0.720079133206173,0.1527009798939777
-0.7206612062492658,0.11273680285055976
-0.6835260441244574,0.18274292150014682
-0.6814519017862675,0.20344769780590122
-0.6903573798203478,0.15981013001939723
-0.7216969304086073,0.05127849801381007
-0.7177825036167088,0.07128868041063045
-0.6778734106985935,0.19213885199401856
-0.6905489016196917,0.1817389197235453
-0.7735882525789624,0.10810575243196563
-0.6944476118190579,0.14871877541225992
-0.7102123292099596,0.16928609530871763
-0.7229282639023973,0.14506512738350608
-0.7140403630543007,0.16071497936511608
-0.7636200962328569,0.05362491604395338
-0.7084178213932621,0.15147789883945473
-0.7069580462397081,0.11802934216906423
-0.7758868005879261,0.07383594270820584
-0.7091534914675252,0.13354770925938456
-0.7542975252326989,0.08185373180952264
-0.7000953607896174,0.12912988812960982
-0.6956819542806177,0.15688769211234618
-0.6537891132245024,0.18507199389556378
-0.7169475363635076,0.13735900293832515
-0.6810983516805809,0.13080587808925725
-0.7421503804758501,0.15735226348617215
-0.7261716189704148,0.1519827302027741
-0.7277779567756327,0.09900028964830383
-0.705783018207682,0.1491631630962192
-0.7375996307554479,0.09988331263777135
-0.7104416152230448,0.14051176358838946
-0.7092357778423425,0.12665257836417895
-0.6925284484763099,0.15987564147832112
-0.6970053919064538,0.16550368616316338
-0.735013384359596,0.104609813679088
-0.7387653783425543,0.1048031268712446
-0.7136524213043627,0.1201527125555605
-0.7496691436113669,0.0978044598586088
-0.7090095946397956,0.10768832253284435
-0.703704756949697,0.08792438009287039
-0.7429278538825493,0.10175484330758149
-0.7444821454973709,0.1041579375880366
-0.7114348532793918,0.15898304341421055
-0.7079315421497703,0.11582128260319766
-0.7479517812033334,0.14406907697235055
-0.7311244772816039,0.10660526438227973
-0.6943021001104837,0.11423638757058198
-0.7635272662011566,0.06498279823033168
-0.6587684046467579,0.15422311712561015
-0.6994470564503366,0.13648147163068322
-0.7517400641561708,0.12104718828064402
-0.7000082427373139,0.15130728897094894
-0.7094713488375585,0.10929840453262483
-0.7227178051780577,0.16166609539075663
-0.6871158152699189,0.17776582392198736
-0.7194042390974027,0.15528042283967705
-0.69817089795836,0.10219472764924856
-0.6961218937406021,0.1608402206101212
-0.675891733844384,0.13557157438393116
-0.7638687223118212,0.049199796135152386
-0.7309915255698446,0.10877878976911157
-0.7755938290830634,0.09236215326996164
-0.7502271364004663,0.03512045058645191
-0.6971557945493358,0.11880943750993288
-0.7293832355223524,0.08818309315216047
-0.7393157455227123,0.05187065996626204
-0.7025988187873281,0.11446174987148604
-0.7469944255161114,0.041015304395691135
-0.7757579990610336,0.07311238836057243
-0.7193960326006104,0.08507836231835435
-0.7153828806032625,0.07486380550382364
-0.7050944251774209,0.12619367182209634
-0.6674308244070524,0.19080026401028607
-0.7388656955469365,0.16203810901773702
-0.7617614407085836,0.12279444622666887
-0.7117825242220196,0.08434533387293214
-0.7670254508259664,0.07191490382284309
-0.7539854918112987,0.03407196268787569
-0.7722408384396305,0.05626474368442014
-0.7124031445710528,0.15259343259192962
-0.6679597260612525,0.19410047759608481
-0.7564940758112148,0.09252290902883059
-0.7177179412008173,0.14160329956366105
-0.7510139692285508,0.11559293454778892
-0.7590708830971684,0.09574852335396764
-0.742095687722113,0.146028706494644
-0.7516560851831114,0.15498149597673722
-0.6819432237208761,0.13052358180896192
-0.7271816579041258,0.13528022977847265
-0.7734037098201294,0.03767510078683323
-0.6986137064653998,0.18735731988216048
-0.733854934825971,0.15752547733507627
-0.7589975552489081,0.13781484537691627
-0.6971188843577943,0.1832115739745783
-0.7149559815772061,0.17255055874037445
-0.7230392377100895,0.06563207012383056
-0.7492951160750071,0.03630876700360135
-0.7654819491830477,0.10708535782254229
-0.6922639825934787,0.13767154244893223
-0.6878081800096281,0.19259324448899187
-0.7344150916222445,0.14436811721703177
-0.7314229081629567,0.10719604952234117
-0.7752889946714789,0.05594904804288918
-0.7810493598181193,0.05805347897594469
-0.6693053121816737,0.20538121677849594
-0.7069862268004825,0.18530325710837348
-0.7027555259723423,0.15774986078811354
-0.7780405033853683,0.026876467547783424
-0.660917327285201,0.13143164399916038
-0.7194525322964794,0.15688550916362526
-0.6729011782012926,0.17797463273034553
-0.72778720385281,0.1332273088165742
-0.754244181230214,0.10234493842077956
-0.7204621382572436,0.11068516543696319
-0.7810452513959647,0.06683222957773666
-0.7421229748142946,0.09385541939167666
-0.690021469911171,0.17580261020452473
-0.7522761246833859,0.0939097442969331
-0.7561506437871,0.04657324654167175
-0.7403604509211862,0.09917134919378544
-0.699097332963513,0.16597580500587525
-0.7633399879816725,0.13669185630964764
-0.6693338961729702,0.2067879739688124
-0.7729717723977136,0.07845893429960506
-0.7075049171455571,0.13959566529256284
-0.6871567800248461,0.1431585257534235
-0.6759675561371713,0.1486489024259904
-0.7395697649513145,0.045315939628822494
-0.7607355352181135,0.12283645577540651
-0.7500471486825573,0.05118335605835589
-0.7081168933453038,0.1811568768552478
-0.7554168491888584,0.12947312778852063
-0.7205406086839661,0.08379136096510985
-0.7604092784884577,0.08417379380806748
-0.692239410130738,0.15080080588658895
-0.705293896163651,0.09412173631501505
-0.6897860759280917,0.10307549330832698
-0.718961385470623,0.1496621035000205
-0.714557877239639,0.13106876503878134
-0.6843888229319248,0.17945718031422697
-0.7625101839569476,0.11278029576213917
-0.7052207029780939,0.1332632742061952
-0.7124162198385942,0.1111479828274457
-0.6809685318944533,0.16932915273082683
-0.6891714208437252,0.18018364976925458
-0.7474667113146021,0.06587147597327203
-0.7450489554273306,0.0861578871359236
-0.7551929542969722,0.02853432317296211
-0.7133282716905738,0.11610169438588414
-0.6833452072926224,0.1853259393614129
-0.7198210548321458,0.07142045998942995
-0.7314170688975452,0.11178245075613127
-0.6889078946076819,0.16424554818929027
-0.6645145834162185,0.14959039577845357
-0.7632498001364054,0.12520138981170448
-0.6898706301739688,0.1952148121130624
-0.7253754761071701,0.11718672123011564
-0.7446918079004662,0.12162706844643677
-0.7308636381791555,0.09019389886679319
-0.7551901833528503,0.0941785441830089
-0.6888941699089656,0.18031819119249765
-0.6722169200087418,0.14976829828263155
-0.7395875746276078,0.10031407199748818
-0.6798876299137012,0.14738438451248714
-0.6761385755776734,0.11714689605343512
-0.6898242022465759,0.15193029713719391
-0.7535989857148304,0.06810852509546343
-0.684382306967347,0.17565195946437095
-0.6882419495580848,0.0891176634561708
-0.7417133404941266,0.06692814958055453
-0.7016294265380694,0.09547794829398003
-0.6967011889482783,0.16188440214645164
-0.736518784590887,0.04649464600342104
-0.7115891132568594,0.09550860026818378
-0.6993264072467452,0.149883553647852
-0.75691355070485,0.08979174796726773
-0.6993504066982397,0.1722087204819596
-0.7217918249426237,0.07970986775156301
-0.6717234687524232,0.15833084473790282
-0.7033606347332687,0.09882894753789334
-0.6755844969343378,0.12194382191928392
-0.7738215717781524,0.11886572405914027
-0.7177071864645072,0.15503543794436064
-0.7683848776820175,0.05596569247584569
-0.7478278295449152,0.0839308825710028
-0.7389263716829112,0.14625960101362986
-0.7889862312268185,0.05694946457955556
-0.6970000886451828,0.1384712542736216
-0.7213978765481781,0.12690363733029142
-0.7783125368480963,0.08830738746062304
-0.7749544420553008,0.039239732196655754
-0.7328718309682838,0.1055216068642316
-0.7169611066441357,0.08652851872765929
-0.7682364114712313,0.058125396335737836
-0.6982096109171584,0.11415338163309473
-0.7512152788420873,0.08863717502213377
-0.7815045151121964,0.062296444784810556
-0.7082439929351154,0.16339870948115434
-0.772343967081612,0.11515843353427496
-0.7254109005079659,0.0872835138157573
-0.7500222168785668,0.04868339294805434
-0.7072459034589642,0.17323540465525475
-0.7183757489445253,0.16893332108751985
-0.7376523164411797,0.08267548005424112
-0.6676163003596681,0.17963048441942017
-0.7270393957135124,0.13658598170593306
-0.7224882776182157,0.12247600782268664
-0.6999196243294254,0.12252901148618987
-0.700708404086643,0.14878658497871408
-0.7745072828907195,0.1073663211232785
-0.7582460903296698,0.08440684067105339
-0.7420963120622046,0.11567005505488519
-0.7202865812073973,0.1254363535762832
-0.6993333685242357,0.09171161987289983
-0.756946058634257,0.12270377150825615
-0.7745367585609476,0.03910948776867306
-0.7515890940840155,0.08425831760460509
-0.7357696875366351,0.08272661471355112
-0.7197489631771448,0.15710850439407753
-0.7468008703102889,0.06732347263023723
-0.7431089982971666,0.11425805107869084
-0.7141135278553604,0.17361454869577345
-0.687621425299528,0.12761421263138836
-0.730919559311407,0.14235406962783143
-0.72432437109195,0.09303407642225106
-0.7679415523081972,0.03055840169890782
-0.7427664406039067,0.07848671369882183
-0.7004973464857536,0.18466243742956936
-0.7175147524492144,0.08406287059399904
-0.7022403917038518,0.13732827364204953
-0.7527170544228944,0.09341253179815275
-0.7135943868342493,0.08729808121684418
-0.7778345765826027,0.1023550657928348
-0.6842483236163173,0.13279002440893747
-0.7185633957812744,0.08065030458357242
-0.734790688657721,0.09703299319860464
-0.7407458778794372,0.10908357477373053
-0.7293201476935808,0.09055564418605734
-0.7760658263939713,0.041648441264557086
-0.7353303643154904,0.1389733300915369
-0.7684002309536806,0.04196134420886705
-0.7607289529790956,0.04250919984267668
-0.740698680748316,0.042815565218017514
-0.7285811382495146,0.14534432466584443
-0.6973099983687777,0.18169585142112313
-0.7348112820353827,0.09503666405401077
-0.7551310050909203,0.12135863619661763
-0.7267901128900599,0.12122685576501449
-0.7272812680112273,0.06005891341212336
-0.6855003105839466,0.16812510019570556
-0.7352789413005986,0.09048065262773293
-0.6980613253715099,0.15573898489168633
-0.6889353285234684,0.1571355163179806
-0.6773311338018263,0.18929770652781946
-0.677129566320354,0.16509866434874512
-0.6799450601435674,0.13497856967084296
-0.7277141725801325,0.17497981978013077
-0.7319593072864125,0.129594573033686
-0.6865808408315844,0.11624197713548517
-0.7731875531767848,0.06565794455193456
-0.7585654610047252,0.06159631013621289
-0.7246129045661741,0.12125876735172451
-0.7127841514396589,0.07091448887481623
-0.7454047880517504,0.11023293371394818
-0.7561577856098848,0.10875234030590183
-0.6925826323773129,0.11988461194764384
-0.7350381030092595,0.10293492665157716
-0.6854304142003428,0.17265493641325347
-0.7227336323010924,0.09159335783785252
-0.7350487666628216,0.07387546582815893
-0.7171325671077412,0.08860174624181584
-0.7169874085962957,0.11896897802147868
-0.7437669812183942,0.08506162798585308
-0.7453203708161082,0.0957099777663409
-0.7420073936175725,0.15606023513103393
-0.7653356789794119,0.04009424717900907
-0.6702776819071162,0.17700440458311506
-0.6608037539950835,0.15745260492712057
-0.7046717828014102,0.11555319244424354
-0.7288902394728329,0.11114052238010945
-0.7512542358267769,0.1277068754454645
-0.7616384986988458,0.08402212900791065
-0.7274401236152035,0.06497829365953503
-0.6775074542001984,0.1607650623615448
-0.7345694787171704,0.05727699146843571
-0.753346994121529,0.05817493609805964
-0.7335756518223773,0.07456385864155071
-0.6894880476249997,0.13805117389480626
-0.7221006918235294,0.07730939829450177
-0.7237360916663831,0.05105854811761959
-0.7088481554460613,0.11319118990878257
-0.7271957218752115,0.10829498493104806
-0.674006866956178,0.15265447775698718
-0.7682433179343172,0.0579768356728129
-0.7780813095602565,0.07684094696548573
-0.7716675586435837,0.10532998663437565
-0.70893587606837,0.12189256053176846
-0.7614314772951315,0.08008580983635656
-0.7451045503281655,0.12981786983714647
-0.7170664030081074,0.13413717698816932
-0.7421141449499676,0.10094742349608407
-0.7185089289120719,0.10159899197911777
-0.7787227596741029,0.050572816749711584
-0.7454636424840493,0.06536250055064116
-0.7658369145803566,0.043364352002838356
-0.7276237847902632,0.09240432895879194
-0.7125653902207273,0.09692417930114712
-0.7103927490708236,0.09609532610887456
-0.7040125524525301,0.1016183817950264
-0.6979523751731255,0.1587784558487474
-0.7196427336926627,0.14269285248878355
-0.7000211051851148,0.11403857560416578
-0.6951930705053763,0.17467139500813178
-0.7016960764134795,0.1364088646549826
-0.6651301532135784,0.18691211548512493
-0.7106306204528776,0.10294443248006192
-0.6999338606423597,0.16948821925145527
-0.7496222313651186,0.05733230354872722
-0.7551042153154676,0.11118398579885784
-0.7502199690984238,0.029379390465623857
-0.7557122438673057,0.08244313631094556
-0.6991215386750071,0.1553176601007001
-0.7543953177245056,0.07332175332556468
-0.7871108582144732,0.07415480064363889
-0.7685603317219882,0.04650307430437532
-0.6763210785903049,0.12620878554134732
-0.697255934461303,0.17633377090088465
-0.7192246886634567,0.08038184771720583
-0.702359000359985,0.13284839623651273
-0.7515047108817539,0.154094724240607
-0.6950982599934928,0.16579466543368598
-0.7062351841575012,0.13285662597764258
-0.7444192973676217,0.08640688900187216
-0.7075859933349667,0.1461516959964819
-0.7489427339063878,0.1312370922941624
-0.7482594258271376,0.09591379524668091
-0.7767368055473888,0.08826958974508425
-0.7273746880856121,0.17107476863029292
-0.7559150223544249,0.1339713181917293
-0.6887634976666942,0.12670842699309287
-0.7315988214746285,0.14168333772231848
-0.672122513222721,0.12824524722549044
-0.7171388758614198,0.11781264592195652
-0.715286281953261,0.12839131896465047
-0.7289910439673482,0.0855420430233114
-0.780744440831165,0.07004090574791862
-0.7715942881593696,0.0821746989397836
-0.6988053743308124,0.12078732341976392
-0.6851586491447588,0.1753540411539607
-0.6854595115340179,0.18823094669865484
-0.7620657913805213,0.07546296388842087
-0.7704358321406546,0.10413097162358811
-0.706895700151836,0.1843600106094849
-0.7271197924629956,0.06319548630152831
-0.7579523440166246,0.13182070703463156
-0.7418505990262575,0.11750119085765418
-0.7243634321751409,0.11943956391554879
-0.693781755190374,0.1013103232136206
-0.6893665010895298,0.15254033987949883
-0.7127288819018913,0.14791185279833455
-0.7172385600188319,0.1505918866166628
-0.7679445115937261,0.0725452257002513
-0.6985587486114038,0.10775266766102655
-0.7393465632644515,0.12730019492486228
-0.7262984845412509,0.08210764954211183
-0.727031061897462,0.08391264062606434
-0.7142698084524545,0.14375729389140735
-0.7173403846636018,0.1619050251537775
-0.7179556932117256,0.17422584357765777
-0.6940555944550816,0.16545122660887063
-0.7513310838492827,0.09443599290661912
-0.6816720755152195,0.16215337075701847
-0.7158047137283917,0.10097356589942057
-0.7290804707428346,0.13629870887073914
-0.7495669102879877,0.1313818765842168
-0.7369367780404127,0.09660180675686893
-0.7522439777380112,0.05933107647735556
-0.7389781408191829,0.07974401643722438
-0.7371844690228342,0.10545307439903558
-0.7274361322667651,0.06833668126891293
-0.7644383925357697,0.07128302348750999
-0.7662467781335786,0.03680865858806705
-0.682527615985595,0.1530370828779493
-0.7471399016056025,0.09164192114129556
-0.7494556907231139,0.08052411376150491
-0.7184521459603123,0.16821002302102778
-0.6706938641981895,0.1573245623672467
-0.734749470484527,0.08408501207666606
-0.7074781674473396,0.10731552721860761
-0.6538439399771407,0.18206000858686472
-0.6911558284690432,0.09320644944246727
-0.7275587650182741,0.10416424035154963
-0.7456280565427162,0.09276191321600723
-0.7867555156729905,0.04554808543905817
-0.7491414260002006,0.11685540150944779
-0.6816784329073775,0.16918779699053355
-0.7373967425050911,0.16486397201322667
-0.7868225449489117,0.04479908118640578
-0.772187238769492,0.11073713563466323
-0.7732822542683332,0.052406983471943495
-0.7242890682830474,0.08610059042887307
-0.7294152525494744,0.1315444837843414
-0.7269121431391873,0.1460521456920294
-0.6918932270850583,0.16557608666565762
-0.7166780999235122,0.1442501103627362
-0.6796802185564919,0.16811472065537073
-0.6848850226168979,0.153107220867799
-0.7284996478939119,0.05505784093486067
-0.7128044770386646,0.11436824022743569
-0.7473266346449582,0.05789195300237801
-0.7241970221037258,0.16415754857562764
-0.7574298481148543,0.0328125368648975
-0.7138805973278101,0.16743414672189383
-0.7241603789584246,0.17332024830074533
-0.7173266474050479,0.08705262439623233
-0.6868391304080125,0.14327848074271715
-0.7402409915057354,0.07221376117508493
-0.700602299473039,0.15288651184139376
-0.6826063431903912,0.14455670211056657
-0.7294462143641465,0.14443121183503552
-0.7136230398787644,0.08892773194963711
-0.6933769373308594,0.10426874550076815
-0.6732442148584352,0.1470711930740477
-0.6964282853930497,0.18715546866126165
-0.7203867948432628,0.17854675137775314
-0.7319072902188726,0.0731948094567048
-0.7529610095037536,0.119209553229601
-0.7270256192163259,0.16161671142228412
-0.7592717862247748,0.02550992605252037
-0.6731049173552892,0.16530922816915047
-0.73651891258327,0.08211765280915584
-0.7227538165358841,0.13479930732274592
-0.7775434753409153,0.09953736414232153
-0.775165695991884,0.03990672281936524
-0.7019614732236513,0.16400654512539029
-0.7025870556180436,0.1176259535642527
-0.7758178826862249,0.10290604120122777
-0.7212996933945213,0.1600587278277992
-0.7335176653278335,0.14668310035508572
-0.7458258590941261,0.07228521799955609
-0.7436795722530785,0.05308611353711955
-0.7444358672872545,0.04985584759318964
-0.7030911055050629,0.11711029661901427
-0.6589436878897849,0.16744938262588352
-0.6840720821376669,0.17880923482540884
-0.7277891622002529,0.11502055913351705
-0.7226939195162403,0.07282840990224648
-0.6821936681955951,0.13268569268911165
-0.6856678647813075,0.09388790417044376
-0.7169954872470647,0.17354141620120309
-0.6997690039428901,0.15687176534913871
-0.7581698359570825,0.07108559935401405
-0.7541211935333773,0.09342309292535153
-0.7333514176622488,0.11794363404150703
-0.7701523026841255,0.05761711101842318
-0.6934969256912372,0.1869202704868773
-0.7257532902330132,0.08142116415398161
-0.7711470087320603,0.07087525347910238
-0.6583712658914538,0.15687770000747964
-0.7606749509026164,0.08444829405797999
-0.7440748633793711,0.043884264244984525
-0.7242367769882387,0.0866659764055808
-0.6915788155168665,0.12903899875954666
-0.7402229194530233,0.0449412856344245
-0.7497401609437463,0.08907749417652307
-0.681004690862888,0.1677036215464484
-0.7185780498879006,0.14739156702949563
-0.736732404583243,0.1579054536321841
-0.7516297747039817,0.13088598711392235
-0.737062508262349,0.1124978800487104
-0.709098770151735,0.14497202366604456
-0.6913470386674229,0.11493609410401485
-0.7487534496057371,0.09173622511058255
-0.7165235903417825,0.16311100505410708
-0.7442765060930309,0.1215014503565027
-0.7247211375033703,0.08306626599796277
-0.7359194769222489,0.11581808021598927
-0.7559682923180505,0.11078739833922004
-0.6914595408449892,0.09571925416543585
-0.7257746573293024,0.11696837048040475
-0.6847183932123806,0.19432584775275785
-0.7041421004099354,0.10558368724119223
-0.7409481426655702,0.11649788461657168
-0.767712422748755,0.12196170180589637
-0.7219073417345617,0.18158028368760606
-0.6780459444814497,0.1769923973362043
-0.7036252110860128,0.19524656929080625
-0.7189276144814658,0.0608795926332967
-0.7079148857716854,0.1036949818231557
-0.7268562288444891,0.07856344978805463
-0.7211063508944247,0.1536682372372908
-0.6743230622833798,0.19873409896464622
-0.6949924254706018,0.14734233620819548
-0.7022700320500194,0.1394421416791158
-0.6940883024012073,0.11160107172370871
-0.6924129012543724,0.1788739652812925
-0.7749546203825074,0.07707262026053846
-0.6980108518835392,0.19106251346946848
-0.7754641629356404,0.09934088649177002
-0.7136687368792877,0.08188777846141139
-0.7124736856209647,0.13316955374892372
-0.7474194521533303,0.12075593376085804
-0.7273264447239178,0.14154111206713624
-0.6741645629208937,0.16907044999739562
-0.7100932339613382,0.16974244079556777
-0.7203312227454051,0.15523996779365484
-0.7050236200368751,0.113622839822756
-0.6941114270620442,0.18562014975601782
-0.6874113462091306,0.09665594945299674
-0.6948366374777541,0.17740049907167055
-0.7129091861609683,0.11862183342396562
-0.676541308605259,0.17313866185230173
-0.69422839781597,0.17000523125350822
-0.726380241454971,0.09471975533982069
-0.7226856621960392,0.17543141903564044
-0.7043656350184019,0.16840127062622848
-0.7553450585804355,0.05015764941731994
-0.6941761262644701,0.15058569350149453
-0.7524942158235198,0.09272796716509597
-0.7428146058724371,0.06989293137317294
-0.6839077362231515,0.14233615895223095
-0.7059136168521613,0.16879698835547685
-0.7612982624110526,0.06416732048976705
-0.7066052380043076,0.08775158143977665
-0.7278070119885668,0.0876801217117173
-0.7461821194290373,0.046499204310915886
-0.7075981951954766,0.11818142616668546
-0.7499746668541285,0.06725413611793417
-0.6697087176027178,0.1847636254427148
-0.7237135537431503,0.1620121713821574
-0.7212636142816191,0.12701832249366843
-0.708684434889729,0.12131031790616859
-0.695662319715791,0.11190799830229514
-0.7370432547649521,0.07562454656066185
-0.782869484297195,0.09285985208141848
-0.7193259512076905,0.1254558831910238
-0.7382932013338216,0.06308916361496707
-0.6921243004112014,0.1824660571542919
-0.6999282682722815,0.17518983689141532
-0.7192420781590386,0.13670957156358382
-0.6977777511500185,0.167476256713268
-0.7457378462319039,0.08203899248836831
-0.7183856887162786,0.11696285520522061
-0.7575872054855276,0.11462045365590794
-0.6939165453832103,0.11779850465893739
-0.7741820789059262,0.08018964092995981
-0.6975539853413958,0.18391258790442486
-0.7463077840570388,0.12325081271785537
-0.6955351452419604,0.16909641859040564
-0.7618432770946135,0.05616886685583554
-0.7540462597756988,0.11335027512631117
-0.7109068987233883,0.11608969344499545
-0.7365008598346912,0.09913392400865984
-0.6641917236700557,0.15414855860043786
-0.779267413924603,0.0663652371752312
-0.7849418402931021,0.05639104298710266
-0.761653751124003,0.06393293334622317
-0.7352203506670474,0.1149419452753606
-0.7289183469649038,0.09578205133375256
-0.7240777625393894,0.11410165454455969
-0.7130834114672557,0.09132227788497145
-0.7443705948738375,0.11046607141613095
-0.7758989511427536,0.08316134249227301
-0.7398151424098134,0.05019130818139293
-0.7407649868357478,0.11567949918547041
-0.7116404300910782,0.1421135193762715
-0.7455163847852891,0.11220280737199775
-0.7451076207259509,0.056520202677219904
-0.7231449387568885,0.08338110903518096
-0.6979294142292094,0.159694744395066
-0.7273827652712042,0.05783174484386402
-0.7707927861761249,0.08025426331930906
-0.7345405868794961,0.094613663367357
-0.681882693908272,0.18537870227034214
-0.7275889677480446,0.050536823521892454
-0.7061253627001405,0.08376606880167986
-0.7231451538457505,0.0740893893334552
-0.71425551374677,0.18932223670128717
-0.6999853215643913,0.1790957308069995
-0.7154160179171357,0.14513338584417484
-0.7227984700560509,0.18399195888830816
-0.7051484828924194,0.10951527921915812
-0.7198256692609754,0.0912944317843083
-0.7527281038682647,0.07112201976335998
-0.7471930795091841,0.04456272283609098
-0.7177036664876834,0.14355988429963928
-0.7099977939380334,0.14066340592326812
-0.6869222987655415,0.18556129197991134
-0.7612809842573923,0.06766504080701144
-0.672984196332093,0.17455648799091786
-0.746992061403227,0.08779716787212648
-0.6860873301720656,0.15335064418568287
-0.7355025943187498,0.15194206098797983
-0.7026448510417627,0.09867059772264188
-0.7761160615220513,0.06616940696751067
-0.7666450721614747,0.08078144752335437
-0.7844165897829044,0.061331054554466816
-0.7172958722705328,0.13074842112133894
-0.7632863424342399,0.11955475025074386
-0.7393222188220069,0.057702704725129325
-0.731474270929752,0.1733701681340965
-0.6963434025915837,0.17919692261771486
-0.7518484432343904,0.1237847020057511
-0.7127989100334684,0.09771862945870233
-0.7428379760305233,0.08515893353146158
-0.6958770845388081,0.17013958447310945
-0.7530141212057878,0.13025759554624475
-0.7202418141726625,0.11759714210427018
-0.7458197684004265,0.11458555547263864
-0.6863640372409708,0.1065392352843151
-0.7561897267848539,0.10860444860887179
-0.7281115961880522,0.1297525245041965
-0.7100860097450018,0.13371447596703073
-0.6809912958921935,0.19326988146638913
-0.6841657669603706,0.1735424301448418
-0.7132207795542466,0.13985947559343676
-0.6947324864997837,0.18721947191465269
-0.778427685753018,0.09454013364712738
-0.7561362576684094,0.06632459408949506
-0.7043678530057662,0.11024197165313694
-0.6951909386309855,0.18547675139428585
-0.731650703740062,0.1309517915435705
-0.7387727481437381,0.15780858666640532
-0.6688839931772662,0.1329657846684831
-0.7257851388145704,0.14629166034311777
-0.73352303652063,0.0662200981088398
-0.6926329434446363,0.18206149477855904
-0.754521526224373,0.06912386691263178
-0.7207811955770771,0.1372736699733304
-0.7743881441556623,0.09490532748210581
-0.7555523794594627,0.07133285281142773
-0.7197535124245324,0.11275224085957052
-0.7444159892194971,0.10530555808097282
-0.7633613327314639,0.03607119183352067
-0.6570867311614492,0.15216844842425914
-0.7557847456889153,0.08235349082213583
-0.736546188220462,0.08221229951987573
-0.7066134425744924,0.1349162785661832
-0.6786805128254685,0.12675491627498
-0.736157063185364,0.046171030488732404
-0.6945996336976729,0.12397409312243894
-0.7276826328602682,0.16632055622643224
-0.7520769611740673,0.1197626448219166
-0.7519515819735325,0.0709425280286216
-0.7649210908395021,0.10834928285153148
-0.7002301985181579,0.16881417439576163
-0.7494662483564918,0.12861319565302237
-0.7094558821257732,0.10891857323114738
-0.6923443726733899,0.10939608038504556
-0.7427341123771001,0.09336625524608769
-0.7181760460854849,0.12396522490354331
-0.7098790228387131,0.14837344834468152
-0.7365282680109666,0.0766835277316224
-0.742296027854562,0.0679914414189794
-0.7110881658307944,0.1280448283766897
-0.7214014051800676,0.12439684720195605
-0.750102399445678,0.1336342502037057
-0.7262797092698952,0.14369939440000884
-0.7680132796086712,0.1008572369856214
-0.7763283668399097,0.10211022599372192
-0.6900553980598626,0.1048968853953565
-0.7584562521717853,0.1303631882375988
-0.7038049147030397,0.1543595022631495
-0.700120753571654,0.09706255763985998
-0.7295190847486983,0.10227300038617645
-0.7312381633264291,0.11971928254108695
-0.7328857852565434,0.1160067837946824
-0.7312592876858988,0.05340381380903619
-0.6723922656083972,0.17904171766019056
-0.6757740477786682,0.19517396142323443
-0.7166224317318307,0.11069654898422679
-0.7170244275374836,0.06856857378136921
-0.7554481182659263,0.12478744664324572
-0.7158640998304919,0.07132669533913326
-0.7651836044451212,0.06752504344149306
-0.7120121534737444,0.08065074225428283
-0.7232618029682997,0.15417225682606614
-0.7508514038703714,0.08770389996651816
-0.6691935110311636,0.17573432893361682
-0.702753000008802,0.12440275466903934
-0.7058474941508289,0.15834638684481794
-0.7029065499734704,0.15083013909479812
-0.7757774100714322,0.09554522105619033
-0.7374594628013862,0.10649891612288717
-0.6893572350454825,0.1935267455160536
-0.6834025498625448,0.17338827275686367
-0.7235465956387813,0.10987879976555959
-0.68098880537965,0.18483228680025784
-0.7044146463432226,0.11168951570518133
-0.7039673351621341,0.08275271348076024
-0.7417611969305743,0.07782916973724702
-0.7270175824681808,0.06773148642380922
-0.6970180528650595,0.16164670145821344
-0.7318706611496975,0.11466395043263669
-0.6813227084393505,0.12717414048792672
-0.7545161793939248,0.09537989553766077
-0.7107807484018467,0.15486542018995336
-0.7129361510339415,0.10695272484293698
-0.683054788163926,0.146643290847389
-0.7440264874383061,0.10978933606065694
-0.7013375082474356,0.16708500157487866
-0.7137544321840575,0.17734418371226973
-0.6841639418300952,0.13633289971588308
-0.7254168999410046,0.16716703772201622
-0.7175928366014289,0.16331917841966465
-0.7077753018915504,0.0935391491641482
-0.7252351668785212,0.08634106646383274
-0.7088412139889374,0.1030172761902996
-0.749957298312463,0.0755936864336365
-0.7535170624303354,0.08004424314661246
-0.7230427406887524,0.0967147848622982
-0.7605504245931266,0.07359798527481727
-0.7117640620582317,0.16532683585503227
-0.7120267901045657,0.14098053654504694
-0.7303702673679022,0.09815934879010459
-0.677530521228843,0.1751995267758177
-0.6851205894192139,0.1861236605534483
-0.7470544864897208,0.06684101591110238
-0.7018263622117746,0.12010614678572072
-0.7530355640693243,0.09828138246402379
-0.6857072378341256,0.1347625869877902
-0.7515476898638656,0.15327984868306524
-0.7259899664902358,0.13788931409413227
-0.7578517118853012,0.12590445939821712
-0.6957201478631626,0.13498532806445102
-0.7296507412222281,0.10032161522076899
-0.7652934038926575,0.09704915481599732
-0.7662707076934769,0.08768435585554654
-0.7777319586395733,0.06728339798633504
-0.7705203838155004,0.10413408739721793
-0.7126460755835525,0.15390748379275518
-0.7317688926423314,0.07680549083270219
-0.7524596810997409,0.13876907960263307
-0.7632916807270981,0.08504572612967184
-0.6934810858333121,0.1352198210684085
-0.7441251772250028,0.14361182228023667
-0.7452881786716503,0.051572597301234493
-0.7522904035784954,0.07440298543498716
-0.7565214026326647,0.09975929814832339
-0.7034330924297505,0.16996695557819183
-0.7563873781815216,0.029593646558923027
-0.7429842578585893,0.10585510747197198
-0.7088111998039028,0.14146355681265427
-0.7370257405573102,0.16222822152025534
-0.7324460381544946,0.10161829745616151
-0.7508743683350356,0.05845781710542943
-0.7161132624240739,0.1419250639083023
-0.7110163869796843,0.1319699410541507
-0.6917526582541744,0.09532307306014466
-0.7586797843605501,0.08090147519028663
-0.6738998885610956,0.1755167835336189
-0.7250328887729102,0.13315128166265802
-0.7551419271707501,0.1064306312451749
-0.7613723814840931,0.04391145837506229
-0.7079831643438049,0.13907012720814205
-0.7226126492341117,0.13663714028676838
-0.736380936154874,0.1228883823005044
-0.6822216022084533,0.1853379614984619
-0.703068525840453,0.11607550318979692
-0.6919078679494506,0.1581599095987894
-0.6921687345879843,0.14675506026463583
-0.6928070218914228,0.18311747509856777
-0.6782563464501565,0.1372065317498981
-0.7541543551045278,0.12922414256435524
-0.7293940110630011,0.11174103914684676
-0.7586747435499381,0.09609633027077674
-0.7653166750928252,0.11209456163575154
-0.6964519361178765,0.17934609173751034
-0.6850838499173724,0.15726597784750757
-0.7188104882905606,0.12654640086693628
-0.6879544151128907,0.11314861054705795
-0.7846017793587869,0.04778844275694428
-0.7288069268994095,0.12229432842598949
-0.702312026871534,0.13732450507638685
-0.751777095226113,0.1283026389356214
-0.7602577049031685,0.0953116038165126
-0.6699777060976579,0.20189451935992672
-0.6841547399787674,0.17930867864577163
-0.6990453122269826,0.114665455814452
-0.7247929153988149,0.13558540565194802
-0.6580102098558418,0.18205761565650586
-0.6793603767877076,0.2032241824349795
-0.7501511097041469,0.10854526117411482
-0.7195839299618271,0.17705200708153704
-0.7207966751632122,0.1054615386937547
-0.758722359804515,0.0686390236049728
-0.7755734957720432,0.09135801907317213
-0.7282743465524064,0.11903356770109702
-0.7432971707106301,0.07109305548087863
-0.6750792098707216,0.14649692440540635
-0.7498795648092966,0.06542421568924703
-0.7097071590022866,0.16949416545583484
-0.7356421283770492,0.1033033059322859
-0.776185435321968,0.09369181434379906
-0.7296953437510705,0.11919581234289305
-0.7488051477808451,0.08716166861035872
-0.7525191466489614,0.12855813407651165
-0.7353972121675396,0.11444565673212546
-0.6977390661516103,0.1212143647284793
-0.7603464944401209,0.045595765417554626
-0.7329918411107493,0.1404762836009944
-0.7481352808390089,0.04666131196152948
-0.7628063057693182,0.11063576914064835
-0.7093742300599676,0.11089278858014134
-0.7820272192681583,0.06262492832598643
-0.6957410593106342,0.2012332963663579
-0.737294321652093,0.11860010060413229
-0.7176741736970501,0.07778031792144699
-0.7036620992730921,0.08905602247151756
-0.689989750159808,0.18710592776023818
-0.7756462540555471,0.05882888915066145
-0.6754251371616173,0.11433274690537365
-0.7201577478923206,0.05831753305105721
-0.6889210301510162,0.16867588281481924
-0.6918503382090954,0.16314906099746232
-0.7400549492581152,0.07005932319713837
-0.7349026770955025,0.12421585030814054
-0.7041154985500835,0.11192480812128826
-0.7555115073457965,0.09144499195021785
-0.7368101717845263,0.14291384522305392
-0.7475418620077705,0.12488526484234383
-0.6766906092289112,0.14829983674826794
-0.7021112191122881,0.14908828071251493
-0.7639693011792286,0.11752573743502408
-0.6768249832886019,0.11884751469348769
-0.6672962985010412,0.18099194506256067
-0.7421188626129563,0.12001658603401646
-0.7015920174607059,0.14209502702988036
-0.734979506532386,0.08676307182896556
-0.6948586010397967,0.16983843238082671
-0.7114851003243201,0.0859918120979293
-0.6998288250608021,0.1464684569184536
-0.7054577160220378,0.16828919949380897
-0.7383101688489333,0.1598718940796337
-0.7472474555500674,0.10708720111089293
-0.7093207648619559,0.09799072485521053
-0.7114723242252355,0.13372392806727856
-0.698737479338876,0.11396235169852965
-0.7312860381975546,0.08648651125149012
-0.711556508221515,0.17659571001738694
-0.7013089711537233,0.1517646788541219
-0.7186773874755821,0.1365474019162283
-0.7050143601957329,0.14014424338647352
-0.754006027451327,0.06989180219680348
-0.7344633563836094,0.10294215200997413
-0.7167593869091514,0.16671363247704865
-0.7783366681070601,0.10121393545459609
-0.7282286063874068,0.16165631876331948
-0.7446911534932553,0.060731953859559
-0.7060132421930666,0.10527973683226298
-0.7513897396073814,0.14510541029020513
-0.6652337743217697,0.13010299139179732
-0.7275401205445057,0.10477011931543086
-0.7109310319547981,0.16162050751730964
-0.73465207422476,0.1024570668767778
-0.7559779162068311,0.09363204373816784
-0.6892752121144233,0.13052341028810227
-0.7178518733853069,0.13099875426786056
-0.777569288862057,0.06521884892927658
-0.7209722201969327,0.14272277335523442
-0.730790643590432,0.15045200562549213
-0.6885692571868225,0.09695031520155858
-0.7326017759800647,0.14800860678869546
-0.7065282224847391,0.17418170570888472
-0.7688893004385576,0.047856885390980736
-0.6786273049116964,0.15241982855970077
-0.6977540396173111,0.08933294020935437
-0.6850108921952409,0.16160639108600983
-0.7431949909807678,0.12672591229297742
-0.7175771413688685,0.11427505676034268
-0.7174167389534007,0.15583267553777638
-0.69882896207343,0.14937640858669224
-0.701251587560069,0.19094306657574284
-0.7765033524258612,0.08427823075030764
-0.7415401100393832,0.15473993828458538
-0.6767521162896404,0.20055284133518456
-0.7525865706200633,0.03881063720114965
-0.7078521732054148,0.165101865248665
-0.7583766066604096,0.13635303316130995
-0.7545163450620291,0.10950770135779346
-0.7692502554335984,0.10430143041571782
-0.6916928823890472,0.14305981919419755
-0.7420064033382953,0.13011859648322943
-0.7722389206513798,0.0935144109727243
-0.7014458014823558,0.12017843516519094
-0.7243252245812479,0.13037433548864888
-0.6842537620016645,0.1871413817808643
-0.6603389745061666,0.1645264551718354
-0.7549010368799808,0.10141923874074485
-0.7566077539770266,0.04571957025680463
-0.74956349657698,0.09412976197350804
-0.7514511789756199,0.060111112742357635
-0.7079562833676575,0.10133066348713565
-0.7208082021898635,0.11586245779765433
-0.7163954057225944,0.10929136168702873
-0.7312441606930761,0.08847331666658387
-0.7253869210515779,0.07414889663343627
-0.7027008236497191,0.16916037437231127
-0.7667428527429949,0.08578027031281922
-0.7427056919045489,0.129753971321351
-0.719765107139085,0.13993876425011714
-0.7623877506975818,0.08115710844709315
-0.7583739404329795,0.05214145109696948
-0.6789295164062211,0.11724026910715983
-0.7418493178325781,0.13498398085960067
-0.7371519027626027,0.16704425928721342
-0.7017476327015492,0.13352886607100126
-0.6804308520299512,0.15389216880527345
-0.7068480651831802,0.12535146871863984
-0.7073091275230708,0.160240113515812
-0.6860494752658284,0.19599600668170708
-0.681343727756095,0.1390698223566301
-0.6781611101576985,0.14486327958165338
-0.7161381202900051,0.13943534006463187
-0.7267296892462944,0.08516056127400178
-0.6867174933765312,0.15854755428782852
-0.7762446386327995,0.0523314364094978
-0.718075298510963,0.159343962630532
-0.7174598100829189,0.12012713666155632
-0.7490680247065649,0.10592492726330184
-0.7174957223044401,0.13332144825783426
-0.7314195795203303,0.11082475330104571
-0.7632314036735143,0.08385539732994755
-0.7643561729152577,0.11251129393812619
-0.7476386331475777,0.1296139620452883
-0.6984365587670939,0.15615309901806937
-0.7215059604196624,0.09714695205138832
-0.7510725799540502,0.1075847938840888
-0.697235485927177,0.15161871350542405
-0.7211445024440621,0.07133949038229505
-0.7227692642746476,0.1291490053234341
-0.7322653178837266,0.09047595005658925
-0.7785462760064218,0.08829048844083859
-0.7555533215446585,0.10505846135168496
-0.7143754219200479,0.12298837760303707
-0.6620241350013042,0.15174794902400915
-0.7391587702913992,0.07864702184749947
-0.7391202317348181,0.106303145820384
-0.677319853534417,0.15801846089013122
-0.7512899330564109,0.07678315351017333
-0.7056530885697028,0.1742948291860076
-0.7218612010228517,0.07872780231127718
-0.7552278760903468,0.09932441251755857
-0.6974081551102395,0.18756079289378563
-0.6990833730273903,0.1629391431721688
-0.749178842378392,0.11377626992319119
-0.6987132009239518,0.18244267523289368
-0.7214908251644351,0.11297056481810024
-0.7112852292231424,0.0889707517029449
-0.7123745770646761,0.18099565590942604
-0.7655736735898736,0.1187248813842764
-0.7086221158974192,0.11322684540509217
-0.7390795313327442,0.15489507972245728
-0.7781808351339329,0.06485161388577199
-0.670888792795188,0.1845116910773264
-0.6961930092906871,0.13729720817085242
-0.6920325843573435,0.11244703090670748
-0.6918433577138685,0.17464480393176207
-0.7540126684850211,0.05641279765300577
-0.7096016480641885,0.17153830465874956
-0.7202685076434165,0.09610907789581234
-0.7249004394755365,0.10265270800130273
-0.7426478383287077,0.04776079456018557
-0.6943204173829004,0.1516324149857781
-0.7545582157477004,0.13849710386205707
-0.7353642939004366,0.15434322328070696
-0.7022318517363205,0.16369585993371538
-0.679142410822906,0.1592957264815384
-0.7615844280055474,0.05246690181986553
-0.7603500159665567,0.1036366847189703
-0.7454080340473017,0.11998472830389667
-0.7019927426729738,0.10597055326028905
-0.7409187659619157,0.1033771434175833
-0.7538765867967377,0.0708680254776874
-0.7098299936749949,0.1757965265605782
-0.6857900666214741,0.12802063360884222
-0.7435540676828479,0.10475826226409665
-0.7137870208328064,0.15352757006772336
-0.7158953763726335,0.09112197489582408
-0.7223934993137493,0.14473983127394943
-0.6624552686959563,0.1607520376315531
-0.7198584672987232,0.1049429845818065
-0.7293438969233002,0.05502523999917175
-0.6950323185623802,0.12881725534797453
-0.703212220872112,0.15935839727951254
-0.6637732280495757,0.16398572139439954
-0.7422036096443095,0.12538552932035754
-0.6881829529467055,0.16695350545602353
-0.7349465787512591,0.05452931722008186
-0.7246075000154798,0.12932351985248675
-0.6603952405805538,0.19913525245771493
-0.7277300238870869,0.1446286429546413
-0.7148868791992261,0.09765421865571093
-0.7256669983779909,0.12486029611248703
-0.6822099031596442,0.11408918334956648
-0.7180648926765546,0.09532341810112753
-0.7011381936072835,0.1769101100989819
-0.6944708056012822,0.08949918023344328
-0.7402967871631401,0.14210805011610528
-0.6805021874210806,0.183662839935515
-0.7104589373586541,0.11887285952977975
-0.7207409047340281,0.14070221640655606
-0.7457111295772767,0.11984120172154218
-0.6928164093925049,0.1927133299732075
-0.6672375961332142,0.19390461391893654
-0.7322428993919509,0.08722771258600394
-0.7597895407899741,0.051579257545421094
-0.7144834906372064,0.13178031542907348
-0.7489381817820108,0.09976122971814425
-0.7318126483794191,0.06942021951946653
-0.702885278018029,0.17278712794805878
-0.7290589238622038,0.06519446968305842
-0.7213328515795346,0.13532918738036984
-0.7368283971398937,0.09698723554223031
-0.7537413669077355,0.06608626083787711
-0.7267128089684044,0.0856638439131551
-0.7395586762297338,0.10755440132182278
-0.7582031721967641,0.12617464244616047
-0.74436140194811,0.10238008308001914
-0.7481590765781059,0.08560295710762157
-0.6673159332196276,0.18957575388804335
-0.7145054381274177,0.13202604759202527
-0.7194259935918683,0.12514899923218548
-0.7111966200630103,0.09676522118023657
-0.7293355643646705,0.06305973212322726
-0.7290511384291619,0.08784840474836073
-0.6967941502894835,0.17817142224001586
-0.7227090871825093,0.07109010018829295
-0.7440210268822277,0.13140303436930326
-0.7275619656644023,0.169907825124686
-0.7608216150367149,0.10659802240524599
-0.750546200300823,0.03650057748260293
-0.7466706984376412,0.11036368289022094
-0.7060476754606871,0.13772538051368596
-0.7629852819093422,0.05821359620298553
-0.6985732226055971,0.1543322034807533
-0.7209838954207584,0.16749014202784765
-0.730616324469363,0.08429846847456282
-0.7214646367625743,0.11492782900654554
-0.7013141923863796,0.13645913545097502
-0.7199978385069756,0.11115223877659523
-0.7350350329374309,0.11814928441601957
-0.6782900744751034,0.11227187253918186
-0.7638784913090556,0.07557310792130313
-0.738161556970886,0.10850751972594526
-0.7029600478099607,0.1674855027406105
-0.6962007658550798,0.16756184541067395
-0.7041381374835814,0.16778244401806333
-0.7147369016217887,0.1538650142699993
-0.7528302037294032,0.12444596240543869
-0.7630187618743773,0.09935643174581034
-0.6993586856193669,0.13127391460215648
-0.6755740748123699,0.12659720755385317
-0.7183410562122057,0.09491724931873098
-0.7592639390543344,0.11978328488573887
-0.709895011428816,0.140195873366926
-0.7509133422297458,0.048738484688761394
-0.7055664855585806,0.12495100183602868
-0.7320809062101881,0.15284837194730458
-0.7350214834658839,0.11222381772162841
-0.7345781186998656,0.06996946208734584
-0.761076083307557,0.04217481931534166
-0.7146432678519273,0.1131477147569432
-0.741368054863346,0.06432135677652911
-0.7139717674247171,0.14876820530524415
-0.7447046699979009,0.10254061647842647
-0.69625777201075,0.12235987186838285
-0.6825652297230326,0.16595200980356004
-0.7035210317822067,0.1712242460172612
-0.7272252710575491,0.13781636081889193
-0.7007896863675682,0.17009386342885421
-0.7020640939507345,0.08971348202974616
-0.6936134678546702,0.08752263586569373
-0.7405368394130518,0.11337133600139022
-0.7106015004899174,0.09794506793048574
-0.7208747324885815,0.1300799302935637
-0.7117694696965785,0.12751005581164634
-0.7622118768419345,0.04483080139981605
-0.7638296666566767,0.039022927759817354
-0.772214164532385,0.07279658481727137
-0.7100516474025973,0.09041235586530817
-0.7373075738841129,0.09671500078102245
-0.7536489775342129,0.07258011211885355
-0.663657929176794,0.17704530857011322
-0.7402274708147941,0.10047040685507062
-0.7428956366817029,0.09206356609553047
-0.7290463211914177,0.0637348615730954
-0.7536331305144733,0.11143091467242333
-0.7716837227790111,0.10515993217191791
-0.7247528613358456,0.10996660037938394
-0.6902858353794324,0.14752773407947148
-0.7012532475506821,0.1708979877064111
-0.6822685249374958,0.12252276252444663
-0.7394842294030166,0.14372093640338077
-0.6923202676904018,0.1569102124831509
-0.7246901978664201,0.12461583917801848
-0.6882735278700189,0.16541818332297406
-0.7097295021675358,0.08178932625654661
-0.729215326162114,0.11886777480800248
-0.7377795288551788,0.11643308869489788
-0.7408854667467414,0.0968118523602032
-0.7138678508201763,0.09026400513585868
-0.7163637524465362,0.10761376073201116
-0.7711454683514497,0.10709245404019414
-0.7389282670111605,0.08722254061240517
-0.7323337904667433,0.15856801103862725
-0.6721683896781063,0.17614156465255956
-0.7122487042226847,0.0679380436798539
-0.7496583301675512,0.04646314752248779
-0.7206206308044415,0.16015138730574896
-0.7110651227645061,0.17559311991844226
-0.7354193740362012,0.1390612831815009
-0.6838890791355621,0.1273151987313929
-0.7123245564068996,0.11068644544720609
-0.7716762845832313,0.0946829418140698
-0.7197585114502337,0.09232321449434783
-0.7287438253193522,0.06795242537471492
-0.7087122104091803,0.16182981827794737
-0.7318744959878226,0.11656378157633702
-0.7247174796727437,0.09109146016965501
-0.7361940366538318,0.07318589055119357
-0.700170510394023,0.140464347117788
-0.7503065447004135,0.1191243389447961
-0.6945205390772308,0.1479854731251504
-0.7419050987648471,0.12238324719395943
-0.6927775211484702,0.09725567732105396
-0.6682624909318625,0.1683322458850468
-0.7291393099866581,0.06820137348715738
-0.6675390328342025,0.20056913820869388
-0.701591221669308,0.12613573189270766
-0.7079333338269116,0.11195798479738817
-0.6681549140021638,0.13464848960747017
-0.674747591358236,0.1898440618109059
-0.735913769960314,0.07508072245353009
-0.7125207929614152,0.13282332087968543
-0.6592631812313087,0.1595796317319247
-0.6973304775558765,0.16227354034235117
-0.7108299560904063,0.1005238522054948
-0.7122802866503902,0.13416898166132019
-0.7785495691945127,0.07560215661987572
-0.7249250452129588,0.16556816235489977
-0.7050816972849063,0.16560519764115236
-0.7337984135888935,0.1562969913454727
-0.7032863791807212,0.18035197242484818
-0.7530292234768222,0.09596699661026412
-0.7543746463894621,0.04575877994721734
-0.7282111661322452,0.10688770078257849
-0.7458740658681158,0.04995688495500633
-0.7285870494080571,0.17133826179461403
-0.755985518326179,0.059895437236961516
-0.721104917117499,0.17623321583803223
-0.6797848419096099,0.13781244794633185
-0.7397603466302213,0.14022182062517924
-0.6994861238246922,0.12913554670127952
-0.7046055926803768,0.16102899868595438
-0.7203942343013346,0.09893266704480458
-0.6952498603493199,0.11506983629757381
-0.6760577974353175,0.14314586620084913
-0.7146536406939118,0.11606702777746854
-0.6890403326225685,0.15816431810702114
-0.7444845226521218,0.10763385553050198
-0.7101008051036463,0.1362160951019223
-0.678124550557328,0.12099556905275796
-0.7040664389385866,0.12436380549419479
-0.7387170413971769,0.10764169146870135
-0.731806047898573,0.1592456017189599
-0.760442698842365,0.10245138079344533
-0.7145641788342469,0.09134663851362199
-0.7709105919517069,0.0766478604363838
-0.763501605370811,0.09243727074882742
-0.7680765155011525,0.10587120661609278
-0.7541640161479405,0.066100429545722
-0.723786157616258,0.09070064042227374
-0.711331057188105,0.1823390951308483
-0.695173462711164,0.131218330354739
-0.7760912154486248,0.07893972266563336
-0.7395046932362486,0.159384788057896
-0.7719667226879916,0.11453059469071201
-0.6967297322187304,0.17798027407461997
-0.6730821459435221,0.14663705499124566
-0.6821343132455442,0.14378090207555272
-0.7157959088208833,0.06896498811996411
-0.7213260845719687,0.12616413384404965
-0.6704952440706451,0.18663154762908526
-0.7033626035423362,0.13067341013354486
-0.697730934090588,0.1300556059030676
-0.7190632703900898,0.16137885269626032
-0.7367522182063947,0.11897764562103086
-0.759043572477465,0.0883832205090336
-0.7085060015306016,0.12282059683886636
-0.6787600052656014,0.13095684207009156
-0.6994282618460486,0.15294858773124093
-0.6598993958386052,0.18261512783812714
-0.7492060572421363,0.03751507724418565
-0.7224263497201048,0.12309490191565443
-0.7199763315967447,0.1314077146581282
-0.7506316213694842,0.10164388240997468
-0.697643526964518,0.12560543861621445
-0.7218829283964766,0.15170254402078825
-0.7071620313541052,0.08771472657953418
-0.724656679128075,0.1353227591324102
-0.734788270427928,0.1393499189866754
-0.7751178753485548,0.06266283774739878
-0.7111049221258854,0.15440932628795573
-0.7059546838621173,0.11208314165366366
-0.7632619161093246,0.11481015824154121
-0.7098722098592855,0.12270683866474921
-0.743203834967858,0.07332341303310837
-0.734135129206549,0.0994248930375282
-0.7097345525561275,0.15825659960806476
-0.6849524656560624,0.18865863005289074
-0.7630047849138059,0.12384751584619626
-0.7171658569396933,0.16677760441800835
-0.6974159680702041,0.16556859160303028
-0.6969885476664531,0.16870356664097103
-0.6893344070846427,0.11093266263587782
-0.7514848612760177,0.08677482497358625
-0.6731142324318166,0.1406821803209555
-0.7561138689928569,0.0495252128341346
-0.7233746442370926,0.11845148182386492
-0.769937860922895,0.08885751553393431
-0.7475971695356503,0.059973541085996826
-0.73073206171276,0.13345488640585487
-0.6823960356612215,0.1530866809744714
-0.7288293010039116,0.07892902489580642
-0.6838751557210387,0.12592906848938207
-0.6879462983972608,0.10943650955656227
-0.7492586819282296,0.09024591321132674
-0.6602094493882605,0.14211950702392245
-0.7364433068841877,0.1334826108093809
-0.685687751281624,0.14816841543966838
-0.7310294857251491,0.06056321393117199
-0.7019062564478468,0.1438514927772302
-0.7247148710049001,0.08697863709078789
-0.7050024966520608,0.09639014429498344
-0.7310253106804131,0.10935591613280993
-0.7444765118118072,0.12350002806988185
-0.7333597599985979,0.06727333941026306
-0.7715784965469984,0.07291927926110493
-0.7444565006917885,0.12031670092609953
-0.6993118260990197,0.11400605886848265
-0.7005661087674907,0.12909325281196082
-0.715125302322097,0.1636179777232556
-0.7186309464872854,0.16082602291750622
-0.6682602334564842,0.18399810215973658
-0.6989750277937353,0.1724926822347745
-0.6650203563173884,0.16036147089804817
-0.7386876944836969,0.11648276715005948
-0.6986293607136783,0.11954993366625079
-0.6725467225904367,0.14647165364600268
-0.717988061186573,0.09912724872731805
-0.6829554996343028,0.15384601094941608
-0.6848638496086856,0.15600360936284063
-0.768658317817107,0.07915862066341604
-0.6985656371532449,0.16666181195815366
-0.7141990832863732,0.1744785307280535
-0.7267236592717334,0.11494048073867888
-0.739605671585517,0.12329913826348515
-0.7537897143819652,0.11462246110557811
-0.737684971040878,0.08920983533149338
-0.7086551541392972,0.13427655235123265
-0.7010305665513256,0.10015522683424394
-0.6688469577626683,0.19818567722392832
-0.7456883638316901,0.12336402593931124
-0.721209351382073,0.1803833469047181
-0.7202714273019243,0.13239586154617874
-0.696360598823607,0.18537249888354718
-0.6951587700979764,0.13674750343286796
-0.7014734220727643,0.12660028439903612
-0.7723221164051449,0.10034351176792573
-0.7358698684474068,0.07084835084704941
-0.7171816419130406,0.14444876780949129
-0.6821634774835844,0.19117883923268658
-0.6875721118349089,0.14540588043276398
-0.6992123760438207,0.10709779967063628
-0.6693315016466898,0.14617414060208064
-0.7492740924425841,0.10302080469004374
-0.7408329059803339,0.12940137898160387
-0.7014747642506403,0.13855419947002048
-0.7295579455314323,0.1400309903888487
-0.7375198894165245,0.1439800676842123
-0.7247852288785185,0.13455348581740234
-0.6983084540670866,0.09048221255846141
-0.6893014388123294,0.1345710712048837
-0.7103163133179932,0.1397659814086379
-0.7027540639466314,0.10464380530222495
-0.77190571366055,0.08731262922184975
-0.7093238208695667,0.15104006465560527
-0.6989146981283209,0.16196471432053694
-0.7351448608036738,0.13980292548528248
-0.7096950642121546,0.14038058894575764
-0.7175417279142721,0.1608248568005559
-0.6840177581586299,0.13835795425610467
-0.7267010283229851,0.078190850001907
-0.6921348086089858,0.17548692473765812
-0.7377963604211888,0.056766440649637616
-0.7497759891965274,0.09324728638137128
-0.7029823348403308,0.17142225467965483
-0.7516673041968951,0.10001620370320173
-0.6775299439438728,0.1218165165655109
-0.7346857570111988,0.05599552759314857
-0.7582811716196803,0.10580007840391678
-0.6735415720327034,0.16018612831716647
-0.6956416965181538,0.16708445247379766
-0.6820429054654938,0.18490072679301542
-0.7274193397972323,0.10753810860960511
-0.7028957464176482,0.17768280798776226
-0.6919353683589745,0.1931622328010986
-0.6876232004752253,0.18944904987940012
-0.7369978297535722,0.13004348437150667
-0.7537291216974088,0.058485458060471104
-0.7315756152693473,0.1468111087360029
-0.6825697158032411,0.17307881758480656
-0.7255719778635363,0.17669541009243092
-0.7006324736677263,0.08222825954515366
-0.7386299095668045,0.12353911591019714
-0.7259456886428202,0.10996967509793072
-0.6904643538129361,0.16494620912209038
-0.7657905467713525,0.12525221285234237
-0.7419021755341318,0.08759111734401472
-0.7318509902144704,0.11621825494669054
-0.744192596490693,0.10986435226484707
-0.764506834815925,0.08471214917134642
-0.7395190773031004,0.12917358182122254
-0.716376283747937,0.0668334190469919
-0.731301808785836,0.13451667371802078
-0.7610680300405216,0.07471041458632859
-0.7347462312054175,0.0911815603484737
-0.7562836189768428,0.09201204303773534
-0.7691926619755425,0.05800768453526896
-0.7776713302261978,0.0717113896523175
-0.7040669590728893,0.13020451608076758
-0.6703874035761185,0.1348253937181558
-0.7566123142189298,0.1415219300134452
-0.7179788974796566,0.13205301992843135
-0.6604764783977708,0.14466598009547804
-0.6733678077053679,0.1239314443587936
-0.7700627805829938,0.0828964017419554
-0.7384672440918695,0.11237961769747928
-0.6780730884744639,0.1556129590594984
-0.6950914239223255,0.16642992296550513
-0.6930859631693117,0.1308027886590645
-0.7079585037398364,0.1697236128815293
-0.7027068714714054,0.15339426175108137
-0.7168922395748992,0.08209890996140509
-0.6962132740311424,0.17318649174043313
-0.7383746069100584,0.11261438033763702
-0.7126674999369967,0.09973139745564946
-0.6804342578591968,0.11102116491488162
-0.6975096798613794,0.15216431040750658
-0.6734627736962391,0.13143667963786482
-0.6921835279460453,0.18953130577125707
-0.719616193525567,0.12482413809837728
-0.7207023122902936,0.15796082554099222
-0.737779471512194,0.14990307458347646
-0.7071542168897212,0.15724455759343234
-0.7417236758811104,0.1030653876502828
-0.7635777526413842,0.1129020992333798
-0.7375980817877461,0.10838673864549513
-0.7374549377545283,0.10055102021351656
-0.7121468034779921,0.09149357946772001
-0.6741089121197946,0.18976124072303477
-0.7556601092968844,0.12685246945403597
-0.7120333715123226,0.09321861568062718
-0.672466464138035,0.154338389495256
-0.6918419929744438,0.18043933931796027
-0.7216633574020737,0.13480059808518213
-0.7357311238316254,0.09868634329407265
-0.7445209282261187,0.09173189652877188
-0.7121005401289001,0.11884210926822608
-0.7053867803267997,0.16147873063515722
-0.6972348834456173,0.1966887046110727
-0.7590163965859663,0.10446823244481106
-0.7115827756955072,0.09135120916738948
-0.7160411244276557,0.13840605225901983
-0.7109414775994284,0.1112497315446112
-0.6873286103286613,0.10650335007779052
-0.7806000597430002,0.0565256457996079
-0.7400738059745797,0.13532234685703373
-0.7513797783350941,0.07439544099751332
-0.729995074884647,0.09595538393456049
-0.7179709160950164,0.1445761828596406
-0.7223488815292807,0.10127368029866082
-0.6701816058382098,0.15318345111885687
-0.6808925846671965,0.11391694576001601
-0.692431223597795,0.16882280690874826
-0.7646884847040399,0.08558595773752538
-0.7272458901736341,0.07273398421697214
-0.709808886360716,0.16954412791442297
-0.7276910812734111,0.1583345165412259
-0.7273609797016222,0.08633229883351698
-0.6776301737593412,0.13655137565698441
-0.7015665535486135,0.11201128093312038
-0.6883010751874644,0.12045683894239517
-0.7234565621849499,0.10306735648248687
-0.7746584532071148,0.07530587005889515
-0.7208008745537364,0.08056045659587167
-0.7562139907199316,0.03871713794527095
-0.7126624242145988,0.13614343283429814
-0.7218930099022941,0.07837503447174121
-0.6922594211997266,0.16116712024551078
-0.7459188781680757,0.09278797522719162
-0.6674583971536471,0.15285264304987153
-0.7522055389902171,0.09493223199520323
-0.764942284981362,0.12685435045632168
-0.7354356500492116,0.05001199316175727
-0.7295078560646581,0.14889292315299543
-0.6635081070436452,0.17743186205248684
-0.7348881920156274,0.06043526180990681
-0.7109055042787928,0.08352193708924519
-0.6970064808711827,0.1595288349317997
-0.70976855479527,0.11702835934034374
-0.7211349741758345,0.11528021848722943
-0.7453037822499429,0.12764132608623982
-0.724419722419346,0.13931730870278755
-0.7021270865706079,0.16993405373324302
-0.7657268600146174,0.10372816937724978
-0.6946454224815481,0.13627059447576384
-0.7126511544308461,0.11411858922785562
-0.754159553165428,0.12719782441161961
-0.7579892316945702,0.0567628187197162
-0.7361968443684339,0.1393049036762344
-0.68792571087196,0.18729381401156353
-0.6794809523018802,0.18103955750599093
-0.6919067110702612,0.11444221520254243
-0.735453624348871,0.1078386706187973
-0.7255753639939643,0.1481676560176355
-0.7334870237885842,0.11919629266393093
-0.7450573767849925,0.1405630686269255
-0.7093949260961944,0.08897811643092227
-0.6890830545901985,0.10799427898279734
-0.7476319301092142,0.1187000497027498
-0.7326783509101019,0.11966879180366811
-0.7167412438472034,0.09529050743400395
-0.7231035964562115,0.11618152615737624
-0.7743220832249363,0.07412702991880538
-0.7029428031228967,0.12622838081242527
-0.7014414026207014,0.14651240331527707
-0.6916925485516037,0.1134061958890241
-0.7522787069689806,0.14578259022667833
-0.7039141714187699,0.15381187802352572
-0.7175188715705614,0.12457788842009333
-0.736217131291424,0.09119977773364765
-0.7057360419511227,0.1683702436820206
-0.7050138080604071,0.11292126368316024
-0.7012385301943985,0.11733341916446105
-0.733245522338308,0.08527651141282495
-0.7152770201145081,0.1315583008269167
-0.7251692590941787,0.158976038387098
-0.7413285753891826,0.09479555224845904
-0.7455233944167393,0.08078905654284554
-0.6926597231558596,0.17866635301020037
-0.7146448048189984,0.13217201800765008
-0.7487809799723271,0.062426407048236356
-0.7034116028059711,0.12098414346944611
-0.7237960852144555,0.1196459262854297
-0.7445035886842031,0.04694010907072973
-0.7553599436603452,0.09811382859166806
-0.6831376691897352,0.13714196711806353
-0.7666099911247943,0.0964708202050929
-0.7266431328750654,0.10626545522833007
-0.7325922193184031,0.12682599397867478
-0.7209017718203198,0.16013650605820942
-0.7420799303089163,0.07366261399476592
-0.7770985315352675,0.05021594697884476
-0.6893676063634265,0.09767838518618116
-0.7290708835347404,0.09116723086430369
-0.7077298246556184,0.13865579610352266
-0.7288920157199118,0.06657203809388781
-0.7193445433991598,0.08455437990705778
-0.6953806560032636,0.09536945950658622
-0.7678825680929925,0.09730146179346093
-0.7487651843008687,0.1377156155275687
-0.740576969168114,0.15000580328566948
-0.6998977683149588,0.16920686424507178
-0.7327499596039688,0.070374407972111
-0.7252295049454008,0.14275802668533477
-0.6864392457034808,0.10130096808353538
-0.7561460283707724,0.09841863111579806
-0.6923442213864534,0.1583973086955895
-0.6977794102743893,0.14383512768151224
-0.7093551880930471,0.16855690530059886
-0.732510285023875,0.10501743841667037
-0.7263590074421512,0.11547780591594549
-0.6661937759010684,0.16298069835092388
-0.7103751838295693,0.15753721213809269
-0.692662309772295,0.12102935529451156
-0.7432690579839857,0.11192195884986378
-0.7125686214768354,0.11081651914216611
-0.679474904724743,0.1821390520742863
-0.7438345868761418,0.1360769157873376
-0.6930092552433936,0.18612122676294915
-0.767545776825243,0.06228625825197438
-0.6990936019146803,0.13915373740490106
-0.7152965561905459,0.1786684373771797
-0.7724124207645287,0.05561150895866206
-0.7014055863542057,0.15305401655090356
-0.6943906683674632,0.10845625106056275
-0.7256551328842333,0.14784511593008795
-0.737392710137989,0.12152235778808941
-0.744288355689982,0.09537501833180174
-0.7196317045012288,0.15458375056290327
-0.696681550132185,0.14439291198337417
-0.723832763858169,0.09393230618607351
-0.6908102266267984,0.09694262741841252
-0.7181923734967608,0.06913600747316771
-0.6991619551031163,0.1380110682996405
-0.7469595205920669,0.11298572833795795
-0.7294999210812112,0.13032899013066818
-0.7615134707040965,0.053932322694744836
-0.7250219659269411,0.10928076726521908
-0.7587331775830652,0.054755743187829074
-0.7294478191016573,0.07206867016660211
-0.6778116539937185,0.13721196519535844
-0.7301876040083208,0.12585721140863182
-0.6869534794717006,0.13103556130857152
-0.771749693959684,0.07532860653587149
-0.7031086568638499,0.08353699970926967
-0.7308215674945194,0.13249759957354423
-0.6983371895713646,0.12276111958847612
-0.710201748771064,0.13135082834746079
-0.7597501151061361,0.08716113161740183
-0.7496934552453621,0.07351933950321503
-0.7071969874804147,0.1246448206657274
-0.6970015597736134,0.10355298071238285
-0.719375012394812,0.06869682055773925
-0.7482685281977357,0.12023274555013545
-0.7105808384062772,0.18491094765975855
-0.7460244527386561,0.048345954550209035
-0.6745315469696042,0.14365029968086498
-0.7169351928219163,0.10401966198724527
-0.7656052614155379,0.05649644438545329
-0.7404478604156103,0.10821380551516727
-0.7202494169824556,0.09225502121908691
-0.6987226105880012,0.13455275209786996
-0.716246684357845,0.08824162597440138
-0.703130032639922,0.126133070871341
-0.7519975080505436,0.09703869218104057
-0.6941021925179705,0.12862059271936374
-0.6898963187832411,0.17493124823328515
-0.6794247958791484,0.16332028372930205
-0.671862450572001,0.1266101865081608
-0.6893790076533169,0.13844119858924486
-0.7148718050929479,0.1355007949234564
-0.6887763895643928,0.1608562961824538
-0.7206953412956965,0.12628805763942155
-0.7682666419199622,0.06701090033730935
-0.7421900264535756,0.1503940358140124
-0.7003057290438337,0.15305691811803349
-0.7336975275212588,0.06574323863277666
-0.7237657094425243,0.09308951827815114
-0.7340897041208853,0.12530943743739428
-0.6970393408350986,0.13356030802170615
-0.718787992213979,0.11599285708043314
-0.7169600335051033,0.1195753633450975
-0.7174160710882915,0.12791065143686597
-0.689180551216233,0.1360508965236715
-0.7232499480763495,0.09496872319407763
-0.7659371011386105,0.057334620617077794
-0.7076616712605434,0.11372591080792151
-0.7050339151805011,0.08342741381808756
-0.7584082504164097,0.103650036227075
-0.7229938164602878,0.08098650527742263
-0.7032072459563646,0.135401023097387
-0.7275427745967669,0.12811012029267907
-0.7384980402502549,0.12614838116396496
-0.6923296569423052,0.10599812576757614
-0.715788536147325,0.10427416349899808
-0.6941493832631376,0.18501239540292005
-0.7340448551732983,0.09958228060963634
-0.6918180114941871,0.13765693827631556
-0.6947092696527558,0.12402149952918173
-0.6816624811241422,0.1644860382558896
-0.6786120788978893,0.14414465344615499
-0.7180658856019586,0.1487989910869089
-0.7337230060479611,0.07386472101242887
-0.740581233269051,0.08409144264260819
-0.7158466799816445,0.10220484123175733
-0.698799982015392,0.11067830525908463
-0.7282087376536539,0.15582552378452932
-0.7068377528475297,0.1428443342126523
-0.7166300236724177,0.07277920270565963
-0.7120221682280525,0.12729350457890865
-0.6783539181383321,0.16870868417926319
-0.7382120320665522,0.07630373351645352
-0.6620123848662655,0.1517426691757831
-0.6815861426574531,0.16150685659487554
-0.6633418976887308,0.17178146681033685
-0.7537448993811965,0.09590573259931293
-0.67678182873685,0.18499780073850056
-0.6875972781835339,0.18818996047892864
-0.7011075928165966,0.13709155188724859
-0.7236855666728198,0.16609827274335284
-0.6801159568136892,0.11536666857287854
-0.7024613964783696,0.15201062539237928
-0.6944029439711238,0.14405569048824704
-0.7358032775379825,0.09764457060286824
-0.7482850765761447,0.08628033268888335
-0.7148527991968395,0.14055936796357932
-0.7417556380092779,0.0630921822845282
-0.7009269299943933,0.12835566594424763
-0.7225028710587029,0.16597161243593325
-0.6972091912953722,0.19224595659254742
-0.7460202347011328,0.1425502794660337
-0.7297528321418119,0.0687177151537668
-0.6825620116842684,0.1231199764544579
-0.7381199340203978,0.08402932244691672
-0.7288475823887558,0.15013099716131434
-0.7695790028811845,0.07456819639957882
-0.7069650783315518,0.10530414662424455
-0.7384895423996811,0.10737561599678476
-0.6870827239229365,0.14500570296013185
-0.7128493046813532,0.14900787938570992
-0.7641432060279302,0.0836479364452239
-0.7215389813230864,0.15215882927538646
-0.7413602822489533,0.1387239817343849
-0.69840506774659,0.19073005929685102
-0.7292079209495489,0.13929981866879093
-0.7710640200640294,0.056371528135731576
-0.7112975449589891,0.1282840341477487
-0.7354264218823626,0.08898717383619206
-0.726205852832389,0.09355098591569543
-0.6862916411346378,0.1661264841264514
-0.6931253550489421,0.12479011228862329
-0.7364965276537394,0.12650027909669162
-0.6924531047415956,0.15988031988808746
-0.6937120388375224,0.148342070297644
-0.7235279467390269,0.17782394830671763
-0.7141342898603673,0.12869780076659898
-0.7467563532399294,0.13950778576085893
-0.7117622980745736,0.08652811302841268
-0.7187818542164008,0.09800638245602675
-0.6704852452611507,0.1348808237966989
-0.7542881831109262,0.03658432198668632
-0.6965781389163409,0.16508296070966402
-0.6999929711968091,0.1655380701953452
-0.6761579705949903,0.18377543955413256
-0.7002434715072533,0.13448975053426
-0.748901256683154,0.11138309931851588
-0.741089382507549,0.07012817574810276
-0.7287632722857101,0.16908639799904226
-0.7393232657299084,0.1191003814954286
-0.6676027038347272,0.15900170788255294
-0.6937674100095169,0.11758609813463887
-0.7585822902787888,0.11990026146707895
-0.713098433365666,0.09185937337188725
-0.7462412010817117,0.093226229080577
-0.7019063316824845,0.163431786628184
-0.7108823544793722,0.08497362328864273
-0.7070367453456177,0.10751965564372157
-0.7250386390886172,0.11928483794679055
-0.7211763068120344,0.1551993418681829
-0.7774374625890157,0.07653908111720333
-0.7382627731572937,0.09252428003264639
-0.7718563546176931,0.08039800242203396
-0.7555870640764731,0.0386543602942143
-0.7092872337179956,0.14363409279155911
-0.7052911106921107,0.10097093229578778
-0.6754839619443243,0.17943785514168833
-0.7714632587483912,0.09019955805846948
-0.7582442433860065,0.12032064228790289
-0.7069421317394463,0.13276079634126714
-0.7443945011893902,0.10117515815250806
-0.7074051784584777,0.0875029866100036
-0.7479957391647557,0.06567854706885093
-0.693412535790815,0.12093950423588139
-0.7406408083734037,0.06527597157137667
-0.7434055173199642,0.13729726521067812
-0.7577083320162205,0.07853564936499165
-0.6814202090660654,0.12416152694528904
-0.696533564400449,0.14146737077029106
-0.7480748652460173,0.08193827703224726
-0.7029906051713095,0.13077799682297947
-0.7146761761476326,0.0961916580786169
-0.7230272149676407,0.15125173106388834
-0.6996178947794371,0.13723553804254582
-0.7200782171474311,0.1065355475870913
-0.6932192130942144,0.10632083829373194
-0.6984959366235127,0.18865109150477913
-0.7260360039882462,0.14557528166860143
-0.6588065265746822,0.15126470690319482
-0.7231801360443404,0.15369272454156668
-0.7538105772314102,0.13654556631259995
-0.726235429364553,0.07343762977259664
-0.7100239236616562,0.1057606068165583
-0.7025589001011064,0.0909390330553172
-0.6814259564037767,0.16959340094437686
-0.6809685637236776,0.18514532725271907
-0.7407727502610512,0.05877807743653385
-0.7219815186777314,0.09669564047702285
-0.680075195439191,0.12741406247027257
-0.6979917875123367,0.1461896634461788
-0.708685337653064,0.16944146726179904
-0.7297708435139211,0.07060662705881547
-0.6815252085923252,0.10819736506116184
-0.6789895488842633,0.14399399876971028
-0.7359974589418303,0.11583173979445623
-0.6916081141984797,0.1129478075241164
-0.7380634380389455,0.12163144312916342
-0.7406585154255212,0.0835356768840399
-0.6703586303019449,0.202102314771113
-0.7444539942942473,0.12046089129507126
-0.6826493266883639,0.11745294367928313
-0.6929316149199571,0.18735443081736264
-0.6838127953051347,0.10917797447604795
-0.7170099777243769,0.16785827794785904
-0.7267107102184915,0.09801284808833305
-0.7036248093885826,0.13192351892949566
-0.7398326650385251,0.08262301610928978
-0.6675109271108965,0.1711853029658431
-0.6766706000109082,0.13021894709757606
-0.7577454381506394,0.05996491142281816
-0.6987684354563792,0.15126651581415385
-0.7467091588112695,0.06937206439109529
-0.7670687036163066,0.048281444191841806
-0.6837607042129318,0.1586161560168986
-0.6781039465329795,0.1699498136230464
-0.6854123534713217,0.1077986720215513
-0.7028149310989001,0.1131982361300916
-0.7178652448643292,0.0703646567630384
-0.7215643827307908,0.1299844933041421
-0.7007439808717406,0.13330256778491248
-0.7626660349655494,0.0642523182197711
-0.7003217674292147,0.1065120168533742
-0.70291028418248,0.14188975042651025
-0.6959579521936942,0.09983601219135553
-0.7366021676403374,0.14316733495597556
-0.6755336843817743,0.17466514640009154
-0.7226728740552978,0.11116413603560156
-0.7060015915400726,0.11415614227924493
-0.7394094199333592,0.14278121315723005
-0.7294407380980669,0.15155765660800866
-0.705899326398457,0.10219198130174752
-0.7534618202065018,0.10278941951524566
-0.7592384446957912,0.08212377327453746
-0.7184398098014134,0.17540197057567597
-0.6895368080156383,0.13188577107444993
-0.7008405298964464,0.1046465895360106
-0.7299130415123909,0.15572518233870625
-0.7291626297452289,0.05797127059232036
-0.6941935202759,0.15561605188309716
-0.7253450956371832,0.08488828009897613
-0.7482409479830433,0.08065854359121004
-0.7305722236837078,0.13755445859367418
-0.7338479682885499,0.14563686931536796
-0.7693996362072184,0.1000390579618334
-0.7020083744061364,0.11425700396986517
-0.7524390169958066,0.12374299919092867
-0.7454407134931141,0.14911643300521005
-0.6981861551047792,0.12155944268930693
-0.6752718352827027,0.1639221769336401
-0.738518205723957,0.14680088569767152
-0.7011582811494457,0.12512816040447533
-0.7251090283389972,0.12484082034505475
-0.7247450528858577,0.14044181992222018
-0.7452791680190621,0.08469609011887742
-0.7489568669425308,0.12352629595612037
-0.6937058102878104,0.12514314092749423
-0.6578168866354281,0.16627129064420876
-0.6742554966879787,0.12704249476313817
-0.7555426583235553,0.12488647545222745
-0.7444296173479432,0.0668117954602627
-0.7316169730877925,0.12614003464282464
-0.7521333271777166,0.10539691641168422
-0.7295789124830065,0.14814123481449218
-0.7335272998649631,0.09989850044757777
-0.7197521868139719,0.17745398836955703
-0.7684257582064201,0.09165597466651892
-0.731215684319852,0.11284832953770996
-0.6964584104344805,0.13203964994265752
-0.7305462188521442,0.07219431314068092
-0.713427027095396,0.08696658741230003
-0.6902977275856249,0.12674419248514635
-0.6902796387242733,0.10702929344268215
-0.7054920649641564,0.16972476537903114
-0.6974907886867414,0.1591123199344886
-0.7419116282884526,0.14149841378883055
-0.752736509099503,0.1170720555154655
-0.7504510207835988,0.07169962507359366
-0.6923019968409897,0.11897669136525955
-0.7295355001854107,0.09221207938128503
-0.7385827748193238,0.06453742625214667
-0.7325157438129783,0.11143493852413178
-0.7750724566898851,0.05263309566411766
-0.7159866124924614,0.1833430717093756
-0.711371720464399,0.16126281509803647
-0.7209768452036803,0.16435908446240696
-0.7462558810143964,0.11913474240484084
-0.7248124268652969,0.11398806502071444
-0.7099434603980516,0.08967827693228393
-0.7150107621117681,0.13809889242794035
-0.7075527280090084,0.07914379712300303
-0.7568157597297197,0.0933996561253987
-0.7393961066698744,0.06867923520345506
-0.7280931431537785,0.05549765307630917
-0.7170179539045799,0.12190437569196959
-0.7601905599176324,0.12047318675826629
-0.7248717415487337,0.10247467383752479
-0.7421376649702657,0.08085892407131985
-0.6953100383538624,0.16507770823252338
-0.6745519680016674,0.18208438063931812
-0.7103161845054926,0.11356192950025225
-0.7114989988537233,0.11583976851805604
-0.720615232469836,0.1313448975049792
-0.7160165357107428,0.16572245547445505
-0.7186522795053593,0.13839619655744767
-0.6805882710372229,0.16619963238454977
-0.6668524754759838,0.18868794286072638
-0.7063679012591734,0.13835151506811394
-0.7097960066290694,0.11712712346154461
-0.7271742449442365,0.10105033854770396
-0.7423140013426894,0.10427082039499005
-0.7317405339378242,0.13353355431085903
-0.7142822895999724,0.11945881539027892
-0.7529413060411927,0.07287002310815707
-0.7453629824119083,0.13287070801494905
-0.7543726820181692,0.07584746950790701
-0.7598860975666643,0.06636804344419911
-0.6876678001431423,0.10632958951712722
-0.6914948166554652,0.15028217790671164
-0.7501376322345055,0.08100458137225729
-0.7222824345418831,0.1493681601179141
-0.7229218529185634,0.084278237211197
-0.7110489247686999,0.1268518388186947
-0.732583031802189,0.08988285210684323
-0.6594430485540788,0.17808606862170853
-0.7717338792592474,0.07757637685708595
-0.7066090415608014,0.09840830699931805
-0.7669564549929324,0.0988055413155868
-0.7178144007797798,0.09267718259174922
-0.711941279892722,0.14652923331645226
-0.7524980966410407,0.0845918062791273
-0.7286763457930726,0.0871440583806014
-0.7510328509417531,0.049926089816539086
-0.7027811566774399,0.1850991661063604
-0.6925918505748461,0.16540950348114905
-0.7233174361163482,0.10042162845708055
-0.6650013195465605,0.17085915042545577
-0.7604553710482024,0.07415526242973915
-0.6660747026630724,0.16419119590597342
-0.704975187261608,0.09109713635390491
-0.7325255339200434,0.13576288516338383
-0.7462003648790612,0.08400335024490171
-0.67024809783477,0.1886236545182941
-0.7299868221050528,0.08129373544169034
-0.7225462249302074,0.139077063069459
-0.7086519237756852,0.1577223163325324
-0.7309325326471386,0.07940495490668577
-0.7181793669551381,0.08818769717430325
-0.7210250691463987,0.15883080020655746
-0.7125947805750039,0.148152682065038
-0.679602674693437,0.12640149381299484
-0.7414849899616152,0.0861109491091242
-0.7331119293112384,0.07117869644551704
-0.7628864747949884,0.09430094447705258
-0.7468490593047876,0.08049359137665221
-0.7163249903492228,0.16323395046871028
-0.7508213307661792,0.09165418440846486
-0.6866293392158472,0.11231034572611782
-0.6730729488759835,0.13252515642444418
-0.6834149695546569,0.14331708465826792
-0.7063347128301399,0.18076489159496922
-0.7237460415786539,0.13753302890039473
-0.7417752780990835,0.13504462521352803
-0.688433081636372,0.1281197008878006
-0.660634534335419,0.16711890051823716
-0.7465249767377921,0.11890745188042787
-0.7263961902745567,0.12685034229504555
-0.7359858381991429,0.12320933781952619
-0.7500573333019237,0.10966531093992575
-0.682681577277284,0.1385352637202839
-0.7264662337315082,0.11778178996681758
-0.7220099141482039,0.14145856955425348
-0.6860130752950669,0.10461740270623969
-0.6999962991128442,0.1637780207333555
-0.7317731311708288,0.1621101001436653
-0.771774687127268,0.0529249658512839
-0.6943692544606607,0.12320023135772373
-0.7295220134418982,0.1511457658914824
-0.7151854084240544,0.14931424161150086
-0.7244790365064399,0.07855693769126082
-0.7388693006658147,0.09330640109157516
-0.746988629885932,0.08418296432671322
-0.677487911127999,0.13757863759944206
-0.6677337511764772,0.14906414536655457
-0.7454977563519193,0.1112413846688318
-0.6929564988050945,0.1809420698257918
-0.744221054847194,0.07425434881860642
-0.6940303156203502,0.15564381723588633
-0.7174570682753951,0.1431597915453549
-0.7051437879929551,0.15971364576820557
-0.6871105322198281,0.16080879888434282
-0.7675757260217075,0.0971514978858179
-0.7657735611516208,0.07176875905568572
-0.703182918475745,0.09851429344560497
-0.6901004423495559,0.18111227102713992
-0.6971090268132646,0.10309349042714393
-0.7671409719097106,0.05781760359436333
-0.7605169137164682,0.06534553002886104
-0.6985870343985765,0.11874462933791279
-0.6772085772522439,0.13569253675602191
-0.7178478534225958,0.1690000915004076
-0.7500845298892448,0.12050442316209123
-0.7580386392649973,0.04989715444462269
-0.6874180343053266,0.15058231457511537
-0.7582406034579141,0.1123799653918765
-0.7136804215477913,0.102558793999774
-0.7231796891871705,0.1211582458119855
-0.7455058509285929,0.10428015299688778
-0.7438164428606504,0.10608311207189156
-0.72980585813448,0.15761915364366044
-0.7338031510575057,0.10489368517802247
-0.7532760196192855,0.053727719771205884
-0.6949027735478647,0.16518552792555402
-0.7150611075222374,0.13685920202065058
-0.6710483521626626,0.1696692842393694
-0.7197280853051059,0.111314988184511
-0.7667791624282948,0.06064441980783725
-0.6897841535984205,0.16556260399690273
-0.6776150293850794,0.1260372502804049
-0.7192579111671533,0.15071111360582512
-0.7102118295125345,0.09677399472486979
-0.7475036360111044,0.12232456800352734
-0.6845453145106197,0.13958738092363174
-0.7180283967725521,0.08018832410422758
-0.6877120709691729,0.10821886412935534
-0.6578317488545247,0.19003055458612006
-0.7584441886767729,0.10022238799892197
-0.678679948099102,0.18829010468187393
-0.6925997511701257,0.18344293914703927
-0.7320886194680088,0.07720064054640864
-0.722898798980557,0.13671970667427935
-0.7725956064154931,0.0560403615993209
-0.7539637328976759,0.108301883341228
-0.6725103556804269,0.1549303801924798
-0.7400663694640442,0.07908338548701106
-0.735966872798158,0.13448774677845882
-0.7094645987405519,0.12273901504865939
-0.7452453788982606,0.09924136339674026
-0.7046082159223445,0.1366566684813352
-0.7693346769276098,0.09789001947410834
-0.7294712904554664,0.13005628072104913
-0.7005943716081396,0.11493094563988368
-0.7261609328893853,0.10344607539033614
-0.7645145692515211,0.053378168340904815
-0.6678775849433006,0.18777059525678436
-0.6839742850177186,0.13511216198382736
-0.6910585599063348,0.16031280293649683
-0.7346974806083341,0.10774626600936998
-0.7123412407725759,0.1140193694958922
-0.7525433929244869,0.14300551100811365
-0.7252662882672769,0.12821704940572187
-0.7333388216235358,0.129663828149756
-0.6773317183558613,0.14442373219275237
-0.7056134798742143,0.161407269845852
-0.6989492284277014,0.14751288267535148
-0.704186985582615,0.13685170277472747
-0.6954557311176792,0.09474378252277407
-0.7034485123674088,0.11532180673317723
-0.7541915507647737,0.0883625914783388
-0.7080298999634201,0.16295961107384185
-0.6972966225323757,0.09412572478855734
-0.7358742187588473,0.11569457501627009
-0.6722115931050092,0.18890979650675285
-0.6887413042771812,0.11920087597442708
-0.6870418836539419,0.15156994434399867
-0.6928676713054106,0.12027256938093953
-0.7445085556202604,0.13256033668630324
-0.7594326901961026,0.08786534791849333
-0.745137639725561,0.10787685524422609
-0.6895956682166928,0.16521069521471352
-0.7634642733253194,0.03991904518373656
-0.7170564661921538,0.1540233203100265
-0.7406159912829836,0.07767754639541147
-0.7295555054408723,0.07300474888487284
-0.7000865379911717,0.10974810178396145
-0.7109136690149708,0.09758590633308946
-0.7424519138203942,0.14813819861079147
-0.7654891112311574,0.04136713685125078
-0.7103899646817573,0.14054867770566365
-0.6861631981416599,0.17397802325313563
-0.7373635916856042,0.10948511645221347
-0.7429538661501437,0.10495898437713383
-0.7165440377046787,0.09505031188811848
-0.7101753083204345,0.18617093347235206
-0.7295168913563335,0.05722270565235943
-0.7260385659806033,0.15506139854182774
-0.6935761439245158,0.11319791697720087
-0.7227177267273769,0.09226161319690529
-0.7213469360295893,0.10589449857114107
-0.6865747013719217,0.18379039472930567
-0.6814993076715633,0.14402154546186144
-0.7289119971364455,0.07571277415761102
-0.7064756282631321,0.17666807221758088
-0.7022567719083836,0.16996047236452383
-0.7320539864959135,0.07494194322481465
-0.6764091043380394,0.12131572382205319
-0.7083624269763392,0.16017177133926197
-0.7407428180645617,0.08822812990945768
-0.7127156297688949,0.16418013825951572
-0.7363571356901577,0.10305745817008519
-0.6804917543343303,0.1372858406585342
-0.7261378037732638,0.12353437135122888
-0.7073180923292263,0.08781181132677213
-0.7037276917157382,0.14865234665613897
-0.7220044988617486,0.1731587136007068
-0.7102467103862291,0.11174786453142513
-0.7539340926775334,0.07041023027664649
-0.7267515060163645,0.11722726681262942
-0.6789062261980106,0.14378574312026676
-0.7130746179800462,0.1341914556574668
-0.6902099804523388,0.1294047404043098
-0.7461309488835305,0.10851286954614699
-0.7660311549056982,0.050929245851998005
-0.7154677769680581,0.0961806366679845
-0.7095225602617685,0.17548753537948086
-0.7344781548291591,0.12997887417533457
-0.7447555204752352,0.12226740580642499
-0.6954668072848552,0.12909311059096656
-0.7307671603083747,0.1254057554186703
-0.7184626986334581,0.144118270907578
-0.681239116130028,0.1953598202541626
-0.703273039856275,0.12709813956114685
-0.6942693213378001,0.1319848085568372
-0.7077436204008843,0.16828347710631708
-0.7405296279082764,0.06411720125893386
-0.725173144844672,0.09965676267901628
-0.7116852675233859,0.14841305523273846
-0.6950768294904813,0.187210221575451
-0.7391936751391208,0.12490490285164393
-0.669732105733425,0.1674620476962666
-0.7286432729006221,0.15190600360068998
-0.7359608626110702,0.06845015382933324
-0.6826577228603291,0.13034633298552772
-0.7716129164706433,0.04959534594474696
-0.6809945475921106,0.17933124494524566
-0.7061782438099423,0.16514838253539915
-0.7665178948239012,0.07890243954379438
-0.7328821858205784,0.1539924081921692
-0.7358848369453211,0.08862462934645154
-0.7030648205469266,0.11493450492806176
-0.7510524942751633,0.0851445888745532
-0.7524787829810762,0.07525405745673265
-0.7098526356324785,0.10137034003907773
-0.7151776964787916,0.1482613217468528
-0.7029475804159211,0.13750086603355025
-0.7226490107271335,0.10949844919301494
-0.7482364059115791,0.0995255667921079
-0.7213870948854367,0.11472005408865683
-0.7020124742465308,0.09561734128480746
-0.7338928312322781,0.07295294285449248
-0.7536991612898353,0.06707017475353755
-0.7585109322741765,0.10515406898684708
-0.688262432640952,0.18888626904725558
-0.7355579912117785,0.08170338849701711
-0.7060927489977952,0.11793655666403632
-0.7730038477461139,0.0729048900398352
-0.7138813008575041,0.11391719778622442
-0.7145385484009144,0.16316655102790456
-0.7502985849908979,0.0818652541425749
-0.7295940110478845,0.1627974547471357
-0.7230870539462929,0.09132637109981756
-0.7174712402569218,0.13885928785260532
-0.7099069017978432,0.16401147425391566
-0.7568723157215314,0.0666404218398976
-0.7343007435532739,0.1281988357946165
-0.7486103894959713,0.12832403763143838
-0.7129785351143412,0.09870520146474919
-0.6949509392867967,0.09376621225200396
-0.6959017571307109,0.17606999902561005
-0.7340515995588843,0.11131947987564733
-0.7355856801941446,0.07106350228096021
-0.7087152465284042,0.14685630307574404
-0.7757999812980395,0.0684021550723124
-0.7756801748503874,0.06628635083923931
-0.7578566940463295,0.07236722597075462
-0.7213842498734871,0.13596925570020024
-0.6962689047922241,0.1272930201371926
-0.727173054874722,0.10585712147772643
-0.7361086654141816,0.05111336023554982
-0.740418237952689,0.1061168236304612
-0.7404353307216819,0.08003819828054251
-0.7697016569252281,0.07654777932124769
-0.7294834549244791,0.1682582746119384
-0.7198100095065733,0.0979872246778864
-0.7036655275808404,0.12225306944511374
-0.6718217512693035,0.183351369414036
-0.6949892121865523,0.1393755958348323
-0.729670775584766,0.16089028449530973
-0.6724651974313194,0.13496758264395833
-0.7303456555647877,0.14043928789164636
-0.7339038448819987,0.08357494619006178
-0.6911438218414658,0.1157963642970995
-0.747873689556925,0.07398323347595498
-0.7019060744927023,0.16952122134503117
-0.7349302343966422,0.086239757312575
-0.7480371009502993,0.10439870829682968
-0.6878727686446304,0.11820363010573753
-0.7010979526955541,0.17395511739040093
-0.7040778506094797,0.15876757753014686
-0.7305341203565033,0.11118162820033367
-0.7377897298479483,0.07550992413366245
-0.7553462177349627,0.06355182811980949
-0.7526655982529588,0.06870596921117343
-0.6865592271054545,0.19161520458487008
-0.7606159731574865,0.0618471435945345
-0.7674714275258937,0.07996127341345871
-0.7144951953006993,0.09639759097244979
-0.6873260017373729,0.1273550623146892
-0.7289817222684799,0.15638358226551083
-0.7691974175262645,0.07112900484382995
-0.709989095047002,0.17132329589615683
-0.7159972035888876,0.09549353341960629
-0.6750119902515777,0.18178095190300936
-0.722901749198384,0.1595062597633659
-0.6830230736753182,0.14304090891365567
-0.7419527226272855,0.10762595684826201
-0.7547735101636466,0.07323752577617419
-0.7718722241865049,0.07763765838196048
-0.6962637818500964,0.18665617317344524
-0.72525585155223,0.17260002442411423
-0.6760794652445188,0.16799146102797333
-0.7434103718469778,0.08196096482237768
-0.7730635887888876,0.054564124013016024
-0.6748992942746467,0.1699341221696763
-0.7071027186450988,0.1299503666120429
-0.7274862950741151,0.10669824348694892
-0.7217236835892747,0.1351310426558093
-0.7631536275295989,0.052523356653049386
-0.7418800865887734,0.12010583148505946
-0.7157676227200311,0.15259185458732888
-0.7517069428965453,0.07607558011612002
-0.7584509116372986,0.06972264013298697
-0.6937727463956808,0.15839073334658924
-0.6872977460159196,0.15945306494289752
-0.705628835990292,0.08693457087523404
-0.7350399786416295,0.0669316378770017
-0.7627472013491505,0.11969419966114803
-0.6828039149222691,0.14864271883873073
-0.7561635021162377,0.12472698790946941
-0.722197384437841,0.07653268726275884
-0.7167779238089197,0.13830659536631704
-0.7351716436312018,0.11835000196710228
-0.7381190982518175,0.08746195125276109
-0.6829482141943639,0.14405498772703015
-0.7472654986153299,0.10017436850286299
-0.6788494162214297,0.1777084039263973
-0.6861857791347491,0.14014212766629497
-0.7418671395296093,0.07234940125021698
-0.6715859058590425,0.19222410401022766
-0.7590224404263096,0.13119375557804877
-0.6696219231781046,0.1786791011516795
-0.7450767413014127,0.11061186362978916
-0.7408215591952922,0.07003978306710533
-0.7396064721631644,0.11868215227838441
-0.7181184065300164,0.14682064819444723
-0.7244593516442294,0.1503330372834876
-0.6977700361037766,0.1787203725897752
-0.7429765580199424,0.11972062615203792
-0.7533479149247071,0.08257013547694762
-0.7173554003954006,0.12795515788966497
-0.7120271744314838,0.12917719542138947
-0.6838537572587607,0.18399322306108068
-0.6924706785776911,0.15074356208309284
-0.7308572601197774,0.10681951556577313
-0.7120707768479407,0.10836918297749779
-0.683358690542521,0.16708151253971193
-0.6640690937799971,0.17269040570123187
-0.6873087370180031,0.15724670609706143
-0.6902203835330553,0.115279343258488
-0.6747798166368312,0.16358807193226335
-0.7159621781467254,0.09929021089661232
-0.6913717768658535,0.13051943491834117
-0.7348555330725253,0.1495136606531714
-0.6842466937859502,0.1674249491725055
-0.7443256335031041,0.11037448738875749
-0.6886260159809,0.1528628135999436
-0.7528753212197834,0.1307836995024069
-0.6944005052158917,0.16310888912692867
-0.7112625531968162,0.09920110930689399
-0.7476147799153028,0.04938070343809857
-0.7083074733849599,0.17978181760689638
-0.6972700003706213,0.13850608845424126
-0.6797220655345432,0.17807652876980656
-0.6897102099848214,0.11272650318122122
-0.6910142544916944,0.1253021506681138
-0.7215755792585633,0.14795483306681032
-0.7085714010974494,0.16416438808333547
-0.7342076146608175,0.0835022884298692
-0.7189800414482493,0.10946610398020513
-0.6716783486335781,0.19577430282462252
-0.7202329420787408,0.11879311328737042
-0.6682773669668525,0.15872693690804904
-0.7145855222483736,0.16537913913914845
-0.767212022893793,0.0815864846679129
-0.7713507783055977,0.05320644153402301
-0.6694168352676673,0.18347222907342192
-0.682160624376405,0.14338912688735111
-0.6906421314235641,0.10112524457993878
-0.7139622134421529,0.09135091040866672
-0.7305938124544813,0.13345374951238476
-0.6972824424769348,0.0983063876167103
-0.702607570422882,0.11226408798316875
-0.6971034741913142,0.1600097086460165
-0.7035227410827128,0.08790119852437446
-0.7374443010963091,0.1391266449462566
-0.7200843123433497,0.13469149611275585
-0.7051602248828682,0.13981937042161371
-0.7730269270125013,0.08916377547571047
-0.7351509127934519,0.11744272288574313
-0.7313262664448649,0.13782834610621744
-0.7396547966757493,0.1135715960558211
-0.7548567376840609,0.09497216816873859
-0.7031667765030633,0.12459179591030164
-0.6925551961527836,0.14531354590538414
-0.7090645342391535,0.13286469094394787
-0.706429430641279,0.18003987771139757
-0.749492814949448,0.10518507911259531
-0.7307644257667029,0.08136627744826853
-0.6860769587604749,0.1344032400792303
-0.6915363124515336,0.16290985282929168
-0.7063292718397833,0.1164175063294733
-0.7109583519360225,0.13249179890731913
-0.7581472329496016,0.09595078094815707
-0.7031579815540248,0.10584880560678606
-0.7064875934173026,0.09441538094045951
-0.6942821081375945,0.12537140810751687
-0.7173447136256677,0.1710741722082133
-0.718400581802916,0.14097430558678428
-0.7529024970787275,0.0677122607346949
-0.7206506082463207,0.11553444659746111
-0.7152987270539083,0.08253709694306281
-0.7159878606082928,0.1332442888562305
-0.6815440568114283,0.18582704222210608
-0.7662826703448122,0.09942979268415153
-0.7092433279124304,0.13456616234821422
-0.761803713551671,0.11507547348906672
-0.7593725469300339,0.0822807458968679
-0.7210512098555452,0.09943414808703831
-0.7448415717420201,0.10809437022110031
-0.7647045265864566,0.08701685413488168
-0.7300812067422263,0.07979271100757304
-0.7185700428115022,0.12860264080455203
-0.7219170835763065,0.11933173041974596
-0.7372614050364599,0.15769790571198805
-0.7237823219610681,0.1491613205328863
-0.7442760697678542,0.06714771731091079
-0.6790826651231219,0.13391071418706782
-0.7362446327398962,0.07039466393405515
-0.7041245387381386,0.117854836960645
-0.7694883774552082,0.0929828317120187
-0.6989568438067876,0.11804987130965587
-0.6958883653477538,0.10126622624215305
-0.7330212618322177,0.1114530854641955
-0.7108980302046637,0.16947630051521015
-0.6944923285078135,0.1684073002948508
-0.7030414771665611,0.11758181618601259
-0.752023544801295,0.1101936895018282
-0.7378532720975992,0.059046340991133074
-0.7091322327079957,0.09262327527017224
-0.7226950796234958,0.08868985250877146
-0.7328607222336811,0.08163464438375216
-0.7271253109365342,0.15410759014262254
-0.7478749244656407,0.08140628732622093
-0.71826846577859,0.13519391766346583
-0.7551887405615902,0.04328360064225871
-0.7219585069831235,0.11961712544187098
-0.7409440697610586,0.08345831742351865
-0.6972012193981989,0.1303013365572886
-0.6636990960743963,0.15033383108432732
-0.6873342598936711,0.17536129079297352
-0.7642664699529731,0.06656443500535689
-0.7356248578184253,0.14820169733221492
-0.6798947691123681,0.17541715499596666
-0.7535081275908646,0.12442795088202795
-0.7612299078688484,0.0739915846317837
-0.7169349928959061,0.0967749489587671
-0.7542714709377634,0.12018919487889689
-0.7341392978920968,0.059802313281611924
-0.7063084701243564,0.10533235597107235
-0.7040924354224132,0.13336662538501692
-0.6742097086045713,0.19252984951352153
-0.70309693355423,0.12562380907058468
-0.7279287572183949,0.0936600793431069
-0.7273445410436351,0.16861405647537112
-0.7080327888937757,0.1538135280337206
-0.693200376729759,0.16628740504077863
-0.6718015296396962,0.16860272310057403
-0.6981143739006147,0.15591995761376698
-0.6933187468821433,0.15054307694110186
-0.7198014039465336,0.08781839457014295
-0.7682354205708566,0.09417061461635899
-0.720267767818271,0.1423086163357637
-0.6968740984923626,0.13508700836869272
-0.7005025157111257,0.14769697661559267
-0.6984354435006129,0.14080815758031612
-0.6782085421510741,0.15982117744406993
-0.7027302121256733,0.1524916598371884
-0.7726090867463933,0.08434249899164861
-0.7423815272716929,0.06856936017562795
-0.6903627314744354,0.12732816873289954
-0.7422973671537869,0.10222130307294512
-0.6829846534456704,0.14189792101980653
-0.7073513972491953,0.1278664402917247
-0.7247952707294993,0.1473117781960694
-0.6835977444945297,0.11566504000053852
-0.6790601460557473,0.1655859705764115
-0.7458281003917108,0.10986745986264466
-0.7075951636642734,0.13993108074489835
-0.7555699825257661,0.0740253022848495
-0.7029148185902966,0.08422697411926937
-0.7365889881893735,0.06908303139037121
-0.6973810137798141,0.12126901120626168
-0.6948837104434206,0.15469021914318115
-0.6792437410887776,0.11462651943474748
-0.7640719394350843,0.05017671061868164
-0.6791796301301115,0.16123759354392572
-0.6667536594315279,0.18743872491028718
-0.7046423073470766,0.1641314629106231
-0.6863516318627275,0.16861255169253236
-0.7709477719075101,0.09061642297586063
-0.741435671666481,0.12765907468595564
-0.7439619701137743,0.10630506292056845
-0.7448537717933902,0.10375100361882295
-0.7183543568547817,0.17113163164950876
-0.7594362230379366,0.07655351338031283
-0.7413807738764651,0.10869551431416334
-0.7055460501894097,0.08444689115084021
-0.6709192882305206,0.14320728246355977
-0.7590571029718328,0.0978673832109677
-0.737885313447447,0.08612572743267984
-0.7157391973516931,0.08897218683253177
-0.7021411773875758,0.15711097536046167
-0.7240706923822291,0.10738127766233745
-0.7210305186960684,0.10068119513397418
-0.7248239372207267,0.08356665434250474
-0.7117017894218588,0.12914813552888527
-0.7413881279342457,0.1481656886073448
-0.6945173287602949,0.17852776955019586
-0.7109628016240331,0.12577935501340462
-0.7138279543398639,0.09510389757948169
-0.7258588929636557,0.10189014217290447
-0.6743434494312647,0.19319123931965004
-0.7589756815943475,0.07882317052492009
-0.6859188277381267,0.1640852062286222
-0.7111556586899592,0.0824223391348137
-0.6784816380266434,0.12888255390680334
-0.7049482907248144,0.14089642170979855
-0.7557981169920515,0.05524748688642358
-0.7449896352039949,0.10669274947341459
-0.7233758393671486,0.0907296994234396
-0.7311704166778578,0.11274978861293694
-0.7456024838717582,0.1023928955215384
-0.7090442536926616,0.1540056846449191
-0.7129483965583627,0.16423639965220974
-0.6625735233949146,0.1723660816718594
-0.7236721316008409,0.09464105313806297
-0.7534603672852103,0.08442744088643649
-0.7351704693863843,0.057512880023006606
-0.7525916642238887,0.10468316127044602
-0.7378760113956772,0.1318606046329146
-0.7066267277089352,0.08241731030113747
-0.710871537852815,0.10276957034016244
-0.6896298577895068,0.12848959180261177
-0.7380035273698399,0.15589155557658313
-0.7217653967504517,0.0953306903845824
-0.7568072731410084,0.129260558406699
-0.7238112225420084,0.11821659589709646
-0.7574348799293331,0.08069926187270496
-0.7285823336013059,0.08911825815520479
-0.7320759757618541,0.07614165182973685
-0.688826849985612,0.1868583596705535
-0.6841332207537152,0.10961162376109947
-0.7554224122738655,0.050402336195242536
-0.7549687384900802,0.0941863376921829
-0.7589552680081905,0.06307559149756584
-0.7176087636108841,0.14786315734568148
-0.67674883940328,0.16802096197969799
-0.7016285073931392,0.17023598084449695
-0.7035071423906716,0.1046867940237089
-0.7200882710462599,0.16064257145905483
-0.7052580174372047,0.12748594688729534
-0.730951314913603,0.12105874672805185
-0.6903826893475571,0.1579015645852716
-0.7706437744314827,0.06178768169521535
-0.7103834049058113,0.14230689388863793
-0.7591461561398689,0.05066636257147657
-0.6833624030403501,0.12860099492199492
-0.7395949374808993,0.13108983243979028
-0.7304992093445938,0.07728261124294557
-0.7326242954522639,0.10577517378617407
-0.7154241987722826,0.07148373556628952
-0.6979344199178406,0.16139720244072717
-0.7511568726806047,0.08437439750229181
-0.6834784852731661,0.14837677372075095
-0.7029195292121467,0.13238833553452
-0.7378547517557457,0.11821875549257398
-0.7225564436311905,0.08717781358621123
-0.738039430343887,0.0935161605009758
-0.6715002539937415,0.1433120193209372
-0.7335355402381966,0.1057653801196436
-0.7600602634569977,0.06426757957146668
-0.7159249358854297,0.13887813741150418
-0.6930862084633342,0.13217254144512702
-0.6944607463830855,0.13925562231057886
-0.7490177323923399,0.05497940315244726
-0.6670483481491635,0.17744027359187978
-0.7337139458227345,0.09497369319300147
-0.7365054455576252,0.14910420061213286
-0.7172391714155424,0.12012699408976886
-0.7118148684374838,0.07712789611766702
-0.7264907955557734,0.07927278276877764
-0.7638699502884418,0.09830128189968873
-0.7442795124094779,0.1218556811563761
-0.705018418110466,0.18318918745165713
-0.7645429069137464,0.07014475289511185
-0.7198819864349582,0.10196436268075466
-0.750590344825475,0.11255815937173565
-0.7209510613065737,0.12503534624110424
-0.7159777139943466,0.1604552219436577
-0.7066322686242823,0.1342856347872126
-0.7504918015920288,0.12740287989222235
-0.7599508593999895,0.08298031497832051
-0.7194786532366703,0.09553391990617036
-0.7047821983866026,0.1598218954192375
-0.6797861006543584,0.19503687839883768
-0.6897853658341129,0.19110401254922968
-0.7549645013474535,0.06529241831244308
-0.7325245902475882,0.1541099932980048
-0.7577893810027859,0.10262865739695964
-0.7552744932834825,0.09934595292705749
-0.7018885583048009,0.162161571326941
-0.696322988727964,0.16512818264728596
-0.7311980735796817,0.12015947841065981
-0.6990317442076,0.11628471250160465
-0.7627012336860254,0.06875912181566952
-0.6883070032267531,0.13649116153730853
-0.7030499960973945,0.162777498712671
-0.718432202598201,0.1147085207825358
-0.7209856161003511,0.11320068100370997
-0.6975857447157626,0.11858763655875375
-0.7088555016356711,0.1471498781620369
-0.722199932945977,0.09843463082662506
-0.6960947206483258,0.15270415060226916
-0.7378836652408195,0.06727126406797868
-0.7295038103778029,0.09947774659848095
-0.721400087901876,0.09733599221905681
-0.7586313315250418,0.10807692939192308
-0.685781276213878,0.15773022400326742
-0.730786762930861,0.088969225803098
-0.741999098036382,0.15145422433419467
-0.7512946581130964,0.07106057455510245
-0.6966005841529235,0.18287924279707127
-0.7444359190662663,0.12387336689924046
-0.7318546547840242,0.14004603517180336
-0.7322843167578406,0.0985851351825665
-0.7083125265473359,0.14466690542404922
-0.6787274744221934,0.127485847285533
-0.6890689986969685,0.1622741629291095
-0.697514274155438,0.10517329785808682
-0.6842262590003487,0.13894257451922384
-0.7585473888127797,0.09963077470109204
-0.726937091778494,0.12857827816763254
-0.7297083396230692,0.06979788449298292
-0.7218096839937834,0.11749459847369555
-0.7095872010133212,0.1433625277096801
-0.6969146130091378,0.16310272150217658
-0.725605485428524,0.15994205712569223
-0.7683732440150339,0.10122335087472616
-0.7093997483642723,0.14000473453951168
-0.7378384733039591,0.1295763504105412
-0.6834796728035479,0.17475759037918068
-0.770481049141566,0.09921600539134719
-0.7480490890329039,0.08397989602937435
-0.6970531720438832,0.15629070666335282
-0.6704307535345461,0.14591931229626004
-0.7340420729746243,0.1374838625483052
-0.7394138309793331,0.10800975071679556
-0.7399717957445973,0.1433785932624453
-0.719638281701811,0.08545235231085592
-0.7161889175544902,0.11854348061875737
-0.7097386622070808,0.14009161482727453
-0.7175083558523199,0.12619401134456867
-0.7097669569207399,0.14410795464400822
-0.761424124883801,0.081405804978124
-0.6787538887449855,0.1566131910536257
-0.722660568454547,0.12689987091179175
-0.6936712570747966,0.1471406178303887
-0.7560881069060184,0.04558214768629751
-0.7113357981354408,0.16072990231299641
-0.7670650472753787,0.09520455464382241
-0.6811938224859303,0.12550963031304713
-0.6959629917405253,0.1468997995771795
-0.6951224133875771,0.13039562957777168
-0.6624793024306218,0.17203209063477834
-0.6968893202611823,0.15817428053965366
-0.698695535596387,0.17746959132566217
-0.6969150830536738,0.1710571516784504
-0.7455592585675963,0.11739504354295142
-0.7525267584822859,0.08290052537132507
-0.6944151796450507,0.1565646830665243
-0.7142794518511414,0.1225720901010343
-0.6910215809100698,0.15069619865211253
-0.7295421161941305,0.1564832537730323
-0.7023073727767647,0.14820533488276236
-0.7422903550571652,0.13614527389330003
-0.7149162317153973,0.10968957251789949
-0.7409527663646692,0.1174020387051844
-0.6831676774869421,0.12886400004344375
-0.6966733223513257,0.11283000192472492
-0.7252734147083397,0.09835929637361684
-0.7027107759583288,0.1420538926236449
-0.7002942843522665,0.1846083113009255
-0.7162175494115585,0.11835219432275443
-0.7001540750013945,0.11598998884784241
-0.7490584658334417,0.08387515420245319
-0.7394177174756501,0.11542739383710372
-0.733288532658241,0.11665129035720836
-0.6992332683456299,0.18765325734896734
-0.7168950909747132,0.10354114767313789
-0.7221607040736175,0.14148603818792355
-0.7267239918525871,0.10960231881118307
-0.7267747081536223,0.09920609560838646
-0.7202187823050015,0.11384412317585246
-0.6971924856472111,0.11742664166226127
-0.7479521617013682,0.12619728870562189
-0.7690462433545154,0.060035221050770464
-0.7028027199981661,0.15103062521259067
-0.7459786210627448,0.11131612784056147
-0.7666683184627651,0.07311615130672629
-0.6972393279408463,0.14165063439592884
-0.7227684120486405,0.07373684985755297
-0.7327867771810478,0.13188016102977335
-0.6688497590397849,0.13666544978079698
-0.7163382618090981,0.07578143490315163
-0.6719353743692681,0.15075540914870486
-0.7239943273028002,0.16879640594993364
-0.6867000877148574,0.12456678331413909
-0.7355027946832869,0.10186285967142551
-0.7154032963541006,0.1615774325419873
-0.7355413868669345,0.0925064524221621
-0.726171954037888,0.1317452507207637
-0.6900812166218533,0.17958726871824773
-0.6966457891025213,0.11427012364654059
-0.7196191283461427,0.17031570209999825
-0.7563874519627044,0.09702955976660163
-0.7462076546512667,0.08387373008689682
-0.7333496635221206,0.138039150414974
-0.7175401030889683,0.12564794675076765
-0.6820524242384339,0.15150697951114026
-0.7470850760870145,0.11928600238007989
-0.7480677182064236,0.12767984701725218
-0.7204015721690981,0.17050970545676128
-0.7126321472813496,0.12522029276229368
-0.7222066028186496,0.07072823048724539
-0.7032538416366861,0.14793720285693895
-0.6865323681934301,0.18180843364916183
-0.6904776683557037,0.1532837465552574
-0.7280641510750929,0.0714868637666835
-0.724860123522637,0.09126965565231922
-0.7106259888872815,0.14144801534712478
-0.7118153933716377,0.07972206860182855
-0.6875007724194697,0.12236006749132998
-0.7248472694428405,0.1474277802628149
-0.7331028488384056,0.12901883456288818
-0.7199934020159435,0.14534768190949635
-0.6834259660460524,0.127474402041345
-0.680598247140933,0.16531319690263063
-0.7121638297222456,0.10386111656591006
-0.7281787399309669,0.15431092053689097
-0.6907544057703849,0.15313170371304566
-0.6850178711945245,0.14404567973202134
-0.7188144485818624,0.13240152387377854
-0.7023598440826361,0.11271804069539923
-0.754834650651311,0.10987030558678648
-0.6866381849374877,0.14094317193974182
-0.7078750543730791,0.11446133857450622
-0.6978727192968356,0.13369319291209858
-0.6838547832572898,0.15716798361806456
-0.72097399693423,0.12249104324659803
-0.6952680807211615,0.13626588178185917
-0.7588660170147102,0.09925603990052956
-0.7316932316174115,0.08747449282047116
-0.723575858712857,0.15104933274113297
-0.7248617144449224,0.1533357386612555
-0.7406452981962158,0.15035702834998757
-0.7009286045483384,0.09659156478929992
-0.7337474436858081,0.10326582722345656
-0.7564793330537586,0.09877482839924767
-0.7450578656053388,0.0554641129777982
-0.7400547628744781,0.09140006612203053
-0.7147422626941643,0.09427630872060627
-0.7132752477419758,0.1154326435823741
-0.6672864504061682,0.15661773410707175
-0.7466696803974717,0.0862278124000211
-0.7421444532952396,0.06622361095285258
-0.6910465246454609,0.1389075178098306
-0.7536682369315554,0.11983012185106778
-0.7330422051243625,0.1434182525036821
-0.7160371211239226,0.14667608663958598
-0.7087534784774037,0.1524705426278866
-0.7110019388011158,0.10912647802158738
-0.7466110358252162,0.07653078281581689
-0.7584363881598422,0.06829485009191158
-0.6831487310820803,0.14274403642522138
-0.6805975453706566,0.17333300104559018
-0.7687016551945868,0.07110467475085039
-0.695864093538061,0.16774956673229724
-0.6727035492507578,0.1597826679961591
-0.7161809532902783,0.15109124124945672
-0.7507895595190749,0.11743808102669248
-0.6721794751892022,0.17604910234085525
-0.6676778832420589,0.1557747843022852
-0.745629816803377,0.05577200112839784
-0.7343050023406424,0.08010763361852247
-0.7634656871127833,0.10590671633042117
-0.707636407012055,0.12938446260926098
-0.757679492516048,0.07362546712570697
-0.7290834466538259,0.1270251402360084
-0.7192483140164229,0.13918850331296168
-0.7017558386254348,0.11022655122791067
-0.6673185289638469,0.159487795826669
-0.7437926639856448,0.12228835660630283
-0.7058786086639631,0.11536200146726741
-0.6948913982986167,0.1495919943696369
-0.7054566255021038,0.17616365668184275
-0.7339246397379058,0.1313332109840887
-0.730583241247974,0.07861833984002217
-0.7373763376261705,0.05432529951734288
-0.7445077837939466,0.14634092143727323
-0.7404803357650199,0.14841819960130379
-0.7244767906812032,0.10583033163384244
-0.6989167580341069,0.11813118988076399
-0.7205423661318442,0.09508301579689273
-0.75514892696483,0.11103048653355074
-0.7107273535475369,0.1616717169553301
-0.7591714711487397,0.10075760196151805
-0.7282186888268971,0.12123995366262431
-0.7365555897568298,0.12683154152245088
-0.7218591052210029,0.11308416650107227
-0.7208132510459375,0.1457853800817197
-0.7282248657615,0.1292315086655135
-0.7334486873842743,0.09321936045421819
-0.7449990404090127,0.09462190875403208
-0.7013885467394537,0.11236312248168492
-0.7600458834844306,0.07944581782839935
-0.7359999207920757,0.09552129415389349
-0.7596658753013006,0.09027989203730379
-0.6907401217439675,0.1286188358011672
-0.6915894524217813,0.14133436101037578
-0.6857231277293951,0.1123189625314831
-0.6890885226250342,0.11219754392658016
-0.7082493895122328,0.15560261352767216
-0.6770111159149959,0.14647198429159233
-0.6781316917174456,0.183226465374787
-0.7114142128484626,0.14829764095636083
-0.7450757110999183,0.11704113576569743
-0.6860366498630234,0.117676333790199
-0.7574922836195517,0.06617926909371541
-0.6825306957427562,0.17273295440681924
-0.7554478869077721,0.11037608535823115
-0.689562155962733,0.13276135389103572
-0.7420148436828092,0.0989491543240915
-0.7306545066555572,0.13292671987417326
-0.7016178149576954,0.1857028984721444
-0.7171513454884711,0.12380275971256521
-0.7119010589105106,0.09027770231831578
-0.6747328380362226,0.187067599632733
-0.7231444315940635,0.16191447832521583
-0.6969399002059415,0.1354634768112721
-0.7160524100359196,0.09097830453041464
-0.717830419721921,0.1488717263132915
-0.7250509195126484,0.1044232417878988
-0.7157171273858339,0.09010982445049291
-0.6627235937966575,0.15230062903500297
-0.697314913635998,0.13331094979534264
-0.7256328041015039,0.1562519831785973
-0.7468416860256641,0.09908620423964568
-0.6837085077418137,0.18207916382665268
-0.7296216576018566,0.138556284798126
-0.7460304884827421,0.07371544023455809
-0.6911394154737595,0.16483787591817758
-0.713272287728516,0.16235448871526603
-0.728309067317997,0.1280057075825211
-0.6889630510061138,0.11223754477024125
-0.7562399401422508,0.09302771297163787
-0.7531309189012254,0.07124137548035356
-0.7280659922678429,0.16364349059754005
-0.7606323019149683,0.08829309984752877
-0.6993313083393271,0.10607980596427431
-0.674060064007147,0.17059334144383376
-0.7571382273060017,0.11155130220710695
-0.7514163515867855,0.08531196244545367
-0.6849867646728445,0.17071748335394493
-0.7227923255725589,0.12309464027055707
-0.7331417953401532,0.13928950198613432
-0.703628981377009,0.10059338370825403
-0.690447113422443,0.15047675816840925
-0.6923815645130054,0.11228846568725516
-0.6871099368766307,0.1272502442122998
-0.7146705994127304,0.14808463092150367
-0.7574652553613869,0.066080848006036
-0.7296084632585011,0.11913398622787409
-0.7083225511418157,0.09700350245444218
-0.6790354582021711,0.17208674501009869
-0.739897150281208,0.10106307658902189
-0.7020777638813762,0.1709384063169606
-0.6933005213338859,0.16340915432012218
-0.7116022006248282,0.07845296150010914
-0.7345249292053319,0.0991681500281387
-0.7338011526608126,0.15757271748719062
-0.7337957396835116,0.13562654468228505
-0.7617381902266925,0.06185835889769726
-0.7345657867057901,0.1382919248091445
-0.741669482146293,0.06940968538282988
-0.6907309894103087,0.10773216689900819
-0.7186191251228946,0.10328249264555286
-0.693679177733637,0.16631629876370502
-0.6944060645637437,0.14801884764288498
-0.7202318723035651,0.08141448164823657
-0.7500529697913263,0.08295083732031465
-0.6915205480260194,0.125362436714954
-0.7318409119139286,0.10283828476368076
-0.7033674677812987,0.12298281815047628
-0.6813753284057764,0.1633352258185873
-0.73003478179009,0.1444648895395639
-0.7255316591738997,0.14403377583394994
-0.7192829966028277,0.1435384714738391
-0.7128041893760527,0.1488201339164318
-0.7053992247492356,0.114602005579085
-0.7344861921782342,0.09197093879242171
-0.7310041032275855,0.14673221851728516
-0.7434375227705416,0.05213851615849653
-0.7493564819188039,0.0814046694067848
-0.68576616103355,0.13730035299392912
-0.7408560747107659,0.12452967468882256
-0.6652783589357064,0.15097290143582523
-0.7013286704099105,0.15269845147858313
-0.7257635052658227,0.13436477216761689
-0.675919761640633,0.13720194251846912
-0.678024405733652,0.16389823224314937
-0.7143138925157893,0.11364115110573791
-0.6916578175612447,0.14090901957022103
-0.6778638208508087,0.15264546708179097
-0.6965641176066291,0.17368283797155937
-0.755927600406451,0.08761248825481535
-0.7088706959647514,0.16153621222042144
-0.6931093404540135,0.16389667076397277
-0.7002837490051148,0.12182157641671673
-0.7422854477683247,0.08640807812313177
-0.7324585738305993,0.11439043653719679
-0.6936386445653373,0.16648174003830193
-0.7169470945278615,0.09176093279821995
-0.7402900311399279,0.1374454866741752
-0.702729323146263,0.12298131077106536
-0.6994013864558402,0.10002714010771915
-0.6887171404367883,0.1211922005373777
-0.7425759644378829,0.12780078883440876
-0.7107921271353514,0.15252597129367412
-0.7285126691341287,0.06319690024181356
-0.6792549816401319,0.16375481460795543
-0.7242824827578699,0.1295296214237389
-0.6918232355069169,0.15882438617348127
-0.6931918949041355,0.16887123357109826
-0.7356824831041558,0.150880078995256
-0.7250489358139505,0.10386031044389547
-0.7026862284040255,0.14468452204485338
-0.7506809086926973,0.08610269244557707
-0.6903845865723625,0.16463100346471904
-0.6954061706897239,0.17468283740240173
-0.7167214935367291,0.1378755678910003
-0.7325704600635098,0.06211525505103189
-0.6626603432271696,0.16301653119509282
-0.7316717981491122,0.09564236888310758
-0.7223809784540812,0.1638014685679295
-0.7009053553601489,0.16462111432135995
-0.6846992275676226,0.15318194269935598
-0.7082497417453472,0.10543108280926151
-0.7463093966853094,0.11870352029849188
-0.7115892016477792,0.15853704908582036
-0.6699031445941709,0.1736582429290026
-0.7403097720300628,0.08697633087930211
-0.6858290817959108,0.12818228403643595
-0.6938492694484665,0.14893739314691865
-0.6904956758213818,0.19246729400684967
-0.7283977586487115,0.13711836722187903
-0.7301113155553145,0.10556020224193098
-0.7224834125310527,0.08592147086033022
-0.7441949186263983,0.08745055308293248
-0.740149301942806,0.06681383171948482
-0.753490423948261,0.128013973062158
-0.7070991569781266,0.16088051152135213
-0.7151987615159859,0.1741938334405275
-0.6742368848265073,0.15013156105771536
-0.7543677480674686,0.12399021542512163
-0.7501019029510957,0.13411054747562587
-0.6967384198936355,0.15260648847545907
-0.7312843649530811,0.1527651505851388
-0.7468668691257933,0.11570795176208891
-0.7245299937313388,0.12716197621258232
-0.7641504040777044,0.09210847979430571
-0.7401483956632691,0.10924560804541722
-0.7137947551790549,0.13069286476044173
-0.7720442955770411,0.07920494737248088
-0.7028459741103075,0.1300085170379446
-0.7228823778320279,0.12419841956128903
-0.6998535906200496,0.11104351993341252
-0.6768925626769555,0.13052018287903655
-0.6849790994412212,0.14116412741731957
-0.7559982161169968,0.08543114420258828
-0.7385527827746987,0.0895308874074409
-0.7447677348830717,0.06509977537152238
-0.7465767492654861,0.08253323838220991
-0.6770107616679764,0.1307916516239195
-0.6784634427225166,0.1671997476696387
-0.7234254301708017,0.1085830225345422
-0.7541745241555982,0.07818385079663993
-0.7321701660491805,0.11811528497217245
-0.6912099256038936,0.12339210556661441
-0.745866309122502,0.06015522304333806
-0.7304886297439518,0.08361772415672936
-0.7098772799811789,0.13630858819819977
-0.7578312639561094,0.09466738877589544
-0.7000660376385902,0.12049196789467947
-0.7634652152340706,0.10983947691093428
-0.7385671195250026,0.1333508995315489
-0.7435120776401178,0.053891139345805535
-0.69760634077335,0.15573505755619618
-0.6839774983516725,0.17226666179699995
-0.714937405398427,0.10716795118930866
-0.7375387684224864,0.11847472982700999
-0.7425898156317035,0.09967696822083712
-0.721187067682903,0.13282527409003966
-0.7211828528574777,0.11125773961679204
-0.6661604337772933,0.17048843334057365
-0.7673073118492743,0.08785303929259355
-0.7323124821067473,0.07932411503653142
-0.6969667020373592,0.17199744619197857
-0.6942686997355398,0.176273629782413
-0.7437745402706315,0.10326862567244915
-0.7253149962956185,0.16438328769989097
-0.675232413780916,0.15845481566702574
-0.6736853294718114,0.15286905231189582
-0.6674376427990419,0.19381359797670974
-0.6806310511353076,0.13375498252351553
-0.758364824321713,0.11648477415874049
-0.674321156909954,0.1807649964342281
-0.6878939917529671,0.13941790046559743
-0.7409594776295353,0.14809399369956094
-0.6668559065120109,0.15631230196407134
-0.724246878332213,0.1092304105292283
-0.7060004840970218,0.18065355191133803
-0.7233490453093011,0.11829440684049923
-0.6950242784515567,0.14718796715631513
-0.7474797849003,0.1296735106062507
-0.6960451028948974,0.10326590188104949
-0.7208043362912444,0.07499090406355967
-0.7399838787174657,0.12646684946314396
-0.7035305009881027,0.14980237115096703
-0.7250658782982382,0.07306851376843962
-0.7146188755354661,0.11077733559530924
-0.6757620947989164,0.19337539876369472
-0.7007668874651909,0.14627707147285393
-0.7010383093817203,0.15271118679752127
-0.7552083213188278,0.0838793701858828
-0.7091744633428598,0.12655922700135275
-0.6794202963316381,0.1656896123378236
-0.749592388242658,0.08542086894307509
-0.6801350375944074,0.1490702623615446
-0.727916407650329,0.12955561263882076
-0.688971413580318,0.1310926772453865
-0.6957315346201454,0.1449567035073302
-0.7047076492795907,0.1244137139569181
-0.7390878079188901,0.13695969023593904
-0.6967259635418639,0.11664218793397192
-0.709247893644324,0.10565156387577565
-0.7647416251026157,0.09066011699562199
-0.7175131324004564,0.166867472500583
-0.728121069827627,0.07139035822036763
-0.7158450724387094,0.11341968325695091
-0.6948352867555299,0.1548456997639631
-0.6907155409935316,0.13301934956039146
-0.7208565029006965,0.16215352487151602
-0.6730541662443223,0.1493800072164197
-0.7092159824896486,0.09184526808303811
-0.7223550589785165,0.09037065476796953
-0.6988509148888937,0.120378398784388
-0.6924722146906955,0.13052910690886385
-0.6860770653548126,0.1672980281638632
-0.6711086703372494,0.18004517447586554
-0.6787194886907071,0.12739103340454502
-0.7284272403740422,0.14093634159532098
-0.679189352177563,0.19251114877877568
-0.7192312449591513,0.10919837572413717
-0.7410522420756064,0.11622637351682279
-0.7446339695379697,0.11118598223988624
-0.6861028729335251,0.13844946287673862
-0.7016546084159183,0.14774251329099233
-0.7226866896949574,0.07146283019740034
-0.716964443751365,0.09040034841542363
-0.7575014401740503,0.04772224188533728
-0.7231874666697765,0.13443104844746753
-0.6848949906783227,0.15712572988742043
-0.6943613223649707,0.17729714250368922
-0.7387729410476005,0.10860351174627497
-0.710320128229325,0.1006143406157633
-0.7141394998242714,0.1594491738404706
-0.7151187591144835,0.09011476063437744
-0.7411691613016501,0.11313104430784256
-0.7038315005213115,0.1635711606730396
-0.7181760651573672,0.12141818111061498
-0.7351459329289215,0.11955579668482286
-0.6899980768587335,0.12219736982953361
-0.6901962321614472,0.18248591874582876
-0.768887430990491,0.07970749852832956
-0.714897602421332,0.13393654693770313
-0.7305687633109682,0.13788322859798402
-0.7639194686393089,0.08295808678999252
-0.6885566723511157,0.1619917642377419
-0.7387811355285572,0.12274123392792272
-0.7603106259824908,0.10848712507725948
-0.738101174276002,0.10681177626667927
-0.7428160222679108,0.1472485584138274
-0.7112761308049337,0.08976033391092665
-0.7002159698146821,0.11157997647264532
-0.7381515124066221,0.07569234976929497
-0.700950423637923,0.1029933209839639
-0.7115603353826888,0.13464925337670214
-0.7298623514603612,0.16101374959029233
-0.7110704821418724,0.1539215929877924
-0.6929734477844981,0.11405129055519626
-0.7013479378918089,0.11648449914336723
-0.7450508961965393,0.08792553960275597
-0.6745299423576866,0.18874298566301964
-0.7188725466536249,0.1601584388066782
-0.693185951957573,0.1461057819238376
-0.6823661089445346,0.15404258314100405
-0.7112015846709929,0.10388140885043096
-0.756246377116145,0.10563244250239467
-0.7441422477558656,0.13134863087942847
-0.7552157948930053,0.07663696824670414
-0.7193153490476745,0.17024724573591268
-0.7440720980349003,0.09131421588258294
-0.6903615094115808,0.1467303762126984
-0.7142495233781441,0.11288624516759505
-0.7473166648010076,0.08434039075146392
-0.6942246034903424,0.18694304805686335
-0.7527899784343262,0.08132785555444444
-0.6759348180722334,0.1453860142195879
-0.7434786058549295,0.08029999334490143
-0.7060312012356075,0.09521208884472461
-0.7008697389865457,0.1562625271374518
-0.756435558852315,0.07283696751363813
-0.7433691476967317,0.10251025388783402
-0.6953903213849044,0.10272971390749215
-0.72946992412528,0.10007838209484161
-0.7143004511427165,0.13467183431813717
-0.7464249090470861,0.11038038392030323
-0.6926005933160913,0.11480038958055015
-0.690832099485316,0.14509067490658908
-0.7211876091273797,0.07402877804894498
-0.7154699516460048,0.09487921471969255
-0.7267782738665434,0.12041387974574473
-0.6916303631787155,0.14861854124566032
-0.7554513834746129,0.05871450388681155
-0.7039803139845624,0.1451234149842218
-0.7243781996238418,0.0748397825792688
-0.7636374992498863,0.1009760633422646
-0.7353975238945722,0.14382520861802697
-0.7076993378815143,0.1710284453842478
-0.749482706339948,0.06698269353201868
-0.6935196824197085,0.14249760936097583
-0.7265631550132647,0.1320329400248477
-0.7291321982909935,0.09639132623344199
-0.6799933284040258,0.13191678259506792
-0.7022518487571136,0.16402198061420556
-0.7004891636328138,0.17948147376076884
-0.6655673006242754,0.17223557773794154
-0.7073728009753467,0.15988406189489057
-0.6969240765625175,0.15667283843087185
-0.7349860892904096,0.11531952215284276
-0.6908246235773623,0.118000791238591
-0.6813238582918495,0.19324335354242014
-0.7377559430791522,0.11066401637903081
-0.738267684869463,0.09548633422468075
-0.7405460452682737,0.1361651474731026
-0.737324106096501,0.12482333782986418
-0.6887149194776188,0.13949326888374622
-0.6771123567492877,0.18051480174255038
-0.7043834002203821,0.09205052327969526
-0.6920073674216694,0.15988396827590848
-0.7307650263649255,0.16192986910036997
-0.7199047324077077,0.10621447458682284
-0.7375321488886329,0.060514008393267094
-0.7457391961395425,0.10201819246017352
-0.6910351214340706,0.1214011658362729
-0.725699203536893,0.12650443713644655
-0.6995794917372169,0.15091785493598525
-0.706232047656674,0.12454075846006525
-0.7564376757665244,0.0960450947737486
-0.7010141580353073,0.11140528737229953
-0.7170143720305815,0.1291556322538587
-0.7179518438940649,0.15055701265779065
-0.7334304306687565,0.1420533238476096
-0.7307422736791778,0.0838092501518803
-0.6660469899368952,0.14915630275812716
-0.7041421876822359,0.14464570436048116
-0.6872673655947211,0.16496879983094206
-0.7020708361738902,0.13699351421252373
-0.6713534945562721,0.1786652239716348
-0.75911356627993,0.09533811494873014
-0.7405615701679065,0.13012877132952752
-0.7600279815214303,0.09667155499073139
-0.7079410953584627,0.08595481263424444
-0.71507454961024,0.10900035665900644
-0.6904020866045305,0.1848192866354292
-0.6733462366733038,0.186323880000527
-0.7101605745604818,0.1293274749572839
-0.6822452905757735,0.17263711834274142
-0.7449095322293305,0.14323747695197175
-0.7621386414709513,0.07562858425016328
-0.7407285829141208,0.0850598419555777
-0.7296281890007483,0.12724285265122956
-0.7409635468306133,0.07551507277339813
-0.6710431875791744,0.16827816969604195
-0.7045383481524009,0.11747329674534189
-0.6836521819739836,0.18706226338554532
-0.7239372116656368,0.11702807244924468
-0.7569529940494593,0.10562749788928935
-0.7375980445374091,0.11894631957017315
-0.7017824083589494,0.13084752917111026
-0.7464664442603687,0.11227641347072735
-0.6724139769457753,0.1728584307310128
-0.7556558919565551,0.08716989939453797
-0.7523377587008978,0.10440386617488466
-0.756365550043534,0.11757469881292887
-0.7207947593134548,0.11678170782075104
-0.7212367677670588,0.15718656876481024
-0.6740843280380718,0.17089467588472523
-0.7225731947910797,0.1344871028278695
-0.684247786966829,0.1172102860178628
-0.7540402888958406,0.1230582455417115
-0.6896160144023661,0.13722132043070237
-0.7105380077208613,0.14815402019058616
-0.7104642183581753,0.17448734576742034
-0.7154614864866254,0.17595462952065233
-0.7199475308254355,0.11517671470850915
-0.7039699492653374,0.10642966975142773
-0.7188238403208187,0.10997525608660383
-0.725813781987029,0.10312136797653461
-0.7025152000003684,0.1371139801770542
-0.6894250832357874,0.1563778545358901
-0.7190186702293513,0.11750762039773185
-0.7223752820662184,0.13632575847847594
-0.7072832463539643,0.1147425770517585
-0.7263968009172398,0.12424254199783505
-0.7492608911608779,0.10571232638967067
-0.7257397352504017,0.1467017890506162
-0.7180257763511023,0.11653200938705337
-0.7534927773502991,0.08799623905314981
-0.7557427445365619,0.08247090977795768
-0.7425342352714029,0.05863367328432046
-0.6875237713873135,0.18509437913720106
-0.7068348739241004,0.09477989158395789
-0.7451880005370473,0.12617283838969187
-0.7191975697427802,0.10561071070899872
-0.7057577215223281,0.15170185398030145
-0.7327531160429632,0.09513402282647171
-0.6888733599391799,0.14341381322463473
-0.6883548522746046,0.1275331674635108
-0.6869574028001599,0.1594289403173286
-0.6964356164091475,0.13346524213426067
-0.7165808964360459,0.15646090977556604
-0.6976656515796974,0.11180020537612484
-0.6972732460715853,0.13196893948072114
-0.6994286314642172,0.16490061602075468
-0.712955016590572,0.14487484585743815
-0.7438359415142144,0.10238829013374
-0.7156483644101023,0.11588441615521007
-0.7429700809915035,0.11214237741191835
-0.7395337361629614,0.1109062799191941
-0.7618202834345541,0.08753571049675599
-0.7214518144844104,0.11938915522440245
-0.6877710287387412,0.12475159563643079
-0.7224331004839736,0.16603946480223628
-0.7109438479033124,0.12588622887539377
-0.6894102502933892,0.17892884005121876
-0.7308580358939074,0.13753639088145173
-0.7063220238025107,0.17198038506930438
-0.7222452701155091,0.13046585415316841
-0.7172586299584038,0.14192795939008426
-0.6833512070057907,0.16581926144237857
-0.741486053518513,0.11987504041595844
-0.692303693518336,0.141750376871361
-0.7233911797392711,0.1570282926177141
-0.7021903056259406,0.17493500767121958
-0.7492737650102798,0.08084527294501519
-0.6798354738430624,0.173638401181308
-0.6992253762663019,0.14525763277876885
-0.7586907426853794,0.08823459792141079
-0.7514931109608537,0.10730228788198362
-0.6893919185353914,0.12837782652755364
-0.7362266986904983,0.10998214843371748
-0.7147140249278898,0.12348502186760874
-0.7027615523415877,0.16006500429817513
-0.677915722075443,0.17549855904930645
-0.7470904151193276,0.09526072549915193
-0.7587104548720239,0.06968704579422375
-0.720317135101725,0.1570458128664993
-0.6758859261778213,0.14702178158417514
-0.7403583751710276,0.08271136243865107
-0.7030332829704911,0.1454410633403407
-0.709065158237925,0.12939575707938314
-0.7325559456213925,0.11665624670945784
-0.7116668590165278,0.17104659201651473
-0.7607761584169406,0.09612520040666545
-0.760524153138055,0.05745182802049408
-0.7513771355954583,0.0988817866023174
-0.7240275817246333,0.13828675606419888
-0.7176217081081301,0.13859490086632334
-0.7007321530824839,0.11786965094087504
-0.7021718026818703,0.15981218681449094
-0.7080020473293885,0.11834547509315364
-0.6741247597364272,0.13727877176975736
-0.7479553650482971,0.13248732246468473
-0.7504152169724738,0.06421154307149073
-0.6937750921908864,0.1549496568604676
-0.6858784968683123,0.18530606143070708
-0.7016160281463371,0.1053610072111763
-0.7065066061499528,0.10393242865037294
-0.7521525676825329,0.08031665392021242
-0.6830911512224799,0.15378188071173557
-0.6862113076644452,0.14445707086801052
-0.705803756494758,0.12382309106577073
-0.7487408947612729,0.09600272960163514
-0.6680097727897707,0.17113069302440378
-0.7536831100843727,0.06286176967581839
-0.6996084804954457,0.17347721026142487
-0.6860820346921839,0.14958246249624807
-0.6887897552933997,0.15254315639062588
-0.70395208678086,0.11510443659190675
-0.7393525027433838,0.07801192886210911
-0.701629540897416,0.10624251748082437
-0.7158032025528169,0.09425612697973457
-0.7133305997526033,0.13746128078673364
-0.7144087578845508,0.1340450593418535
-0.6996794244370981,0.14760584957734588
-0.7199302917327001,0.0981073367187336
-0.755568956602889,0.12845741582388923
-0.7339034897941555,0.09779897810826917
-0.7016500875776364,0.18216205419094963
-0.7322639551476131,0.11597434004360155
-0.6739707664912592,0.1658132328872944
-0.7063496978346389,0.1290212118274538
-0.7456276326378487,0.07939678899406853
-0.681521014535151,0.16389943162358683
-0.7163267197719343,0.1347473018237839
-0.6786865504446009,0.17653244901107856
-0.6990935137664037,0.16350339989137733
-0.6934347382931032,0.12831110889392666
-0.7322471144683748,0.12948482576041914
-0.7286421572064112,0.08505170043345447
-0.6984410197760563,0.1859339846978665
-0.6831266570464652,0.17436781664516343
-0.6930805029348073,0.13207175883924238
-0.7481300056467869,0.07918258908903275
-0.7522395845672641,0.08995383703129624
-0.7108368996138571,0.15859558089992612
-0.6724165894999273,0.15990806066108396
-0.7304626566107939,0.0919681743643146
-0.7390038148898148,0.13220636097852612
-0.7191097316477794,0.13239905318766476
-0.6766217109897593,0.14596967309895442
-0.7406141227912657,0.07767064923102333
-0.7106146820559681,0.17628124421351768
-0.7325029670114142,0.09811943197410557
-0.708415984333954,0.11193365172986067
-0.7046941997787631,0.13854916787416707
-0.7198519046660262,0.09471442030770937
-0.7214746245653284,0.08040718944806305
-0.7397908955052634,0.12796882974442475
-0.7208489543399995,0.10497249663616838
-0.7116589438397523,0.09026601085024892
-0.7105400581677039,0.13790673890271854
-0.6883602089632396,0.11665311231040272
-0.7589485684008973,0.10615946023119248
-0.7062791042398464,0.12983064266766117
-0.7301634924465303,0.07576321900403105
-0.7106027185849283,0.15464225104971385
-0.7115646862749421,0.17014798230890288
-0.7158166274292155,0.09851770754791761
-0.7628011208177461,0.08577641012780264
-0.7052500760833027,0.09277917403817013
-0.7248536984537093,0.1379175906071474
-0.7584123611490363,0.06387522680426169
-0.7156201780130713,0.13097067169951424
-0.6713393108342445,0.17196556716735484
-0.7551948767251652,0.06654115035166532
-0.736501182909702,0.12618340168577916
-0.7622612265566118,0.0996098986745317
-0.6795907189971455,0.12013037964135065
-0.7559567931667883,0.12468465518618883
-0.7282520245131103,0.06899018631288192
-0.7441098014152013,0.13956425323175162
-0.7342038852020291,0.11182698643737785
-0.7439368196640381,0.13467263066876917
-0.730926664389598,0.15979263183996256
-0.7296936737974022,0.14057735039272506
-0.705446532292945,0.12598588855071774
-0.7573032916375471,0.08675679279495532
-0.7388412444825344,0.1226222404258242
-0.7560315133818365,0.0742992672145464
-0.6900371914578175,0.17183405117257441
-0.6874803152444178,0.15467125347207306
-0.69354019068306,0.15844587777814267
-0.7700752658416277,0.07921591868238234
-0.7486055051486165,0.06458226569137394
-0.7076797942933595,0.11684959994046121
-0.7073857157995691,0.1559032832717617
-0.7351561884695421,0.0857299504207082
-0.7389691596966502,0.07766546309535098
-0.6723606250014968,0.14614145182909216
-0.6983402457991429,0.11770524973523915
-0.7193652888951633,0.10500975498208014
-0.6777085045328518,0.12891156782730046
-0.7250317150870264,0.11625112072663608
-0.7192277045069483,0.07772092851891022
-0.7132260990938556,0.14796246090545487
-0.7602055664479431,0.0690906974016714
-0.704550402820135,0.1115089085437426
-0.7350391503588445,0.15442430345163694
-0.6979407981933302,0.12158766452728816
-0.7393332408666788,0.12115284076322691
-0.7130398299688963,0.1661239607795509
-0.7068282852573269,0.17626002964184606
-0.7085642793187465,0.15712549826820965
-0.7030987382487565,0.16006839781032164
-0.6665394184845214,0.1908260946589383
-0.7152631325745881,0.10842612274651356
-0.7276533579686897,0.10375156538569613
-0.714864904954293,0.1591703843021335
-0.6869676047164458,0.12522730029609053
-0.7300914150862708,0.15047070565351384
-0.7461043752690576,0.10417668350316715
-0.6765499080842355,0.1372591744571264
-0.6789642031475873,0.162201112784625
-0.7513476017620696,0.07407220464322944
-0.7004861282000102,0.13054625809765966
-0.7062460110118239,0.12275144819288138
-0.7522857964906925,0.13400929369511244
-0.7357793083581794,0.074283629799435
-0.7362021692874847,0.11693244201507488
-0.7008840485293025,0.14125360360576342
-0.7352471920066186,0.1442797921498933
-0.6948141003408028,0.15043572170165043
-0.7434895495414104,0.10681427640242695
-0.6824149101635864,0.12979545489026242
-0.7332697776730343,0.103291550886547
-0.6811469262850391,0.12586951597256907
-0.7087341607666121,0.16677206675021974
-0.7603802234107679,0.11054347928204902
-0.765307624766225,0.07010394493540929
-0.6886836365481427,0.154473872105341
-0.7541706458616175,0.11991425890543149
-0.6777560778771694,0.14520553194611627
-0.7418762004764168,0.14567807766827817
-0.7198304278090571,0.08063673218613367
-0.6895454688100972,0.1101665615873005
-0.7251057814054046,0.12403998070328359
-0.7477823381530362,0.0727014846075272
-0.7095009055108122,0.1398454075187666
-0.7500901513265616,0.12055603164361037
-0.7214025219540471,0.14330370294758052
-0.7095699784693537,0.179396720306722
-0.7125065937663143,0.15059900169087473
-0.7377251575006375,0.07943417499444212
-0.7178830417680205,0.13737229192594524
-0.7595347135802543,0.06964885957090011
-0.7195552081381591,0.12813779920767782
-0.7599440165315625,0.09636524434095213
-0.7558940166204416,0.09465798644335956
-0.7117570243334813,0.17549323475318312
-0.6844521250452514,0.1245510321018952
-0.7407281069614673,0.12379337416199875
-0.7117200127857578,0.11029974941182055
-0.7281154657206735,0.11754477392512083
-0.6853505025575902,0.17920472363278897
-0.7245537380098851,0.1404580095406258
-0.7170267058374284,0.11172470598139822
-0.7497672753622947,0.11476902442061633
-0.7194338341628894,0.11876073573960182
-0.6926092175091093,0.11292248111512339
-0.6908699725099584,0.12388002327470929
-0.746226934539471,0.11242426621326292
-0.7063691256636904,0.09611147019721321
-0.7012622589273018,0.11520089274405627
-0.6987883057742479,0.14101046312479695
-0.7427024547895157,0.07028935859040461
-0.7042247137304284,0.11725926409660078
-0.7449740877018606,0.08724698817739185
-0.7238687642042203,0.07205173424392916
-0.7047290386591061,0.13791536946725788
-0.7300487376076847,0.11068184666265755
-0.7674570865699701,0.0602998484556341
-0.7145209260854047,0.13158644820037801
-0.6746398511244837,0.18920477714069062
-0.7544078051287992,0.07094682934653675
-0.7122295314990028,0.1583217415914252
-0.6980637543368888,0.15118065483967155
-0.7543639564328977,0.09214854440003498
-0.7404565942580945,0.1255992975539698
-0.6971304384511636,0.1628908677526359
-0.7059701703438084,0.13762893157537687
-0.71977106383613,0.11897379831770787
-0.6880936803392812,0.17231784275745152
-0.7456326550811181,0.08008765734477949
-0.6992136604274334,0.10945562185254547
-0.6928868433625187,0.1151303703142047
-0.7404770511616003,0.09951724686684511
-0.7487900282282944,0.12711202718123646
-0.7062680383381571,0.1703461085869643
-0.6919948598837821,0.14390190588709648
-0.6699331288300109,0.15007206816635063
-0.7598725224679089,0.09193716878852164
-0.7153197986102409,0.11825261124185925
-0.705499332725472,0.09343128359023128
-0.7196865437770941,0.09333069171799242
-0.7419201067594702,0.13780818952203455
-0.726711879144348,0.11241397635753338
-0.7430625799231996,0.0774943075956833
-0.7205945208963469,0.1625905591233545
-0.7440279488597714,0.09171265275048407
-0.7155496027458947,0.11532601524489504
-0.7051650833844262,0.16050095895911795
-0.7059801150695173,0.10874679727483745
-0.7557354549011064,0.11612902911938518
-0.7351168141971416,0.12645257809631535
-0.753428767941514,0.11910083942758537
-0.7675212176507076,0.09480411292022478
-0.6771087989236846,0.15036462689472951
-0.7220227439031103,0.13593160126400616
-0.6951440813359745,0.1319750131817098
-0.728875503522052,0.0847205698243285
-0.7070882191554043,0.15765511283643033
-0.6800566320193427,0.12704764253089063
-0.7068316338117026,0.110254907572544
-0.7234844650268731,0.09144794238987208
-0.7623700350334813,0.10559730023671444
-0.717685847030535,0.11152023577075995
-0.7044728763080107,0.10410525721428103
-0.7044944571256053,0.1464810692511396
-0.7091807633330982,0.1343687811501936
-0.7298686250097789,0.10446137402927942
-0.7438857070231658,0.10843888389759834
-0.758807080017134,0.09449486903328946
-0.7097578856083522,0.10150630570409128
-0.7037954334333791,0.10003130028834356
-0.7274250102141276,0.1342148371262029
-0.7159030907630051,0.10399134808583936
-0.7054423002432669,0.10890616577557186
-0.7483792098834796,0.0935674370972832
-0.7523165462641331,0.11779820808869913
-0.7275897151983992,0.13416233814578127
-0.7254862314041184,0.11853260845160485
-0.7092491690646713,0.09432429250264258
-0.7172231409359594,0.1173942550436354
-0.6970533785040401,0.17382615373860122
-0.7299593441035322,0.15518619737826983
-0.6762334703495035,0.1743836910235056
-0.7681919720284319,0.07784414432469573
-0.7281853862552672,0.1586538260418496
-0.7691143373087796,0.08543601367377425
-0.6852472355394085,0.16694044363745827
-0.7068315630299244,0.099301959030348
-0.7392577179690705,0.11911851539689437
-0.7491842418155973,0.08971625138898752
-0.7190381327545552,0.16359585131500123
-0.7212567013217538,0.07641650445519377
-0.7629178924373027,0.08841597177980183
-0.7422151996025007,0.10102892439868973
-0.7237605971768794,0.15450012133525348
-0.701551263391489,0.1365912519522355
-0.7146479031488638,0.0998959725448187
-0.7414025341555289,0.10245061444038972
-0.6754509859016808,0.17823379274319373
-0.697452158344984,0.15536959504314907
-0.7154289766806301,0.12657933399101812
-0.7209467151468506,0.09262911553948892
-0.7068836469902433,0.1627970587514213
-0.7241932779562258,0.13503927334431362
-0.7369413115107647,0.07590621668213231
-0.7461165786334863,0.11072438881944688
-0.7492210688851194,0.08196825643944376
-0.7427423765249154,0.0990627324745397
-0.7108154599414452,0.14102701911626345
-0.7088199743596727,0.10570378536736728
-0.7417479040032475,0.06794995911096978
-0.7294517377251996,0.09903323719470679
-0.6967685145621867,0.18515565497864264
-0.7377648039773761,0.11363830064660958
-0.7233785777805657,0.14087681225049106
-0.7327763606286251,0.09714794612696011
-0.7382962584916888,0.07619416735707853
-0.7041935263740982,0.10682326476983461
-0.7641443092124981,0.08116413589228062
-0.7422478974864806,0.08678357152707178
-0.7228774994021189,0.10127200064416102
-0.6813607020079594,0.1526811580156722
-0.7199365293071043,0.09285919650764266
-0.6889654906362997,0.11199986962475332
-0.6896306244384639,0.1390799563257576
-0.6893382932920519,0.1153584375665891
-0.7572584101683701,0.08361118506196087
-0.7136663332293888,0.09584305179189156
-0.6791695214582862,0.185920281556739
-0.6824576857359986,0.16796630541261862
-0.6824622137947708,0.16875093265526533
-0.7321278299826119,0.1378856933102047
-0.7362646606986145,0.09010428018482446
-0.7244509326341463,0.12390769809237737
-0.7431401122662108,0.08380974075210317
-0.7217153310404686,0.08624214404698148
-0.7449568425124037,0.1312380594266779
-0.7516389924206877,0.062498455516890844
-0.7644189214846498,0.08390000816530459
-0.7268759923342916,0.12357989215825728
-0.7045153683699108,0.1467112154668338
-0.7245148887322846,0.09081320833217926
-0.7400343015871734,0.13354670595939708
-0.7317761272756675,0.10862765463811376
-0.7094255305327581,0.12931443349641342
-0.6995309456965476,0.12523723114888097
-0.7312342715046077,0.1419894013369696
-0.7248741808122827,0.14240283584041502
-0.7019292728016258,0.14680396761611053
-0.6920803416657653,0.15203838762575173
-0.7239893289957212,0.08056793441345086
-0.7408650232380695,0.11540097822096498
-0.7439232344192568,0.0875036430711342
-0.7065908352723124,0.11671542832580492
-0.7107303941136018,0.12661969482590568
-0.7132078230075801,0.15308992502426508
-0.7115731309022126,0.08826426846739813
-0.7458511675457449,0.12017058239229077
-0.6865385903372524,0.1836255567532992
-0.6945175798674011,0.1533105684255546
-0.7021538430708405,0.16509612359670756
-0.7211058721801537,0.15260155670500383
-0.6776221807369506,0.15913473936258224
-0.6803184147047502,0.16836819598704522
-0.707063695331242,0.13833884895686002
-0.7544177529751974,0.11293326373101874
-0.7186915293381906,0.14922661202820553
-0.699064306682187,0.13601686307761346
-0.7138526100050802,0.08306686876818276
-0.7251899856708152,0.10035665192633605
-0.7333639874346582,0.14188986592733624
-0.7343147628498696,0.0820033818529313
-0.7510877771035552,0.06009604876317148
-0.7351912839205638,0.09766406729814547
-0.760101404975829,0.09184720763069479
-0.7225123057069937,0.14735878049281964
-0.7222042222627072,0.14183728026081147
-0.6867545822893801,0.13493283433013722
-0.7001928944780887,0.12852932897481226
-0.6828052428664295,0.17426084418395268
-0.6701869097258392,0.1815620365072301
-0.7283909570923375,0.07113245420442824
-0.6824012809479827,0.13044494130445475
-0.7096701038174327,0.11865754845145318
-0.7183695815236749,0.1481468459679804
-0.7186172470777902,0.1426544931903493
-0.6859568971387787,0.17244725632429606
-0.7506557205966518,0.13421908058400597
-0.7182326630522292,0.07948604131887813
-0.6930910776247055,0.151426669613983
-0.6886024334103277,0.11140747033098042
-0.7337323688419033,0.12256563780543618
-0.7276982027669446,0.1000506796027544
-0.7445897455154215,0.13056981629519301
-0.7338890278467808,0.10908999655934598
-0.7192193528811295,0.11164560120120513
-0.6845495543939581,0.17537265524163023
-0.7561265997553773,0.0850585207924978
-0.7042231278374336,0.12748684302041366
-0.7049419815122373,0.13032936702475958
-0.7453956522566644,0.09461828231789435
-0.721736280415737,0.14327899613534623
-0.7189422043481277,0.14909173463716816
-0.7031963013970787,0.12134061470662556
-0.7342549999573801,0.12504522321139494
-0.7511830083898748,0.11215993695470405
-0.7006812338777912,0.11020412150846744
-0.7516953262683,0.0922750729920223
-0.7234836252918434,0.12365973763866961
-0.703363526654531,0.173134166983555
-0.7492468840272385,0.05877227792276195
-0.6952748113658965,0.14869992412463756
-0.7272873590778423,0.0911882033509044
-0.7513382236864021,0.08024399985914868
-0.6831325010632964,0.127035525727048
-0.7414885493229804,0.06795248842279318
-0.7366448145532344,0.08005143923266685
-0.728315716375735,0.12373293264794304
-0.7377109978754136,0.10418405652145717
-0.7475484428590052,0.1161677452194283
-0.6927258502290543,0.17592525168239334
-0.7091794964728249,0.15753772484995582
-0.7350057246196859,0.12134438067575105
-0.6785707618673293,0.1277432175377153
-0.7374368028122329,0.1464130899899841
-0.6990377033521828,0.17812462917438662
-0.718696302100499,0.14293143255640442
-0.6996125691085685,0.174686176995025
-0.7353424532139003,0.09604977805283679
-0.7322196123545522,0.10991291216153784
-0.7104174331255547,0.12342247175984719
-0.715212271721809,0.12190135378150226
-0.6846531618676696,0.124685662353742
-0.7336562067984136,0.10321151874401373
-0.7278934621635201,0.14010217639195552
-0.6826867125984405,0.15804082083398263
-0.7049673313354726,0.13430104424334202
-0.7477842060914566,0.13107640148533886
-0.7306497368135084,0.14227470213449064
-0.7083820045168486,0.15005353436375554
-0.7326400396164665,0.13801473932802516
-0.7562962522249217,0.07840362811525067
-0.702240234902662,0.14700872216449976
-0.7097385420804225,0.12046503512844617
-0.7263727802273391,0.12152959914594465
-0.7022143299039663,0.12239147368161629
-0.7432053088651337,0.08810506962190402
-0.7491468235665518,0.09570690068839077
-0.699650166573397,0.1467778294198663
-0.6926047740325686,0.13608318040308418
-0.7394337765606843,0.1147078243699502
-0.7161618129786891,0.16506631170573374
-0.6639835270760327,0.17893403822844545
-0.7037215059612829,0.1624098730903681
-0.7212750568174285,0.1433515711771967
-0.7571384492782651,0.09755591616215196
-0.7234240612422937,0.12090537473821006
-0.7394982258701771,0.12053219757519168
-0.7190874282030228,0.15381151655780076
-0.7032773711567738,0.168478921607516
-0.7293150870448718,0.12894333209889544
-0.6966851489750985,0.17890236768749992
-0.7550545888660383,0.1085965040833945
-0.7521455951374194,0.08005491351436371
-0.6894771770564118,0.16838471630007523
-0.7265301028806317,0.13672405208528826
-0.7100657789723013,0.1352114499361002
-0.726083679407188,0.149543044278754
-0.7031117220106458,0.109007331435411
-0.6961936016192654,0.16550522248743427
-0.6922916213299134,0.14046064341756165
-0.7304423207435027,0.11322529538914891
-0.7278795125887316,0.09465178283522711
-0.6987929260183137,0.1638497825339092
-0.7173769015291456,0.14059673076741974
-0.6633164249728954,0.17214677136907783
-0.7393740339329671,0.07772741399590588
-0.7129678794258058,0.09082499416277573
-0.7430639097034114,0.1227294398845758
-0.7310787974510011,0.08611814225254835
-0.7565792827570801,0.08077653169959619
-0.6931934218949224,0.10694750040877839
-0.7262147719891621,0.11802852776836767
-0.7487019251974553,0.12063777693721195
-0.71702931554275,0.1309438597071729
-0.7366529070850745,0.10462518742319074
-0.7611102467761288,0.09374992116864857
-0.701189066343311,0.11517279949044841
-0.7472258289072179,0.08567639061985065
-0.7368950154098924,0.07060726829173408
-0.6821809068092254,0.1644383955930821
-0.7418991320314339,0.0951597873508008
-0.7439121769747807,0.13005205225835167
-0.6780923353744216,0.15482721947632475
-0.7333950482736108,0.11925466468063901
-0.7455187526522687,0.08248517655945672
-0.7028420343758381,0.12402772740903177
-0.7210097292125567,0.13167954031508397
-0.6866984936361279,0.18263629124039646
-0.7035578805213601,0.15596756202168988
-0.7073595118347241,0.14569721843793373
-0.7120595881670072,0.13817893531307354
-0.7102167421671399,0.1352171405527376
-0.7641096978144353,0.08606068081768424
-0.7092132310819936,0.14456937225751998
-0.736057452134365,0.09812998321531576
-0.7285390216826919,0.09745223336901987
-0.7394994880916107,0.1170392262121842
-0.7347334154941039,0.15434184115028116
-0.7323712289412095,0.15021702590587988
-0.6859309577269861,0.18316224189994457
-0.679699583452501,0.14514676703154966
-0.7241015613535935,0.08361161889699324
-0.7290570867339635,0.11777803729417118
-0.7220807786226943,0.13861274959999811
-0.7283875716426033,0.1467828631957547
-0.7484384112863652,0.09357167946941274
-0.7002323267719025,0.1679294692120297
-0.7572025702924651,0.07225338682827179
-0.7137112308306441,0.12144770269263716
-0.726189984391701,0.10881753638218244
-0.7517907278571015,0.09463174712815782
-0.7025129876063629,0.1334078016747445
-0.7033259037777148,0.1448179959821622
-0.7571770347884412,0.06446023311129126
-0.6968604355132815,0.16857619327318923
-0.7572165007739239,0.11419340376473991
-0.6943221634200555,0.16110807872761906
-0.7229733869030798,0.1293406197102154
-0.6882417219210196,0.1753280364319801
-0.7373018113871329,0.07612700348021345
-0.7499674400652306,0.10409012005046911
-0.6917409811249575,0.10926942698837609
-0.7218894622542942,0.12493230322083052
-0.7123947037086401,0.11063471711243973
-0.7397645190383815,0.11795599827724455
-0.7612075418649334,0.10360921178179193
-0.7054493924438077,0.17969962248044288
-0.7073403909531756,0.1454403377463589
-0.745362907661461,0.10280332204386555
-0.6760723805353238,0.17080117687222268
-0.7505926208868221,0.08416607854723315
-0.7538759501597365,0.1073291221158832
-0.7169962659380391,0.10453205787727171
-0.7465741679671243,0.10637645811015888
-0.7042388103443958,0.10354427834566056
-0.7410644309554254,0.12559169120289587
-0.706932989898839,0.10318254825855289
-0.7164920696787973,0.12004676321984774
-0.7384498912867083,0.12961774772759593
-0.7259648978875498,0.13600891318302447
-0.7210760836236435,0.13028605153232595
-0.7212505470719266,0.16683271445918518
-0.7586601175936714,0.10959289568339993
-0.7410970205182377,0.1359277148458
-0.7111498871845271,0.10353567814618986
-0.6797998429926957,0.15307794020040946
-0.7020710661105444,0.1512677263839035
-0.7185884107180261,0.09922648586308298
-0.7428303677351428,0.11377612215189613
-0.7253686124409219,0.08726051832901158
-0.7078662075293303,0.17031173214135173
-0.6933179075593031,0.13976679800933722
-0.7222442246162027,0.10674838348492492
-0.7546947792479016,0.11207632121518567
-0.7303602104079308,0.09504734301928999
-0.7481559895239043,0.12790179565395748
-0.7079820888454914,0.1364580694058669
-0.7352147487780952,0.11710006902308116
-0.7309960126292009,0.1105004160724885
-0.7147026231402422,0.16511382824489476
-0.702460736224663,0.13910156948474012
-0.7256960491481236,0.11152922477522867
-0.7005990576262386,0.13139607752635565
-0.6954001480120796,0.14404185040038694
-0.728983716131226,0.07888427001985104
-0.7038624619381647,0.1574504930470182
-0.7342446987846836,0.08083476094708311
-0.6962297846298543,0.12912580336736298
-0.7349022503352303,0.10065852364911214
-0.713612972453693,0.11317971274978487
-0.7420055297375692,0.12144346588882596
-0.7337728811985386,0.13430675845858644
-0.7177110781489743,0.11958861346470247
-0.7481305756921196,0.09540888734528624
-0.7019009229987502,0.1053265612956232
-0.7509075484937012,0.07785813885935704
-0.7104641854394721,0.09229438248454055
-0.7207806490054557,0.14794452673721287
-0.6797922942838263,0.13006923902259676
-0.7321256539173392,0.0772473964597381
-0.732886709587117,0.11227231921926066
-0.7338403066556559,0.12357185625191536
-0.7489364342424704,0.12798891029608053
-0.6878339263872836,0.12221953963570592
-0.7244680807786879,0.11633251380021606
-0.7340958524062158,0.1258824235745592
-0.7280752440331858,0.1583533723532409
-0.7274150067266274,0.0938945046577162
-0.710113668930153,0.12712648342015442
-0.7110415488240558,0.1399388252091295
-0.6920050209761914,0.1512445924037529
-0.7618524422648956,0.06430342802258697
-0.6865294237521417,0.12736593143799388
-0.6801650070502145,0.1537716248373813
-0.7322144129971493,0.07575188752540331
-0.6731926537054519,0.16386324184682927
-0.7111824744560034,0.13994029510522188
-0.7131883631779786,0.09146579911871364
-0.7322018570985986,0.11861726180450899
-0.6981944160804969,0.15843364855351263
-0.6943885843094323,0.1536397844891213
-0.6685483544634375,0.16550874149840433
-0.7083221788422245,0.09778259397043844
-0.6886761362377168,0.11936954565662986
-0.6897792352315117,0.17747239965470982
-0.7314323700396882,0.14024517095607836
-0.7112211355669696,0.15082501042321153
-0.6804319185431579,0.12233439084282942
-0.7022361168242139,0.13177404971610562
-0.7464678598724752,0.07250091559894359
-0.7434660001179055,0.07457119814999075
-0.7214232757814655,0.11777747484389808
-0.7303095964545455,0.12918139018317532
-0.7121950860012927,0.14543633820621324
-0.7094929214309397,0.09368023142507073
-0.7483120410358369,0.12173047962719609
-0.718193400320321,0.11934453263400338
-0.7546347065089875,0.09929522238138146
-0.7245963055454585,0.13464625398881144
-0.7040289267069177,0.1494393365769693
-0.7184694784655662,0.1334785934633984
-0.736955421259965,0.08141656897040823
-0.7288368609480667,0.14080682331793393
-0.7397326720875567,0.07393500874205469
-0.6676065293522742,0.17060251406254923
-0.696514909401407,0.1429337046113008
-0.7313231257933422,0.10547528148583675
-0.677561943008284,0.17690763790011238
-0.7064673154664318,0.12560139928357866
-0.7477886130311502,0.1326454898687549
-0.6835616862327833,0.13552647519057057
-0.6739500318025285,0.187850761667614
-0.722674811965389,0.07347205802311303
-0.7249194191027462,0.10086265200130806
-0.6880670860945538,0.1531882208418076
-0.6934130065715879,0.12475842032087829
-0.7259083272354248,0.15581247041762733
-0.7376811826424781,0.09282000502559962
-0.7150290004988868,0.10993879296203901
-0.7366173500945776,0.09480946732946484
-0.7316353316419832,0.09016719727700605
-0.7387806420238526,0.1031801974039668
-0.7305295838393338,0.12578965234361303
-0.7157465610605149,0.12662800888666217
-0.7296592168313286,0.15460657212028955
-0.7070472470619208,0.17742465038387498
-0.6947362788064813,0.1365916716320473
-0.692260200488763,0.15429660981738733
-0.6890307250535511,0.13694385647882423
-0.68324646337073,0.1244927095707455
-0.7332647066053232,0.10768559048940086
-0.7047348924534323,0.1176858919434856
-0.7021841385082891,0.17975641197187167
-0.7419729401544886,0.09356985313452205
-0.6902451343176678,0.10747730380455452
-0.733789294469094,0.08029120941596705
-0.6942347693906855,0.1355772379274484
-0.6991461978687463,0.1295321813145369
-0.721135831863049,0.11858718727479055
-0.7416620984495782,0.11965055335249285
-0.7010234833726882,0.16923557503591152
-0.6762764473797022,0.136210575736184
-0.7368773552800582,0.10158948945879788
-0.7033614941387746,0.1341507703233466
-0.7229301423137297,0.12447511642585934
-0.7284175531199738,0.11181712116410138
-0.6846585473660313,0.15478319738798824
-0.69841337352966,0.14084806543053663
-0.7117749360570146,0.1470429636224076
-0.7059015154254124,0.14710829922707475
-0.7487599186271209,0.1316390307242371
-0.697353032967354,0.1614571850554367
-0.7263175600393265,0.12778168612194815
-0.7306050516964909,0.10384224147334295
-0.7380544928795862,0.08977348315789305
-0.7253142282720298,0.13922123942527936
-0.691647189700269,0.16857016174061562
-0.6732017223833856,0.17028280513149974
-0.7082700723007102,0.1172762795891461
-0.6869792887942114,0.1720416542289746
-0.7015085949131664,0.136326853812577
-0.6724001438046422,0.17309024024194175
-0.7293285867404478,0.1165351478414167
-0.7025216428811635,0.10596838846056578
-0.7563041166544486,0.08793843345475556
-0.7357596634430107,0.0886427600145242
-0.7242959654244162,0.11717020980564355
-0.7290671856510205,0.154863622121944
-0.7366283487378431,0.13587571625249986
-0.726737749790278,0.08512852092870407
-0.7063259647664035,0.17452728108856227
-0.7287916846848076,0.09282642911398034
-0.7230323511388564,0.14618380978072806
-0.7285989623450307,0.12841669014772275
-0.6864176394177067,0.18215104878051674
-0.7332249217224454,0.1276176451269257
-0.7422875751359523,0.11770522493400415
-0.7400161487356288,0.1485959469254845
-0.7153604152811507,0.12408005989140547
-0.6935169803020678,0.12642521450415886
-0.7497009611347323,0.08655546210619937
-0.685429575372068,0.17567885550460188
-0.7236639866111249,0.13514086041985318
-0.7091881296481604,0.1188715435449275
-0.7051981905969137,0.13326750019999717
-0.6929766201918721,0.16307832552000412
-0.741180251677524,0.09760378240125812
-0.7389421754085095,0.10398930847078725
-0.7170460083386061,0.0929032376110883
-0.7414316593126455,0.11976630283847499
-0.7255544077719609,0.14300805156603374
-0.6827750930555967,0.13523278145778803
-0.7326359005170507,0.09954903771418899
-0.6946066905295327,0.15724363563954885
-0.7255344912429589,0.12335268128276348
-0.7261985170922988,0.14833505619059562
-0.674431779488492,0.14959946555800033
-0.7117334390640009,0.13564616327634574
-0.7121969945735791,0.10343080282196362
-0.696101661716743,0.14793808773811015
-0.7178646351369102,0.1348434377378484
-0.7130961392108116,0.14209068782184522
-0.7028704663482683,0.1741041622175454
-0.7239898951100997,0.08143944981591061
-0.7228354976801526,0.12945187361076477
-0.7015060660167458,0.13614479148907876
-0.6750876260238984,0.1585871614346683
-0.7109522825630836,0.15280803433241963
-0.7364790690220101,0.09265470189041165
-0.718996664976138,0.166560122693477
-0.7107255487453707,0.10654847052654016
-0.729566680624087,0.10473696376669271
-0.7131057124400207,0.12671670201611845
-0.7196392993829205,0.1459973282168519
-0.7190468952611317,0.15621252645063563
-0.7462025816622203,0.0973233553252346
-0.707935447702014,0.1368983941273361
-0.715946456627059,0.15323309681623618
-0.6854691516576323,0.1744353921513486
-0.7356983500422545,0.08551137912916973
-0.7298008092631886,0.08973297906072218
-0.6988900611759087,0.16369146137285223
-0.7235006876753055,0.10651108691425812
-0.7156159345658815,0.14148179233560723
-0.6895818203932303,0.125642807181832
-0.7036650431226603,0.13902775986816504
-0.69659873236328,0.14309109594336622
-0.6744820206964874,0.15559719300478228
-0.6897608309574066,0.12004141845555986
-0.7121146832889652,0.1662864537144844
-0.7174077567776016,0.12544297215484593
-0.7295513654755209,0.15323120475185156
-0.6955688150147896,0.14830155765522524
-0.7529879797300928,0.11170697244502209
-0.7482626314046055,0.07554156065177933
-0.702249285785089,0.17504308123991918
-0.7061980284578615,0.15647315033172005
-0.7142745433458964,0.11988728309548566
-0.7226033704571313,0.15086441563750308
-0.7208400152598438,0.12262104740589745
-0.7027071293742064,0.16072703204417332
-0.7416440076056285,0.08362727345554545
-0.7021542444594558,0.13787140962688474
-0.6997407303862648,0.17197893276253204
-0.688148134357203,0.14282903052775855
-0.7429221247541324,0.1112980064367878
-0.6856657447118247,0.16369512324238789
-0.6974500158355597,0.1477006733527437
-0.7196934287210486,0.12214649915265358
-0.7617239200203495,0.06193705547628207
-0.6951182784146223,0.12443454647315325
-0.703500821825194,0.1250371424349577
-0.7011492263083672,0.17479923273837836
-0.6983524267131789,0.11494926437489834
-0.736427922269505,0.1256081496209526
-0.7404149721629341,0.1462629666879021
-0.7388020205331955,0.12782844569831855
-0.7279810683882725,0.14691289736845226
-0.6938318135460155,0.13490094751211332
-0.7149068883516948,0.12518702563984802
-0.6988289834178635,0.14152546606023944
-0.7061890051510277,0.11508246812521784
-0.6984898514123621,0.16186468014762315
-0.735964104852821,0.08708684086987398
-0.7284849575269835,0.09422020556331273
-0.7132666748834618,0.1034942412017586
-0.6956221029673934,0.1325935787979829
-0.6982334655541752,0.15057060167498337
-0.6728948850814885,0.18453576173949232
-0.7102417883864776,0.11241441834035339
-0.7114090568354992,0.12687534038624446
-0.7129376546302099,0.16086833805542158
-0.7243920166043645,0.13241857670034696
-0.6906640182669779,0.15404316802902113
-0.716019954294796,0.12459813926117912
-0.7120847594811314,0.14468580684539462
-0.7150772399218226,0.15834934188595107
-0.6878569945404055,0.1517052407292158
-0.7504210340908292,0.10362702106253549
-0.7078118756439004,0.09746315947682656
-0.7459803709012884,0.08769781135792735
-0.7042835455607407,0.17288156801400886
-0.7315161095413706,0.11737233682450154
-0.6990944629207406,0.12156165454543555
-0.7261266916218362,0.13874733179297716
-0.684338176196999,0.16576914591272693
-0.7236169210279494,0.15042981935973238
-0.7058469933012855,0.14255311655377748
-0.7604858752639202,0.0707854976612903
-0.7165840550242082,0.11405554495057736
-0.7293818745640748,0.12823695911120278
-0.7606790036844003,0.07820150833455937
-0.6791461833529957,0.1793111231264482
-0.6685361937285464,0.16352437904100983
-0.7141351690448958,0.1269356489037474
-0.7273104764734305,0.14041636913199346
-0.6828143215506589,0.16887928760110313
-0.6849492479928422,0.1758289865991028
-0.7079237392675178,0.14430758456690873
-0.737152792151781,0.12703868964644796
-0.6809900157884549,0.16529660046509337
-0.7573698594381895,0.10707809168936573
-0.7216912409195028,0.13290700756779739
-0.6728722370904033,0.1786810468042086
-0.7489818666465002,0.0731397248135501
-0.7103833641963155,0.1554053331070362
-0.7212548759528347,0.14706350854180245
-0.7065883067545277,0.15292618201194505
-0.7441898203573036,0.06830581175913712
-0.7155284169726054,0.140729286246235
-0.7493053453273937,0.1263766348986365
-0.7086430369880629,0.1341523970666684
-0.7197141439364481,0.1395788771755948
-0.7144566536679375,0.15562292446909573
-0.7035699929986938,0.17816437996153942
-0.7433269749706775,0.08495389833860402
-0.7510552181783221,0.07645516551877875
-0.7496951654425286,0.09011594704699802
-0.7170824853723791,0.08613924252560279
-0.7328331789129141,0.07781518317124689
-0.7066414076189683,0.11372983588526998
-0.6907361547138242,0.1307241176173939
-0.6917657742322775,0.11601435915295069
-0.719771857340876,0.134321154983421
-0.7176187130875827,0.10950741241147392
-0.7416740590012179,0.12369330831778119
-0.704345297947816,0.17954861196389707
-0.6848828379584087,0.17874081981356715
-0.7198954074144126,0.0834954283263303
-0.7306966142464141,0.13277131450215265
-0.7253557390722397,0.08946419434919783
-0.723626201331773,0.14263739697826874
-0.7604895292343552,0.09482192341436407
-0.697226162976485,0.1754905058601548
-0.6914516631298483,0.12184852727805387
-0.7523231455214313,0.08185489194249077
-0.6697928003545643,0.17062110949254752
-0.68523127575837,0.15745209016755682
-0.6906443021733993,0.1675972226504447
-0.7002269112273247,0.1639154615066707
-0.7407878894041027,0.06582391391760477
-0.6929569048389437,0.17288754469980286
-0.7025976935503171,0.17497520687558735
-0.7067196371918651,0.10729546857915165
-0.7545891848885081,0.11502850306786026
-0.7531830885699413,0.10550302256014993
-0.7528437693610226,0.07886722912565891
-0.6640663085457679,0.17507218322711018
-0.720778401944429,0.1425063705609222
-0.6864448356161906,0.13952304177799343
-0.6956355297125438,0.124566374028304
-0.6913340770178404,0.11253857067075591
-0.7147540099525828,0.14705258438985624
-0.7529756369634508,0.09228391893582025
-0.6829679902591875,0.18500340806948748
-0.6705037578649796,0.15843292819308674
-0.7458959049631539,0.07826833935633837
-0.7394806143500879,0.1096703781272858
-0.6712476274987506,0.15528556972695715
-0.7310346046589686,0.11889190092253765
-0.698821471561229,0.14425506086184844
-0.7222029383409088,0.14030913745494478
-0.6968382423972498,0.16681649573240978
-0.7080963879149653,0.14258181840010356
-0.7176631078305398,0.158575209294049
-0.7144851891298337,0.11549304368669158
-0.6946936362230263,0.11352036430070334
-0.7179428799752078,0.1475395469107402
-0.7091886684229196,0.125685001435467
-0.7313566568671924,0.11359729166850886
-0.7641462287745933,0.08148838935588276
-0.7236337866857975,0.09312424840444124
-0.728418776055133,0.14502530389607646
-0.7003499930487335,0.16429686590107412
-0.7042060341667292,0.16043199199647687
-0.7054220203338695,0.1748000034905494
-0.7290838133917389,0.1014936852600477
-0.7434859547507815,0.13463682322344303
-0.7388735973658229,0.12427385529451335
-0.6985602999985776,0.13506704668101416
-0.7119313123573856,0.11842272416590359
-0.7149805990419663,0.13159503210307658
-0.733186105538423,0.13175969101837434
-0.6930500524498975,0.1276193520456601
-0.7557494587757817,0.08009051312512941
-0.6946113535581196,0.10246450701029769
-0.7127703654853778,0.14621510529788828
-0.7091786408780573,0.1536526507216966
-0.6979864672332217,0.13323411016596423
-0.736086188705215,0.08954387025359224
-0.674746597319017,0.1787868749206661
-0.7467731442773023,0.12208492890116367
-0.6975459244120317,0.10971564205707733
-0.7172113015683071,0.12207284597204512
-0.7239359469228527,0.11540335176682937
-0.696127066202134,0.12244441942646177
-0.6995036547889023,0.17684121762888286
-0.7412374705640118,0.0918351131564092
-0.7200546130418481,0.11520923586939132
-0.7517358457099199,0.11246363595528122
-0.6774937805985719,0.15610648302392324
-0.7425966766610403,0.0939439011286126
-0.7186348259977788,0.10849205430167144
-0.6860065813955628,0.17248771666276316
-0.7444882323126953,0.10000227091084042
-0.6958560600402199,0.1451086124202072
-0.7499263589926172,0.1097158206451468
-0.7467696802598994,0.09088769129738743
-0.7623980956653928,0.09486643088016461
-0.6704298342399003,0.1797035155389517
-0.7078461462953402,0.1295810219280512
-0.7293414662957675,0.13890659729159544
-0.7079536229181018,0.10684435498915235
-0.7195530336995773,0.09768210298545218
-0.7070715745041383,0.0897433500682564
-0.6754563425010705,0.1717955968731983
-0.691317416856643,0.13532922033375352
-0.7052287960928401,0.1396269576478819
-0.7414118689978857,0.13787213457675518
-0.7246128323035309,0.15599400476550065
-0.7493625732429304,0.0839843144164618
-0.6895133843133532,0.11626063674091598
-0.7436967491881403,0.08219624403867441
-0.7384550591258975,0.12953810933001078
-0.7128549771995492,0.1668551786950266
-0.699409751306699,0.14704517653905805
-0.6889698532768419,0.18576187615172046
-0.7179155959708251,0.09643129650016596
-0.6946337984642074,0.18310100314394223
-0.6933663754909171,0.1698283810081424
-0.7075555751447875,0.1216084569681688
-0.7234991588606572,0.08641157998838062
-0.7040887649347866,0.14758735316585397
-0.6815122013976227,0.18093629950618675
-0.6851946956715121,0.1320911819343498
-0.6910478143289771,0.13599147876931264
-0.6810221731457077,0.14405600609873032
-0.7387269308647819,0.0879633278945117
-0.7505444926854348,0.08089276519154671
-0.7153266442892194,0.10449315078989369
-0.7189069807594082,0.14011798633702593
-0.695991454038925,0.12291174254657201
-0.7082936772417376,0.161343203368414
-0.7366961331307529,0.10403371312163535
-0.7150991401453933,0.1449023197590787
-0.7654420381218601,0.07517854919877187
-0.6996040858726764,0.15066732554241732
-0.7593503949449337,0.06939031868785664
-0.7326994661602044,0.10216262490132058
-0.7141833483389382,0.15199073040546818
-0.6887080707993034,0.13904574982939288
-0.6844161364210194,0.1216016176670938
-0.6840965329659342,0.14104647395558245
-0.7299630286479742,0.14888921929308854
-0.7142279677971595,0.09744006043450779
-0.7265891826140701,0.11317926788341304
-0.744269071650225,0.06687995603223669
-0.6901446049522985,0.14219018779384923
-0.7093028431508956,0.1522678968468722
-0.7369942612976207,0.07740438265478328
-0.7318954918169289,0.10095334858118138
-0.6715394799603567,0.18066797808722274
-0.7600841633619048,0.07248655681910879
-0.6989947781901368,0.14813402414326127
-0.70865811300994,0.11877875596170692
-0.7427828973087706,0.13042805687162431
-0.7293678924647012,0.1540297669545135
-0.7040477478326794,0.1229812305540124
-0.6931847828641762,0.13900879878286218
-0.6953366448778515,0.16803992408088955
-0.7619991650145477,0.0956171136661496
-0.714835456263071,0.12688654405457087
-0.7271422670666362,0.10220581518292013
-0.6862713653513527,0.1777636317053655
-0.7241284586989003,0.14850140610248208
-0.7405091779479652,0.11495699175211341
-0.7595738270029828,0.0890659801248071
-0.753042443265795,0.09035511947271163
-0.7578288000267337,0.10686667730560308
-0.7589391738258928,0.08815049499298672
-0.7565476319042681,0.09489726927008697
-0.7071380562589539,0.12103200058856523
-0.726063986090232,0.12538295330943466
-0.7483639035798562,0.08741645543571137
-0.7149406331233215,0.08188231569235876
-0.7217276272096307,0.11490207017181076
-0.6981078237735304,0.14501704537248095
-0.7371196855284159,0.10601477532993096
-0.7105488936350922,0.09358072831359143
-0.6896358108792848,0.14157126162184738
-0.7035433611341165,0.14422002160952535
-0.7481632255694955,0.12705061521703787
-0.7317878607714565,0.08839457519609324
-0.6778721802586202,0.13942998846551408
-0.7082695815050594,0.12839202997915555
-0.706092060314067,0.1457399561057785
-0.7000586510044834,0.14572076585236057
-0.7132584516607172,0.11502926687763242
-0.7353956341375367,0.1048340519789967
-0.6791297476595269,0.1659436969926103
-0.7523520440123105,0.11787736519325737
-0.7437186894767628,0.14089256032379568
-0.7557984641694488,0.0944704998201476
-0.737873646515216,0.10833249939441734
-0.7032903422610614,0.14566775029263576
-0.6890066655123583,0.15748166515969336
-0.6931119793000063,0.17194211351751687
-0.7416876992705569,0.12520361728013565
-0.7057233072452701,0.10633750190109756
-0.7525629075784193,0.06124817082319125
-0.7385505282255774,0.13864116042132213
-0.7333592083824126,0.12826685543415184
-0.7227541505119072,0.09726965559556096
-0.7139438203893053,0.09442381895196558
-0.7356821435449657,0.06967903408817915
-0.6990089894335677,0.1494931814670002
-0.729337829554583,0.09159591055268147
-0.7126147497495307,0.08390129214581431
-0.7303084475265504,0.14824447321168852
-0.6990511704769836,0.10171606487596985
-0.713750258596868,0.11598592559723685
-0.747199654471359,0.09000563371662101
-0.7063227115607054,0.1278921923098819
-0.7436081437992169,0.0878557027584318
-0.7116965993473385,0.14908413040056342
-0.7333747302297614,0.12750975782759932
-0.7019065752842759,0.17129802429383248
-0.7246732339996149,0.11710983969351864
-0.7473476033355865,0.06433711670579398
-0.6886652712785584,0.15163673486634754
-0.735278203118148,0.12463717512226571
-0.6678288552085564,0.1728118774734392
-0.7248076564114118,0.09683536550961878
-0.7119521495860065,0.11965312273536122
-0.6834693297114529,0.13515851146915345
-0.7370089948235048,0.07017885942282338
-0.7195999908669883,0.12102539336778409
-0.7262930475842143,0.11723033066976797
-0.7393027537131571,0.12777112049248748
-0.6954194464206075,0.11761270969419696
-0.7199043502183908,0.12282800338263852
-0.7020463229329034,0.16790354041991756
-0.7343561517368073,0.08047595252499402
-0.7313148515530346,0.13934687092345063
-0.7250254876388311,0.1137423734758923
-0.7107859467030193,0.13847516725834877
-0.7296334832493541,0.08243436388388385
-0.7263449247639281,0.12189040861869016
-0.7017574065882192,0.12627253071840333
-0.7511439439363692,0.12346314842586817
-0.7132171080090115,0.11979623991379806
-0.6772471282056652,0.1551351963927859
-0.7394254418347265,0.08462944844349435
-0.7338652425353598,0.0860818481596243
-0.725191007717704,0.08141665512711704
-0.7038092641695521,0.1395400913462709
-0.7198968629758488,0.09317242361788726
-0.7150121185146789,0.12371090667817282
-0.6828603755548643,0.13904431334862483
-0.7227038916504327,0.12334521384923373
-0.7361434516698748,0.1352595991388499
-0.7286665211871436,0.1357771694601797
-0.7361392963954202,0.10344914889660671
-0.6900451455548964,0.14401327884683818
-0.72213144891524,0.156568335416486
-0.6673808884074872,0.15282225871163374
-0.7248439719195671,0.1486170496268745
-0.7538000608375716,0.06531382259942754
-0.7047114695038907,0.14458559535543078
-0.7355378900560466,0.13477540635991817
-0.7361208170938679,0.128729804010625
-0.677529382492434,0.15792039102905642
-0.6808122975039204,0.1698075709454108
-0.7304356310448217,0.12001383272161383
-0.7266975102624528,0.13313789825660646
-0.749445198315553,0.08523842928165981
-0.7063596097867527,0.14119374590066072
-0.721136157200909,0.09761600094352609
-0.7293441064876444,0.1505021192440801
-0.7155415069288303,0.08558073739221868
-0.7462367843363822,0.10329759008482985
-0.7378215644669021,0.07069624531393753
-0.733378208883769,0.10422415270355291
-0.7066285452669125,0.13012697991399966
-0.6981496586379082,0.1247192116910826
-0.7257013962587445,0.10955523851536053
-0.7289701475308012,0.12201109153522184
-0.712488291242846,0.10142432073174615
-0.7098195329470044,0.1083876633643581
-0.7411354972135884,0.12766950714628997
-0.7205657244919828,0.12138461991104002
-0.7389529558515031,0.11979025652096373
-0.6670079513407123,0.17220632470960542
-0.6995966053548186,0.14586302482606528
-0.7235282572548761,0.13790731557885355
-0.6802800266773571,0.15055299703860353
-0.7340596142430175,0.0913313607321176
-0.6825276555893112,0.1392210361404555
-0.7065647274732155,0.11041301044545833
-0.7228176361300808,0.09586497000035298
-0.685829066778204,0.1724601425784981
-0.6857998991529036,0.14253552573152925
-0.6791784398116789,0.1560217135246111
-0.7192151808484173,0.15122214728244143
-0.7402009762975282,0.08716303127659587
-0.6782103788699835,0.18393980933040446
-0.7285957688665127,0.07550118050710584
-0.755838103470618,0.10752231427181627
-0.711420665634699,0.11831224931880481
-0.7167835727612637,0.12249154175700887
-0.7199206010458002,0.08502309652565077
-0.7292893334442385,0.10350137619986718
-0.6824032991940641,0.1271625975570925
-0.7334839013034913,0.13243750930741152
-0.7257767313729218,0.08120186080982221
-0.7459461950539905,0.12557864350881592
-0.7033328939799544,0.16466770249509502
-0.7096873972977932,0.13406164868803197
-0.7430245379846945,0.06854723976921465
-0.7391769095046125,0.11801042044916739
-0.708243253366374,0.11693104555284688
-0.706877438221634,0.1389263529748629
-0.7236119935808536,0.16165900770383004
-0.7437905866377876,0.10983270599257043
-0.6797688225538501,0.14536395537205052
-0.692127949514109,0.15429631467911792
-0.7179861405811808,0.14552832444712582
-0.6817291688877535,0.18351612386065078
-0.7112164978245356,0.1254072268691175
-0.7094422247914159,0.15253765174543824
-0.6967832004459135,0.14063196410971882
-0.7085789146573648,0.15481833536225184
-0.7390456898193691,0.07938703571250981
-0.6939734745500097,0.1464679021076812
-0.7434580138514636,0.08911600896541928
-0.7038389489879097,0.16134928852896777
-0.7176016400815369,0.14643733691661603
-0.7554733926341866,0.08442734093158435
-0.6753640468193524,0.17434624178903718
-0.6970049272873391,0.14111926608865985
-0.735033080506088,0.13172908316621434
-0.6737069155721092,0.16667686500063125
-0.7274868371164498,0.12379949661867981
-0.6950888374248847,0.14630102698856873
-0.6705956918063988,0.1737146619378388
-0.7352478952180516,0.13809521141972503
-0.7525186611732572,0.09068808031840338
-0.7064111967266257,0.14772183717526682
-0.6865185587115811,0.15437266100961392
-0.747171741815892,0.07415798053095247
-0.7230295696609155,0.08248012701814182
-0.7400143086249242,0.13284596115119754
-0.7365852263162211,0.0768186527856483
-0.7066935638129911,0.16841967746433192
-0.7483884730732427,0.1075876413567067
-0.7156410851842033,0.13344994731009868
-0.702463859855518,0.15935354070227414
-0.7324317617335128,0.12799775730511218
-0.6896088555403558,0.1527556205605266
-0.6832006846138494,0.1794939519414948
-0.7429469153286372,0.10383297575020453
-0.7462190264848649,0.07685687903083395
-0.6994570027329026,0.11744369501990175
-0.713996858320603,0.12414889710926512
-0.7052434795680665,0.11506366179724851
-0.6924369118272257,0.12131351651843837
-0.7614182526356609,0.07353715987287637
-0.6928949300054862,0.17211978841578449
-0.7078126071520016,0.12388629010555492
-0.7456554336353879,0.09269271700189162
-0.6986872814860704,0.14162454967447877
-0.7542482775651939,0.09938732810118464
-0.6803347650377758,0.18380819643908428
-0.6951849866968195,0.13418499674786916
-0.7198149625169256,0.1174323726159961
-0.7417469832176194,0.09218275527231996
-0.7321836708851847,0.10217625229895691
-0.7349246173518872,0.12904744554408057
-0.68116715325947,0.13054057927010143
-0.7176315857419597,0.1366300855025311
-0.6929775667566209,0.13721739000421743
-0.7167575587035581,0.11446320646030442
-0.7144914787723665,0.12315730787131285
-0.6875342789133954,0.15205852987146798
-0.729690280912237,0.10417400053204667
-0.7392854509328459,0.11006490728850571
-0.7509016717262482,0.07312530086213521
-0.6934437639637033,0.15061581523181855
-0.7434294865719695,0.07134406932182268
-0.6957543531832074,0.12285630764183267
-0.7239880808166216,0.11821097733115515
-0.747712560806758,0.08225190168729252
-0.7099357523448034,0.10307134977216889
-0.6784743444104924,0.15520786151530727
-0.6940980718874158,0.13900796168622317
-0.6999934909406799,0.1334459514480187
-0.7125283195849221,0.13136210384886424
-0.7041715023770254,0.16932038354683435
-0.6800246300597246,0.12610816803986555
-0.747374649874714,0.08268315903329047
-0.7077588583823026,0.15672034571426385
-0.7415662996441478,0.08271532466703309
-0.7517881758536474,0.10010129428630886
-0.7480248273398878,0.10127864436573175
-0.6742365695086695,0.16930012400334177
-0.7162200596951012,0.116446193432481
-0.6869098950078942,0.14463545435278896
-0.7286877418226225,0.14690650157291027
-0.7424115005947072,0.11608884736104007
-0.6991348522523435,0.12497754830451674
-0.7062473004595365,0.1532281793041897
-0.738203434461857,0.07096350402952002
-0.7539105930396564,0.11188119683350231
-0.7481678874060361,0.08847837606807997
-0.6934590136607026,0.15854255521187668
-0.7217096862109367,0.13045509293775984
-0.6697511056514668,0.16006426090821504
-0.7219929977658298,0.1118071447504198
-0.6847295897875433,0.14172097918701798
-0.7002821222622763,0.16363764783029133
-0.7082334494352032,0.13274935988651554
-0.7198925120652665,0.10259077193939974
-0.6837924962600966,0.1393261383687056
-0.719068969061479,0.10649434266578606
-0.6987406456765475,0.1094622972257106
-0.7141104607472712,0.1312821162822331
-0.7314868520315293,0.07782488419569443
-0.7474414607358202,0.09448063748970295
-0.7213583870342164,0.11664886648233898
-0.7446851366559885,0.09892441152235301
-0.7089516538494431,0.10503188610557591
-0.6796462032428648,0.15029229566582916
-0.7225045489647024,0.09192886731758025
-0.7082012119121731,0.1681804164708108
-0.7369964650463438,0.0856788811092044
-0.7100917056508624,0.10613580149164126
-0.6858457681482162,0.17545955728828053
-0.7274267329485089,0.11344972357129801
-0.6871887996851992,0.13993569758083813
-0.6937941681219633,0.14556041186679786
-0.7184195269205385,0.12032284765806667
-0.7061754737075434,0.13395585602579518
-0.7371874974693113,0.10577154686212963
-0.6919608827406596,0.11908881200387926
-0.7397925870794282,0.12715339973688733
-0.7353311364937629,0.10200646447035121
-0.7191798820808479,0.11999039117049295
-0.7416080694813684,0.09561359710881147
-0.7444567651201638,0.1230026334747958
-0.6964841576014604,0.12701784331939506
-0.6883991484529878,0.12120464121020687
-0.6869063393674916,0.17400405650535863
-0.7412499907034117,0.10242830834026911
-0.7126697707449641,0.12130211023243148
-0.7100259674268885,0.11694413364232854
-0.6753036946870398,0.14165150319452194
-0.6774103056841265,0.17820526149967872
-0.7471610262943923,0.08954638323582496
-0.7521970250721237,0.08733185147268532
-0.7406248862004515,0.09512634067921732
-0.7302686035996151,0.10047092768494119
-0.6842872995443883,0.1589006121667487
-0.7110542118193796,0.12762623790382674
-0.7152782477434831,0.08586715483658912
-0.7421073086178755,0.06794209601118324
-0.7418867993830495,0.12516413410821664
-0.7246758398288609,0.14928066467446308
-0.7374155500244722,0.12036881730185155
-0.7345374085882405,0.0820642339066432
-0.7438535409648525,0.10467247079169269
-0.7389430288031267,0.08001726745596213
-0.7027807226257606,0.12011721238801952
-0.7380082956357401,0.08891829248089833
-0.7531457280250168,0.11205600009195918
-0.7115435698735203,0.15756130270751686
-0.7103655102166705,0.16363932199436942
-0.729379644092317,0.07555421335803851
-0.7248657383140623,0.12331371358523688
-0.7459708540816525,0.08081921548785045
-0.7277630887339007,0.15063324531484426
-0.7217271048291353,0.09853777260720117
-0.7049031908209938,0.12554116126609768
-0.7183679935817656,0.1404744215075795
-0.7061261073802254,0.1344040554385241
-0.686207764948218,0.15442700956222863
-0.7178483075738794,0.12192338966796841
-0.7609767599631505,0.0756309309067661
-0.7531078941518515,0.10135463091168037
-0.747324199439316,0.11361492288824579
-0.7436853835453279,0.07484432307424077
-0.6835746444034823,0.13823780063444174
-0.6971717875516235,0.12963638796455484
-0.6963337584583638,0.11685385093748171
-0.736780539119852,0.12400076369144118
-0.7470262632705549,0.09287732948992328
-0.7249423921693156,0.1396322427133073
-0.6751001904962001,0.15504849545139268
-0.7362356765774785,0.08255961554419698
-0.6880238628382432,0.12684624669330993
-0.7350418236589933,0.13451437733013924
-0.6855603901639273,0.13675398929438773
-0.6780246250218388,0.1408681228607442
-0.7199819456804135,0.10548285740584747
-0.6790799618227574,0.17785118774331185
-0.7264501620984793,0.07514974074903635
-0.7004154244600819,0.15957687267950738
-0.6806858199355104,0.17035066903628976
-0.710184197620259,0.1499536305989774
-0.698318866650485,0.13622939652642913
-0.7362522471339328,0.10747659261252777
-0.7399050251867312,0.12924448016308807
-0.6884129506890014,0.14856852509775376
-0.7180307905430706,0.1284254320634788
-0.7148928806497048,0.12630689502280373
-0.6995392959024939,0.151336618798254
-0.6880987240683376,0.1278277409348699
-0.7115340583376678,0.13575743681490435
-0.7154881787271221,0.13768654002577702
-0.6911413373601677,0.15528257463913148
-0.7423738686749506,0.11104590673998356
-0.701707398316827,0.12211947041022986
-0.7530909746487983,0.09121698383245073
-0.6917746345953468,0.12541887170530186
-0.734644560980243,0.07854353675055328
-0.7459368786321632,0.1279445792228373
-0.6916645081115548,0.1123569910705327
-0.7163069024158083,0.11143770003515953
-0.6782983320865273,0.17061709655175195
-0.7085659206276911,0.1720439245501351
-0.7577656302986224,0.10190398412846628
-0.7110635731380033,0.09878443033119123
-0.6728205151274651,0.15967736329014892
-0.7188169092740672,0.1573621505086802
-0.7386897489555647,0.1104879205434364
-0.6991697968322956,0.14896634051827706
-0.6753929178291,0.13888556448112152
-0.701722370271832,0.15719892634038604
-0.6970281471861055,0.12505007055554956
-0.694089219699014,0.13220165666343064
-0.7091104769436964,0.14392305611448122
-0.7187963605478634,0.0866525711165798
-0.6980984866008012,0.129809112000906
-0.7054823916372397,0.15074814923602808
-0.6710641910793314,0.17683982397585327
-0.705655376905804,0.13822832392566609
-0.7368968857847321,0.07369985125442198
-0.7029884466497124,0.11553917914779238
-0.690940078050462,0.12571044086176014
-0.7109104581292518,0.15252753941737315
-0.696488088292217,0.17449648828948539
-0.716520907065295,0.09253027199657292
-0.7251719465155843,0.10057860074513067
-0.7222085440759345,0.07638125207684884
-0.7045363909016039,0.15681128679932896
-0.7009015655427792,0.17652667021553756
-0.6840087039555427,0.1532166811839467
-0.7401199217648364,0.07481256158352848
-0.7415868171021023,0.06761409325358157
-0.7298732421731876,0.14626176840649746
-0.6845483394167122,0.1848327597363732
-0.705606369267708,0.1465428151791386
-0.7537230528220542,0.10958626794876856
-0.7098478365614539,0.16745595444872335
-0.71714046190117,0.10202610995608694
-0.7581294483989304,0.09279834914351157
-0.7197311834479726,0.1259353884843759
-0.7135572132242047,0.10409519234368146
-0.707356567468452,0.1513681575503739
-0.6954381047413171,0.16589669516060182
-0.6822087545468363,0.17406209437470124
-0.6954040619601953,0.13846239899261803
-0.7416467773032145,0.13941436954672393
-0.6969320655590736,0.1557830113333863
-0.7359542359566282,0.08988819018446949
-0.726798463555398,0.10489509468351568
-0.6893634766037134,0.14507625575395044
-0.7280573350676239,0.1280790801153092
-0.6994585483473796,0.13106444289050734
-0.7206279591569569,0.09701527333466523
-0.6843572146601711,0.14845061889292066
-0.6966962759611529,0.12377101875681608
-0.7030793891791984,0.10927417772245007
-0.733996676584963,0.11222050771366451
-0.714824124184975,0.1405562305103674
-0.7027885478485305,0.10462635829371392
-0.6977513578978388,0.1759674585130742
-0.7113099721192986,0.15433033667407794
-0.7135052715152448,0.11956946913836201
-0.7260338688639468,0.0749514146073444
-0.7085806939734683,0.13605156783117625
-0.7264522493528864,0.1206858931933095
-0.7375151788803728,0.06939770489545422
-0.7496789821783557,0.08677806563510454
-0.7394322805787438,0.11497867495119873
-0.7234517028270144,0.1307026448536413
-0.716193431501128,0.11204380733262614
-0.6807477269792516,0.17543836444734845
-0.6907973617032821,0.1387677760066236
-0.727883997089584,0.10401851388479227
-0.7255320474415536,0.12418080003500415
-0.745374991082384,0.09064588392321844
-0.6820199913794954,0.14758845440157417
-0.7089634461185922,0.15816804212004384
-0.7551904020524591,0.09982996550153461
-0.73405413302236,0.08995397275373539
-0.6996391526911118,0.11806865665117638
-0.7209154185322515,0.1514741570087482
-0.6804691962067293,0.1589974601035423
-0.7142891736890844,0.15630269814723413
-0.7055300527281095,0.12075244777065502
-0.7148361775743859,0.15305212040694416
-0.706171334440251,0.1196244581185546
-0.6908905776974299,0.13603866908135917
-0.7320662317098573,0.07137779644667128
-0.7370989320243732,0.08105640118528959
-0.7447922629030546,0.1028560532223787
-0.707864590258315,0.15330260133375428
-0.6821602928646664,0.13064979225215342
-0.6817779847207107,0.13313682434956756
-0.750408456424304,0.11463300137540813
-0.7120518618578945,0.14447581070112187
-0.6761508624952011,0.17795372338945548
-0.7539983729640366,0.08092316603391196
-0.7147432255339706,0.11245038360531939
-0.7145613338331366,0.1291337629256328
-0.701406294029088,0.15277004516112663
-0.7312467945013861,0.10300148649240787
-0.7254891775986125,0.12903886719127589
-0.7400298470276403,0.13431840148560276
-0.7252869581366311,0.11330032142373886
-0.6751725305872496,0.16368030985702658
-0.6953660136199954,0.153869551133306
-0.6887496371127299,0.15939444161592015
-0.6711627190292228,0.1491868861379196
-0.6831652022690701,0.13694164650159973
-0.7265547697691669,0.07619744712105554
-0.715984675283176,0.15407150533284292
-0.7360188783949753,0.07512717761812546
-0.7080875671279196,0.14382535711327954
-0.689667114043783,0.13598077932572772
-0.7021291806212444,0.15313160393260586
-0.7235495418114702,0.08333702230720567
-0.7234831679054214,0.12149023965761659
-0.6910092083332215,0.17344703648015763
-0.7035931643193152,0.12289360739791945
-0.7416071668953385,0.09036216976233265
-0.7322588450603678,0.09776660086147301
-0.6855671272032478,0.12383924932219571
-0.688294280709222,0.17532903576307285
-0.713631448410402,0.14427506347607907
-0.7286669283993128,0.10860155553676723
-0.7363348645415182,0.09322701580242142
-0.7100037733805463,0.13305620679740773
-0.7429272073772721,0.10646740454394674
-0.731825319449106,0.10667733394524893
-0.706138610030658,0.14953291700170257
-0.6857898898122112,0.14664527730997132
-0.757774360165014,0.10707316121968118
-0.7251593781732107,0.14977452439284245
-0.68581183491464,0.17036214003629768
-0.6953537988281547,0.1456062745876984
-0.6808213525435034,0.1570743183982303
-0.743897850373619,0.1281221488547634
-0.7157053266301409,0.14555033329495642
-0.7208513820582975,0.08540065264289182
-0.6818015259523219,0.1376923051879571
-0.6929255738695141,0.15780132362207105
-0.7014336431729309,0.14988171248042562
-0.7270932029529344,0.10612929374152665
-0.673759956710283,0.1586758151487533
-0.7261253608298587,0.12777621621803684
-0.7381899529934846,0.09102867385892878
-0.6805499212622583,0.13702412033538441
-0.6878223874265372,0.12959263076288577
-0.7238160083676731,0.10347545900651152
-0.719694542311422,0.12159957255917433
-0.7247768447481975,0.08161246401868572
-0.7014061688312142,0.13473802060788706
-0.7380446987835834,0.14409586752158457
-0.7346985463632097,0.10855536394822689
-0.6949488516176061,0.10993519997557237
-0.7233652105666423,0.1304919157538831
-0.7047424031132992,0.12236326072373047
-0.7115398199887354,0.10790426414421665
-0.7255110412088784,0.11818754457063432
-0.681895462590768,0.13151598769094455
-0.6824829853237524,0.15821705752270557
-0.7080206599917248,0.1357050059998412
-0.709333780013631,0.1477219315034027
-0.7384932566837042,0.13317739863534125
-0.7182423522159977,0.15072503848660687
-0.6860537298149495,0.15633958274996657
-0.7027901213438524,0.13897822321850803
-0.7496758784159682,0.08075528766084507
-0.7124653823251315,0.14553649169997104
-0.6995237817582387,0.12888185883251718
-0.7465204900170087,0.08083313432401536
-0.7431876328291122,0.10416301268664223
-0.7255199122909172,0.09776383009845566
-0.7143073127622266,0.10104484620807315
-0.7019054132661029,0.13938581348274606
-0.6953371706200172,0.16328727768625473
-0.7013238749206377,0.13016680555827403
-0.7144097513252313,0.156596920396985
-0.7249612524746983,0.11806412407176459
-0.6900238577391268,0.12621149984537222
-0.7152260896134693,0.12056791972776741
-0.7158165398369114,0.09022226237167132
-0.694949797705084,0.12254337882687363
-0.6972736101942223,0.159456491146784
-0.7163712016969535,0.09637958113529684
-0.7349409962130271,0.1412365822437929
-0.6896327292227946,0.17061356143551462
-0.7132991638698433,0.1529965653217817
-0.6999312797636419,0.13798105813395176
-0.6901362694825478,0.16775606358072018
-0.6982077947076771,0.1213460516388444
-0.7227886428326035,0.13716083793729902
-0.7565419625526413,0.10488175649534195
-0.7389906381474548,0.09751448554602613
-0.7071790206161889,0.1599475336523376
-0.7258171419977063,0.13646183696893582
-0.6997104080263237,0.1319936474527531
-0.7017965628831644,0.14801717889452481
-0.7069754025641802,0.16070742468457386
-0.7155665164574951,0.1349003803427094
-0.7142726994257426,0.13342424414718382
-0.7150434876454537,0.13091258473401132
-0.7151207202255542,0.10031259616888186
-0.7501457728810258,0.10529697012727603
-0.6962226740378729,0.12025065128630183
-0.7140074310590009,0.10849523697672371
-0.691065330482575,0.17096177719231698
-0.6748387875296349,0.1501343624988372
-0.6783061691292146,0.14790846813142164
-0.7091077812891285,0.1597516346925868
-0.6800581204990805,0.18230007824515562
-0.6956857198479015,0.14725286510483784
-0.7065183386015456,0.10093957302847287
-0.7409920698428062,0.0761560904611818
-0.7043899756433475,0.1562269819178583
-0.6755381424852578,0.15226999463435936
-0.7372748998198607,0.10532871838307434
-0.7165757541632675,0.13102747115817567
-0.6984713757944702,0.12741345108042335
-0.7402775116032638,0.07673740309262397
-0.7474052151239629,0.11792840859351011
-0.7128095205382025,0.10859021252485519
-0.7208574368504063,0.14015098879836801
-0.7012568761880635,0.10353407736587981
-0.6769669840377651,0.16960400926616326
-0.683583654766439,0.1707914221883555
-0.7099082343902069,0.14915867161268043
-0.7134696479222159,0.13903765245785749
-0.6817922284687105,0.1555501691259989
-0.7417636426063481,0.12554493920742013
-0.6859177086718198,0.1511802076204199
-0.7367912726803676,0.1082759316660518
-0.690985403166357,0.1752248790871841
-0.7159083164533457,0.1553918907164601
-0.6897590553011888,0.16269272925527514
-0.6825459336222076,0.1525878013010736
-0.693525318586068,0.17963549078070193
-0.7235360059119536,0.09172962391780574
-0.6855861922878494,0.14414101371561833
-0.6889533493969465,0.14205034716204487
-0.7109623253307219,0.13888319070385252
-0.7143646553888712,0.09230471420583691
-0.6900320892922446,0.17278445494825354
-0.7120542519176035,0.13642827143558603
-0.7313247855167544,0.12689862438641117
-0.7405694324651538,0.09120118797214362
-0.712376814651023,0.09882719525780163
-0.7138645455845997,0.11877403200896873
-0.7066743166616292,0.14106881971118423
-0.6984643822288854,0.1270790666199067
-0.7143550276276583,0.10047234344215868
-0.6929897100319337,0.1299090440816628
-0.7520177074039479,0.0827118404481868
-0.7412998935563766,0.1029786264510649
-0.6933595470823147,0.1665096679283731
-0.7505551207547752,0.06996094754098049
-0.69864205792877,0.1542078130170939
-0.6999690354746152,0.1069637044189779
-0.6922357962127076,0.15104847120677237
-0.7012640812614891,0.15308315387088717
-0.737338852205456,0.10890912729073564
-0.7038829279303983,0.1268547989911628
-0.7347909202489247,0.1380181424892544
-0.7265305352243698,0.09679078134234491
-0.6891087070449435,0.16078046741776839
-0.7137563558566286,0.1471823790973222
-0.7240269876403878,0.08471077115028275
-0.7216312832685566,0.11180470673794825
-0.7330710908871769,0.09839219229628263
-0.7459269404601361,0.10781086239072267
-0.6937411518074912,0.16579121987282872
-0.6980006749364626,0.14441731303135275
-0.7428511682063534,0.13051114873949451
-0.7299961937324131,0.11474874114528157
-0.7058730183562173,0.14134266370476586
-0.7343218572052919,0.09447669361988219
-0.7108048977701017,0.15578042511725942
-0.7304370018461331,0.10655954417883923
-0.6900373231442893,0.17929306693379587
-0.7031498114221908,0.14175547531469915
-0.7208576268560124,0.12686014862812778
-0.714192445817122,0.14601277747823718
-0.7312341722675797,0.08132453828166573
-0.7254246482784281,0.11629582271502281
-0.7070915573506622,0.11069186171137338
-0.7150899895521268,0.1141925003174264
-0.6863263956410229,0.17200214465497005
-0.7066776423884555,0.15342840983767436
-0.6829785181569221,0.15281281917015524
-0.743174063790605,0.0817632514255114
-0.7166344430180996,0.14252568476640512
-0.7075618481824716,0.1641538322288287
-0.6924721281349823,0.12208962418796397
-0.7063819521228095,0.1084565777887483
-0.6945803164748937,0.15459794717694203
-0.7187036741830418,0.12462492673306551
-0.6804668116581885,0.16985812204341882
-0.7152773761815525,0.16171600575913955
-0.7302476649622407,0.08093649620001377
-0.7446404256209324,0.13311020006367902
-0.7038997786891205,0.12775754370293763
-0.6864719873475775,0.1429415503145984
-0.7182580404465271,0.12368477551730088
-0.7048395276899391,0.15071559419441433
-0.698357033255448,0.1565561670823543
-0.6941603935142983,0.16605710094879053
-0.6721259293093127,0.15060668383639136
-0.7431520113292881,0.12232458260584542
-0.6860758537603446,0.15264674101885528
-0.6965958677873404,0.1289317459736008
-0.6779311066614616,0.16441426729397488
-0.6982726384017094,0.1647876790933772
-0.7279561002397907,0.10514128543609685
-0.747771127546062,0.10336520451291006
-0.7139794585412071,0.10033482664529104
-0.7021243338055667,0.14742651387815817
-0.7191334439785643,0.08954109477360289
-0.6935890704616525,0.1149461464905965
-0.7073549162860621,0.1054767420723953
-0.7135792193834491,0.09406031113911084
-0.7255525586164435,0.11166869056789445
-0.7564607295404141,0.09763582452771467
-0.7308549344246797,0.10333570104449195
-0.6831058323131106,0.17588345760472143
-0.6906854370780074,0.15405214719056215
-0.7149760681303852,0.12645199884143327
-0.7056849535373673,0.11251154490237292
-0.721648782787663,0.10698388458625545
-0.7331490801797016,0.13457263281393225
-0.6764732974549003,0.1739808536324646
-0.7306493016036055,0.08008103358378339
-0.6790926007262101,0.16310835790605818
-0.7425462847828093,0.1284060694070949
-0.692349824067299,0.1466372625542682
-0.683814872597865,0.1637610925929226
-0.7430023720404235,0.07079827238994241
-0.7165537467996319,0.11681158963340867
-0.7429797074117053,0.12332730438814281
-0.6945896662596085,0.15066019783967224
-0.689008793793079,0.14187757847443475
-0.7556199820922074,0.06989532974289095
-0.6827812591282514,0.13194876901184635
-0.7388889325116109,0.0953647032906928
-0.7051153258961178,0.14533751979345377
-0.6902136241183268,0.1636190225049979
-0.710918373027955,0.1647967103280977
-0.7074332994216814,0.13913509803924876
-0.7276954731392985,0.14914073292725716
-0.7200907257605553,0.1499187102430972
-0.7371338942319191,0.1320517620349957
-0.7547653953261455,0.07541579743386395
-0.6916162333371821,0.17254412164970828
-0.6994795063571777,0.150692361731035
-0.7088154672711917,0.13692579584353487
-0.6960088499084459,0.13765197199214874
-0.7018960832180404,0.1651100790712663
-0.7215677777739552,0.09193684350835309
-0.6850347877095548,0.17366291333422929
-0.6795271834015681,0.16268905036675863
-0.7366849024115669,0.09049071026797559
-0.7486146119280171,0.06945960971965313
-0.7170128970079497,0.15989900340327667
-0.7409611742965302,0.13801629282241387
-0.6976600726393966,0.15035527551391306
-0.7188001858758274,0.14725063191132323
-0.7541092802561475,0.09697293358652966
-0.7011836045377146,0.14557085237521789
-0.685558964311053,0.15931290341919407
-0.6916211618966245,0.14934785300623307
-0.7402832958638927,0.12192431252807301
-0.7286628888318901,0.11402220090077546
-0.6942494246757797,0.15920987270777576
-0.7184307845706945,0.1257612826208154
-0.7022094907520179,0.16401579691011126
-0.7422665030258079,0.12940626774896277
-0.6852219623214166,0.1466044246516502
-0.6765571026766221,0.15428741960546968
-0.7152367794520934,0.14093281544699057
-0.7395618888983874,0.09166018353034562
-0.7015065941666285,0.15854035066873434
-0.6831794147260292,0.1332275051587634
-0.7196799618002117,0.155159889404416
-0.7564830241704862,0.0770724025024818
-0.6884700980786541,0.1575486042432791
-0.7369079415451197,0.11617129443510728
-0.7318447014783379,0.10864422676177805
-0.7051780255676061,0.14703573289004807
-0.6890935569165322,0.16359617045698716
-0.6780154395496657,0.17578142028557747
-0.7048784103585037,0.12920030664488724
-0.7206028460103459,0.10322592673532474
-0.7492215674201094,0.11791472765912356
-0.713874275983921,0.16215685746319095
-0.7137729645600775,0.10680961761330021
-0.6975986501960538,0.11433196097790377
-0.7385437180244105,0.10225084704726517
-0.748522648544134,0.07542238686174943
-0.7048962661772786,0.14229372938282622
-0.7207262502546111,0.09825672058092774
-0.6917277684777374,0.1544150156418094
-0.6816250927853245,0.12814414081640108
-0.7138804519193669,0.13868569858057372
-0.7027395133383126,0.16348598268310852
-0.7072397018344975,0.14027069276998907
-0.6930800769646372,0.13911656710602185
-0.7392304280251957,0.1297209969485819
-0.7018578910445663,0.13632120076255766
-0.6944838454442704,0.15731285638852177
-0.7227863820660171,0.10715390315595436
-0.7528393010263307,0.10637391489890033
-0.7236184084664248,0.09910542194056811
-0.7468684508993456,0.10069101721286967
-0.7160778261524315,0.15950088593196027
-0.7100496689238961,0.15892060647509218
-0.6743183045679865,0.15782657261164165
-0.74264702293305,0.11158863221366877
-0.7339106091142438,0.12234306659892277
-0.6882511151657735,0.12991511050324778
-0.7292403953447902,0.08600473257936578
-0.7186194401775614,0.11907766653208576
-0.7184637458284227,0.15585653467016264
-0.7274635126955759,0.12203208907158976
-0.7419581497499218,0.12437376578038775
-0.67885297861938,0.137218770129985
-0.7036917037600262,0.09969640123294393
-0.7127389987504223,0.13792749130339318
-0.7240735420631528,0.0887170912760008
-0.7418114114330306,0.09375837613689741
-0.7251823633536616,0.12788899376066337
-0.7120865108453498,0.1240173221511878
-0.7021495648752553,0.1580306512975581
-0.6795204555598747,0.1415447973616838
-0.6942199897493468,0.17636913708773655
-0.7030787415737656,0.1316195319896839
-0.7172779731269819,0.1541063729024228
-0.7279260715211961,0.08696736161633833
-0.7047552191979531,0.1696327816300344
-0.7290410754649381,0.14710895722104342
-0.7366004143167272,0.07252758963431119
-0.7370641087992734,0.11204615435095742
-0.7185401126986616,0.10920809155643167
-0.688223309291067,0.1556568767939441
-0.7070661970290969,0.12991630927233766
-0.7022867368059629,0.16093435467530082
-0.7054424695481989,0.12846690544660447
-0.7055205166666126,0.11547900333371858
-0.7263197176662527,0.07795110019879672
-0.7258924936541001,0.11784218877696169
-0.7000443773052755,0.17253249976542603
-0.738977994296451,0.10259005380903492
-0.7247531748297327,0.14191552936807456
-0.6854371907566281,0.1397670111451629
-0.7435021736540952,0.09975177800304576
-0.7116821332435528,0.14327730814130427
-0.7151156723319982,0.1174600491389446
-0.7186209115186287,0.1482873396728462
-0.6908173368543937,0.17013553507442464
-0.7333280544251649,0.10263863519099357
-0.7123632725987697,0.1255391955048158
-0.742111454451634,0.12745444309550116
-0.6832658478879508,0.16168982461626508
-0.7066357712621897,0.13436456763766447
-0.7033413960437417,0.14140644527021787
-0.692006233405106,0.15573117372298972
-0.6698541850171699,0.16282375830054294
-0.7118270034075416,0.11073828356423157
-0.7040161550652428,0.10630186455268528
-0.703348373970296,0.12688648073599462
-0.6891846050941542,0.15616684904342645
-0.6724217524878152,0.1715324155635271
-0.7047732556666426,0.11816352229306228
-0.7094038654417182,0.11825969205579694
-0.7056741069721995,0.11798712776755857
-0.6897079891059356,0.14424450591421628
-0.7107619168357305,0.09669149060683081
-0.751293178068583,0.08666271752051254
-0.7332957124822577,0.1421384899948173
-0.6841292225385825,0.1527305658318132
-0.7141604858498753,0.09076041372868791
-0.7330243023519099,0.13109079461950315
-0.7247760928294615,0.07945064911404805
-0.742972536389213,0.0877174356051454
-0.736161209386726,0.11341224534686613
-0.7102013069974066,0.1579059608173146
-0.7512044672541301,0.06950395812317268
-0.7391704966849004,0.12540786110714539
-0.7265155336057891,0.13092559807042525
-0.7159091592902823,0.1437029533761637
-0.6895145793375943,0.1742745067626641
-0.7058503508958057,0.1576311100230529
-0.7335623696177149,0.08755996841736968
-0.6906816964408871,0.13963165119530638
-0.6913963296857236,0.13376851376500562
-0.7202944059686076,0.12365927472567391
-0.7125582014306225,0.09496828135920642
-0.7141817941144912,0.1284516619276356
-0.709287121907125,0.11307821434261336
-0.7386916568325226,0.10130288597460732
-0.6952733340806538,0.17574976091468938
-0.7072961006302465,0.14449075390024868
-0.7366537670856503,0.10677166104991673
-0.6782439084447742,0.16768337047247908
-0.7109168987752735,0.11241882249039294
-0.7027744032636432,0.11062411247491782
-0.7357440780589227,0.1114976575222366
-0.7171852260417371,0.1508608267828495
-0.7411838158575872,0.08538306095991546
-0.688419271758007,0.17253819981393467
-0.6989177076654424,0.12448608014861683
-0.7100576560245474,0.11258802010972467
-0.7262307397457783,0.1356460346322986
-0.6974293608541827,0.11833587903971778
-0.6934827794942693,0.16718430432290546
-0.6753108404162502,0.1594902142509172
-0.7148753152700607,0.12532388008607168
-0.7284786289188243,0.12552694311842902
-0.7220607682592136,0.15458701748450382
-0.7275650808120688,0.14266654098913437
-0.7428402270965454,0.06901310714827485
-0.7355393082467178,0.10810779422646141
-0.7277957125013527,0.14431272653587324
-0.7338279212414103,0.13654135844249746
-0.7363959886999983,0.10857289528166633
-0.7005124584791863,0.13810745431414295
-0.6925349658283858,0.14012316200868108
-0.7395356615282854,0.08983448815956667
-0.7350697803691841,0.13675037493164577
-0.7034969807025112,0.10638950679168245
-0.7266681611352704,0.1457289923667551
-0.719745681903199,0.10008236412374603
-0.7235520055546438,0.12864524964490637
-0.6864902358273625,0.12813842980205384
-0.7353559361168931,0.1270859326501745
-0.7384848226543982,0.07540553076924192
-0.7314946657803666,0.10583642763879088
-0.7179833846195557,0.12068792545546843
-0.7473342460051945,0.08552229271148948
-0.7209797117381231,0.09768257476458171
-0.7156195421475331,0.1598071468752121
-0.7333782909662447,0.09957448685185284
-0.6980974093099747,0.13011418646678666
-0.6969072023162934,0.15286838924095722
-0.6915279378794134,0.15362936467312496
-0.7441114716766782,0.076966359363515
-0.7252766756519176,0.15491179736069516
-0.6976291315495862,0.17012533867009327
-0.6995309837089208,0.10304669492756047
-0.7382122016265796,0.10825355450028407
-0.7392568863901221,0.08596659437110357
-0.7128596074898068,0.15048694827493567
-0.6815880700930874,0.15054328752047436
-0.7163239708228866,0.11763962076304715
-0.7138226948834647,0.14406897321158021
-0.7282279516072314,0.08559459256120035
-0.7490612248028979,0.10672479887584121
-0.6818918896332118,0.16857312285859694
-0.7244850308955639,0.14479414214184344
-0.6755933548933336,0.1794232633778002
-0.6884799965318801,0.12013900395348473
-0.7008717112234912,0.13275577329328075
-0.7005357681929597,0.1217799629701572
-0.7074943813849685,0.1573122621014362
-0.6954239746134179,0.13732449563823054
-0.7346351266418376,0.13278388973155783
-0.7113422339216204,0.10280825732089657
-0.7229743837801377,0.1386136744759383
-0.7029717996590802,0.10505454362110918
-0.7179140196999044,0.10434005062068448
-0.7337374164328346,0.08791125767622
-0.726810141452891,0.10119787486600887
-0.7423028893077034,0.0822732627573732
-0.7142676364962075,0.15351502260188996
-0.6819456174195506,0.1496266986938207
-0.7202755563938995,0.12053321375707117
-0.6860612859772612,0.15641397971556642
-0.7443600633449836,0.11802900972070346
-0.7414847824255812,0.09643739375904319
-0.6882178723078564,0.15875190027842498
-0.7214147293632384,0.09413873958463602
-0.6774391423952144,0.15221249750705898
-0.6724454003555049,0.16339159442346388
-0.6777592251663966,0.16540878228154127
-0.7357438593429672,0.11560767889756934
-0.7241818502995596,0.12744307741262534
-0.7048042920022785,0.13369796966226452
-0.691478875354012,0.17436383188373925
-0.7362322481011713,0.11204900925777707
-0.718654925584811,0.13060894979256352
-0.7008292344495664,0.16522356170985023
-0.7201971907848846,0.12915263220224546
-0.744149088937218,0.09555385899477754
-0.6953188101527308,0.13250813899714153
-0.7340037705201232,0.13999408180241393
-0.6764984834593353,0.14800513299099305
-0.7203689501840663,0.14715382302288246
-0.7078029851305498,0.16476413109505228
-0.7543528414413777,0.10542754622085337
-0.7208187756260319,0.12012309539675523
-0.7538000293158847,0.07911901942035889
-0.7372218251142629,0.07511814617403846
-0.6995144325437929,0.11949868579121893
-0.6861567339422785,0.15661798096867716
-0.7172089435608325,0.10273379391367266
-0.6815457443529551,0.1474393794624674
-0.716533671683834,0.14104658484401106
-0.7298994577487009,0.12716950006364608
-0.7183272251916295,0.10305644225557019
-0.6736217241797117,0.15109128297323485
-0.695827552556237,0.14654079867475178
-0.686209805447454,0.15976309208727255
-0.7468315344365388,0.08669290959087593
-0.7539908549095432,0.09884058286577066
-0.7361136725660005,0.11986583182406267
-0.679750623518256,0.16811485878549373
-0.7316643032498203,0.11375383997517387
-0.7077257270694891,0.11461807819483046
-0.7181203592211504,0.10984045186371745
-0.6948829071864142,0.16323158116389602
-0.7301060607002848,0.12330229763213121
-0.7224598619700382,0.11060815876900365
-0.7069731578348999,0.16110819441490137
-0.6962840263211482,0.17742976241955624
-0.721252127597481,0.12786652033075968
-0.7121259371642976,0.12279844646863913
-0.7213986953153125,0.1190029222365982
-0.7458764763557497,0.12799929521459463
-0.7181338849258312,0.1307269455061166
-0.7329206021724785,0.10499655677466091
-0.7356875034174081,0.11674822598062741
-0.7167552369461853,0.10103718928245689
-0.6894718148329025,0.12778925133117314
-0.6999194068098507,0.1113690166249177
-0.7370762649167797,0.0739711025052331
-0.6940243996907953,0.17049786467267883
-0.7373200337992624,0.10513513636088974
-0.7167056650925179,0.12383934253295306
-0.7201577281702796,0.12772923198683614
-0.7325827709587209,0.09420681639150044
-0.7128613242528626,0.14922986954319373
-0.7383153087086455,0.11114273309695973
-0.730373300758864,0.08203805736467072
-0.7004056677681322,0.11042169391024739
-0.6864668636354891,0.15121906276565153
-0.7368917870830457,0.10822658278376275
-0.7445087416732991,0.11611406781039027
-0.709137200418104,0.12218564489719333
-0.7420997817127962,0.11103274943639771
-0.7470523043116284,0.08477756403029243
-0.6760040188219009,0.16448576813805188
-0.7180191638407512,0.14065306347514256
-0.7176940668530492,0.11669710724245796
-0.6834680424980658,0.14787815239894841
-0.6838620614053051,0.1534056544801639
-0.7220926946707233,0.12922394051637573
-0.6911654351433487,0.14513108625860924
-0.686175575434224,0.14910135664253796
-0.7020174967763365,0.12034730830072414
-0.7068807288558056,0.1505125569897195
-0.7016353379867256,0.10391524386952652
-0.7103924009059596,0.14527497899137878
-0.7011275910310582,0.11549743836706365
-0.739329324550212,0.13846641852422348
-0.7127514484986327,0.14024473064260695
-0.7515532193909015,0.10110408782448696
-0.7390550064491683,0.11528804610180299
-0.7258785341052745,0.12304900781583873
-0.7299235043887404,0.11629939579146034
-0.70459284309265,0.1614911205282187
-0.6752688451674633,0.14315676431358942
-0.7248672487301887,0.13655887319373905
-0.6892218947394094,0.14623182347484337
-0.7345109759823102,0.12006013578607015
-0.6924791705696373,0.15475464813811315
-0.735325824266172,0.10746790505314123
-0.6863471301034678,0.16193145097068373
-0.7464581611091835,0.11861362404075233
-0.7251357848619682,0.11469418480726869
-0.7492999856077389,0.11674065786939834
-0.7140882273122988,0.11136504561953507
-0.7000961977995406,0.15126693783313536
-0.6895925511077875,0.14373879930892985
-0.6812276570884986,0.1599857909393032
-0.7073713666691531,0.12114317612230517
-0.7268987405031937,0.10853376937380481
-0.7056650329182067,0.14284135334158818
-0.7296730805013469,0.13764816129096266
-0.693402468666174,0.16601866907587154
-0.7441344857707414,0.11227844853855039
-0.7188143315489949,0.14869241272432632
-0.7313127868715898,0.1491607074213014
-0.7469278735706731,0.09854438823477593
-0.7174528756629538,0.12440812573834814
-0.7373708648296493,0.10180104239176523
-0.6764930040715179,0.14541276274841144
-0.7338830513730301,0.12948221324887185
-0.7184894138571944,0.15258805085162822
-0.7158527587538362,0.1410710629586541
-0.7074133843211795,0.15526449079909085
-0.7219625234053941,0.14658638402027113
-0.695079752436411,0.12832029723096042
-0.7045921860723181,0.12327534157487938
-0.7522169419902209,0.08722664494216505
-0.7383192648409511,0.10376800249382652
-0.6713749621559558,0.17121904055346374
-0.6982406368190169,0.1589507054697328
-0.7164423723525563,0.14756520371942852
-0.6975287013031184,0.1311866937147698
-0.7012380648962674,0.16415135715279427
-0.7272649220120498,0.09947515566572616
-0.7401905302762062,0.09780493093622904
-0.7288411191459631,0.14245019658846933
-0.737668723466414,0.12342937115327586
-0.7011576376137503,0.16452273940075712
-0.6933999488756758,0.12396381557406744
-0.7457719801988681,0.101734722426739
-0.7241482004689657,0.1201723268769247
-0.6826109697048623,0.15441292300675816
-0.727328989557764,0.10335493320386716
-0.7008519139634932,0.12011828144807579
-0.7098840712470548,0.13761848243928237
-0.7275884315096074,0.1063961543221514
-0.6730008019520525,0.15126217555695592
-0.7093353100651144,0.10086615270118403
-0.7261795207655238,0.11598971272691312
-0.7039002165207415,0.14733636887714982
-0.7498015959132661,0.0995124199412445
-0.7251683198846753,0.08502842184843801
-0.6975315456558302,0.15299671038693538
-0.7221957908771917,0.15405222090280105
-0.7029759314387806,0.17270071763419853
-0.6943021336827621,0.1347452056125555
-0.7286795274330352,0.14009487305352122
-0.6810190698807569,0.16270647365528074
-0.7043463896022479,0.1479776130730157
-0.725989737305167,0.11027026846066833
-0.7408608914521483,0.075951373071478
-0.6880096070942106,0.15965087532316746
-0.7491143226863606,0.10672068980522724
-0.6964973542347896,0.17455764529428278
-0.7032339075133297,0.1479284178185257
-0.697921801251925,0.13058957834003143
-0.6838643634198613,0.1577386730690097
-0.7099548381930099,0.11080028816248053
-0.7097945171111743,0.14623555213303852
-0.7041068855365352,0.1166851376903863
-0.7335190094804791,0.08778804079834272
-0.7021248486354968,0.16499342994592442
-0.7103934908935388,0.14499150866921964
-0.7386198219807656,0.08925733445373657
-0.7150319921739313,0.11637941384950601
-0.6860836591117353,0.14186436619393306
-0.724999118197134,0.11741994411405642
-0.7533241909930529,0.0827953686792228
-0.704138884687916,0.11118076441671522
-0.716665568512094,0.16141053972168756
-0.7317057670854934,0.11855894950249403
-0.7155943653554151,0.1403339821607212
-0.6879211842294176,0.13184597428710712
-0.7087332264910049,0.15081544378165082
-0.6735628332951517,0.15100744364556823
-0.7048693687332468,0.13104468997539437
-0.7158779251736844,0.11351367160257914
-0.7000253219730742,0.13375308623140045
-0.7233396540956089,0.13870701770737845
-0.7335403197156143,0.11129469374176404
-0.7397183371981072,0.10190703832754022
-0.6996703264155534,0.1348195810863324
-0.6918235071731715,0.1585907432534326
-0.7199909385033257,0.09572547624966458
-0.7227922425901472,0.11444611439434327
-0.7396474790601807,0.1307750767701205
-0.6969872280513049,0.147133868454647
-0.7088962821924587,0.12737997325003902
-0.701268683460989,0.11943688628274961
-0.6774094619001289,0.15691442180481402
-0.7018324504915593,0.14669817140987576
-0.7235287946657017,0.1190769431697443
-0.7285388107385382,0.13356276756204175
-0.7142209384454412,0.13591430143095856
-0.6931984094980386,0.12766286186289502
-0.7273000521231948,0.09541819239360813
-0.7374133491633134,0.09448337780379806
-0.7274105721112839,0.1514603303646465
-0.7467379792045405,0.091896190688574
-0.7086477123602475,0.10093111915881019
-0.6860310709305073,0.15013397694430322
-0.7405940970073376,0.10160138333415569
-0.7306149003857967,0.0945648761116203
-0.721683399806516,0.118875546112638
-0.7030814862661605,0.17106918831905263
-0.7091390374897986,0.09555694588831658
-0.7261957117527901,0.1320785585703401
-0.7212394011696397,0.11869268720584637
-0.7258886291419114,0.14249079579809834
-0.6866019387879725,0.14564571546351437
-0.7343601841426961,0.08039921842993375
-0.7129214828038745,0.12472618197898433
-0.7312185820648491,0.14336104980821615
-0.7256371743242361,0.1358529654229103
-0.6759317513293471,0.17833659176907285
-0.6940692221125072,0.1643986732992549
-0.7079045198463422,0.15147059709163013
-0.7341648503151971,0.09698591895826085
-0.748927681372903,0.1085067554325836
-0.706315004383405,0.15296951474364495
-0.7239679651813187,0.10303521568742283
-0.6985661765215534,0.12631639793017724
-0.709849286301558,0.16630158689455424
-0.7185237126126969,0.1126969372876922
-0.6829796750219461,0.15234556437156277
-0.7092664229749184,0.13567331104091923
-0.7301188065653835,0.14199169044429946
-0.7535984750063561,0.09642507606384232
-0.7413544239324806,0.12275940512608585
-0.7216500640642598,0.15900599421703016
-0.7142363501392892,0.13201607567778317
-0.6870314518734661,0.1291043258969815
-0.7348039509460788,0.09914128306944703
-0.6942918161369593,0.1248136086593252
-0.7389181250685929,0.11879813204707815
-0.6946935914662072,0.13313662289535566
-0.711610320971564,0.10264611196189541
-0.7200502473482596,0.09190687808959547
-0.7271251661485845,0.08311455877643295
-0.7475932408454996,0.11467964494173112
-0.6945075336255141,0.14209390449820505
-0.7557995406731063,0.09578136798667714
-0.7047511279354194,0.14638443227915637
-0.6978116213988784,0.13367328111242532
-0.7223938230630588,0.10405159227291165
-0.7165704337867774,0.09849668921546366
-0.7088211026749107,0.16197504354949996
-0.7264036701065283,0.1469976760769074
-0.7324100191777959,0.12623694538957705
-0.7100305396296422,0.09333924155588431
-0.7372409816361801,0.07927546252231417
-0.7472136450640601,0.08861696664618098
-0.6791381129445905,0.15904430374667622
-0.7413599278907905,0.08501064599471865
-0.7108895853843389,0.11480149146850466
-0.7381081540833916,0.09216103259833967
-0.7183259157639439,0.15140222153056368
-0.7092236097647366,0.13160707879290318
-0.7390486334475824,0.08705949989527163
-0.6926480012836109,0.11917376663643002
-0.7451870061886628,0.09050454113985275
-0.6917267913294592,0.14384453157241495
-0.7215998287402575,0.15364789072859586
-0.6960978479758149,0.15199848226765325
-0.70860301261593,0.10200195288093679
-0.6719682460243868,0.16896417261660066
-0.7092742846525729,0.10509384645127418
-0.7125198262315068,0.1305054408207929
-0.6939925338799621,0.14810731541442584
-0.734669868397933,0.11263962663748917
-0.6980187533709651,0.16972225945834868
-0.7179998118267585,0.12325831597233843
-0.7019921784160627,0.13465514124855177
-0.6991112314895669,0.14349750609456546
-0.7370400911544049,0.09075004002959348
-0.7508357052246418,0.08397974875635356
-0.6893665590360547,0.16510872234428536
-0.7014094164297572,0.13177590284923088
-0.7007727787533619,0.12339434684616643
-0.685128842220101,0.1597243492431648
-0.6761604895980378,0.16014299887248243
-0.7359804518267945,0.11559737368830664
-0.6916989231983188,0.12638010595798635
-0.7150451508747793,0.15572697745480368
-0.702056598045955,0.11556911228654436
-0.6918564943557611,0.12079253962704421
-0.6810777928434014,0.1668551191902172
-0.7402263215178564,0.09360216698451004
-0.713155228798993,0.13453066214785775
-0.7066397097934597,0.12775605789313926
-0.6991773701640186,0.11173120928881085
-0.7145762836573245,0.10135612788037739
-0.71623343069121,0.10244133599637456
-0.711140475085612,0.1460664963539397
-0.6924996071385687,0.13063848644869863
-0.703598145232803,0.1131014505201008
-0.6989882625350418,0.13067276267732264
-0.71628553974801,0.09185955456657434
-0.7098768856095806,0.1535167031412054
-0.6801728637954711,0.1746830204951762
-0.7435638018893527,0.10324612083986007
-0.729379937810224,0.1319150998420677
-0.682994048547622,0.1402731532977793
-0.7255564384157793,0.09924816931854823
-0.7463823708254631,0.09371268820451928
-0.673692721059776,0.15795033873415842
-0.7026949001135283,0.15130900342885922
-0.7192313712577246,0.12707307459348938
-0.7319041197508704,0.11371068276273887
-0.7280161907551609,0.1181116528669383
-0.7219973393015009,0.1492633768456222
-0.749565852347654,0.10165169043736955
-0.71221301978762,0.14214920206314902
-0.7074521706309503,0.15599766993665345
-0.6946502997159497,0.1243254710264304
-0.7351415804166377,0.08005107232353799
-0.683212990462493,0.15451319563209484
-0.6878725549177775,0.14783062574819864
-0.7109702354178521,0.1425880684002703
-0.7393162408251887,0.1236033727458883
-0.7245502916570693,0.10459208896597404
-0.7043301399701667,0.12433991470499273
-0.6973038867628747,0.14539279332810462
-0.7200485958134354,0.14814556186161656
-0.6814559528178651,0.1357077885147508
-0.7088166695150833,0.11184506714307565
-0.7217644103203603,0.12092574780837599
-0.6803416592794944,0.16043081559291722
-0.6888840508042672,0.1734569091025366
-0.7021894948877085,0.11570358600324053
-0.7285599508163633,0.12081442111815907
-0.703103506248355,0.11993596325023416
-0.7352090739986249,0.13581602602685264
-0.7471507990979344,0.12242894070071425
-0.7001344472410802,0.13403562587935644
-0.7155303761258228,0.11815117311666676
-0.7143297488491847,0.11744423950841046
-0.730922768339621,0.11028512085868404
-0.6925616480952395,0.13211644278764761
-0.7519206344301155,0.09025211425425593
-0.7036401885813496,0.10826858778634987
-0.7020384625840563,0.14077614626035867
-0.7122466586899776,0.12360037936039664
-0.7016260275938111,0.13229392746858498
-0.7466907526275073,0.10462800101334935
-0.6939398288810451,0.16447041036569818
-0.7047132021546805,0.10664596277655272
-0.6836197440783247,0.13581743787539535
-0.7098967156858002,0.13918126628198144
-0.7322851964571278,0.1148425460336642
-0.6784527750656895,0.1546697075005796
-0.721335408864694,0.1536556344525208
-0.739199232998831,0.11024542666350362
-0.7205823901763253,0.1251802874695424
-0.7319499597652479,0.12785217159156947
-0.7223269992629002,0.12705298426490935
-0.7255507842908777,0.14283444651642466
-0.684382426332797,0.172361489966924
-0.7549922726173011,0.08053352719314293
-0.7158026112653041,0.10177281790042866
-0.7196235387675177,0.12031958965975782
-0.7421005686751336,0.122941741865913
-0.7033717260658824,0.15290277599557398
-0.7353047377040046,0.09295887417098518
-0.7296085659095898,0.11773468939600647
-0.7235156324486376,0.15466134285182928
-0.708817887302945,0.10262252975603349
-0.7292523765467912,0.08846374813372682
-0.7334900103265295,0.10034734550468323
-0.7303836760034839,0.12522617160368799
-0.7459246870868101,0.08818449198904782
-0.7313472634756031,0.1388714870024322
-0.7065400446817831,0.15177143140268637
-0.7153313606348862,0.11896471863719096
-0.7016199571920549,0.13863678990919773
-0.6966921575538018,0.17171963473856644
-0.72370482592414,0.0935153805707989
-0.7083324899484187,0.1283000107360853
-0.7353954530249129,0.08384305219744616
-0.7154000977534466,0.14267934478316216
-0.6955388217287322,0.16918612250455697
-0.7121855835730345,0.1207414053537058
-0.714848735886316,0.10184560624726476
-0.6992831490568995,0.1385116093019546
-0.6919108853361537,0.15821932667372804
-0.702499091170305,0.152598088750949
-0.6845964114837645,0.14850929680829453
-0.7118304667004955,0.14837445440960023
-0.710469629158191,0.15657873995254226
-0.7132938806990093,0.11041060773899382
-0.6996086795160329,0.14388930373111636
-0.7066524419801565,0.11184668161723248
-0.7120221427975281,0.11412897485788717
-0.6963528037462701,0.12314075204401732
-0.700263992837796,0.12315343512808914
-0.7475849135085615,0.10739107186923144
-0.7407310455802188,0.11502755289674543
-0.6839823267356455,0.15602242394886554
-0.6906041853454014,0.1712210782799028
-0.7122175134280196,0.12770217628408453
-0.7346001857423018,0.12667331630040973
-0.6819076113298128,0.1570996124920509
-0.7173113825236487,0.12580610806020207
-0.7352596807349298,0.12387901897120263
-0.7294159755651848,0.14112378523002828
-0.6907581805941528,0.1400411136356165
-0.7039339950174249,0.1350531984977598
-0.7294801131972998,0.10782658614211675
-0.7072708704983266,0.11994321966182876
-0.7356055904544336,0.1274885522192956
-0.7318767138599884,0.09382779671216641
-0.7369749702967531,0.07478512716745797
-0.7145362632770723,0.11924639437468171
-0.7187192234388342,0.09496752913258634
-0.7035549814585104,0.13239234288027704
-0.7550528894346955,0.09535044838574838
-0.7486500822088077,0.11672191498934537
-0.7086533356336341,0.1552917668729833
-0.6886490989790842,0.14037505989414076
-0.6867836357609046,0.12514968187288247
-0.743315283614815,0.08358216428850138
-0.722144671885141,0.12407848059232485
-0.6830252753220749,0.17793536994789902
-0.7400808028768716,0.11805986105651442
-0.6925867844271669,0.1438990424614628
-0.7240922361398521,0.09920517456692711
-0.7424018982464091,0.07835148644188772
-0.7030186919029139,0.14285577393195154
-0.7324964681727612,0.11964211796723666
-0.7161359119517512,0.122896093333793
-0.7185202276043348,0.12497101511456443
-0.730247931816001,0.09640395889498614
-0.6797585217007774,0.16510116913688122
-0.6818843461958741,0.16667223326390482
-0.6803397351390565,0.1730311883310175
-0.7462861352547433,0.11212515849857577
-0.7262869674413955,0.1093423278951865
-0.7207201312229653,0.13929227475460373
-0.7213804609381894,0.14101034695665296
-0.7122715803483508,0.11918245548926149
-0.7150376206689261,0.10246650990425177
-0.7507117862648577,0.10436495716094187
-0.688500878014981,0.15002475863966674
-0.7189236701910079,0.08760962474916281
-0.7434353673104054,0.08072869139174059
-0.7339636353771039,0.12421351748545006
-0.7155186077549192,0.11506139452592602
-0.7183261321887437,0.13341739931447805
-0.703417749624585,0.10840984351209172
-0.6856380145604855,0.17237797446413125
-0.7009662121581332,0.1245101713213413
-0.6962101754787943,0.16845187274524545
-0.6949377321968042,0.16676842390884708
-0.715914034418818,0.10621727134918521
-0.6849387394642913,0.1577340858206237
-0.6960560404947278,0.13127154451990208
-0.715557484579644,0.16142905074565286
-0.6940043722617385,0.1349887046631436
-0.7025304897135795,0.1514676091837546
-0.7331292255497242,0.1040854504249026
-0.7390727881210314,0.09997581907896222
-0.7130142169940836,0.11071446600348496
-0.7314143082087393,0.10579598306824824
-0.6844133539376007,0.15706214402277854
-0.7326041317087915,0.12410153757601085
-0.7323828305979788,0.10054190789952643
-0.7312940163831031,0.14416472224506224
-0.6761989139531475,0.1626393422423566
-0.6954076108772415,0.16053824676311837
-0.676087938169146,0.16457703796664805
-0.7040162540067767,0.12009493283695771
-0.7369815139135455,0.08075488219444604
-0.6846403650077788,0.15361789780290067
-0.711689759924379,0.13611844825431177
-0.7096636141493492,0.12316795454970231
-0.7423393065961666,0.11615763520736073
-0.750367852699487,0.09101096852093371
-0.7388211607242047,0.09275627893374583
-0.7136874253348535,0.1322916570050046
-0.6965734338460673,0.13970193826463703
-0.7142116283627391,0.1464533513646559
-0.7494881794457544,0.08549986146453825
-0.7302147209204193,0.13930934343964999
-0.719314084560253,0.10933762666884594
-0.7398687139538325,0.09106294089401729
-0.7363522969752159,0.09064364387829794
-0.7021148493186411,0.1641443712219548
-0.6991564870261052,0.1599087113725352
-0.7031786868433074,0.11598552785341293
-0.7440069782588257,0.09608050690807617
-0.7196383457970953,0.11218732597206967
-0.7024415875083889,0.1370957052037846
-0.7369238066128597,0.10039981402608716
-0.7141226211346666,0.10776138392880684
-0.7194540511126504,0.13770681127667064
-0.7499006294535957,0.08558488668127145
-0.7324854545617274,0.13842573953547427
-0.7055161039780479,0.13718764496477776
-0.7211059206355412,0.1370320443483483
-0.7308899378158318,0.08373819871412684
-0.721987177610764,0.11528661270503175
-0.7454562420676042,0.07938108366374273
-0.7198157357874378,0.13841073096514656
-0.7024801937448079,0.12077696724619076
-0.7252027978335268,0.1377429531411455
-0.7162811766465158,0.09861531233373742
-0.71581152177464,0.135451882428779
-0.7017343040556119,0.16840396386897052
-0.7251669825145618,0.09034152930463708
-0.6921622283340043,0.1458004577492311
-0.7314998773951098,0.129730533901741
-0.7406169211923088,0.09222936385326674
-0.7265115947799121,0.093102406119918
-0.7055963740938468,0.11841337069814913
-0.7071318777748018,0.10029681330183822
-0.7263911859137084,0.10344634683057594
-0.6847023648954347,0.14464047144752606
-0.6884277199720767,0.13336965949787366
-0.7476033100947806,0.10258923533069873
-0.7072540827938688,0.12650304928359402
-0.708870054706402,0.11449364611588886
-0.7209344591874378,0.14771436485742404
-0.7487553031596369,0.08482543130158697
-0.7125082808679303,0.1373110973262809
-0.7358279429148338,0.08597669981208036
-0.6944624474116392,0.17240778272806448
-0.7263836476131451,0.10897075507035273
-0.6906470800981949,0.13590701941809666
-0.7153304567465785,0.15591788100148327
-0.7058804944901419,0.15235331904920693
-0.7091076656563,0.13500414378060374
-0.7062177634097427,0.1616464254240771
-0.6988576281326633,0.11503976694162553
-0.7166975120891808,0.11302295231819023
-0.7240241411333734,0.15028638759926966
-0.7107934760703564,0.09948780025854506
-0.7239767666954386,0.09064701127582502
-0.7174383124349076,0.14078160768908912
-0.7358158879956012,0.10427780076879059
-0.730124759787201,0.12427646041401241
-0.698751312296622,0.14952300415283026
-0.6929755010084829,0.1353299257386334
-0.748358048463849,0.08561464999972584
-0.7443514133890423,0.0748038239916574
-0.68282559457727,0.15245115871421924
-0.7221928949290668,0.11188330354270248
-0.7176223481972097,0.13881727790031245
-0.6872178960618263,0.1290700905061338
-0.7154566082977268,0.15637371289906093
-0.712492817516299,0.1506853795610644
-0.723594939368276,0.10765341070472002
-0.7441207403938621,0.11753328299335657
-0.6938758618088101,0.14816875886637604
-0.7255559318801468,0.14360666334100483
-0.7092915463790863,0.1318068768602796
-0.6914479308057883,0.12737309290279603
-0.7001241694850834,0.15092100260490163
-0.6747529657579003,0.1612727889754859
-0.7282741018675304,0.1319861096310929
-0.7449544372757154,0.08094550575547765
-0.6787949510279896,0.1566992799891094
-0.7219124827882548,0.134139441299465
-0.7249447451966036,0.11327876526624493
-0.7419939656136186,0.11963918462353085
-0.7109659274817616,0.15214962014815395
-0.6939372096064963,0.15459806450530744
-0.7040518501702432,0.16156481091986574
-0.7201386651480983,0.13865058474342126
-0.7165244125385386,0.10173966496697637
-0.7423839799646343,0.09292925343037904
-0.7153753032492797,0.10829591104395613
-0.7053573849052339,0.1406521622126928
-0.7185187448948892,0.10384901613180816
-0.7148851386238895,0.10233811327048617
-0.6786533316197778,0.15067883578170954
-0.7215710829358052,0.12276228454572644
-0.7050837835723485,0.14281014436459422
-0.6882170601506598,0.13412197048136199
-0.7289103750650474,0.12937747287244045
-0.6944389074244441,0.16506174304989601
-0.7060868704714819,0.14266528473322557
-0.7433151155593783,0.12562177881338157
-0.6983717028119608,0.1394353072003144
-0.7496721899429606,0.10108977203479773
-0.7095522063779891,0.13686156989524445
-0.7022438788428695,0.11244466028243431
-0.6826192872012262,0.1583911301620614
-0.7180001214402965,0.14826045207966634
-0.7081194071484592,0.12468488096742442
-0.7357332516760703,0.10609650427572777
-0.7431383765637799,0.09918287764882452
-0.7089005124506444,0.11581185147677843
-0.731849068194772,0.13415832836602762
-0.720792837943303,0.11968573608203739
-0.7417001538537252,0.08296432712621661
-0.7401864025504443,0.12432895189699862
-0.7236257305941475,0.10316984986364412
-0.7101067538401235,0.15831459125776848
-0.6963648886733621,0.1256954132297056
-0.7008125097687085,0.11818795978941891
-0.6972439470512983,0.14477569888333114
-0.7421701050902448,0.10377721046132138
-0.7485540926833322,0.1016708607249037
-0.709578580403447,0.11431014583609744
-0.7500625301516604,0.09076505780044711
-0.7032908182276271,0.1623470490764085
-0.6954606079198424,0.1360567073838595
-0.7060822702685207,0.1269335689867799
-0.7237723993882608,0.14193369331729738
-0.7073963598025409,0.1606227662379739
-0.7110285388212754,0.0982681373029193
-0.7238533001578581,0.11682477300626876
-0.704146659759325,0.1362552203087427
-0.6834094401930939,0.1602945371886407
-0.7046809914243378,0.13870358417024897
-0.680635406558404,0.14416530141848707
-0.6985201656240305,0.1306936562416547
-0.7348311561134256,0.11856978016015034
-0.7495911316750025,0.10775307347352892
-0.7282477283285946,0.11805258340199717
-0.7037200083540087,0.11751887212936021
-0.7127829753524614,0.09397171199457756
-0.7162984432617974,0.0955374315552627
-0.7207367906117915,0.12200504199118817
-0.7088534207309439,0.1310359671120571
-0.72316061999038,0.09396014544266026
-0.6863469638401929,0.1596937646836683
-0.7387898476536908,0.09799584376344143
-0.7150840678608669,0.10437768700191417
-0.7141346587723727,0.12897072655075528
-0.6874325201698254,0.15266747280735873
-0.7058786024970765,0.12358603582842148
-0.692729856903601,0.16672334301477176
-0.7176302324660456,0.11430942171954149
-0.7483880733886505,0.08804223192904619
-0.682531343939968,0.16647973200881472
-0.7290433410125631,0.11083879227749055
-0.7012774252545979,0.16447392173750433
-0.7476529356721882,0.09534725975047353
-0.721474258096138,0.13245514103872386
-0.6904489305292811,0.12415482280584837
-0.6839481073526937,0.14106993737505336
-0.7325160831737243,0.13364148849378607
-0.7033483305856352,0.1328541278489482
-0.717073231279586,0.13505134205082336
-0.7152247914850467,0.09372848795824254
-0.7392940998699009,0.11738733816933074
-0.7204191722485745,0.12350191478518889
-0.7373720291282198,0.1181268706962043
-0.7404439093634634,0.0968679920399224
-0.751745953316421,0.09535050917729003
-0.7249466686387936,0.0914369600614606
-0.7379682257072662,0.09035765787151312
-0.6851427133131126,0.15846422540450839
-0.7104133721606327,0.14828187889217515
-0.7015548583084948,0.11801146870051002
-0.7416608547225563,0.08327302931740442
-0.7091341798847899,0.09871345179076922
-0.7139346878833063,0.12019616180575855
-0.7467829489043231,0.07858334303993743
-0.7182267848835007,0.09524537391961195
-0.7367832357552333,0.12215471045227502
-0.7115694070182138,0.10306687374760196
-0.6974141455400796,0.14279909825035506
-0.7258707800302387,0.10915633626985775
-0.6943181101369464,0.13990867478587835
-0.7147174226151616,0.1332550903303814
-0.6994824238792153,0.165777915477741
-0.7042054010927213,0.14107551902107873
-0.7204672427557456,0.14172514318418294
-0.7389098489987538,0.13466901402495346
-0.6941700351515028,0.13466376334444252
-0.7152043720644993,0.1134037968981928
-0.7127933818653309,0.13907664893498006
-0.740765092500908,0.10968285574220642
-0.7383563865582914,0.10523075425925213
-0.6781304780098525,0.1540109153454066
-0.708554565682922,0.16711320933924023
-0.7169533629358997,0.11375551637360364
-0.7071871087818109,0.10955808437254291
-0.6820222942029736,0.1602276307119239
-0.6927996225059916,0.1381642641419512
-0.6944250003801624,0.1255940520728719
-0.6957466438560492,0.14751920838104737
-0.7265538687354715,0.10568772583400267
-0.700204744176168,0.12740887137617798
-0.7119809205048974,0.12662728868391146
-0.7212611762547717,0.11748468995470888
-0.6975141863681884,0.14517722638134375
-0.7038861523591935,0.1456033008981569
-0.7533441522153127,0.08918875237964963
-0.7378680987404587,0.08793566757828444
-0.7425706219070131,0.07939192885403502
-0.6755563978257566,0.1661490175168265
-0.6970248140320764,0.15172151647294982
-0.679778122782624,0.1413388283184188
-0.7107440434118828,0.09977687084117032
-0.7044845158988052,0.15431830026357365
-0.7254015252255124,0.12423642178503673
-0.6783834386143248,0.14602212483795177
-0.7240352729458098,0.13245041118094616
-0.709959844502373,0.11558080298837477
-0.7168094981060236,0.11466327254206854
-0.691999497816963,0.16145729594223987
-0.699531728667811,0.1570133196467431
-0.7449712798542146,0.1002413050102975
-0.7302893943984844,0.14092781139182606
-0.6822001499058972,0.16681622499456833
-0.7030728244564955,0.14466612444648125
-0.702079781711746,0.12674063002820563
-0.7378051973933151,0.08842456332736122
-0.7006184883936566,0.14144196626049552
-0.7228806605792387,0.10230357441038346
-0.7282223453267483,0.09570721610425784
-0.7172863586475023,0.09911768573680027
-0.6993528786889018,0.12993699341583034
-0.6935317120791118,0.17156648564986224
-0.6873604667216913,0.12444329465883118
-0.6882943125942755,0.17231570795250603
-0.7034534124144591,0.16614721434955315
-0.7407688578242098,0.12640931841835845
-0.7185149710258747,0.1378427394020564
-0.742171359618915,0.11428185046669499
-0.7205142721389154,0.09766214469805327
-0.7176617664033007,0.15285245386412638
-0.6935470778853601,0.13750065764713262
-0.7296594020750559,0.09430151875348874
-0.7101729936102932,0.1159603987768865
-0.6931878337817011,0.15792681744437748
-0.7422376401084463,0.112652507555556
-0.7211687827934027,0.13377679436394857
-0.742680230622064,0.11098408022873144
-0.7254445320151003,0.11550149289571103
-0.7277336679588464,0.08587693072882267
-0.694103326860828,0.15001082001200478
-0.7238008883268191,0.1473305885900515
-0.7097550359558492,0.1327588363633151
-0.7412716675429855,0.11337057707528925
-0.7380783465298382,0.08068040126090457
-0.7077212214773083,0.10455981598113111
-0.7169153610421891,0.12199506833251932
-0.7387894485297479,0.10908076930835478
-0.718576994524341,0.12922547160576728
-0.7107137627351034,0.11390921094867529
-0.7238837588774535,0.14743471944109296
-0.7049639333870177,0.12869643492354765
-0.7246249839083094,0.116224295254159
-0.7399614325247398,0.09052022086566736
-0.6970615250748593,0.1254167184052442
-0.7083366240341662,0.16284994162680624
-0.6808192303849315,0.15977657844004822
-0.7335371345111462,0.09834984980502508
-0.6992091565890918,0.10899417326685558
-0.7290495271416326,0.14179973143643043
-0.7418893945040492,0.09947750603832489
-0.7268702501498716,0.10077295674569851
-0.7002792572600188,0.12049198668754067
-0.7258549356168259,0.13358328292020438
-0.7114265863403512,0.15991136591206798
-0.6914638946030021,0.13101528730642792
-0.7421357902368644,0.10813080840569039
-0.6866526392613891,0.14663380028171985
-0.7270315090594115,0.09737530672707319
-0.7315670048836169,0.11073066561174225
-0.6974089797803087,0.13472749064041453
-0.739884144685271,0.10764989575533956
-0.6992430865493893,0.12475149594799972
-0.7437685362535468,0.08169116950791924
-0.7037328366350605,0.12197233541486427
-0.692616290961332,0.14937238555316987
-0.7223347179389106,0.09702150369948571
-0.7215472130591258,0.12219020491083309
-0.705200286436688,0.1443301603477114
-0.6957630657709903,0.12507974877324113
-0.7260743217826077,0.11931141486047726
-0.6971249999848848,0.12890431619175802
-0.6743895301128932,0.16682730579200397
-0.7117851819131652,0.140046467692185
-0.7070763476556873,0.16303129043428558
-0.7251974637133444,0.1323108677806844
-0.7269647025420306,0.1425266477411417
-0.7190587277442343,0.10162341217003054
-0.6792982855463711,0.160660539060304
-0.7075779773784023,0.13397303222109824
-0.7273687022972843,0.12953138331702274
-0.7139049814887357,0.11797705374208836
-0.7127159615506624,0.11100209328661588
-0.7315229957795693,0.13338485739172226
-0.7172991249091133,0.11410261740386402
-0.7075036675860649,0.16492913920461247
-0.7467958486951345,0.10190789970306514
-0.6964868990200097,0.16030197776547
-0.6929145812554997,0.1592220406349933
-0.7447571951326418,0.10194210033660163
-0.6871831363065569,0.17006087850294516
-0.6825642652085849,0.16561347616249777
-0.6962149040204252,0.15616063711448805
-0.7275789180747579,0.12879398455681032
-0.7006275680077586,0.1509934943691815
-0.6963563534628663,0.16906429075537455
-0.7096355828293622,0.10837288285249741
-0.6848910575978885,0.17534423523769235
-0.6951586242218449,0.14964245974443502
-0.7173663953114973,0.11714965506508884
-0.7083612075644296,0.1392386773624685
-0.697030612995731,0.1502955929708479
-0.7018235963510434,0.15442377256670245
-0.728592582796319,0.10535473903163964
-0.6863774490242817,0.1570685764408466
-0.7031054612418252,0.11819886279573814
-0.7243271302745422,0.11984529809103905
-0.7140157558124166,0.12215783314119469
-0.6878039992281456,0.15937597719814173
-0.6960150732099214,0.13799827721869143
-0.7063192146407034,0.15748483008210157
-0.7039274838316738,0.1403537647073279
-0.7262145997298897,0.12679942155865415
-0.7097503223695204,0.1422059629229215
-0.7015866690994089,0.1502506796475714
-0.7245540721919925,0.10670236436972222
-0.7421691168420824,0.12118769041956155
-0.732609926737054,0.10448209210537793
-0.7251679256461552,0.1449525616049339
-0.6874956485571737,0.15380319765926995
-0.6973092138467766,0.16728277942325132
-0.7429985966570705,0.10543108858777833
-0.7244338118236145,0.11675777008007591
-0.7067868810132534,0.15217713403294925
-0.7121468420548898,0.13992472400788583
-0.7036425797828013,0.12138135075976221
-0.7498725106045494,0.09031645301638852
-0.6850014446307586,0.15286739586510267
-0.6979480178325643,0.12364129534222504
-0.7036950189058969,0.12619012274667765
-0.7398063000386844,0.11053795457491032
-0.6974288963569626,0.14376760717564202
-0.7318965775223006,0.11779737223879284
-0.7246160038942334,0.13259572872500106
-0.7014763546768842,0.15786280556994894
-0.7094745134590611,0.12094912807970856
-0.7133603200766875,0.15359523719989385
-0.7385352514401148,0.08866025886727352
-0.7193180166842758,0.10143996079275237
-0.6873440042809842,0.16291502003029593
-0.7222740300850392,0.12193285494097515
-0.678652511660507,0.1492962691022362
-0.6736588075932565,0.15947920925587597
-0.7115997196454417,0.15634727769161114
-0.7353070972059174,0.09658057991190021
-0.7084272014999724,0.13986538445735835
-0.709882423667803,0.131013822892917
-0.6986649246638171,0.13069119921566597
-0.7339618419089095,0.12786790615064442
-0.7257431968724076,0.14711129406904247
-0.7150459058297077,0.10690519750573745
-0.7094883672658214,0.1286730926238975
-0.683980949835119,0.17385895420231434
-0.7247989553669739,0.1282498887113281
-0.7111727029456459,0.14950417081753029
-0.7088591740753053,0.1388223029960422
-0.7158172800798269,0.12002710217075735
-0.7289090172697199,0.0978486751997325
-0.7493736099690549,0.09787254590037228
-0.7213285930552888,0.11018410892028026
-0.6940885727483985,0.11930138855049625
-0.7256497096796608,0.12388361107778008
-0.7448881844479099,0.09351854864071546
-0.7254977583331318,0.10151195899016009
-0.6903579686352945,0.1377923075820462
-0.7385105158367298,0.08181325554169895
-0.7308619703087986,0.09324615754026011
-0.724611024224592,0.09613499714699084
-0.6926255503589234,0.15436669596451824
-0.7103627241359209,0.11017898442692624
-0.7497138908484079,0.09603544209570353
-0.733591512902729,0.12043908779074311
-0.7272328242314182,0.12053541500865173
-0.7009727982850662,0.13286042860784342
-0.7371327019987163,0.11166831430821372
-0.7297622278604825,0.1332427863515785
-0.6885146638020643,0.12898095545888696
-0.7094350600368053,0.10232980280531791
-0.7270286914995505,0.10447912548666057
-0.7320142261208157,0.1021801434806329
-0.740322294701642,0.08978499869235457
-0.705330203755936,0.16111940245079362
-0.7266424622047873,0.09128224024097469
-0.7126245611746111,0.11541841347748957
-0.7235624102084003,0.09219504174280593
-0.7082832933982238,0.12404336895462165
-0.7245355253244006,0.08809028358442281
-0.7001110409881446,0.1349758491288817
-0.7382706629300563,0.10244477578532668
-0.6916644561209399,0.16102743487541354
-0.7379975526698562,0.111231589582157
-0.6914003440524791,0.1409745927587222
-0.7083645426886981,0.13902645837534444
-0.7157164210611718,0.1476309838554733
-0.7478776638359879,0.09705341489837235
-0.7112635680109771,0.12499099109290836
-0.7050089444343323,0.13285186181093567
-0.707876868284324,0.10546064015468441
-0.6891028094953138,0.12777224926972514
-0.7384615938914781,0.11756686023444152
-0.7157283551597354,0.1133426757356471
-0.7391863299768995,0.11426577728956029
-0.74193037469387,0.10136786125578467
-0.7134337327068591,0.13603659948598973
-0.7164885772847046,0.12521943766377575
-0.6975201252600329,0.1205894158272618
-0.7149974529077101,0.1330564598334588
-0.7343353189799525,0.0919875428601782
-0.7286486034672759,0.10450434823150848
-0.7461953354171419,0.10150065099889374
-0.7009287033214454,0.12919521927166475
-0.7282794669236442,0.13752084966746034
-0.7179749365057224,0.1402882880608603
-0.7385751757601848,0.08910016867646146
-0.7434915300555528,0.11759911810040052
-0.7261001884611257,0.11996953490664412
-0.748207068774803,0.08950120281607506
-0.7203004838879613,0.12653967036236008
-0.7319388587314757,0.11758462496528281
-0.6802812406117638,0.15290540976868167
-0.7004446467897045,0.1497799815343118
-0.6960366203104912,0.1270581891902848
-0.720822783290216,0.14082081878768415
-0.714685237164148,0.11404426069010533
-0.7001234452271752,0.1410950821120024
-0.707036937766974,0.12124528006953868
-0.7052839160540718,0.13124277675792864
-0.7292650005392161,0.10263917485377806
-0.716594392190217,0.1277774664291815
-0.7181418712843676,0.13226271403061415
-0.7106959285786567,0.1208964067154434
-0.6976815995885318,0.13448098125432079
-0.7194344452278464,0.11561146899067207
-0.7012592335968512,0.15755658803827233
-0.7286693311217715,0.12619226561705163
-0.7153085635924347,0.116980016682287
-0.7361518137079086,0.09783038526632595
-0.6968455862934837,0.14290677851696804
-0.7139086282579592,0.1333347770026149
-0.6967995667965216,0.16638880118331667
-0.7377480398772917,0.10304425934498115
-0.727344650563862,0.12635707938525076
-0.6921596586552071,0.1332234976168577
-0.7042791852721776,0.1641805422201593
-0.7118786787305881,0.13830329602381813
-0.7259263196804999,0.09665620464330228
-0.7297537919141741,0.12436320523257889
-0.7059340304407217,0.1318782011477602
-0.7166303918955864,0.1468105968142218
-0.6870109370616362,0.16866419627727627
-0.6845668198604745,0.13133136220650835
-0.7217153656935996,0.11976126350179293
-0.7147906340468596,0.10349864942006902
-0.7262935594018419,0.1307787050132744
-0.7179973951881534,0.13459175047012714
-0.6899536892517669,0.15203353861976565
-0.7187087186243671,0.15308684136898704
-0.7310387124728716,0.1051342067688795
-0.6774507564712355,0.1593651654454118
-0.6899428792319391,0.14270535825672098
-0.7283477200638262,0.1354838128693035
-0.7069236009075939,0.16082736949402376
-0.7200926512962309,0.1355158502177606
-0.7260697818573948,0.11774167547588002
-0.7325152453038987,0.11801888161924402
-0.7316425343419061,0.14237313373771146
-0.7307939328038542,0.08464827192873582
-0.7291978309949918,0.10786151155537739
-0.7403956092884963,0.0941641842798
-0.677165055822461,0.16960749400657646
-0.7204148473743479,0.14319338927524242
-0.698463193035462,0.15199351936970187
-0.7132197098619457,0.13308693192840707
-0.732893278283841,0.12326017980943224
-0.7318129865852099,0.1039435304773147
-0.72483848433715,0.13872154116796745
-0.7283689549499073,0.09055154482842052
-0.7090382282579308,0.1169199467946858
-0.7227511675416258,0.10126883958636361
-0.6798493837831195,0.16151733043150113
-0.7307801850049677,0.1406601444923996
-0.6880824190346282,0.15699733761824172
-0.6859892907125374,0.16107124739737796
-0.7021720477538674,0.10668550125504989
-0.7161025800898755,0.09486243951069126
-0.7450696504273191,0.09284184038606619
-0.7110845982698752,0.13474724910125124
-0.7053568882964115,0.15503046538218107
-0.7110155730834511,0.11229918326761815
-0.6925196031516684,0.1597179414478454
-0.7120330356201842,0.12515202160381736
-0.7445045452351489,0.11101869877058977
-0.6878701800426693,0.14227312811307974
-0.7059294236347702,0.14496259670362382
-0.7247970899182303,0.1197063197320776
-0.7242299518528594,0.13722128472328224
-0.6812461212467825,0.16100140123637402
-0.7165245008032638,0.11352785533791217
-0.686373235336182,0.13377979657834022
-0.7359538410380873,0.11886749432027545
-0.7033009331472165,0.13629198724654476
-0.7290542792553634,0.0982392245261315
-0.7321862978753987,0.10516789709123352
-0.6976063774146443,0.14082409172994562
-0.7150397938600008,0.1295001775424301
-0.7039981557017267,0.13303032878715157
-0.682572921146416,0.16034129410411038
-0.7359127924724882,0.08792157894312558
-0.6988600462904083,0.14949749381190636
-0.6928707992254888,0.13983674773868063
-0.734677209821143,0.09569696407764401
-0.6792517463912827,0.14460237522779945
-0.7343153359733826,0.12979425823256954
-0.7161834518859764,0.15600108622557543
-0.7335653887213459,0.09316275306583585
-0.715140584052456,0.14655722052100292
-0.692468754552449,0.16427930597547663
-0.7305740456492646,0.11990242778352683
-0.7282719273985537,0.11064936779655808
-0.7321077884353726,0.125627872361397
-0.711157017486029,0.1136541734029157
-0.7283447343376191,0.11367320498599684
-0.6904900051073682,0.15902457793397176
-0.7222358037242613,0.11196719885790644
-0.711391220791587,0.15811518801551805
-0.7348059223884781,0.09621523006513712
-0.7178683305939088,0.13590811501437308
-0.7324040993535539,0.12546089693739992
-0.7379355747818631,0.10057393503046307
-0.7233824089116385,0.11198197341519227
-0.7259239603957982,0.14200713025885112
-0.7100384760140335,0.10920626655279289
-0.7127068444754961,0.11164206907647903
-0.6836000923624322,0.14272155897070676
-0.718667689027503,0.15318019866243046
-0.704132288372,0.1567733425933328
-0.6979003992719063,0.1302535053118464
-0.7479551630158929,0.08624462559768374
-0.7302851279409567,0.09007808336240743
-0.6961128268108484,0.1334641405488845
-0.6945289663215993,0.1469109930020212
-0.6886761317195712,0.16355176093873489
-0.7000118540999077,0.1234245548370564
-0.7388864120607646,0.11187460702213554
-0.6920548905250198,0.15315441253159967
-0.687749039874919,0.14200226048893824
-0.7010457474425453,0.1297255744912062
-0.7025069976210335,0.13488764642199852
-0.7068724095447947,0.1521566959364867
-0.6972151772854887,0.12479099043510504
-0.7035876906212335,0.11077063528901913
-0.7008087258444982,0.1542494295056456
-0.7094501669220618,0.10958755436854857
-0.7183084035518557,0.1320748679908338
-0.7486536543900969,0.0915295694444974
-0.7163975488059215,0.1285372569581186
-0.7053055700757276,0.1455623658827386
-0.7032733555218653,0.12460825301533701
-0.7073400856889047,0.12229947037622844
-0.7284562334676136,0.13503582937903266
-0.7345887109166502,0.1232480768088748
-0.7341489542457045,0.13315731382917428
-0.6881662335287243,0.1669190274384019
-0.6880512251975062,0.16818117871297728
-0.7113954766601136,0.11943013442189081
-0.7067601326180526,0.10945854795707102
-0.7285396744686033,0.1244220246848322
-0.7021323944658898,0.15081126682682558
-0.7124012263636424,0.153467811560804
-0.7213652660014848,0.123841287148944
-0.6985325236067992,0.14166178994358
-0.6897110923859656,0.13265636688372331
-0.6966948319561966,0.14489374430723265
-0.6780166700395904,0.16881785989294457
-0.6893962598253993,0.12900219664112775
-0.7005235379547566,0.13246827469711878
-0.705798673488139,0.15340145339399708
-0.7043939417701908,0.12035538588018635
-0.7115511563210141,0.1291830084854174
-0.7061564618634272,0.1460768978139629
-0.7054378076524376,0.12749096293891074
-0.7023164303727977,0.13599494238483126
-0.740406849356133,0.08661332140578579
-0.7368746914936264,0.10633602400762979
-0.7279299779755611,0.11804417556736185
-0.7103878099508854,0.14720963974094292
-0.7276806323748142,0.11656966678586059
-0.710460729185888,0.14566015963443427
-0.7189855146742217,0.10493837794234291
-0.7127429245761454,0.12421761935719565
-0.6937725808825307,0.15097228009085337
-0.7442078090825401,0.11557263425774252
-0.7203600482307627,0.11654230615781747
-0.7073730860784071,0.13121521914232487
-0.6957360790832348,0.13611702670841094
-0.7347977280893221,0.12456080106175674
-0.7089999814931482,0.12245526656662031
-0.7464927121750904,0.10045793086105563
-0.6979756477233446,0.1676171273983668
-0.7402327025453272,0.09850519452364484
-0.7018425983877851,0.16061869724139355
-0.7054872205007489,0.1462773946425816
-0.7267039967008277,0.10772623059872947
-0.7056572243743597,0.13819281941910286
-0.6933817741214482,0.14030171928090893
-0.7104840091915757,0.13718931137713114
-0.691393394506584,0.15831443397137285
-0.7296556397476268,0.1322075513661726
-0.7224775781275382,0.14332475418617427
-0.6999375438481719,0.13317964734845666
-0.6956419374176633,0.13479647846809759
-0.6880601803606368,0.16460311291103852
-0.7116569780519769,0.1331844608132666
-0.7389662045090749,0.10066029763582494
-0.7485695913284992,0.10390173134916618
-0.6904119722014231,0.16822189599037535
-0.7358543182815998,0.1028572418184575
-0.7146965752854271,0.10057862854508597
-0.7443166827109217,0.08685548111812864
-0.7121539348364625,0.13816171578851058
-0.7064245784761483,0.11139356480123788
-0.7202389726211349,0.12339862911229135
-0.7293292894672497,0.11800973123675648
-0.70062087136355,0.14847761647049268
-0.7278067259719384,0.14198084044550152
-0.7211992350758051,0.11149908414803136
-0.6828182798724258,0.1510892622470659
-0.7346757888302459,0.09010674105157841
-0.716883311171133,0.14036739851598437
-0.687934589324819,0.1579947045345268
-0.7278469874004798,0.12656876613445056
-0.710980621612031,0.11417731757159463
-0.7073436396194753,0.16058081453235493
-0.6959093021373186,0.16370917312349711
-0.6870984937546727,0.15356862230284388
-0.6973772590774167,0.12496164756394099
-0.7216255581284694,0.13176841945882872
-0.7042670924921989,0.1321368130728981
-0.7343570357342197,0.1065120287445757
-0.7126982059515339,0.14736489893201815
-0.7392177701885366,0.09143058932740646
-0.7102977651861018,0.13571959212648563
-0.7153326797148455,0.10782819424062269
-0.7423131530660867,0.08598083390457625
-0.7206207479021683,0.1273823756326041
-0.7151146734891818,0.10214020127847792
-0.6859481357944385,0.14780690205862868
-0.736278984422083,0.09757549147176493
-0.70265950990815,0.152963866906559
-0.7157361387590583,0.1192661556702505
-0.6954003686960253,0.12062476540529206
-0.7192285756545093,0.11466080993081343
-0.7297708928135769,0.1384490068503282
-0.7360939646145718,0.09031755235200083
-0.7166091038920673,0.13150025382283453
-0.6984277038640955,0.1577064951528313
-0.7065972963565018,0.10869939337417191
-0.7384005893683788,0.10863723718552006
-0.714503757145893,0.15646248045072794
-0.7256253331540562,0.12419042925790323
-0.7193005667740869,0.10467644988324157
-0.7308984106899682,0.13154508067421478
-0.6841181025193078,0.16827152544515564
-0.7247969125282259,0.11926749379478088
-0.7214829243199606,0.11819161898089169
-0.7363382814684396,0.13183390384040164
-0.7201295273843106,0.09717339359467135
-0.7096486003456747,0.11617146574627985
-0.7369067920378961,0.1252110353482055
-0.7375009567798585,0.09019043044856176
-0.7036720128699977,0.13229606461756419
-0.7285433045093398,0.12177765607827196
-0.7204453401719382,0.11461999184484326
-0.7244999808644293,0.12238580758942266
-0.7240760933822755,0.1360061744616868
-0.7102474987418642,0.12850572733430068
-0.7087955792648045,0.14849193212382356
-0.7242681480809083,0.10906717496606576
-0.7026868634265598,0.151123493527927
-0.7282728900564033,0.12202796233355064
-0.704628052937707,0.1213226324300594
-0.7114877604762705,0.12775714737129878
-0.7391313218189048,0.09341581394019882
-0.6973695706210731,0.15050036996775393
-0.721646462513218,0.13741349435049463
-0.7232851364955715,0.13511712485774496
-0.7142625150277946,0.12590539064038886
-0.722043017358504,0.1395447453956618
-0.7122194672383275,0.10616131110801014
-0.6987339137920973,0.12038718170908345
-0.7267637430178746,0.12659723348224822
-0.7047235157159364,0.1293851104326899
-0.7295920561786792,0.11133871162249537
-0.7006443071040713,0.15749909841425724
-0.7229392794887488,0.14615651766105783
-0.6906290749957603,0.16453208991032905
-0.69129470989893,0.16651390123738077
-0.7438315943936444,0.09724189483374343
-0.6820902998562726,0.15919677060580958
-0.73042574555961,0.08898090100248206
-0.7297787478410411,0.11173402709214907
-0.7240418579335763,0.13258891226564598
-0.7120410471709961,0.11256708905020464
-0.6951382262259269,0.1645376613994867
-0.7050219833098734,0.1354575811062112
-0.7050413276573569,0.15832893259130273
-0.7246578748634545,0.10340599050529717
-0.6911874983721971,0.15730102992200493
-0.7246871330728408,0.11210196620915999
-0.7354141261660136,0.10278400998762445
-0.7069067762138388,0.1480797677940295
-0.7291032536801311,0.11744682675382126
-0.7284345041747832,0.09158401290891924
-0.705540686666552,0.1196896376896899
-0.7372177435200382,0.10136700816947371
-0.6892562727498832,0.12952466461996473
-0.7184283120636435,0.15510850588646652
-0.7104209421550728,0.13451514431663691
-0.7285098138257534,0.10848670090614375
-0.7184680147279393,0.13620071733107975
-0.724946779167504,0.1250791756087476
-0.6982174716380936,0.1342691394489005
-0.7036064803673256,0.16421161591537772
-0.7002021058201874,0.13534592872484286
-0.7156266088869012,0.1185491625784889
-0.7363800824659336,0.08422399831754206
-0.685266878325848,0.14098400589685767
-0.7146888173867886,0.14732360391597252
-0.7387834271349398,0.09328835156835809
-0.7257003664650344,0.10762653383280966
-0.7369819782170484,0.0952868464787652
-0.7165623458832445,0.1126389206794885
-0.7204993687978251,0.11131778577330437
-0.7132477866962719,0.1433751976259321
-0.7014383763800547,0.1347364443181391
-0.6983209067342617,0.15811764020776384
-0.7198717616173067,0.13110238290223036
-0.719549380835247,0.10962273356091203
-0.7140701420340143,0.09922452195256119
-0.6896491548141006,0.13149160552811354
-0.7171802684619651,0.11694175839315475
-0.7063352549222799,0.13228920771684058
-0.7195435797927628,0.121768948659546
-0.7034594959769241,0.10719780364499258
-0.7358008377520481,0.09059584312923637
-0.7304294481702553,0.10631987263424449
-0.7116324504287193,0.11470703517219524
-0.7085108695979736,0.13545714792958083
-0.7011972737732914,0.1621671488697204
-0.7414688375248988,0.10797563238818761
-0.6946537538219827,0.14859347067462028
-0.7139427206866841,0.11520931418368364
-0.6893761618620652,0.15537501171915294
-0.7136561557826202,0.14155105112880018
-0.6953234366326743,0.16128571624065133
-0.7027978387349157,0.13222382488759188
-0.680846994851901,0.1516278569875895
-0.7117545458211931,0.10633642650557697
-0.7153626995886447,0.11812243418117353
-0.7246221806497117,0.09566013645672897
-0.7068316892413651,0.140892283841472
-0.7219887964272771,0.13789950810439663
-0.7124720803964119,0.1279604232110524
-0.7309646842686499,0.10968771835370744
-0.7373987129212402,0.08609634587895382
-0.7258748241034029,0.10221439629983423
-0.7135041283548361,0.1463652045346859
-0.6933790255029696,0.15337314288865286
-0.7068668894307525,0.15574788159329456
-0.7394740463048338,0.11931313461266828
-0.6791868049547823,0.14927422977967517
-0.7094571031721787,0.11250336796212376
-0.7243566123760977,0.09705369508872826
-0.7127741888934807,0.14634123976359584
-0.7043208457022387,0.15625433194298627
-0.7186526845213448,0.1143052833542827
-0.7002456639931848,0.14790353543554535
-0.7240966221246923,0.0919006244642785
-0.7246559636125045,0.11378093769947359
-0.7270830761211093,0.10628474632034123
-0.7316730392089947,0.13556174769284798
-0.6913330969279995,0.16532112197750268
-0.744120771515509,0.11422072322396866
-0.7374834313852688,0.1074174757782764
-0.6861776144690107,0.16201215339503605
-0.6895196169947987,0.1318856307957195
-0.6902932905764142,0.1418806141720127
-0.7251799735635781,0.10935460090605327
-0.6905920311761398,0.15196091694374278
-0.7029060528587483,0.13202317190144577
-0.7179273873134021,0.11161546257746867
-0.722511665840008,0.09856317709975138
-0.7118733910772476,0.1293681625771771
-0.7206081148916528,0.1269422048950908
-0.7388924014981425,0.10037274713833806
-0.6998781112157525,0.1319246611820913
-0.7173559471341512,0.112951636060612
-0.7350969235510655,0.12815040365063932
-0.7261798597849375,0.11252624973848571
-0.7148240601095485,0.12048536903934873
-0.7035607009214795,0.1168964755092291
-0.7110754169214845,0.11202014015100448
-0.6986774912137171,0.12387452380703141
-0.7141086464333435,0.12110611125276223
-0.6903183356341311,0.14627881158886347
-0.7056450596498008,0.1238261754629189
-0.7249895518872899,0.12341491716796195
-0.7477753225370977,0.09763171464396343
-0.6907896613021223,0.14077351091015983
-0.6998211435575987,0.15984312357431862
-0.701450624375878,0.16394014318307815
-0.7191043205120895,0.13620637139320027
-0.6828818492908552,0.1580910454888468
-0.7241098449639652,0.10681163666088843
-0.7007981314516359,0.15673577131670463
-0.7415511352348177,0.11739476504716659
-0.7299201691842634,0.10060198080503426
-0.7057864544358011,0.11087324150368674
-0.7087407050659595,0.10646178870081692
-0.6879265118814096,0.16315744519656195
-0.7252131514577289,0.13538251843560145
-0.7261122471129938,0.12216904504890752
-0.7250955314309415,0.1433996881210239
-0.7221540060709276,0.13062934158757813
-0.7143575938271607,0.15553006652273138
-0.7201778352820417,0.11913401903323677
-0.7280081691778382,0.0942452164351215
-0.7339314095634649,0.1186006588904678
-0.7204524103823071,0.1275635160183183
-0.7089935484742621,0.10476637342694269
-0.7131814929259255,0.12521996578531472
-0.7290418264458128,0.12946079812946618
-0.7348508635467439,0.12224808988607173
-0.721897767330059,0.10003055666624791
-0.7157613570294438,0.13624372512843
-0.700922208641248,0.13542613274929702
-0.724865674228798,0.1312429122192954
-0.7278889726313035,0.11880137535637042
-0.6958549363733111,0.1527508663828313
-0.7402166426260809,0.0928321922233403
-0.7152473917246812,0.13067544773654252
-0.7359681233403707,0.1171487498950769
-0.7218056294396433,0.0954002730371619
-0.6869707560673145,0.1580268999748907
-0.6992525617611417,0.14791031207557345
-0.6985338385006807,0.14328067358223115
-0.7369220154639805,0.11128110415342038
-0.7159102576942672,0.12631685224265327
-0.7241802530677962,0.13713971634599167
-0.6984636205386731,0.16592000988745512
-0.6920284668771169,0.13401608650827443
-0.7248702611813307,0.11411344457063048
-0.7190875440694801,0.12576879943604646
-0.7384129722948768,0.10154151715201656
-0.7083550448636622,0.1172646222235083
-0.7078460480051997,0.11805702724257784
-0.6962826415527089,0.13630268084377123
-0.7076093879826264,0.15059030836427237
-0.702359499354723,0.11741057050557296
-0.7196555319746385,0.1431732064284409
-0.6997126196170235,0.15019869329208418
-0.7239460524955681,0.11732447122139342
-0.7011506052661296,0.13056982967917558
-0.735458163039426,0.11269421980728846
-0.7185884205727663,0.11477429880419712
-0.6959844951102646,0.13970643694607743
-0.7116180614423694,0.1472360652663657
-0.7372082938977906,0.12499909735189053
-0.7205520526923619,0.12597562246176974
-0.732176587237218,0.11362589232212184
-0.7153403237037915,0.13874627541075565
-0.7166968479753747,0.11370528455967444
-0.7140865139176129,0.12265948688389607
-0.7360098015703059,0.10922652838080234
-0.6944189697816486,0.14657002827457993
-0.7147640929371468,0.11042927310146529
-0.7196871252595743,0.10049157407502723
-0.6951979497509099,0.1543912570779109
-0.7053672505295804,0.12052270126488555
-0.7103622269509053,0.12203902768992414
-0.7136137619085858,0.12485601990188905
-0.7330918989880425,0.09577825610267748
-0.7140160538071405,0.11569976678109557
-0.7343581001939447,0.1297012270655195
-0.6832482583933108,0.15340653026738263
-0.7269546399919811,0.1426401277294552
-0.6841197222500826,0.16054985982461026
-0.6977278760951532,0.12492685183271214
-0.7119671975076769,0.13856406579294292
-0.6987263955639303,0.1404565749356511
-0.733684644898396,0.11356202728285301
-0.7219042902101239,0.1338177371647382
-0.6918506904393876,0.14691827757616005
-0.7124004434014046,0.1199383939631777
-0.7419356998864699,0.1155396518946357
-0.7143430981083212,0.14284082468572082
-0.7345895263699649,0.08377021091106555
-0.7166097873521503,0.10402585594521903
-0.7009544388717747,0.1430889209476964
-0.68785342754838,0.1394571871557667
-0.6989752558237655,0.16118686977100413
-0.7189444049843418,0.11497594985699504
-0.711910455433968,0.15584578070679964
-0.734081654141618,0.13115403997699057
-0.7194525106474183,0.13459588085615973
-0.6977825375266992,0.15914644740575204
-0.7051251195020957,0.1466139383042293
-0.6931706160790024,0.14928747021773192
-0.7346155634871311,0.09521643607668907
-0.7005185977663351,0.14184570360235174
-0.70036244891439,0.14574920085936943
-0.6894345233521734,0.1625109321173124
-0.6998136645594264,0.15529806316799644
-0.6861075034315872,0.16339833340763116
-0.7010057090480017,0.15954108739511505
-0.7223070920667607,0.09572317891863077
-0.7427127520966873,0.1161834847972344
-0.7248488125535758,0.10044952017298739
-0.7184515191607905,0.11013877480080421
-0.7331827153021059,0.09308922375203903
-0.7105483966208507,0.13571625422003122
-0.703095794609031,0.15653501697595615
-0.6986483410221532,0.1491305450607831
-0.697926426094496,0.11860737038293304
-0.7149934358507838,0.11038771289559031
-0.712499306928786,0.14712848626847058
-0.7327065414530102,0.08862531659449875
-0.7210082068786786,0.1486026301933672
-0.703258567929145,0.15294855911319166
-0.6990380793916371,0.16252946593776318
-0.7247397145150539,0.1468955694823026
-0.6913116976559145,0.13968883746375732
-0.7018218018254306,0.15462531339418994
-0.7054440309206351,0.11091808214851105
-0.7232515985148089,0.13290511933379154
-0.7076765548096915,0.1383626149961983
-0.73313646023608,0.1096785449417368
-0.7000992557535837,0.12401070297404403
-0.7403915000962106,0.11574680493112659
-0.7293341083373434,0.09764442734029857
-0.7128416948892773,0.11276502270911345
-0.7042788969576184,0.1446883718555701
-0.7382951547023225,0.10138003416854112
-0.68622487697719,0.15114625165172213
-0.7221637680400086,0.1295904880732052
-0.7176175856361957,0.1347971629100753
-0.7017473039488554,0.13445681766238804
-0.7407800583645683,0.10288933585597153
-0.7107984064990547,0.11845772545952504
-0.7109894895942273,0.1396599101563985
-0.732325263180596,0.09715940113771762
-0.714124748741398,0.15741157806349237
-0.7018735031320716,0.1394407785577805
-0.7286859114488821,0.10921717355897063
-0.7065301303211561,0.13162691594230305
-0.7278378689386625,0.12512607063074196
-0.7095096932475857,0.1302801788317516
-0.7072426944028001,0.1584733039759595
-0.7226489761132106,0.1124182951472104
-0.7295463820758341,0.10288096968372869
-0.7157586039830658,0.14521416305037876
-0.7187477884373069,0.10881130109320193
-0.7150568204340099,0.1242613790633371
-0.6929585610365657,0.16276725127087877
-0.706167542815369,0.13132728023598983
-0.7427074348196933,0.10757002680038652
-0.7347745036635213,0.11523012319961888
-0.7249756089009938,0.12382668568388677
-0.7245424901197538,0.12731901126200335
-0.6998823979799239,0.14719633156900858
-0.7316878097511749,0.09488543837492236
-0.7096615537461692,0.1404195224265998
-0.7285225999854174,0.11170859759907742
-0.7332501688738292,0.10177922311295069
-0.7139998313470253,0.12540380120553046
-0.6990632653787151,0.14947723290980755
-0.729663735056129,0.11811466275850065
-0.7413387682505445,0.09576961658417223
-0.7128783397717924,0.10045487810702183
-0.7329251673910302,0.0960719085666966
-0.734958134094019,0.10801804282578911
-0.7200584493326684,0.10683562692820942
-0.6939844615265962,0.13412670346965636
-0.6960035094680105,0.15874228341533955
-0.7354000685823416,0.11879173671979698
-0.7143113246533345,0.13240600077598116
-0.6935309013506951,0.14327800270070132
-0.7187803363991555,0.10638841153931185
-0.7203390756870538,0.13866169410973853
-0.7070756095922033,0.10520917480036018
-0.7217715020477372,0.1346480695229962
-0.6956719136430335,0.1414925060351178
-0.7393190651849165,0.10607654911344737
-0.7290497673753921,0.08896991348967946
-0.7142636565595702,0.1340590034608033
-0.7045890917826162,0.13248242978943922
-0.7048680252850166,0.1105705820164505
-0.7063876108891307,0.1227617384600329
-0.7091287454310166,0.12381030278118045
-0.7075977054149598,0.14220047824927254
-0.7304646904522419,0.11068480779498815
-0.6975898152486122,0.14024608128092497
-0.7297649041964474,0.10731206056335006
-0.7104728519276461,0.15003885463485636
-0.7235341077399092,0.10325586405789575
-0.7161144583677517,0.10624747704250942
-0.7285387444322151,0.09261736854649003
-0.7157154596147582,0.13099052889471302
-0.6928815476514976,0.1330240772063152
-0.6993718084733136,0.1482702120622481
-0.7329779155903926,0.1154969948517311
-0.7004570361534967,0.11904442756559949
-0.7182457500064403,0.13250317942856352
-0.7113391058299134,0.11351505854142506
-0.7109441439728833,0.14888319409999903
-0.7354190320756793,0.12003989959305866
-0.7041146143088979,0.11985713750132691
-0.7030578817562666,0.13542486071674206
-0.697766919536635,0.12032953163147755
-0.7060056589102287,0.1608229344417313
-0.7408915211472803,0.10346910841766967
-0.7264854724139437,0.09747107515255438
-0.6963773583306907,0.15193368700373194
-0.7200808717467563,0.11708957223636549
-0.7084148663962004,0.15801981044831787
-0.7316734004392648,0.09461501155896068
-0.7020399341607324,0.11713698801769197
-0.7314011610974861,0.10621881995168894
-0.7145112810348837,0.10855649317370307
-0.7154215285915777,0.11183528672290172
-0.7384058261798855,0.11152858316351691
-0.6818988268030579,0.1456770797359721
-0.7097818515671347,0.12222136882489822
-0.7119691336379393,0.12543123191895858
-0.6928395417092196,0.1365608290786706
-0.6848473383152607,0.1464778021626363
-0.7179383309812053,0.13909828888488734
-0.7188070093587668,0.14276159866236332
-0.6908194473505299,0.16357832828852717
-0.6866279274857772,0.16088753117602178
-0.7141828275707293,0.10826863892991716
-0.7265504015370629,0.09618088009754656
-0.7124183669693157,0.11197468353486373
-0.7141864577542204,0.14671459248634783
-0.7134332769594325,0.1528786766028318
-0.7153843739913123,0.13483605791394931
-0.7212064938566782,0.12950765083078844
-0.7003847810453557,0.13149995505878495
-0.7136444752031839,0.1449184933350507
-0.690036412000898,0.1466341045153881
-0.6955041432521992,0.1527735898465856
-0.7375523927359379,0.09366287074217071
-0.6895603587491864,0.14796270649349294
-0.7248319263730594,0.09715615478436776
-0.7191591697706907,0.10895687921331469
-0.7049289447459501,0.13814388531297486
-0.7230109371300371,0.1414085116168469
-0.7296598506244871,0.12988832365411562
-0.7126650337324888,0.11464418163865234
-0.7260820267094188,0.10619217769580852
-0.7048891533460208,0.12412583819662619
-0.7182506297569532,0.1430301509924944
-0.7322165605930403,0.11885941823936506
-0.7175359298869957,0.12457323003478399
-0.7058911883120451,0.12018715083404029
-0.7310815261092634,0.1315039157477298
-0.7218239299776839,0.1442561952902516
-0.7054061500357364,0.13528286999688424
-0.7115661668917962,0.1211440780961923
-0.7006449870101906,0.1268896223949585
-0.7404301584180061,0.09906809635335144
-0.7397572761666166,0.11658954470928506
-0.6880655181434562,0.15558488603320295
-0.7164776252445764,0.1288563683566572
-0.7449931572391201,0.10296210621516884
-0.7204124753985232,0.1394158953355228
-0.6900928071097662,0.1457366792542507
-0.702682945571818,0.1305897600402641
-0.7317694352406452,0.11857479449901787
-0.728018352529694,0.13089663431522747
-0.7412509061783951,0.09584640217608831
-0.7099216934474569,0.11229001200391257
-0.7001881890528242,0.14539517707536545
-0.7228231711874057,0.09775098541362137
-0.7068324334655163,0.11998789716693943
-0.7108356659402008,0.12789575276807152
-0.7134815982205871,0.10054829119450441
-0.7004591563266896,0.16023792051483193
-0.7315256118353375,0.13636916408850577
-0.6970777874233516,0.1286877325951822
-0.7130422089617943,0.10310125208950825
-0.6881887603966153,0.1576672411865397
-0.7324953420510066,0.11445178678795757
-0.7013860174165423,0.11974765671928067
-0.712328072293749,0.13772400030309126
-0.714757090677258,0.14642135330272585
-0.7257797815499449,0.12795769083822228
-0.6921033964745525,0.1444880756788338
-0.7341539780938077,0.11380189367958722
-0.7340562511664156,0.10209784152900184
-0.7229019952597693,0.09931411403372407
-0.7181476744447616,0.12206115502475513
-0.7100156978983825,0.13504765157020626
-0.7310115956274633,0.11212214955107137
-0.7349623078656172,0.13120056077606282
-0.6995231875208698,0.15483072456653213
-0.7346723992238791,0.1013025953941158
-0.7219600269452883,0.12741600353172355
-0.724024804309994,0.111992747431307
-0.7087881273272959,0.1310089061318659
-0.7186921083517529,0.12246771781642016
-0.7215108694472288,0.10173399404285878
-0.7186401950504535,0.12419220778763433
-0.7345453296937774,0.10100465324847797
-0.7129880862856955,0.1298008976810589
-0.7221008902132648,0.11531054999740122
-0.6885324162465077,0.14455697548876517
-0.7356335590895938,0.11833739973482554
-0.6936737774375702,0.16355072370491594
-0.7199470800389068,0.10460099985190742
-0.7374806360940471,0.11252021545558412
-0.7222326467528503,0.10430216459668236
-0.6819207928787195,0.15299369667062673
-0.7165281542942649,0.13138131091136102
-0.7360392135394138,0.10670925093503394
-0.7070787713921762,0.12636789308746943
-0.714740188059763,0.12131789791716349
-0.6924371697465365,0.15053754224227514
-0.6865886191925701,0.1399601098102712
-0.7364332204524201,0.10916841471928114
-0.701688633265225,0.11344710902255208
-0.6983537945027236,0.13587354922473516
-0.714623901951742,0.14086276658907507
-0.7234948267153083,0.13885816959758543
-0.6964524951212248,0.15317515838996532
-0.695236788359569,0.14198927472913148
-0.6909511185036427,0.1437698591206487
-0.726825407674021,0.10038822589000106
-0.7173610233296451,0.10904432047814215
-0.706502912356588,0.10853904452130049
-0.7032299176812601,0.1295960219572837
-0.7363056363117695,0.11286540837185231
-0.7262762042209584,0.10073045860729442
-0.7029152447996061,0.13509413177005786
-0.7099684041796614,0.11507538478358535
-0.6845261898959131,0.14698942992558567
-0.7374754445323514,0.1009351870301693
-0.7207997871791517,0.11504903081626598
-0.6900023599057017,0.15621170681374652
-0.7043421338581453,0.1305551721756047
-0.7325701337444478,0.11672944632562532
-0.6964442120326106,0.13748924478222785
-0.6835476277798396,0.16083046270927692
-0.708525377467974,0.11711802263969961
-0.7143118893811472,0.13712745778276797
-0.6953912590530753,0.14480936876055364
-0.7340220094601202,0.09580431361623568
-0.7075684498784184,0.13588211154306384
-0.7164000294030093,0.15229320923737014
-0.7046329727776846,0.12361701373671369
-0.7176488656751241,0.11822548523434219
-0.6993521916012796,0.13403681566933903
-0.707545237741917,0.13819308513307518
-0.723864023227339,0.11245910515854476
-0.7133020617936349,0.12708611382066118
-0.7299867207559508,0.09428936688138428
-0.6896730158446241,0.13686792294734962
-0.6990724235490368,0.15382491701733958
-0.7330790922781484,0.10483276369813162
-0.7176384033559721,0.1345970561566431
-0.6899669864258545,0.16500127951236276
-0.7361963233772751,0.11379802614382796
-0.7201013010840768,0.1457535988114508
-0.7325875235034247,0.10524957202027471
-0.7111319995824793,0.11861369784042865
-0.719551686764545,0.10167311147672795
-0.7123860724304868,0.10548321997974473
-0.716794160754541,0.1106438833116744
-0.7284642253746444,0.10765823456581246
-0.6986075641141998,0.13182019187477914
-0.6970818045575472,0.1611894298696493
-0.718149856357609,0.1446748345429572
-0.6909237300656336,0.15300836952614844
-0.7077687961967942,0.15937543380252325
-0.722846443371815,0.11236847088632795
-0.725268872100687,0.11522448935407989
-0.7271657731084444,0.10252502445978261
-0.7168650384640628,0.10092401551089879
-0.7300717883468717,0.09197859279225594
-0.7082161144446292,0.14492899220259386
-0.6919851239646961,0.13881083136840117
-0.6917626498067554,0.14963426946315592
-0.7051577080628684,0.13738938025342642
-0.7209370632364813,0.1083605004665925
-0.7319820158570968,0.1049172482747467
-0.7251207326693235,0.11391704707448165
-0.7111685624054939,0.1455837503972557
-0.7209638610880651,0.11960968396096663
-0.7148499528233159,0.14219555228097172
-0.7048293649632732,0.16074325487398325
-0.7137901690790261,0.1402883157846613
-0.7153977583130312,0.1323667134301913
-0.7293610789205358,0.13359355158945949
-0.7211095625749308,0.1190035833605833
-0.687848733449964,0.15630717196683663
-0.6943696331763932,0.14796920289121948
-0.6965481986979057,0.14020210020908944
-0.7401231424215059,0.10227534560388149
-0.6947658104623595,0.14762477635939156
-0.7115212439674603,0.13564979601369956
-0.7317683877302285,0.08926345358126729
-0.6898433047463729,0.1481424262098627
-0.7274248162187446,0.0947023651701698
-0.720071141901188,0.11238929613043792
-0.7193845153783999,0.12171726544056825
-0.7116104639506834,0.13081505678821811
-0.7138620279801496,0.13644810916358607
-0.7072379735743126,0.11091834839239545
-0.7386265892225796,0.10673195397313795
-0.723746839050295,0.09569213787800807
-0.7249408539910853,0.12305516683755201
-0.7254645528263466,0.10331158512922388
-0.7240632113271406,0.13252751983015676
-0.7056453477412394,0.15707287752519591
-0.7112275466148277,0.13529389423313215
-0.7009473920797848,0.12149919427226612
-0.7318667482087036,0.13338781662123175
-0.714778258678345,0.15425950558810236
-0.7388499307791215,0.11541102916268867
-0.7179701984888024,0.13384644775361482
-0.7364697061866956,0.11729546755701337
-0.695211342429311,0.1431901441239057
-0.7155055611137113,0.13328552569958466
-0.7114445603296151,0.12876429017016594
-0.7408120866980722,0.09696260051802243
-0.733197206633083,0.13104802259912554
-0.6887657762525404,0.15547547272312473
-0.73147934234946,0.09274465549509525
-0.6936720693175491,0.1325583723320096
-0.7088477714606392,0.15031273390458708
-0.7220406507507107,0.12665973110946738
-0.717219892581337,0.11736341870592054
-0.7058213972318954,0.13980350018841284
-0.7302041570788768,0.11660136905812606
-0.7259441681365112,0.14033391354744926
-0.7279035767334312,0.11329494473494002
-0.7183804340836267,0.11785690481366183
-0.7257841820084775,0.10009674224813071
-0.7178375538359918,0.12340418294924461
-0.7220796205197536,0.10335184304978975
-0.713667262461841,0.13729510779042065
-0.728492299687147,0.11550631446814816
-0.7188969362028623,0.13090354362840667
-0.7111168332908034,0.15041084323146028
-0.710172643158761,0.14786697005811583
-0.7164814836235982,0.14157340218268366
-0.7276386776443597,0.13845094714380318
-0.6993610188147151,0.13384877527618863
-0.7128513341631849,0.1124522931792482
-0.6937477891710786,0.1607599754785273
-0.7283674369884485,0.11898668507936988
-0.7023460718400493,0.12442830593570557
-0.7261648328059815,0.10363766667218206
-0.7205155436159492,0.11806075116262021
-0.7056910645074369,0.15456739492742305
-0.7187849418830052,0.14369205102614094
-0.7160293418574052,0.14474383188828258
-0.722231287704945,0.09510181797138258
-0.7226054588946773,0.10563355241646263
-0.689834290890101,0.14940232370053821
-0.70438816402946,0.15304235154475604
-0.6938006054445275,0.14442488238042978
-0.7080746580618175,0.11368499495926011
-0.7145599142450555,0.10582838270014193
-0.7018967802512779,0.12036143099821292
-0.7064826938642966,0.13376840059966513
-0.7093756945019201,0.10994222295712412
-0.7046041343544046,0.11436082618026382
-0.7346709715200263,0.10868984992034098
-0.7027128371021013,0.16117105486814742
-0.7322512069395852,0.10790023777091565
-0.7122992433333248,0.1471127385404964
-0.7186760032456666,0.14700126381067005
-0.7073112170235776,0.12544514659139047
-0.7149700219936556,0.14642728826354393
-0.7394649495632041,0.10082098983756843
-0.6947901544867013,0.1405577308575082
-0.7249867516134937,0.10893764129525332
-0.6869121950890921,0.1562553487126996
-0.6911906625204876,0.14156189397213276
-0.727912562544547,0.1273357331177294
-0.7113832347640584,0.12509568016600353
-0.7097484201752527,0.11282707811579525
-0.7109426411815839,0.14052140835811575
-0.7243677141606887,0.11090881738967165
-0.7183055733614847,0.13664680675333934
-0.6881825296435041,0.14373973099260154
-0.7353640478569929,0.11763000939350929
-0.7285931659190397,0.11003048915886933
-0.7004406513423748,0.14169372538515984
-0.7143837907767634,0.12459615647184762
-0.7119144787994817,0.10650087741834068
-0.690988764119784,0.1349157188406481
-0.7232165008461389,0.11071481647943286
-0.7332778044969899,0.09431721291697967
-0.7009799600687926,0.12438718560841495
-0.7084572719945269,0.13287355191493253
-0.7193789901663509,0.1380596707463982
-0.7047965023019943,0.13384258402916213
-0.7216562157402212,0.12238376886339762
-0.7259745317810042,0.13656767487097835
-0.688877253319764,0.15538266270359055
-0.7349704641165326,0.11082182155314468
-0.726520747048031,0.0917108821274677
-0.7216717073662187,0.1336027879645984
-0.7257580409186406,0.13685194725528357
-0.7118131273886763,0.14520100919987894
-0.7037117936540365,0.13293281856800815
-0.7002546945308572,0.1447196784094177
-0.7234742826587675,0.12274896071431486
-0.7101515026386431,0.12141148051117069
-0.7247258212083639,0.1206624397106988
-0.7214380320081472,0.140495515506065
-0.7114312395788563,0.11624052734355785
-0.71235152397521,0.13025007980640863
-0.7075812926115911,0.14015685703509143
-0.7179953063650799,0.13108612110712758
-0.70923166977484,0.1405467963999579
-0.7362932856500783,0.10140191628326693
-0.7135095159554631,0.1373639489458806
-0.7015058126736045,0.13510036412706533
-0.7058448771778454,0.14981069399624425
-0.6987592019500471,0.12204176050118508
-0.7291760608596457,0.10369454265965479
-0.7091380843323072,0.14712207196227003
-0.7099153583794966,0.1530777164357398
-0.7174600469891165,0.10071778207944423
-0.728429638732825,0.11381189553601737
-0.7154143823692025,0.11516087490420826
-0.7121416252722889,0.14998880682730695
-0.7031065398114874,0.14170688458758093
-0.6937482131354296,0.15123214230211304
-0.7070397159374101,0.10977389756754657
-0.7250526168556123,0.10570237756803355
-0.70843599816496,0.1270654753096998
-0.7018149944805133,0.1409445626258622
-0.6922872802203478,0.14196427082196955
-0.726743246961266,0.10332938671411167
-0.7345443686962001,0.1095798034980259
-0.7223643858742536,0.13979555563597598
-0.7189884789938932,0.12018457823403655
-0.7384552913216181,0.10336416910797343
-0.7087213188047498,0.12025385256619293
-0.7245213725401914,0.11581027576732748
-0.6951967338960615,0.13403454052812683
-0.6971197880765918,0.1407458869649072
-0.7237167245812819,0.12523608508905648
-0.7161800427520052,0.11919085650339145
-0.7018968120286798,0.12837646283731002
-0.7051945477481983,0.12787394501013113
-0.6985810147394139,0.14168712785731227
-0.7107911729280721,0.13682750012613157
-0.7191973057576116,0.1270257705550758
-0.7195371030029469,0.12322045114328332
-0.7167410898408159,0.12894983597830223
-0.7045388394911168,0.15199025195003416
-0.7363957930124777,0.09853902934602311
-0.700373889408186,0.1501212544615658
-0.7276845975267824,0.11448626686281008
-0.723688621242083,0.13512541356487223
-0.7045098658639931,0.1402290620526039
-0.7141093860378637,0.14667518177873384
-0.7220587805130179,0.13790529855456968
-0.7006034899107839,0.13475691589191569
-0.7356845808448963,0.1212458350082715
-0.6897911280294418,0.1410430368850676
-0.6884102630772784,0.1526902080822286
-0.716008979122281,0.15098532646212248
-0.7319495671172186,0.10735105114116895
-0.7275462601127864,0.12917166067234578
-0.727790544498208,0.1375669470661191
-0.7314891481401973,0.10198478485875252
-0.7355465635878756,0.11665999096575203
-0.6941633828493418,0.1485183642326602
-0.7263001059084488,0.13109034179861756
-0.7038281403454655,0.11547324980863265
-0.6901960685330479,0.16338371083383896
-0.7171315348738306,0.13291390771607872
-0.7197480067840878,0.1342508002436235
-0.7178688919635838,0.1092363052629003
-0.6979848977320274,0.14505097180339835
-0.7085152154191621,0.15233481984235953
-0.7083878629503331,0.1349758059188554
-0.711207524537756,0.1525757719696686
-0.6977884525169601,0.13693762897503275
-0.7157184126561311,0.10718966077115699
-0.7190507059368734,0.13319970649509738
-0.7198637366845199,0.13328121755069927
-0.7135198288842733,0.1469754383245265
-0.7247751185729386,0.13151436436325425
-0.7112180383049256,0.12222540676047054
-0.7006203278096443,0.13356443436075519
-0.7390726533357256,0.1084650978577341
-0.7064957082352424,0.13655328189924695
-0.7102233741443851,0.13591071394544085
-0.6999881740570023,0.14232132383058052
-0.7082963212162751,0.11259494591509267
-0.7225479323628561,0.11737664072298781
-0.7145200175458091,0.11687482913132914
-0.7275472559932973,0.1042690313774321
-0.7234540862713067,0.11986327657465844
-0.6987706757928,0.15650445812972338
-0.7355771185632333,0.11016124750548592
-0.7060217347985662,0.12849589627875876
-0.7214580377947754,0.10430108950126468
-0.7133386630367639,0.11584238762018485
-0.6928930532705012,0.15461182440695073
-0.6933690923072628,0.14503259359706216
-0.7200232392565565,0.11021016371678452
-0.6912426104129733,0.14838094556883666
-0.7397063000756521,0.10673614611663143
-0.7176858948391746,0.10662356223972774
-0.7390625201320623,0.1118793038674837
-0.6972784646144424,0.15958501815593473
-0.7291647173351841,0.12510542497768748
-0.6917077775372911,0.15076942591374887
-0.7170427246671434,0.13158556451725956
-0.6969840741127272,0.15475780012573215
-0.7096400736388634,0.13725370807445003
-0.6921476513142053,0.1454585500139951
-0.6983157985456142,0.1433396602060738
-0.7140334080008306,0.12615866239975007
-0.728963913698933,0.11804911527513041
-0.737733664415568,0.10154834423852381
-0.7052191175299929,0.13595077003158706
-0.7327481680073202,0.10169847609201828
-0.6971609448424775,0.15163066646372667
-0.732309495842177,0.10289597379833848
-0.6968723721901791,0.13287757061682204
-0.6959571052062318,0.13199278363125583
-0.713778240356495,0.10901023569249844
-0.6929605817303609,0.14731845560186288
-0.7219778874607881,0.11486087707914902
-0.717615424407362,0.1276954183525159
-0.7120441342605055,0.12670280852024232
-0.721060541329296,0.11636897382658658
-0.7188444682647533,0.1300778556573583
-0.6881230519729455,0.14026174826881643
-0.7141432933057129,0.1372029695136647
-0.7222181403355902,0.12150168315761187
-0.7226955574787007,0.13135543466498872
-0.6939070455854246,0.13800905089801768
-0.7269963583173771,0.12714761902458327
-0.6896874872043862,0.14423357041090895
-0.704809209672823,0.14698653747775442
-0.7245648608585219,0.12054361680243449
-0.7094110988345719,0.12169605721286696
-0.7136145938046922,0.12214430888247185
-0.703838860977596,0.15046096089280525
-0.7156251660918255,0.10572707596405138
-0.6877347507662154,0.15566474889891316
-0.7383489799190444,0.11201319070380271
-0.7050583589413626,0.14988055486119092
-0.7283326047439959,0.13594900070124394
-0.7135509444479532,0.11590280262706594
-0.6992528345379756,0.1351339167950255
-0.6938047966774675,0.1526014544609333
-0.7093054832396094,0.11907942737363589
-0.7183451219103865,0.10332384672927915
-0.7006166346294073,0.16023158618380282
-0.7189649000837329,0.1043939956567983
-0.6945519935603511,0.14417887040934385
-0.7082097565728962,0.1300708254349281
-0.7220993500845522,0.1397047084099445
-0.6920017456242386,0.15519058311568956
-0.6970857035210896,0.13957049980837208
-0.7130336355367152,0.1364920287339554
-0.7350435155319609,0.10442701517935703
-0.7240254343226824,0.1383506365540326
-0.7228636958920782,0.12131255174174223
-0.7033656463474004,0.13876795739589728
-0.7089584008822092,0.13953923784375732
-0.7284946266910138,0.12528405316811775
-0.7314844888702721,0.10380013716801025
-0.7114133699097103,0.13122923998107305
-0.7171831281759011,0.10846906575314542
-0.6999252409352573,0.13814700559372559
-0.7095253109788169,0.1401592230988267
-0.6936388773733998,0.14934923272016332
-0.7308268781491457,0.11912992110767288
-0.7193735169854156,0.13957820170239346
-0.7281105977993464,0.11184393751458714
-0.7375428323613716,0.11271763350408533
-0.7181147269086231,0.14273057059632988
-0.7199380432175061,0.1280800847083776
-0.6985179263727933,0.13688465059067895
-0.7227673648527698,0.11097235836714645
-0.7228190641699173,0.11256611612932857
-0.6944884784158929,0.14634289751982546
-0.7009142011408462,0.1463605095765693
-0.7067093845424887,0.12263202068378584
-0.7045225126213839,0.11675930964325834
-0.7160786578700669,0.11925962320611504
-0.7117273606755844,0.12372549012631195
-0.691386971549122,0.13671762334218107
-0.6886112955137941,0.1499047917953315
-0.7071571651862691,0.12496041547988546
-0.7030976277363353,0.15735925150780064
-0.7041852102262065,0.14041746946572997
-0.7341723622639645,0.12480374106730618
-0.7220876448875819,0.11494606809208596
-0.7124780228177031,0.11139148207116263
-0.7080138689100698,0.12463642096144767
-0.7028620279478388,0.1274789245380111
-0.7149129021892711,0.10799190691473315
-0.6998776165165177,0.143560547558073
-0.7052224813900838,0.13490792786903064
-0.731661854825733,0.11581623923600944
-0.7176391494504017,0.10796817988156633
-0.7343876367049843,0.10689424169632535
-0.6946594688827625,0.14164092777448822
-0.7078806396383284,0.1289060697331857
-0.701783919153581,0.14270519277692859
-0.7085890529862446,0.1178091978015284
-0.7181165083264126,0.13693259572958866
-0.6952882884546697,0.1310953335381564
-0.7211174424823367,0.13575072169337912
-0.688439050177141,0.14877386019038488
-0.724609161051272,0.1251338730150582
-0.7150566251398892,0.1160648384181272
-0.7121164700265918,0.11999259291859403
-0.7363110646154679,0.10445233500418633
-0.7133072808210654,0.140192398283658
-0.7280307183462138,0.1288029534555408
-0.7278025466061316,0.1362492455995301
-0.719916853919629,0.1134716036824375
-0.7121144588125563,0.13690536526331012
-0.7227477045309957,0.13437440934945444
-0.713029717697495,0.13663804171604224
-0.7106798905461298,0.12772602517148227
-0.7069837898095086,0.1380063408140667
-0.6986561146491379,0.13668055905839782
-0.7139488213974402,0.11923360732804555
-0.699327146914163,0.15521747967018176
-0.7237128001318466,0.1370268270196508
-0.6891301055889442,0.14866917069277322
-0.688653836857147,0.14743142668964218
-0.7181843170823115,0.1318611300942641
-0.7195081566983434,0.12445234917823508
-0.7029700975188717,0.1453395472969643
-0.6952735261348474,0.14955152747945732
-0.7174008417522636,0.14318055270878072
-0.7038656756088433,0.14812101748027215
-0.7079732973863834,0.12285896182282932
-0.7111545314394317,0.12042937409881692
-0.7301296097581297,0.09682661145833112
-0.6908833772570885,0.13559881602460594
-0.7217698031834434,0.136016725716721
-0.7173960350463872,0.1283084621012879
-0.7067599777166892,0.13643169973668925
-0.7181524883918665,0.1357653316304383
-0.7171249469995029,0.11968176739098392
-0.6986961780651147,0.15603038767272903
-0.6998264308546445,0.1413027451181512
-0.7207557803080384,0.11954406001168184
-0.7320070485023158,0.11376175553386707
-0.7196613537849003,0.12134170267141826
-0.7137275973396475,0.12084528347851632
-0.7244023555329704,0.1316070066716261
-0.7348603914536911,0.10760056408683327
-0.7042503144938541,0.13499962349736863
-0.7113183858327216,0.12819552540294774
-0.7154425728585568,0.13258702544650802
-0.723893712458766,0.11427566986856844
-0.7279487106299586,0.1007694369208293
-0.6967656401369496,0.14309628739606575
-0.7014322972969385,0.1336888906226488
-0.6964264985142179,0.14601338296399152
-0.7255534787047886,0.11558268675863276
-0.6944096610485008,0.14976529429958077
-0.7068703337729874,0.11668881693680991
-0.692150400970241,0.14922884996345606
-0.7211998365025907,0.1275082315090063
-0.7156231985615054,0.12752030111246251
-0.7287844753236844,0.11056465224299655
-0.6878942346239343,0.14763275130092557
-0.7350775189730484,0.11978054008087292
-0.7066665526859193,0.12374296723790579
-0.6989899838715448,0.1314260362311631
-0.6933993554848693,0.15647822735890024
-0.7237598525163814,0.11911503206232282
-0.6921058090850964,0.1463843842718355
-0.7187587435980355,0.10750522390014054
-0.7165293576858457,0.11027071789513714
-0.738184223933121,0.11041953715894895
-0.7052483592335108,0.11884947605275731
-0.7313194231480099,0.11703059525588826
-0.7211736392976532,0.13612509729315841
-0.717259874315095,0.12284148476701379
-0.688435400673147,0.15201950903690756
-0.7228559952300206,0.11219810771181328
-0.7247886357498742,0.11277986914386261
-0.7388602116038427,0.10622179858677111
-0.7151615102346145,0.10997739584953932
-0.7185722034656747,0.13674721186376396
-0.7118403108025673,0.11949764698065632
-0.7348679415126667,0.10325227784660741
-0.7345162887230599,0.11077944587762924
-0.7046303883772572,0.13297527055451175
-0.7239252593172,0.12546129308296133
-0.716448761137968,0.13059387854082952
-0.7082285550980971,0.14719005461631912
-0.7221280050400225,0.13529318131782683
-0.732214183851394,0.1082630777970696
-0.7123592281789001,0.12186714586462158
-0.7261845149456676,0.11135081514977506
-0.7125670399835388,0.1349954110026224
-0.7292206884552144,0.11586954297984178
-0.7134300574336069,0.1359628071106281
-0.7143084870896754,0.12909988632853633
-0.695023261909273,0.1566962805031199
-0.7054179725311809,0.14686711497547797
-0.7126732871805957,0.1347559231975772
-0.7010039321930633,0.14989303317003852
-0.7138022626170303,0.10855994089942327
-0.6971458068365017,0.14014782239859094
-0.7231246208937196,0.11027616507058875
-0.7025178427917947,0.13282257939211609
-0.6959556625368323,0.15009891373474682
-0.7004137076456227,0.12650310320391528
-0.7233572588229226,0.1287264975085103
-0.7172873677653432,0.12123930927527952
-0.704529718013817,0.13214905554465314
-0.7011981240089282,0.13995956270629195
-0.7122627018345552,0.12020010772295157
-0.7100386176209689,0.13905769798569326
-0.6987216129725629,0.12788518265363685
-0.7210798375068341,0.12243309125892228
-0.6995913873785969,0.12434140739337883
-0.7151894045764031,0.14407605504590265
-0.6944916486127192,0.14244610229982663
-0.7327924750293949,0.11762693102646843
-0.6991712210937726,0.14451561275855446
-0.728894549427966,0.12331096347133104
-0.7356969155342379,0.10736300992904402
-0.7024247039315118,0.13770161267118983
-0.7255599849050447,0.11624461384546605
-0.7225142205243711,0.1141264732032499
-0.6906624170739547,0.15452680105062483
-0.7005298335392945,0.1257405609282302
-0.7254249035411097,0.1090774714500205
-0.7159320208543981,0.13123209154503887
-0.7299226468289051,0.1037016998688793
-0.6889113712488716,0.14776791805629907
-0.722724137322181,0.10868127786471929
-0.7013064757716246,0.14057518423171222
-0.7228764842655749,0.10795826653590095
-0.7101731484433879,0.13015878375761097
-0.7109896819348865,0.1279476725952717
-0.6999229394359933,0.13337733367632978
-0.7019296735404983,0.14177334396126945
-0.7044616683725876,0.133637036667532
-0.6904029717509325,0.15093952193419083
-0.708188397255409,0.13629716428962477
-0.7072789985977005,0.13204220316840243
-0.7145343007666907,0.11388799289148764
-0.7077914528312464,0.11824370398299028
-0.7197977365742121,0.10599170782664215
-0.7189569717602405,0.1329995161863
-0.7193420956387226,0.12493476333150486
-0.7117423808256967,0.11161711006000703
-0.7198323336741405,0.1405367933393823
-0.7217262523177095,0.13591606856306157
-0.7129593276035965,0.14850267258698988
-0.7096208168142988,0.11393318020656695
-0.718004761734639,0.12706250626680846
-0.7266183300097978,0.1111285301902692
-0.7118094300108488,0.14821446347201686
-0.7058679579790441,0.14130649666028883
-0.7048405519289653,0.12984767357281696
-0.7165976047982611,0.13594373454545183
-0.7075565186056518,0.1143461805097506
-0.7354052161960981,0.11573849377193711
-0.7288162893075399,0.11056760874148593
-0.7184135633292611,0.12234955862104131
-0.7224945343493094,0.12261676571768383
-0.6984340608412607,0.13196826217326488
-0.7080977189029282,0.13163846265310708
-0.6990473668946537,0.1262529207010817
-0.6961408209754402,0.14756200352411808
-0.7126642624418278,0.14709848868836845
-0.7253985411127117,0.11041230345765879
-0.7223955492355383,0.1134901840257759
-0.7271582082045611,0.11915541371648852
-0.7230382750467452,0.12049303744677253
-0.715103973734672,0.1337231601645254
-0.7074904179599116,0.14704457760200537
-0.7041440232471254,0.1264473113219194
-0.7187929081129752,0.12152805372682937
-0.717653878924604,0.11320510413437275
-0.7039570955047584,0.13432889894818428
-0.7070314620402504,0.1387798757891212
-0.6991503413917454,0.14297174692313153
-0.7273000873167036,0.12215881198250626
-0.6979445613007389,0.13299748930746694
-0.7203016684134999,0.12751069662314
-0.7314489527983585,0.12169310613751237
-0.714495501508152,0.10975806375876704
-0.7081318502274837,0.14338208443025957
-0.715343603398183,0.13897571683748408
-0.7220850808615793,0.13603951984218915
-0.6974942303100358,0.14164224249008678
-0.718176067027027,0.12136374841660774
-0.7071930513792831,0.12892214871390353
-0.7307794988027365,0.12499557747731693
-0.7271688721095639,0.11246501451235133
-0.7320589643280289,0.11327122889414944
-0.7175137333231574,0.13811081007727008
-0.7135731389257972,0.13669399521877215
-0.7186482071801088,0.1413701688181808
-0.7055568869366441,0.1321519436883001
-0.717848058014119,0.12022896099955604
-0.7059347209994408,0.12414888577235715
-0.7318199534669304,0.11733959379415701
-0.7180579692372369,0.13731880283703754
-0.7195177580643954,0.12069348270707232
-0.6974709971813713,0.1360570356806976
-0.7193464713221283,0.13602284814126153
-0.7130095928909234,0.13591172090393644
-0.700467970910615,0.1312198387464868
-0.7197699482797213,0.11492867920031687
-0.7094006795281449,0.12618827829622112
-0.69105619057713,0.1438548010237724
-0.7211688269722384,0.11110492816133177
-0.7209787462837849,0.13686497755973032
-0.7086177447365796,0.15247023407819568
-0.7046871750321254,0.13799429233530167
-0.720290565871906,0.12912878412604026
-0.7087183608593056,0.11962713627450629
-0.7021868798444996,0.14176361882582073
-0.7139853149275672,0.13604963829802388
-0.7275785320754945,0.13127826375904145
-0.7176043904185734,0.14325504497942604
-0.7256307969022177,0.11748403907068901
-0.7009636328493087,0.12870498196531627
-0.7348657899258999,0.10543619457951972
-0.7187413440604226,0.12434125690202122
-0.7128361629694401,0.13641814299501945
-0.69592447827133,0.14719620342930498
-0.7065361551296702,0.13564218762570912
-0.726641901877084,0.11965898454034778
-0.71870518185091,0.1429137881627692
-0.7317117808042246,0.10972650519506706
-0.6971774434008812,0.1504364095903064
-0.6974010378651136,0.13967902302808533
-0.7174681791819895,0.12144992472480885
-0.7217310226844807,0.12201976159108817
-0.7120087929797669,0.12044044282991657
-0.691315111330601,0.1505500960967723
-0.7106782182479859,0.1278867030102799
-0.7006833578028614,0.14396801580290508
-0.7203693846688631,0.12344899659805893
-0.7210356561566592,0.11719915245617603
-0.7205415303013647,0.10678191845119515
-0.6973255318096269,0.1410592715334818
-0.723963216841796,0.12820771329692573
-0.7071612847857992,0.13762738394641338
-0.7122767757427938,0.12314044601711473
-0.7212117314027047,0.13259550634869066
-0.7239698132949083,0.11860629606422754
-0.726928691727531,0.11488409727028535
-0.7121885225724649,0.13424302947827282
-0.7098135614000878,0.12563477645010984
-0.7233524983002688,0.1028570971798142
-0.7103018810721444,0.13380944617395907
-0.7184715229871156,0.13579525877913978
-0.7306090337895209,0.10896018455729302
-0.6994457052762607,0.14117293649464352
-0.719572547094115,0.11623434749161857
-0.7267936947729751,0.12824726740610712
-0.7214127448673033,0.12572371731551465
-0.733801650160542,0.11596187989121526
-0.7104932039853789,0.13194782183346446
-0.6945270664913183,0.13542514005952902
-0.727232824228123,0.1134500355758375
-0.7192474260713289,0.11855624167968401
-0.7211454518082588,0.11808531160805144
-0.7218371411182815,0.13223136758641318
-0.723504247343497,0.11917552157762626
-0.7068702825559806,0.13391890984487076
-0.7198965943933501,0.13952004244049981
-0.7081764392413249,0.11463009161905076
-0.7244988464895433,0.10776575704641476
-0.7216034923698047,0.11037568942400497
-0.7040010942677755,0.14345398682086571
-0.7271949416135114,0.12865809878926643
-0.6971420260523907,0.14651947356862216
-0.7125853114192272,0.13338906888088842
-0.7092627418185138,0.12362336085114037
-0.6987588630943904,0.15015569712698945
-0.7234346394783135,0.10297558905945874
-0.7157750911123102,0.13408742579782995
-0.7287848901711103,0.12420426987846733
-0.708880403571033,0.1442892671713027
-0.7177722960733974,0.13323662949780676
-0.7031909473035621,0.12287041462840491
-0.6938439538874975,0.13857093262853765
-0.7015796387124407,0.1420767370617377
-0.7183935476277212,0.11553571280426506
-0.7083896994114068,0.12041668114209203
-0.7128693732583256,0.12959578166067776
-0.7244457848844591,0.10478612614542791
-0.7244800476571728,0.12133545029737407
-0.7357301072987884,0.1068379475027545
-0.7035670657685054,0.12927316016017062
-0.7032088000890601,0.13520871330245923
-0.7197147513166445,0.13322437287685743
-0.7146670248871915,0.12280762549235738
-0.7186433404147532,0.11530564243499647
-0.6968411013820481,0.13317814759161214
-0.7080551578923402,0.11748056281325896
-0.7206524449608066,0.11421116521309173
-0.7312531585349937,0.11982511435332514
-0.7152996982538325,0.13023443166965729
-0.7038888424056969,0.13005170455213694
-0.7238697867025237,0.12415879985831298
-0.7024336574860865,0.15081544238207403
-0.7333130533991042,0.10116427675365124
-0.7136634217245884,0.14171244524688834
-0.7198159445532498,0.1317174067115683
-0.7128138228354759,0.13282880895260868
-0.7077058771162864,0.1432439779928974
-0.7130844664627481,0.1148040634055426
-0.7088020227957836,0.13546291202494426
-0.720194819307195,0.13131944776227397
-0.715153428565592,0.12653573248811376
-0.721918268076744,0.10875130982628284
-0.7032159983124642,0.13643046908915163
-0.7168552753562244,0.13231443037621216
-0.7047312480425423,0.15320402375253944
-0.7151364574685413,0.11890220322231694
-0.7014371755622896,0.14121387506160593
-0.7179246692082133,0.11466842072718134
-0.6961022548532303,0.13957948208644635
-0.6976546290789395,0.1406792157650985
-0.7044916418029822,0.14176962928912748
-0.693355242589898,0.1529122485201977
-0.7077876810569452,0.14522270336393514
-0.7256017324180883,0.10700215022761689
-0.7193653375246427,0.1159511399198225
-0.7170091174335914,0.11695448407738016
-0.7130175006013624,0.14069488397984584
-0.7025484997377186,0.14032729873977762
-0.7281718166956886,0.10175548372343386
-0.7166489808669104,0.13241876766224628
-0.71434752943015,0.12462019014161892
-0.7083170666806139,0.11830861198314979
-0.7107835707458661,0.1463019291009906
-0.7170887945909762,0.12334719287950563
-0.7178728940255983,0.12122962732940211
-0.6950214833162844,0.13991856511140074
-0.7005207984198192,0.13603996233962865
-0.695126844877761,0.146083254957989
-0.7038405482032052,0.13152986545564999
-0.6952365603007216,0.1503102311327911
-0.6983546680218932,0.14062383178752047
-0.7141902525740101,0.1196311072288064
-0.695194447804008,0.138226715931747
-0.7149606838362824,0.11733320818049654
-0.7295542169425855,0.12495335109872101
-0.7073985224732775,0.116606112402401
-0.7125557166337166,0.13249575423256996
-0.7107220883524713,0.14129635732401938
-0.7063924547059302,0.12663480475223612
-0.734077958508746,0.1077976687185105
-0.7230614569281069,0.11054550042159599
-0.7239062205399219,0.1269889123556829
-0.7132538751353694,0.1289945715951154
-0.7041925184825395,0.13728779957708165
-0.7198021070719284,0.11274212414888957
-0.7081689912471939,0.12728967131943086
-0.7147015328153455,0.11512479370171093
-0.712657086729253,0.13589335332255403
-0.7263640260583872,0.12456181510285327
-0.7173931619827193,0.13710041647553894
-0.7224596308345641,0.11709151507695319
-0.7025786925547937,0.15363253544149805
-0.722210444258589,0.10820139730750798
-0.7319915749818761,0.11596735268335623
-0.6925999970100855,0.15048683816457598
-0.7016806696792464,0.13134445900079306
-0.7056222845544635,0.14792208256940476
-0.7205185324766132,0.13475855456225488
-0.7250742880453814,0.12165934437888076
-0.6972291511284249,0.14223694303069837
-0.7329619219118825,0.11685734438705773
-0.732559905766158,0.11418377218447011
-0.7002185774817449,0.14264556890005473
-0.7300854787765294,0.12111965513178898
-0.6991146484480208,0.13744087921036205
-0.7082123254623618,0.14658984068704115
-0.7158634200998502,0.1297616044436813
-0.7071257207941959,0.13454438813651706
-0.7077356176839391,0.13195051038037067
-0.730309750830915,0.10975989090603173
-0.7291876436475054,0.10219469271628022
-0.7054932002398837,0.1363067602899095
-0.7163236667674197,0.13262357896832613
-0.7044772656091977,0.1258960055589015
-0.7190923294649099,0.11809253388012392
-0.7182497587880051,0.1388309590046075
-0.7007216647654155,0.15071951864949282
-0.6972633729335795,0.14071249813249567
-0.7122375937087608,0.14258583456800086
-0.7028283544041651,0.14345045033507134
-0.7150469943456997,0.1243416563392178
-0.7046327306588159,0.14337448964229213
-0.721684217888328,0.13217175804746015
-0.7147989268475465,0.12312537851816588
-0.7224911623559341,0.10923226113648907
-0.7238041809464509,0.10830722333520171
-0.7148280610899209,0.12088985349693461
-0.6999916695865397,0.13445553111900643
-0.7085411453785787,0.12310177778202157
-0.721416424943512,0.1315813979686473
-0.7286006752783808,0.108974288830195
-0.7022813986593915,0.14336057573759659
-0.711543159273243,0.1128407170739278
-0.7183708782305405,0.124557759307206
-0.709857784997465,0.14731688596403578
-0.6921677442205375,0.14336611495393192
-0.7167775947824931,0.13695084160274534
-0.6946025953996637,0.14457941079834633
-0.7111566129976868,0.13309812561742237
-0.7224701217656273,0.13328111493815775
-0.6976309642815649,0.14056846015476698
-0.7088500666480099,0.13954171883158717
-0.7018528223270472,0.1265540122669932
-0.7154566834552936,0.11715060878318474
-0.7314578462469035,0.10320868594106855
-0.7090814047191559,0.13203238377979093
-0.7157153998969913,0.13528896093819867
-0.7135631285172078,0.1297034697420002
-0.6988934948215543,0.13310316184888998
-0.7197527138731235,0.11942847950008331
-0.7282889926473753,0.12278794189674229
-0.7280592343057384,0.12001985768504625
-0.7180570403983716,0.13799210181916197
-0.6998930661636207,0.1343869061523638
-0.7198694906179797,0.12940967352646449
-0.7264270686466179,0.10482812982832512
-0.7074637526543136,0.1398969900411411
-0.7301884183038074,0.12074665977550014
-0.7132941085407276,0.1284015974699956
-0.7040648999195893,0.1335385505403295
-0.7125179392406573,0.13023412540664456
-0.7177020292993558,0.11589767946249707
-0.7140047481242212,0.11512895110485752
-0.7180374129186872,0.12255981617028787
-0.712544268815978,0.1453390441852086
-0.7057734166075527,0.13054987969966847
-0.7125526747545603,0.13484439518503402
-0.698975051096333,0.13996954284821067
-0.7200975700182563,0.11402644600837882
-0.7105873447815515,0.1315702767988781
-0.7040780732635562,0.13438350592728454
-0.7002996448926836,0.13952834482932314
-0.7111890844408344,0.12115534444095222
-0.7164050633272011,0.1190569770697003
-0.7011607875125588,0.13772190389608113
-0.7001070866429924,0.13630852782229336
-0.7249353615677328,0.11337734525068749
-0.722353941944502,0.11307523787180179
-0.7262563933928563,0.11795727891548156
-0.6970966890080373,0.13365664609049907
-0.6983199963873469,0.14577511738063398
-0.7142461513527574,0.14537549935796898
-0.7179926129244114,0.12238923913967752
-0.7131312759797609,0.11791583936867846
-0.7041997367382734,0.14499519680696213
-0.7056453577109854,0.13827520813870764
-0.7287677418725401,0.11938590663938144
-0.7189464303252164,0.12404413271371664
-0.7115743100446608,0.14039456290889524
-0.7179577545281823,0.12403804590335142
-0.7231736152407527,0.12046706579633665
-0.7139278531122992,0.13066122517588655
-0.7148043389725092,0.13584721507878594
-0.7231711671620134,0.12290473348313422
-0.7301858913783399,0.11331966968558385
-0.7088571256176848,0.13769150927605717
-0.7076763846121682,0.13368821079024013
-0.7102667776446859,0.1386653857597922
-0.7291199942484369,0.12253755894450515
-0.7228819138891983,0.11643572577516924
-0.7035365665166434,0.13902559951334875
-0.7134264565050579,0.12504091306788834
-0.6992185948260358,0.1509771239321129
-0.6983454398342493,0.14619757161243957
-0.709870573964013,0.13781260821136318
-0.7230189737372629,0.12315813502080372
-0.7061552835230028,0.1342643904848861
-0.7123651355928986,0.13628717351399347
-0.7272021434565726,0.11838547357829286
-0.7112480335296184,0.1338715082548773
-0.7242654485143519,0.12012419286084794
-0.719102657221268,0.1355881874243329
-0.7269796269259785,0.11763860497357212
-0.7177210309590192,0.1150326169352755
-0.6956462850417463,0.136459044280391
-0.7024947528398199,0.1415576503911304
-0.7187638865589737,0.1102039799300917
-0.712787305046543,0.11687771619808442
-0.7209608659315315,0.1210285938791353
-0.7064793742246486,0.14669579258668553
-0.7098689134105495,0.14357161375106556
-0.719781237410176,0.11178393631803211
-0.7166525370421294,0.11658343417588021
-0.7135586877430311,0.13368850008973324
-0.7215186131086725,0.13313772282357336
-0.7170979848136257,0.12090465385675267
-0.7182004093362183,0.12448873860699174
-0.7063737844164885,0.13331912527220058
-0.7164836207666337,0.13429159328868906
-0.7130166058195325,0.13181463634312215
-0.72276708815921,0.10554541186398271
-0.7064806589300311,0.12998062362294013
-0.7197143364365631,0.13672600676777358
-0.7130873721919587,0.12458299692755131
-0.717971586446892,0.1288774025327399
-0.7142953694667751,0.13423017985903554
-0.7066754947982512,0.1468791404732667
-0.7237992201067668,0.11468588752979328
-0.7081041255865816,0.13186521855433753
-0.7176037774701197,0.13072119218271644
-0.7002084481776505,0.14541443997435524
-0.696998290709585,0.1472789017183106
-0.7138596421683664,0.11753649974714506
-0.7125519288553721,0.13353648053609812
-0.7187082160061504,0.12300170115444754
-0.7303689446744671,0.10747211521932752
-0.7274697454420489,0.1167411277917584
-0.7159345225909739,0.11409787169686565
-0.7125014299802848,0.11622616481035221
-0.7138003160366648,0.13603199173779565
-0.7090325702089793,0.12173023465409835
-0.7180217047592867,0.12103769843526999
-0.714422206084322,0.12704106773042737
-0.7204756031771545,0.13130215316785412
-0.719952002861512,0.12312766421148987
-0.7246641872179717,0.12331700206232664
-0.7137660166369997,0.11206415131786614
-0.729612027121419,0.11712509898056747
-0.7093726252971531,0.13241525676959082
-0.7078657821499363,0.1184068545105632
-0.7158226553055171,0.11194774934021325
-0.6996791145696545,0.1426142486965328
-0.7090819820991833,0.13725947194072322
-0.7187183133500001,0.1347208622258842
-0.704713635376838,0.1409080648853336
-0.7114627171985313,0.11346777003044685
-0.724211327449172,0.12916283667622974
-0.6991048675792292,0.1387694207447892
-0.7050643204468859,0.13537326723982077
-0.7023348482536145,0.13151537876540462
-0.7281736613392972,0.11248701518518309
-0.726006641585868,0.10499655237160352
-0.721805596257233,0.10764095475704852
-0.7091970227057152,0.1314186893125417
-0.718352976438572,0.12430987441413856
-0.7077913764704634,0.11890237984038605
-0.718237997643895,0.11637044680794796
-0.6981012405031094,0.14471624551747664
-0.7023124958696956,0.14351894758793635
-0.7120229243764268,0.13379978827965594
-0.7210262969459655,0.12389550724265286
-0.7154870683975553,0.13793986916761442
-0.7101696231433886,0.14295641224816028
-0.7117427303652287,0.12448870594942009
-0.7220584508576666,0.12892762165598678
-0.7082501339665103,0.1282742986664982
-0.7072493698112468,0.1370596219569067
-0.7133010063077336,0.12946738373219488
-0.7166532022683689,0.11337208192353364
-0.7136582074308749,0.11860238920799121
-0.7021119443828274,0.1370881381381821
-0.7248240951811974,0.11979892380791791
-0.7047221402799944,0.1292139219134272
-0.7273508324569428,0.12125752279733285
-0.7193914426773094,0.118664045215338
-0.7190388048452055,0.13505266635288712
-0.7049692148570322,0.12941329656388262
-0.7257205102603874,0.10793780230650182
-0.7080539532558024,0.130175470522187
-0.7056308354825027,0.1424972709757076
-0.7112204970025953,0.12732832438422445
-0.7240369483890938,0.12856436181460407
-0.705190502101573,0.13748637677071526
-0.7303859896553788,0.1148473830245449
-0.712565140559432,0.1295483155597742
-0.7060379692800797,0.14785607222470484
-0.7087253857811561,0.13042469839035756
-0.7109389887877795,0.12177871262122239
-0.7110967126101995,0.12956839919169452
-0.7207873832785905,0.1183890093156194
-0.7092125307552446,0.13531629603259987
-0.6993718280841167,0.14445811279014653
-0.7009890062686747,0.14023968251513466
-0.7252917170941148,0.11858885142356296
-0.7055300455329014,0.1436286670322914
-0.707524373385709,0.13352381865529267
-0.6999480689950099,0.1361143415437429
-0.7061160463313837,0.13095191158690864
-0.7150207062776187,0.13816100374920803
-0.7105770595933963,0.12403336563368035
-0.7079921217964732,0.128990010767308
-0.7233010268478202,0.1310831124259956
-0.7183525392036909,0.1336815506638605
-0.7076357852302545,0.13114080605158654
-0.7035670815620468,0.1372165506160474
-0.7211935074843118,0.13361349054540891
-0.7162263534951961,0.12367200288670763
-0.7247055364840245,0.11992805153518613
-0.7012089499654116,0.13648350991234942
-0.7077318388108226,0.13895010115708298
-0.7131196958385578,0.13877022725958876
-0.6991711236419849,0.13300968920530606
-0.7101737355199789,0.12192679140129926
-0.7087425504557271,0.12812845799603037
-0.7105110666787233,0.11680948094948818
-0.7203747614956433,0.12011189827360969
-0.72407203941075,0.11782876387959791
-0.7191212673606396,0.12644762951730562
-0.7088425304219208,0.12456887364517469
-0.7015487442245699,0.13901512161762458
-0.7012459249724055,0.14297249330798223
-0.7083581820525668,0.13543475573437752
-0.7046094075153714,0.12518583727969765
-0.7214199047885573,0.11244384737620605
-0.7213519934365596,0.11641975742833618
-0.7040790391512941,0.1472320831566707
-0.6977133442748855,0.14311356856922725
-0.7199966067741581,0.1138519002138625
-0.7121494904795427,0.13157205341212044
-0.7134679411940797,0.13500221854111252
-0.7095112036522715,0.12135704725046262
-0.7174321817667603,0.1357408990364964
-0.6993814559283943,0.13843270961522228
-0.715737037463043,0.1349766156040002
-0.6974856996422037,0.1380854268018926
-0.7031984565648223,0.14832629841899753
-0.7121170277030381,0.12494695841308456
-0.7177027610003552,0.13301796202382654
-0.7186289222773448,0.11281239244038799
-0.7226281948269114,0.12473271589239604
-0.7203256661719898,0.1145090178339197
-0.7124765369460075,0.12510361715804166
-0.713683579665405,0.1211265050035748
-0.7053284338751165,0.12895288440322986
-0.7236695368203464,0.1103196051268383
-0.7167831834140912,0.12921720048273494
-0.7216462835355768,0.12770379076249258
-0.7056070800429536,0.1375988870607463
-0.7155163922218066,0.1385406926681894
-0.7147263158920705,0.11871404353290589
-0.707925338073074,0.13233430205670368
-0.7092588526341371,0.14146101655500418
-0.7136525868443002,0.13277373445601126
-0.7197660975931108,0.11575750974009141
-0.7219660831789471,0.11686656705120607
-0.7106376378268136,0.13992638724258985
-0.716122868780202,0.1276628454843922
-0.7182931113728191,0.11121098581376247
-0.706212513103265,0.14785107960976318
-0.7165602314673853,0.13253873208837727
-0.7066886557140067,0.12561627848338366
-0.7087142444109565,0.14093450346991723
-0.6997373894940233,0.1396280121640403
-0.7162469810133655,0.11818654649693275
-0.7163802049533636,0.13278269116085892
-0.716961878379009,0.13205059116741547
-0.718016665548773,0.13333722155820044
-0.7011897643681833,0.13538054459328208
-0.7132995187496833,0.13102394515231774
-0.7217057093685884,0.13358070355731144
-0.7012586557015164,0.14340631830463535
-0.7043700987732538,0.1292655124127116
-0.7164867310955385,0.11898989480353296
-0.7043097745650619,0.12847007476212083
-0.7071049460376393,0.1213615720370661
-0.6975144411575203,0.14059327951143422
-0.7020989097244917,0.12707760445582558
-0.7109452234847286,0.1171424942559263
-0.7054831839984494,0.13550718920553828
-0.7083479691690541,0.12804139812427257
-0.7168360466180527,0.12340237830107763
-0.7200213616038819,0.13666618135489542
-0.7139598307658181,0.13399506597584523
-0.7077918010606827,0.14036773293657667
-0.7192350725283166,0.1171142852359943
-0.7089970046943403,0.13122132482331308
-0.7143370236624516,0.12080704821590187
-0.7108506649917937,0.124568233496464
-0.7184296809173185,0.11669584468289183
-0.7257124960702803,0.11594409115707677
-0.7232915281794917,0.11469929777201064
-0.7124852752258598,0.1438670066580196
-0.7079252145532018,0.14460092789541767
-0.7101150678629924,0.12781056955758482
-0.7058545627950992,0.1322964036116419
-0.7047173849645471,0.1332388770458354
-0.7071416569715393,0.12569104608690013
-0.7135240056265105,0.14142054842807977
-0.7211495426006516,0.11755340592018572
-0.701589523972387,0.1349116415512633
-0.7260286834463697,0.12494351940400206
-0.70021706271961,0.1369058595718161
-0.7099764589284177,0.13289157981070038
-0.7165758184860644,0.1168026935579154
-0.708631623986286,0.1267690630405973
-0.71006828266574,0.12931491471238885
-0.7081648218642637,0.11961243831917426
-0.7115378745483257,0.14077194628776601
-0.7183740868558235,0.11634653701011625
-0.7109722978906736,0.12541316054098015
-0.7127558644246571,0.1333112428002215
-0.7068008684669211,0.1436843293328168
-0.7247257212949764,0.11688077957863247
-0.7121936347206381,0.1395555192585024
-0.7138622270340589,0.11868188731568223
-0.7158295682747394,0.13059448761660022
-0.7249340629333451,0.12057177871539393
-0.7267336350452405,0.12495312557848962
-0.7139141361528785,0.13281724698233374
-0.7145001661120746,0.11591926365927196
-0.7117593409137084,0.1299030822553645
-0.7161525104934864,0.13277351321518602
-0.7107605294133765,0.12321105890480887
-0.7044332036126568,0.1405536843605706
-0.7074395424037327,0.13408912963591854
-0.7121518424273278,0.11968675539676123
-0.7209226507700921,0.11867240159334637
-0.7130561858195513,0.13339496055637778
-0.7173759339904047,0.12060411208744418
-0.7070780226802674,0.12683245092914894
-0.7042620070330204,0.1300765893678604
-0.709198018029565,0.13364212191375727
-0.7098336004489082,0.13589662480981904
-0.7142708949254603,0.1371455178514876
-0.713302124454448,0.12371156461578699
-0.7187622901318874,0.11044291019833745
-0.6975462159320999,0.14058684194851354
-0.7123158267467655,0.12261282828439123
-0.7148105802610903,0.12271609090757317
-0.7228945640575918,0.1278511883009582
-0.7134557439963908,0.13129553915377445
-0.7158846994431249,0.12433954932407154
-0.7184599345944263,0.11660352848087455
-0.7026102282513601,0.13652500415940041
-0.7182098028793261,0.13257713595463863
-0.7183270573741988,0.12358819408121718
-0.7141071465396479,0.13932796378251966
-0.7154729071933419,0.12081044754260983
-0.6980413940764503,0.14296077240038443
-0.7155334899257282,0.11916366478279085
-0.7024206997505957,0.14104624831902482
-0.7074366642593237,0.14088059152945429
-0.7196918317369219,0.11940050045400698
-0.7163970868829908,0.130891018329116
-0.7278055263461675,0.1096870491796879
-0.7119745910723507,0.13010575896223386
-0.7142824677619966,0.11552446876433475
-0.701995431105922,0.14310353169911097
-0.7214067762704306,0.11479117474245519
-0.7153153499438919,0.12124101704745853
-0.7067087514185235,0.12828113253081114
-0.7167153465311167,0.11712460137575013
-0.7208500574300797,0.12488857773760594
-0.7001050327191912,0.1370485363148388
-0.701762790173532,0.14633272699858973
-0.709154759088788,0.12625402442714687
-0.728384409264106,0.11576347878272451
-0.7104656277601982,0.13900565900677966
-0.7020839266517835,0.14531388919764102
-0.7189959849650114,0.1153490258862994
-0.7046892300467209,0.1383279074755355
-0.7061220910446027,0.13249288673618892
-0.7182877424331587,0.11301176122277709
-0.714582170239132,0.1359270407751501
-0.7191119451382615,0.13139816724197959
-0.6999158768161159,0.14519779214599712
-0.7222190697633355,0.12093047771289306
-0.7088410489566151,0.12737343509124172
-0.7193839256817699,0.11836166600768204
-0.7105753383371346,0.13349555460581833
-0.7182828111455143,0.12128198506232518
-0.710783371464473,0.12898196956379643
-0.7160084183576023,0.13137156890159732
-0.701421283455748,0.13708639742727108
-0.7055069275135102,0.13248831965675764
-0.722157395448033,0.11852651804787177
-0.7233596565373354,0.12924891254576346
-0.7185938994532544,0.11879708437580154
-0.7135984444862966,0.12524587145568705
-0.7110157312576484,0.1363620710334782
-0.7102021766850211,0.13004059098576615
-0.7041602469055827,0.13834122199647902
-0.705108021471277,0.12735039363144054
-0.7067773118274092,0.12870878853867204
-0.7148325709485979,0.13192378100786495
-0.7043443226431897,0.14154815332699938
-0.7090743793521658,0.13815085837295005
-0.7127535153827191,0.12776620628427418
-0.7171932979670641,0.12743369563844692
-0.7207772994060806,0.12298713574699116
-0.7021275621553884,0.13448444534963683
-0.7259995760658735,0.11751005057885491
-0.7209528234359527,0.11617182328298155
-0.717971203491623,0.13393536662032463
-0.7143122774347636,0.1306933070092279
-0.7063459453626829,0.13508789132425697
-0.7257074399656206,0.1219049709433074
-0.7099788818077398,0.13703992465579
-0.7245640207396007,0.11938837153657722
-0.7211707180066584,0.12705388944456936
-0.7191535805917358,0.12163512709732723
-0.7163840844449617,0.1317740743737612
-0.7214686989273753,0.1317117585024984
-0.7197326310442437,0.1256748612094922
-0.7072811676850266,0.13978753409891911
-0.7142537496874555,0.12788171802258944
-0.7079268440248948,0.13533874286916214
-0.7053242264407936,0.1335450509558375
-0.7191637946960405,0.12605920613898786
-0.725232277245488,0.11755082477728793
-0.7246184224433074,0.12462083664330822
-0.7051885533160714,0.13920109486831161
-0.7134363901528524,0.1272933450401191
-0.7184056915135862,0.12670540079771184
-0.701093704429418,0.13796430512340888
-0.7183620243641233,0.13473110374414246
-0.7155553929303478,0.1220956249342563
-0.7089239397187822,0.1313176232307863
-0.7038440461836803,0.14031653888594628
-0.7143570344663448,0.13746565267005295
-0.7132638781281014,0.12108037563540354
-0.7122409236340389,0.11937415144862583
-0.7163302670424804,0.11841644313402228
-0.7065096700020201,0.1401167845699386
-0.7112911786245264,0.13704947518634025
-0.715885580374467,0.11908546239172971
-0.7221915449444881,0.1169410856451325
-0.7139134479084382,0.11952031176525654
-0.7008786991326353,0.1353513300343938
-0.708642579431308,0.12965588143612158
-0.712786952627304,0.1271502115124602
-0.7076763218413424,0.13599510070455373
-0.704976867953726,0.13801479555621993
-0.7105423979201856,0.12005307039322333
-0.7138178803779281,0.11966900017004742
-0.7062821452808034,0.1317480326108996
-0.7096993549202473,0.12533527805196717
-0.7067705328945587,0.13823962339408646
-0.7210251836696265,0.12253549533913878
-0.7195322598475993,0.13127202321126333
-0.7073516083017549,0.12713481335639412
-0.7114291245859788,0.1278760151694986
-0.7172373885975251,0.12462457104872383
-0.7097196068161631,0.13270304219435936
-0.7209337087162525,0.11521284658842447
-0.7179434842797442,0.13223471503002948
-0.7101341551841889,0.13680501547804602
-0.7180801192503291,0.1260780511674843
-0.7130720222714366,0.13460800446272023
-0.7226886578752154,0.11707990915900786
-0.7059140058820097,0.12893120658864324
-0.7096598173727682,0.1259309674449677
-0.716150656058347,0.12131490494796138
-0.7217455358367583,0.12042001825553993
-0.7139302918797161,0.1298895079694891
-0.7097812069804146,0.13449192211830704
-0.715552492501334,0.1265735825359302
-0.7230645869177285,0.11688517294700375
-0.7139531943004503,0.13035407517387984
-0.7141992152028681,0.12413507502566322
-0.7024923626711655,0.14027927278431376
-0.7102682986572636,0.13072422093102534
-0.7158418834036242,0.12235423796675647
-0.7143549005899452,0.12404264881187572
-0.7176149317554613,0.11938085916282606
-0.7088549093498167,0.14003398970845424
-0.7086965560828449,0.13269368642787352
-0.7057436744894657,0.12973511745812039
-0.7072338492190305,0.1332861028962211
-0.716272000629112,0.12191436844890816
-0.7115504460066934,0.13509992211507618
-0.7049950253668816,0.13152896854985788
-0.7080750024859211,0.13650802049592364
-0.7199843512442856,0.11858340823970252
-0.713784397862873,0.1256942713325773
-0.7132500559705364,0.13162778759331606
-0.7081687154321726,0.13660290794092503
-0.7070082316982551,0.1307913116987717
-0.7077913064556435,0.13553208855793233
-0.7058963842622692,0.13530330351642447
-0.7133024951381425,0.12770403027685834
-0.7152741752162517,0.12569228258483015
-0.7098247841460509,0.1291786146271891
-0.7118616901575419,0.13044573353339542
