-2.326343174999975,-0.6634203016509436
-2.09979749412226,-0.4512617111144221
-2.02494054965849,-0.4248454773207139
-1.9028816501542092,-0.39428923524434795
-1.814176872763072,-0.6402788619781019
-1.8354810723010668,-0.4725656284292268
-1.7097026275141323,-0.5936205857273423
-1.7270375806703087,-0.33862368634081286
-1.6657705150806295,-0.4551793989099738
-1.6382716996027857,-0.5786922460026906
-1.6571863044226716,-0.4427226079297136
-1.622385759198106,-0.41688586470053857
-1.6157148365782366,-0.2543547111020276
-1.5726143353421955,-0.5256337412561404
-1.5633332185604143,-0.5086404503960918
-1.560966382574295,-0.4111942353494124
-1.4532686706642313,-0.10917543335103101
-1.4269090431719764,-0.14380650467131675
-1.3687482190350104,0.14619150045780385
-1.3906113932602553,-0.024653608083756943
-1.3912688814726868,0.05109305954512082
-1.4122212543041965,-0.44052042670251473
-1.3769854705023734,-0.5136223836990478
-1.3672618863031019,-0.09269907647358999
-1.3690051373472767,-0.23439920039609172
-1.3385018689413828,-0.4312621718178663
-1.3433079614483687,-0.18773016350718258
-1.3416273573326054,-0.24475251954893262
-1.3177644979036007,-0.07120965165540118
-1.187325666852651,0.333263873261121
-1.2684904890740294,0.09714063080560269
-1.271439277913862,-0.5216837853567219
-1.2548196673361849,0.10895050836983554
-1.3062942015220809,-0.2621382494278433
-1.3195473553328396,-0.2982129784636793
-1.2362866742362577,0.16295484003383098
-1.262085254583959,0.08753936120389536
-1.2563761914954574,0.13662615483918414
-1.2931634580874714,-0.2777348016299992
-1.2652824232388002,-0.07420391410604199
-0.9786010227129092,0.6109350449998172
-1.2726466892763828,-0.08593586249459086
-1.157001256627263,0.22203991665968092
-0.9872606589258477,0.559844518717564
-1.0416672283733384,0.42253738450254724
-1.0469682483437022,0.4561894227101694
-1.2571071716293327,-0.2566232054370582
-1.2385908295958583,-0.012401843373796368
-1.1269035890545251,0.20274406203352147
-1.1977627973076859,-0.5119846961519106
-0.9942996145176201,0.39065304628805814
-1.1838543042699883,-0.31807087291913577
-1.1686288777457536,-0.0800954663672011
-1.1822582009693225,-0.21427440447140497
-1.1433780239181246,-0.5045841478800841
-1.0387912059917457,0.2819341016741776
-1.1684280305648385,-0.001012782146293056
-1.182613266817813,-0.4044388937620081
-1.171255672962188,-0.3881577560103394
-1.1405850891453237,-0.10562275646399857
-1.0550695449486072,0.2773837543514874
-1.0704295668443777,0.14014324790305394
-0.5448270753175329,0.7915629583162876
-1.038635560428261,0.2240417394625697
-1.066569071459613,0.09413036040616898
-0.9861170843620787,0.32036648989125366
-1.0604774638906531,0.09026918835274246
-0.8487734119002929,0.4915787196795219
-1.1011104037119694,-0.14830418414740112
-1.0538773647549056,0.044058209443776725
-1.1006463410726235,-0.30790060373575684
-0.8818601794549579,0.46648296286604024
-1.1089607496832299,-0.15346229265548317
0.3569111797417522,0.8430163601050201
-1.0371741543513042,0.0165522448526651
-1.0592267980965637,-0.0291480655944633
-1.0652189909457914,-0.2602102786833795
-1.0498677998168366,-0.29085691606006353
-1.0250626906983358,0.07614532727431479
-0.8424648602966319,0.4182468844180942
-1.0471848851655847,-0.34981787164537387
-0.8537562054063439,0.4084626784384682
-0.3643690395863707,0.7862588161414183
-1.0474846219238887,-0.22255229305606944
0.3966945734468916,0.715397848912561
-0.306565109633235,-0.19972386138079676
0.11823942801108342,0.8095275532944615
-0.05870083547918036,0.09629588401952303
-0.6088974404507469,0.6169995984080148
0.008190252440936404,0.10858694636517989
-0.9939848068691699,0.08155276839390507
0.33970834062694283,0.7414638941606219
-0.9924698259438118,-0.009202225878715229
-0.04419470093711817,0.136081020934983
-0.2847965343208771,0.017068022111082704
-0.96736255148003,0.13423095931465615
0.5315628756279095,0.5716437221889463
-0.9263490036513549,0.13365473535134526
-0.3516097509348931,-0.11110153211597594
0.07039315117115791,0.8267990340094052
-0.3380515287591082,-0.029448316679937855
-0.38134178036053834,-0.17174405956711467
-0.35837026635683156,-0.09025578058842128
-1.0111029092396169,-0.37521457359040367
-0.4738776199108614,0.6954044366786694
-0.11153967613427213,0.16357867727024347
-0.931319212774075,0.1143429282210027
-0.11168073872206283,0.16824299039818547
-0.09302335831032264,0.18085840626998315
-0.33913243023432144,0.06134853137743656
-0.9316182440799959,0.10172529214815178
-1.0051473721667301,-0.24657939939866363
-0.3590036558292521,0.7368048957542075
-0.38824013836499033,-0.005817560117579067
0.02771972222939418,0.1991887056226167
-0.25399290753738246,0.1365207208987528
-0.4460775202059801,-0.14900819202458251
-0.10079680821433132,0.21764030401722592
-0.2187978089479956,0.19591769619390695
-0.9519042686180754,0.07047055962681778
0.2719200006321006,0.7246173456027224
0.16850412307221876,0.7586578395227153
-0.23184354070583924,0.16922017455297209
-0.45187337807994304,-0.12313108936197269
-0.667862010865643,0.5178407707118995
-0.41787960085734305,-0.05684269897662522
-0.45152550162642136,-0.16885976907226882
-0.3813751913292125,0.018118809521345362
-0.9532446975678367,0.05399336852011135
-0.3136749416602206,0.13366538573734704
-0.3259375246446773,0.09568186863207587
-0.7172193630900421,0.4519975426731131
-0.3231867640905952,0.1414591304723012
-0.8941910257526064,0.10449311050069135
-0.25148570861366504,0.18731486784988038
0.03256333497531157,0.24059304416388952
-0.04410802104806572,0.24804286046608642
0.24089577169454252,0.7200851144459315
-0.0071175286631653635,0.2564532370324721
0.11051473070165595,0.21914797183725457
-0.4637046477666518,-0.09922856231947844
-0.9072196673931907,0.12785142334022576
-0.2724293732519607,0.21094531603602287
-1.0009603434818506,-0.2403446888376533
0.12022755304864198,0.7661003233021259
-0.9730931905962842,-0.29262942372147643
0.2054145012083401,0.15122024727705718
-0.3760140322096422,0.10222782210042339
-0.620223208380605,0.5334562091177849
-0.8480872539100196,0.2796622974472434
-0.9650181934501924,-0.12203926296303723
-0.9683688603665628,-0.35181292109647194
-0.19723518902252674,0.23144076147594295
-0.42337954807800104,0.6926072831313754
-0.4169374882135512,0.11093587973036603
-0.35038346023780087,0.16959150979138957
-0.4066902753283607,0.09215029260305235
-0.3684422619240582,0.15530565602689983
-0.3277204407362145,0.20157912103059622
-0.9634063617687862,-0.08127568856850899
-0.9636097371964375,-0.3541426488096982
-0.359801534968255,0.14457934014991242
-0.15404391832940173,0.2776170756585346
-0.20672577920982516,0.7266592522327726
-0.20905961208853,0.269922521833065
-0.4225283081830512,0.06459269172543505
0.2100024054002802,0.7148257698146727
-0.92639050738985,-0.09421106607380825
-0.9564246287910662,-0.15662798174166112
-0.05363447069065868,0.763989795402318
-0.03493273061443267,0.3254639667475256
-0.9291196698066436,0.023265657609950977
-0.7901149042134619,0.29329087396974785
0.04305259908222211,0.7787331371456352
-0.82848062533702,0.2673548601228009
-0.27841597382208205,0.24917136788873184
-0.9069512240726324,0.09675366285166952
-0.5257696509832371,-0.06508182851867185
-0.6214296050887368,0.5161804147219236
-0.4895635865753892,0.01644876090717333
-0.9479541444256929,-0.29348486184365913
0.18459171227650625,0.6947715436320117
0.07747351837782131,0.32321024794575887
-0.57459637780725,0.5265767075558133
-0.060872159233350515,0.7628550250116765
0.44156322848737106,0.5688477347103793
0.009016527266274619,0.3492788249930464
-0.8916508103755139,0.09255984770536008
-0.25914656510262557,0.26184854934103163
-0.5557892185285938,-0.13744239579860723
-0.3343769993974159,0.26239422564214
-0.5496355326303477,-0.1537733598747089
-0.4572212406242737,0.09140846955354717
-0.9395931625543595,-0.13101985104639555
-0.3436910969239837,0.20762907438720332
0.23546744541753928,0.6714853844295574
-0.2719986960836443,0.2803141221229319
0.24484842054691514,0.23633723966202863
-0.5301459637871659,0.0025631375022783973
-0.050829298428333156,0.3616414674203356
-0.5389128639838955,-0.06371073314303129
-0.32337283559043706,0.25785195616486045
0.28279785266821206,0.23859545471864424
-0.12090826617058614,0.37938837365400413
-0.15135097194204464,0.36243029276477473
-0.5641553424485514,-0.1246379101732963
-0.5474368771207149,-0.3466218003058259
-0.7559473914582333,0.3279307962514001
-0.8887753643362492,0.04287831542340968
-0.5385296540796721,-0.0069563698088774654
0.31727032486570034,0.6032459879745574
-0.21948538068763557,0.6997699581335332
-0.809317736510181,0.19891706764186576
0.12468113489497266,0.35499861175245606
-0.3453278608252431,0.25467625970920055
-0.3221961071004073,0.2998816162095846
-0.019600697149140967,0.38391218303104013
0.19807553387657453,0.3247651259372188
-0.17079758723014896,0.3689363389848009
-0.13044925842500132,0.39153584367352684
-0.912687385877744,-0.0331162513748979
-0.16488747423556563,0.37974054905684423
-0.9298957012699393,-0.32176683812997553
-0.4798329949178101,0.17897700901392186
-0.5621218825935675,-0.040469475504893715
-0.5299316214831208,0.5466219837732557
-0.29378295419198086,0.31044306172469144
0.02613225456333449,0.7302299351495202
-0.5591287595757349,0.004637161885193993
-0.26249209827838726,0.33259925935280127
-0.4236994775940946,0.23565900547941962
-0.7270096746563678,0.37397635486930947
-0.44603921350663306,0.18352831827802002
-0.7639372318263625,0.29547710514579206
-0.5228410369421114,0.04469606087008682
-0.580814635769582,0.5012646367803413
-0.04649288048254656,0.41176184516909303
0.18792532091058048,0.3397548629598139
-0.2711829513151705,0.37242841572642404
-0.5803651455458094,-0.027106129159699132
-0.011503168641531591,0.6928226870771099
-0.7841246550646989,0.20215031776371142
-0.5068789975065613,0.09388995948728673
-0.6466146380286948,0.4260384343038392
-0.5867442680234373,-0.01813816909982572
-0.5902258337483963,-0.11519171425284948
-0.9080558969956459,0.004580281596043314
-0.22861784234932558,0.380437459188222
0.05113919908182927,0.3941889252995824
-0.5523827562833437,0.048427062639979354
-0.2823479031902189,0.6465116519800669
-0.8624555219128337,0.0989829806434612
-0.2886126009540947,0.3577195048427639
-0.08822862694524478,0.4176249808359202
-0.17051666068828122,0.3880068695864503
-0.8589469214923912,0.04679338417344163
-0.6202677090914104,-0.18670970758826685
-0.0707352405278765,0.6922217780756668
-0.423717989124536,0.25446379039490125
-0.7803500991160054,0.15653146431239767
-0.5518283025507053,0.08243578314826937
-0.4565852968618859,0.23635983742475528
-0.5811316382001005,-0.09511896090578138
-0.59608749979446,-0.23259886391368573
-0.8142934573801865,0.14913741962210417
0.11999827211983448,0.39675150502884177
-0.794909321008333,0.2461397455706561
-0.41620633020626246,0.25752263846463624
-0.5350082966061509,0.0568110396869483
-0.5914072040185891,-0.03261613171043775
-0.32625986581733035,0.6025224497783046
-0.6200026274735531,-0.192766557601281
-0.6256676029610831,-0.11938653133285777
-0.7935132013794617,0.2280873434622893
0.28480891639604655,0.5971816283262023
-0.820379469939021,0.16564151319560141
-0.633038747769155,-0.1844221906777335
0.022909867744180138,0.4239058662284081
-0.5927259926652539,-0.07684214546686514
0.17506545427221196,0.6405781309662435
-0.3340543379898976,0.32017751386921645
-0.4515240921888929,0.17065895076061613
-0.5651530198487671,0.053012052699778385
-0.8366964592248888,0.13102228228466392
-0.6235731322356023,-0.31369653030558586
-0.4281741774085032,0.2495172803668515
0.002966219664757023,0.43974478908727815
-0.38573556927994174,0.28137659899113626
-0.274829830989629,0.3824035920074996
-0.6263973458948169,-0.1319895952458311
-0.3395777367456507,0.596803002929368
-0.8821313111882396,-0.3786837812167597
-0.5471087539602706,0.5039692330819109
-0.7083115330139854,0.2991832823364315
0.12296748338193489,0.6700981520288843
-0.3846117399241884,0.32363651947576094
-0.2575425312278109,0.3560169937722101
0.009851745774002002,0.684394945610558
-0.46436608857107065,0.212730624389014
-0.607505248235981,0.4296151420272461
-0.19128282628089655,0.43956853557733355
-0.19487154021330064,0.6513351369271964
-0.15076444361811386,0.6845179264783541
-0.5780986475911034,0.44920701577222116
0.23554801037671994,0.6150302303342493
-0.236660004241097,0.6652975890619136
-0.6346969790304656,-0.08830130521340938
0.0927939625708759,0.6348875092710301
-0.23429666828792087,0.4088745217106888
-0.7280344495167709,0.28882246628761177
-0.6745066257866886,0.3674177614395782
-0.6272327213629441,-0.06670337313997458
0.013652845117343404,0.47040791824849926
-0.5869299402261925,0.054222737118964984
0.05665649494285073,0.6246014001998788
-0.5222832411360677,0.15534557603446167
-0.6529606975830052,-0.2977125084372591
0.32987456162896983,0.36600796677600345
-0.8426587433857488,0.02687689713816544
-0.3709269526754202,0.35618119336142817
-0.6882773412135121,0.36422535293605723
-0.252297364029492,0.4199497981686218
-0.8550699555832618,-0.46213677058757974
0.3813997703651593,0.37785936865730796
-0.8321329965602052,0.11329452978141294
-0.3526859818639545,0.3753587494215505
-0.6067120970980802,-0.07881619753431653
-0.5022541151521873,0.19959099306408762
-0.6834863768091017,0.3771225015840538
0.3476488071774656,0.38313729920428674
-0.32715837199941095,0.37717283962562975
-0.642669456533975,-0.11674454208229701
-0.341530138261434,0.37891252317383695
-0.5643844410692233,0.10789578172120251
-0.6369820390170033,-0.3436084675848885
0.09340026796628607,0.6193304472857255
-0.882049190171869,-0.23550017434746162
-0.634306620878393,-0.2588226230060439
-0.2952711707472133,0.3680817471639909
-0.5821505745154456,0.10103691664483419
-0.6224367853490599,0.4199771768195706
-0.8977969860149274,-0.3526449401238753
-0.5200993419372628,0.1412274507259884
0.2029430879649464,0.589655035250572
-0.8707423986525061,-0.34478568905436335
-0.04582226349341674,0.4863153320313192
-0.7508992660304088,0.27732168871539525
-0.01571220795484214,0.4859305957740984
0.017300481106238268,0.4773362524975036
-0.3897578755943207,0.36990129912255193
-0.5711963790483867,0.09988871809856399
-0.30325781844799926,0.3779752488955894
-0.648342127659555,-0.07038492158229914
0.2942075983183063,0.4832938208100991
-0.25936853755169903,0.43030960415787783
0.28129011240137125,0.5228879126366565
-0.8983422688158469,-0.23827369140959326
0.12925404331498366,0.4646706020688824
-0.18289397745993588,0.46449140310149795
-0.8228345918702284,0.04892258121624045
0.24953409435925905,0.46137134732212853
-0.6547746708279714,-0.24186664880916917
0.20674144245866838,0.45394496332091927
0.30435032994649475,0.438527788910125
-0.2494166996571779,0.448484662713701
-0.37174432779851374,0.34622530344830543
-0.8673350232267767,-0.16407146469738704
0.02805143429224398,0.6311890421298655
0.12246096416845485,0.5048065592676966
-0.4133552457747565,0.5729724494160365
-0.5605548682771164,0.44052235513277943
-0.211556747979572,0.6148184711299781
-0.8692608370540581,-0.06500075653252907
0.25068364120293857,0.5058557814286296
-0.43266109713445305,0.3312319564949428
-0.17522527861297568,0.48410309549316166
0.2259831832331569,0.5271913788340535
-0.6759036711735541,0.3480179789739572
-0.1527198393557615,0.47240453896404716
-0.31958316834916295,0.4235304060363598
-0.5865381199913181,0.4215378550572739
0.24665242656684366,0.5038459866190661
-0.4866331817332791,0.5226273480903348
-0.6617838562460685,-0.06708188987007443
-0.3843896950570279,0.33896758514996744
0.21423714148692086,0.5039439421451541
-0.5319493811368559,0.21966702921658396
-0.7732886139018101,0.2023957359623791
-0.22275956528853136,0.43906811283943736
0.1522375798417239,0.5255554231210203
-0.0720984744301397,0.4799700551343758
0.1701567797464953,0.5111927443326931
-0.48832844928743385,0.24806999916081163
-0.8735193724843868,-0.26976505740915163
-0.5335159181080483,0.22937592206019725
-0.5277082172174816,0.23066085733997552
-0.15755381311991992,0.4977786821087072
-0.4728289801591418,0.4879076635092162
-0.7585591939349124,0.16605657102316454
-0.21774760647362187,0.6238655421671002
-0.5486469425617463,0.13007687605697313
-0.25494557504332865,0.6235402964779404
-0.8424589062920442,-0.4016221353659234
-0.3538184423467878,0.4143172882865917
-0.7806103007233102,0.13944142482163438
-0.26622530063391736,0.46434877778216144
-0.8605010294588805,-0.3820173864084617
0.03872215979708617,0.5290098207460142
-0.7124509101566607,0.24480300689666706
-0.21468495306675311,0.5968890511653503
-0.641489718344302,-0.021760221736813447
-0.2489199060365066,0.4637783715606681
-0.576200166081783,0.42992315097139683
-0.6721399705608878,0.3282474706235038
-0.4040027592726467,0.33506027800764626
0.16906150756738011,0.5374895536538151
-0.7977803031848334,0.11041120908726074
0.07940145159957021,0.5260966184687934
-0.09823373952764786,0.5182071970738942
-0.5812631248702117,0.10392855508978714
-0.083734479105433,0.6534896985415923
-0.3972200312222976,0.3740177472569429
-0.6689804846508872,-0.0568801781592661
-0.6760320972904095,-0.1046422507082825
-0.5656457035009261,0.15995873820033948
0.06765194039128737,0.5643785996803304
-0.4291334431019584,0.34680193269815046
-0.8589902868875536,-0.17716928373589558
-0.0570564245728825,0.6143395598684258
-0.4029960561919773,0.31372079328600605
0.06407702935274105,0.5640474047605772
0.04176156255083189,0.5912495380157353
-0.633413227346081,0.018335994692930072
-0.8426505699705954,0.002172216732003603
-0.6744558292120469,-0.033432474857180164
-0.19709195756655354,0.47984649612449437
-0.666560391255272,-0.06998113643532862
-0.0032208990455651998,0.6273241551503105
-0.6819579127688934,-0.06975233789778022
-0.38778496460099365,0.3697041466464414
-0.03892795540778874,0.5912783857073348
-0.3664986650788717,0.38028578020232817
-0.5084303452621941,0.26466165052634505
-0.8006876522933751,0.13493387301140952
-0.29375978595431923,0.42714276797803485
-0.007705077852462113,0.5657535427691817
-0.005819204721902577,0.6065474209710571
-0.10589087245352605,0.6172491219399167
-0.6540343194408773,-0.39703170315514485
-0.27476792987686793,0.4213658303570223
-0.40554035108717057,0.35972371224757355
-0.8337493533486214,-0.08276135368188282
-0.5243299442268369,0.23390774687134921
-0.8173659525376935,-0.009789145637791227
-0.30586423753539244,0.5730093283428902
0.020436018802814666,0.5491644911768154
-0.5237020068511457,0.468041380644275
-0.8471488952616172,-0.11144100666043368
-0.8015976020834256,0.0695079632874532
-0.38916022180547855,0.5499960797377053
-0.5447305287220342,0.22444907254020655
-0.5626550910460629,0.23100071795928187
-0.7883567558518723,0.004152430569350238
-0.535414002385347,0.4704048148063584
-0.31650864755336927,0.4382397043799648
-0.6830383233534026,0.24845813240633802
-0.39690028825302026,0.34909704165325384
-0.7691909878274672,0.1540434888065644
-0.683295667065013,-0.17094674202532173
-0.12331855930742702,0.6086741754921899
-0.07629933046695819,0.5356418472073158
-0.8442864332062614,-0.23230437758303263
-0.4341763876148954,0.5452514822773112
-0.4527543432438239,0.32557235862726575
-0.830788291417581,0.055766486468647326
-0.39842632487124413,0.3750375131510962
-0.8387392028585222,-0.36363330799024113
-0.12735681613408686,0.5998147288116906
-0.8303116945325725,-0.06337500297764673
-0.23086715684838063,0.5994839615299227
-0.13776703771265858,0.5577916037349154
-0.15274615305044212,0.532373899737426
-0.17444555124900357,0.6150578386616615
-0.8723456527746555,-0.09523491424433853
-0.583288821223708,0.37361459681386006
-0.6304302032895787,0.06201999053296795
-0.18306181362252247,0.5557291927284452
-0.7014051416488822,-0.2580711286248779
-0.5415277914839743,0.27011255742335716
-0.7089166693591055,-0.23756243608718755
-0.10760029338019415,0.5867306057451905
-0.5073031761315578,0.4247083247727902
-0.16295129652018994,0.5704335420638584
-0.8659593855096169,-0.20148930524905742
-0.7760970477965954,0.10640980094480702
-0.39550869852620446,0.4112886546023157
-0.10707952016881672,0.5441266365216709
-0.24173687602360017,0.5774649294028162
-0.3817169987526755,0.4326055976664507
-0.34210765213304944,0.4433712460040861
-0.2713698581420545,0.4887831845292606
-0.47477384668187905,0.3096186779194415
-0.372652917242983,0.5555518929228918
-0.34964171367345354,0.43901332097945306
-0.8297246107022311,-0.3549162865731367
-0.832867258790506,-0.1774705910563726
-0.539565372824888,0.42776808901424607
-0.7834691872810784,0.14020615583157894
-0.6422142566806734,0.01310880158922655
-0.3014794582415756,0.47776127372522437
-0.7918127703786454,-0.5147489406678889
-0.6336866209008413,0.0829074158585591
-0.7952842743014277,0.024583019997399376
-0.22446032748069564,0.5067137756422703
-0.5147960370051202,0.45016106039025106
-0.6434550596651871,0.04345462764192039
-0.3145274799731675,0.4477744061679953
-0.35116126195630626,0.5515480839280417
-0.18105363646060077,0.5619695215546702
-0.22329212218722877,0.5999234610631378
-0.42307853740385826,0.5046424151607077
-0.5289684308035094,0.4334111092602749
-0.5106850899161778,0.29398548029770993
-0.5219819096562601,0.30083801832246737
-0.8107285191013291,-0.45392173163951727
-0.30460255730823055,0.5711766859929398
-0.5600835906107159,0.46235118996932484
-0.6337926714532036,0.11293818747175989
-0.8461464371140236,-0.2919824060682682
-0.2241053573987122,0.5822889177067662
-0.6639883315605715,-0.015561178906361727
-0.5762989761430016,0.13891819523990603
-0.48008582700417424,0.3626921704530527
-0.5533796007257834,0.4000033691338991
-0.36548822379915696,0.5428876086861586
-0.811481384356632,-0.02275769266183444
-0.709248602360791,-0.18592054320900211
-0.6962027386583551,0.23314544034351237
-0.5701964527981102,0.2456625956999062
-0.6724052549702555,-0.45544979791143897
-0.6961170927943169,0.052042693400221454
-0.658261056408469,0.003636044473243028
-0.6392534604155241,0.3048562419152985
-0.2539951078677769,0.5668588139929243
-0.23912622249387136,0.5357053616170305
-0.3959505892574025,0.5143716842056612
-0.6414117358526471,0.34193264624274605
-0.5328393135396748,0.43144521266717795
-0.6538665904710818,0.05105370562600379
-0.42851150855195635,0.36777977887810337
-0.43768163364951157,0.3656150847465023
-0.7007219017856089,-0.051461744746144227
-0.7072380895815735,-0.13720448706989405
-0.5509710822487967,0.2448978239126465
-0.2661687937726919,0.4807512284479454
-0.5823474543374575,0.1641782897606537
-0.1895242484277008,0.5769877862937666
-0.312773395605621,0.45644444542246215
-0.3256113764383686,0.46705223018515735
-0.6644281736192283,0.3136961187471581
-0.6907265228561601,0.02078103911360611
-0.3468019950351358,0.4180863133263302
-0.7184859956339327,-0.10189858487634255
-0.28009464303605175,0.49214337111363216
-0.7909037321608225,-0.09342893465046605
-0.34007207397973893,0.4707562742312777
-0.8000569673882864,-0.03239519749916755
-0.6646086189205915,0.10483348852054199
-0.7059688391917377,-0.09917651237339772
-0.29809941700007686,0.5567367131961554
-0.7820185509500909,0.025293007060235576
-0.7340752940960854,-0.33629597584426363
-0.8222282955724308,-0.038489410528094514
-0.6589492061797123,0.28597171946569283
-0.5376580138348214,0.23728397558445155
-0.6541894061102368,0.31227737394095384
-0.2767292524736731,0.5290800953805059
-0.6920263254422461,0.012122200006542756
-0.6144952308008583,0.3157240015507712
-0.4932151436273503,0.2932270628293572
-0.837245350253644,-0.14068258269749434
-0.3501453424026965,0.4382158120750841
-0.2860362821687306,0.5504995000514225
-0.8165337889444775,0.027020822523642764
-0.3733113438134951,0.49409154866571764
-0.7047915078548417,0.1781216069713951
-0.7484044786706456,0.16203395113138452
-0.3480903687291316,0.48404269378171444
-0.665688544292435,0.07364575539617786
-0.6733248560159006,0.25380943255150906
-0.4001365710255249,0.41648761633280224
-0.8130322398258744,-0.09879136232574397
-0.29768552604126974,0.5265476808811206
-0.27708645452243874,0.5035404222822302
-0.591331777108354,0.37363530546469675
-0.44648940521360153,0.4030309713647993
-0.5709075597740308,0.1805618485637161
-0.38950821986195994,0.4746655603094771
-0.6873172598146079,0.0029941810217146837
-0.3798899364661612,0.440182276712506
-0.7787236789858514,0.02439536059182796
-0.336858162248476,0.44905531570736645
-0.5063601863346845,0.35522463668899906
-0.36094367098683144,0.5047940441572688
-0.7618917993697435,0.09136154250127826
-0.3922135038184368,0.40192668155093986
-0.3657216054790037,0.4764387251536194
-0.4453465803703664,0.3877264917953751
-0.6040695603231642,0.35676796242538783
-0.7209484020465312,-0.16541988816456052
-0.4559067763601937,0.3901532490078481
-0.4044442578704364,0.3944350976070357
-0.5786119594804365,0.3216603012295082
-0.3476808381590139,0.49356647026862727
-0.7949876651106935,-0.07898931112010049
-0.5845352309022788,0.3879548375018382
-0.7116991430550096,0.028483510845429508
-0.8106057679761365,-0.0760758711674309
-0.3775056673164179,0.5010303624790197
-0.4092571167887343,0.4014566902754784
-0.4223517508057271,0.4017741212158675
-0.7221259037915885,-0.30901587847057266
-0.3708144334531889,0.46269575067687624
-0.8145458193580485,-0.31657567872090586
-0.8313531642856594,-0.13859227454386452
-0.8292533023619543,-0.24213173147250577
-0.810475212378716,-0.11862293594689857
-0.35352104731597483,0.49805328490791395
-0.7727862542946702,0.0710919154802587
-0.46740521276001235,0.42499558505778245
-0.7048156627554689,-0.010001004244073422
-0.7015300012050397,-0.4897206960983104
-0.3612816300177266,0.47729092008732693
-0.4608698482561936,0.3843275951544334
-0.44854584501539896,0.3805621644666139
-0.7307439705800504,-0.22883383360932386
-0.6926276524711593,0.2661534351944889
-0.6189927912195816,0.162115895730849
-0.5760324061988547,0.21806404749592803
-0.8104570821623865,0.03599315250777227
-0.4473773649095543,0.3985785185019697
-0.7056502197236587,0.12499464330100696
-0.6547183122267417,0.30426695241024093
-0.5696474270054416,0.36659821087388567
-0.34275967584752837,0.4769228905584996
-0.42520600291534744,0.4340729248702761
-0.7137730131691008,0.18323145708455707
-0.825703556766008,-0.17738980547642472
-0.7494727922914249,0.11665866883339455
-0.693628962377264,-0.039881304260053665
-0.6100986112885953,0.14486018262718858
-0.33260219986358225,0.49438166037877135
-0.7750147085095648,0.031660778172563186
-0.4163742323707531,0.46831987188932744
-0.6266677534855462,0.29960183319018724
-0.6664270599797192,0.2561282225286118
-0.5105716141527894,0.2938510215115172
-0.40976286819846647,0.45958558287871026
-0.6173299176351903,0.37305158986824455
-0.6193314765956065,0.16572451000550487
-0.399047634488379,0.4566886978889355
-0.4628202865115868,0.359857480471285
-0.38504667010764243,0.5030539032138956
-0.4420883283558536,0.45031200858820625
-0.4432980688731733,0.4281876712747603
-0.6308997919929535,0.28733627342790724
-0.3953833883645192,0.46956681206276024
-0.5798743838891526,0.24098604550083594
-0.6546992893449596,0.27977450374446367
-0.6722635555947288,0.12751002632877104
-0.7241569212408571,0.09622418024740399
-0.7172869762870256,-0.18726936922940907
-0.6974820545047076,-0.05541297426998774
-0.4990322889692535,0.4339780435174711
-0.4031533024297507,0.45361516764981563
-0.8031656790242288,-0.04425277730929259
-0.7407035428212765,-0.4166733059909417
-0.7472579494235381,-0.09509263326243822
-0.6680215351065302,0.1249318336007312
-0.5776724631051011,0.20473309608574705
-0.8136722931393668,-0.14804014739716365
-0.7546781271813183,0.059403623227455585
-0.8026805744417101,-0.3421320991170124
-0.4827469887093775,0.346564305761069
-0.48865408853519393,0.38456016509203994
-0.39292904015040686,0.42555576759674024
-0.7382908850008219,-0.30924348366083193
-0.6982604019506224,0.012799950894660801
-0.6756073812777502,0.2886935938997996
-0.7867873056598038,-0.025593982394525937
-0.7296367699227273,-0.11995280199535377
-0.6034633665961961,0.19583717144331866
-0.6167448446894219,0.3229716138437851
-0.6404213119244909,0.31460608479120244
-0.7918979494272009,-0.02511666342364553
-0.7716096832180299,-0.43367063704558173
-0.7954038093189503,-0.010813411222284127
-0.6935306898394834,-0.01899216855073079
-0.7222582686990926,-0.03104562397077786
-0.4635082301765116,0.38810414072822663
-0.7857738031197156,0.052167409949969996
-0.8181951529872155,-0.2656688668969886
-0.7953948501202192,-0.08329539540406898
-0.8131931242430601,-0.1681924917251671
-0.7466959035729188,-0.11759918142033296
-0.6771145933602171,0.028908095518923822
-0.5459847518556025,0.36696984873181854
-0.44099586730923096,0.404854055597617
-0.4618986761650162,0.42399064527601565
-0.48651750858146314,0.4015810749337849
-0.6837211557208498,0.09405419496854722
-0.5569004134594865,0.2788328042191642
-0.42747862845334345,0.3985800603341105
-0.7459058567904973,-0.174413321262188
-0.8223374931782715,-0.2981143562770752
-0.7385429598183818,-0.0682473461153617
-0.744804679234039,0.09132399287203222
-0.7213857197424692,0.10782145231746619
-0.7808576353227696,-0.36838870407726865
-0.5935301454456333,0.34903017145704285
-0.707198703782153,0.20496544645211412
-0.5611229862523789,0.29007872191694994
-0.7999959002389161,-0.14390019018558134
-0.7212922336162484,-0.04154619917119063
-0.7502893456953641,-0.21807637799184398
-0.7991040931507327,-0.42920756351094413
-0.5225242046971953,0.39131351850477564
-0.7341429067416805,0.12752515177167723
-0.7402752788032867,-0.44712957671216097
-0.5841349344928445,0.3602332879494415
-0.4862286132553651,0.40535923413077096
-0.5192294967527517,0.37669333801445437
-0.7936511204918287,-0.04884465184219891
-0.4629652307936273,0.40281121841387396
-0.47905741938673235,0.35817827360906646
-0.48246683569434734,0.41088713979801994
-0.7739946917619501,0.02186164755435407
-0.7739160560013633,-0.2433289856774312
-0.5711703882952438,0.3146081854960262
-0.6274617677639261,0.2966805530121014
-0.7951499423617747,-0.048320921849741454
-0.8114761281017985,-0.04698674553013901
-0.5681434869570361,0.3570829962737066
-0.7468995129851546,0.07090858461379333
-0.8113507955164105,-0.35027034046986794
-0.5955817172767862,0.3117818448209252
-0.7828323493153505,-0.07890331418254305
-0.7571735740090072,0.009863152376655037
-0.6198342170273893,0.15514313377683378
-0.5904656927216011,0.27795715881423744
-0.769272881687894,-0.019509861528499154
-0.48865126812030774,0.3907850600219832
-0.7825466265141039,-0.016140873817204537
-0.5000542082507595,0.3652825855383076
-0.6398103600093963,0.18753563183437955
-0.6048624680996191,0.3389184964809212
-0.6464203244898995,0.13797657345924028
-0.7298185295420295,0.13262164397716578
-0.5919148093717529,0.2328291894746101
-0.5152522248609674,0.39149477729416804
-0.6427059951476493,0.2853687404472118
-0.6908377548328316,0.26084897530158674
-0.7811421051660145,-0.08198253362075161
-0.5506293779264619,0.36400106157040824
-0.759702350992575,-0.24451638408930593
-0.5869207959319211,0.29162194204357794
-0.7821661909552061,-0.33947319192377107
-0.6166437240198251,0.1898306888843158
-0.7677704864429267,-0.2998315303672612
-0.5183719482216613,0.32932496282130286
-0.6764292057863499,0.22344754637112074
-0.7573232244264573,-0.3009628866048979
-0.7570885117813557,-0.4186647061578497
-0.5138041188239062,0.3186305652627077
-0.6576740324277095,0.041117693346928295
-0.7664297396823596,0.06738370845792904
-0.5174053226601413,0.38647443611976506
-0.703232798915631,0.039813647321167406
-0.6732953738892664,0.21274020823197604
-0.8193460732594032,-0.16919078865493212
-0.7838250837002418,-0.42075491789273534
-0.769602637702972,0.05947801065882717
-0.7886198623925376,-0.21178031104397585
-0.7928936975055124,-0.3619364543858513
-0.4992080901017784,0.3686131188159867
-0.6230937688955674,0.15851825814148482
-0.6575672024369338,0.16038793492383138
-0.7552088909745945,-0.2770909829920398
-0.7588902681182506,0.045307185614369264
-0.7690966622057074,-0.4006501493986242
-0.6352607853968478,0.29027100596577016
-0.6047371151923833,0.2587711291352379
-0.7729840838989851,-0.06221491512415513
-0.6082300517721209,0.24349232014138653
-0.5995735297284889,0.21339753817519266
-0.614212075952773,0.18493724934605585
-0.5732197091747823,0.2347922462546112
-0.6548179287224034,0.26640852295064077
-0.5551301402996341,0.32957002662853147
-0.6714752671020588,0.23187475255374426
-0.7147706462593187,0.1266782296190601
-0.7628058311010003,0.008873070423151145
-0.7115466882227502,-0.07997868682152995
-0.7256901064671202,-0.13642232681529876
-0.7861485106979837,-0.027653919259011357
-0.688336661227955,0.2022085200683557
-0.5555882707541687,0.2981542701170125
-0.5882307445335017,0.3038139779847485
-0.5339039787309225,0.34935160226682543
-0.6401332424723977,0.16641336397632073
-0.6614888823163949,0.08362674100844375
-0.7318669383735914,-0.07727994313311523
-0.7593655276034754,-0.35306221863559945
-0.5877926789685837,0.3607971806878232
-0.6934024037420365,0.027200690965878016
-0.7325070875623644,0.08140783515205209
-0.6144657170558693,0.23125640947238396
-0.5136184790604547,0.3830389956081652
-0.7880399445792297,-0.16945400024181725
-0.7219694151349295,0.036322671292922826
-0.7206224214080645,-0.1008789686571393
-0.7618674103602806,0.04783050029840297
-0.7529031024609836,-0.002021874434885896
-0.5178126818215626,0.3500188851253857
-0.6684009272814906,0.25833375287192156
-0.7464835535410399,0.0554348541712068
-0.7317585446937946,-0.1280885066773842
-0.6953800054556549,0.0502365218683502
-0.7778185630290084,-0.24299063876466392
-0.6315097366219612,0.2083444616733677
-0.6350875702359509,0.19340183135289638
-0.7662383801201321,-0.2351032849657623
-0.8121327913990187,-0.2913146318937914
-0.5374870745413405,0.344680132322994
-0.6593920023823998,0.12582208482054863
-0.6259584092075915,0.1620307526973182
-0.5381679088148568,0.3772614383042032
-0.7554652138743305,-0.4088788031621433
-0.7534576836786229,-0.23667457688444632
-0.597372972207398,0.2844157922774716
-0.5835509903589706,0.3152222414774004
-0.7125418787144153,0.000535078439359071
-0.5334541770292444,0.37694028322175943
-0.6397552674496356,0.2542863779265395
-0.8099955547269443,-0.08299840983668308
-0.7592661832169261,-0.3181042061361613
-0.5075531552370126,0.3819834072061559
-0.6975022220387179,0.05960522692685831
-0.7647838352090682,0.0014756309036741103
-0.7241855387493976,0.03639135200306112
-0.7558909482600744,0.11538433682684397
-0.7429267068927877,-0.1059093776228967
-0.585537202138281,0.31445147606612966
-0.7908240767270692,-0.0117023901913298
-0.5947353674534983,0.3112055958347702
-0.8021109036441179,-0.28120275843605125
-0.6169117211612197,0.2441937503924834
-0.5262306988865283,0.30507012960643465
-0.7648787865549588,-0.3765516539800826
-0.5370962349615288,0.28206508203961206
-0.6773523121660461,0.16462320595565733
-0.5814948761286663,0.3371174357754024
-0.6628631093897841,0.2325825655749461
-0.7818736212587417,-0.1456305341982075
-0.7774663456345009,-0.34031869805691356
-0.7426383869512598,0.16290328899019005
-0.740689545816687,-0.08696483219727011
-0.7297844941543234,-0.0450641776108891
-0.7720607328820448,-0.16373809618368426
-0.6661058295693566,0.26191249461091354
-0.5254485169673572,0.3687741430979576
-0.7332912472024669,-0.00022712720004251045
-0.8075300155573063,-0.10067552799724033
-0.48982622530059494,0.42269247951909394
-0.674159821107477,0.1103148189581511
-0.5268911491595631,0.3332792503037784
-0.7431158380254508,0.05404621541458255
-0.7759135376067454,-0.29130189121871913
-0.7562712821636911,0.012027282970451454
-0.6461899419483299,0.15395149257949742
-0.6724435879118328,0.07513301658195053
-0.5493679535997883,0.34575463168813814
-0.8105088835115676,-0.16649173041770227
-0.6481444005332861,0.27386297626655276
-0.5445593614734031,0.33966404285895707
-0.6379317000669491,0.15811825497443657
-0.557716325121133,0.3126658390481213
-0.811847657485681,-0.08925781776566431
-0.6921874914716564,0.1917393415653551
-0.7571916216182859,0.07323344425392687
-0.7684961133580882,0.046057752625398525
-0.7707382320385896,-0.019506672137363644
-0.7170323693558539,0.05000737322647921
-0.6290256942709084,0.24457715410858352
-0.8122140911994675,-0.07794876742300015
-0.6301585274176379,0.2268516624796449
-0.6097473854952747,0.27413873402350597
-0.6426725445794694,0.1766263529294427
-0.5960896333082039,0.3141839402769249
-0.5775835155613919,0.2722907567315346
-0.5768811213273505,0.3248453313033024
-0.593539364258501,0.28075999192015993
-0.6629854537684349,0.18975009620884398
-0.7837095741017349,0.05465039070446214
-0.5331889968534286,0.38343358554721785
-0.7637881408875162,-0.25098962090040017
-0.6341150544312221,0.27924105329625026
-0.5954839203193065,0.30629249628902827
-0.7865657448752239,-0.11851843841614873
-0.7029491373140747,0.16853329169930206
-0.5999259093654487,0.3181938285600999
-0.7776408198243825,-0.23877758594913132
-0.7609188141827606,0.03170183157993927
-0.6128832215996672,0.20546135636355095
-0.6150825491530139,0.20214105675879057
-0.6256211099939935,0.20993850634035813
-0.676001948722092,0.058369579872384204
-0.7057119787689475,-0.008408486899944796
-0.7225539293652301,0.10367671431540351
-0.6142881460094187,0.295208621435117
-0.7658913765528568,0.025461784758794608
-0.7094992178511482,0.14064431820846326
-0.716700947616464,0.1514323753761341
-0.7896795210836325,-0.09214615937942817
-0.7690020813261818,-0.4009065718416322
-0.7363724516746234,0.05964271123081293
-0.5522622591900335,0.25581396136077406
-0.8209803435509802,-0.17531028457314157
-0.5922944764167696,0.25387053021583933
-0.6985313484638539,-0.010483957315507851
-0.7425684586900229,-0.3821927695626695
-0.6282261530614499,0.30852933210030725
-0.6999342773422049,0.06699007739161134
-0.7872647022405264,-0.2671938817865329
-0.7847390593593322,-0.23234415933057903
-0.7568852999585338,-0.04200652724414043
-0.7911767635931285,-0.08059662793337387
-0.5140172032093301,0.36243353600411427
-0.6457868796928198,0.22680556170829672
-0.7246904570369673,-0.10461012333739005
-0.5650151283979045,0.29614535811681225
-0.7169488171797955,-0.02403172366633898
-0.7338817813116052,0.06410919096673018
-0.5680223619283065,0.29024232922827187
-0.5989237551569666,0.2544409276787821
-0.7530906361878009,-0.35128556234388725
-0.583041620420328,0.28577164953197154
-0.7092738407692145,-0.0026498819400629704
-0.7327239272977508,-0.01414840419758178
-0.6903032825235855,0.06974035829595894
-0.5628572084998574,0.2711922956931461
-0.7503755903597491,0.03772087693566807
-0.5476509567805101,0.31956977817778587
-0.5323587795532255,0.35963330246125863
-0.5332012380694399,0.37481909779537287
-0.7674546141479935,-0.2506820530600599
-0.7565891106059413,-0.042301480538772473
-0.7835911827700983,-0.06414089521853826
-0.6876006568326731,0.06753748357433126
-0.681868181934185,0.18114858554416297
-0.7324294997374053,-0.03759505070368181
-0.5918501578762526,0.23193553713135445
-0.6152425774020805,0.2716174694849562
-0.7271408546579623,-0.08046609198092458
-0.6091356763250594,0.2748167336409721
-0.6264854646763758,0.29525071086021754
-0.7911359109522823,-0.22282626866760502
-0.7535179099793874,-0.23419284853584532
-0.7861969397948344,-0.14321550367696761
-0.6571306122182208,0.22145353835783743
-0.7839967882452196,-0.029794886652203968
-0.714662432249326,0.008789493268014812
-0.7392449397864684,0.13174456480095373
-0.69135612674012,0.011992169471833427
-0.7303860258141621,-0.05131895603955643
-0.5686500613596505,0.31143360489343974
-0.7796681887572243,-0.03812701638789287
-0.7599506386669654,-0.11143589415924475
-0.7437542862319448,0.09936444965344016
-0.765207831068246,-0.06423780649536172
-0.5581535579398929,0.29436525760615573
-0.6604991471760787,0.2445566688400976
-0.7668605867225049,-0.002966377817718408
-0.5888697965115994,0.31257697655186134
-0.6814507662441194,0.048310510828844244
-0.6981516869248616,0.025086044253544985
-0.7838171677388349,-0.24520757821043124
-0.7395018890162642,0.07575720707855312
-0.7205934882469726,0.15217855697209748
-0.5803466342923065,0.29358306509445325
-0.6303591242194818,0.21222559746229333
-0.7545049642374179,-0.009454484570653399
-0.7823674723334305,-0.2636444683778271
-0.6286683279942735,0.22734989672095995
-0.619503724925273,0.3316818589438616
-0.5612437663101101,0.3562280325087663
-0.6821542042007643,0.0475592898541097
-0.754635706177065,-0.0919004082333969
-0.6096331912693723,0.27211608568284484
-0.7607256523864527,-0.09661140408775311
-0.7570822436665784,0.0651632025721437
-0.7509994903369154,-0.10660224098537063
-0.6123686621482421,0.2485719330549346
-0.77259467463527,-0.173549945472402
-0.7753184269624146,-0.14224935824552667
-0.6216630020546114,0.26083591171881954
-0.5971501782290072,0.20517062454118393
-0.6869861711355323,0.09391352592031384
-0.6913284076117256,0.08597677499606081
-0.6352395417294247,0.15832045294107813
-0.6569214387843257,0.19737829483237299
-0.7879505682779425,-0.15184203660518245
-0.5664063178079617,0.327319247122611
-0.6304189654115984,0.22967395989852618
-0.6839116939233858,0.11158383710012051
-0.5932607181234498,0.25796278703640113
-0.6842343496060085,0.2132681963087257
-0.7630683877176277,-0.06372560869251138
-0.7835825577184324,-0.2362771291275432
-0.6710832396892432,0.18480142659699797
-0.7768492888493236,-0.06948064091792097
-0.7798713503466161,-0.045419203060738926
-0.5633599904964786,0.28133288306432536
-0.8071604828699449,-0.18990027288670916
-0.6787193166269424,0.19662512373369823
-0.6759061499892899,0.07185428316331853
-0.6528220202990511,0.13293251002398013
-0.7245322299774705,0.030759289721908604
-0.7201740010622345,-0.022326650936187045
-0.732660606931482,0.005664002342584535
-0.7660646821902671,-0.2524629744132521
-0.7907461327315909,-0.09041211457058712
-0.6200467969572554,0.2333964414350279
-0.8060059763235693,-0.0660657650705361
-0.7079184394478863,0.15585913063605494
-0.5744788582768289,0.2900365724133025
-0.6459496919318337,0.22796907761663632
-0.5481233937227638,0.30578052760929025
-0.6559115895889829,0.13759860386657685
-0.6537761588449993,0.17530691827463238
-0.6967435197030307,0.0974443097874736
-0.6574842982791426,0.1906154577346462
-0.7465913418415713,0.020043482528796095
-0.6222488640735743,0.24727291127765683
-0.7542290782900578,-0.03619308876306761
-0.703751957226555,0.13405989844797078
-0.5877272281357214,0.33601196438046693
-0.6939976103836921,0.19994110872789517
-0.7655610390207368,-0.012972916090303628
-0.7654014099579699,-0.19144623017503984
-0.5849889424058462,0.2517453619190811
-0.6778662404253639,0.13822029448540546
-0.7635653728935488,-0.05726520871058594
-0.5766267696787798,0.25759465007398563
-0.6743703451784244,0.23688335264432114
-0.6693479369584208,0.13594184693477085
-0.7128310228729712,0.06863240498417761
-0.7982425571625344,-0.18518412296601622
-0.750250275045516,-0.03845158262722301
-0.8200736559287067,-0.14247950979855514
-0.6324647157555137,0.1358855949560896
-0.5973997072899204,0.26033107295224656
-0.7892212620786881,-0.09019134719004797
-0.6325600503311564,0.22101804548086462
-0.80498497035432,-0.20822389645966485
-0.6356702225088825,0.22545102510692455
-0.6989912198241865,0.18391734009392346
-0.6227855132332788,0.3015005302642911
-0.7645622654499007,-0.028128227499547118
-0.6074748518067545,0.2453899831727162
-0.7348031209092714,-0.028952725302665263
-0.7592592320060428,0.053363568415877735
-0.6749519178732667,0.14167192484602323
-0.7424204756762431,0.05048150151030431
-0.668196006665442,0.18253988443106267
-0.645893133091579,0.18843473839237324
-0.743843591551053,0.10564838539981185
-0.6951289957410633,0.08314943009115768
-0.7502161534126707,-0.15591924939405444
-0.615561285847941,0.2620361226255607
-0.6933958092514341,0.1221066272847573
-0.6426660329997809,0.2044488508327601
-0.6903520840186026,0.11551790530927403
-0.7223819547757734,0.036883407068011055
-0.7164614312132531,0.061117217050164166
-0.6594350135965366,0.13503096776828033
-0.7646526854317081,-0.016232729460287695
-0.6221784662315608,0.24308451337619397
-0.7026390261763619,0.057842112581415646
-0.5663047349197425,0.27930217540091695
-0.630773205809169,0.22958744996376063
-0.6711430786483653,0.21141294414144082
-0.7215804664426971,0.056323716613790646
-0.6240733178703886,0.24510127473869295
-0.7403442438172054,-0.022840506090346324
-0.6136595787669912,0.3074430738655763
-0.7939513850968417,-0.17679201406158812
-0.7226308082900725,0.047884118694713665
-0.7326500778595484,-0.029374866525630327
-0.7468851746017804,-0.026352430381212304
-0.6129893121442432,0.23943098063440885
-0.6972089623409694,0.004237529380855753
-0.6938630141220552,0.06574496035605154
-0.7801435938383848,0.006824757870409337
-0.7773600497155975,-0.2566866574456207
-0.7807274837708131,-0.1445401851899997
-0.7780629446138144,-0.009243575503009442
-0.6776016067111075,0.11803274469354197
-0.7540210564380941,0.03772563819495961
-0.6479470210560131,0.21216914063424117
-0.6795489417091884,0.08916544136580258
-0.7469341247298988,-0.06054567743134793
-0.7453242032250355,-0.07002248248147497
-0.7500409106010895,0.0395387985796098
-0.7497675779257069,-0.041273103577372065
-0.6052876776414413,0.23185849985353565
-0.7072471577279574,0.12253574955424804
-0.5791661104891853,0.2946403008074502
-0.7599347119589257,-0.06120272440760176
-0.6048862469500151,0.3134779828336321
-0.6767027601594233,0.20827288604544797
-0.7407513283380729,0.031438913308526904
-0.6212650997495597,0.20600732705555716
-0.7272390545195799,0.01854872373424081
-0.5705420780058599,0.28878916962926315
-0.6853474859293481,0.1260091548321283
-0.7000471904603796,0.12948425927597923
-0.7746083295389393,-0.01371259177919708
-0.7638453078393986,-0.06894868061988015
-0.756254276893173,-0.004975126893297988
-0.7945275293670353,-0.06715927994669575
-0.7351081271776867,0.12523872300392755
-0.7660325275142857,-0.06943802862971325
-0.771432038248643,-0.15213909010020896
-0.66817984516522,0.1762322348722078
-0.7780482484872597,-0.18259069238010978
-0.6169789623441447,0.2731237673401853
-0.6525100806990646,0.15744502718449366
-0.625960427678106,0.2171043584922101
-0.663000201680519,0.19019913803929836
-0.6029372558351674,0.3022160357022844
-0.62085100630597,0.2746326699785746
-0.6404261393526052,0.2173138245879994
-0.6446483401543671,0.2085731994714936
-0.6261747686438537,0.2692096808143881
-0.7015587884053154,0.10173628803902192
-0.6925882911307656,0.18421197694823274
-0.779286684490768,-0.03889909328852579
-0.6932772680152482,0.07462892133134193
-0.7344428845965696,0.16207715364560374
-0.757058084901961,-0.0022415339440004724
-0.7650294919646231,-0.12449323172235441
-0.6740566186939546,0.09399134026834437
-0.7460756642885825,-0.08076785233146377
-0.7740014124799095,-0.18935391052977302
-0.7610232760241127,-0.04574737358160832
-0.705114783548956,0.06337852903396601
-0.774993863560656,-0.09884794456198318
-0.6928803274958862,0.04829054580503972
-0.7354856638656071,-0.025283279944627257
-0.7036075074370938,0.038144900737401746
-0.7664701748589745,-0.0637529774320414
-0.6754966642655765,0.20363965089503216
-0.6978887766183106,0.062081035103108674
-0.6761627871527529,0.18408719477494703
-0.738112610717014,0.010382736519196972
-0.7587039353856606,-0.10897936313864866
-0.7753507471870233,-0.1265110442658546
-0.8053473447381603,-0.12550267238847573
-0.7526460993081374,-0.11458910128764094
-0.8006223884426532,-0.11533992291197499
-0.6238569438074062,0.2225908739776789
-0.7037812512233359,0.08672275713457497
-0.7699508691829472,-0.14148954147316678
-0.7139935749741512,0.011274710422242637
-0.7057015062624429,0.04043128096792943
-0.7553564670968461,-0.0071526779835446785
-0.7412989067406829,-0.0058733418872851
-0.7028915579846969,0.1361337892030563
-0.7949709848184732,-0.060674052493372925
-0.7902888074369346,0.013273773879059522
-0.735152630564811,0.09055986214703285
-0.6631065833535522,0.17933173622325188
-0.7070652890811475,0.028624697394323915
-0.7552374478018736,-0.10795247985925502
-0.7407906862680151,-0.01675622905268807
-0.7283958648977216,0.02003189567559294
-0.6976139035598414,0.08478547322662304
-0.6121458211836389,0.21355375943560903
-0.6942269809613173,0.22331454360100894
-0.7488006131253638,0.004159692567065613
-0.7152485690390621,0.09222509549599817
-0.7235193884427685,0.10052977556915607
-0.6060357812625782,0.31111164060668806
-0.6921305108026702,0.15355894683102744
-0.7596104578910332,0.04855087684271166
-0.6575110021122369,0.2201321609410655
-0.7494528472611741,-0.09027510515207351
-0.7302659456567193,0.07742491194757914
-0.7791286230730123,-0.04709626236921631
-0.6554105027684346,0.1315757812105654
-0.7669144297125878,-0.09839964923833856
-0.7590127979340522,0.0077521206235112135
-0.73119472259201,0.03449632575162391
-0.6493015909749127,0.22592875686817446
-0.7248953024582989,0.04527056853244905
-0.7606523708710429,-0.05609260320827901
-0.7178959586482305,0.04378232109336895
-0.7176822186991474,0.07720699156989982
-0.7694552358933427,-0.08390032625424768
-0.702865615616251,0.16948660491450787
-0.7536679525626647,-0.028325679893316538
-0.6262781974210997,0.2534754441818426
-0.6969027366289388,0.0935264414513826
-0.6463418594390211,0.2316109095041926
-0.7376188546579557,0.03256552684550426
-0.6472245786398128,0.171591321564691
-0.6902666989596032,0.07165671791337404
-0.730110141656215,0.008031902619928265
-0.7012700129191822,0.15087202060786137
-0.7009281017194349,0.12190522436186885
-0.7587059936732242,0.05347675609008581
-0.7747759119666913,-0.08926984151415047
-0.7098617648094784,0.11489390076554534
-0.7539794782073629,-0.04864840607775505
-0.633301135317884,0.2690818042692118
-0.72130899480489,-0.003721628477947164
-0.642830688818948,0.21696941207547266
-0.7513440233898983,0.019367317362722954
-0.7753521521484568,-0.12148565484481942
-0.6258189505617225,0.2584502511992017
-0.6765362232114257,0.17787294944509227
-0.6682101593315407,0.22040581821794225
-0.7944363005598197,-0.07470214525076456
-0.7609038830201158,-0.012353953250217256
-0.6292891264763085,0.19855024260077173
-0.709829437496077,0.10080946076095751
-0.7675293890335781,-0.017594242066276262
-0.759534298064917,-0.008646291954397605
-0.649352858633397,0.2732592967989659
-0.6884365761465177,0.15467373954071226
-0.63065344448071,0.20637594576483653
-0.6943685203278163,0.10528496120223639
-0.6716798755180484,0.10899771272487026
-0.6863556406976186,0.07449017161238336
-0.7261964454551946,0.08674428159132755
-0.7870581969416865,-0.04197896429519212
-0.7703184416320604,-0.08727218698989418
-0.6535030810667634,0.18523915183906242
-0.6745960983328733,0.19099149588091643
-0.7411906806080489,0.0489209585375869
-0.7319550235059513,0.13118502891013312
-0.6776962530995727,0.09828616703886292
-0.7003143190934099,0.14162891537917735
-0.7249188173782078,0.09040177019292665
-0.750936977210291,-0.010686854898832079
-0.7683030514953416,-0.1091584625174014
-0.6135127120442876,0.22807214384044083
-0.7352588537900232,0.07872716381282072
-0.7197080785689152,-0.024777795634453405
-0.7704955995014237,-0.14325895251653356
-0.7087654115439206,0.005131685619567363
-0.7348091019305676,0.09667743473797982
-0.7675521309590223,0.008432452405432675
-0.646611318113395,0.2393722667140262
-0.6490112667332637,0.21697512715703443
-0.6603988772142292,0.20222428629121508
-0.6323562732388976,0.15262940748132992
-0.738616291404682,0.03751042829947561
-0.6842655424415914,0.12942995253986742
-0.7055907107620595,0.07739562094548887
-0.7900123066403715,-0.11783684664447773
-0.7030578248551267,0.10003778414909997
-0.7381558754088688,-0.03255464416162112
-0.74669647094116,-0.013577736549076342
-0.7121359517259657,0.14359537171569128
-0.7294118349389795,0.03933172091695706
-0.688883233152727,0.15194070302860188
-0.6774550787407025,0.13871554774843134
-0.7212128821026736,0.06310351046718819
-0.7576471181844795,0.012069427867836225
-0.6871949089714925,0.16072810672809631
-0.6914997969551806,0.13718202142036745
-0.7536132039809694,0.007166760104763009
-0.7644980457423152,0.0018237415920702776
-0.6393618403372325,0.20225146768154995
-0.6877288604716819,0.19011129309682961
-0.661700335709702,0.18520156326553647
-0.725671038847109,-0.034415539234614566
-0.631812070922948,0.28380008029026027
-0.7559502281445547,-0.10305618367118477
-0.7048838545457191,0.10957922799896647
-0.7578730417007227,-0.046022665405502976
-0.6793241582939616,0.16192637788504666
-0.7640835661479436,-0.024897593163579135
-0.7430822873895558,0.06562247617968758
-0.6572828902051505,0.21430050618022706
-0.6845966137828449,0.17855718941181628
-0.6824713338181563,0.08256819747133151
-0.7129185406789907,0.10042294649597577
-0.7130156968944126,0.011337298668818429
-0.6984590527614339,0.12749565178425776
-0.6808160275008008,0.09878048081503088
-0.8020913742264807,-0.10266280837667033
-0.6554769282505938,0.21177575645795207
-0.6511781472234621,0.15404202172696224
-0.6938450716280495,0.17323491800544744
-0.7106291586759659,-0.018190237458668004
-0.7314394528998011,0.0756877536825935
-0.6330185740496829,0.2501775671663002
-0.7609203725052227,-0.0313481116531604
-0.6842946998839083,0.08522326024676508
-0.6668768253602901,0.17076334407372923
-0.7538421432039384,-0.06272298353592294
-0.6385476592749201,0.1712366493622091
-0.6134376250039432,0.24480785753271522
-0.6942521385611811,0.08885416818741688
-0.7322560855618757,0.08573123952374673
-0.7839225932990702,-0.14806874085308894
-0.6740091805092631,0.194711511348279
-0.7501711059423704,0.054642618808917576
-0.7144686383834956,0.15826755821822971
-0.7447191879385171,0.037947500483260094
-0.6763611112836304,0.11265171711617525
-0.7740621320178075,-0.052468255756193155
-0.7404700542155644,0.05170922747200305
-0.7139680709519307,0.10092233928192886
-0.7229458984274078,0.046615457736405075
-0.7068986357694277,0.11323163338994033
-0.6311743283474927,0.22986787968471947
-0.683246559450552,0.18698557674815847
-0.6538959897084197,0.16973647069511733
-0.7234412395151977,0.09408333764745822
-0.7748370135103003,-0.0926488329240343
-0.7367703754060797,-0.03127190379590524
-0.7613131050288091,-0.008431698612033144
-0.7535745719851645,0.03167526559536057
-0.6873255945558967,0.12351920004967443
-0.743887859615733,-0.1494846874705794
-0.7197013496081205,0.07559705271704949
-0.7140758402778451,0.09177086667183099
-0.7192030750294223,0.03853136102841141
-0.6383380329706677,0.19396499697595146
-0.7297081132102059,0.09859633872331758
-0.6556057186783616,0.24027560527635508
-0.7534180243694817,0.018807912796962162
-0.6863617085369806,0.11672426113764667
-0.6327008437877347,0.22480119510532523
-0.6812231320484198,0.1838841539293251
-0.7151801969240748,0.10065617923630381
-0.7088066554734679,0.10082226782435752
-0.7467336868946507,-0.05814005294687144
-0.6970693829309871,0.12575587080152717
-0.7653411836374946,-0.04479690380671638
-0.7035429058787053,0.07874054744201277
-0.7681487741344559,-0.08690628310179263
-0.6825877301912383,0.16849395445266246
-0.7640888533463017,-0.07576062849600546
-0.7395469920029764,0.019408065739298905
-0.6832608705741224,0.13510217158273347
-0.6358219832679504,0.22458238979137582
-0.7427628587983598,0.0707124071682196
-0.6787764777166247,0.13183705982797292
-0.727032528650144,0.08008397182092328
-0.696438114961758,0.2023888421541214
-0.7605144618650608,-0.005916348393453944
-0.7367475637520943,0.025043921303924018
-0.7152071319810163,0.1263510503539272
-0.7117607803851836,0.05306131058794196
-0.7633860038897502,-0.10721099081878685
-0.6391207427223311,0.23762300292829092
-0.7631124926765426,0.018551238797532846
-0.6797263469102929,0.17463081628135854
-0.6945973582289279,0.14488762325308513
-0.6492865330224826,0.21245424913640898
-0.7125235549328137,0.06178440467614905
-0.6928991936067818,0.12137090069742369
-0.72505628562641,0.0400571799808928
-0.698415455436746,0.16427120323718375
-0.7156239835987575,0.11312196164324533
-0.6347978116123245,0.2616683552767416
-0.6941165877838618,0.1775781386007498
-0.7154328083770226,0.08247743894124104
-0.7249091592154738,0.0681776564131962
-0.7496154366723563,-0.035830407008450284
-0.658312898421766,0.15632739160008796
-0.7641129207559043,-0.03592339293416988
-0.6821682116681371,0.12482427056530662
-0.6920836263756472,0.1434879796133741
-0.6246054877452287,0.22656580352706693
-0.6728386507896137,0.17180427695351572
-0.7200984119851651,0.03877886031710252
-0.6813507975213029,0.10544637874721156
-0.7092178614279413,0.028062366653449553
-0.7607945794021709,0.012237816815730823
-0.7761893887905363,-0.07983940832509494
-0.6767953615660796,0.10015478439382941
-0.7202609048864712,0.039443134321518976
-0.7218810529806515,0.04104867607394692
-0.7018795297297697,-0.004766222940469934
-0.6747008720668358,0.1675836759981434
-0.6876997746356556,0.15717029208616284
-0.6850937035441054,0.09678301929705567
-0.6073887742762837,0.21427888387994326
-0.7051041058983735,0.041001591522537954
-0.7082562800313102,0.026981820781478327
-0.7578189385336179,0.017574985449552286
-0.6362956102105033,0.27182840802639086
-0.6764096653372258,0.16966801020076888
-0.7058658236044693,0.1669915652742898
-0.7484490842930509,0.008715282433859592
-0.7193388713816341,0.07465414671657254
-0.7236374698724244,0.12418344200723613
-0.708880402023298,0.06068984795533932
-0.711277120151873,0.11712175461230383
-0.6946228134234668,0.18661627167255765
-0.7077309392914907,0.10231064675923819
-0.6960374025268313,0.09893795786401201
-0.6971684191089059,0.09559423701484636
-0.7006483658397621,0.1684501328714628
-0.7355887946651455,0.07383787326203625
-0.768323664331519,0.002415153181532469
-0.7007400866071651,0.10902905451215064
-0.6285433715083245,0.2019763347954299
-0.6784178725019623,0.1919606004282725
-0.6827570681285403,0.142349044477105
-0.6412948971150466,0.19679668416192467
-0.6696864989769893,0.156046452461754
-0.6582725296242193,0.21416882748921443
-0.672806509017566,0.16447656713352485
-0.7368526458726221,0.062035538295875915
-0.6902084018449681,0.0915872376901528
-0.6653210715537987,0.14563754147615343
-0.68923826365324,0.06748092606834698
-0.7079864540029629,0.17318618980217362
-0.6418858512966569,0.20587168370147357
-0.7595058805909485,-0.09409505912034727
-0.7619954550936497,0.058418768966734494
-0.7114478743664473,0.15391360094472614
-0.6986910676457663,0.12593519297957462
-0.6746238983487094,0.13422608645873477
-0.714090971153731,0.10239285560600817
-0.6431243191376859,0.15270746977307992
-0.7180846929034189,0.09783840191969129
-0.7285525463879272,0.05892934778802766
-0.7559611653874105,-0.0008342045976710146
-0.7358773006738116,0.102982546738793
-0.7137349847962898,0.1082062799813621
-0.7092053322610913,0.08189592919920131
-0.6871878059175713,0.16307216264163732
-0.692890709852996,0.1260705858265459
-0.7235380277449989,0.1609035583944614
-0.7586070024683275,-0.018199734652110278
-0.678896513068409,0.1563178251834684
-0.6810756350805497,0.18419162047717696
-0.7411853365390848,0.0035621107501130713
-0.7813650874980921,-0.013198290399096868
-0.7251615023135936,0.04924538385866728
-0.6793812246408205,0.16249752753548385
-0.6726359285084748,0.20197956384482568
-0.6982495257360135,0.1683034718263993
-0.6998716068595852,0.06541543481956784
-0.6561916388471535,0.13583051305454094
-0.6183127603368098,0.23385154744803802
-0.7525438984537886,0.031278166249941924
-0.7563282451947141,0.06386574441835054
-0.683438827204447,0.1964129176610558
-0.7358182786624766,0.0371772999423383
-0.7193156491270979,0.03353672367356256
-0.7064428687215917,0.1478314661591589
-0.7369475340504617,0.018201940457539194
-0.7221625940593064,0.08974983931585669
-0.7634698598832981,0.0005702119253649456
-0.6519897792952977,0.1926736433643007
-0.73014263865823,0.11243912190587715
-0.7610427301998843,-0.07040026957088924
-0.7081148208027579,0.07951226242710879
-0.6446770567598605,0.1455188442413795
-0.7139868436533119,0.0801589536929658
-0.7177200680920343,0.005327275862539472
-0.6648259974853525,0.12660759090396245
-0.6712630785807955,0.1623001949517657
-0.6280982044695314,0.17945635460249304
-0.6954789869197623,0.10424115877986147
-0.7404633305070819,-0.01936286809011443
-0.712542075851442,0.1476958297897819
-0.674850506599197,0.18777190108673844
-0.6834981387911608,0.13329566551365174
-0.6909881428472816,0.09420487060322724
-0.7283245030595757,0.05733286207967549
-0.7053978930580026,0.08967202152892197
-0.7173326857668044,0.11540685349517253
-0.6572818675914135,0.1874384420436439
-0.7528506104359288,0.03817526407619927
-0.6805899186028126,0.12954371344139515
-0.7251954822130187,0.09990881171610104
-0.7080847248488196,0.1603279151834304
-0.686802858456672,0.14426274618730728
-0.7568588063372998,0.0013562078271087367
-0.6854135449861344,0.16599379424257724
-0.6755525582980046,0.22786657727160292
-0.7187720110002314,0.02765743392907982
-0.7754670361402497,-0.08470154797191026
-0.738384733047911,0.012646677140978006
-0.7134785508723692,0.09377881009570295
-0.6264635272417118,0.21209735551259817
-0.724139485843767,0.00156148051638335
-0.7042904831193316,0.0989222776286636
-0.7657973361989082,-0.0007442448402198918
-0.7204540894242374,0.10528014534576834
-0.7651322756903985,-0.05228543119764757
-0.6747538436419834,0.14428886716787115
-0.7117062164623168,0.08084292314020872
-0.6855871160895646,0.11539341782475156
-0.7317284079773705,0.0561952401816277
-0.75543213684589,-0.05553212323848221
-0.7256627228418634,-0.03025490615048397
-0.7028657814749285,0.12383297944695858
-0.7505444378689299,0.028296518963308485
-0.7394673542073008,-0.03830192352666744
-0.670640406014461,0.2196836397354984
-0.6964885155746027,0.14657577492459833
-0.7715277457262588,-0.06495608203675333
-0.6812598530944152,0.2044838799249326
-0.744081505978478,-0.08077055126180063
-0.7434717619254722,0.09569286236527522
-0.731718416865352,0.06611218725751027
-0.6377700821649708,0.2622902377895105
-0.7158987085548509,0.027140718248170426
-0.6592270074747053,0.22914806505643984
-0.7107394785457399,0.10019941008415026
-0.677506518965013,0.1495256124224869
-0.6677041533122906,0.18481978401972257
-0.7363380824977995,0.11739762714497176
-0.666214253913689,0.17263614332550098
-0.7408014653952815,0.011733418344747044
-0.6780408763535952,0.1411710003520362
-0.6830059798285776,0.12143800269078653
-0.6778847526693503,0.14297801453933273
-0.6556350477797636,0.20322435735636313
-0.6721782667455616,0.13485633787440898
-0.7147114010855701,0.079160485305279
-0.730656784342855,0.047887157723446955
-0.7396120049936418,0.0826553190745671
-0.6804880098577885,0.11676550022403301
-0.6843680741817001,0.14229787615299797
-0.6938870987159321,0.14883301587149395
-0.7488897043347682,-0.03490646053915481
-0.6903289023219616,0.1502071740904047
-0.6593468120434401,0.14229300781543788
-0.6917341061967318,0.13110433717313505
-0.7118540406258019,0.13871785024998104
-0.7089360958088415,0.12173595807605678
-0.6890073906616503,0.17793053507560996
-0.7204626315957497,0.04756339866266277
-0.6792140069805301,0.08857834969249322
-0.6539168771106012,0.17261410653484555
-0.6638447325735906,0.18509932275203062
-0.7274206313263581,0.0895445458422059
-0.6857299308459283,0.17229758120237434
-0.7249772076315333,0.12937754632410575
-0.7653144996502592,0.05162443150294061
-0.7322690079066602,0.01579271319806153
-0.6792879230005645,0.1690073513094777
-0.6938598471857671,0.13007382895862074
-0.7626269908579459,-0.06585050047464697
-0.684685936243486,0.12136514648846553
-0.6820284223052094,0.1727818946227771
-0.7496195004650874,-0.001958788301853192
-0.7407310660482198,0.018052509319177665
-0.7234191031330336,0.04288615241075156
-0.7265505500528557,0.05376145910879525
-0.6982467027644265,0.06390666422156052
-0.7478211379617382,0.05197450658275681
-0.7227848217104417,0.01753917883551423
-0.6771539391025421,0.17857189129434442
-0.6991882583301452,0.15512610583124337
-0.672745781222891,0.18734402451454463
-0.7632840240197467,-0.03240348923148087
-0.7322469690046759,0.08310722617037558
-0.6839760824772859,0.15362742302042212
-0.6846440997897103,0.17767653528307922
-0.6541657692980846,0.169591684151634
-0.6787247560971615,0.14645680078806458
-0.7114288827971038,0.1270687184477206
-0.6702812585249877,0.16669847040780436
-0.7289262120851928,0.023097468671375968
-0.7172075218258865,0.09547986594160741
-0.7255805469954876,0.09867934957950039
-0.6465637884908878,0.22408697408705322
-0.7117072577954909,0.12008693713803423
-0.7177037328472069,0.058235421647477706
-0.6934245755215578,0.08275797100149616
-0.7153051298691506,0.08953867553527049
-0.7059874528846828,0.06034363153396449
-0.7222754389428386,0.10286045323306417
-0.7025678471176852,0.12438897090572087
-0.6652982531874587,0.16493441015369817
-0.7025706621624904,0.09509671352771172
-0.6881224452747475,0.10915229413602866
-0.6981747698051239,0.060720978687718426
-0.6767556625109286,0.1675364108325909
-0.7204454302462017,0.09989424719122424
-0.6805140680890618,0.15139853730091898
-0.7166451954827375,-0.0050763900376961145
-0.7110960567794493,0.09891109979437554
-0.6453237849805948,0.18249060390940253
-0.72839028865272,0.06992816468407984
-0.7070885062945965,0.03583212459739512
-0.7319321877351225,0.08668860254150956
-0.6572469076608511,0.21435225377773498
-0.697381762624514,0.16304576641587956
-0.7132195347580177,0.11407938540172871
-0.6735795131688955,0.11830254422997544
-0.6348845947507562,0.23133981494841763
-0.6846301882903523,0.16024387752585606
-0.6920527447658228,0.17224649923516527
-0.6754483381656604,0.1972037887760697
-0.691768668963708,0.07636067530141483
-0.7431330003162679,-0.006766138367731246
-0.6929288141650588,0.16611761427840388
-0.6872862741782458,0.16479000410025177
-0.7162825644095173,0.13333269954102375
-0.7347195316889762,-0.05367054811069301
-0.692469494170081,0.13679690838710307
-0.6712027658065096,0.14459887601826776
-0.7120900756186135,0.09186565246107482
-0.7259924915361984,0.005882882251047691
-0.7082322971169865,0.08049531356988308
-0.6919847823350274,0.14359838723694934
-0.7359686499557416,0.06885086503764454
-0.7621759219955704,-0.03752140385337156
-0.7516305625078125,-0.017996379703470317
-0.6730654457936676,0.19006787589982302
-0.7281637206989018,0.03201563477282573
-0.6871441813051307,0.12946098821787894
-0.6514605241839231,0.2056923553722286
-0.748761193610925,-0.07771375263694634
-0.6886688549744201,0.09287688512886874
-0.7469450006673684,0.034760945313499256
-0.7100549302929575,0.17466938142424324
-0.7215224655516179,-0.013138413437268768
-0.690948743675006,0.15926766168326478
-0.6985649082200782,0.0672673855407033
-0.7443104222384109,-0.000008704121834036303
-0.7353904718228785,0.06986456726529823
-0.7371336781623791,0.13559816250692483
-0.7448951889143778,-0.037040684174643373
-0.6565063454282094,0.1885711775249577
-0.7281055393270144,0.07445653542807588
-0.7515109121572661,0.036829180356059976
-0.711717119915457,0.061445119636689485
-0.7094582483473703,0.005276257776708993
-0.6987320370623938,0.20319272282381462
-0.6844862527357146,0.15979290415183356
-0.7502148463833429,0.030138584995430262
-0.6879146304715601,0.1597309661851217
-0.6447279909517767,0.19444391944968223
-0.7451405164905334,-0.0205499555625022
-0.724213606093642,0.07775730531080399
-0.7154083412100939,0.06938158357076664
-0.6944192190848016,0.11642366537327561
-0.713207864046188,0.11302316654151985
-0.7221319864387964,0.1316098738669541
-0.6607544161540526,0.20438166433851743
-0.6687542691241687,0.148396005606656
-0.7178502100863614,-0.00023540069811853483
-0.6792320477788879,0.23095202356023575
-0.7155370791800117,0.03449195651522891
-0.6943922335151052,0.13312625998652833
-0.7574965490049741,-0.03450199470317072
-0.6604141452475311,0.2057636912705871
-0.6866200363247459,0.19953010989982817
-0.6907115706845546,0.12075281295461614
-0.7598975444250007,0.01204123869585135
-0.7168881250124172,0.159542696337187
-0.6965971123242223,0.1482112915127916
-0.7363717493458741,0.08572050054402616
-0.7463626256312881,0.05572778022940703
-0.7105108069029767,0.09777119455781008
-0.67399772232249,0.12884993835931577
-0.7388821413040797,0.025847054915453548
-0.7561684724628296,-0.03355713662880156
-0.6589687648206318,0.17078577186571756
-0.7444677541119177,-0.006733014801001496
-0.668065440563352,0.13103293504750196
-0.7164718783481375,0.03879204242342418
-0.7288094344891721,0.06833715645337829
-0.6699207896982989,0.1280789114306521
-0.7688990989619047,-0.03822892877874343
-0.7047564594436696,0.13265962568383918
-0.6682153869519629,0.15126723548839874
-0.7106651112014823,0.07531046085035377
-0.7261751508169942,0.09640604821708583
-0.7261147737056175,0.06823334868427715
-0.7466308470850787,0.07210826890565487
-0.6907676042615044,0.13964225668696434
-0.7731068773587949,-0.042359340157441326
-0.7408474533223852,-0.0023868526303806826
-0.753704005183419,-0.07021277493510791
-0.7280358052508324,0.09979968138036709
-0.7454099943947075,0.06206644684940572
-0.6769536217696219,0.10281553942461207
-0.7206913906697614,0.09092650927559132
-0.7391885504568466,0.043968813236301606
-0.6754359533707892,0.10441459581200305
-0.6654883475890515,0.17672022836856455
-0.7069070267186588,0.09877067692148281
-0.6826897231982055,0.12404570145286434
-0.6908459373735725,0.11422058594412304
-0.6788098538968327,0.15154742239913552
-0.7295180725826312,-0.02110670681879684
-0.7514800245205383,0.04123099779690565
-0.7004123295671123,0.12302854575966492
-0.6908320617692045,0.16302473909438472
-0.7458423082726399,0.0801186823831986
-0.6832287797657755,0.14035769825135963
-0.6939109974137365,0.14645311248823176
-0.7198237284822947,0.06683825986573994
-0.7116153660985272,0.051685783838649114
-0.6962282251616189,0.14126953194604233
-0.7072010921998229,0.0830578806017166
-0.7123365318772428,0.11312164188066097
-0.7420897130487956,0.0732652337481509
-0.7113317363064864,0.04260285998660603
-0.6947077996037458,0.07580218980938241
-0.6583767599649455,0.13860349403794017
-0.7418297878471283,0.038560556202586395
-0.7698258978603526,-0.023317020866045004
-0.6928428310569752,0.09338815330400597
-0.6790523237802697,0.0884841609606192
-0.7624769736818464,0.014436885432020203
-0.6896508388822936,0.09455197870310428
-0.7162525402032283,0.1355378017880311
-0.698793383849295,0.06890006144964986
-0.6566541568734886,0.20740383269663767
-0.7384822448379005,0.05624496529113375
-0.711745351220209,0.11837137588321058
-0.6821316600873848,0.1667267662600775
-0.7097334846294605,0.09010479073256182
-0.69951130628025,0.15426705529745477
-0.7113022903169063,0.09249046624872793
-0.728412672399915,0.025052464763349522
-0.7005285183594001,0.09464916244290965
-0.7449559157316085,0.03171515304991448
-0.68104032229646,0.1390706739396063
-0.7129809843108644,0.11650309735627298
-0.7080189318109189,0.05873326778309538
-0.7117260649489088,0.16352696281583518
-0.7310788148365596,0.08969821134028003
-0.6625549203560249,0.14900055375579135
-0.7073162170146989,0.05201672988723237
-0.7073024084425543,0.09464170344592698
-0.6984984126264235,0.13481052773397792
-0.7362568511203587,0.07587850654189583
-0.7522798249227014,-0.004452272338644028
-0.7094062605501559,0.04393335253722925
-0.7209063115445133,0.09321317419498763
-0.7203424429229023,0.09649386011948437
-0.7184791881558477,-0.03592759572160603
-0.7069773220206199,0.06425143677409809
-0.7267574770905743,0.07758414862851146
-0.7126363252895309,0.08767616198781046
-0.7229045844440631,0.08301415110716219
-0.7455781854378606,0.05030470927319271
-0.6625443509802454,0.17621695335472748
-0.64818665757087,0.22912615422752836
-0.7207373982584373,0.06776958792160913
-0.7410250290977879,0.04794558646416368
-0.7152089429815768,0.14949062791647574
-0.7087716574799214,0.08756473655077465
-0.7250081643201193,0.07485110930816666
-0.7141869987771263,0.11379064287919857
-0.6818598218437242,0.11351940668294651
-0.7324242926135468,0.07289044492089655
-0.7144053529305764,0.10779585314808598
-0.7034548931786039,0.06169204776060503
-0.6738015358483925,0.16822434519988422
-0.7253712332848297,0.04441925203440559
-0.7310928737716699,0.10040202727316051
-0.7098808653525238,0.08403492546808619
-0.7151402681101073,0.06774588691712198
-0.7404229060580165,0.04148799706168943
-0.6660965406572705,0.1752117138923767
-0.712852577613077,0.10646057532813029
-0.7090206259967727,0.11260555617050359
-0.6507186730176476,0.1882152239547087
-0.6653298812634673,0.15523688578532172
-0.7546807516800795,-0.09009710958414904
-0.6806900331299675,0.13447372969984858
-0.708151149163571,0.028485623291635825
-0.7175220772749532,0.06429446004299008
-0.6962196390681321,0.09967086790709657
-0.6354540619233751,0.18704433744143292
-0.7014702628172333,0.11162516326680297
-0.6717215482703041,0.18119238977686886
-0.6886276879058394,0.1384567297901087
-0.7202320923272792,0.08325054853517926
-0.7376846302285092,-0.008566788306138641
-0.7282364351950165,0.02166494234543334
-0.7192617559616402,0.12771697523067865
-0.7549464448809128,0.05396991672729264
-0.6917424230723112,0.14941728974834206
-0.6575595114247863,0.2007144352032202
-0.7206368008924573,0.034658087474295385
-0.7468119708632995,0.09786632167814452
-0.719517185345527,0.06518435284658348
-0.7284105070938416,0.09286853254632839
-0.7100496415700844,0.16394773501110008
-0.6842339627711326,0.12604817642870142
-0.6905914365307846,0.1971669508067587
-0.691787709540574,0.10697244697700146
-0.6667461142403218,0.13480359138397066
-0.7231427046139455,0.017848405037628436
-0.7519564080313196,0.028153104954180466
-0.7042289387152314,0.14750740105221244
-0.6769266277129685,0.1650598442025627
-0.7115358374551561,0.1473285623363765
-0.6871859172309391,0.13715446866154077
-0.7637929295700546,-0.012104075920560313
-0.6840175124518142,0.12715539241914767
-0.640965523375102,0.14685570145568436
-0.719438754582201,0.11357052046437129
-0.7608007864220054,-0.00021868480982547176
-0.7023883964377112,0.04728122825041151
-0.6816522630270433,0.13572163979845547
-0.7419299149444518,0.05889326771614962
-0.6538748203925423,0.16436367255860684
-0.7165531270119394,0.025796854755354807
-0.751284872864392,-0.03224229778334154
-0.7171060474522518,0.034990468585997525
-0.7183616536929835,0.06158933180508649
-0.6965448353679421,0.1200176709485707
-0.7100298996020997,0.0036454690184275092
-0.6667635581257279,0.11896229426781833
-0.729714579337303,0.055372849626543756
-0.7109829316035265,0.11650200723274978
-0.719317461948764,0.0374336732177049
-0.7239389506032006,0.08256057919172893
-0.6614971803842682,0.13809043643071597
-0.7242791927165985,-0.015972801394885414
-0.6960523853913507,0.16354089275989558
-0.69281133513621,0.07902287931894404
-0.6893435576121216,0.10173500603188404
-0.7151744221225618,0.06036741786138524
-0.7324039072200859,0.007616464587479901
-0.6997470896598084,0.11940222092100981
-0.6317193728838315,0.1664312293060521
-0.7095096416838139,0.08985844149010414
-0.7022442944871482,0.08577517576341805
-0.7097251638717474,0.0860392682386685
-0.6558870260924462,0.16863836019588144
-0.7245220408057305,0.02963874320403665
-0.7065040346033378,0.0898584679662231
-0.7241218478960927,0.10530168580645496
-0.7176153316269844,0.09829148877420535
-0.7443586068181222,0.049489371147851596
-0.6727068406609119,0.1716359433154167
-0.7526089718402581,-0.006365522104950719
-0.6498299823550541,0.20819314172031528
-0.722847939479487,-0.03809890533591009
-0.6688041561318808,0.14790570985558468
-0.6728147186642143,0.20868394439020105
-0.7512519001189893,0.03434157514787932
-0.6957420397772252,0.08849226000486751
-0.7031170801834771,0.11329164560297736
-0.7076632756126673,0.09310644624031758
-0.6871038108466394,0.07473494331526669
-0.7248642271446635,0.0174935409507827
-0.730096507167711,0.05520731089017762
-0.6516356037985848,0.14964276346577762
-0.6931760510030612,0.098519604017508
-0.753141268456872,-0.022113201403770846
-0.6858557258546801,0.16785597661867535
-0.7135037768837635,0.08276840435669006
-0.7209613230320814,0.10387513483593068
-0.6900880754528635,0.058715046038169044
-0.6871353293048604,0.12320114949997261
-0.6996217645885277,0.07965579775561124
-0.7202917713702395,0.0970428069556539
-0.6962251879023702,0.12006216091176945
-0.730867856633707,0.09588390357677473
-0.6904523113380462,0.0492802042749459
-0.6702008745723217,0.14543005593129987
-0.6927134179447096,0.06061051666341116
-0.7200037079793286,0.05408807607455423
-0.7420227971340763,0.05568197390636405
-0.6865606035107197,0.12868253377759298
-0.7461760075886815,0.09864815323635252
-0.7184302803857614,0.0644676048348359
-0.7292287285163251,0.07339932352648572
-0.7272368514545513,0.060665967976535784
-0.7352662774907125,0.044232821269367555
-0.698444420252502,0.1700376826029802
-0.7114072608327221,0.09379276562100651
-0.72015667132018,0.08687293571505632
-0.6779677986915901,0.1709927727251634
-0.7460212786380147,0.03223192474591685
-0.7479338886582186,0.01075238596901511
-0.7153301531725416,0.050586691987181014
-0.7483313611965542,-0.011654144526917556
-0.7455672997614333,0.07251207778292829
-0.6997339321504741,0.16700470671670384
-0.7173611465622027,0.042587479634436
-0.7086696188003709,0.09715615295884934
-0.6663339987287296,0.15756955524495253
-0.7127527580416927,0.03521404421979239
-0.7268535306742511,0.08959204507482066
-0.6957006392210389,0.1661500660642915
-0.6587488675523903,0.2331703400813693
-0.7293329658167053,0.07337917844857916
-0.6885289583957092,0.16458808924343907
-0.6649208012294953,0.2109713938724471
-0.7249331180863505,0.06770490501242185
-0.7081226796396444,0.09836352900476455
-0.6628829092923378,0.172580396649422
-0.684744471978831,0.1358643808344474
-0.7464187561955513,0.006295833977091855
-0.7048337361231198,0.06975170240018894
-0.6579869358656514,0.1920930979274761
-0.6671835796602111,0.11972635752043863
-0.654715324898771,0.2156977131046532
-0.7038221958424524,0.09926812478474958
-0.6741950182346323,0.13797610803272245
-0.7030100435083901,0.11299565447246697
-0.6780987345764928,0.14968411884481816
-0.6860581082352656,0.09763592127338483
-0.7138298978626137,0.10050681620810686
-0.704157544484463,0.09892819259999668
-0.7370267084290069,-0.0062483899869973745
-0.6927933054703211,0.15163590071214444
-0.7145358487995356,0.0725016998994713
-0.7361032222957534,-0.0021295509672529045
-0.7162624950935129,0.08741319464298809
-0.7095236060340079,0.1710996091876693
-0.6709155887356187,0.15435130034861305
-0.7250515332109991,0.10884031398182861
-0.7173291051958506,0.032567396860916656
-0.7188635487775249,0.03129883576577349
-0.7090646533827151,0.1354083750122309
-0.7352527856465597,0.022302207638104834
-0.7280861476818815,0.06945831771279977
-0.7085355582463755,0.1253370858475334
-0.7523280281531594,-0.006239960328282816
-0.732169933820456,0.015616769884183224
-0.7170855778822339,0.05985405159591552
-0.7368084944386063,0.10738511519970957
-0.7374783481395835,0.11164114729316432
-0.6958120727020419,0.0747364609446494
-0.6822247817380938,0.09125060822110426
-0.6734633056754542,0.1839982634890953
-0.669529254329508,0.11047579048883503
-0.7118222716747739,0.11416881307510732
-0.7322063806106467,0.0910601471803137
-0.6972778335630745,0.1177474653490247
-0.7093966669451655,0.06656790034738244
-0.7385197268327364,0.018299259331247247
-0.6712611404222124,0.1448496431092762
-0.7406674548620154,0.11592749761047193
-0.7243624089159019,0.08508861937359594
-0.7131713158884689,0.06443200911808245
-0.6719867626101337,0.17199811415051391
-0.7070063322907426,0.12406706228304822
-0.7088582518399591,0.028305557255213495
-0.7165563562124407,0.11556822568221932
-0.6819245764028246,0.20786373997600582
-0.7118592254455629,0.11127474980678648
-0.746635286405412,0.030818126703229146
-0.6951081564716781,0.09585222128498146
-0.6972443698390755,0.10988525576525902
-0.7111341916802243,0.12758584610239626
-0.6818460893548036,0.14153988344653617
-0.7412108157706305,-0.02009847473112515
-0.7119974173511487,0.07876700273839496
-0.6808550418318816,0.17005861772573258
-0.702385141918677,0.08385818253573728
-0.7128870477090241,0.15527636232286945
-0.7102020577952866,0.018965038038727136
-0.7078320435451483,0.13427689373503476
-0.7345934631615669,0.007729420154504076
-0.697630514016449,0.13077981723750814
-0.7333711313409778,0.04945916443672915
-0.7021625300915227,0.10541695827659159
-0.7050012631655158,0.18054573723315565
-0.7185449528139709,0.1559474691826586
-0.6794402131706593,0.1349862436993218
-0.7132350522950466,0.07005666391532134
-0.7274540221519267,0.02507410713864509
-0.706760897712763,0.1631569788092925
-0.7340920035833132,0.06616946247846309
-0.672596522089627,0.18423869561273604
-0.7592729109293361,-0.02950534053093637
-0.709426803865459,0.0834990798820479
-0.7190181299784821,0.08652137011153672
-0.6655453149862708,0.16312068907041105
-0.7498823435509633,-0.031093575315930655
-0.7133947651874276,0.14091167607582925
-0.7493672001275035,0.023067198048540034
-0.681802758531018,0.08529407339161733
-0.6982037912936145,0.07071325355982251
-0.7391354681798209,0.06389865586243056
-0.7361204436664075,0.023559094391364135
-0.7113044878381497,0.07437943152529437
-0.7439200650242269,-0.025965680534678973
-0.6732558334756865,0.11094702577798289
-0.6903499024367953,0.08197706524940984
-0.7265730800296673,0.08137376500179605
-0.6946016584884683,0.10649363923862658
-0.6979604291922786,0.13882779250545987
-0.7525840143206789,0.004980496325602614
-0.7573100134260936,-0.02836328579333972
-0.7281739960470125,0.04573092354254521
-0.7236319503897944,0.12502473217723087
-0.7383332917629196,0.03081619228972082
-0.7066166569514987,0.1351095731314242
-0.6948315323484653,0.14995859237708953
-0.6865245499743401,0.1287265615258465
-0.7432326198061613,0.06885362352958004
-0.7336558422212418,0.07763241439641187
-0.7586642467382478,-0.024618118961557856
-0.6831602735326721,0.13422665052621163
-0.6763716051444812,0.14244998368773468
-0.73076492100995,0.08980587961062708
-0.6649264525602064,0.14965615307301477
-0.6926307605328536,0.10529623866770783
-0.7390348522225345,0.02088688497224601
-0.7029996390983324,0.05235560608144514
-0.7283363507194631,0.06678157081581611
-0.723969269489925,0.12072998718513296
-0.7456947517781995,0.04715938990975597
-0.7266671614700447,0.026466423576975106
-0.7246611267834986,0.054779012337049404
-0.6785735414538357,0.10334580845519452
-0.7078422156485942,0.1092876960489782
-0.7265321777940268,0.07787967119348783
-0.7143690217404202,0.14078497893279548
-0.692707132567635,0.17027780435326606
-0.7060635257333653,0.1313806930536559
-0.6873041265750351,0.1397214297398884
-0.6759688493685571,0.14938296580563537
-0.7456912973133873,-0.01719629279048925
-0.7014245977923634,0.07012181396577695
-0.7434811138134569,0.008583879393535896
-0.6732145713207388,0.12907853417714177
-0.6846370787654017,0.09694404032804306
-0.7244113498454446,-0.0225827105600343
-0.7375861422753783,0.04872473929656784
-0.7170288743925834,0.09452740968926554
-0.7320245430292748,0.059085380331863904
-0.6798690003226058,0.15627452045684015
-0.6931659986208574,0.07973475575947922
-0.6972206168335893,0.023411347937710242
-0.6767754174536948,0.14914142065452196
-0.7286149787446874,0.047480329322186446
-0.6775936025715094,0.11097711339137073
-0.7093807905699089,0.06870985617262293
-0.7106102293344578,0.07960709475428875
-0.7067360828681651,0.03203665957345042
-0.7081602952173691,0.10494612496898405
-0.7362275951468032,0.050615229283648436
-0.715792427009363,0.07179801740043935
-0.6834424467685491,0.12490922536268237
-0.7124896491316693,0.09305865345384531
-0.6798206718452818,0.1907639704743596
-0.6944875765285942,0.11515080120756442
-0.6943539967571841,0.09592540062851442
-0.7235559445155516,0.10146939812160718
-0.7020320462551098,0.0800270068200626
-0.7139334851128294,0.13451732381265405
-0.7456854385561402,-0.0022604709404206564
-0.7132444705112932,0.032296899484427856
-0.6969281965577717,0.16560136595886527
-0.7339904404601061,0.015530998874970468
-0.7031801612762859,0.10758932544819035
-0.7229836330872651,0.06621776021645531
-0.7178757112079241,0.04120042000798398
-0.6793341056362329,0.1563915521350888
-0.6820509701912272,0.17197168221190623
-0.6851584987748934,0.1910118986631526
-0.6708681671126697,0.18676636412050898
-0.7398120624792998,0.04144005425650314
-0.7228265354050445,0.12311511057731184
-0.7418025437905261,0.029057023272898247
-0.7048649625332915,0.15671352373113384
-0.7285074008359423,0.06321042966691691
-0.7577197147544656,0.05499835294437473
-0.720511213193064,0.0581281325707369
-0.7531319031022146,0.028390589587554478
-0.7382065918920325,0.05906972595634041
-0.6950048973877938,0.11785867484035369
-0.708482576265857,0.13256869630847723
-0.6856784202425052,0.1330128435238448
-0.71303093620985,0.17000748756560327
-0.716227794302663,0.1273577861717364
-0.7520277678890397,-0.004647259013028928
-0.7690919767831206,-0.011147064692759903
-0.7163814415289294,0.09890327159727663
-0.7392902371052574,0.061079595824333054
-0.7122816410289425,0.07147370868236942
-0.7170460750744508,-0.0022976287700702492
-0.7396608007185907,0.08123415178045507
-0.7308672922104841,0.001454381305413286
-0.722963527850084,0.02768051376561494
-0.7248036922441867,0.10717799375944863
-0.6575817791500547,0.14519643631986168
-0.6970041900835896,0.0585534740049573
-0.7234587369476885,0.009413670647171158
-0.6980509524649889,0.11856374126151588
-0.6921787350097791,0.12363831518250244
-0.6883749855945166,0.13873715235388118
-0.7137036638695682,0.04978011781677667
-0.6924332399043216,0.13031203345889703
-0.6934849448718848,0.12294487829352575
-0.7246888204502535,0.07390859059651822
-0.7303753256209019,0.04463657328651028
-0.7197427474885956,0.07040473488081231
-0.7200384119106364,0.09088242509770206
-0.675294033624976,0.11786018654380491
-0.7104401165732837,0.01544071976932028
-0.7179489779612637,0.14538408093729854
-0.731529355007874,0.019559348858659942
-0.7234403221174996,0.0761612409724129
-0.7434017176925172,0.02629473571785578
-0.725622328956717,0.15011795546198217
-0.6997413388668186,0.15335710051789656
-0.7107422548255243,0.10014001260489161
-0.6901880414464225,0.11611995025845313
-0.7011573682268721,0.04080418952933414
-0.6805200758088956,0.11412888891288399
-0.7412549054835383,0.07047068617043138
-0.7515086406431593,-0.0188777889316542
-0.7126021206192162,0.053993663190200145
-0.7095116005568367,0.15719032701985555
-0.7101001111978936,0.07305594480781076
-0.6867050807351062,0.13656886811196178
-0.7302279456574959,0.04812944929128329
-0.681075861185953,0.17529876431073366
-0.7143729823759047,0.03006637397637052
-0.7235233598136891,0.07611276581238338
-0.7477472435247733,0.011263019835028363
-0.7353997044035325,0.05634816255159515
-0.7132559707057803,0.05686093270026101
-0.6950822698215582,0.10505384975842695
-0.7039814837751781,0.13439054040739434
-0.6670489631366664,0.18442801765886702
-0.7218191378988722,0.01628876110128356
-0.6823371746232912,0.10496542895583476
-0.6843152292743396,0.12067855601927842
-0.7394611552387846,0.03453220026347252
-0.7025760201846162,0.1272160936445928
-0.7084232351841525,0.12347678026919161
-0.680828363755808,0.14494577579647464
-0.7059183353136887,0.14551525526157863
-0.7161026314064238,0.07020670219242289
-0.6924704757821698,0.10467835772911475
-0.7423725603905795,0.0798214796098765
-0.7321384467057641,0.01425143469751927
-0.7669091791998749,0.00013602800766186429
-0.7159749800526346,0.07666604410267938
-0.6823626150559173,0.1577302044075643
-0.6841216005677909,0.13797000552950126
-0.7011065977205367,0.11323078005495378
-0.6799863715645055,0.10827633262842365
-0.6999492568804535,0.16870112329688022
-0.7051412305639393,0.13923761980366237
-0.7423431987705297,0.061557591431759935
-0.7437919303478536,0.03711122978991235
-0.6725898081033546,0.14748693000048002
-0.7244217945839085,0.03302657154337233
-0.7360782757216816,0.045521085844625456
-0.7099659678477368,0.028907299546609283
-0.6940676379371471,0.11992359214435282
-0.7204311525360858,-0.008631439710784804
-0.7165753134065639,0.12132326552745071
-0.7015552755787136,0.15571916990732237
-0.7453641596916327,-0.0173456110102253
-0.697645075227983,0.17027626973531115
-0.6637713718336946,0.20218094246198576
-0.6968129750975185,0.17085935714721273
-0.7308290364211935,0.12319985768912499
-0.6809956513980766,0.1916118884343413
-0.7533142243260256,-0.0067600084889296265
-0.6913138694875381,0.13451235382112736
-0.7157695020983404,0.11022434924108586
-0.7430409583547113,0.04164471658129557
-0.6740878679002743,0.15147393579529767
-0.6997901594345801,0.10601589320329205
-0.7091171401312272,0.009492510814284708
-0.7146263256503393,0.10548839405337394
-0.7449046434364247,-0.04263603537803431
-0.7323923811990839,0.06898225161570122
-0.686650648064826,0.05998248412288999
-0.6890915779391024,0.1250313277621659
-0.7390465374353195,0.02407835472567167
-0.7339923281361429,0.07028809046595615
-0.7270243603638816,0.04225869694127846
-0.6840494554750867,0.19545952358183633
-0.737028252673148,0.020760157079526227
-0.7018381266029435,0.09367352209222785
-0.6982326370147015,0.08915838439641832
-0.711608909470629,0.15520059319182364
-0.7267290714288269,0.035257329402442895
-0.6985056605659498,0.16813415606763468
-0.7436511316234883,0.06176571840507117
-0.6993297669426002,0.11611265695422003
-0.684617163117119,0.17721466732764818
-0.7078375092878297,0.11195480333246387
-0.6704268725040878,0.1447631716335073
-0.7201321809729314,0.06021523982226784
-0.6980977859952439,0.030355199267138668
-0.6887006686525431,0.1677739408808116
-0.7368538526838255,0.057907779618570326
-0.6994690599071012,0.0763578471329585
-0.721203141114298,0.06503684901208451
-0.7233798304636971,0.11364798835872689
-0.7403382149326474,0.009693012087422511
-0.7268659840985744,0.12354315186207325
-0.7123531779716278,0.0011105392223496682
-0.6765359936306493,0.21723687433790578
-0.6555183132987605,0.17455448648132108
-0.6683098544267876,0.15342443578913123
-0.6928589794928471,0.06394662081608198
-0.7479114865476669,0.03951321281766572
-0.7365410236477347,0.004764225815196623
-0.6880815676676066,0.15233895178400425
-0.7136351348549125,0.17078235492979138
-0.7148273817894489,0.12636648497822262
-0.7287291608925003,-0.012622851731491318
-0.7120094626062534,0.15538965910851196
-0.70196054914923,0.14610073368385543
-0.6852371104890507,0.1583024439023069
-0.7331207661233056,0.08843310628923869
-0.7385731321591006,0.08186065920509837
-0.7414349244281424,0.10241941455182828
-0.7419281155993833,-0.0070796869123772935
-0.7358395364980143,0.0340164516854476
-0.6701242589148444,0.19289115198724624
-0.7282863111983774,0.07532178551161554
-0.7275102084460362,0.02388311569372305
-0.7209968149576276,0.10139306139227822
-0.698985138954308,0.1409777779699687
-0.7103415577309636,0.1695889301480828
-0.7090659316950736,0.06292146627333943
-0.709430615195027,0.12575280620906137
-0.7218367866471447,0.004026885190732521
-0.6820927513344432,0.19553827071565308
-0.7292988034794444,0.07654501427178667
-0.7158066137066293,0.025215468236460568
-0.7333621909833239,0.09843074129833627
-0.6753595614905945,0.10938277423570295
-0.7149324502164789,0.046507795651619846
-0.6985721630239883,0.11535920185157542
-0.6896964324210363,0.16663929523404306
-0.7627559294131397,-0.02079329412814638
-0.7296563452733567,0.06859980751836893
-0.7562851773765379,0.0025428456574973965
-0.7136756287566252,0.1301012838887941
-0.7210566281638644,0.05200405871994544
-0.7179905804421637,0.09638485176754015
-0.7551571178440393,0.02512886533782803
-0.7427794827289255,0.10943999890877958
-0.7128176816359653,0.14662898278018158
-0.7000455720951596,0.1183818178753222
-0.7177302950348871,0.1245304731113138
-0.7149561684280238,0.16204083472806555
-0.7588752860033503,0.017871083629206468
-0.6885710249626263,0.1563309148754573
-0.6927873254328312,0.06902033257311686
-0.6762232501732787,0.196493005751414
-0.7038578204360273,0.17565578810939678
-0.7046473112201844,0.012987913364517208
-0.6743138329440262,0.21947073184328209
-0.7301370530367467,0.029920827931569513
-0.7199293739413136,0.006300188632198221
-0.7119247149523288,0.05351183902045173
-0.6976338195491065,0.13610563343161491
-0.7007435279914817,0.11371428179968218
-0.7062607265733666,0.08939026067115341
-0.696930180240953,0.15817739000085512
-0.7415167742861722,0.0909891273614765
-0.6740860840677924,0.11023956470224666
-0.7214366617748244,0.05434329573102429
-0.7270417649608407,0.06196076035471058
-0.6704837438240862,0.1785235727274519
-0.7603262039405304,0.009805128129114837
-0.7044731181334737,0.04388508761219199
-0.7106814399216486,0.11220662925249451
-0.7395437817112516,0.05787889416426352
-0.7349095726648214,0.03589573803284448
-0.7305499896686567,-0.040490504746941824
-0.7198931772603863,0.07722854125509826
-0.7377497788639159,0.0010553975395325875
-0.7199711683183171,0.09013175986051623
-0.6888422169896142,0.12196837531695369
-0.6856074960663181,0.09850452906147107
-0.7071747886456019,0.12031809475015381
-0.7336707651561719,0.10414796929944699
-0.7064525312877526,0.1046682057665321
-0.7326336827352495,0.03396278483241226
-0.7023471640537826,0.06194336569771289
-0.7168514776741758,0.1646874750766135
-0.7433722082394951,0.03843810223832579
-0.7520791558524813,-0.009291852758985138
-0.6733500917219494,0.14468263630402028
-0.738104988264386,0.08543156038424307
-0.6749442568590294,0.13275656294768126
-0.6996661674866456,0.13249781709104103
-0.7361313428508777,-0.012891333418572907
-0.7268394449326001,0.10116788499964599
-0.7130169194641651,0.1279452988353223
-0.7367481536010562,0.11708960807381476
-0.7224915375731089,0.025646096511568746
-0.6841191502879946,0.169316863930016
-0.7211235139047255,0.07526718829820352
-0.6937122007808806,0.15008843481832637
-0.7390408517633655,0.02140083958635652
-0.6977798141477629,0.09106115476409284
-0.6856581987645525,0.18585307422939196
-0.7181110863688522,0.14115485058924426
-0.7369398172198421,0.06612805664547639
-0.6809094888684377,0.1615303693041755
-0.692862357573749,0.13778714931238142
-0.697072804578111,0.05219027647009537
-0.6779945168295549,0.12218312106130456
-0.7062058778535893,0.09998794101098465
-0.6967164134796427,0.13320285194020628
-0.6913009746895243,0.1807330361828981
-0.6618565201516486,0.15239664340083714
-0.7107182436957258,0.1202996020800126
-0.7286859066522808,0.04110654674591038
-0.7339991738212934,0.04113841323870069
-0.7010944155822146,0.07475428211009595
-0.7196738129852425,0.07885972720410642
-0.7062509777664445,0.07536174637282708
-0.7246338083291434,-0.0026661156932571892
-0.7057162846560007,0.07781106493291898
-0.707234881752983,0.028075890818416726
-0.763305996150898,0.0300203027700769
-0.7236644074541907,0.06408472839421452
-0.7130714290377619,0.09401776460179802
-0.7171784697696022,0.11582323733040918
-0.7356654667004866,0.04571627206625293
-0.7276661130965102,0.08950165992299185
-0.7428549681686786,0.05547947535498246
-0.6915052048276121,0.13685338676757278
-0.7264620506071714,0.04024947505967315
-0.7614616346249575,-0.01626980822874275
-0.7482202619530594,-0.022012870496729287
-0.6746482705840827,0.16955221321741598
-0.6958796887798138,0.09699768352384662
-0.7071065418421442,0.07161725972340918
-0.7358570385066351,0.06173475618786943
-0.6853857523309674,0.17011909214211735
-0.7155333915834879,0.043102543612440744
-0.6946178178350391,0.13713884300719972
-0.7199934716320627,0.029230365487193977
-0.685074487781383,0.15617884982970062
-0.699195226953258,0.06570676619554618
-0.7207359651408619,0.06326446498462798
-0.6792711629682793,0.13928637313966716
-0.7138161490850689,0.05828888558620254
-0.6951753276456308,0.13646537593369842
-0.7292989249568399,0.051383919503094434
-0.6836744178991695,0.13431162719137665
-0.7529132239701234,0.045488510002774096
-0.7270314691752201,0.04907184761695371
-0.7147259479127656,0.13629991270422206
-0.7360832737465588,0.053832171389865215
-0.7465612528254728,0.023260494010211595
-0.7510769361015126,0.030274267757390654
-0.7032495458308466,0.13129226785535347
-0.6852817140165881,0.11423956520537835
-0.7235211282465481,0.06473071941703852
-0.7172107357449659,0.13783041807147325
-0.6749672864057369,0.13679634484045206
-0.7102394692881331,0.10909556131725702
-0.719277946668713,0.13609084264577395
-0.7278473816411674,0.056745141969756954
-0.6943974212067807,0.1404269133336442
-0.7040339587015878,0.09451114229474002
-0.7119853406574204,0.13318717652007897
-0.7635131811794834,0.004880685007979521
-0.736191602451219,0.09879898335114333
-0.7155045983653945,0.13339692581161205
-0.7020870543782227,0.14948439224064483
-0.6832945636570397,0.1258254847482723
-0.7217199093001055,0.11707450564232791
-0.6994351926893361,0.05912648647096809
-0.6935543875485775,0.04170245431731289
-0.6728417094547756,0.11570763331938101
-0.6862386199140263,0.1639136655386751
-0.6856578638092036,0.13253206714899934
-0.7121278945430525,0.08851431159172211
-0.7201841453130767,0.053738715875885155
-0.7030978219419984,0.06736690259766098
-0.7095649996928195,0.08009913164684634
-0.7216836847796825,0.04585211945441317
-0.7240559192865421,0.09220688257987796
-0.7106848694759375,0.057390808277747736
-0.683797520704294,0.12484502447549488
-0.6801358023837718,0.13651917195791427
-0.7149289914745787,0.07753081023546948
-0.7459594089626888,-0.004238185321327523
-0.7374325659237686,0.04430647290771214
-0.6968406111245244,0.15249810390381216
-0.6936951817690546,0.09792448837384722
-0.7104412768152017,0.045490430896867474
-0.6980359399860901,0.15750391467139654
-0.6989851540234064,0.0954231721600075
-0.7008530721751398,0.1276282746106048
-0.7118803646610581,0.039043257976484724
-0.7441450967388161,-0.006289703302453958
-0.707159348535072,0.09428730280276024
-0.6886915217810793,0.19178381978904857
-0.6998742278766704,0.10943947482461432
-0.6875654602081576,0.07754835941914837
-0.6859345279264146,0.16104802660318407
-0.6719948295569429,0.1823106097262703
-0.7440979613119557,0.03113777528522621
-0.7093513711507602,0.15074127334017765
-0.6847043670307094,0.09878384860677944
-0.7541432560669081,0.04566083143660597
-0.7369556916399437,-0.020094095644555672
-0.7451257039885363,0.01902429550702397
-0.7054972426619589,0.0979611252647627
-0.7060134885287401,0.09880648394358388
-0.6955677572245115,0.04090866232550632
-0.7191553630045102,0.09589291656960423
-0.7109317204693072,0.07175611180949393
-0.7096629163647307,0.0531404871774248
-0.7213434176721405,0.0005835033480214013
-0.7281803004390276,0.1282294244744159
-0.7449779135938324,0.03459997582059941
-0.7080327097675703,0.10242010037837418
-0.690840146858697,0.1289715498927463
-0.679384037521413,0.1566934257521107
-0.7200656517142558,0.030542587728504943
-0.7212095859564659,0.11323531332372283
-0.7192755011711791,0.05230449019083862
-0.7267647782720474,0.07075954263507636
-0.7153072702706129,0.10531446725432407
-0.7257551517023806,-0.02683931101717683
-0.6909603498418788,0.04227865700312094
-0.7153155052255025,0.042320066924396944
-0.709497311968456,0.07809656762207957
-0.7544332834765267,0.018331529167975716
-0.7473751884073803,0.0385223014748487
-0.7481138093324974,-0.00807141388904842
-0.6999816733576936,0.06773462894815392
-0.7273663180134691,0.016303184055993392
-0.7104548256203057,0.10952286123234257
-0.7386371654635786,0.0965377693829811
-0.7524755464870962,0.028821225175805407
-0.7147208267368347,0.03599542111474464
-0.6942065767539252,0.09829863181955492
-0.7324844034088358,0.02191403512597216
-0.7268489327178602,0.021709171585743623
-0.721937854995701,0.02287131949049089
-0.7113401905174083,0.022612355360716246
-0.6871336924061544,0.14216672713344977
-0.724126838580972,0.01440341069295166
-0.7011693049614655,0.07251325468259083
-0.732047045798181,0.07967021627342162
-0.6892445712988597,0.16633484020721792
-0.7070996444574132,0.15724506542928363
-0.7231954092263447,0.05097050932853292
-0.7229745171355006,0.09966113726496599
-0.6878270791311436,0.05738268398650184
-0.7012177121481656,0.12380309645288591
-0.7013351659256029,0.03681170132874241
-0.73613803179995,0.04320203850703445
-0.7492383675071477,0.03593251837022518
-0.7210008305934994,0.02574558456674403
-0.7178636795936224,0.09102190661114407
-0.7275166653049583,0.01149221351068009
-0.7072795338614613,0.035654075426217735
-0.7378670323772137,0.06886698820663341
-0.7511803109397681,0.02959918931277963
-0.6690579309161957,0.1647365189376932
-0.7244876401000511,0.09130195461106073
-0.7137550938820372,0.04153466683842091
-0.7030020724524348,0.14679838393464167
-0.69782202305432,0.07709493048255438
-0.6847893541134694,0.11360728023762316
-0.6672372864046298,0.1258081435584446
-0.7001511078011731,0.15712515791601722
-0.721562787990781,0.10786391025828132
-0.7041626515902247,0.09776535279465023
-0.7220800912218631,0.07434214346681417
-0.6730153720615354,0.1128928734982504
-0.7245429128382773,0.06632924713912733
-0.7172611731108339,0.09990291499051245
-0.7252200533240413,0.03888611553242982
-0.7028902860537753,0.1353036424245654
-0.7165501659126778,0.13463765066163239
-0.7300123077532917,0.0525085178710604
-0.7334228188965707,0.00011081710346231366
-0.7589718011070902,0.0063471271063714335
-0.7075119089984289,0.08703542341971482
-0.701304365711072,0.1552680757628952
-0.6888681851677136,0.1809202093288025
-0.7276448103797863,0.09298563208628019
-0.7431142510104795,0.03021034079273291
-0.6822609877316143,0.1552963786835562
-0.7379698479309288,0.043339873667815144
-0.7115119193066332,0.10486265377256644
-0.7320945672379575,0.06448371539313985
-0.7441459872373732,0.06558350131331159
-0.7278285937156035,0.04041539547189747
-0.7124424926783023,0.10409475899521847
-0.727588015528833,0.053822604906943586
-0.7185234306489319,0.007242182759903797
-0.7364348467254188,-0.0092419687958581
-0.7338759039993684,0.05704356807136829
-0.6867243579249822,0.09181173343635815
-0.6947245209131344,0.14276570850443757
-0.7486056834844861,0.015666551273175566
-0.7133770431646008,0.08848782473224472
-0.7074578096517455,0.07516190979558134
-0.6841628513462409,0.08842288253328519
-0.694195760623606,0.17934174791189406
-0.7536676621072348,0.023199959058846635
-0.6843185455507298,0.1611441516484905
-0.705808894111642,0.051405727597659295
-0.7486721376992093,0.018826095168318697
-0.7382946391792994,-0.02349799362501038
-0.6751115361173402,0.16150049467412772
-0.7522492546259093,-0.0002885355352931726
-0.7138841800697506,0.09279907614797835
-0.6888851609231544,0.08118243500688695
-0.699523542057754,0.08622314694755531
-0.7309835972255129,0.0553349007587807
-0.6960430541206737,0.09564516649977385
-0.6876209176843647,0.12609410669521684
-0.7275092292510486,0.06187368656773421
-0.7199244648634732,0.02180262104542577
-0.72374539389839,-0.0029330970371576623
-0.7046565104331193,0.09951854810547696
-0.7148991189954113,0.1064367273681626
-0.7332796967778457,0.03442314787580806
-0.6710580888207143,0.15778982127927274
-0.7008195330451775,0.12286841685902732
-0.7128274276544452,0.041400430252483744
-0.7150324707290748,0.04280967505043397
-0.6954328610866845,0.11974227529113828
-0.7040727054048335,0.10994078693823378
-0.6997032779826863,0.11534071488676692
-0.7381672232660428,-0.004377631931740594
-0.7040089849533959,0.0537862770875026
-0.7404400529375436,0.07677755208767423
-0.7019589338547804,0.10157320734649271
-0.7035471215267617,0.06898971294986714
-0.7327666954598294,0.0257386947827541
-0.7075729296445405,0.08986953739153497
-0.7241662303371527,0.06777528672441209
-0.6938594862053782,0.13469977814474152
-0.7146286850554264,0.11868782088369241
-0.7081861465813232,0.10874411271330804
-0.7326458774521467,0.010616638206633056
-0.6632469288411401,0.15414314910552335
-0.7300132570626382,0.017767040783022454
-0.7079862907344237,0.045993829611125144
-0.7275366701363423,0.09609182270864837
-0.6883951941496873,0.15404995763326818
-0.7004509729674501,0.09404057993981389
-0.6892084108937534,0.14976197179105571
-0.6713707297440791,0.1588397597447966
-0.7364805855135368,-0.00972085454765756
-0.7178773310596474,0.03867931692522375
-0.7223583255750462,0.07566627219041241
-0.7023133940497792,0.1041942980707207
-0.7274830128161566,0.03623201240793757
-0.6954905203179687,0.17927181589874497
-0.6794226504072904,0.12535650542404198
-0.7062038526212577,0.07641278693475786
-0.7105881699623976,0.12997451811697597
-0.6738830055291136,0.1562389175982218
-0.7114638055566358,0.09043148772152458
-0.7464252387263348,0.050483038927536104
-0.7140900728998025,0.10613103132839541
-0.6891328315935568,0.14239059742657822
-0.7032669874184291,0.12320243038619932
-0.7273915228961998,0.04996444685671244
-0.6948580082504912,0.12808107213146053
-0.7364528282091805,0.01864081799988829
-0.6989752989567042,0.10105944637580482
-0.6929507911977061,0.1154387442335369
-0.749554174773818,-0.015190541226126666
-0.7289637885932825,0.07974746685735457
-0.7020466009075388,0.10958444955974105
-0.6990374609101377,0.18233436236104367
-0.7221429618408938,0.04104203830016047
-0.7392743280210085,0.008101232852516894
-0.7222088859110626,0.08776717255153765
-0.7184277454365415,0.03819538951470837
-0.6727767321094195,0.1535116785500661
-0.6920886534606171,0.11084892941502683
-0.6911921534749903,0.0926791418303279
-0.7514232659909587,0.003901769888141115
-0.6801774692460428,0.12840002770236067
-0.7174954078624981,0.04176932040832167
-0.7215286486066308,0.014774133235265432
-0.7009371875098233,0.10524494241347619
-0.7067319008687933,0.03219914192550539
-0.6728884213848536,0.16971104028276068
-0.7031321895344438,0.12062860327830892
-0.7257448513971257,0.04910064548831138
-0.7152316047883057,0.12241465586612237
-0.7270541507528726,0.062682912665698
-0.6785893150855346,0.18435634123344108
-0.696733193327097,0.09646786905551744
-0.688667252412101,0.14186981762667164
-0.6945509541653208,0.10067669439788574
-0.6957959462539406,0.12867484384660313
-0.7225122875597411,0.0390168805337903
-0.6976778848858239,0.0701478023697803
-0.7306409953009212,0.10162178916319309
-0.7009629534400404,0.1321793315491331
-0.7179267480867959,0.0826142459931443
-0.7368331360155895,0.04045102695521584
-0.710737029089742,0.05314836525950947
-0.741510978419133,-0.014206516802206973
-0.681480550775359,0.17970528275904854
-0.6635960252154156,0.1737798272324175
-0.7266112560079198,0.08273242450085974
-0.7163875983192036,0.13468678154715555
-0.7290021128036523,0.0712747548493374
-0.6909863637805636,0.17948595713708027
-0.7441255744324147,0.0028330866110706588
-0.7329093143006937,0.04171141677871696
-0.6999470135166509,0.08502600717823583
-0.7228366182608706,0.04679707820623259
-0.7182601444069531,0.09836919088598277
-0.7311934895550866,0.11338638237806369
-0.6974779526682915,0.110109542842767
-0.7044907944580514,0.09719682915693907
-0.7251436388157908,0.06285321809743302
-0.7210887027098164,0.047360468685795264
-0.6849806566195477,0.14979798207670675
-0.7037359014287589,0.08942172965199348
-0.6878038709423704,0.15328248783952628
-0.6837126420490597,0.12138213517054165
-0.7175908404217128,0.06396422708878681
-0.7216845156904687,0.06063295699786728
-0.7332995847294532,0.05156846620488397
-0.6687388300007135,0.19818378761668926
-0.741406624134371,0.024304013396033625
-0.7013138307370185,0.14773545531356236
-0.7139637188257014,0.03413291342475977
-0.7301158631734428,0.003690698888889274
-0.7075231800848635,0.15100991218583093
-0.748258544694109,0.018665466409934925
-0.7143058044843769,0.03345963021094623
-0.7169518499518183,0.08878070761629214
-0.7206599732314929,0.13908311893273004
-0.7348013681895474,-0.0169309985593887
-0.6743347250635622,0.12095213270828908
-0.674353212405548,0.1713437950173968
-0.6863312157926826,0.10947194248386063
-0.7479548928022683,0.02442051600882207
-0.6661074732734955,0.1797457788273797
-0.7201204368960099,0.017570707193453366
-0.7116132045324919,0.09371371641347084
-0.6897863674376007,0.11891626041324334
-0.7265531204153296,0.11021308085359427
-0.6962735948826604,0.08309315147394825
-0.6875920966611982,0.1505584389269595
-0.7027077156158366,0.08993682002119886
-0.7003745679758295,0.08061899480346918
-0.7220180413160321,0.09315017344833595
-0.6780275772053124,0.18055991466316082
-0.7141679137263761,0.14577095974818105
-0.7385665293825989,0.051298908966072115
-0.7415352708346206,0.051919534915132085
-0.7155469346277822,0.08725263414517845
-0.6800654560931492,0.1431228079046657
-0.7158734254207972,0.03851044683564534
-0.6948472349518662,0.12028091332733837
-0.7069460532702423,0.12898619370398287
-0.6807070176439936,0.17392418021470024
-0.7360459932400105,0.041164004844317946
-0.6978370012620049,0.10417412224293061
-0.7122198117413827,0.05219856460696047
-0.7339482351421313,0.08950621302496863
-0.7081168343820244,0.05848198545513211
-0.7406594783680369,0.06546995960460993
-0.7369445509959119,0.05663956747284972
-0.7153727829893944,0.07674311482598907
-0.7184621742901964,0.0898384243121071
-0.7110136504628101,0.06541360941416359
-0.7120623827867538,0.030411979063177087
-0.7272130836087527,0.03626745963716771
-0.7320807033052452,0.05762379862120069
-0.7235629544549151,0.02792359477407736
-0.7391559367013301,0.03961526593527867
-0.7273530761092766,0.03406191885696222
-0.7199688300027278,0.059649115035050805
-0.7223527449734262,0.123575596478379
-0.6958571187518,0.16147101173792286
-0.6914839545955896,0.10045676985186891
-0.713596920937887,0.12056639538614666
-0.7190042545678136,0.06408411598070561
-0.7170177822848313,0.03806661706781686
-0.7201402375819097,0.10673101232855205
-0.6980847004940534,0.1485579643572555
-0.6745295732655935,0.12841102456922351
-0.7169317447274944,0.08972095412283528
-0.6970469817270326,0.09039763510691337
-0.679662471995664,0.13010718259591286
-0.7187638203634021,0.12434851749380868
-0.7098635205937365,0.05424429141356031
-0.7318910211864081,0.0614639946769997
-0.6982771868175021,0.1251008884531439
-0.7344766072170871,0.0830334814191413
-0.6866189884425046,0.13224126597816646
-0.7175471920790568,0.05889338009271356
-0.7066143807848011,0.0684453065432611
-0.7369558408215066,0.03700457959798155
-0.6996169231630707,0.08275667271560093
-0.7469181886415158,0.01871364164678361
-0.7013290366254311,0.07916003582664574
-0.70040722429285,0.07813707746645951
-0.7316043841935187,0.007240928680530248
-0.7108649376951474,0.03153662206165309
-0.7050379513013949,0.09898918887124938
-0.7294078989485875,0.08003707005173138
-0.710511995033969,0.058742239603021745
-0.7052577485205564,0.10477027245447809
-0.7272112564786912,0.07058083131865235
-0.7018892893876661,0.12761564496001776
-0.721694267234012,0.0680526799449164
-0.7190422568013541,0.11687282834769089
-0.7360456508673636,0.06989103316587714
-0.695890409646612,0.11327422615362673
-0.7266702418936196,0.045853531717946136
-0.6911631429066589,0.16625444861203362
-0.7251946955097058,0.007215121923711134
-0.7077814482451172,0.14741078351010947
-0.7225737936869162,0.1068153614042265
-0.720985943741819,0.10399496004431291
-0.6838234595353769,0.14380377222058263
-0.7374908227095242,0.044663440304378035
-0.7136108663599977,0.10614659641249066
-0.7155911892866937,0.14095437230614052
-0.7239564372047942,0.0905123198326411
-0.6975806227167367,0.1307663754859322
-0.6772889858424894,0.16318101970716686
-0.6973532793715925,0.14226540453545294
-0.7076518395555794,0.16360661798489234
-0.6973204480725846,0.1526314138522619
-0.7021811502294688,0.12128094506996172
-0.6657992046842742,0.15939786881308562
-0.6928490338334032,0.1335922101420635
-0.7336503076593627,0.02998522285387426
-0.7285219409608601,0.03494587215736859
-0.679772056468996,0.11357185910097736
-0.7259326680849473,0.045369145569799325
-0.6926668560659525,0.13252354929800347
-0.6856519482752474,0.13058874290529598
-0.7057833037237282,0.12529297000466383
-0.7481439188207231,0.005898396227635162
-0.7235590682642148,0.0314233809049108
-0.7253686513353761,0.03146791432027959
-0.7191707829782406,0.027431905815826375
-0.6744421589171213,0.16511302228989166
-0.6999330039699542,0.1188813872189479
-0.7020213088947975,0.13421770669323385
-0.7129578710741911,0.07047705261349559
-0.7268548043288083,0.04752978333962908
-0.7252593128987552,0.03618948437196331
-0.6987734429766566,0.1709594632906889
-0.7471448708773284,0.029269882274772254
-0.6899797715849094,0.1699543324119248
-0.7216556577214591,0.035719989388685085
-0.7384764241245148,0.02898705203305961
-0.7144456888756067,0.07236127556964633
-0.7072279044443885,0.12681002994867183
-0.7189854635836153,0.1146770868228136
-0.7127102479095121,0.11883058570811847
-0.7021666871112763,0.13951759057867888
-0.6988772425640215,0.06793235531751345
-0.6872884583207738,0.13528717545805682
-0.7471237206939804,-0.0021295500971738406
-0.7262446984396724,0.03592468455202798
-0.7314003527003108,0.07254989745309984
-0.6971845088389337,0.11149265124376019
-0.6946021623914361,0.11867626171437555
-0.7175254203983027,0.10822312140665702
-0.7028940502958415,0.07954576679110992
-0.7113110806240904,0.04214265538479517
-0.7041900167974348,0.076971482280761
-0.6727557171189819,0.15905519407660607
-0.680908530431307,0.15930319222322442
-0.6706331074665728,0.1629198964291779
-0.7077712339820157,0.03707192831882024
-0.7172049900693942,0.06936706319576655
-0.7246765781458825,0.028495696388499463
-0.6996163771152744,0.14374500635840262
-0.6970878537783691,0.162379893119513
-0.7351267252278899,0.020589244941953962
-0.7198599174903404,0.038541797166266434
-0.7089464192150728,0.1043669323528689
-0.7449706523950067,0.0006162825799306893
-0.7164249509865401,0.053251334382313935
-0.714124041998184,0.07190587141849884
-0.7274460586367826,0.033457157047452474
-0.6982125912320376,0.12950666098185493
-0.7099030737724877,0.03190404514841614
-0.6908768458056664,0.07591482988249827
-0.7270205887519552,0.02845057672640947
-0.7498440706802617,0.021033384620029225
-0.6683759264595821,0.16058661243168226
-0.7118130323217902,0.12471999034573517
-0.7345324003197113,0.006834221561285079
-0.7376334180669173,0.08923375470019883
-0.7293689815818875,0.052177703395050505
-0.6850965057400117,0.10099118133661239
-0.7135302483078644,0.07155903161961406
-0.712817600949866,0.11843066083086809
-0.725121235612717,0.06895646259863938
-0.6949321637145633,0.05892376923190034
-0.6958765626593403,0.11262448684077107
-0.700542821380797,0.12699678970058778
-0.7376098286574888,0.06681293899821757
-0.6942337095554433,0.16369045981803695
-0.7062964748909465,0.10179383440701015
-0.7043845109731184,0.13019445930686568
-0.6956438772213395,0.07905032338626519
-0.7414442033500033,0.026256137639098082
-0.7272227737470213,0.027622693004443637
-0.7080376506295522,0.12463506901976486
-0.7314568505506757,0.04050302682743396
-0.7132915717093967,0.10263755229916645
-0.7319748668779867,0.08449548433135586
-0.7424444551575375,0.061012842797934556
-0.7052044277197929,0.1283315942159488
-0.7149489924794271,0.013440861583360955
-0.7045642397656945,0.035420040852097885
-0.6786176783032954,0.09881077321839335
-0.7382474157582017,0.07156728222856161
-0.720677475564162,0.012943527101523175
-0.7209648940845249,0.07634951314519298
-0.7275816453742305,0.057935794524780315
-0.709469938292969,0.09760703404127972
-0.6801168604878152,0.12356391986144699
-0.725229258829291,0.048927123576926794
-0.6897277624558107,0.07242097816346084
-0.6980946718204868,0.09519638024188896
-0.7224866543926644,0.09975419936441726
-0.7007110151076359,0.06063545060190868
-0.7156456355219902,0.08427983987752823
-0.667004379606007,0.1632319174529292
-0.6986520912263724,0.06664498602393222
-0.6858901511585509,0.09260641458232534
-0.7330175425194134,0.07494617994872842
-0.7152991192899567,0.08666394120278438
-0.7195832890309454,0.12778809762181484
-0.7102714376174071,0.09343174110427707
-0.6965102431149383,0.08496204125674978
-0.7268891053734733,0.06923497663820974
-0.7102062500226066,0.0712760479165183
-0.7039491738361872,0.12955182648075358
-0.6851778198222194,0.13261188506846866
-0.7112805333856317,0.08672003429199966
-0.709644820494607,0.06833629446388635
-0.701933459205347,0.14264404662333438
-0.716172758335129,0.11619308395695982
-0.6894094253559058,0.13406413837369707
-0.7307259353342054,0.07748186066675401
-0.7221529020222384,0.10666614026481033
-0.7040993347392274,0.05039586001538071
-0.6857330112443739,0.14129638372577116
-0.6904876822903566,0.12303319676196649
-0.6753715804536008,0.17194718596645983
-0.7046339322288969,0.07466750680322663
-0.7181809038351737,0.043702769248660976
-0.7433640218327616,0.03916235745492216
-0.7220925579780219,0.05678599924426404
-0.7128005289474131,0.06096905416365177
-0.7348177988746672,0.0805246194284327
-0.6871544130282624,0.10844879263157504
-0.7076596279943884,0.12386350262212764
-0.6879983958388929,0.11254492986190776
-0.725750009141545,0.07387669299284558
-0.7255920852249931,0.1066894746897943
-0.698074265406505,0.08737404065991888
-0.7222256296403666,0.11759240456901426
-0.7214598364160021,0.10373077885115402
-0.7148445291250719,0.06581697154288901
-0.7233057682889317,0.07913346978523716
-0.7207252764171193,0.0835605263761192
-0.7149008978823368,0.08546311660577231
-0.7059375193431637,0.08171942590678713
-0.7157264923598899,0.05739948653707557
-0.7119574364472822,0.06440122124612754
-0.6932799327751729,0.08495512848384179
-0.7151038334118136,0.07953423649774584
-0.708447323588918,0.13324741352770275
-0.6998767366567795,0.08178946906670807
-0.7189419038430548,0.07198727777258394
-0.6825867474011255,0.13092096735878572
-0.6878180589576244,0.12831334374295172
-0.7251776773272465,0.07273444258201897
-0.7293432622650213,0.08029174508485251
-0.70905782791806,0.13441743628325722
-0.718864070037972,0.01795119031951295
-0.7296611462951417,0.03908795399133375
-0.7182701891305887,0.0818116130433274
-0.6998626440147381,0.13029548563040155
-0.682519412047333,0.13603855837429513
-0.700681865587214,0.09103179739629523
-0.6942483562790005,0.09481814331807176
-0.6923508437935316,0.06888753596308127
-0.7148160579515741,0.12588825117398308
-0.7049519947377377,0.11435791453411889
-0.7303020695278403,0.03451652032801776
-0.7253237659531768,0.05826120094103625
-0.6809818036986606,0.14605922439971647
-0.7393539741524341,0.05640576158648017
-0.6972903739668342,0.1468418234027405
-0.7262660659730878,0.05683569419882581
-0.6863970484795703,0.09997431005147982
-0.708955843939547,0.12614670433517047
-0.7165017599193267,0.08910796416662126
-0.7195661976043031,0.0939529482257444
-0.7364128599071802,0.06321162273313609
-0.6913916193365868,0.12629163211756503
-0.7415341786831431,0.024349268977841988
-0.6717618233849196,0.1671030442931904
-0.7001697643774929,0.1096048799805628
-0.6984658306960364,0.11203523105915528
-0.7243022175771605,0.08731751336877158
-0.7302187232187503,0.030301901560432894
-0.7221568101751928,0.019858209991920357
-0.6979972928251081,0.09135628032620176
-0.732181899607662,0.07215262364012671
-0.6995325229306939,0.14120213464329326
-0.7457615291427099,0.000056932083951960824
-0.7278929209030858,0.10741466100909698
-0.6727596142171818,0.12420208930529189
-0.6904985141851805,0.07693295142552783
-0.7007397280277888,0.059990842954598333
-0.7352446934252306,0.08221979567854248
-0.7316481219959324,0.0692221297307288
-0.7334365772432238,0.03398607574375537
-0.7245491801211508,0.1079535829605942
-0.7103243529718593,0.03343731770154022
-0.7364657795252667,0.02137814535568935
-0.7241155471923311,0.0756896818437777
-0.7115062507529412,0.03388326919057663
-0.6858438350945558,0.1277540491558855
-0.7227453945428252,0.05226844871776343
-0.6990435666456063,0.13688472685409733
-0.7176753813106238,0.03035229789213353
-0.6859559675228513,0.15213369967510365
-0.666956960559779,0.18149096587144692
-0.6909999387785974,0.1261606103667674
-0.7119667368002137,0.06342729810273108
-0.6757597737198157,0.15237318247379636
-0.7014390156682978,0.12775989778332994
-0.696760242514684,0.1428868253747394
-0.7056591246186393,0.11237543536861372
-0.7130866147833503,0.11261101326989877
-0.7028254183680795,0.06933239049066513
-0.7052022045377627,0.07400952717433294
-0.7169940769669856,0.11644122243867322
-0.6987059118576612,0.1104664803629975
-0.7030822504034947,0.06449043998346962
-0.7020429717869634,0.08248797058424205
-0.7204570232708476,0.09858814646487167
-0.673669339409304,0.17685424144589157
-0.6729475748665077,0.16363813981687508
-0.7393716418413632,0.04545472866290988
-0.6755885352951457,0.1593679217908846
-0.710063901258834,0.10636202440656595
-0.7321776828423526,0.094977014005422
-0.7318273209400745,0.07637171752370629
-0.7156640140052687,0.07063192175612572
-0.7064958766610802,0.10596196245735211
-0.7409230400982196,0.053934100398575886
-0.7108100797887281,0.13709434954910898
-0.7286403459374424,0.029297138395228035
-0.7120764345098614,0.08604989827120053
-0.718514622986206,0.0846831706948192
-0.7177705942798909,0.05683406226228582
-0.7257683353811286,0.05607859864114917
-0.7459659261445192,0.022637052872755664
-0.7392849871952648,0.024206775578628305
-0.7330578092894621,0.029072548266605557
-0.6709890686139193,0.16098017076678275
-0.7060303942833394,0.1612693142018015
-0.72083160939825,0.03754569670750367
-0.7018504804988286,0.11374118757778334
-0.7208267760092021,0.026875912695894462
-0.7332856780837067,0.05419090641180868
-0.7235778166061618,0.08563622567097973
-0.7116196338551952,0.07041155128917408
-0.727455889645253,0.07744304312630652
-0.6789505734587168,0.1313139662762633
-0.7101176330019613,0.08572568390190609
-0.6943273781131428,0.15793182735272693
-0.7292404617476123,0.09465385165370307
-0.6837455159913642,0.1586944383424715
-0.7254037714754653,0.08302655437394418
-0.6877788026501921,0.1200383883111743
-0.7254375272767554,0.07738195645348495
-0.7160978131648361,0.08887582974343305
-0.7167434624749185,0.07818008868458043
-0.7052434447728135,0.1427361383478946
-0.7045369043136523,0.11619788185606847
-0.6957312430338907,0.0920465103028487
-0.7378804552951559,0.04866864443294579
-0.6965387348978274,0.09300357459131504
-0.7056447680502488,0.1105112220260618
-0.7172627374993711,0.125335137788435
-0.7151521884214666,0.07976930435682587
-0.7117580553038556,0.1096789307921696
-0.7167322700839229,0.09937745600440004
-0.733469270742916,0.08285434000169863
-0.7379245915608408,0.0016688657457836404
-0.7076834308644534,0.09744113629379599
-0.7326453736230658,0.05148761216682407
-0.6977750268944187,0.11218406112121933
-0.7309145475020018,0.005933110477367867
-0.6945478896052841,0.12701472956170584
-0.7387804590177589,0.06564570001212541
-0.7024290605650927,0.12186496601410793
-0.6974705120640211,0.12211906495864518
-0.7389762787656657,0.05099448729466208
-0.740802860824227,0.07255870184548732
-0.7212427712764121,0.06430361458815813
-0.7154291486673113,0.04556374607772883
-0.7159106078854913,0.1212014654287435
-0.6870042082806329,0.17590011414590964
-0.7026545884433936,0.0885259011430313
-0.7238680006046869,0.07375122142288253
-0.667685896359772,0.17187143919629172
-0.6834394253761704,0.0977067976973754
-0.6869796962722806,0.10846874541662503
-0.7079191584385397,0.09177084951758965
-0.6970912717738141,0.06632022877711555
-0.6950013774549252,0.10848275130342486
-0.6958260265823072,0.15669549427622848
-0.7239063084698718,0.01809553686927188
-0.6962816384162152,0.11308983345359438
-0.7029077094322497,0.13354203502797332
-0.7328710117487448,0.008028251364750013
-0.7229068504994367,0.11902142008307769
-0.6910977363513132,0.12766594994369967
-0.7134512731215197,0.10668004294319078
-0.7283809436110945,0.09913984986689478
-0.6925200629031324,0.09830569098887024
-0.7062204391320546,0.13438833077026444
-0.6868180173032056,0.12300645305381416
-0.7337887429682164,0.08232778538666695
-0.7062719479038506,0.14160294275409535
-0.7238272491818138,0.06560106456134669
-0.675500377641453,0.13169103309443564
-0.6951862825975439,0.09088180735321756
-0.7334795066623405,0.042926423351428676
-0.7131996958901499,0.023657780018503608
-0.7113233320963157,0.07414319462657706
-0.7181568772899919,0.0989093187436185
-0.7307556567138476,0.074119331581571
-0.7065261502332468,0.09542242679658647
-0.68737906976592,0.16258052069307627
-0.7005587254560468,0.10401933957627287
-0.7227258372180536,0.10624405778383865
-0.6968398373001844,0.10560475355234408
-0.7420531355132319,0.041464953462892085
-0.7161074865048582,0.05677591934739241
-0.7205005495004172,0.0212894323357555
-0.701716163583393,0.09557275013361727
-0.713430618494672,0.13234968358018656
-0.7248505451374365,0.043862077883742585
-0.7038608841228824,0.056777086224139246
-0.7146329279595495,0.11096839896649023
-0.7089911678706124,0.05039558452083264
-0.7191395032947709,0.09673455760443564
-0.7201990559999215,0.013545054729991903
-0.7002763957007245,0.08328661044884071
-0.6840183313093096,0.11990133605765203
-0.697527964529071,0.15151970894385394
-0.6947220319595959,0.0878693581114454
-0.7022211005825976,0.07614891670504724
-0.739331653024724,0.04161353459486872
-0.7252134261351556,0.04281545039412853
-0.7283879027703769,0.07906471803988499
-0.7129122286603072,0.10040544848441478
-0.6930000745208172,0.12728624597213042
-0.7154699948488088,0.11537300363854322
-0.7188915096138792,0.033202805444351856
-0.6933468101337018,0.10946339019031219
-0.6988397592666529,0.11069585467933268
-0.7061388232024233,0.1004234718245552
-0.7182477999953123,0.10178109629647468
-0.7157079809783615,0.03224186764073964
-0.7202294566554408,0.026761601567933533
-0.7306010542481455,0.09313526269608219
-0.7251995022965149,0.10336972943432014
-0.7093361842341749,0.1097102421164489
-0.7220727465988782,0.07494717013110104
-0.6902378147646877,0.13901585544574993
-0.6962789699262818,0.12332240242524323
-0.7113965579621817,0.06028012942314984
-0.7017260788210646,0.13161328253440524
-0.7080581194315192,0.1502780595831035
-0.723352574398309,0.09574043063938781
-0.6737996416598571,0.15530283125288025
-0.6994450269807891,0.10235782044442861
-0.6992115133088663,0.1045608148776539
-0.6834243397690193,0.16189232813917673
-0.7213845841075365,0.10976718397282231
-0.7291525548240918,0.09551219170219087
-0.7083319889251402,0.05719737538281344
-0.7051287012869185,0.042023304994174525
-0.7054196904294535,0.08146368339431809
-0.6870185882974094,0.13103673926101653
-0.6762416184419248,0.1378095140444878
-0.7139266753842639,0.07543085703972968
-0.6910153142397831,0.13912161290638866
-0.7075515450260756,0.0893007683449102
-0.7037705697963315,0.10146889582275471
-0.7062254375167634,0.07947356894829705
-0.7359345636447421,0.06958008833763388
-0.6984878395591722,0.09939006318296699
-0.7138808170129948,0.055032135224726914
-0.7030871829178359,0.07344351800031358
-0.7111376026092252,0.11796989583896356
-0.6846836531142885,0.15245403981202046
-0.7010137334705164,0.09238714978959643
-0.7251081715011113,0.06626562920609602
-0.6971005770559641,0.10425533541354443
-0.7151075599756828,0.05843813188530787
-0.7172758240368742,0.10355750164474803
-0.7133800540894724,0.09606319787821753
-0.6973597487720015,0.08160090517689059
-0.7327869723452874,0.05444710168448207
-0.687474476987117,0.10087799214403825
-0.7200251150525435,0.014013557498940543
-0.6955348557336958,0.11280721934429028
-0.7173342370051556,0.11415476491000223
-0.697242204844707,0.14703374324544222
-0.6952923332331703,0.1000027204345786
-0.6862685734270921,0.1370421774416988
-0.7250764229337566,0.07407964622652125
-0.7360106911220575,0.021396042842965975
-0.689632287924325,0.10651721621769031
-0.731719744513154,0.05400943245358525
-0.7106196657322493,0.05054726957807546
-0.7176482335713056,0.06958073496928607
-0.6830397534013571,0.17513012991620336
-0.7043986617771726,0.12253454687207553
-0.7143304553977567,0.07041756241539864
-0.7287364916917896,0.04371031383545311
-0.7003097815334841,0.09334677407054867
-0.6938410498230777,0.09653830139174041
-0.7299142848378979,0.07358908134028541
-0.7291713484953497,0.045559502779501694
-0.719817676530577,0.0829226031285855
-0.7191261271436976,0.06828082125459384
-0.7044600479157415,0.05201175480018243
-0.69945254677612,0.12164114984677603
-0.7268453716574504,0.04158448021085759
-0.7120998391291936,0.14054239857763248
-0.7259474832375541,0.013376896521319896
-0.6906274037975497,0.106281502409559
-0.7115111800127863,0.11775758437807839
-0.7260311375198342,0.027433584045895878
-0.6905532987392184,0.17083312484753077
-0.6999785552702427,0.0961544890449408
-0.7157560845490663,0.0717862132777296
-0.7304863049577361,0.06873174436734891
-0.7222338799596476,0.04615786385221157
-0.7329417304270398,-0.0026038826560896744
-0.7242890072159585,0.07691208798900788
-0.7202542396863203,0.04241978155139288
-0.6987206251861858,0.11417594290759861
-0.6694813117378098,0.17901215780120155
-0.6854575330879173,0.1576563245455711
-0.7429962473388144,0.029023314430000047
-0.6981012285506034,0.131022547660028
-0.7361427337194475,0.05490594194813623
-0.7243509431157841,0.029240657728434483
-0.6989940176678009,0.06189267810939581
-0.7136059124486283,0.0836509293215376
-0.68943541865165,0.13616921798839765
-0.7346271124576692,0.046047353550542035
-0.7258874969650969,0.05776673871577227
-0.6819027031482963,0.1119739278823727
-0.7060961674950084,0.12479224616007388
-0.7078926873859572,0.07041517278843074
-0.7004056092200034,0.0822714350121369
-0.7275683410353524,0.04339551641309057
-0.7186261238250357,0.06907041003308052
-0.6921752509427096,0.14284783846507274
-0.6883697436264347,0.1517695790194752
-0.7345700716878796,0.05469872271300841
-0.7330799297752163,0.048275040886148965
-0.7216104403640227,0.07314226200800622
-0.7177847910936119,0.027853795469803225
-0.7031770543406356,0.12309468487045769
-0.7177646162706456,0.08025370147752277
-0.6920777088346565,0.11565373699342253
-0.7128595416437726,0.11848490705073453
-0.7085388004925898,0.07262400055727868
-0.6908371127575414,0.1029888719660503
-0.6921716496035185,0.15980530330850287
-0.7106366454087317,0.1415149716600166
-0.7347944136591165,0.012232848330639399
-0.7049368542619378,0.11554335940739452
-0.6992381701169241,0.10132396626963748
-0.700646175701196,0.11650192292035626
-0.7199792330685765,0.08359898146132445
-0.7160372240107856,0.10416960760614477
-0.724096708383636,0.05334533299018037
-0.7260845710739446,0.09420362494568896
-0.7280590162085647,0.06079377048146852
-0.7146282984060284,0.05960562496193838
-0.7168611152888473,0.07203648723538478
-0.7078826923461065,0.09180694731902637
-0.6921769545146077,0.13023213989017987
-0.6984851661435295,0.08287545090056696
-0.6875908198925011,0.11811129197518538
-0.7326817475253123,0.0347747496986538
-0.7089357199230467,0.1325011721324845
-0.6917156374713888,0.13710617174601322
-0.6906686282275624,0.1276379540140253
-0.6967031602429146,0.09724241985568224
-0.7017473397557344,0.08714088162905402
-0.7035676401785605,0.1371649259652194
-0.6943911146469086,0.12425438572311956
-0.7191822232997771,0.05558498469342577
-0.6970781706814008,0.11261329611224545
-0.6926792881044525,0.08907836890870828
-0.7033976050874041,0.14158173512040217
-0.6903661711472461,0.12298442756328284
-0.7092370163768278,0.07185221054182006
-0.7057871934776697,0.05623806372574815
-0.716835923040116,0.07491451602072753
-0.7177266192568618,0.04026392649168362
-0.6975878942042518,0.1162527307270432
-0.6963585412471855,0.12157281393988918
-0.6814231137469801,0.15954435053481086
-0.6985101796663048,0.14767921577276952
-0.7104655392225484,0.07773131819808524
-0.6813758210528825,0.15284728321816746
-0.704868592411297,0.11815579183773889
-0.7360728454248365,0.026013248879083843
-0.6941661466827123,0.1185665815826139
-0.7363646101995275,0.05223242549309136
-0.7079464006524488,0.08299063999058878
-0.6817376776580392,0.16069209367846932
-0.7217915646184812,0.06381428193162868
-0.7326316413379446,0.08479843959948914
-0.7037360820548734,0.12418131819562976
-0.7219566215355115,0.08595849733861351
-0.7160822293982085,0.0636755841243212
-0.7030077632908611,0.12148141994287173
-0.7225525950253519,0.10915192877276601
-0.7241987054337329,0.03926008093231764
-0.7253559352845964,0.06868881208620464
-0.7377532345299275,0.043584293078118785
-0.7199346366854246,0.07799812160358713
-0.677210867977415,0.15461938524623198
-0.728382124240883,0.022286255975348772
-0.6857643997428167,0.1487744951060238
-0.6924012575282474,0.12257400722908433
-0.6905863162821723,0.13015393041260528
-0.6978937567234839,0.1232870416078874
-0.6865346193716018,0.11030222698354353
-0.7134655237611888,0.12243370975076723
-0.6728765842333225,0.14132140161245435
-0.7325225726152701,0.05919900613479193
-0.7117367710877816,0.057966814666831054
-0.7114919079924946,0.09016461186440627
-0.7329127639328138,0.06140243919578936
-0.723424914361199,0.08443310955476327
-0.7300290533260407,0.07806895868198485
-0.680250717298191,0.1573391446045352
-0.7181218369477288,0.07625413170152646
-0.7042432201622785,0.1063829145358212
-0.7045167038389875,0.14694823913136001
-0.6914379383701122,0.11670095277152738
-0.711149476873255,0.10959004816646971
-0.703546438775634,0.07157226986743642
-0.7207176864938097,0.0959866935760948
-0.7077701413707185,0.10366483571260336
-0.6908551957467343,0.1328194193058904
-0.6786015695379121,0.15662567084504797
-0.7092074536549888,0.06698921034713828
-0.7121646959975297,0.12003293525535563
-0.7158383826621869,0.09002488422610729
-0.7145902973979996,0.04005995045063155
-0.7260166728206014,0.04400778955603936
-0.7033299875550186,0.09040918775032077
-0.6725084089506984,0.1566052475909175
-0.6900999025436207,0.09938586566665304
-0.7039025191552767,0.10113264921548086
-0.7155310906458368,0.09431430987889634
-0.739570265676653,0.0272999903461629
-0.6817531957883214,0.1699470994451953
-0.7096520953770201,0.10969043035207697
-0.7242279141667108,0.07317984038245312
-0.727962859558502,0.0808590378473408
-0.7129557690332823,0.09665945098244032
-0.6937074958001904,0.08287187750408835
-0.6880179896913955,0.1712150250663092
-0.6905156376560853,0.1435994945525035
-0.697830086460805,0.11748417727284949
-0.6993628293226655,0.11328967526825409
-0.7340565237612111,0.06528834175757751
-0.7163513505027981,0.06659402699131947
-0.7142360477854007,0.09366031136603273
-0.7080786090072573,0.05042420333893339
-0.7140018716548028,0.08685531901834048
-0.681513594766613,0.1625651664226764
-0.7318511089913895,0.052585507747722846
-0.7017753645722536,0.11562419759815992
-0.7182614620909047,0.06204036145426953
-0.705036930834412,0.13120839053861294
-0.6860902923966552,0.1140777140414339
-0.6892372370688109,0.11490702178557025
-0.7372406414321165,0.040232990811228865
-0.7377597438607536,0.03962154645527802
-0.7254814203894073,0.05748425155944115
-0.7103757196829065,0.0651098243530572
-0.7307599072603195,0.05036973025582478
-0.7147810698967678,0.09150119465480518
-0.7093239849697861,0.09674534029855053
-0.6936369943838666,0.09866289237724171
-0.695969659616064,0.07019269375734408
-0.7184104110818815,0.07180914411615882
-0.7152058603130513,0.10322672425907214
-0.7105748556131808,0.07486576329433782
-0.7006471154660114,0.08616995966393581
-0.7007403502526365,0.11902458919534967
-0.7071850768594304,0.06744640427148126
-0.7206852458805245,0.09934238096376027
-0.7187127111378296,0.06443036721756837
-0.7256808298608102,0.024798513337740764
-0.6962816673898544,0.1005731967923423
-0.7003286870788641,0.1322331739447289
-0.7188826750610183,0.053623752180853475
-0.7077202736707643,0.09290007300924875
-0.7316146719849679,0.07555357360374984
-0.6723494569567304,0.16308249318978318
-0.7085765847284453,0.09188030027298237
-0.7313517145417874,0.05437818329810712
-0.7087793045215961,0.11079838198634079
-0.6959597212946392,0.13183521502794113
-0.7323952860711976,0.05930877211049193
-0.6750122464253657,0.1432223502072347
-0.7010961173773638,0.07988706411034321
-0.7050991486402733,0.10240579062165671
-0.7031801032368711,0.11270081186020695
-0.7127990984796962,0.12970595710774654
-0.706336116121103,0.11391598414884294
-0.7017795759871868,0.12106700799174713
-0.7093282118468666,0.11871419390519367
-0.7272396949707696,0.03380715864647188
-0.6780438596507601,0.12511369872140626
-0.7189392087456741,0.054113047862513704
-0.7004631588303527,0.09819529164433628
-0.7191438009082495,0.09898509314066402
-0.7254274600919527,0.05649034828900118
-0.7106697836868731,0.07402136726822646
-0.7113961202661848,0.1000145516478761
-0.6962901982101133,0.10711900890947278
-0.6728831183451851,0.1628073083359879
-0.732343787539271,0.06925242017482916
-0.7387563710412229,0.040695977552216024
-0.7031665501759529,0.11471394548408756
-0.7144720511555698,0.07319368515060568
-0.7363369598414299,0.034995579642999965
-0.7118717042505963,0.0693676721642344
-0.7199121640599442,0.10704712444426284
-0.7315702729062876,0.06375476437142477
-0.7282195254069662,0.020220010990480937
-0.7075547278524311,0.09936179476330725
-0.7107422470844007,0.0884574497122139
-0.7037074389836484,0.1365316739380341
-0.7037680363449508,0.09114211955130197
-0.7113786985413219,0.08830274115611092
-0.7115404991082557,0.13624968708725319
-0.7190294852643172,0.06506720045483766
-0.7093745126911425,0.05689012759733751
-0.7130508601139853,0.09153145888494073
-0.7290097370898685,0.04878477000238468
-0.7041087678608985,0.12477123028543677
-0.6972980867748532,0.14949428463137804
-0.7150398226739832,0.05963890593946881
-0.7043422081113645,0.06231986885779636
-0.6971495453715049,0.1463655584975288
-0.7065373524020865,0.11554912258258726
-0.703363787094751,0.1026097163813217
-0.7157538713487422,0.051303084547277895
-0.6733876372521989,0.16357422768230764
-0.725244530063177,0.049712651450259875
-0.7138559901616448,0.09596288494640999
-0.6906541560999718,0.14719484189340395
-0.7190161794314562,0.0847856754547992
-0.688836389739865,0.13782415385730762
-0.6915555609778546,0.10584519945247807
-0.6974928982220502,0.14136490215032982
-0.7179025185940433,0.08934150385178093
-0.7256779327633783,0.06327364895126948
-0.7089484530016269,0.1288788128807283
-0.7295734168618051,0.038297679169524514
-0.6870835776080501,0.10814829941169375
-0.7129566100386334,0.09120354346973777
-0.7235368245990423,0.06636797870476402
-0.7265906421397352,0.026391061842779184
-0.7194394703695572,0.053987522895073796
-0.722856791643512,0.08167259900967931
-0.70850346601441,0.046582967445775184
-0.6922082554067498,0.11768614753772667
-0.7015890983996376,0.0722657762316159
-0.7007483512921004,0.15137910867891033
-0.6807098304644519,0.15971885031591143
-0.674856651433267,0.13747577524048565
-0.7090761993805894,0.07114354708289629
-0.7188280871635729,0.08019498462385224
-0.6951580688530112,0.13893592640916835
-0.6887421518855591,0.13304721300604505
-0.6895809782319228,0.11134653985291347
-0.6874901374409418,0.1267630567271052
-0.7019321601688513,0.0879845583631199
-0.6966330841551341,0.11186627840059281
-0.7092720798203784,0.06846011998883608
-0.7052555192122572,0.056841223170699194
-0.6937950551755441,0.1355954466401908
-0.6985429633653345,0.11105338620261775
-0.7254563791901102,0.05478154682917865
-0.7007369753813871,0.15716291237100738
-0.6999590131023827,0.09781881771014718
-0.7139760948719569,0.09598188716593078
-0.6920361597321171,0.11509193157656823
-0.7110156798421898,0.08180934299303862
-0.7084644256952507,0.05375900204266421
-0.7151969260103287,0.11823563962002497
-0.6915286110971892,0.17142794239571577
-0.6859081174275503,0.10478185840781991
-0.7348033889499871,0.04243134244712828
-0.7043131660500614,0.12676172741835162
-0.6798218960265718,0.13812105036675296
-0.7170451716444887,0.10377216985842579
-0.7277067383971783,0.08272680017765775
-0.7140082429777352,0.07870932509077061
-0.6957460984821634,0.11487988008485102
-0.7177584513801778,0.08492598294842868
-0.711720375311637,0.05605407892407699
-0.7002178082545522,0.11705849216618064
-0.7192911965461831,0.071061547227577
-0.6971316691035674,0.11799713193478878
-0.7176872311833602,0.06836970148660639
-0.7002254732861216,0.08297204414807714
-0.7054492709220015,0.09170396817256486
-0.7241477088934206,0.06329446840378136
-0.7402633966736405,0.03148635860650098
-0.6970612506965642,0.12985941741667925
-0.701887377526577,0.0929287930222702
-0.7154933195513498,0.10757850453278603
-0.7201940856442799,0.07217974702274044
-0.6951339444229311,0.11449245155964786
-0.7004484220926925,0.11995903068475647
-0.7087093465628101,0.10296993781171473
-0.7202981145060526,0.06649041745496637
-0.7400605902769056,0.029494100409500786
-0.7332583994738038,0.05161214531967333
-0.7082279558501412,0.09635338428363203
-0.6965990368424193,0.09702980172682443
-0.7185641535301728,0.07299150935171675
-0.6790849756773567,0.149320181501732
-0.7149674470278384,0.09855657507567891
-0.7244118461399851,0.0820525640994931
-0.7148554435484686,0.03734387698558084
-0.712803950196819,0.06792088919362424
-0.6910551496950829,0.09394489258531373
-0.724412634938519,0.08318802872481762
-0.6851574029130874,0.16440923040115019
-0.7260799168950002,0.0779177700868768
-0.7341374033874946,0.05893900229873583
-0.7306329238809623,0.025003264407904374
-0.730732403791998,0.030313868470409795
-0.7078924803900164,0.09947392043925596
-0.6964461260570971,0.08178435273565535
-0.7210069953965736,0.05450211354989784
-0.7110465236644358,0.1002016034074388
-0.693638946454221,0.1391423386268075
-0.7206420070957854,0.04804379055878571
-0.7080606862764589,0.07335231416057393
-0.7059143382998697,0.1150046178327863
-0.7054093237974146,0.10703065901259173
-0.6912016710353763,0.1506987329417729
-0.6783643204979789,0.14239768520533164
-0.6896064912275656,0.1481268715970848
-0.6971827565521055,0.1236017459036558
-0.6807980522310739,0.16263372607255439
-0.7072109428971933,0.09495742523667505
-0.6907872379871499,0.09904669565998597
-0.6753171402286724,0.15088010633313761
-0.7124810702744314,0.10466684863172776
-0.6817190942001536,0.1438052756905133
-0.7036732852015963,0.10232291576989128
-0.7252728799590774,0.0659025372775724
-0.7062984924965164,0.09725604059887141
-0.7154627285838749,0.09156657750261621
-0.7294889655012401,0.07580840222887202
-0.6842051306655319,0.14524985241706453
-0.6842528977221285,0.12065921828763557
-0.6897712565012885,0.13065014219484097
-0.7016723258524737,0.12905106650131112
-0.7152908783754327,0.07105971028965294
-0.7348864381105984,0.07132305650349167
-0.73414363626097,0.041291923750509586
-0.7215124976823882,0.11603049996734911
-0.7054364537411371,0.07864304749609312
-0.7095101889910882,0.10519498063035358
-0.7168271033115201,0.10373316210030202
-0.723093144598556,0.1055264926160276
-0.7338437656200832,0.04490395631393639
-0.7199885714830755,0.05568037656221301
-0.7015747746321631,0.14292940013395786
-0.7026951672137017,0.13375353031791
-0.7101111669110656,0.04452371459503579
-0.7159834650659147,0.0948752557656257
-0.6894219583283971,0.12869127931877156
-0.7178465808547553,0.08186240697111974
-0.7272888396508956,0.05980318728658703
-0.708841517634623,0.11842832876928663
-0.6831045415263234,0.13617432871992874
-0.7124689602558854,0.07793290092886561
-0.7288758937231559,0.08951146965683873
-0.7150790411948386,0.11198827342647602
-0.6741069435477846,0.14844280460681647
-0.7324221080853647,0.03493094388923124
-0.7255592983768271,0.04085815325219701
-0.7044811178179119,0.09298879248079792
-0.719195215400733,0.0569280163431146
-0.7260973158997555,0.07293295099196082
-0.7095632553593945,0.09010092706674984
-0.7082348645777848,0.0871462942142555
-0.7239670296766013,0.0927848523012959
-0.6949059634896249,0.14879013531728028
-0.720397605740407,0.05296546457392023
-0.7319369982480908,0.0577101689483188
-0.6993835719463062,0.16085887614363753
-0.7103913446176807,0.09947158624717971
-0.7165969492754231,0.08892452135747499
-0.7158616178823854,0.05049726148161019
-0.7227835001558862,0.022597341012406454
-0.7036760668239045,0.14391286988216498
-0.7216306776992296,0.056043496015574554
-0.7083561890008973,0.07608252288702194
-0.71626765482268,0.06547439327318375
-0.7073771771123666,0.086106790212313
-0.7097661830742313,0.04514517737409293
-0.7127074154094993,0.09024159626072836
-0.7060540065027868,0.0943836353444654
-0.7156570229696556,0.04208884257902306
-0.712775459246486,0.087892832299681
-0.7167162072199763,0.10268035647483163
-0.7113623015821637,0.10131885504907244
-0.7083556806955126,0.07444367687928509
-0.7051376645396654,0.1309816786300716
-0.7092193173120099,0.11432795051591306
-0.7243674050426048,0.04202835016227065
-0.6967931188839772,0.11557981223877906
-0.7089145801079156,0.12145901649426685
-0.7226865851471265,0.0723761726764192
-0.712145346666759,0.10382404025810114
-0.6856613343992625,0.12936195827436994
-0.7051842999814397,0.08758067897775587
-0.6969635198585644,0.1192583621877487
-0.7017589945061051,0.11378119438217639
-0.7196790800163606,0.06808637533396522
-0.7013757999801347,0.08329412224097539
-0.7283896424449716,0.04735958287831402
-0.7127691289286245,0.08369530942017712
-0.7239290759242158,0.07506722856680977
-0.7139199096053792,0.12387232941797473
-0.7337641659365708,0.038031357910078986
-0.7099092528668917,0.08225703770801195
-0.735271692894504,0.047251823258672304
-0.7302661816449283,0.04308240542872693
-0.7379746536163263,0.05327556492468999
-0.7122324363920802,0.08328655765635257
-0.7198419539311439,0.07731393497978291
-0.7340631031837173,0.02316195094633366
-0.7256517196905572,0.08664898990972242
-0.6984233503194947,0.1090483361811091
-0.7106137699083763,0.10344355479116188
-0.7025130264098841,0.09137214724299203
-0.7015528968952712,0.12310187107487619
-0.7318639768563918,0.04079893620680268
-0.7262099423534544,0.06072267615764275
-0.7081239280363637,0.07818464558758885
-0.6988663783657891,0.10206630910589401
-0.7351871247259288,0.04810176103011457
-0.7044368022874944,0.10329938341382498
-0.7266350841906173,0.05412827515811063
-0.6974072488500959,0.10511384301161873
-0.7188470855967307,0.1256153536268943
-0.6943565399593696,0.16806208309138213
-0.6971370199565694,0.13376235334358927
-0.7210297049181761,0.08250326336511858
-0.7099169521338193,0.04847231157230588
-0.7209230688896651,0.05596923595365369
-0.6954255961248433,0.1253754335540573
-0.710054836702592,0.12086605617318061
-0.6804716581639888,0.1519562625573686
-0.7322565050597425,0.05535787029912223
-0.7096130969704534,0.09727254872138431
-0.722395199824582,0.05542363006690948
-0.6895729892895921,0.1516022484075934
-0.683260017102544,0.11968503478530607
-0.7048328584739038,0.09579276125917141
-0.7148123579929795,0.06512338978774551
-0.6901283983710947,0.14916616755688156
-0.7088731200893412,0.07569685087753479
-0.7040660869021746,0.08100865948271864
-0.7195025435188848,0.048299714521236874
-0.704846806831515,0.10065893817198729
-0.7209387899654245,0.03191650836013069
-0.7214413709292402,0.05868806481478386
-0.7103565008053762,0.1348473818064275
-0.6895717617522057,0.15408036647553
-0.6884255856266596,0.10679139548333103
-0.7032386182900235,0.1336681675396927
-0.697474641494853,0.10879970384621981
-0.7003650132266753,0.10817889405631483
-0.7255934199633036,0.08330543728973411
-0.6879542105970237,0.11863830502441247
-0.7025841972978726,0.13534441605202255
-0.7165285459445375,0.0686123932815826
-0.7063838212342348,0.11791146755143588
-0.7279444713727345,0.028590284877047786
-0.7023533459514754,0.08911583470565401
-0.7076916109931585,0.08807645654434769
-0.6972260059203336,0.12560648889853554
-0.6904577004672284,0.10921691155529553
-0.7091001931558387,0.09405657704618588
-0.7011990932447865,0.12629162965655055
-0.7157453830590816,0.09210655976870803
-0.6991414752151643,0.10639812154419558
-0.7168620084671243,0.07768320596709662
-0.7180696798256371,0.09414008444258826
-0.6996481846134138,0.12429255479151444
-0.7179032729683171,0.0947284391837002
-0.7262065918065634,0.07793040436857467
-0.695780357934086,0.0983244499574852
-0.703416741900633,0.07014618578341583
-0.7096642191996588,0.10829345338893094
-0.7078335281494486,0.07003740295557111
-0.6943246108515707,0.12240859015616555
-0.7166409862699978,0.051277300251896
-0.709015791621286,0.106652403881462
-0.7154670555288257,0.10477114809688562
-0.706850323728309,0.08916627273645171
-0.710497329744981,0.08278532328342966
-0.6858904861487448,0.1321081909095415
-0.7152387141778642,0.0837066747856087
-0.721964948168575,0.05478998178682404
-0.7130738885690823,0.10502787130715024
-0.6977961031642795,0.0918519855144347
-0.7291110203491186,0.054108023618674415
-0.7038067528218008,0.09838167139265439
-0.6803251688625807,0.146905940264514
-0.6872155003582054,0.10643078466657312
-0.7008203207751269,0.08298350407991631
-0.6970786716402687,0.1325985209097266
-0.6987076411617703,0.15489918007364215
-0.68363587007842,0.13716857936157464
-0.6998786727110372,0.08836019900546564
-0.6824243086717358,0.11065354770874922
-0.70653691185688,0.08091065792485777
-0.7111050997358018,0.0982511085922418
-0.6909113718604576,0.10653306138482528
-0.6946963077266536,0.08718858319179627
-0.7074710577508818,0.06811192361177408
-0.6791388339010341,0.1345828667967589
-0.7266153268581942,0.07238945002237136
-0.6908623155573169,0.1414575247435478
-0.6948065125823827,0.09833838285130465
-0.7164668484693656,0.0463739929429083
-0.7267325484199246,0.025343821534351548
-0.7009762564594629,0.12941544446595354
-0.695113942965771,0.15087141329748566
-0.7337544884937853,0.05871472353411171
-0.6907339222836354,0.10458501174033671
-0.7278906391989569,0.028000064390981627
-0.7119848183816285,0.1411746539111055
-0.7280693627540366,0.04873003693403663
-0.7108437555113875,0.09031647606411927
-0.719924223330297,0.02789748506298848
-0.7225063857374276,0.04174147890445528
-0.6978502466543707,0.10070573798095653
-0.7209525161170158,0.10339815098811402
-0.6966391880028451,0.11364484572399594
-0.7187948225016852,0.024244801046812304
-0.6994711175123031,0.11588832987520115
-0.7236558503793358,0.0881047763369887
-0.7169834888778948,0.032576255009233376
-0.7216872764868517,0.05193939361007087
-0.7051125252102008,0.094171543629063
-0.7355044302344564,0.06330313765024788
-0.6812007124849999,0.12815174476836794
-0.7104685460974698,0.07761256883770029
-0.7061385944453223,0.1008023134633994
-0.723809581185508,0.0890398890682886
-0.7136161574195616,0.07600253781440565
-0.6853080875015639,0.11680342562260292
-0.7020076132665823,0.09768048055949612
-0.6944101917898294,0.11388870598713284
-0.7122676676928289,0.04588145318904194
-0.7203102897324903,0.09895222549721397
-0.718922511401289,0.12001962623450624
-0.7039166383961083,0.11818342703395773
-0.7049036213220043,0.10313306963086906
-0.715992128722654,0.06816662682613656
-0.7071805001339079,0.11257211026418204
-0.6750902119139811,0.15635223977166052
-0.7301421616056715,0.07706349734191352
-0.7049256851611497,0.08731094137069369
-0.6871988548587423,0.14327034606749134
-0.7274125397737421,0.048229414030368435
-0.700506956345157,0.08037488938964919
-0.7048266569996818,0.08940260330464764
-0.6979563933311232,0.1322716074444982
-0.7162532126935622,0.09382158132775893
-0.7334854472554603,0.05263043126464891
-0.7086065243273589,0.1274239037028369
-0.7055579868185995,0.08445826916521484
-0.7226418201533402,0.07664367729809753
-0.7202691184086022,0.07216979271217784
-0.6989095125245666,0.09426730023052547
-0.7173670077712251,0.09122697606837508
-0.7320507326910791,0.03235760103186322
-0.7086110477124887,0.09144269561914455
-0.7082305332089,0.05664160363166799
-0.7020804187226958,0.07851211161364696
-0.7152820015599037,0.08812979732783821
-0.722086640527822,0.06009640972621311
-0.70138108442753,0.108067009992616
-0.7124486050047314,0.06615768555288823
-0.7263363655722223,0.06024587007048235
-0.7149060325833595,0.05948151062915403
-0.7226248557536282,0.060726143434899515
-0.715278348841723,0.06686630241101076
-0.6808190009154971,0.1479310253006348
-0.7261436647441224,0.03297681885168054
-0.7209478927600668,0.07570878022024781
-0.7029992275722158,0.10085976323581572
-0.7068184750930522,0.08972325302229425
-0.7058545225591768,0.11293015996219252
-0.7140612783147505,0.07916564777835881
-0.7217417701863981,0.0240196529858631
-0.7071907041553906,0.10436332918823606
-0.7219359383312741,0.040050251272522874
-0.6994203156808744,0.1301451424266496
-0.6993242258274939,0.07886469305453585
-0.7184690154727121,0.11030040352199598
-0.7254215989450379,0.09811408851755588
-0.721719395551355,0.08596235950254325
-0.706207528550859,0.08339356063432256
-0.7035028515767547,0.12494932716077704
-0.6981638158684988,0.14680339002022147
-0.7075889932850252,0.11241061664062578
-0.7092628799149959,0.08452069551023739
-0.6864351813212776,0.1030579687239604
-0.7282577196478618,0.06492573333787527
-0.7005660247861591,0.11647596488602813
-0.7042926120609337,0.13733334730168315
-0.7072196053185134,0.08410577191262023
-0.7250487970583078,0.049742531014347606
-0.6909616863372388,0.12438811702282762
-0.6788524118108775,0.13006301941729925
-0.7071289940373373,0.14282865632986863
-0.7090291209381098,0.13002854671472353
-0.7193509032873944,0.050827913173594176
-0.7138652480168098,0.10180175298332074
-0.7003436893829409,0.07927432944883639
-0.7237487669241797,0.08887269406513752
-0.7265711127847148,0.04436369245108457
-0.7251098162749373,0.09621871678886418
-0.7031135928780053,0.10420595763880483
-0.7091374158432028,0.1054857530901864
-0.6952113747088723,0.10301168703286608
-0.715461970408632,0.07338110589380359
-0.7208802646830412,0.05999766478922174
-0.7303307529331516,0.03721312961255327
-0.7301018035385691,0.05927507598671545
-0.6920662869313917,0.11690109370535938
-0.703332386718534,0.10297958222310317
-0.7150465820582784,0.09201448975300944
-0.724631526466419,0.08081220903407192
-0.7261509634098887,0.05077961379249158
-0.6930462048091133,0.12780593482661257
-0.7175191949944075,0.0763273073824038
-0.6967022852354227,0.08966764710598654
-0.7044511574224918,0.08487632231927648
-0.7103333858094798,0.10440750185607552
-0.6944633983677179,0.12041327269013805
-0.7194712788649036,0.09168338395796552
-0.6921616215926931,0.1312410825801977
-0.7244636659194165,0.04149124721837514
-0.6975898398844406,0.08984350917407011
-0.7212643569485353,0.06876234834897264
-0.7080158012264163,0.09799440070682454
-0.7192742350079923,0.09085182004965552
-0.6962796965263351,0.09229625522777656
-0.7197983690129922,0.08604767460847913
-0.7119127055381779,0.06519324076258472
-0.7061743154130907,0.13302171820874245
-0.707934028528636,0.08559805535576617
-0.725527965327833,0.04568485510823239
-0.6954795712224492,0.10053195357747355
-0.6960487149414893,0.09283063508784563
-0.7084534690310503,0.1117166136813616
-0.7050342952175758,0.08281928199287465
-0.706933747052144,0.09270981117928917
-0.7004026082254798,0.12108302581345681
-0.6765804105957348,0.1312588762272351
-0.7083839626139138,0.05473289185764071
-0.704041929584552,0.11952851941202414
-0.6981652228022717,0.09448695229183349
-0.6863422182706458,0.169172699556003
-0.693854227253288,0.12266460037630518
-0.698291833551365,0.13084353090387257
-0.7159895464923454,0.06637093486528184
-0.7060384078950092,0.12237714097255387
-0.7061366048551244,0.07407861229970371
-0.7159485915602053,0.11361763280479799
-0.7010669355896441,0.11271018165155433
-0.739262042080116,0.040693810987647835
-0.7087148706661872,0.0747540198955736
-0.725517119212442,0.10098641084175493
-0.7010856147917819,0.09854772759301857
-0.7285965314725249,0.08199320657126481
-0.6956832271586799,0.10781973920985104
-0.7027382809463156,0.09857155092207535
-0.7073122959385145,0.0720845982493467
-0.6797529208412801,0.13989937197185975
-0.7083638736031007,0.1255962594611761
-0.6931881599263001,0.10442305708987512
-0.7053987392716657,0.10298216899681244
-0.7097815796889562,0.10837816141733754
-0.7140693641773543,0.07135350703574946
-0.7151794348024664,0.06075369726602831
-0.7232948739159945,0.10778716143132742
-0.7209395408728232,0.10565726093733507
-0.6930969263302471,0.10749240476668996
-0.7358826728315845,0.034164436563694854
-0.6964966363589379,0.09328253322057375
-0.6962075400588118,0.09696728763401151
-0.6936337779477965,0.09402135338710899
-0.6936176136012849,0.13543840049192596
-0.7225231570699481,0.0742253379785176
-0.6932962400364439,0.09628284167696688
-0.7133550814863511,0.08947300672368988
-0.7220073392143109,0.0520332779838618
-0.7096612872435326,0.0701757217991048
-0.7251102433783783,0.056452709662127204
-0.7197721037182123,0.09481094890874743
-0.6972751360000125,0.11978676912512658
-0.7205660612702626,0.06421661616706001
-0.6874976203046465,0.12365412797563939
-0.7254725563588257,0.044017536710935556
-0.7226774863825337,0.07170711847932522
-0.7140896791459165,0.12259842112355919
-0.6848409889620032,0.139118770947171
-0.7345553206212557,0.0176550327331844
-0.6941783285360541,0.11015124581852724
-0.7188385940887105,0.044262294480418844
-0.707082898618276,0.1052540135792524
-0.693571094222273,0.09270869581049959
-0.7316585672559729,0.03688727634167305
-0.7057823632414673,0.12734701443017177
-0.714253663081883,0.08092429586452903
-0.7146939137582861,0.06943085706412662
-0.7240329954313637,0.07445429215422882
-0.68989567251288,0.14849926597117918
-0.6923270753566245,0.13858403519751633
-0.711204697331067,0.10588705328619447
-0.6953140039674695,0.13902084685213476
-0.7152285671255739,0.10701323453319281
-0.712009369115337,0.07868382106789171
-0.7130652311761992,0.0553384244780077
-0.7151967095910847,0.10489278538143862
-0.6957224424405128,0.11906290130084987
-0.7219211120916759,0.07547697113645646
-0.7323451337291964,0.053063965511187444
-0.7181336578977353,0.08622858350334377
-0.7059519377595365,0.11646446864881928
-0.7033912578266347,0.06387351820814334
-0.7119613073352065,0.09323828536885065
-0.7110863276137158,0.12882853893696314
-0.6964639494010573,0.13914717786763206
-0.6889391708063897,0.12322104110260199
-0.7077571695776291,0.10053099004482775
-0.6994911449097951,0.08837972426524206
-0.7205463947213694,0.06565514784130003
-0.7221352279935366,0.08158826638769985
-0.7123588323281183,0.13269596964480382
-0.7045536296922528,0.11236053796727091
-0.7121882009368861,0.08501408472730516
-0.7099145350757866,0.10661030842509005
-0.6931991214465013,0.12937615744352307
-0.7304399809821388,0.04249420901258633
-0.6952796944236643,0.12684954450492697
-0.6987283736086422,0.12343341183669834
-0.698507545014745,0.1126232171482599
-0.6982795618239507,0.15013525276869627
-0.7160111429314684,0.10902198966761026
-0.7046299312338135,0.08851681125447898
-0.7100065831095342,0.05776189699764147
-0.7241428284730737,0.021266842246537004
-0.7072092514821413,0.09832165870629374
-0.6886678792021592,0.16863775815673948
-0.7197990574073891,0.10694346933052436
-0.6942087350768249,0.09607266772512751
-0.707825300391584,0.12178374230829485
-0.7309094779054083,0.05703111589974719
-0.7125841067913401,0.08454517229410896
-0.7315197375270783,0.04824711917334831
-0.7282493568132954,0.06766646999681786
-0.7013876467415435,0.09141774581036562
-0.7062345365881438,0.09932503093300561
-0.707282324329725,0.1293780868618594
-0.6898414450612054,0.11977237019718676
-0.7035804166663365,0.13408944109853838
-0.7048229528818618,0.1453705967090125
-0.7021226653788694,0.07914069025562957
-0.7155373288777541,0.09258191638697824
-0.7052975695429198,0.08664874200089294
-0.6941825825044127,0.13149361990595348
-0.7047993754286178,0.08266450768169278
-0.6986268623393413,0.12654088567920968
-0.7286935951266515,0.04316320770447715
-0.7143895875944113,0.08716800148757409
-0.7263373648732784,0.07585253504192575
-0.6975966918346489,0.12362956764631414
-0.7158309925949674,0.10451949361872732
-0.6984466554101963,0.11744155275545884
-0.716853409201544,0.054513287879942335
-0.6863410310990563,0.14921917287256908
-0.6966771475026377,0.13792369749333336
-0.6882264836362855,0.13182534841456628
-0.6916389811218586,0.13500140340219102
-0.7267636952457535,0.08806099674814372
-0.7007448246546653,0.13076567541875084
-0.7050428645660356,0.11556128155635867
-0.694243442765472,0.1267282331138193
-0.6966040912334595,0.08513446267825504
-0.7208619542753909,0.08904517293594011
-0.7276809364616306,0.06819488030771939
-0.7260329470339826,0.0396966500134366
-0.7242074809581559,0.10032305363842625
-0.7255823799968067,0.07211984391371536
-0.7185293114789764,0.07914569606934754
-0.7114354505082098,0.13620028861176353
-0.727497921664879,0.04625253164087535
-0.7107430661619029,0.098651234698141
-0.7171010133734408,0.06746436538524232
-0.7021227312340886,0.14646727856296995
-0.7070649195238424,0.09780138250912737
-0.704713566478501,0.13022455347494602
-0.7154487597520451,0.040660062616199116
-0.7026835747365249,0.13232685647532175
-0.727347361481046,0.022779810337135827
-0.7031343036825531,0.13416353705897455
-0.7160969258851484,0.10059904139355073
-0.7123629795372335,0.10701625850532907
-0.7098150510164065,0.07097300200928351
-0.710582961089628,0.11440181783942804
-0.691518998728178,0.1620408656518643
-0.725010424931928,0.058563911401945355
-0.6914418616699347,0.10780653976058949
-0.7270859373272252,0.05465093066831279
-0.6952800301604884,0.13920951151529745
-0.6827364720586829,0.10982402347647048
-0.7010089711398041,0.10997279274074956
-0.6803817887516095,0.17217027761977488
-0.7105449549550852,0.09236921484947407
-0.7011520165806276,0.13006713460700525
-0.7269957648111012,0.05205551410241567
-0.7206989604961554,0.09886661542207838
-0.7012172662211352,0.0964239216299301
-0.6995464079794665,0.10002631470009572
-0.6902347399224402,0.09487887775944365
-0.6975287774205217,0.14401568566561218
-0.7036039876386819,0.11092299589179656
-0.7244086616679195,0.06975255789592415
-0.6741374884956146,0.15179803393917507
-0.7280558417077725,0.08099531281174077
-0.7011040123379143,0.09932444907297512
-0.7240759143690245,0.04871418851522997
-0.708275320836285,0.13035433278632017
-0.6926554662175687,0.16197066713180652
-0.7062773306298304,0.117009439667992
-0.7050575142773977,0.06537354517598648
-0.7016008431398326,0.09617249471224569
-0.7159985388906642,0.08909934972341511
-0.712251056673789,0.11520296992341862
-0.7177030893403711,0.06465526594215246
-0.7282465055066398,0.04883296898265078
-0.7119907279532062,0.11561701747718962
-0.7136699687219119,0.09123907427538344
-0.7067797510470282,0.11260793391240558
-0.6991597196903085,0.1357133136818989
-0.7025665243545549,0.1032858908672777
-0.6911708611299673,0.11048527233970519
-0.7274981982551144,0.0923829192913899
-0.6925653141809526,0.1250156383151649
-0.6911993831641888,0.15740447578996192
-0.7264375192996231,0.04730232871516852
-0.6942538733795969,0.13506907775511662
-0.681513676784737,0.1380827191834831
-0.7242595077958549,0.05679379749867409
-0.705963502731365,0.09864392704225913
-0.685612060312083,0.13282730029503292
-0.6943288156123929,0.13539718646913293
-0.7057945532274587,0.09508421210479397
-0.7145151645276322,0.08257365541842349
-0.700373495913794,0.08232161789511097
-0.682769629813973,0.11704612129489625
-0.6877116675857842,0.14501700367347994
-0.699558105798343,0.10699762833773649
-0.6784018724673059,0.12969096932585425
-0.7158530132385703,0.09449249080711387
-0.6949812087132465,0.12878240102750024
-0.6965339174170233,0.11151577415796715
-0.6790294345330399,0.1273784609458368
-0.7208239085940964,0.0803053568624035
-0.7134121752850908,0.12558175985992093
-0.7012181318728327,0.13154716035020492
-0.7083809678545204,0.10360659938351967
-0.6978636092818014,0.10553635904654694
-0.6736614652969118,0.1480331699251814
-0.7182833525083225,0.12263900690431198
-0.7245765631416798,0.05152367305952288
-0.7193007901433776,0.08978501932050154
-0.6923177058534501,0.10726322064113755
-0.6955396702089403,0.13233291203994557
-0.7142581196477702,0.05718274406320359
-0.7020844812215924,0.1465744133576074
-0.7016039579233785,0.08988670662290138
-0.7020762654854025,0.1233726832840303
-0.7166412028009335,0.07036151019654663
-0.7264657490732315,0.05976127431397067
-0.7132806822822022,0.10878803570631954
-0.7018131725885628,0.11462236478931832
-0.713895277772173,0.09550333477081799
-0.6936386996225371,0.129369599993361
-0.6933719349798967,0.10223898760032424
-0.7134338981561894,0.08782898366327445
-0.7267837973778337,0.08208477592559943
-0.7109510482272497,0.11785988916998397
-0.6990194669703358,0.1514718348667598
-0.7096616706335176,0.12295707179411153
-0.7145001392180933,0.06237166802438902
-0.7076555841881228,0.08176599188854723
-0.7223449292236256,0.07501708953369314
-0.7068229638920434,0.10144410757798482
-0.6965953211850479,0.07735070391465053
-0.7016056193328617,0.1304051728651544
-0.6924152891515911,0.12150301936715457
-0.7236776156277527,0.10578674039137023
-0.7248029633792223,0.04788203247484837
-0.7121782734508723,0.09666732240887897
-0.7256125041742305,0.05115038220830009
-0.6969644216989777,0.07678447488852366
-0.7188457617855215,0.06843096070377214
-0.6885041671617145,0.1590572389234137
-0.6902884811594275,0.11835289865121162
-0.7156828442002499,0.06336533772184873
-0.6886017874631877,0.1407067320148153
-0.7119990815338585,0.11360093023219932
-0.6915408320617624,0.11349987782995581
-0.6935753656594307,0.13375539522258098
-0.7075369974603342,0.12876376083452715
-0.7311120992885443,0.04038564467022914
-0.7148193720542557,0.10958232421726873
-0.7326503646002905,0.049198575083711775
-0.6993704122005194,0.0794045095034579
-0.7277154419762866,0.06835078685797942
-0.720537155717101,0.06345171385696542
-0.7028109276842427,0.09201494264266069
-0.7225840321061715,0.10090468931705159
-0.7009899913426451,0.13306382637707784
-0.7157495457176353,0.06220443459075833
-0.6961949256615125,0.15411087379348515
-0.7209831262033973,0.05626785817660567
-0.7050257324623324,0.08832903922911686
-0.6917996536653771,0.12962444892008515
-0.7114726481545866,0.07115457525366667
-0.7259742584908818,0.06703466256179669
-0.7275487207790436,0.055870273117520346
-0.7124014205521182,0.07458787661903801
-0.708967493780024,0.08130700965666643
-0.7108321198103492,0.12684782613850787
-0.7101956181852853,0.08763650593026069
-0.7109501846343286,0.1315371957828724
-0.7152378418940407,0.06702722580172413
-0.712569914079883,0.055496759985915245
-0.6862724552567725,0.1438026112024674
-0.703468202579718,0.1123664698349073
-0.7267595673915715,0.05104424472860994
-0.7116416942434434,0.08729632151430655
-0.6966862497643296,0.13571902690098947
-0.7090943648078795,0.08535701778406607
-0.6771337189086092,0.14223232072459935
-0.7006882036223668,0.08186224662635025
-0.6979273369716898,0.07385597972323507
-0.7155901185984755,0.07946600716197318
-0.7077473323907164,0.10532079552026193
-0.6920481379450962,0.10850363408175538
-0.7124363241042189,0.07208351558659717
-0.715356287012514,0.08745294414548886
-0.6984290649730974,0.0849952250880944
-0.6776667699016622,0.14619917073830485
-0.7132347672328379,0.103369415999543
-0.711353515593251,0.08466749761631673
-0.7276991815668639,0.052840977318259166
-0.7123950740396781,0.05625865310920092
-0.7278507328996563,0.07588547014970157
-0.6987692227692296,0.13864744003512766
-0.6972124011974568,0.10311490678338793
-0.6872707107683579,0.10392424125458105
-0.7120549284987618,0.08601526521465135
-0.6990540053120509,0.10998484951573474
-0.716097143856681,0.06810573796367082
-0.7007706291299753,0.10613797624118011
-0.6881188131365722,0.14215864597413222
-0.6939353079795876,0.09884726023769219
-0.6978816855503274,0.12018191204481428
-0.7053761382781674,0.09017352387505284
-0.710947515385109,0.07106313764413583
-0.7177388100808139,0.04514126221094715
-0.7131651172755847,0.07336360576215119
-0.7254782812926138,0.07414419737242176
-0.715213140623857,0.09504113448296848
-0.716498538730205,0.07083643115314388
-0.7259253980949331,0.09094468696888529
-0.7143027582803365,0.11294724871405203
-0.6970142833423453,0.10891598747011118
-0.7040824176627815,0.09491720972774333
-0.7266331244183964,0.048482528290778516
-0.7228030816897545,0.06677511539956744
-0.7338090061927603,0.042867636112732824
-0.6955685175507559,0.1313248358839342
-0.7034522685803675,0.09816275643774272
-0.7020965189783483,0.11656950359110739
-0.7119818839450676,0.10461390429378617
-0.692463495084027,0.13529811632393027
-0.7087123416216544,0.12748052178746422
-0.7182783919169224,0.061041624540183435
-0.7110983319440393,0.0935893534975972
-0.72116876507206,0.03776795734200016
-0.6890917093483833,0.14089263845750566
-0.7093022761946234,0.10339224090286071
-0.7220916325800282,0.05229275798451156
-0.7192554677992437,0.05668350974547811
-0.6797344212977705,0.1488254068069136
-0.7026708402386908,0.06896641296724186
-0.6971308102766366,0.12326273433592574
-0.7181825160775729,0.05306765394720133
-0.7170564438188367,0.09281307585848135
-0.6975164251670976,0.10239296935573222
-0.7191492089080797,0.09579094444310317
-0.7080796109424082,0.09748614575456238
-0.7123864958909674,0.07085312992543188
-0.7179283788864301,0.07327660445372039
-0.7287862195494766,0.06167502264573792
-0.6939376011866959,0.12001795815528905
-0.7179973196829844,0.06934141782785938
-0.7158968437972654,0.08149790555349168
-0.700003618501957,0.1240543567525796
-0.689533676644293,0.11520604828208984
-0.6905096872436542,0.1527059199840109
-0.7085206601636074,0.12332898909177079
-0.7006124435213639,0.11976085008173155
-0.6980632615864588,0.08188843791406829
-0.7185646753886116,0.0975795705549901
-0.7206649960858047,0.07358813757240934
-0.7026041886917198,0.13087039382677357
-0.7150376970068735,0.09513059587757895
-0.7105603216626779,0.07825414628999822
-0.7179915941794419,0.08626158608454343
-0.6825578406254144,0.14771867727542531
-0.7131157535830652,0.08896937393520227
-0.6938856378389535,0.09826867403058938
-0.6971587744449094,0.12259115092424884
-0.6896435369075057,0.13994771665867112
-0.7084137099070049,0.11533400827694207
-0.7339756017697945,0.04004060472524796
-0.7130116721589485,0.11312724459035661
-0.7140010495420126,0.08673698646316097
-0.6802605730259491,0.13296841756513836
-0.7191865721646027,0.09299604949234706
-0.7273098161009537,0.0339651661780141
-0.7129182073272538,0.06095625872199785
-0.7065022873229753,0.1004929240028307
-0.7225082530619413,0.03490274501571072
-0.7059283468226352,0.10818999555238015
-0.704964407876558,0.09765030474905684
-0.724712570465411,0.05333587729497657
-0.7051732313886963,0.11023640576633002
-0.6950006342054258,0.13016748843052983
-0.733573677684332,0.03318069499769971
-0.7312905328867823,0.058496749279656306
-0.6810395785376,0.15195481754708987
-0.6794901396112243,0.13718421403761197
-0.6876141229521905,0.15572842735437892
-0.7235234759453851,0.0461731670376879
-0.723122362936858,0.022003232002607342
-0.6955766110619647,0.1293025737932164
-0.7125156810626683,0.12515464680778327
-0.707802139691837,0.10679016301914575
-0.7192750816801659,0.08540957922149789
-0.7024959552254216,0.11313193439639677
-0.7015212176650519,0.14173573595477032
-0.7289223715476058,0.06913258109523525
-0.7219297034473764,0.0498876045284001
-0.7011795927380539,0.14668091157899255
-0.7129959230282049,0.09840895032482483
-0.7144344931175783,0.10335503418722936
-0.6899276053159007,0.14299763298398624
-0.7052377705807286,0.09430622466971227
-0.6991956254106286,0.10920823482246256
-0.7091798474453266,0.07887071333150476
-0.7225878359837412,0.06715850099320354
-0.7265926641787612,0.0657310311117202
-0.7292719376737453,0.06091857244099541
-0.6997359371170352,0.13429112677834235
-0.6955239046725651,0.09095321567757123
-0.7335692159808297,0.05754223627131681
-0.7103306834718762,0.04989273506441532
-0.7001883284220639,0.0824763217977519
-0.6954382189967608,0.0945286005159999
-0.6999185378463947,0.09577229487016056
-0.6997641127624361,0.1132924074709793
-0.7120860959714385,0.07645777969450099
-0.7104412736886411,0.05883850218346886
-0.7053920849207235,0.10659524805830603
-0.7079990953509568,0.10799337085145107
-0.6916693475635927,0.1079882088998052
-0.7178569976096347,0.07970990475757725
-0.7033191345881346,0.13490794099487952
-0.7214237635277451,0.06564891298166955
-0.7077254026675629,0.10254927488607968
-0.726558567871308,0.031601853059361584
-0.7055824360310032,0.06021311643512055
-0.691722040626725,0.1297187825133052
-0.7283306852542767,0.057310451178931875
-0.7134718750213673,0.09735512271803967
-0.7011846519652299,0.06966277931354038
-0.7140082510114739,0.0753886490054636
-0.7066469141154906,0.11470437858091374
-0.7190785610732358,0.03249415498704711
-0.7133326798454142,0.0942935454953317
-0.7076923044703839,0.08098506581332961
-0.6984476215182908,0.11111592088691538
-0.6973812022762667,0.09117710121931547
-0.7168795812487592,0.09301032413346418
-0.700619324604731,0.08069821476534601
-0.7290943322055501,0.04598215761071966
-0.7078434316874698,0.11043354921148668
-0.7219946654349633,0.0582996537069709
-0.6849807348216682,0.14054432332780056
-0.6948157784558909,0.12173876997886021
-0.7134059923493978,0.09178206107992774
-0.7231088419863867,0.04566163654296982
-0.7219362762958899,0.036581021087825495
-0.7120899575127795,0.09280289890860596
-0.7044570210711291,0.11183062861173876
-0.7126170513058603,0.08539309988138492
-0.6990407499486333,0.11793942072700017
-0.6781479613640241,0.1601638409304157
-0.7291319038111221,0.059266490322745585
-0.7183302859261758,0.050720142354427726
-0.6893142540417201,0.12663949159998067
-0.7251733335243922,0.09935275556410739
-0.7053565807482707,0.1339138156083412
-0.7222382007350217,0.020848243504835415
-0.7228332004129548,0.05921544162690676
-0.7009556295696356,0.1130056674708684
-0.6814139567442307,0.1317211388158089
-0.7129176234292179,0.10468228559307471
-0.7077196233088129,0.1175595414560072
-0.72857714207153,0.06387038604705537
-0.7124546286738014,0.0949432675339041
-0.7188424424611883,0.08345950636417013
-0.6937269241585237,0.14453595038151026
-0.724996807980092,0.047228890403288856
-0.6967254484650277,0.08823059914639227
-0.7103679209534957,0.12106573973419783
-0.7249619124932271,0.06226236805003045
-0.6895214166645821,0.12267857674979088
-0.7302461542794222,0.06499519456859609
-0.7004873056307784,0.1117217718577546
-0.7292176522284071,0.08283134398017812
-0.7188047859759987,0.11328585528080917
-0.7144291558822753,0.06246194554198431
-0.7088404470769096,0.09345751510394933
-0.6907298404042141,0.1363993860697561
-0.7232557785532606,0.054583028564340566
-0.7077774843774113,0.11933289721138356
-0.7182975023335062,0.1017384859217533
-0.7158680824768107,0.08281512413418275
-0.7041068188925574,0.1423251348421035
-0.7121431625848167,0.0865417951116593
-0.7254710889653342,0.07536306316542764
-0.6931087216862667,0.1411994742380523
-0.7064688516503209,0.08529990252972365
-0.709628784761823,0.1404897930218315
-0.689442759947722,0.16448629415478844
-0.7251666870240469,0.07147082688843176
-0.7060041333089428,0.11448197541001803
-0.7050661961362602,0.12015624199347652
-0.7137702933124799,0.12421862064871766
-0.7207134712430225,0.07379174138832711
-0.720540677755172,0.07400424533376142
-0.7153964750946032,0.12257263563592626
-0.7148780586794639,0.1026046917103508
-0.6933406319362159,0.13413591774665384
-0.7087087303961063,0.0871816391772355
-0.6969094596644366,0.11140270972153375
-0.7092851076960986,0.09896564708426553
-0.6948772417343995,0.1298730103448226
-0.709692891673525,0.09424901305423629
-0.7145677293468312,0.08674431287109427
-0.6813924123285305,0.1682494560236376
-0.708397023473261,0.13270591996229095
-0.7163135092225432,0.06182266474222668
-0.701703447027552,0.14557929611811263
-0.7097096393496735,0.1280712902915585
-0.6867077769066384,0.15455259115181527
-0.7069484197737005,0.10159799907813817
-0.7224391621675371,0.05136251967829286
-0.7354987345246065,0.041704267995115424
-0.6817334432901248,0.14314741287413044
-0.7037094615124366,0.09526378146313323
-0.6997054138958164,0.14377335537589164
-0.7012149598813431,0.11559077468047821
-0.7091077506992248,0.0815901862707932
-0.7026254906328145,0.12538385381238787
-0.6885540826405433,0.1509081980949688
-0.6919225589280701,0.1081560563383239
-0.7000825588346364,0.14286043364962236
-0.7065903532332641,0.09838618485439159
-0.6939329748472303,0.12294778833227803
-0.6811868605478998,0.13480320876285107
-0.7033204807026685,0.08664532189067187
-0.7172406836313621,0.06059721960008077
-0.7156902559793565,0.09150895839578602
-0.7277523298422562,0.04715666517745447
-0.7135094294830661,0.1169873228240684
-0.6991718604718873,0.07500459051408168
-0.7326214207100097,0.07232636003394213
-0.7200921233591985,0.07272779340540618
-0.6881132299743442,0.1528623119253873
-0.6909869772799259,0.1162213205237142
-0.6862036142162389,0.1330634849478691
-0.7139868248959271,0.059144474208213185
-0.7040408665142227,0.1204649771925718
-0.7248216795757609,0.05096493173041415
-0.7272645857585741,0.05939008110421941
-0.7278961657515481,0.034291155546905365
-0.7074686149243669,0.10101155576336787
-0.7012304713019623,0.10283454297229981
-0.717466075455481,0.07909967198944276
-0.7259700485904446,0.09069709894415348
-0.7146058793747532,0.07650506650343403
-0.7095887424701253,0.06105905385253282
-0.7220017508768752,0.06716056097663427
-0.6870510115365085,0.10725784368834124
-0.7151941782549549,0.06607346755266098
-0.7231471853985829,0.08288864272782606
-0.6938453783256644,0.11485460977621456
-0.7161748612331145,0.10487744038810377
-0.7261617616411485,0.05442618935298706
-0.6906273118920196,0.11905682690232852
-0.6943588158051351,0.11341543280042551
-0.7147402680917501,0.11782435318238484
-0.6885768449552321,0.15316169174332675
-0.7063992363937185,0.09985162885024679
-0.6951511568791846,0.09842740546925785
-0.7174867991907494,0.10122642590840694
-0.7296506187353043,0.07043246309942622
-0.7205069437531852,0.09322515308216628
-0.7024761935015492,0.13897946254192725
-0.7196873002317631,0.08100998373294481
-0.7135709497890473,0.07916126578763737
-0.713269037727057,0.08258914713906043
-0.722296354148282,0.04497823578076333
-0.6958080437398171,0.09846120107690788
-0.6865094331856103,0.12412445293019318
-0.7309576932197634,0.047963857125993825
-0.6993246014008678,0.14223616733517433
-0.732926078671744,0.028820442871610587
-0.7076059007166474,0.10246728971138046
-0.7163705368791368,0.08000371146418095
-0.7268243269907488,0.05941422143683376
-0.736983852490849,0.04041344086879542
-0.7242389464072426,0.0625193643624718
-0.7047661718337795,0.08711996835418921
-0.6953932443333781,0.13657188848673046
-0.7058727432407431,0.1138703618926223
-0.7175390907324177,0.11010664482568822
-0.7318423119500971,0.06285469613561909
-0.7000382876548872,0.10104857671013033
-0.7003865671122965,0.0916305906036241
-0.6931453814406842,0.09815464150877984
-0.6884530775327721,0.15680355510267488
-0.7171727337636492,0.05509510162312712
-0.7099687957347457,0.1176396259066488
-0.7221739496738175,0.04871085077970547
-0.7147395481976255,0.11291211531398637
-0.7159681940704526,0.0979079303481076
-0.677413145791595,0.16836129835037192
-0.6977506748018999,0.11450061212305684
-0.7090020822782841,0.09479615031065895
-0.7089957932929086,0.04733489801268214
-0.7141124168471717,0.1152101245560831
-0.7054851048967195,0.11732692696873162
-0.6981662687989808,0.0986075624469688
-0.7078127348637677,0.09830922777489444
-0.6875263183642777,0.14208407893837963
-0.7138704296625412,0.04071970353774522
-0.718310958909319,0.12026569912638436
-0.6896023814423632,0.15429949392737596
-0.6826290124945885,0.15854464444057273
-0.731939265315836,0.068252589184498
-0.7174847749225404,0.07756865352549905
-0.7087512764279817,0.07184751087179979
-0.7114231714448562,0.0891634157760922
-0.6984355268633518,0.1466881853478215
-0.7013873778452541,0.11585040035881042
-0.6942286696167245,0.13635268635115178
-0.680750294651941,0.15002620506029413
-0.7208127152782272,0.053773168263608236
-0.7045643923425647,0.11293933694718362
-0.688709008381663,0.10592310039467973
-0.6866930255950071,0.10182570798763918
-0.7075814168738167,0.08764429278154694
-0.7028508171619566,0.09515704694525706
-0.6999260564525636,0.09149456406269416
-0.6994399274107608,0.09339540467542143
-0.6991609977899985,0.09996195668616163
-0.7202058880685824,0.07447626872497203
-0.7026982701474773,0.14080664040736765
-0.6920613151238113,0.13855043576371906
-0.7017239213937049,0.08651852621573768
-0.6889711086919692,0.10553862791315856
-0.6856716375200349,0.13108867284678902
-0.7202309350418233,0.10939768856039826
-0.7147117583112395,0.09808154895139035
-0.7066578366528247,0.12830707796921123
-0.7283741879339762,0.05428212570401264
-0.7183672961574277,0.09769369334936027
-0.7055179798046811,0.0732372435715806
-0.7159286224779038,0.11669169274017469
-0.7090538617866704,0.10489609111535268
-0.7224340537240714,0.04837570332881369
-0.7232638474368847,0.057166956059047716
-0.6819182140773895,0.16213361088183004
-0.7201923603600632,0.07960845170034245
-0.7071964812700089,0.07922579998509816
-0.7088089357974313,0.10821839842144414
-0.693214237024258,0.12415360467521278
-0.7271007190397256,0.07622482594639989
-0.7137750725136983,0.10295030213992157
-0.706058984014433,0.09310135987140543
-0.7090741242808111,0.10357635679810391
-0.7121878123632264,0.09891925688731966
-0.7004480855904333,0.08561639537495658
-0.6936096882771893,0.10015692096337823
-0.7018051913063467,0.07992714439892791
-0.6846797047295885,0.1319004502396834
-0.7285326395630461,0.022403696541080327
-0.6864936242244093,0.12817087710150304
-0.7145670512104947,0.10643012866630283
-0.7066714134605548,0.09176872069312526
-0.7092257711435549,0.10255729180669712
-0.7126318717219746,0.11768877451552846
-0.6809240385896063,0.1326525427913717
-0.7222323427704727,0.09463189853243263
-0.7127410203662258,0.108783257891316
-0.7209065013749265,0.07938360839146648
-0.719814144753204,0.10539854451683882
-0.7120679891601776,0.0800551342001553
-0.719603347047636,0.06422923229120522
-0.7230707141702054,0.06337575629449518
-0.7158414402924744,0.10427422422120541
-0.7260290452519563,0.0828071085315184
-0.7073934941279011,0.07723050634558541
-0.7079321567257397,0.09001351534325105
-0.7156664056112857,0.07798331772923102
-0.7013560669277075,0.09746643014916351
-0.7187902936189343,0.047836887630046614
-0.7016896864694251,0.1065253431145759
-0.7117226295304824,0.09819787361742592
-0.709518492027289,0.12791153965374574
-0.7057563215204814,0.133144371682986
-0.7367045072243185,0.03799416212807992
-0.7176164773840933,0.09471722952468982
-0.6811216167839603,0.14420899649378782
-0.6869377797788551,0.10450017165647947
-0.6857484799504344,0.14903454341689776
-0.7086624665734863,0.09745599959006958
-0.6952589661162258,0.1322748281638488
-0.7335912227113068,0.03256930836280867
-0.6939813715358573,0.15988549486404724
-0.7176506883740787,0.09388674997416208
-0.6887490804279934,0.10525519780559611
-0.7103467534118524,0.09475753490176868
-0.7202442549334005,0.11334333848385439
-0.6931677534235746,0.11439193438004656
-0.714073665777617,0.10478374249549993
-0.70839498615127,0.13238990659995484
-0.7172386255269703,0.09474725034857265
-0.6999753615669451,0.13392586398754514
-0.7046959326822424,0.11293191729862406
-0.726658026438184,0.0685708859943099
-0.6999106884061762,0.09061537141171484
-0.7063529068537,0.09699323879551121
-0.7218904052880455,0.10616069307531897
-0.719243618193712,0.07176123157851413
-0.7274563084853928,0.033049731386229575
-0.7155543334764738,0.08438335862659627
-0.6990448418614222,0.10228450314969426
-0.7046385055662338,0.10542518331014646
-0.7300872178873964,0.03968097970180322
-0.6942781405752899,0.14234518774026914
-0.7326740934366854,0.04215332163105414
-0.7126073072503046,0.06829170456336793
-0.7031190207089247,0.10058216238771021
-0.7207453431766058,0.0999688672259828
-0.6993020094109207,0.08026964544785044
-0.7183557763041002,0.08429982350042303
-0.7169636501482737,0.10443871998118813
-0.7052558848331326,0.06789067006211995
-0.6910662150441811,0.15472007025582157
-0.6832580853639306,0.16003194162543677
-0.7068851702500162,0.09228750375336722
-0.7092773530065172,0.08227867308518615
-0.7074827640274169,0.08020897547421835
-0.7047800682219075,0.11530205369985985
-0.7101337973367888,0.07376460497649442
-0.7061879736733926,0.11339259350061426
-0.706259343868464,0.12575396120980506
-0.706887480536287,0.07943391913077208
-0.6924206954036877,0.13727232308377124
-0.7213278223157554,0.06825522977144402
-0.7139315320932639,0.09525418589374278
-0.7048788431633027,0.0877567988446312
-0.7243850180058634,0.09859540451942223
-0.7128852096867221,0.10157607945776376
-0.7122059850808748,0.08928236448601869
-0.690072067613022,0.13915140084022254
-0.6990738084661667,0.10862725774933722
-0.7058167014393869,0.09549257970528724
-0.7201087442212298,0.087138276556311
-0.7077261980976746,0.06931510845811117
-0.709484288524903,0.11908640348104824
-0.7103259515490019,0.08602893598758077
-0.7169994401080467,0.07607345334540074
-0.6850096111406386,0.15013844306518523
-0.7320718866464367,0.022799342362354827
-0.7156242988315893,0.05180155907911289
-0.7051971845081968,0.0731853392099709
-0.7023988392088644,0.1165622396417244
-0.7342062066695958,0.041311056731788184
-0.7028112896547786,0.13669176699736704
-0.6886955571245362,0.12272097044701263
-0.7043019692409791,0.13259914969316944
-0.6929738098242022,0.12541819309555954
-0.7175332242337567,0.09765022923041584
-0.6983251562303097,0.11656167096703923
-0.6999710375286348,0.10377353529132408
-0.6997180391639314,0.12083062756266082
-0.7232392321379683,0.0424942550214639
-0.6934321330060262,0.10551767289317392
-0.7186983584392967,0.05980127708027629
-0.7060627529632276,0.06324968675019758
-0.7083086327950079,0.10775234898652962
-0.7026836714752667,0.07878777948049724
-0.7077263696397709,0.05873897154836421
-0.7092541803215432,0.09057282959108809
-0.7247090604461146,0.03793320355376038
-0.6986350907573677,0.11780447191025356
-0.7030036621243466,0.1034373905253062
-0.6886887386714091,0.12353767303101656
-0.7047854129223272,0.09201961770662541
-0.7120571813912426,0.10622023990871891
-0.6997666481649218,0.11249173886129649
-0.7134987490935232,0.11724855881073383
-0.7212710429234646,0.07040523334288541
-0.7138100395559586,0.09699237499997884
-0.6850389420750571,0.12150227906052548
-0.7027625820224228,0.09760742561942386
-0.7232420125791318,0.060448788956991205
-0.6942881108874811,0.10071115329030032
-0.6887722355310534,0.10016219856494397
-0.7111413612083981,0.09685571083725916
-0.7119657075680885,0.05553997365056539
-0.7041587468387202,0.06296619179137622
-0.7051932591137935,0.0667382569705504
-0.6953467930013517,0.12576608431782846
-0.6910561880817689,0.12146387356342223
-0.7100062758221118,0.08086788762761514
-0.7195008666566676,0.04189027459308292
-0.7194012144953448,0.07460341975977698
-0.7122530406462269,0.07361822256579016
-0.6957874245308764,0.10429650516432182
-0.7026441480083351,0.09128866097624914
-0.7181336184979235,0.10721933126374082
-0.698004861822377,0.12842284582293376
-0.7124457330226482,0.11381137181732823
-0.7006385899423149,0.09105306257710183
-0.7147958577533854,0.0974501613810811
-0.7013857392234757,0.12835891412906597
-0.6913364503464606,0.14172807836054793
-0.683831271479283,0.12477042185086855
-0.6875519307689684,0.1495850257481183
-0.7015481620898046,0.09109797606922806
-0.7120546415288683,0.09332059726954618
-0.7205311892560524,0.04818139712953546
-0.7123646703487552,0.04270461716360015
-0.6990000349829198,0.12610005074879943
-0.717541277355908,0.04461050305320627
-0.6913163384440885,0.14658275445756888
-0.6911702030118644,0.11790623184745842
-0.6987629083638482,0.1472507815003412
-0.6929432947482981,0.14695326429577138
-0.726411398371537,0.08484799667751339
-0.7361157975831023,0.041820143464324215
-0.7171698670732435,0.032456360576060536
-0.7036779958104582,0.07159462735321202
-0.7150757031299091,0.05976721724175967
-0.6975188547991612,0.14972117629142942
-0.7117408401440835,0.09302335558263623
-0.725283705489857,0.07490078825398286
-0.7214382832855369,0.05153315297606995
-0.7006262285304272,0.11311879345865879
-0.6874673470891477,0.12693584649634007
-0.7146969299083101,0.10837645562159808
-0.728671597181752,0.041541545687568404
-0.7082281528881783,0.1089744588048835
-0.7261490087691191,0.062267845400960586
-0.717644346953329,0.03299307747284168
-0.6972122090371727,0.0997624801103245
-0.7155079314054751,0.1041300560879084
-0.7041842790869292,0.11335473404991668
-0.6861349314632542,0.11132724389096298
-0.7222636090446491,0.028219357278684454
-0.6827860297840839,0.14993670219935237
-0.6996136984771668,0.0803475540125923
-0.7015429862168742,0.13242849893226058
-0.7154536068046272,0.07217361279384497
-0.6832671044650329,0.15542781470924227
-0.7124806340219586,0.0567475400833534
-0.7091362291002704,0.07406247335010334
-0.7156558706438444,0.08842968495244662
-0.7155119727124698,0.056079828372858465
-0.6923206446799463,0.10986758711565539
-0.6930152837952197,0.10384470979625741
-0.7277164616315911,0.06331031423288946
-0.7028593406410519,0.10725294182108215
-0.6977216518256403,0.10904482203991489
-0.6954674747854845,0.0892899907082768
-0.7117589327688244,0.08983218308222701
-0.6926005747684228,0.11160562762170564
-0.7187313324743879,0.03908546483686051
-0.7104236787350009,0.08142309910421756
-0.7196516111891205,0.09605728762867612
-0.7194506393447104,0.03197908079631786
-0.7078613770208633,0.07441740630395288
-0.7079273280132559,0.08636046218206492
-0.701979792335053,0.11945710151228692
-0.7232190421891703,0.0408411103215092
-0.6967765241487216,0.09394298211319088
-0.7186152222045035,0.09379868019761033
-0.7040182947806272,0.10616788047292283
-0.7050719144282672,0.10889903738756468
-0.6992116396489553,0.0795076170125253
-0.7008168760770144,0.07660958771343922
-0.7067216370712115,0.10108722908198478
-0.7129840434422449,0.07696117605073859
-0.702664441070321,0.12010968262179818
-0.7319402741251655,0.04374317938686416
-0.7060574070324218,0.14079748096804626
-0.6911473411878875,0.10427055473270748
-0.6986100955527833,0.09563214834431233
-0.7163857780187807,0.0900389032345508
-0.6988192481699416,0.11024405674431867
-0.7258844846574984,0.04926368076005992
-0.6993233293727215,0.10560731983381476
-0.6923126933602586,0.1494705346691683
-0.7060507703166043,0.09542726504722356
-0.6844480731811433,0.14975566936369003
-0.726871374336918,0.052064058499663717
-0.7152586937976653,0.0874683339526741
-0.7206656807969981,0.05285929355992439
-0.7145066947047398,0.06293571931600579
-0.7113929764083846,0.09056822937407477
-0.7047388906648725,0.13228949945239216
-0.7257686290686011,0.07592703519192423
-0.7123401055074275,0.11633914800451181
-0.7252279058333772,0.07618037625705609
-0.7042822238290216,0.09291514319627095
-0.6970896888606181,0.11045255488820876
-0.709375094174086,0.0822588355020089
-0.7129408112262191,0.07242780690417047
-0.7033810056669322,0.09580016637238367
-0.7248958357852069,0.08582484435430932
-0.7137369613849547,0.1057691973458183
-0.7057096085859976,0.11396857103883981
-0.711846706167099,0.13456439068512652
-0.6987422905363629,0.11965962077142171
-0.6939343705766138,0.1011228616733822
-0.7131323404755464,0.09816616035369577
-0.7173083890009545,0.05555845132496436
-0.7271396717905173,0.0212994244568325
-0.7288972666900304,0.03148557128481697
-0.7212978126445584,0.10080232773776339
-0.706273306394333,0.08814988498592123
-0.7311394076201669,0.04153523940242164
-0.6878662949739859,0.1246300013851639
-0.7049780404422611,0.11435010623082818
-0.6993262091486664,0.08806500908647248
-0.7199167353410862,0.09593828976673625
-0.7172862876284118,0.08468272694101638
-0.7044956764971543,0.09054930022964906
-0.6792446450078113,0.13664723133389733
-0.7207498222128145,0.044271347382453086
-0.6957035868714802,0.12571318168735307
-0.7230665582602739,0.086616695360793
-0.7074455714153476,0.0870552491888102
-0.7107630693690027,0.08865512117618511
-0.6842031704977901,0.16928096432181425
-0.718898818086228,0.06358876451261654
-0.7077286863820057,0.09908319894858496
-0.71329603267972,0.09364063289839278
-0.7150321231860378,0.07449138963032195
-0.7182811134293938,0.08672418478735991
-0.7014148488728496,0.1284086163042523
-0.7168210462546911,0.04697216999312093
-0.7247701173669552,0.04784074020614824
-0.706630766399288,0.13620403717713353
-0.7179920798060757,0.040801085110846014
-0.6800796807679574,0.1478472044297821
-0.720900667485334,0.05922912442229355
-0.7053865960890509,0.11319663982640091
-0.6853097444690377,0.14063474841659607
-0.7201407611067424,0.053123370541899445
-0.709667563295033,0.11497494403949447
-0.7165533252713253,0.06819255357019605
-0.6884191127389806,0.11714033200172387
-0.6928076982242243,0.1217253272734447
-0.706565921657077,0.07401797460668824
-0.7114313689009995,0.048858102121086246
-0.7271486464766727,0.05186351178196129
-0.7115917252947503,0.05713428302332134
-0.7160811707450567,0.10681454020020861
-0.7207476409457702,0.10140461997080887
-0.6852863531333372,0.1468767444303478
-0.6960569432818189,0.12422652450692913
-0.6971474859189589,0.11483859028879106
-0.7205806760235804,0.10646382539281574
-0.7094717685094806,0.11265429753435974
-0.7015358960782921,0.1385521531449352
-0.6972581722445795,0.12401453173810446
-0.6984883418328063,0.07751432381985109
-0.7141378244472436,0.11732762961256778
-0.7033103811397864,0.07353874894993227
-0.7009411119813748,0.09271150701849026
-0.7075883637321412,0.10658579511824678
-0.7130269197668162,0.08743157080540215
-0.7144447365423859,0.09142745369839489
-0.7163918616811431,0.0994647786220886
-0.7170585979843109,0.10230765441200887
-0.6980260403333641,0.11964497152888018
-0.6843761492609398,0.150574027143695
-0.7069242493616439,0.12234719339811874
-0.7211221612936511,0.08035682363448884
-0.7116669361537413,0.049844796389448325
-0.7153962611971586,0.08812091401282462
-0.713298343905002,0.07285345175285345
-0.7201435618982893,0.07585885850964769
-0.6991659894210706,0.11425658463262132
-0.723588883248088,0.08034103940292915
-0.7096512931640939,0.09176006608295018
-0.7095672998192472,0.08221063620976686
-0.7114584300879965,0.1076779043808702
-0.7067939543933708,0.10719790828033454
-0.7290809414150109,0.048272061506103636
-0.7017728649219915,0.10819189705706724
-0.7154421073023425,0.11918194581601547
-0.7034094171159094,0.126826068578183
-0.7171453951917678,0.10701873575101827
-0.6838537549593697,0.12050551813197347
-0.6856926314741404,0.11167645035289825
-0.6972150446220383,0.15686276993485307
-0.728063552449305,0.06684611998967978
-0.7096011124058994,0.12307602293067656
-0.702221545994247,0.09040571531389242
-0.7143323389895052,0.07909118559770394
-0.7047211667903024,0.12095011547184564
-0.7010314783739057,0.08590471280794686
-0.734515034013614,0.0597641954813907
-0.7101997770104226,0.11240767917548534
-0.7202460443487899,0.06635955608725008
-0.6841501850157138,0.11960652861569677
-0.6957681947710431,0.09697683921819025
-0.7031250482844477,0.08968465776957021
-0.7137140972929679,0.09208981451984935
-0.7091027536618666,0.06648695682222706
-0.7159574255644292,0.10446483730971949
-0.7006646152346846,0.11072914576693088
-0.7055978050002125,0.12297901289062818
-0.7018951189517554,0.11174098188426719
-0.6990399883536117,0.13654634448053676
-0.7233482889926437,0.03432507417064379
-0.6875793535107873,0.1284474734729922
-0.6835906146908399,0.11858509971495863
-0.7080615093201762,0.12194374771991763
-0.6995480594221812,0.1431937573797176
-0.7182970665209958,0.11049291620469326
-0.7086471943694183,0.11108474349987789
-0.7093359198551504,0.08687979515551077
-0.6974184282110093,0.09722971969094371
-0.7247488846990605,0.03603658855440809
-0.7185019301195749,0.06765057929936902
-0.705477745230688,0.07798894073357239
-0.7018289529751943,0.08054187902851673
-0.701635585130337,0.15071255273815598
-0.7044649870136726,0.12330919669282378
-0.7239236107562271,0.057847888704137256
-0.7257353261114626,0.05469306755090058
-0.727926235602474,0.038100620100392
-0.6936399164895345,0.153116679649401
-0.7172044936085478,0.08727794315950457
-0.7322012589996673,0.0549864625272991
-0.7175378370288855,0.08848442703856191
-0.7115464765666114,0.07341848595509601
-0.7151100722103737,0.09902443187456784
-0.7151372994052203,0.08291697694857703
-0.7204647109185401,0.03478448649121751
-0.7116855052777428,0.06709366091535046
-0.7046921450601547,0.11285707917164572
-0.708618089759644,0.08023780486614256
-0.713021890169287,0.09394712099514559
-0.7089752980070133,0.12021473261591283
-0.686054632174109,0.11674692847965668
-0.7080628882945139,0.10530277006683425
-0.718776084977932,0.06535203517494383
-0.6879741175942662,0.11784306626982556
-0.69018014508314,0.13846364652724752
-0.7251538208156006,0.0647515529428889
-0.6826932894737107,0.16031388179786799
-0.712356871192908,0.1274321117650818
-0.6974698525927125,0.11454349382643995
-0.7109214810463726,0.09885059235855556
-0.6865099476623938,0.11200767472992014
-0.6841226662795211,0.13846415927044767
-0.7069432051981137,0.08393637008813097
-0.6909108786909682,0.0931094580273938
-0.7161394758852788,0.07552634906261231
-0.7113201295509415,0.11855395004387269
-0.7178812712545867,0.04489188977503388
-0.7210652011228336,0.05012842903985388
-0.6843198613490884,0.15252849539207763
-0.7208378707495859,0.0736748461034625
-0.714586607997297,0.08961853203010847
-0.7227651442033487,0.037887509219709396
-0.6941315758413436,0.12151990809674985
-0.7248564157418647,0.0280670062827742
-0.6999343327280323,0.13076372486625137
-0.7203434339099549,0.08198911674179808
-0.722760144686785,0.04481178005988768
-0.6842156507210176,0.14318775417211585
-0.7171152792076452,0.09937059153702048
-0.7080461966677939,0.09058583629464204
-0.6889957434117832,0.10474549350003502
-0.728173844444987,0.034189753601554365
-0.7005990895644413,0.10802996408360929
-0.7109170253049817,0.05589137268905224
-0.6995520229605705,0.10212110848787284
-0.7340490814497425,0.05396590581705333
-0.7258605371526358,0.045537005500746845
-0.703963022552057,0.09624125428720011
-0.6916935556269351,0.13631246646086254
-0.6919044485682502,0.13135153517867332
-0.6964486943727969,0.1272082029369641
-0.7126436775650978,0.12005247024077961
-0.6804537234648397,0.15772531094851083
-0.6951127941765504,0.10348592746712258
-0.6821757581089226,0.1389457194619968
-0.7281976125617002,0.06487027605717112
-0.7045787761046518,0.09113876753484583
-0.7241108100100195,0.053380766028098395
-0.7273326549067902,0.05438788496899912
-0.6805587450042696,0.13949490428796346
-0.7144467299814012,0.08051032763943224
-0.7085508736312699,0.07576771296961493
-0.7033535096989882,0.1159743970501879
-0.6968065457808506,0.09868863440979585
-0.7002462177163092,0.14673280967541066
-0.6985781416986594,0.14146896576133788
-0.6959569533826856,0.09768084031674022
-0.7214903720040501,0.09239759393796633
-0.7072856251632713,0.09555071276163711
-0.6901076491344923,0.14929583649107203
-0.6930330283194291,0.13583224801738047
-0.6949678384057175,0.09629372314079634
-0.7115485773278828,0.11398711286146544
-0.680321479069615,0.15472782841718713
-0.7045058964456463,0.07231695706484578
-0.7239228738613448,0.05986768405976189
-0.70549537338499,0.1166929454231627
-0.6938142344129491,0.13372226180191232
-0.719504368212481,0.05940218258229449
-0.6956852068345998,0.12736303188636047
-0.6943587229833628,0.1219569803844058
-0.710085810858697,0.08555500343872809
-0.7150138253462106,0.08960144863362708
-0.723395076063173,0.08312588026632262
-0.7270859486710801,0.06231097165572667
-0.7058847638415603,0.14500428033567175
-0.7230918681391725,0.045764976384831714
-0.6951941105058259,0.08942967942228192
-0.6919944998484513,0.14422013755998295
-0.7266233978835317,0.07563822982446308
-0.7136255095110593,0.056907267727888816
-0.7192087153038853,0.10121779494528098
-0.6899697722026726,0.12283205719554886
-0.7047320093512186,0.09452896893582577
-0.6995770053620077,0.13136232355380667
-0.7170279737371873,0.06377722203709804
-0.7309024242391151,0.03236334910591575
-0.7220386129077644,0.09342451871818143
-0.7183834701944817,0.08201050811439077
-0.6933942759250037,0.15309763810951016
-0.693719712903118,0.09180741891835965
-0.7018594871769962,0.11629300575180174
-0.6901093496514901,0.13017597627305633
-0.7096790745910968,0.12027942222532477
-0.7003131051200353,0.10550608564632781
-0.7045021397813309,0.10219750193314582
-0.6983469559588905,0.13032321102024103
-0.7055329162393535,0.13419615460827572
-0.7110597909955332,0.11795727876984126
-0.7082236862907442,0.09933496857551266
-0.7075744268587041,0.09022101569887897
-0.6972588060233657,0.09109137874264778
-0.7135218105213869,0.07535423166121688
-0.6970843603579392,0.10063478868602882
-0.6980883722005677,0.14594750187513886
-0.6955329990162522,0.10122346465621944
-0.7205449975720238,0.06759596676369718
-0.734076751000328,0.03444845258083974
-0.6872767434118714,0.10924102956400261
-0.6961137694408019,0.1393202007579809
-0.7033858551864608,0.09574848600278875
-0.6917584480105128,0.12524469013942865
-0.7089494525365343,0.1307921717784576
-0.7006951574465495,0.0933783499459809
-0.6948731759802075,0.12341281818878075
-0.6940967962067512,0.12674938039709088
-0.6968079017251884,0.14647495925259083
-0.7342493426383203,0.05352455099605503
-0.7132235558425962,0.10150927156773792
-0.7087731759006235,0.12916946009489608
-0.7063772889401881,0.10258200967834297
-0.713777891261463,0.08090665879823601
-0.6984576618064641,0.13056889575082284
-0.6844429128704665,0.13273989529725827
-0.6917402161321715,0.14335485666335324
-0.6798989989957419,0.134829293393826
-0.7089606717290423,0.1315575979444434
-0.718252729733388,0.06910263573983386
-0.7036685039500793,0.06591088721043521
-0.7135304907475225,0.09338629131396772
-0.7115608840138112,0.09945769452531028
-0.7056821841507948,0.12013849379593945
-0.7172511671023043,0.09183495372915784
-0.7124579958772636,0.08625921086922818
-0.7121865636573543,0.12597718648563938
-0.710187263218312,0.07478050738244295
-0.6971145081552064,0.15263311086426792
-0.7180355383003647,0.10525625656688962
-0.7243110620223014,0.024635625837395786
-0.7059564611783289,0.13004029692139626
-0.7258415339109193,0.06437159743263945
-0.6975896206905455,0.09847985086514059
-0.7029176356959508,0.12464541998758023
-0.6881802728898623,0.12596168208017625
-0.7269949875567436,0.07364032552227806
-0.703950292509528,0.1308298082350048
-0.7067494535243124,0.09418890848790837
-0.7060006924116528,0.09458383263724471
-0.709031016895346,0.09101982299601354
-0.7059000542160602,0.11960903115700179
-0.6860764816480769,0.1306811043429024
-0.7023511669862028,0.07481470691145474
-0.6917004662145502,0.10747319311802396
-0.7053552553954541,0.09049724981292122
-0.6832171492251502,0.13256682418904933
-0.6973080252932511,0.10000193100540804
-0.7017755979275461,0.14542000803530297
-0.6968110673127181,0.1282430384898108
-0.7293506831574035,0.07890665002192243
-0.6987148239041393,0.09942577759621067
-0.6993352102517012,0.08299767267196528
-0.7170599801856857,0.06737784074528987
-0.722333715239786,0.05479358235281124
-0.6979796678987802,0.1257489222055309
-0.6998810233655955,0.11570539412005876
-0.7117548837753273,0.10356529011469777
-0.7092658134896832,0.0988558802886591
-0.6987838774821689,0.1195514422964291
-0.7262811957659623,0.05916130258234942
-0.7176909589375992,0.08891314061275926
-0.6843239756793095,0.15579008192021482
-0.7067823638935465,0.1394808403207916
-0.7110357974255369,0.09013058679518283
-0.7148130786030964,0.09971632198215269
-0.7199315781666823,0.07681891768767232
-0.6986010200062808,0.13697123975533998
-0.6859012318692886,0.11820783296949015
-0.7141092828142243,0.09809622136871025
-0.7002822216944978,0.09939450911475411
-0.7035001089040674,0.11395534445301377
-0.7090089011680987,0.06858374839025055
-0.7123176069007238,0.10657850721381838
-0.6900362071426568,0.11976670040368899
-0.7041436151924543,0.09770592118472733
-0.7286145464539581,0.043059274405250966
-0.7162670091074401,0.08622489070847555
-0.701051972320973,0.1056218457824915
-0.6816828209894918,0.13695792147096747
-0.706096856693295,0.10918924214807767
-0.7076305860979063,0.08203445602928643
-0.7153528736548636,0.10742201458685906
-0.7072215755168016,0.13931441726223923
-0.7193577379456823,0.03469655086577118
-0.7001150614761965,0.1353778959301657
-0.7164941629010162,0.10985039726647503
-0.7267218059366016,0.08587932767409996
-0.7179455496091253,0.038788876725946934
-0.7264489097129118,0.04102621675046506
-0.6860982893152991,0.14041096919463855
-0.7103576938884644,0.09020061422160802
-0.7201159799353308,0.09765576457257753
-0.7259983148352624,0.07847282924522107
-0.702971555400848,0.1452085818726195
-0.7188489274590825,0.06309915796087394
-0.6980437024305589,0.08376790300982617
-0.6876357716059907,0.12338008269730859
-0.6959087071796941,0.14398224751621705
-0.6874709655731321,0.14204470645349662
-0.7069008321847929,0.13681403321401328
-0.7087877290593099,0.08391326164263022
-0.699885754790257,0.08763792730789652
-0.6965516651572019,0.1227107309254259
-0.7006105240767629,0.14755639376840862
-0.6956094559401337,0.10464867278441702
-0.7155734272959031,0.07029580462734858
-0.6988053069723433,0.11574427411868878
-0.7071048594713171,0.09606797235703077
-0.7146380155415829,0.08885367191934335
-0.7178859295248949,0.06550367825538136
-0.6908395678550452,0.13693895532694378
-0.7111222305645972,0.10743396403244841
-0.7001621612325399,0.11022600810481684
-0.7104572460269354,0.11308783756883808
-0.6951065608478304,0.12683199790098929
-0.6982643481103142,0.1456928375765541
-0.7119014719815093,0.11945781513451241
-0.7089380510829761,0.11703827437773355
-0.7156301071349236,0.07701594218847868
-0.7190974958942464,0.0850652289261114
-0.7117504657088489,0.06749174479401404
-0.7082614476556784,0.07011362324493847
-0.6822399007335146,0.12266434494539827
-0.7237942919614526,0.0923346434986072
-0.6915599986905108,0.15033785978910402
-0.7130363961258012,0.1169922022395486
-0.6999049051492372,0.0990701788148521
-0.7082602017894775,0.08722109912978925
-0.7012369649551234,0.11548437889502637
-0.699870169753502,0.1295962563136427
-0.7234277585756241,0.03219600813856567
-0.7070596923458186,0.1402338999219837
-0.7052900589233984,0.07419729596190167
-0.679902237921518,0.12826895664871377
-0.6927085582180582,0.129178966880015
-0.6943751682416953,0.1393551494951621
-0.6974485707713203,0.14235326766625223
-0.6988647438227368,0.13007472911487197
-0.6970103188811071,0.11032670929160912
-0.7033707159559369,0.12496040359723427
-0.7084971928488126,0.1275658374899252
-0.7210869308196916,0.05833041480137031
-0.7082292895825593,0.11248035990408911
-0.7028018989062105,0.0673296766187005
-0.7051870073794907,0.1159187258054959
-0.6988813496112672,0.14024146260438594
-0.7131118831456538,0.05605731143676517
-0.728522763093534,0.08480246262715326
-0.6975947060128841,0.13003266252880805
-0.7102566258356363,0.10113721565498125
-0.7131007351994064,0.0736493367484523
-0.6961611707235561,0.10427420168353173
-0.7137654958320372,0.0917061668744234
-0.7205314417658585,0.07730977459389131
-0.7125085840678619,0.07539194440467467
-0.7141390325070768,0.058048131018701314
-0.7219689959285225,0.07738174396477264
-0.7201975963576257,0.06410437437274548
-0.7190642988336071,0.07333988981590989
-0.6867499879015689,0.1494139989143158
-0.7146791491180106,0.07428501462514527
-0.7036478697698324,0.07193078728472962
-0.7152022510717169,0.09816689929700721
-0.7226853668027741,0.07025995599571438
-0.7167989180940629,0.07363364888935768
-0.7089456161236269,0.11157727491815993
-0.7108891934203001,0.06723776590494158
-0.6889809068330276,0.13818401723924673
-0.7126566291316859,0.11533152551200866
-0.7252336067986357,0.07423157959516322
-0.6998772434823723,0.13798778178922566
-0.7245958699869779,0.06143375377972208
-0.6957361491996719,0.09524432349889632
-0.7121457386693019,0.07266156815515663
-0.7007126118032899,0.11350351246010362
-0.708471288707944,0.07462419582557844
-0.6904265348933872,0.11812697990446312
-0.7010459753538414,0.09880670352398736
-0.7078532810704586,0.11229655031846117
-0.7256284798515535,0.06463445076979
-0.7154315758870854,0.1063182774551427
-0.7178975308362551,0.09550641506911352
-0.7087626461888856,0.07952684972197424
-0.7194533548682603,0.07736945350184114
-0.7197608127725104,0.07454004452087694
-0.7124524607524587,0.08603417202287394
-0.7173740302475463,0.04845863363725887
-0.6824718950632831,0.1455512200971742
-0.7282461394190824,0.05716914734328618
-0.7073019264767898,0.13874227534367972
-0.7303308249777684,0.04998622938034697
-0.7110807989647213,0.1253043379454271
-0.7281099449039754,0.07757376556088556
-0.7076852990726396,0.08331726255467152
-0.7105100524520396,0.0832642888934401
-0.7089369679714828,0.12217981293613764
-0.691447005910752,0.1084910853926639
-0.7068659642399685,0.09875955681277088
-0.7034764994242683,0.138269819889475
-0.7141867505191627,0.11685923931612117
-0.705811291528969,0.12024164070240856
-0.725982316981936,0.032361712809705345
-0.7063832310982572,0.08250398715828594
-0.7170280426109356,0.07453616292697328
-0.6976959275538802,0.10746257886317014
-0.7319953507681,0.0591910441039746
-0.6915062582821236,0.1447161488298119
-0.6817956203997889,0.14242763774732087
-0.7271153608565994,0.08002368867831072
-0.7119488825114457,0.08893098753714346
-0.693738788438253,0.0960013581666775
-0.7010394860633311,0.10658386393345881
-0.7104220096749153,0.08129473300660497
-0.7200855791941311,0.0915251470099747
-0.7164946800868939,0.05516934636320552
-0.6940306061633321,0.13409013212881177
-0.6986875181755311,0.11194440637612602
-0.6912605753190068,0.1345821447918553
-0.6830855563781492,0.13179359157935594
-0.717635472232057,0.10371551073396938
-0.6826713065700676,0.16068859420780202
-0.7087057447780384,0.0862167965650144
-0.7102144855194347,0.08782341946846133
-0.7046785032143332,0.1233934302250279
-0.6880126360617229,0.15296094147187356
-0.7033133249873252,0.12123993217215058
-0.6853059825075822,0.16486727321594122
-0.6797143005935904,0.15829007292972658
-0.6914452489517351,0.15113051910609582
-0.7301897908242044,0.04650068556355326
-0.6890911697897585,0.13810368414563076
-0.7232840220503239,0.05805373309981253
-0.7085427005978656,0.06589157312713333
-0.719878493660113,0.09742788746515424
-0.6977498470637686,0.13694739113110382
-0.6913757177441664,0.13890726196585923
-0.6943842426827163,0.12396612692629874
-0.698735975005227,0.14626868555934971
-0.7171051176115056,0.05979909358136039
-0.7137897886671805,0.12365639093785694
-0.7297353260813289,0.050277411386469524
-0.6913463973051609,0.1556530482819587
-0.692550248183057,0.14585221195348197
-0.6991138592206982,0.13483552588230355
-0.6838129777548472,0.15925349287093024
-0.717326596504043,0.10415912406647147
-0.7078313389950682,0.08154753182812002
-0.7150723807074081,0.11131543035344085
-0.7286857837556416,0.04983550398455111
-0.7290764324205034,0.034633184997319814
-0.7130708110633679,0.0966283276546765
-0.7068095202735076,0.07682080627329622
-0.7021284350776561,0.08420764549229556
-0.7081563158084503,0.06404274082229507
-0.7164345789184932,0.07317196128974283
-0.7081846252668613,0.1154034094267026
-0.7271120770903522,0.03642576779811141
-0.7171435685452777,0.09168013529712221
-0.6954099129119622,0.13066817292261015
-0.7192398276823826,0.10243338343469074
-0.7079424362478454,0.08828653091096049
-0.7137613425257608,0.08347690690697854
-0.7062754793821449,0.08628007937944172
-0.7156928020061873,0.08642556644215114
-0.7245325399282475,0.08602201770489035
-0.6988360653856156,0.09563336025051357
-0.7273995823286636,0.06872378146566471
-0.7056031759668544,0.12957539791754155
-0.7167410310322497,0.06825595634205317
-0.6996009004091333,0.07995239954037629
-0.7140497938341466,0.08212431691048874
-0.7190641661278439,0.08876161326703234
-0.6891127361246995,0.11180186814353575
-0.6965210713667473,0.10801851762232609
-0.7014035452794527,0.1410447524099318
-0.7151570419332022,0.0757834347266469
-0.6947055763130974,0.1168741649062003
-0.7062526852317184,0.11434489844308056
-0.7069038852747046,0.11470694532564892
-0.6906881711744552,0.1161758469036903
-0.728477184565296,0.057270949903745406
-0.7020048318709722,0.0936322668275268
-0.6993026387582945,0.1252268075931106
-0.7121282966051597,0.07359288729031357
-0.6794880296234721,0.136320273461086
-0.7194947058041089,0.06866684422318875
-0.7138478339736261,0.06548995856514923
-0.6982473428009783,0.14756447022078942
-0.6928599470439674,0.14323352340419596
-0.6859413995160812,0.12785945075086189
-0.7149140187808647,0.08822477146511752
-0.6829276379156238,0.15329826301303112
-0.7191203834884927,0.09393328925595619
-0.7325112755019549,0.04818632249835816
-0.7063123978209868,0.09987891732709452
-0.7120075844243106,0.06926113369075924
-0.7181419533264743,0.06229438083806608
-0.6998721975485886,0.09320334026370192
-0.7125432270231368,0.08835758804216975
-0.7195125284440506,0.05184402906059092
-0.7069998807825537,0.1072637453647967
-0.7079326930660489,0.08700727337095067
-0.6941537856504482,0.09307883771070843
-0.6991710621711261,0.12262127308775442
-0.698385428373874,0.12013911961239092
-0.7123310915573018,0.07533307868287657
-0.7321375731003247,0.039641668327859626
-0.6913882224932151,0.13205299677584845
-0.6987171457888932,0.1281484142504398
-0.6957984306713602,0.11832079303050486
-0.7146316216959158,0.07856777489717175
-0.70679332902123,0.09027834609264278
-0.7027961359167884,0.10487206934790064
-0.7117479424774315,0.10197261893444658
-0.7188241399859168,0.06957194678515671
-0.6934177726823042,0.135470405634375
-0.6990819352120666,0.1328628570741301
-0.7019382445842176,0.10922320973892828
-0.6984504890421146,0.11982077491891195
-0.7284794513003718,0.045720388414736614
-0.6979484806201948,0.128176049112619
-0.7030183644613061,0.1334447436004974
-0.7085984804486598,0.07481556929113789
-0.7328963510841361,0.048054603986465515
-0.7245586381387803,0.08710443893817967
-0.6855649185018018,0.1523806632266309
-0.7010945149758709,0.11841811714463474
-0.7215974855128607,0.08608875117217088
-0.7233977712245515,0.07831467296568946
-0.7245896432095943,0.0633669739873043
-0.6948817055419447,0.1289778724692199
-0.7018404134261558,0.08716124166143258
-0.7053493942252534,0.12702004703682726
-0.7124859930573905,0.10370663240614501
-0.7120334414673771,0.08009660163440467
-0.7227211550545016,0.06936768464639988
-0.7051091888881234,0.11474505642572938
-0.7099688644875822,0.09798970521429784
-0.7247078905555844,0.05923969108973138
-0.7062356721522453,0.09075321585014157
-0.7213669454013834,0.05608494326701478
-0.7250815903949103,0.052443674418584225
-0.7147323605980688,0.09727838582899277
-0.690616710238123,0.13115278707894082
-0.7131169573564164,0.0801277930130309
-0.7128687727062588,0.08432801923795955
-0.6797908605115571,0.1596350321909595
-0.7021476513795702,0.10840158187789897
-0.7184728243472612,0.08496368765321823
-0.6865746666467231,0.13762099938918768
-0.7165337019564344,0.07449487249325933
-0.7135513284453003,0.04765385915328384
-0.6882291851692179,0.12715130885057652
-0.6969371196708654,0.08169823994996644
-0.7083220492315367,0.09636478485684473
-0.7230071713344033,0.10324757566092672
-0.7041231429033896,0.10745177754363423
-0.7122346979876565,0.06268841552751578
-0.718454848247257,0.07917916611904004
-0.726740526200918,0.06283947192304
-0.7304393287773197,0.058969887586671405
-0.7081270491584546,0.08868658497379489
-0.7079622389590362,0.11087340387585368
-0.7097627623060739,0.10090785050290538
-0.6844675331126215,0.1224274206432499
-0.6941962852135188,0.15681310260958822
-0.7027272920335068,0.09279349934261424
-0.7240566463736208,0.04623041563152511
-0.718067824975901,0.07489843138693886
-0.7120588913611895,0.11770308599348521
-0.7234157603345474,0.08335503370006837
-0.724704016111587,0.09898571046927532
-0.7189584861548137,0.0577452557830942
-0.7110007486404416,0.11965523630962709
-0.6932793982114954,0.1262109835201803
-0.7058034311017279,0.0954734116681292
-0.7077663726648107,0.07987207128541146
-0.6916000839687468,0.1443563388495057
-0.7140102149407546,0.07193065000198172
-0.688896687307932,0.14440199191295378
-0.707995379206152,0.09325369779127927
-0.6932097602154468,0.1426506395567791
-0.7084100371639117,0.0982563771032673
-0.705522077425556,0.11587381269510662
-0.7209613383929563,0.09377940794909166
-0.6936296774881541,0.1304236120959503
-0.7158174825833239,0.09753500338426109
-0.7021016662801597,0.08151051888005659
-0.7011009604444925,0.08091845155020576
-0.7062522954521256,0.09781992060151916
-0.7162826553154663,0.03783025947324148
-0.6952368635774832,0.10828038358400192
-0.6900750159490796,0.11808355988735214
-0.7234732466495211,0.06583574674553004
-0.7282786689842184,0.06918347456607522
-0.7140305659709256,0.07609332578622101
-0.7117219858469676,0.07503846939825475
-0.688943831053217,0.10599668144675692
-0.7094549982041565,0.07557762879211412
-0.6844618391108469,0.13376699700284125
-0.6894078867636795,0.11506587753326088
-0.70544889861663,0.08669533152540666
-0.6973844407519786,0.08553084331251166
-0.6841556603428527,0.1345857953617717
-0.7181625482283657,0.0898305148364483
-0.6909340039355577,0.15227402065613158
-0.7166213969289289,0.10099620138647979
-0.7167449111761969,0.05805083629486227
-0.7098781317546553,0.12249099890487078
-0.6808446489678907,0.12306724913107751
-0.710392375934417,0.10008690039336435
-0.719175852465013,0.04691797252177117
-0.6886417471476994,0.12903607011087243
-0.7135576913866097,0.09332297547251601
-0.7217558731690743,0.05232218674008238
-0.6939248444843619,0.132228408666353
-0.7197564523622302,0.09110696041604907
-0.7017603693582373,0.09594138357692994
-0.7272373216635488,0.07893776892457208
-0.7128255734112002,0.08315025313573787
-0.729269197882336,0.07901473715935489
-0.6986548568085211,0.12916303344755695
-0.7007603455277481,0.0735922688533846
-0.7133200852742622,0.08940426744813164
-0.7301555313588644,0.033829332419404536
-0.7176295227609107,0.0732260922285018
-0.6872152912102992,0.14651620587641453
-0.7076672701931555,0.09222726674418853
-0.6847847861249102,0.1440983700938683
-0.7021727660690033,0.08613749312176763
-0.6923435655940955,0.11845003403812158
-0.6875182881376788,0.13266314654214809
-0.7148185307318647,0.07726068385762487
-0.7161786425127962,0.08662023018199207
-0.7106305464412721,0.08758561129100224
-0.7147330762752871,0.08935896267696963
-0.7134580353184004,0.05251317447057482
-0.7244081382078523,0.0651684946706199
-0.7119880931866257,0.058791821237143056
-0.6943655355457368,0.11163817243897244
-0.6967828045458843,0.12212132423857616
-0.705552904630891,0.11053804684238093
-0.6930186342921612,0.13712947673045328
-0.7191002753817295,0.05808086375829351
-0.7029874466071119,0.07558323389733901
-0.7131642655943681,0.07756313738934682
-0.7148879957645919,0.09950183232391835
-0.7123531441278262,0.06164593067977493
-0.7050003204107634,0.10046204278442943
-0.7150225992868289,0.09108191827227644
-0.7078488863355712,0.10279761602879957
-0.6888418504226204,0.12869333696427881
-0.6786393016216643,0.16545470524148634
-0.6898306892678876,0.1442003289392034
-0.7199396517662218,0.06718471270262799
-0.7255061119288492,0.07196579208816095
-0.6921802008956933,0.13718111918148512
-0.7030979758093142,0.09665005950037918
-0.6929494534307361,0.1263649896770808
-0.7188914509008278,0.11128092546790155
-0.7265886647843388,0.025991196007090316
-0.6857050478698468,0.1488421482419252
-0.7128754280083249,0.11845768163636443
-0.6887133254012464,0.10525484781231624
-0.7181214930583277,0.09624316261324399
-0.6916354232769075,0.10826668746555816
-0.7131497637476756,0.10711907853817636
-0.6946997126991832,0.11441049217828496
-0.7240536955504647,0.026943873242843225
-0.7177572509464444,0.08613445791096005
-0.703289476868466,0.09581070736976703
-0.7032830288752018,0.07169145355589093
-0.7037141422477677,0.07386736466239423
-0.7189985030199953,0.08871621578259818
-0.6978936666477524,0.10419680563867749
-0.7025039592356654,0.09182434585759984
-0.7044717315541281,0.11403519151224348
-0.7054146740965038,0.08815438035941113
-0.70799423563599,0.12267483367419049
-0.7080015122923785,0.11908531371003314
-0.7228369955418921,0.06016329270367852
-0.701201834505104,0.1201475012591422
-0.7002842959959819,0.08308627162282835
-0.725711014778297,0.07829075895199568
-0.7012463372334885,0.1379107894884523
-0.6897964106216873,0.13979442185495683
-0.6963681945552281,0.12194195277067682
-0.7133351395977761,0.0686075315875177
-0.7251295199637957,0.04046375895583997
-0.6961530325483652,0.08836749107947978
-0.6936624911672831,0.1260809072035345
-0.7151674897259487,0.1162641130455135
-0.6940992043708638,0.0973741576197253
-0.699157326537746,0.13486198274113692
-0.7102624366608635,0.12367283033136967
-0.6842221659303486,0.13406615935733543
-0.71540648142353,0.09271376572934038
-0.7126912891300639,0.11677219992503775
-0.6911697569355971,0.13533448877303522
-0.7171713809455234,0.10081789855640295
-0.7212215385093089,0.07435828055059325
-0.7255003944348136,0.057917911570173834
-0.7176049672027043,0.0560708384496836
-0.7110101481928348,0.08622817130572727
-0.6989631932815764,0.125209931397101
-0.7252816005420499,0.029203963365869435
-0.6844811603451415,0.16363422115401358
-0.7178508902415194,0.07943319454481927
-0.7072811351422736,0.056475391939294746
-0.7074660466429837,0.09414523258778977
-0.6954747564001366,0.13207978029549666
-0.6882123814680052,0.11677330521402357
-0.7237952390563692,0.059820254732967
-0.7111511699700118,0.10561122772212551
-0.7221424607204886,0.04932932027007003
-0.6991677872443652,0.1271606180380295
-0.7128141265211292,0.060521447799932376
-0.7090505998294903,0.07350197954359096
-0.7080089328814134,0.13717756824101918
-0.7125153751343477,0.09889574127134046
-0.709402357121599,0.12155314626633885
-0.7015562156976144,0.11253393179814836
-0.7130636478944911,0.07072530145083081
-0.7225130059716715,0.06139175325442635
-0.7149195589959201,0.07345937557114468
-0.7036642797260059,0.1324885768889823
-0.72002260507996,0.10056073988761127
-0.6982570914331445,0.12887929163535466
-0.7069211001676927,0.10534420914560017
-0.6913239795344585,0.10133291951675162
-0.7128986361484977,0.10779714050177565
-0.7201871544413859,0.08012762644651925
-0.6914728162436312,0.09979229599217916
-0.7266885194432927,0.07538563347502267
-0.7011982746478457,0.07754296984163114
-0.7268007686194392,0.05843577260162157
-0.7000767509334072,0.08801001527551819
-0.7227710310299723,0.07257657727569707
-0.7087269324611869,0.07464058134522723
-0.6979847263952392,0.11127480368027459
-0.6996214411356217,0.13147176593843746
-0.7229533881304414,0.052656839837777886
-0.6969473607083033,0.1386010842148203
-0.7297076202071372,0.06425945380789812
-0.7176914039194862,0.09252661698260096
-0.7258710585005794,0.06795426514906415
-0.7114460304722713,0.09799623151170583
-0.7100528376895032,0.1278519387328618
-0.7161164577002552,0.0888412009934095
-0.695193657612249,0.12891961881940642
-0.7151151555776443,0.05613163314898806
-0.7028399855058236,0.11956536287916592
-0.7061420505559286,0.12599379327845103
-0.6998080746008603,0.08265528107087322
-0.7238190914491217,0.05666779330453298
-0.7120396857718999,0.064128622064917
-0.719444785194325,0.07599243314751031
-0.7239650217354152,0.06588567042936704
-0.7024924678624451,0.10311415646398411
-0.7280835009763664,0.05197036636538261
-0.7138630689620609,0.09632482814597763
-0.7148657216406806,0.09844244041892043
-0.7011033092547295,0.12494565479020987
-0.7157653229160307,0.06363675431426968
-0.7036563539246871,0.10934267040292146
-0.6861209146463133,0.154069581097843
-0.7195691355168057,0.06626372901252492
-0.6929691116194008,0.11062037617849546
-0.7201788095797982,0.08551063181616336
-0.7114114458932422,0.07472909920139754
-0.7146645885940317,0.05364723925349946
-0.6950527228671977,0.12870164431306058
-0.7095431449364747,0.10183282298261369
-0.6819184153697205,0.15274184884485123
-0.7180674273138219,0.06665809155521692
-0.7062884332214272,0.07009649833007241
-0.7033250836356839,0.08460099386374441
-0.6805223685863631,0.1386481190258915
-0.6918929353559263,0.11604697236950365
-0.7089943576963699,0.07139227451759558
-0.7077872741860431,0.0864324000036593
-0.6963662584808579,0.11053548863295479
-0.7036738299103238,0.06658313160451344
-0.7142342450811766,0.07708354084960632
-0.6907888191635211,0.16041955414975415
-0.7001283758766812,0.14123156758950506
-0.6920027331994426,0.10729787120074658
-0.693986941688341,0.12596125816154893
-0.6961610667651243,0.10047399967941428
-0.7063107802380505,0.07732245781357645
-0.7176304768449359,0.07099759877118453
-0.7212038294443937,0.09402690678011527
-0.7247116956734909,0.0759839132568222
-0.7009711367684043,0.07993308343579668
-0.6930276112761776,0.11659944499472163
-0.718825793047265,0.08745061193473272
-0.7332478610988785,0.054570978795624066
-0.6947543504152082,0.11855019214304495
-0.6878929045238438,0.12525556875399008
-0.7146673082981946,0.09060284175719398
-0.6831797855626633,0.12048240597102904
-0.6948244142062533,0.12224663141500701
-0.7105355795298358,0.10779113328481772
-0.6932492584758148,0.15503392410817451
-0.7089979211247607,0.0984020605465957
-0.7284978481211658,0.04526412752885971
-0.7094938600749628,0.09239111980470857
-0.7027848465915668,0.10657983040193897
-0.6849508030352489,0.13809790372140632
-0.7101144387374788,0.10026933645907032
-0.7110985913208788,0.07170793813721144
-0.7036912464241339,0.08040368059994632
-0.7149706306890624,0.08876858741898648
-0.7029705282139334,0.1223861431569158
-0.7245244348073223,0.05039314271122284
-0.7071880366215052,0.1099417074927943
-0.7248046920814227,0.035524911091143765
-0.6968166050914747,0.09796450322611665
-0.7054902120773571,0.09488792910307844
-0.7050399071607518,0.12771097563559047
-0.6852056377086607,0.14984777579044195
-0.7184896245864892,0.06465582716602189
-0.7093770344119141,0.07180682680214232
-0.7333539058600365,0.03983593053242938
-0.6943178725804531,0.1380904100028587
-0.7252847653814286,0.06618453100335661
-0.7186611221228419,0.04463700360853739
-0.6967827198765328,0.11143030396702355
-0.7092472078913576,0.09451459130410468
-0.7015978956442597,0.12150681110648441
-0.729934768237904,0.06855804045870284
-0.72074859448872,0.08557952807719134
-0.7179761243357492,0.08928552999681688
-0.6970342045438291,0.0919394005760703
-0.692492681810013,0.09635863135171863
-0.7277079711040721,0.038675254847103505
-0.7051178224210132,0.1248381810483527
-0.7009887356172813,0.10918473722619482
-0.7027047726267115,0.11326116376845588
-0.7051536688942565,0.10712277622980293
-0.7096559877946944,0.08674286599319461
-0.7052758387240885,0.07412668106397817
-0.7116987383612675,0.08853087238302788
-0.6932190076954355,0.1362913546617952
-0.7131354615535513,0.09456159270533962
-0.6971696065478994,0.0999254281941387
-0.716980792050889,0.06076659137007962
-0.690455387020412,0.10357287499521661
-0.6864107859817968,0.15956862321479226
-0.7154323720126122,0.10684035049375801
-0.7158828255900773,0.07555539135886774
-0.7161548097828211,0.12028390415652493
-0.7273179856311709,0.0667955584683284
-0.6924702309613692,0.1197860233615611
-0.7271568341245909,0.06761189691144677
-0.7129847007764663,0.10643778847203952
-0.6847571575432956,0.13012528064367135
-0.6819763187794912,0.15985067575290168
-0.6915545997668353,0.13418812354266604
-0.694209101304839,0.15139152969992303
-0.7223557197333982,0.04003811507931972
-0.7028290338644295,0.10974113433739996
-0.7079586438822159,0.07553204227054845
-0.7047308706419225,0.08777016129160885
-0.6931361847888209,0.09989027311367452
-0.6967473263372947,0.10194765270671696
-0.7131833235003174,0.08631568707035464
-0.6905493459461202,0.1318298883585856
-0.6980980764834227,0.10265629332935175
-0.6993737972639958,0.10043449612459024
-0.7282557512263437,0.029279752787630883
-0.7078405459181011,0.1056388945631797
-0.7199563725698407,0.08793927886686394
-0.7059554514315192,0.07208025229225147
-0.7042182574486536,0.11010552368086962
-0.6898938465233534,0.14682948919699254
-0.6950739902491702,0.10047741011802283
-0.7035492249614594,0.09269624301373496
-0.716707796827559,0.07754569074523675
-0.7044390737571974,0.07729457459045287
-0.6878187233572836,0.14744345341906995
-0.6941635635223273,0.11660398626340417
-0.7138105390619086,0.06754772210641201
-0.6993148276729201,0.1322010527381329
-0.6896594897951008,0.1197190174244368
-0.7098368057462859,0.09144256940603497
-0.678192709723027,0.14664608923356318
-0.7063471505229895,0.06937832463703708
-0.7095394427298267,0.08400480610708856
-0.7161156798642729,0.044716994451587076
-0.7051148512719094,0.13068597707431184
-0.6900539023401194,0.14901613520068188
-0.7228101044560789,0.05150186669445139
-0.7111462803685755,0.12481990931217474
-0.7010202554620434,0.13867878997635055
-0.7021201591299949,0.11500748247110955
-0.6953005666417097,0.1381070400906821
-0.7313997698277445,0.04687086632533289
-0.7086920521091373,0.13655404418005146
-0.7021949859741944,0.13316046614850796
-0.7065562676715255,0.0967329565693977
-0.6926910490896332,0.1420583656396198
-0.7264575937785116,0.047386729604740566
-0.7093317348334046,0.07505310706223785
-0.7070249981445058,0.07956131246719839
-0.6962399244868069,0.11023827900759235
-0.6954804240803542,0.09921021311161204
-0.6953266403167031,0.12209964049721037
-0.7205915442853152,0.049745070429514364
-0.7006824091000728,0.13664665351871472
-0.6963151804710349,0.13924598910311345
-0.7028408633598829,0.11604292051632416
-0.7162593702578882,0.06829535899303868
-0.7124264095889354,0.06531532638304387
-0.6990499893954174,0.08816291211656987
-0.6894110080192084,0.12749046679908507
-0.7104054140627201,0.0889034141006887
-0.6951708313239061,0.11301365278758778
-0.7089838299985621,0.08333795847160506
-0.7078023061932774,0.059133766151360005
-0.7074934301999338,0.08268745792702616
-0.7170583290419935,0.05887379539050256
-0.6905929573595381,0.11073602467829367
-0.6948846505377378,0.14018126603911923
-0.7068413281103815,0.1120073923349265
-0.7005122400095473,0.1475703104779812
-0.720672890804775,0.05773396320600362
-0.7011283019479527,0.12441348381444489
-0.7215516205454642,0.09357083780690251
-0.7116654227292435,0.08007155349285576
-0.7047789644489041,0.11664701662099004
-0.7013237738290905,0.12660021773833205
-0.7291873207619572,0.052251471526486924
-0.7041049056581737,0.10339564010101708
-0.6850949278697434,0.1259671647377546
-0.7059163540320631,0.10282676015044569
-0.6959127347186443,0.13445151240332304
-0.7007191674403517,0.11898820339835667
-0.6886590451564377,0.13981996375513916
-0.7050605364725094,0.10227373810683206
-0.6889562843319291,0.15936842745127774
-0.7017386714410722,0.09349847741033918
-0.7169485530205087,0.05841998869321356
-0.6971355526705921,0.12856451661808718
-0.7005580371844927,0.08429974437033799
-0.715929372043939,0.0525373335549682
-0.696028163744566,0.1279536063579502
-0.7136630592958627,0.06161606023251828
-0.7123341223601539,0.09441659532097785
-0.6990670062199272,0.11266909809815545
-0.6953587024642895,0.12287025502614668
-0.6924068944598684,0.10075285196201988
-0.6974910553284093,0.09934127460296492
-0.7177089155155626,0.09846354012256282
-0.6791107514825493,0.15805376493303475
-0.7231631662504956,0.07705162779521928
-0.7208846810857382,0.06656829633999012
-0.7052076738501265,0.10187006269768377
-0.6885214161342785,0.11559031127281612
-0.6974652633066308,0.1272777868958064
-0.7011246834144262,0.09837772804692532
-0.716509551938076,0.06585547480982999
-0.7127822466788502,0.08261026812060744
-0.7089655245485869,0.09820855078806316
-0.7069125763614569,0.08620929805456001
-0.7217751359835739,0.04795579667254284
-0.711499826345666,0.10266421164501117
-0.7124925324895476,0.06830615967264178
-0.6920732109272009,0.1613547736932779
-0.6833155355438746,0.12466758897062169
-0.7176716145296685,0.07458066082607627
-0.7181744914686423,0.06698219573292184
-0.6983389892909247,0.13083416469259054
-0.7119510327250202,0.09116390137076136
-0.7000270264455817,0.09973682669954748
-0.7063091282270605,0.08749920224947765
-0.7096322666790343,0.09855015301801774
-0.7113096716989986,0.10925282959893672
-0.718590869084764,0.1020696881732828
-0.7159827967166971,0.09577263800211791
-0.6895532483738578,0.14422544046182395
-0.7170651803643877,0.08856787058969885
-0.706239975214772,0.1411801395956876
-0.704636496942086,0.09109370896469401
-0.7058632048060052,0.07345726666355329
-0.7022115948344553,0.10636662057650412
-0.7238418870111559,0.0673394637307628
-0.7169521007731172,0.08321779988578631
-0.6968207408660817,0.12030695626430984
-0.7103069600103336,0.11876558667488338
-0.7174631869758658,0.09290237584321769
-0.7164905836623853,0.08518440477500243
-0.6990870011613324,0.09122841390430966
-0.7082989644356771,0.05858900210789382
-0.7244144705173328,0.062056621636997475
-0.7045791332984788,0.09219462516658815
-0.7052114900699965,0.11335650800141382
-0.7093660407781768,0.09593027611812666
-0.6976863257598263,0.148514118973947
-0.6963429563385162,0.13654229155420913
-0.7126411117887697,0.10613657706990508
-0.7171924640730278,0.0680762814417255
-0.7024348829702898,0.12794805512165885
-0.708179084895298,0.09290824156362139
-0.7065603364197213,0.08700948266883893
-0.7235740219405717,0.05792968908648656
-0.7114555809272975,0.09428135231094828
-0.7059402485013485,0.11882301517046508
-0.70374633545354,0.1371524496307745
-0.7215878572693822,0.0799598581648597
-0.7021967738744679,0.09084832364483691
-0.7183969433764118,0.10361807563316494
-0.6980482502953825,0.10196200765012604
-0.6902799791809584,0.11323568208455871
-0.690661749645149,0.13345026388717143
-0.7209914522823103,0.04316456942110126
-0.7119524245199588,0.09574798465416708
-0.6968119259697273,0.12184265642556462
-0.6998618323993924,0.12680879465264763
-0.7022687172675992,0.08534722455348374
-0.6990601757495005,0.13305277434009316
-0.7112287093786842,0.09246409160749659
-0.7179066535285442,0.05036414658280404
-0.7188188432402762,0.050232878256769274
-0.7089916822714573,0.10388831257567532
-0.706927968751649,0.10333325992300822
-0.6879139216893971,0.10931161404741867
-0.7034327250668378,0.11762361368074105
-0.7144380980034042,0.0761270341999623
-0.712054103130213,0.13024149101470353
-0.712268947912415,0.06369497060945914
-0.7100339677889054,0.0893907829726261
-0.6837045883698601,0.11668239077448805
-0.7060336387489972,0.0830550413749849
-0.7050940140654357,0.14099500393731854
-0.7255030134914453,0.038685489279740845
-0.7144144818522137,0.10759325254178909
-0.7097869984876934,0.08643591701417899
-0.7035521463659653,0.07427288037404088
-0.7211726994627564,0.08418561765973093
-0.7050683173315273,0.10867357211246546
-0.6876670979604497,0.12694055668167226
-0.7129321424998799,0.07026170730553719
-0.7149777740526064,0.09215530527544637
-0.727538376445088,0.06056980363923306
-0.7209675714916652,0.08905304159270037
-0.7229549416048019,0.08381371515354889
-0.7134948827949322,0.05646544211844621
-0.7138759460513442,0.11057482489073732
-0.7093227655265253,0.07749860371200659
-0.7045814447819155,0.12117594164481965
-0.7122640019640344,0.08767386363219888
-0.69962749103927,0.14220659820446532
-0.6942137585387359,0.10184049810737651
-0.7060027489749755,0.09026724448828337
-0.7116804577628398,0.11132679730367274
-0.6922771296469357,0.11555697293523454
-0.7018670462951846,0.09243720573703039
-0.71146257206355,0.09095939085704659
-0.7275662723530066,0.0537546752820607
-0.7024783579323252,0.12068596469847172
-0.7065259277527803,0.1192962360223029
-0.710062039837969,0.11457359207165664
-0.6993359602634486,0.10158680052425718
-0.7087597642194068,0.1233182798449051
-0.7164117858177088,0.08382717780985349
-0.6893087635857598,0.12661521521474617
-0.7224918393815377,0.034512233477367385
-0.7242956702796455,0.06241030715551876
-0.7191238169624945,0.07713070740390167
-0.7239042092183163,0.08250786388249405
-0.6959956048367288,0.10014206641569173
-0.6943599495544966,0.1425720514521295
-0.7116614101048474,0.08302222316081538
-0.7047849229104342,0.13183835027400387
-0.7111454388172065,0.060546810551477065
-0.7249989515955605,0.08068284230007397
-0.7120335932311851,0.08377724664579524
-0.718027353662735,0.06919370788517262
-0.7176326213338202,0.09494646503126784
-0.728587573069524,0.040433878270293336
-0.7102100901285295,0.08112644682694699
-0.6965507708001085,0.12125766842257897
-0.6974404694522754,0.10382206585091658
-0.7087415065261934,0.08073465421837651
-0.7121588177187009,0.10312116581192216
-0.7173192389661494,0.050047452416908556
-0.6970758907275519,0.10684906422752999
-0.7176931166129703,0.07442930768533186
-0.6889582075816424,0.11542187190391708
-0.7151358014004499,0.06366309078820545
-0.7121903319946087,0.122140182805471
-0.6847184965360773,0.15236474384571352
-0.7123476917696341,0.11038822308420042
-0.6983612130811687,0.12376471764313969
-0.7105624779458211,0.08255163652161929
-0.6854390537223518,0.11569609232345676
-0.6965148702005558,0.09035465312171083
-0.6957931286486537,0.09417993309029177
-0.7157447546045423,0.10631025405379685
-0.6911809049226415,0.11066716558450594
-0.7302476343224489,0.054779153307302715
-0.707838008900784,0.11890108036899179
-0.690134534091779,0.11287120489807406
-0.7231080594542946,0.06784337818692489
-0.7113928211079076,0.05415945523059226
-0.6889544914180339,0.12584546775043992
-0.6960129732269084,0.10882156687342413
-0.7135628751465178,0.0659105215120704
-0.7098933033000244,0.06266997890736115
-0.6897087099730799,0.12673162639730245
-0.722982211870355,0.04377708309270303
-0.7148751156435167,0.09952700150677317
-0.7093647033731934,0.11506746062807881
-0.6884097707048178,0.12855601155593402
-0.7182334226942324,0.08960662904120717
-0.6894745853954715,0.14638841819376483
-0.6985289914622157,0.14383712062670298
-0.7019121606270001,0.10697687201857749
-0.7018380320259675,0.09957822885286098
-0.7281516759153552,0.047420821129809956
-0.6970897236730693,0.14408268836736177
-0.7228853560059956,0.0823217107015858
-0.708851044811974,0.1167938587528914
-0.7074098105301067,0.13021370903146462
-0.6993372311777142,0.11960345532875459
-0.6968437107897879,0.10154025718469112
-0.6983696696274023,0.0866919395318504
-0.6973836115961827,0.11048242375440852
-0.7261139286438878,0.06069925827510101
-0.6925813255014405,0.13451808436759852
-0.7307144794133226,0.058111476704663614
-0.7204688262976789,0.05213801364482573
-0.7040445043940945,0.10021219160891956
-0.6947233005625503,0.12735687960109573
-0.6960607794562267,0.15438867665846473
-0.7056403113532005,0.12089773701986173
-0.7078022253108531,0.12251019947613762
-0.7100978529260775,0.10770317711264199
-0.7129052048081295,0.07764359311973972
-0.6908630316156458,0.13066302049840506
-0.698725509871424,0.07792158642316407
-0.6982075377164922,0.10854103398824985
-0.690426710923311,0.11395940886417281
-0.7004117721999324,0.13127514887126743
-0.7243734232706723,0.08125307943404027
-0.7098350965468998,0.12259553633735562
-0.7201665187287905,0.06146110436218202
-0.7239853549756793,0.04553320084780641
-0.717328326508879,0.0381677332306404
-0.702492427252228,0.0889403951841113
-0.7161189852416467,0.09509207115554233
-0.7146315220647794,0.10999289500842806
-0.707602807326998,0.08421964293918002
-0.7221251365515055,0.0852813702480799
-0.7110480525344659,0.10254988993078125
-0.6953465734658056,0.10484605672488642
-0.7041196622742392,0.09502791857420541
-0.7046687627538604,0.10485396832796313
-0.7186198586663272,0.08947092368231063
-0.703304617140947,0.07699688499423712
-0.7070642924796698,0.1222105076190935
-0.6968807744825777,0.10907513218823574
-0.7160952902776365,0.09771664658231469
-0.7024198267125457,0.08978849049966453
-0.7167806420329225,0.08636279860766775
-0.7006281475019929,0.1024213860006855
-0.7273916976553153,0.05460442233572594
-0.7035182190695942,0.12198893506260883
-0.7095055437822579,0.12143960835965384
-0.7183038053234476,0.08353435662217575
-0.7120393353124281,0.08794985218935657
-0.7084963271092123,0.07073110439738943
-0.7086744561289401,0.10399127217579558
-0.7056110543466544,0.09909150108218653
-0.7156351905305622,0.08468700068983155
-0.706677657171602,0.11036650063113883
-0.7213479110448225,0.09892344553610144
-0.7018009401895213,0.10559822530217682
-0.7112204950575093,0.07647422834559375
-0.7223808983852457,0.058980460231436896
-0.7164363895468542,0.08863485803962962
-0.6979755186886435,0.11972799084356432
-0.7271042932049917,0.06213694421197191
-0.7076863329274458,0.1270566013652172
-0.727684206330694,0.04001380432852258
-0.6828406996172108,0.14915014443132985
-0.7100043599744479,0.09005557850891097
-0.7112851830189543,0.09728772280629028
-0.7105345929994324,0.1272518069893867
-0.6981211933282815,0.10578202255473099
-0.7164694827913098,0.08768574834530782
-0.6905421818280687,0.14509348920351464
-0.7164440044027554,0.06642684317014867
-0.691959454221519,0.13496871278952494
-0.7198390765741676,0.09598731361420956
-0.692058898431634,0.11883812927681987
-0.7031291632099682,0.07168602261308968
-0.725400818960735,0.07218523049941188
-0.7017602003990296,0.09182400754360331
-0.6811022479567621,0.13882524758600095
-0.711503951275478,0.12086762713581521
-0.7184070933250133,0.06966019235479726
-0.7030672292728665,0.08852044276671243
-0.7075984767175741,0.06962614027616265
-0.6924217181552039,0.11491081919637837
-0.7088513783814534,0.13390334038905008
-0.6953891598183154,0.1319069890831569
-0.710121083492883,0.07066344017136197
-0.7181521445668285,0.09245199426019067
-0.7176752512876695,0.10325969893978522
-0.7101670097748527,0.07501299454073296
-0.6870858409579962,0.1339035055994148
-0.729628365791209,0.05246344389229644
-0.7155183168327368,0.0696582884314386
-0.7264193450427298,0.052975419858109565
-0.6858132054762994,0.12234390783310671
-0.7253279722605948,0.0614894999324091
-0.7173789642959079,0.09577303585349256
-0.689543176815954,0.1514117546327507
-0.689982799140952,0.14389416545742462
-0.6876476962320998,0.1340089223774171
-0.7013355228144277,0.10230656116361186
-0.694816752522061,0.10102399533984974
-0.7050967067969315,0.10740005782184148
-0.7077105941111829,0.07660603789745699
-0.7230623468688203,0.08847787949284694
-0.6945877823240177,0.1102833291918437
-0.6907468783452343,0.10709844876218687
-0.6993635679651493,0.09507757192667154
-0.6895671037292934,0.11678507372788745
-0.6981489912271842,0.1267989988934467
-0.7217736674432542,0.08937651731259003
-0.7226682699839504,0.05568845808303102
-0.709067724776252,0.08389662681072128
-0.6857751154088951,0.15008217630184115
-0.682910659542867,0.15543388318784418
-0.6927513397924574,0.13477163589333088
-0.7213971799265333,0.05569899749628237
-0.7149976192029645,0.07277358489314863
-0.7211796463306147,0.04702127934817809
-0.7204017911137771,0.053082521791468155
-0.7035519985391779,0.10588165812470907
-0.7069009906537631,0.08193787792638604
-0.7046783987910178,0.07965039408635775
-0.7065930118129273,0.11444183938549286
-0.7306832614592369,0.04014263330793851
-0.7099754548951516,0.12124500540195682
-0.6990897122709022,0.10478216409766936
-0.7164457063710764,0.06842535569318248
-0.697496236050937,0.08909600729717188
-0.7239435217899701,0.0553451224299204
-0.720811412204117,0.05138324107144756
-0.7113794222757387,0.08022610969801207
-0.7242639040267708,0.06422013819033373
-0.7181509761760285,0.0701812146395263
-0.6932129235567235,0.10874463211978137
-0.7205937526645214,0.0638230506747323
-0.7073518831049599,0.10255993900980637
-0.6996154690698209,0.10158755294383
-0.6933435730304002,0.10074609148630116
-0.7120227635370021,0.09793757684830971
-0.7164120667914594,0.08765613208858683
-0.6811964726755783,0.13311109725646073
-0.7108152942553382,0.08319752885855589
-0.7117560009224728,0.11088265985359713
-0.7060727349809669,0.11472735183633723
-0.7138839956795489,0.07655105791700365
-0.6996973832289449,0.1300635915875578
-0.7000874905032795,0.09773038854716658
-0.6994280985215114,0.12766091991691245
-0.6927034633663558,0.13714632189029183
-0.7120438905031854,0.11210357911297186
-0.6987705201283515,0.12613222824740436
-0.7184832534639487,0.0897209935343062
-0.7247924230897053,0.08954041792122383
-0.699678680477233,0.1273796545349638
-0.7160229809029275,0.0776324242246237
-0.7102754885739412,0.08128860992698023
-0.6988764864914203,0.09567024635482389
-0.6902793374373136,0.1482824221841396
-0.7126344244492102,0.0857831724853997
-0.708351640270002,0.09067143561815005
-0.7026410486652428,0.09173519610330973
-0.7035525453367376,0.12191192394155355
-0.6923870150156446,0.09605845099489878
-0.699867870539957,0.08712451913336267
-0.7166520698730167,0.09695447301530152
-0.7115429437772929,0.09149714553973659
-0.6941680262237679,0.13770474099551142
-0.7091950388348944,0.08114852522842333
-0.7205311346233169,0.07562567842781809
-0.6928182779165323,0.1273714826327148
-0.7006588136627743,0.10805251053555762
-0.7131667708956606,0.10200222259422478
-0.7113013569912862,0.07142550450763692
-0.7030495742681323,0.13328300869611365
-0.7210444374347086,0.053773439233090345
-0.7018854530067847,0.08893723217496624
-0.7274682464960991,0.056699363989828284
-0.7208096478625674,0.05511947963879347
-0.686445320956906,0.11548720245546545
-0.7081893293681584,0.07924221384397385
-0.7213394594382376,0.060577195422864404
-0.7082234979515855,0.13573806182916875
-0.7181233011579251,0.10911406975255057
-0.7279985133306959,0.07678257804799185
-0.6966757381580233,0.10110555852572695
-0.7058936842979656,0.07763555158591769
-0.6792020637621065,0.16608270711659956
-0.6916519805917214,0.12827151497793285
-0.7013726531596753,0.11134400605140139
-0.6970207241880428,0.1218409626096115
-0.709735307938543,0.06507486933416845
-0.7180211815615132,0.06727009155962907
-0.7212495285021521,0.05900653749421321
-0.7193593190304431,0.10301769880873053
-0.6777710475732095,0.16119871282093118
-0.6984760986864571,0.09044723503500061
-0.7169003512653324,0.08215542919765843
-0.7062524427805406,0.13032154767709084
-0.6956736013301883,0.09108338985236207
-0.6996226662255511,0.10149908595023864
-0.6974163262653688,0.11460875265406592
-0.7079896467082512,0.11979492809589877
-0.707112284818564,0.10113500743920378
-0.71129843764339,0.10207959341677818
-0.7045431084649477,0.07903674705529184
-0.7039945256658169,0.10473166385516496
-0.6831598790568191,0.14556781338007924
-0.7168104871775741,0.06462711213464092
-0.7034293001967644,0.12262418303064974
-0.7020505851198561,0.11945869584130725
-0.715406059027457,0.06241838549597903
-0.7235478088648043,0.07947052572790976
-0.7196555401061204,0.09158224678182825
-0.7052281993724242,0.10867100264227464
-0.705085883830046,0.08278198838071456
-0.7230856146261536,0.07901455934928166
-0.6923616205506515,0.14603957771475004
-0.6940395368310069,0.1338153527935013
-0.7056010639644565,0.13109728352658012
-0.7148735866976651,0.07355777319936743
-0.7049215573605141,0.07331415672278997
-0.6836069543355491,0.12562336797395826
-0.7043707142768818,0.14028685117751857
-0.696915189635091,0.11940908314964326
-0.6929892828371791,0.14344302937593342
-0.7139255829861783,0.08328093976755976
-0.7016757334848763,0.13753358204801655
-0.7029691079171486,0.12757734076540075
-0.7066121653634032,0.11199027406310197
-0.710919941712028,0.1023188511432111
-0.7116067836629537,0.10645691162751879
-0.6953619095053608,0.14489324710996154
-0.7164401680096931,0.06763486272562289
-0.6908801924120985,0.14319121213436103
-0.7174863175623073,0.07100763528650866
-0.7144793984085063,0.09566860155044926
-0.7111743946345448,0.0866969041384794
-0.6942806609897774,0.12299328630058283
-0.7079967146190423,0.07826155055309765
-0.6913569997911992,0.09756918641627407
-0.6891612538733622,0.12688975346795053
-0.6944093110578539,0.14609875839638958
-0.7088434618298664,0.08508873099616857
-0.7055046073325806,0.119916802460691
-0.7119256622759526,0.11002522451205889
-0.6904070652601293,0.11522013684285391
-0.7155415263155116,0.10227509033886122
-0.7158446936846901,0.06265885894672628
-0.7130174342841292,0.09364761547777042
-0.6911578967752298,0.11546569224910001
-0.7021584020023661,0.12115030667323252
-0.6899068844403061,0.1488830169055945
-0.7164615847634327,0.09846641460096338
-0.7070602558871295,0.11395943621979948
-0.7131100046872761,0.08431972565217921
-0.702908003517214,0.1078846586821783
-0.7050690348251094,0.129248472476185
-0.7038577215895745,0.12093590789609988
-0.6913142709862831,0.13276351755139792
-0.6942127159777848,0.15705771997241547
-0.6854109871124623,0.13739711960388815
-0.6903452695876847,0.11318917492718608
-0.7160543951013985,0.08601195413798757
-0.6970021631563887,0.12360146898376677
-0.7032527401438904,0.07906694123589304
-0.7124592685486351,0.1168163619719718
-0.7110530421288485,0.11819023973091024
-0.7080149307221798,0.12271384569996256
-0.7148276057419007,0.08122568439774745
-0.7217970329595886,0.07304417793245113
-0.719237396471377,0.053573731161067985
-0.7086561587420139,0.06814689724136813
-0.6906135806773047,0.13014961215251664
-0.6948165511649579,0.11800840783161415
-0.7137302488761527,0.10483963089920491
-0.7138753916606249,0.07003060669197593
-0.722105676499917,0.04321151924993849
-0.7290673287885366,0.033252579341759715
-0.7254566145509731,0.06960796264645182
-0.7042557073915919,0.08076475143018788
-0.7020063817376446,0.12134807589348848
-0.6928074553691997,0.13584689045162326
-0.7137810022441577,0.09113689058747836
-0.7213553763077256,0.09373819755962383
-0.7022098262781451,0.08551593057239555
-0.7266817607218807,0.03141592018846293
-0.7002912593131086,0.11218154132560114
-0.6913405469416707,0.14082977695768645
-0.7096787301065707,0.07368360470181026
-0.6917640239246015,0.13801287657797723
-0.699982821190219,0.11053240109457246
-0.6977853357299619,0.11825976760602996
-0.7162472467786268,0.09242472167229424
-0.7145970293286529,0.09654941984720479
-0.7066091718747918,0.10311783981168306
-0.7116417697131148,0.1031545745099177
-0.7179310616183963,0.10511758497830243
-0.7052762771422084,0.10102753418495021
-0.7079417557301714,0.07071437654793838
-0.7172027975682124,0.05670617163238129
-0.7229606112668334,0.08915210254137755
-0.7220914068436721,0.06917011993006353
-0.7115071708709726,0.0900567086942867
-0.6882522559454157,0.12572014879352766
-0.706446413064443,0.08561055639840409
-0.7173364536946613,0.09874212257327777
-0.6864597801927785,0.11854532416864648
-0.7033652607956813,0.10884126117656227
-0.7048053767227563,0.138042549966595
-0.7179082004727471,0.10490778256965805
-0.7083729880161388,0.06010560956737549
-0.7052598947074278,0.08027965418960513
-0.700129749620462,0.08927134254622365
-0.7192451594491687,0.07931273177156824
-0.6979985465428766,0.13378630444925282
-0.7092060917839733,0.09874617643808267
-0.7092862361284697,0.0750903916700151
-0.7172889657483209,0.0888718129043187
-0.6946207836740668,0.10326888343614272
-0.7016171373132118,0.1484300964211304
-0.6920128978554603,0.13893213515131392
-0.7086260280472693,0.06222088371028831
-0.7047710272904851,0.12020309762632107
-0.7237283791028069,0.06475334759726348
-0.6860737580079992,0.14311351843668088
-0.7094492486579765,0.08460971186373778
-0.7131048207192182,0.08997634401972221
-0.7187565102478156,0.055742382992570325
-0.6923030215672115,0.12539693767467436
-0.6943555701296695,0.09949699418106568
-0.712382647951758,0.06757116281370637
-0.7082953681663041,0.10470090889856318
-0.7151665103456892,0.1004007624424015
-0.7008126022004056,0.09183934662843665
-0.7041885233255282,0.13796659384553317
-0.7208335693888179,0.046157946862839305
-0.705413455933756,0.13247393842334923
-0.719362871272919,0.06592634132021329
-0.716417364982794,0.05492646782349401
-0.713842064708599,0.11647574405971055
-0.6787580035111345,0.1377741241221813
-0.7119132137243509,0.05749190873072209
-0.7057729078295683,0.1175635201844931
-0.7244653165504537,0.05462306797193762
-0.715413743156719,0.10328043625430199
-0.7127402057058022,0.11084049821665408
-0.7051009852479287,0.1115891332985859
-0.6991500062792122,0.1341812105936237
-0.6979057935125128,0.1044422937846055
-0.6953336336071367,0.09101743856530006
-0.6991569712849087,0.10627969762185809
-0.7266047343338737,0.0514981882710328
-0.7308317903079163,0.05965055261381511
-0.7111589070563534,0.09070170283164707
-0.7049842236143795,0.13076706302750196
-0.6897070177611848,0.11567298293603678
-0.71091872883043,0.11327971560918901
-0.6927347261160566,0.13889384685595252
-0.6953359136244744,0.1400703990323287
-0.6995634967381686,0.09196914513995576
-0.6924631606367623,0.14976778635491117
-0.7161320721295606,0.06700364957620908
-0.7041765449431822,0.1084723102656956
-0.6912737926108665,0.11908366041229815
-0.704562951740876,0.10437481023862274
-0.7045703593948575,0.12260174827454062
-0.7115126017443026,0.07561385824584764
-0.712076824132009,0.0801466053255824
-0.715186836286997,0.08055945367810464
-0.7255410816051232,0.03910927481592674
-0.6989388599545674,0.1299926888387017
-0.7089571651076365,0.07836411161037014
-0.6916089270116365,0.1088020661893768
-0.7237078865266028,0.076404776021072
-0.7095027606717591,0.10675500708205864
-0.6993552912185625,0.14189680883519404
-0.7207005487847986,0.04656582575473945
-0.7190251198873466,0.056570377249360676
-0.6871536131267496,0.13614681677065785
-0.7056835133535734,0.0954220383327465
-0.7015174760068474,0.08948826052214358
-0.727167165236744,0.06266467149374694
-0.7048791145182713,0.10586687413976943
-0.6806947075346348,0.15166705894394664
-0.7106177694832567,0.07528294107854874
-0.7185669897990458,0.06618500064563963
-0.7051081267032375,0.13371305429557562
-0.6855613247406226,0.12982748337689462
-0.7009519347491695,0.12318842938123743
-0.6948945228813113,0.134135194014197
-0.6938685316878942,0.11867242777294118
-0.723538638796006,0.06333701394571205
-0.6849374884425016,0.15413676449068522
-0.6875199183800127,0.15461812674434605
-0.716556166015768,0.0792203661657256
-0.7063248551597211,0.10528224988473746
-0.715465024238046,0.08960878806446056
-0.6997261568632966,0.11928555283524192
-0.6852418100317573,0.15887014743071173
-0.7154812452007496,0.0632811653389759
-0.697535871163456,0.0894386978544542
-0.722481218427547,0.07062641582184977
-0.7250143023574419,0.04331380300765095
-0.7065354940109931,0.12436002884133213
-0.7082984080353494,0.11625935606965278
-0.6991412944524343,0.12445699868322795
-0.7178638059702294,0.08094448759677504
-0.7212027210305115,0.06330044704934691
-0.6988842772045548,0.12282277535715004
-0.6855643615280835,0.11411896126216584
-0.6900359945222182,0.14101420749979587
-0.7249833681176625,0.05621524638668167
-0.6962097486708826,0.12919761975594493
-0.7066840297345822,0.12811875261636144
-0.712811885492627,0.12492694720856558
-0.7037174426232459,0.08862286298603969
-0.7149309523836745,0.090134898618565
-0.7233514453123785,0.09463072247343832
-0.7151622293431907,0.11725176892160571
-0.7180601289751664,0.09583176669846416
-0.6869886308966551,0.13108989764799095
-0.7236360410055922,0.048219783159648255
-0.7252150800846676,0.04833180734729964
-0.7301186180467332,0.043889781459900044
-0.7192233117171829,0.10068416784211766
-0.7133850875448166,0.05728574120848026
-0.722754012879892,0.05516286656769973
-0.708779066257505,0.11963718126404256
-0.6966605978975993,0.1380017950849296
-0.7276336191534042,0.0568724934740558
-0.7131944274173578,0.11584479580590958
-0.7244440034101421,0.06954079759014567
-0.7161851877207905,0.08912533096216134
-0.7185924124693551,0.05920378806774259
-0.7030402020494505,0.11943439723226582
-0.7015476300530139,0.09312852045701894
-0.7229449692912525,0.06025064693074555
-0.7077935010332851,0.06807708666823409
-0.6902496893123461,0.11734212698100951
-0.717731326740465,0.08189181482175725
-0.725358379798492,0.04918877232199117
-0.7200783022925767,0.09401716800836692
-0.7174991271201236,0.07918467164135018
-0.7076619647069874,0.0942011789432899
-0.7070870960805336,0.10751006004643737
-0.7116402178967769,0.09633286802121209
-0.7086390062568446,0.0906327255675769
-0.7199036109751703,0.08884083603549262
-0.7050562719664332,0.10303085782846311
-0.6890010329574332,0.13142562136345123
-0.723737131568487,0.07404305261752492
-0.7068134136492834,0.09174425007669836
-0.7221172553466464,0.0920198699575504
-0.6949075102878036,0.11102618596628838
-0.7032727621811564,0.12013700775125702
-0.7275749497835051,0.06483235415354419
-0.7018830552140566,0.12026023832649634
-0.7116939142531964,0.062075572065581744
-0.7179520808546616,0.08383440052382404
-0.7063331277572404,0.06958292600616
-0.7246107001279194,0.08431032612700959
-0.7242457540486155,0.08349757837775133
-0.7052142232129722,0.10705963649003368
-0.7276777911220423,0.05055001998764628
-0.6995217181051328,0.08857550054924355
-0.7212195231668111,0.08941791149118161
-0.7060234614216873,0.09951740496365927
-0.6985220222567927,0.14583793058719038
-0.7144374306594643,0.08799843119310069
-0.7037234697880266,0.11010465843095953
-0.6949097504349478,0.0997340752590697
-0.7050348287468348,0.11023927966410002
-0.7013680911660555,0.10349217237882902
-0.6982875125873497,0.1013754299578652
-0.7119582562352125,0.10700137726216877
-0.7045379298093579,0.10868062162674215
-0.6851495108307285,0.14097206075515265
-0.7086237309489527,0.08758882237485811
-0.690354072642131,0.15582838896146234
-0.6974383157129826,0.11677258928549936
-0.7233044307555481,0.05056204892063494
-0.6901360745120967,0.12016832855224435
-0.708019163563202,0.08897489299706988
-0.6998052442172141,0.10985858128150446
-0.7160099582214136,0.08021099386619024
-0.7111206320440088,0.07694703141953521
-0.7019708410804142,0.10223371405614337
-0.723468630746526,0.06505172691254972
-0.7134795147041645,0.11102688481034859
-0.7017367343426568,0.14271073587368607
-0.7087820783128629,0.07033409123235612
-0.7175849391755785,0.08326311519382268
-0.7144728380679207,0.11387434267443601
-0.7111268300149293,0.0920338654991965
-0.7119423959365229,0.09697418558218852
-0.7009172547934166,0.12542012953950418
-0.6962035397540066,0.10801207435066128
-0.7150686645982602,0.08912423209574284
-0.698790666203515,0.10777918381533552
-0.6901784555479076,0.13920535243114907
-0.6961260251845613,0.1116974980256197
-0.6958196676570457,0.09750498035898088
-0.6972009045846228,0.09705393126860878
-0.7099653153749329,0.09263941631523603
-0.7283574267086782,0.058201411958997314
-0.715561800191843,0.06785525396261101
-0.7029542339284098,0.08994070996893025
-0.709714619589914,0.07333704476569601
-0.7237807904057458,0.0734793022943894
-0.7183847163953408,0.05373919981717942
-0.7032757892560102,0.1014463980192433
-0.7030736033127012,0.13703364798752776
-0.707099886384113,0.06607180894536524
-0.7169598990840049,0.07996818945046988
-0.704449644626669,0.11982873792042824
-0.706900585145651,0.10065931393830391
-0.6972010592133996,0.14337444712046926
-0.6946451065850487,0.14364861412735022
-0.6981845057780285,0.10861115317957547
-0.7132303065915366,0.1095618413868041
-0.7084774073991761,0.08987003345798444
-0.7157537613492403,0.08135269260189
-0.7088930633518491,0.13201183371895014
-0.6838488354821962,0.13858930085760557
-0.7043141774020275,0.11360388014879985
-0.6922664083037594,0.1221714076883524
-0.7081214762686558,0.06563921782960984
-0.7176802420256039,0.06411699931545882
-0.6998403400006868,0.1033405166263174
-0.7148839635178593,0.0800372575099195
-0.719825572099853,0.07227289397027092
-0.7275460764387907,0.06797027880184625
-0.7175325074858613,0.11145153784009251
-0.697192072101136,0.1005952641404018
-0.7150761892096441,0.10652637810368955
-0.7073397632332572,0.09365177365967142
-0.7101189857700001,0.09085605036564676
-0.7120300885067768,0.08603095881955641
-0.6908154112581862,0.11862444098773875
-0.692509219787118,0.13219288728157585
-0.6970221407461193,0.1418935378760356
-0.6856482575658476,0.12156287273298289
-0.7148574435189278,0.07861615795024159
-0.7007388555423073,0.11036641864594414
-0.7047167730505607,0.10057394560270502
-0.6990916881938307,0.1292292031189879
-0.7015588381794277,0.09788072726597975
-0.6843276857986029,0.11882821736869037
-0.6892762364102434,0.13995379267827304
-0.6957137390822227,0.14866048244698812
-0.7076486511435387,0.11510776649277558
-0.704868205258594,0.0751590952482549
-0.7004521914930024,0.11156864796837695
-0.6893082390881042,0.1056811314112065
-0.70083854484603,0.12461741739421825
-0.708537730597236,0.10765295825777274
-0.7056706165102857,0.09794958573366586
-0.6838970344856427,0.1500003337444737
-0.7095632924077765,0.07394662399091542
-0.7003273569053435,0.07861678025353686
-0.7071443873540549,0.09244878862053688
-0.7154021834741693,0.09617169612312756
-0.69286389873984,0.1303078808172771
-0.6918809565949512,0.12065073280657677
-0.7134094867208887,0.12367996975556875
-0.7102368663792328,0.09572875727629228
-0.7078747071371426,0.10897971512947292
-0.7256822825856938,0.07189793305408114
-0.7244072792595696,0.06143787516256739
-0.7173910751200807,0.0832606331722402
-0.728664101180276,0.053195546128533264
-0.698097597279055,0.14064661087616176
-0.707085328769047,0.06985077567167342
-0.7096625178755611,0.10844631163130306
-0.7030777582513289,0.08245370679430207
-0.6978426960456438,0.10895706565759462
-0.7296558915537711,0.052270261862297156
-0.6876234250563876,0.14695366798156492
-0.7198140624424045,0.04807771053959291
-0.7246044497735816,0.04762042868120928
-0.703454367741918,0.12522669974594094
-0.7144312133282467,0.10129507977837464
-0.7197649706487294,0.07597266318271959
-0.7120746495853318,0.07384338771229605
-0.714331007955914,0.09733329796645859
-0.7219865694803429,0.06719057224775893
-0.7252386289866788,0.07047771566741749
-0.6932681770468715,0.1418004594055525
-0.7105997813153011,0.12359693859097114
-0.7078111108010487,0.09563897674690015
-0.6913440256800292,0.12683521959209546
-0.7005859727355375,0.11956731634228067
-0.7052684897835925,0.11460368487219026
-0.7242748317122223,0.0530737196025626
-0.7205667628859016,0.06944656584072482
-0.7196800910993709,0.0770585764964787
-0.6918135634252365,0.11575998075081194
-0.7219800848259788,0.06843074245482583
-0.7194886119237598,0.0660422565895992
-0.7014042687543985,0.08272866357488606
-0.6957158329427586,0.11542968391742943
-0.7053233438222843,0.07527075009806335
-0.6894857189043119,0.14731951284987457
-0.7182174197632223,0.07491512586164445
-0.7078569218142025,0.1295093650116777
-0.7134891333716442,0.1012229162579196
-0.7047597770186615,0.10255841224246977
-0.712730710749648,0.07553898381376693
-0.712124280461635,0.06096781822533762
-0.7040358770876413,0.1317935319915857
-0.6970285922210796,0.10439961745521514
-0.7092389641765869,0.07547667382067845
-0.7135713478136216,0.082961976670961
-0.7305863775001407,0.058295409491434594
-0.7283143504816628,0.050950145294296416
-0.6980110523136879,0.1151792228226517
-0.7034328037748625,0.0909679920130819
-0.7106410367475953,0.07444705313182025
-0.7095012837413934,0.07560310773878558
-0.7012398016471281,0.10621550300884731
-0.7125385321192236,0.08451214804997348
-0.7135970470257821,0.1114910524404234
-0.725389328821922,0.06442923304066105
-0.7179137861584393,0.06102694600636241
-0.7190736642024533,0.0677362975083753
-0.6817428073007623,0.16299213462757395
-0.6865412092724383,0.11774981234479551
-0.6931291560878595,0.09896472795084037
-0.720898036298647,0.04839490575027264
-0.6950410079245865,0.11081537367440152
-0.7137098589255586,0.11580203705813007
-0.7178640910605809,0.058918731278841875
-0.7102633987815316,0.0951674670999513
-0.6905053367019061,0.15874704553301552
-0.7125030583558657,0.08240634607306259
-0.7090357715520819,0.1048976438232236
-0.7031910701525419,0.13470570824911707
-0.7005076014241259,0.08819728181784915
-0.6915164044988474,0.13967920672902898
-0.7257858694030823,0.04907246789569921
-0.7241370919621647,0.06849499392038536
-0.7108891050590485,0.06688357773170105
-0.7229913124948355,0.06775869745611555
-0.7182426615041769,0.06038235008818683
-0.7158515652036667,0.09576127811265268
-0.7063056363018513,0.10616641514091585
-0.7237335286079761,0.047386298906234414
-0.690096129115275,0.13105938316731006
-0.7037763366734692,0.0796950680512913
-0.7219500997681607,0.08600902249011491
-0.7101424276007454,0.11288195377825216
-0.7100671517921048,0.09606322471095727
-0.7088377091399068,0.07045616733275961
-0.7131184799402568,0.08354533646299754
-0.7197598443211672,0.07804485157596794
-0.7193373405109684,0.08193764451095474
-0.7077582004778845,0.08644636418834269
-0.6794505833801554,0.1503534930156745
-0.7016513404704858,0.12845193696513948
-0.7234368739858262,0.07442721037175783
-0.711126787885405,0.11315633495042776
-0.6934921138609809,0.1240808102404801
-0.6977160037170234,0.10846388637807024
-0.7019391826124329,0.10803437131015571
-0.72535201083332,0.07788339678993607
-0.6947895249236928,0.1364263710791114
-0.7198959493473505,0.06770113733352068
-0.7065215166893672,0.11439770248093396
-0.6892538591253302,0.12102848106846138
-0.7178687749676013,0.08690445647169735
-0.7008027081390038,0.129867101473672
-0.7031030161910079,0.11083360532918816
-0.7074811025493464,0.13389889968439336
-0.7144337418209336,0.06476791409687128
-0.7090258006930619,0.08408978155283466
-0.7052040401757861,0.10280391158441862
-0.705344571167025,0.10391425059496683
-0.7079681320884053,0.10182299051080483
-0.7141881363909768,0.06021551544495406
-0.6824492024321566,0.13381639139722082
-0.7088038284809365,0.09912880067358527
-0.7064480157575105,0.1256822377407691
-0.7208935191006745,0.09534718845729882
-0.695843911723904,0.13055568753144356
-0.7120325846124148,0.12322546582208367
-0.7163357343081402,0.09813370826114914
-0.7030043744669598,0.1173388848179528
-0.7278843821407444,0.04490566283349894
-0.7261441306497833,0.058443800748342524
-0.7121520953695774,0.10915311025507549
-0.7222818527069279,0.08651126619872161
-0.7165408756746476,0.07191597621176286
-0.6919977829183015,0.10940549525321232
-0.6926656551468315,0.13050093657829634
-0.6881875698882142,0.1266327924526832
-0.6898534428031633,0.12298265552858396
-0.7156614558637576,0.08619376595347714
-0.7045417664088578,0.07209046805370449
-0.688390060796919,0.14008800797660592
-0.7125362442019991,0.12489400995757362
-0.6808134046535562,0.1595012550387799
-0.7148270818926165,0.08006575339277601
-0.6964411764633232,0.11957203494945035
-0.6926137037995831,0.1325564264373967
-0.7247278859462705,0.07751892779569414
-0.7164740897055368,0.0487144147139777
-0.6922284946651336,0.12067613275518241
-0.7039663374375634,0.07086894620114602
-0.7053287851201064,0.10470652074519728
-0.7199991892879053,0.06200084462335022
-0.7163924146800044,0.0738344788951473
-0.70595069049519,0.10346521080791568
-0.7130357522494719,0.0882450596285067
-0.7145803372090367,0.07541382562316487
-0.7002524334498019,0.12347372259669123
-0.6988863566755542,0.10069545498137716
-0.6849231620576782,0.1609264313613827
-0.7082043644494342,0.08976965113993272
-0.7192412555557186,0.07680022798456265
-0.6987783133584398,0.13767276153999078
-0.7091194428834077,0.10955016773734014
-0.7071635446650342,0.07763654879182783
-0.6777080700050444,0.13981695242234313
-0.7134226992457654,0.08890717137381093
-0.7211187113407863,0.08069311424678031
-0.714456230667105,0.10381685960847867
-0.7050367804331938,0.09784213088390013
-0.7090520435150127,0.11464837465103847
-0.7092754433003217,0.11756503943356812
-0.7115028858636319,0.089926559231599
-0.7145431227719028,0.09803135314616969
-0.7078854526078834,0.06422188860543528
-0.7078569191128739,0.08584010329808187
-0.7111786988267436,0.0768086164535614
-0.7013244322816647,0.12789883434274835
-0.6866674653861474,0.1494920371949358
-0.7097048496312411,0.1145766580891148
-0.7075282965389804,0.07737659886970957
-0.710902308632562,0.09576918661046532
-0.6964511668701189,0.10445628901010406
-0.7151281337141269,0.1069362785719019
-0.7072347940096354,0.10670237757359186
-0.7021902638957143,0.09659373311304367
-0.690185589576785,0.10606898072993709
-0.716224631088399,0.09272461665671977
-0.7117124453575746,0.08105419003526018
-0.7121227414922584,0.06813986135590852
-0.7146045303585483,0.0770201854451681
-0.6994495760091409,0.10422016765578107
-0.7052418422624938,0.08591779456452185
-0.7234870102372862,0.08010751934240287
-0.7126092658509496,0.10641704809860296
-0.713451005471415,0.09777841411316605
-0.6845788012707397,0.14089720289622654
-0.7053402455131996,0.11004426753255808
-0.6878313582284061,0.1437492689905952
-0.7150714043153356,0.06166169094849218
-0.7111572305495646,0.0711843549234661
-0.7074527800140363,0.12948190977231316
-0.6962326109123536,0.12250034352729329
-0.7204293396479728,0.07818019943075726
-0.7098296525512162,0.11183181369337261
-0.7042500675401762,0.08769205402647681
-0.6964780161659063,0.12437150999923559
-0.6959215512852919,0.1200055561869524
-0.7159165487002834,0.09339934766095881
-0.6914563767574953,0.12140761471386248
-0.7194933689309186,0.0677984517561378
-0.7115486792710153,0.07416514012613099
-0.7172935760723205,0.10949121911631868
-0.6769141888657029,0.15404625045176418
-0.7083475598513417,0.1279248335487832
-0.6907655469291637,0.12242479295003586
-0.7159507833423501,0.0744874046377385
-0.7137092893031495,0.09377074332188276
-0.6872903442095224,0.13417962970446762
-0.6947828061580449,0.1466282058009996
-0.7058327052346688,0.09048572956912888
-0.7078293066679118,0.08936526195161373
-0.7025623601447192,0.12376741906328906
-0.7206097454021625,0.0577803594943934
-0.7020910179861195,0.09348620713438428
-0.6971957936892051,0.12483376408917972
-0.7175912320403992,0.08123862113536238
-0.6978783126241108,0.14082849770755715
-0.7213396161930632,0.08516410914369957
-0.7178973610163214,0.078696390030392
-0.7034012477926459,0.09845775331464514
-0.6936981120134622,0.10393970413134271
-0.7101682954972187,0.08295232165878491
-0.685684139341067,0.1359052563766174
-0.722368245073714,0.09160072103637427
-0.6847911015264672,0.1313284606764771
-0.7114768976415259,0.1217419606991682
-0.7027553322234258,0.10827714052726849
-0.7030468278431852,0.12027047446853763
-0.710655684826859,0.11275071688031578
-0.7155437736702555,0.08985610074621847
-0.7130261048977765,0.11659068709628637
-0.7057435540346897,0.09450973872406299
-0.7113610545980867,0.05994077043988796
-0.6908641565917818,0.14439409002646406
-0.7036110818903986,0.1015337974626316
-0.6901335413658554,0.1320743135153865
-0.7286522322799301,0.05176007684073479
-0.7156867511130717,0.08981854446098436
-0.7168843552228139,0.1058862324638315
-0.7248310422319371,0.07486896155571092
-0.6890576335957415,0.13505095682057663
-0.7062963373601264,0.10161557835163815
-0.7000736670522051,0.0907288544178058
-0.7086975246170735,0.08716882577339939
-0.7151729001130669,0.10821660840576099
-0.7096579477063814,0.12345782904690752
-0.7082701772117547,0.1065531272302883
-0.6827481647108036,0.14103359846729022
-0.7067772580683294,0.0842220189870878
-0.7104145398335615,0.10858109200580038
-0.7041877436523538,0.11635726199923016
-0.7092639343035855,0.12494719014168423
-0.7153148373016509,0.059521923864557715
-0.7199810573911195,0.09036650570664134
-0.6997285318641123,0.12385121886159453
-0.7117073852290956,0.07714002766047535
-0.7249501830081716,0.06736571198017145
-0.6913233583472967,0.14144138438632434
-0.7003130823069776,0.10894147223743592
-0.6818465400612542,0.14543477031659718
-0.721040751712137,0.07629673178415372
-0.72131662867121,0.09180150618497508
-0.7061768324592244,0.10754907750722192
-0.7202579186855075,0.0850303890534852
-0.7019408436871266,0.10784960639564292
-0.6998791764241685,0.11863393771546712
-0.7149202910070434,0.07735641854408626
-0.6798583489373332,0.1472981359289496
-0.7076203996735326,0.10282348109953143
-0.6917674686624417,0.107032534662987
-0.7154705526457843,0.0961842663455046
-0.7178183863482017,0.04832721174651346
-0.7248714412240737,0.08817878166310049
-0.7096065896069433,0.12401787693872147
-0.7008571276092204,0.11066104991237186
-0.7017368550337924,0.14267080016844405
-0.7023105136028474,0.09577201842219944
-0.6987221429740849,0.12065812253034701
-0.6810399831281277,0.1442950284292445
-0.6955303727455334,0.1476982224099106
-0.707344692268895,0.11825439888279818
-0.6966149308410465,0.12809556406422729
-0.7276764097675177,0.0429807581432408
-0.7222666250251342,0.08198719750976077
-0.6981624317087214,0.14706515830707306
-0.697487545406325,0.1197291244671291
-0.7199422197449513,0.08482613924812933
-0.7050856581754112,0.08073412037826824
-0.7119293432607366,0.12198809752549133
-0.7161050645566208,0.06227400099820122
-0.7166672463522521,0.05807165585553255
-0.6993779087007164,0.09373259791289723
-0.7128852866605784,0.082315362721664
-0.698063805701727,0.1216229780787737
-0.6844448116058764,0.1673067096566087
-0.7233112509802249,0.06919487423549753
-0.7071462982825485,0.07671362750572852
-0.6918148670986345,0.1194955900805211
-0.7109918714340057,0.11794521113240687
-0.6962107787387055,0.1289181254555406
-0.7064316911107575,0.10136207948939341
-0.7190403121322085,0.060381020791049435
-0.7222184652376543,0.039913240445041374
-0.7056399091793222,0.08992801896377951
-0.6923701774844461,0.1534399891222626
-0.7121711455431472,0.0800652574053475
-0.7137124453893586,0.076936090841029
-0.6992751717228333,0.08904275220658155
-0.7117966181502887,0.08816593697448022
-0.6934229371639484,0.10965190688307892
-0.715369524014359,0.06876740012318912
-0.7239691764300306,0.06498793773237709
-0.7188879560074548,0.08565180256456657
-0.6988473666764804,0.1009562768722065
-0.6975785849581962,0.10076726521904461
-0.6979613559308343,0.12214888628291257
-0.7019664542194879,0.12017864609486406
-0.7140179297658653,0.0866532882656584
-0.6983625960302959,0.103736758360164
-0.7221317037444565,0.06476935852456646
-0.7151568966062282,0.07240450103849716
-0.6959036674329414,0.12606299399021792
-0.7110443630032892,0.09129020470565814
-0.6907117824062359,0.14050925888701946
-0.7063032399804722,0.08151511602595264
-0.7058876202468075,0.08580891152830351
-0.7198264482389309,0.044162120158704174
-0.7124190484192433,0.11908857971735469
-0.7083502459715515,0.12059842355908432
-0.7153479776454822,0.0558388350572154
-0.713149542404935,0.08488926113763898
-0.6986714103383409,0.13254689727280872
-0.7076558133367776,0.1205951840306616
-0.7008741835399164,0.1178441425710566
-0.7131311817051109,0.11024174601971763
-0.7268176033747124,0.071320639442702
-0.6910787513334049,0.12058734666000791
-0.6963057622612359,0.13201119972435396
-0.7136782445452029,0.08957101892495195
-0.7149454151390879,0.08059614088492936
-0.7256295568620116,0.07640378264659634
-0.6941059736695038,0.13659889806643183
-0.7142874659880989,0.07057342657204185
-0.7046779508279352,0.07903244554564354
-0.7045364251998927,0.07683206880129317
-0.7183497050477438,0.06522837734498307
-0.6895838317074575,0.13844253747615828
-0.7137701187761353,0.09931686663827059
-0.7177766541887672,0.08526179238120969
-0.7229271458510916,0.07698766239673967
-0.7086405111160811,0.10236803754421006
-0.6954289875802309,0.12240721269441156
-0.687040405368866,0.11171551654296556
-0.714104123073384,0.10912627108300012
-0.704076532605059,0.12036284338170451
-0.7002653622834776,0.11121212301510185
-0.7186949024203336,0.09274956115163278
-0.6978498249495235,0.10939415141143413
-0.7010705841481841,0.14374111724212985
-0.6917838481145541,0.14334365701968696
-0.7008860551371892,0.09322103210770671
-0.6946980606477539,0.10758279543883306
-0.7101242286588025,0.061796525817753856
-0.701196826621662,0.11817724679541743
-0.7103231031472661,0.10252861961903102
-0.7020852666895635,0.12911454533928082
-0.7092239187265273,0.09379021571046631
-0.7154646264431539,0.06262942927847058
-0.7149910382934801,0.09538716011956447
-0.7180709382742131,0.07270668709989282
-0.70161470644522,0.10032480316670249
-0.7005183946009308,0.11817076473607979
-0.7213685248267513,0.08011983540333481
-0.7066385115198304,0.12755098661237121
-0.6912971092627666,0.1374240638923948
-0.7155824673232881,0.10242898851457541
-0.719998052864506,0.08587999146715021
-0.7189351915245407,0.05921990513847423
-0.7012310323438036,0.097682622817603
-0.7156305941434113,0.07470311239318263
-0.7076440718726918,0.0867903796033002
-0.6842615400946928,0.138302163991544
-0.6980895631861056,0.09968423183165756
-0.7164298560426627,0.05159109660435874
-0.7174964816070463,0.06520903917544797
-0.67863536717819,0.15222853780185938
-0.7059710909362147,0.07840874468189306
-0.6841967657793595,0.1549129714636072
-0.7025662264599923,0.09632888319056353
-0.719749867385038,0.049373347330849755
-0.7045871747764141,0.10356772728883411
-0.72002795503194,0.0676521917819706
-0.6978441544554148,0.09840052501453908
-0.711502795731613,0.07317233587067726
-0.7220703466861377,0.08504912601464483
-0.6803609828371039,0.15792461344640155
-0.7224286653984329,0.05118121013060351
-0.7159165158234334,0.10383455498402999
-0.6985955370734893,0.11421993924900394
-0.7059035033749748,0.07975653334273021
-0.691204074939321,0.11586236387612517
-0.7166334097544882,0.04749941820561481
-0.7057504473312871,0.09622598376242096
-0.7030849987066007,0.10925597501292014
-0.7073099130779409,0.09110140600817374
-0.6940567254093892,0.13066956086536113
-0.6952598875558146,0.13675940224067742
-0.7135991336797767,0.0719568154224439
-0.6974753334336671,0.12071013037775362
-0.7136677195302945,0.06018790299695497
-0.6988822483581882,0.09695809228234882
-0.7066829000329328,0.10930177641232679
-0.6885222018326941,0.16093483152159477
-0.6897561250117992,0.11338692262661866
-0.7210275832207863,0.08651775150270276
-0.7065383504408757,0.07822949379270867
-0.7179420865652243,0.07699975690334121
-0.7002505791352048,0.12499090301226881
-0.7185641197089936,0.06268647430586835
-0.7106399263227757,0.07683122029742609
-0.7160366231280311,0.08734899094723232
-0.7184766393221754,0.05788518703461563
-0.7142225406356582,0.0782426666726674
-0.7140745250753163,0.08302206632951668
-0.7076370713270339,0.12422149333404951
-0.7025072282534379,0.130642870907361
-0.7132894595466982,0.09313866865153902
-0.7003977015100153,0.09877585666835881
-0.7216750411949755,0.07480474121008683
-0.7002707088012669,0.12129624547404715
-0.7082361563427247,0.11228773450935059
-0.712584068769094,0.09119218571799498
-0.6935532367015173,0.11110032124578045
-0.7032876187322735,0.13113652396813713
-0.7008489385774852,0.13652216730070155
-0.7047261361164227,0.12281262818613849
-0.7021797867745493,0.10974624766972747
-0.6835156617810991,0.14267753414777518
-0.7202799434809496,0.07564493402786908
-0.7115593484981443,0.10500970631729026
-0.7203084295434763,0.09666980299874464
-0.6928600325239761,0.09753320979176398
-0.6972072574851431,0.10224858876926056
-0.7095459796665147,0.1178010101677267
-0.7235475722300552,0.04956162223189638
-0.6902947293913712,0.12739399175276755
-0.7187697513569128,0.09829190449523073
-0.70255553044474,0.11014334238156775
-0.6958902052450502,0.11111635543412782
-0.7020535300545939,0.1111447368350244
-0.7165689416841354,0.08300173550232041
-0.6962899002658329,0.08978204636532074
-0.7051349295158197,0.11728470237940837
-0.702945475491241,0.1259584063314912
-0.7035807996136831,0.08564310263261879
-0.6956474275273953,0.11288248000228629
-0.7280375497275773,0.05228004590860728
-0.7186813918306042,0.09085063404215944
-0.7129793108557902,0.1191210883900743
-0.6828904328054279,0.14396734062056488
-0.7129495051764464,0.06762040654645878
-0.6943370440720058,0.10466130477504809
-0.7225020667358003,0.05678102926326857
-0.7230289983263397,0.052619328836546866
-0.7093898891765968,0.12205403392790697
-0.7147591713048451,0.053727911882067665
-0.7181131293383834,0.059337175144739795
-0.7101802229839764,0.06899093859454151
-0.6939842230508767,0.1313128818335497
-0.7177714450789752,0.06470212254594787
-0.7031832262032828,0.09825553613792067
-0.7114246499610103,0.08048480531194373
-0.7163870863061058,0.10642365202138257
-0.7080551816064352,0.10913016632938033
-0.7102936901401194,0.08647341061301392
-0.6855488523969879,0.14847284959711507
-0.7113845565346308,0.0675803234818185
-0.7048682143901444,0.10496481281868288
-0.7083891713829017,0.09153303227026374
-0.7051023466693145,0.079472688470744
-0.7085272129045851,0.0703944619092851
-0.7093894594173065,0.09849643277862523
-0.7169225907191112,0.04477478403051073
-0.6977116788225453,0.09157275664543137
-0.6990092038394153,0.12441987073242494
-0.7156062360397077,0.08795932528002179
-0.699673693537529,0.11320329351676761
-0.7153123796427101,0.09456256288181654
-0.7045463936773994,0.11561062960926251
-0.725852854525279,0.08042245228676928
-0.7007790220225165,0.10678141623308361
-0.7139922586667076,0.07512953861468673
-0.7117148534503888,0.08201630061277797
-0.6957498538725418,0.13658720659322818
-0.6956761418350037,0.1227132140519143
-0.6971247452303981,0.1022461501849289
-0.6846747057757531,0.14348162778751725
-0.7209173311509962,0.08718226532278787
-0.7090762029207073,0.1152337779302431
-0.7132408361879605,0.06298547301824686
-0.7248797589067317,0.040830452812566705
-0.7104935623560056,0.09309289468096761
-0.6920028045265789,0.13538164394766347
-0.6944380590442486,0.11952310796222759
-0.698364629403108,0.12028043615665854
-0.687899451352981,0.15018187853511059
-0.7006727784721054,0.08699968889583004
-0.7184515112201495,0.061290919228298775
-0.7142067134660152,0.1001446577005819
-0.6991619770068845,0.11444855171338182
-0.7042379485504995,0.09505678425565944
-0.7153230070183301,0.0950616465262614
-0.7115076606145982,0.0927796733586477
-0.6873656612625244,0.15488211544942215
-0.7162178008600163,0.0908371955136988
-0.7108073080136628,0.1231969436679813
-0.7049648858321421,0.10182283043258425
-0.6944185364164894,0.09636341313119699
-0.7086194528812599,0.10042665794508
-0.7101916243345122,0.12801537933335747
-0.718811202878628,0.06455844816316393
-0.7070102521461922,0.10498420225023966
-0.7206713551496089,0.07319690128415977
-0.7108194690542903,0.0966893239502294
-0.7050603670717086,0.13632371387145534
-0.6998412455587693,0.11846911737075969
-0.7081716178105244,0.11641189330805043
-0.6968244153204128,0.15098409011233058
-0.7110159009664021,0.06489088222535375
-0.6912684077157739,0.12766011676457223
-0.7114981435666609,0.1127359697164229
-0.721319268503146,0.07621581376663952
-0.6953434614657901,0.09361245247731212
-0.7134978688709519,0.08077876048342873
-0.6976140987994984,0.10727394224799174
-0.6964779986660943,0.09767080002590292
-0.7275612240103476,0.05920484169361592
-0.6904577379687779,0.1035114122041143
-0.7017748289902553,0.10139776593477838
-0.7076904544190672,0.10686976981697255
-0.7115808311892774,0.10014622713158662
-0.6980509215059127,0.09034811623752599
-0.6915038985495324,0.1503908721541066
-0.7108147779419363,0.11685982823131429
-0.7162344665672933,0.05913144825871201
-0.7148669103247808,0.08922340688143593
-0.7086725684093613,0.06843598213705467
-0.7186546408308003,0.0993755225882647
-0.722937087807782,0.06306743844130792
-0.7110572790844109,0.08941226165873598
-0.7184445600966498,0.056808444756165026
-0.7090203355670345,0.08996666255829201
-0.7104098683593839,0.12515486627608896
-0.7094849491997761,0.0634283935224695
-0.6954830140272277,0.0976778579870131
-0.7075168869655083,0.10461146240694588
-0.682642198035235,0.14054887528207313
-0.7146192350838835,0.10034693660101528
-0.6971443188028575,0.09926522807938527
-0.6928709661485902,0.12895619366377528
-0.7144275582687947,0.08254505462065459
-0.7085495954494557,0.13024344084210365
-0.7112499626395691,0.09704352553106839
-0.7025213749044706,0.1337557295462367
-0.7010559147058888,0.12809857910054184
-0.713426123138084,0.09528827152258898
-0.7154412029776337,0.08180015008191634
-0.717196379313087,0.10233279901380778
-0.6937899986918356,0.09827472180081046
-0.7078670716477931,0.12087957677022607
-0.705541594078119,0.07113459155647783
-0.6965370634378389,0.11561403262762172
-0.6828815229595222,0.142559526984076
-0.6977861486140919,0.10483979147550226
-0.7186234073744598,0.05001099858786449
-0.701773986515286,0.1338387166941336
-0.7240134019809636,0.06283520526205605
-0.7191747944025609,0.07001948256821569
-0.7272030624843147,0.05396130253616062
-0.6989149822271491,0.14168955909546127
-0.7088724742452162,0.09115907739770146
-0.7124203599519718,0.07221587561837266
-0.7147439137817865,0.08013634796645987
-0.6988850039186142,0.13348475474025565
-0.715629791206839,0.10260564297398334
-0.7075648326273483,0.08521599923452836
-0.702094429721065,0.10466361709394621
-0.6983326802503557,0.13087808255247635
-0.7112144833420709,0.06510601901652258
-0.7059919846354099,0.10101930496056344
-0.699886507690815,0.11484671387350995
-0.7058087402318782,0.08078820706235283
-0.6961078817824697,0.14695929229548974
-0.7076360642476032,0.131672279980439
-0.7003347045959021,0.13257802922063008
-0.7099196867025405,0.11308957036860552
-0.7160545177508297,0.08402935740569369
-0.7226762871138465,0.05940869608064348
-0.7056817873680057,0.11886597986765435
-0.6775160842633164,0.15169565689703834
-0.6917819875790188,0.11129892520212312
-0.7038661063145114,0.13697197450682602
-0.7141460337332368,0.05723920392296729
-0.7075227477875066,0.09457904142769302
-0.706323536562228,0.1166568673172775
-0.6957090445228431,0.11142466252331568
-0.7031443378210599,0.0969942703603533
-0.7145141763930811,0.07126743851190198
-0.71323683699725,0.0732510729118275
-0.6931781178178382,0.1143750706298797
-0.7053176487053124,0.08889254950160572
-0.7083171321923262,0.11187017735120704
-0.708390520089205,0.08750658781683326
-0.7055217126555087,0.10614193974096056
-0.707362342544967,0.10213218493280937
-0.7109111150643935,0.09295873978671457
-0.719403728507195,0.08795008957456488
-0.7046433088155383,0.10685613454239164
-0.6983330384431643,0.09129227519167767
-0.7142265585261581,0.09978033655637265
-0.7031686331223836,0.10338018227933063
-0.7090856987020866,0.09852439940514074
-0.7085239654641009,0.11263187538778299
-0.703487749024535,0.11384604667973035
-0.7184056621262181,0.08405750751303698
-0.6947549938093258,0.10870936220945225
-0.6952720025260849,0.1345344858367297
-0.6940665322173527,0.111298537998336
-0.6993598569099799,0.11507086742445043
-0.7052609005510712,0.0799388984758136
-0.6998908923091801,0.09374102347671835
-0.7023550350005393,0.13088114327024056
-0.7051849904005592,0.10277636185398974
-0.6990563098663689,0.12398556033896455
-0.702156916452263,0.10319850397116877
-0.7090544393045654,0.08686027802651633
-0.6937790907879188,0.1321344674861154
-0.7234132621819457,0.04739283272113768
-0.6989112940843617,0.13503538412281932
-0.7107614497732955,0.08268128404956826
-0.7227481832850636,0.07663312127260208
-0.6852479247320209,0.15620959525836917
-0.7035660031291721,0.10351144512118338
-0.7284745792777366,0.06311056414222029
-0.7039942441861698,0.08665457160549425
-0.717703226103259,0.065634066860447
-0.7172782816684248,0.08365136426217731
-0.701811519587027,0.09352169898368398
-0.7002644761207225,0.14015414032548934
-0.7122401616433137,0.058614162992881864
-0.6967242615919648,0.09947162071740429
-0.6868523321718991,0.15174826461171453
-0.7003574473514325,0.10463347995858553
-0.6952649670111811,0.11043080784857019
-0.6950865524143282,0.0981419395669356
-0.6992888823020015,0.12354195130801542
-0.6945931449610042,0.14333920016562618
-0.6945530321772307,0.12063059159604603
-0.6945283234818699,0.10227691649403235
-0.7055637595297951,0.10810370101028198
-0.6872279575200031,0.11003456308818609
-0.7031545623629392,0.08400479073096508
-0.6865524041484877,0.12013735349303674
-0.7056228925200129,0.08149529009307944
-0.709129085892092,0.09169541711939229
-0.6904733315101955,0.10516940805127943
-0.7159311323759004,0.10266420709925335
-0.7149396459467229,0.0821424709400959
-0.7025303378431941,0.09725247578484854
-0.7131715814839705,0.06964727679194631
-0.7067233939601546,0.07834599822098655
-0.7063423977169123,0.10716096825325691
-0.7028347726768035,0.1092724656300535
-0.7091867902962319,0.10430974028649286
-0.7225296933257486,0.07848529153701324
-0.702508120491867,0.10917003014897964
-0.7043673746637108,0.10899673847790635
-0.7055004789340082,0.10863662860091866
-0.6977533908701025,0.14845017859461992
-0.718825715427602,0.10260604400529626
-0.7128982812091254,0.07264727054994226
-0.7073615164908434,0.12675565734974098
-0.6939975312857589,0.11854493304873526
-0.7090894860823551,0.11687305290688882
-0.7071406181626224,0.10248392937580293
-0.7118964348659427,0.08682617597569521
-0.6975422437381287,0.1142723552878034
-0.6879577618023176,0.14316474408218302
-0.7088030827043559,0.10771121126156351
-0.7025033548591887,0.12170180441567746
-0.7151625674055976,0.08947664705240824
-0.685743222900167,0.13828271139335524
-0.7015423750626111,0.08193443140431851
-0.7231858907840345,0.055994205505608685
-0.7080206239863165,0.09506199523759641
-0.7111664131657901,0.09690111444124275
-0.7061283194878968,0.08838933672095312
-0.6912381930357753,0.11900197407539952
-0.7094981575541861,0.06495358525504756
-0.7020692199266624,0.13681623216288613
-0.7035314131036902,0.1006330367377598
-0.7016589854548722,0.12061344627605936
-0.7154010429364691,0.08509119643625519
-0.7043260233309521,0.09909079684137073
-0.6807429033644894,0.13837466917307747
-0.7091539502582939,0.07186621523396058
-0.7135644622291996,0.0984950373027615
-0.7146527378476605,0.08837359978177066
-0.7123513735783578,0.07053358205113726
-0.7028662471068816,0.13853128771433607
-0.7126282257133225,0.06749161883739849
-0.7055818127417786,0.08262306918828317
-0.7092323139973681,0.1015865728522891
-0.7147550636963963,0.05131823950995287
-0.6857877186759797,0.14940598747531386
-0.7224435406810529,0.054636920683435945
-0.6977679534084877,0.10425547807264564
-0.7099931072578161,0.08417346219143006
-0.7100372468518593,0.07396453364543451
-0.7197236380585958,0.078797148295967
-0.696207727326543,0.12684849754921484
-0.7072394134975941,0.091744741048062
-0.7238273134027368,0.06894821022694478
-0.6892144756615549,0.12663220278481843
-0.7063841500598448,0.11529217792881524
-0.6933451746304333,0.14777182190382174
-0.703233958338036,0.08782132578184404
-0.7112229118985707,0.09824633248027065
-0.7015248692292096,0.12826429140169224
-0.7109488073460629,0.10518763293201057
-0.6971531778713979,0.1136599996113274
-0.7164767865749783,0.08089433810281478
-0.7197632495528415,0.07502440635252842
-0.7116206710301651,0.09432538484449735
-0.7133312780973378,0.05637627005448719
-0.6879017502433009,0.1421506933933041
-0.6811623458210996,0.15361693404872823
-0.705740830216506,0.0952171321009721
-0.7087103008913348,0.08992325369068878
-0.6943037653517188,0.1193467996463858
-0.7105605575145221,0.08774344226963207
-0.7018787537502714,0.08254670070590514
-0.6912840106737108,0.13134921847635847
-0.7234628385972685,0.07580345598947381
-0.7164416999665685,0.08447424766375855
-0.6922539319589367,0.12157847730006473
-0.7118185066099504,0.07436784186780987
-0.717456722782394,0.09812624956458725
-0.7303123764822331,0.048228711121705514
-0.7088382581905106,0.09009994032650945
-0.6931372354760117,0.13171060626958841
-0.7072876536066229,0.11155378523545889
-0.6973275954502309,0.11202808731311875
-0.7110031339733831,0.09546343320037791
-0.7142223287909016,0.09637646671595065
-0.6863913944057942,0.13765647507903217
-0.7045817657816312,0.09076031126845491
-0.7042689711336745,0.1096649596046894
-0.7081802143948738,0.1010313124749901
-0.6979013476615548,0.10719231383578469
-0.6841932902054976,0.13619294888645625
-0.6875376232939904,0.1365469358122955
-0.6975318422143681,0.14897863395824118
-0.7116956038542251,0.0983995366889414
-0.7067408380376096,0.09337287758030326
-0.7267814033202685,0.058393648432163305
-0.6962846910132734,0.12046993697209571
-0.7131545491516048,0.10567943007106774
-0.7013267440864119,0.10346710721102453
-0.7027718667243851,0.11728333123976606
-0.7084142005874258,0.1037208215589438
-0.6999149958187523,0.1192727770119001
-0.7136236245368455,0.08876043290125062
-0.6966318936073492,0.11010649290992426
-0.7039407988340971,0.12120960383102652
-0.7239225142526793,0.0657906674671079
-0.7118334564815896,0.07502321828114733
-0.6995248892873687,0.1314543900183907
-0.719008673060899,0.08299034543831371
-0.6966976012392632,0.0945998473803628
-0.6857661249921304,0.14355300887493425
-0.6934127932226197,0.11042713773765721
-0.6896953595320433,0.13806384261797225
-0.7000403485672616,0.12801734970467757
-0.7168685305999293,0.057271547307554335
-0.7043625088604216,0.09179300318849853
-0.6930872627987023,0.10770814390621129
-0.7021946786891365,0.11288770703949756
-0.6928258791779837,0.11170264159170845
-0.69911718981938,0.12991617168145259
-0.7128353592684736,0.07865480492902681
-0.7186525855496766,0.08067233742668604
-0.7138202723431186,0.08873862762767397
-0.6959441690112875,0.10663854113945995
-0.703394452221576,0.09444621685937667
-0.7041130366555034,0.1259924948417556
-0.7019340624900607,0.1091043371185666
-0.7193618282751316,0.07285792189556954
-0.7120156537101946,0.06749669498950792
-0.7113557175421636,0.06939724854457019
-0.7143217344152443,0.11112421777222048
-0.6856549839588366,0.14976319415958356
-0.6834986654980343,0.12643498105099713
-0.7130997891823887,0.08024582254180748
-0.7064240549423539,0.0944375522685936
-0.6849308250050435,0.14706713160177215
-0.7159188550966454,0.07278375767958957
-0.7053262188275224,0.11206973826956532
-0.6950166216345921,0.15042815473319152
-0.7059397027544685,0.11427917833731932
-0.7156018438727403,0.07805736439030153
-0.7077759342631416,0.07122308744242795
-0.723740217058828,0.056998704003166846
-0.7045746656312368,0.08939230622338627
-0.7214219901658796,0.09274548625805284
-0.708942827278469,0.1104909166477089
-0.7008715323806498,0.12805293064919013
-0.6955826725174614,0.10335742174849279
-0.7210483063083198,0.07882213620918396
-0.694766114166403,0.09583603528040752
-0.7091731049698766,0.10248934838593785
-0.703902654529562,0.10628785936305281
-0.7245295728109514,0.059368371491740894
-0.6960974430591491,0.09218817968286917
-0.6841571161213214,0.15347317652199782
-0.704430591602377,0.10842767439724924
-0.6867645813796545,0.1514205488576122
-0.7060178755844596,0.0786378289584416
-0.7175295579387997,0.07586634561157737
-0.6913086677626846,0.11713667904192983
-0.7069932042965545,0.09981293288670867
-0.7211734665449907,0.06018517183072271
-0.7138174992231556,0.05785645039248787
-0.7114045269108625,0.09580434560336894
-0.6978104443160377,0.10433428783225471
-0.715816189956816,0.09865863677574611
-0.6981073187169653,0.12368739985182038
-0.706773155255392,0.09764734316898735
-0.7245329265743673,0.07868481725736583
-0.7238516278368509,0.07337234986256583
-0.7079430987324791,0.10224853222554638
-0.6891689999577674,0.1319016883944937
-0.6897426496537368,0.12028576997792664
-0.7190536400012626,0.0678842122875082
-0.7008613067133446,0.10397050792588011
-0.6901981808518924,0.1312461824872261
-0.6899436010245561,0.12020669137776227
-0.7058422489567963,0.09356015878210056
-0.6968289904887923,0.13398285813152894
-0.7047061748105035,0.11274600068923044
-0.7250466528843346,0.07313327683745514
-0.7180386418418365,0.09562424536042552
-0.7215666612750903,0.09175378767977083
-0.7150174942342638,0.0693287526757346
-0.7101805031926972,0.10326746357284677
-0.7114669900850451,0.0882975005114118
-0.6989371126349501,0.12326520376586894
-0.7143733991441572,0.07060412255273125
-0.7271557754864435,0.05778572120636764
-0.6904709507623402,0.15350900627404987
-0.7048892412441194,0.11647800710346386
-0.6942898188305472,0.10624477524059951
-0.6873981840524105,0.1397166716985544
-0.704376114166656,0.12398614645213409
-0.7123180587997694,0.10996586607582394
-0.6939495774692755,0.13037744812133897
-0.7257953512890573,0.05731880071909985
-0.71515534739077,0.08681116679048168
-0.7096940379552072,0.09402822773730846
-0.7132217486832507,0.07401915401953772
-0.7139503763436083,0.07224725653169337
-0.6902265279117782,0.13809349128225065
-0.7079646688767293,0.08995283853423665
-0.7120769942860846,0.07041691809721143
-0.6948794747989006,0.13069688334235954
-0.701373419883586,0.12582555813583376
-0.7114996051273419,0.12165963207455613
-0.7163184464635395,0.07353288564466777
-0.7133041939931443,0.07230417269104712
-0.7233826365357621,0.04936460714397707
-0.698757064959595,0.1390448030638282
-0.6996594351673976,0.0993072853367843
-0.7101060497020433,0.08064109067659453
-0.6945577756509359,0.13986942971317567
-0.7103863038774505,0.11971662264957678
-0.711156600228298,0.10525236565450499
-0.6929730931975857,0.1224259311547511
-0.6865806922613636,0.13289128139932363
-0.711280804340138,0.08234832059858635
-0.7147589207774461,0.09317483453603799
-0.7046934217299597,0.10177113362924692
-0.7089485898522739,0.09561229129424782
-0.7043377265448054,0.10561367162730265
-0.7134851506901445,0.07174506879487064
-0.6972217445872103,0.12572224935454265
-0.7064089417380516,0.10021872017420043
-0.7204726867533673,0.0687134039942874
-0.7249898918379055,0.07559697616320141
-0.6828447231873216,0.140386586074973
-0.6971626606575665,0.09141782090718648
-0.7143249717842256,0.08141070367399815
-0.6862690791243482,0.15017127616874978
-0.7021356545602516,0.12750290067648054
-0.718018131149928,0.08999199283279448
-0.7005453311154483,0.109106861456961
-0.6947771316415022,0.10530345402540499
-0.7035128665395898,0.10332713408166634
-0.7037638653682947,0.09199377669337942
-0.7019665927749765,0.08289298097964598
-0.7027886388125562,0.1226678052736571
-0.6950689466768271,0.13755066367132693
-0.7129389880638989,0.110390530373253
-0.7120287906340632,0.11652867248588773
-0.6874250619404072,0.14476517972071937
-0.7054586954397842,0.08244548861974149
-0.7138019921915996,0.06319774775564799
-0.7096699177851087,0.07282191811287515
-0.6893890079526057,0.13232074300454805
-0.6924162983552874,0.11169442888246926
-0.6995548504629784,0.08574247151889948
-0.699589326593527,0.09096694694037011
-0.6985562846619303,0.09772420447027123
-0.7069336417610488,0.08944802204638481
-0.7078838715880784,0.12424462898129914
-0.7152336149367574,0.10361323353928363
-0.6978044522955081,0.1262589401241981
-0.7042986076184964,0.07834246436066276
-0.7169369799484137,0.08942288639128156
-0.7015246213728,0.13607037829363441
-0.7122673693899678,0.1118656679343494
-0.7065248296574212,0.11034526276001755
-0.7256735622473007,0.06727820040895784
-0.6985317859855877,0.11045450654974905
-0.7211790940149814,0.0557026428991799
-0.7037038166737588,0.09756668802590815
-0.7127320068751298,0.11489852534125124
-0.6982789424356989,0.1051338215192268
-0.7099300744383279,0.07555027875291617
-0.7214787279858373,0.05286670566082006
-0.7130357567179721,0.0593991615953734
-0.7045636320653889,0.13275114028451881
-0.703308388808884,0.0858180510496948
-0.7078565613342839,0.09198312673398397
-0.6973595026155189,0.08842454179854292
-0.7080823852732028,0.06882783882957065
-0.686663876207762,0.14534391332999974
-0.6988653830806539,0.11191926937406234
-0.6933735686028718,0.10314637831662371
-0.6979434879161154,0.13686504656907328
-0.7076269264545382,0.08124582507252251
-0.7033422861007305,0.13467731570871158
-0.7139212472441772,0.10845888592932483
-0.6841448401063698,0.1463908423969393
-0.6882449841425379,0.1326604021494085
-0.7101564019127415,0.07922441859650138
-0.7071561868330248,0.10734352605578963
-0.7245885715489006,0.05734365718777508
-0.702222021673098,0.09536548528695753
-0.7191179028601185,0.07328671952478803
-0.7185456707880578,0.090168485959439
-0.6900802347783636,0.10993790824363033
-0.7076275655559591,0.09448116781858668
-0.7124873451933182,0.1089443191747462
-0.7117749552801972,0.06709833016809208
-0.7167802088460263,0.09060511742973441
-0.7118953774177621,0.08884015645610976
-0.7002804548689481,0.11362762741359893
-0.7071586237086966,0.10206181826308328
-0.6946756166404127,0.15111166647945498
-0.7038476296725351,0.0972932485609317
-0.7184500139484803,0.06141510099169003
-0.7184075355932981,0.10602388312287069
-0.6995809412725232,0.10753811650870963
-0.6843136361719719,0.14191590786544608
-0.6966083284053296,0.13205869782816557
-0.7045448601986417,0.08651609474497587
-0.7085502987410534,0.08674042857671153
-0.6844669290473893,0.14470551332441384
-0.7159696133065664,0.09229017174455477
-0.7074675210762044,0.07786085834387113
-0.7156337174790268,0.08008524787457086
-0.6989056405744477,0.12317530513464847
-0.7128387768469272,0.07358774249312444
-0.7125385422027107,0.07705196673924064
-0.715344591542426,0.11246594566313516
-0.6954545448325637,0.12936940312430747
-0.7003061397324408,0.10360658499208152
-0.7134829323277575,0.07393482314485209
-0.6932619277135155,0.14084943012284973
-0.6890724109425599,0.13280841863286202
-0.7104603031598263,0.10905362535347135
-0.7132069203145434,0.07721902512954626
-0.7055060923890929,0.13281936470889388
-0.6805811329547371,0.15268232373262114
-0.70337377396209,0.09348818217779997
-0.6992269700475636,0.1281407894013454
-0.7154857509115141,0.0958101535372647
-0.707353334883962,0.09660948228453217
-0.7146056754257853,0.09379875497036236
-0.709910793321481,0.07215022924284237
-0.69928841425999,0.10366748752905876
-0.7121607743537756,0.11130147919737153
-0.7041181642837278,0.08057300164086241
-0.6873836393036817,0.15606590909899237
-0.7053740555851805,0.0781452277184189
-0.7001458297943337,0.0877725059207077
-0.7066074749291411,0.077539784302441
-0.6912875320810536,0.1517642705776389
-0.7019535738212083,0.09326147706720372
-0.6893122419851504,0.14402555847398352
-0.698307061168722,0.1237778792104441
-0.6889857705184371,0.1295215759429397
-0.6797427545238585,0.13680086940588637
-0.6973506711558447,0.13615951555017702
-0.7136113183984446,0.10039028403514866
-0.7080694010086627,0.07589051448337873
-0.7082754740091941,0.09064803711625248
-0.6946502353235027,0.1050959066325562
-0.7013620753614547,0.09654279359039467
-0.7012306103612479,0.08356048205000684
-0.7102400921490486,0.09323499859643945
-0.7136521444455975,0.06436701243197396
-0.6984079630570553,0.12054617429414945
-0.7246177457822989,0.06385307144465285
-0.6936262620402088,0.11475705010609194
-0.7063468398093995,0.11537434128946628
-0.7162564744898705,0.062392100608663306
-0.6986684259806771,0.11858550825435397
-0.7034698770253502,0.08092114970779835
-0.7115065456348588,0.0993274574990923
-0.6984875806011184,0.09172457353086932
-0.712129832865889,0.09255754647421828
-0.7145909290843423,0.08938291323435944
-0.7096309381367562,0.10401784946195802
-0.7161733388815626,0.10560259252411104
-0.7080029251803843,0.08380606784145368
-0.7146578081550183,0.05522731717535147
-0.6952758579517618,0.1290769966348405
-0.7034631780416875,0.10527769299504311
-0.6956840477521139,0.10748713321017656
-0.7079402867818431,0.1029733354476259
-0.7087257328148144,0.08231527425496353
-0.7003467056214231,0.11960311843553804
-0.7149843245589067,0.08439535724205748
-0.6945943900468792,0.1507414272788123
-0.690609760988992,0.1345323097903543
-0.7159934383618415,0.09311092545881636
-0.6891704599557836,0.12406236987245901
-0.6889743150117956,0.1209770757068043
-0.7069593715373096,0.0784660474184392
-0.7196017831073475,0.08156420844383556
-0.7125877608973384,0.09820617417134626
-0.7077677437774608,0.07990504273130848
-0.7016804397862979,0.09951169137826553
-0.6814900375304005,0.1498841274207039
-0.7179680104427488,0.08990444354992856
-0.7117071973111271,0.08364614691292917
-0.6872247343616869,0.1378844063909083
-0.6971209398205431,0.11822752165640901
-0.7173589473156992,0.06286573707111807
-0.7155109943304934,0.06282562921625402
-0.6989125397939832,0.12317432505726321
-0.7102781022010811,0.11562944423851827
-0.7149511635345193,0.06754156151611224
-0.7202407297602074,0.08039543899291424
-0.6990476473195057,0.12086672719540155
-0.6990462714467485,0.1357292594732225
-0.7241118289431936,0.04477266154608497
-0.707975413126304,0.11489004841240627
-0.7144133822192091,0.10218877196725695
-0.7136655685721566,0.10926096916481245
-0.7043026962188014,0.1249978751956028
-0.7028307697217467,0.10806022218197821
-0.7238006193308961,0.048138494889658656
-0.69850512096078,0.12592852747316585
-0.701591274791378,0.10532631311311963
-0.7030356089146428,0.11795215018292936
-0.7115815969642599,0.11908703060877018
-0.6995471568517344,0.10911488768959744
-0.710910357770027,0.10888903127965306
-0.6908864933354142,0.1170628621827291
-0.6953280992377416,0.1072550459898289
-0.7097465197286916,0.08031067353147739
-0.680555338227504,0.14281960480554076
-0.6873617805813237,0.11441742049641679
-0.7159089878475221,0.07150952837384467
-0.7106784642752404,0.09577718192331426
-0.7103288734571968,0.0725899203235925
-0.7125761549587921,0.07249559578870364
-0.7264725534650724,0.07620073410978914
-0.7058433043886763,0.09471067129984591
-0.7098878763309755,0.09488424375786844
-0.7132376135288617,0.05928414445668058
-0.7160215221636053,0.1019793115823251
-0.7102821535703306,0.11355731905881218
-0.7155554213432186,0.0960160516205634
-0.7244514417436434,0.048803205054508594
-0.7010410231015795,0.09114264303689969
-0.7211885666366217,0.07547474239391763
-0.6982178963055388,0.10450604940264133
-0.7107260164429796,0.12161936311324134
-0.7056863245375289,0.08043540934450474
-0.6829210670557908,0.13086576839822828
-0.6925902186771349,0.13874527024348343
-0.7004683991736464,0.14248568578268556
-0.7026841319782552,0.13156823969030973
-0.7170984490419234,0.07034983331408276
-0.7111661586816989,0.08827023975347581
-0.7012296383560969,0.08654345761688828
-0.7112691062533082,0.10109077092234432
-0.69530810130423,0.10046945919624763
-0.7192735488365367,0.06018679561980168
-0.6976467574952147,0.10775811621672768
-0.707385675403615,0.09374967484384461
-0.6816279087380158,0.132797508674303
-0.7244304421013075,0.05566097695199495
-0.6956790495541932,0.14745186616170902
-0.6942616650195723,0.12230776735202536
-0.7121421610333113,0.07859589266713923
-0.6952739794472653,0.12668904150781876
-0.7166684978576949,0.06006235310103932
-0.7097487704330748,0.07488989962566868
-0.7072658568936739,0.09848730025224868
-0.7205096915207246,0.09041206875545672
-0.7189962446590502,0.05886428649080239
-0.709194285436075,0.09541336305642409
-0.7060978328569107,0.11460775148032318
-0.7081430849479969,0.10221894857415098
-0.7005960056588576,0.09394556454706546
-0.6934549537604869,0.11868344656395943
-0.7127958446277998,0.0971572909597271
-0.6911556183185629,0.12012835327710586
-0.6917405929021844,0.10313122925457689
-0.7136381496694961,0.10858898901282586
-0.7003408266377263,0.129514389164747
-0.7075310499725632,0.10171705757605255
-0.7192828362792157,0.0761900729618194
-0.6973494868763153,0.1104576821532469
-0.6934923861864657,0.14211470295452433
-0.7119999388935945,0.07162596817041296
-0.7183052626730262,0.055206377462457275
-0.6924138154354457,0.1415874732317095
-0.707360832680338,0.09903079094883444
-0.7102722006808041,0.06536543308211075
-0.6892160603375517,0.1263583194841943
-0.7141139840056046,0.06371465728336041
-0.6797095291702328,0.14789230455520236
-0.7026214402678697,0.11779578423897141
-0.7169834052914664,0.06348347353916675
-0.7047753518683643,0.1285671201533955
-0.71697883455449,0.05517826340562618
-0.6930130644613509,0.12471333962019444
-0.7167804565036768,0.0647951343595805
-0.6930389462891552,0.11603040162132162
-0.6891927299707822,0.1490116443833896
-0.7048234441467424,0.11978781324771068
-0.690849023458305,0.11740322763701203
-0.6918797756420623,0.11891093765199721
-0.6979153738712157,0.11882251938949041
-0.6955771833043954,0.13958150268769498
-0.7043267686149686,0.09625119259758759
-0.6857388346466566,0.12510949684656947
-0.6969062541961848,0.10157074361063405
-0.7089271608452837,0.11469619445693648
-0.7074757608371425,0.08581746172260495
-0.6898174416195685,0.14064274072619357
-0.6954333562855051,0.14504764847228893
-0.7127395047904143,0.0841108337853036
-0.7178511264159873,0.08064836563345809
-0.7089827571603727,0.08721942420587284
-0.7157665767735824,0.09075133997112218
-0.7089162220992379,0.09185508121147237
-0.7089421066099988,0.10231556242681346
-0.7150533785238162,0.10582079856724104
-0.7141185633984001,0.10452671053469448
-0.7260851700796497,0.0500248035827809
-0.6878706563670023,0.15137806361056969
-0.704676691981413,0.11528766043905621
-0.6993887767054356,0.10637362890499596
-0.7205799302437749,0.08369918368991763
-0.7205036631087978,0.09171765675934235
-0.7027843054031175,0.09880229830558446
-0.7170291350825067,0.09126378811514631
-0.7010304966162335,0.11012651008684378
-0.6911792112051676,0.12563627244535658
-0.6956912862529512,0.12411824285611729
-0.7101462950174627,0.11045480622925306
-0.6976104853512302,0.11258280575676852
-0.6977255898610071,0.12009031563625976
-0.7058482254093338,0.09334833473470297
-0.7021964961875644,0.09931092242442204
-0.707879524842044,0.07668011159340452
-0.712472067223702,0.09581703157650842
-0.7128380725186408,0.08878690737976776
-0.7029271825801535,0.10267120844414677
-0.7093320256640417,0.08464708270637553
-0.6966138406420433,0.11591171261571996
-0.7189529926925513,0.06096510194830268
-0.7068742032993832,0.10781896722580087
-0.7064774642885002,0.11059158058698394
-0.6992828600247356,0.12761951249100362
-0.7097017783376315,0.08954138354220187
-0.7148402415344128,0.10055267456284611
-0.692207250776777,0.12191278248097447
-0.703211061393051,0.09514086880398034
-0.7180348156488681,0.09718870638893742
-0.6898213446687128,0.1341096042677055
-0.715352628260654,0.08167730872449254
-0.7041664278173185,0.1016975654294592
-0.6996080704506095,0.12060184989428548
-0.6805143184554241,0.14745442770267822
-0.7194177292967318,0.051544405542800945
-0.7074022827593092,0.12148450286308601
-0.7098473362459642,0.11906896066052294
-0.7077756561726862,0.0683923988995001
-0.688126394040675,0.1432084376210119
-0.7036928130350606,0.08930377157840931
-0.6964647280781388,0.13592326396162474
-0.706737069711964,0.11318473105082917
-0.7134090025539412,0.08309048830958789
-0.7251269658570253,0.06611959544992682
-0.6958413644363151,0.11562165651808431
-0.696653072592563,0.10555636838320671
-0.7017379523849188,0.1022371581568629
-0.7035882747302978,0.099962924963596
-0.6996636200201222,0.11716424943886129
-0.7126235165901529,0.10517218174639542
-0.7091503442158459,0.08920530832777554
-0.7123291958397834,0.0878580109964488
-0.7189963927098003,0.08966089022739804
-0.7059529155366969,0.09495699413211572
-0.7102327299996509,0.09463025575568824
-0.7007831711007916,0.11692453213313928
-0.7077886140235705,0.0829322195001979
-0.7215485114882371,0.08203221275224631
-0.6940724083709853,0.10659415939547078
-0.7130365663663824,0.08587062938558516
-0.7174411436683409,0.10707568451121036
-0.6937205575513065,0.13686479823439135
-0.7186386572985201,0.055810907844835986
-0.7007907111256652,0.10738670586382469
-0.6981588826316242,0.12284793151164276
-0.6991074029458142,0.11015168480240267
-0.7148228142797373,0.09215607823178282
-0.6862644670991912,0.1340347736551805
-0.7017976574570685,0.11053344252558948
-0.7165864615083175,0.09615861585877893
-0.7128189273579939,0.08201921814875145
-0.7196682442543129,0.05636565777956109
-0.6975577777794263,0.13837482225541925
-0.707977109002641,0.08075106237942453
-0.7040463606847801,0.10361024594285329
-0.695721397823788,0.12225132324717218
-0.7117108053921332,0.07231071238599039
-0.6987488520224101,0.11645052650006481
-0.693870806731548,0.1282154367814694
-0.7145955853974494,0.09071810576910576
-0.7003603149321659,0.11445983581580467
-0.6792891381678761,0.15080958382566434
-0.7083102461913006,0.11075278926313069
-0.6927986158271968,0.13685978957488287
-0.7038266449289325,0.07746099627283849
-0.6992036550660059,0.11058054617893115
-0.7045229952426887,0.11937110670357196
-0.7015595625258618,0.10057671049533795
-0.7147493558729777,0.09498161542447169
-0.7207678899570966,0.07661790333875261
-0.710373466350062,0.0986178928102526
-0.7131566173364887,0.09945783713038929
-0.7040032590909443,0.12934257457262746
-0.7185630720133727,0.06619483158531823
-0.7079379786214846,0.0929052587764404
-0.6875832277824933,0.14536840804133616
-0.7095894417116654,0.06930579124834803
-0.7118462636188381,0.08235533939160193
-0.7014600855697326,0.10621317027207719
-0.7085361506984091,0.11343841721066004
-0.7198120493091279,0.0938293740157935
-0.6905805632683043,0.12338962785923653
-0.7004343943350663,0.12539368127042322
-0.6999368551750332,0.1062048029743759
-0.7156020171509139,0.09206965617000613
-0.6947122870073708,0.1252339595556212
-0.7051982877042264,0.11042331151039832
-0.7016947766239297,0.13601507429728105
-0.6994035644011326,0.11530596259632403
-0.7045153661986603,0.09175600652233583
-0.6799255127749372,0.14160181937850183
-0.725326484348917,0.06909377202780854
-0.6938050030150035,0.11781915495383137
-0.6968195491762079,0.1373845323484291
-0.7166833349904558,0.07168087178435478
-0.7077467912606403,0.0811199806839522
-0.7062867426178897,0.09890126512271159
-0.7034626077864133,0.12411107817441164
-0.6981087110301208,0.09401191301799537
-0.7008198378535414,0.12431010909442121
-0.7124890341968029,0.0826821776356347
-0.7125949416505826,0.09160929825725926
-0.7037850846797205,0.0761929350927304
-0.7249093210885484,0.045693612144249676
-0.706216174319386,0.09451432605832463
-0.7120863483561597,0.10859679859343886
-0.7167428887882434,0.05126584479293298
-0.707546002684932,0.10706660628133888
-0.7064616996469455,0.10909659443896702
-0.6994718317844927,0.12795176210134512
-0.6984217737109597,0.12430668619350368
-0.7002998905772081,0.1257234403423596
-0.7184241959027529,0.07503524707536084
-0.7014888457073428,0.12883522247949322
-0.694033841803588,0.14313797784019716
-0.6954262985336159,0.12071845676932427
-0.7107709954239767,0.08843144169982234
-0.7019999030578667,0.13152523302122524
-0.7107431313936854,0.0764347969689852
-0.6875089377445863,0.14463154938083522
-0.6932405380669069,0.13728989942040043
-0.7197836426659758,0.09556626155406332
-0.6924212700363261,0.12041728059355247
-0.7201779004804851,0.09387754856009103
-0.7180125660042872,0.08172163696477534
-0.6911749774906086,0.1452386191723683
-0.6946534431570512,0.11939969709633139
-0.705926798360056,0.09828889878983764
-0.701716695627704,0.12372485802405164
-0.7134442712046611,0.07438574374324541
-0.7049469824207378,0.14014868289881435
-0.7125304611245226,0.07433966680004268
-0.7035576853182238,0.081510290616593
-0.6939233710065322,0.13113749978423717
-0.7066119585382972,0.11721086354849825
-0.7141972883423274,0.08282979941235648
-0.7040138210188404,0.12523052351784178
-0.7155425948777099,0.10767384691744862
-0.7136644172879283,0.0805126305676486
-0.7127884325213332,0.09680231879543229
-0.7159847255799547,0.1012109015431385
-0.717981216696392,0.07402925634034029
-0.7124562994524869,0.11178760788291804
-0.7087471121851525,0.09500979523112164
-0.7245674068430978,0.0765512008444591
-0.7216075794082177,0.07859085667399801
-0.7030552482646658,0.0785060974160357
-0.685232062644893,0.15036403541105778
-0.6976429017647138,0.08981432126723808
-0.7008200619569974,0.12856141812537045
-0.7151494352945906,0.07473208087893497
-0.7060940456697549,0.10840738764351497
-0.7233691398486012,0.07482604952347452
-0.7164874503944743,0.0597555742771063
-0.6979019366156316,0.1327829551051108
-0.7090316211677702,0.07352460857300151
-0.6979761302435131,0.12592273053966085
-0.7133160273404813,0.09739793018051603
-0.7143225216004735,0.07109450883845118
-0.7121777908677759,0.11291523526204658
-0.7080611707791832,0.08572406647934021
-0.7073726294477686,0.08545016776148864
-0.715123789344482,0.10199836219481852
-0.6996398462465024,0.12454966442454193
-0.7113251865383575,0.09083650032106105
-0.7054997416066121,0.08292202430843192
-0.7039189862060343,0.13595121614606911
-0.6972187466018819,0.1213222566386372
-0.7243492357713016,0.07346897339520012
-0.6962522559910143,0.10817930442937126
-0.7149806703662845,0.08198006626570667
-0.7023707537441133,0.09494272853322593
-0.7034774435874356,0.11625711449841138
-0.7062119385424116,0.12261923233630409
-0.7169031687371653,0.09547245705106969
-0.7020862857864488,0.1215396953430039
-0.7223204369052816,0.06374865860577776
-0.7122164731196957,0.0714661782609475
-0.6903494872183098,0.11334079017627877
-0.6917256039109144,0.13512496246008793
-0.6886833333990038,0.1606709122285915
-0.7034344980856713,0.08778484838227302
-0.7041902057890405,0.11426721196700049
-0.7064274247961061,0.10562353631537223
-0.7106418763842063,0.10129723488962876
-0.7239538951685974,0.08050690258240611
-0.7030218448893191,0.11711307201670551
-0.6938473262814568,0.14976651975744887
-0.7077427181766147,0.08206317007636915
-0.6901228261290149,0.14649426682229003
-0.7025165928676923,0.13921855352831874
-0.7002010384229568,0.10986816357006218
-0.693321237301011,0.15497073300813663
-0.6983201867262907,0.10854154550748357
-0.7206417967359464,0.0765741063076155
-0.7111758982445017,0.08882821686405386
-0.7026301127929842,0.12086722546562541
-0.6917788287074293,0.11010553746659626
-0.7010235530542536,0.11886626411155685
-0.7101606131719598,0.06923014001809506
-0.6945720030382476,0.10700625217551614
-0.6856216085715467,0.12691191415821992
-0.7007156101061296,0.1444434927797255
-0.7134495279474622,0.05660698473394258
-0.7095815297049242,0.11425852923478498
-0.7138319706374899,0.06307952570614252
-0.6996120468445064,0.1465946975728609
-0.6877578775864189,0.14418750788810625
-0.7009787923566411,0.09502122653858575
-0.7016874253412622,0.10195350621265449
-0.6898465196761254,0.12448344933403245
-0.7087075883659484,0.08941352229304976
-0.7170198530976608,0.0842796578572102
-0.6893047443690179,0.13434526165273117
-0.7187844874844262,0.10272765420680267
-0.7144263874111225,0.07232039658898722
-0.7148136518980833,0.07363221996767808
-0.7139678283025608,0.07413267005204306
-0.6906915039219564,0.12590294781131392
-0.709986614237163,0.1096983092543491
-0.7133239166336429,0.08158582598826128
-0.6968552173830909,0.13215005489630063
-0.6900215208426915,0.11189516547683763
-0.7107820365197807,0.06352269660583014
-0.7224878646381285,0.06938253019475284
-0.7000932274050582,0.09947004122935188
-0.6957729290485974,0.10360765844135918
-0.6923411517600162,0.13501010223242635
-0.6960654686520227,0.10294103002302776
-0.6979948378746837,0.13365986619105794
-0.6955229288039806,0.13486551574732328
-0.7197978506717617,0.07553247585980866
-0.7260325315767154,0.064711040814569
-0.69380524615576,0.10631387452928355
-0.7164674738075273,0.05916836307525003
-0.7195967607681328,0.07520298746225408
-0.690874247520937,0.15250937607949794
-0.7165806006796672,0.08089625589966902
-0.7094911587560718,0.11687416868571801
-0.7186653624626722,0.07755361114747931
-0.7071182873324706,0.08011208156492311
-0.701626525368217,0.1059086785261325
-0.7032066899623546,0.12133967850485168
-0.7212808627429664,0.08288012531993448
-0.6884620025107965,0.13266325795491765
-0.713123893510814,0.06743779441348313
-0.70832076460031,0.08025694264012459
-0.7119019380218012,0.10558885698297577
-0.7213864657661293,0.08297333489606329
-0.6932561529885671,0.15094881566284313
-0.7149415350039453,0.08756527989217486
-0.6967050429605778,0.11788806223415187
-0.6866399420855424,0.13829138543087457
-0.7114350281932867,0.09683223236199341
-0.7014724320005505,0.08906850868017835
-0.7104434706545482,0.10779111670042112
-0.7046368915494351,0.0995537641489173
-0.7102816202689083,0.1081630482250057
-0.7124599304769632,0.06209110343039251
-0.6985311393717771,0.11028913826422625
-0.6891271776528778,0.15115817275687846
-0.6975029541673797,0.11424024184141443
-0.6951994067446947,0.12810354284565165
-0.7026903863607278,0.12824647277058773
-0.6883877641338848,0.11310576299363737
-0.7163764379096184,0.05429243645869715
-0.714999720266231,0.1088237728611604
-0.7090396651704687,0.10203450334250057
-0.7153454701790976,0.10604946160919844
-0.7089840175795868,0.1307868199009205
-0.7088894110213053,0.10021817372518103
-0.7164799250888695,0.08823006924731129
-0.7030922053385045,0.09344906082867442
-0.7222165015725434,0.0643160481854945
-0.6866191402261526,0.12148830863725268
-0.6970045177188119,0.1312158635715271
-0.708498107870054,0.11573741827143777
-0.6902007636676171,0.13790779061679712
-0.7144136165321826,0.07284228469504413
-0.7011481466221057,0.08954323862084022
-0.7178455424923059,0.08661968188209193
-0.6899348085044186,0.12319525421793398
-0.6883610537031093,0.14524457069376934
-0.7045026800828079,0.1253684698199233
-0.7106289269755277,0.0712391616359057
-0.6944879426535572,0.12635529437937165
-0.6969477581226462,0.12597722189777996
-0.7012547260909626,0.11247852988159289
-0.7023348402417444,0.13728682377610835
-0.6977683138990172,0.12079681826560085
-0.7228471954868517,0.06805257578334634
-0.711054290397645,0.11445371116264176
-0.7073511241818835,0.07514213963996845
-0.7175160954247407,0.059855936865811796
-0.721257006215582,0.07008960719010063
-0.7026854208172795,0.07983425725830448
-0.6942066888835964,0.12611926587470604
-0.7040646667447239,0.1203352033139649
-0.7005984069967822,0.10187176429492183
-0.6983654275320865,0.1407997192542427
-0.6997048798191714,0.11404228502652579
-0.7012237117709679,0.13110660443062738
-0.7159833209729808,0.06553000907290454
-0.7161861365266745,0.09493147138704545
-0.6992553289769717,0.12677429514154062
-0.7021692205824469,0.13654238527295384
-0.7128063188150469,0.11985173931489268
-0.7040633506980984,0.10475790730318331
-0.7139036727981506,0.06580829052543265
-0.6982746741022574,0.11970087696795728
-0.703398709887831,0.1297002575198468
-0.7125100947600005,0.08415515798512337
-0.7051479129508094,0.0978738448884288
-0.6799363342691261,0.15738474981329187
-0.7136351752393755,0.07732085499294818
-0.7137196625345383,0.1070026969041237
-0.7230632237836951,0.07322989343985173
-0.6881382838532826,0.12410756537584713
-0.7137654505510099,0.09375203871200631
-0.7218579853581164,0.0715637485163912
-0.7184156495670468,0.07862317135447675
-0.7017151258914975,0.10081605238943796
-0.701050350270587,0.11894912740231962
-0.7088160081283904,0.08954386698774419
-0.688683229986991,0.13751541746294216
-0.7076812236888109,0.10964837605444869
-0.7093557657452596,0.10004364657810491
-0.7218106501010462,0.07079711187414382
-0.708263724448835,0.11528096992498323
-0.7137275015163501,0.08196189648139847
-0.7125379618446044,0.07145593725599853
-0.6952956410984554,0.10311820168382405
-0.7016074645526584,0.08377317354145267
-0.7093815318728377,0.09095348327968594
-0.7102958049984751,0.06537023873689249
-0.7012095308957614,0.11783004654574294
-0.6994274728872928,0.08984122901146406
-0.7105081095080058,0.09206552112570521
-0.7105063774242125,0.11553957958838773
-0.7091850318000705,0.07208654597065463
-0.7146230501740994,0.09227942801497752
-0.720041862838564,0.07134951897990122
-0.7082948100509733,0.07775641560846472
-0.7016168387310108,0.08804258491443347
-0.7181366979169602,0.07383423905919766
-0.7057408020864094,0.1010701619815097
-0.6990008961139051,0.0940799804286078
-0.6978528321691132,0.15081789491553932
-0.697989657851778,0.13523992550287595
-0.692991397157738,0.14369845228347514
-0.6975941642805866,0.09947439884124917
-0.7142520911250658,0.07491581546016715
-0.7073157730474434,0.11258201765946975
-0.7035116213768943,0.13189806276118987
-0.7037669300882387,0.10208179079147345
-0.7183588661063651,0.0993488778616487
-0.6977236245885791,0.10736818016927001
-0.6947900771971838,0.14517026397570473
-0.7034252254676735,0.1284903528259217
-0.6820512236699373,0.1488208209957961
-0.7155708787281576,0.0854473691601307
-0.6940814421139938,0.12913480502434344
-0.7248280766186849,0.07098304453912573
-0.6963453739744576,0.1233054644198555
-0.7110994731139599,0.11465434087656903
-0.7107236708750136,0.09124612885179201
-0.7195365544206476,0.08518077900294799
-0.7131305017667946,0.07129642324315812
-0.7016874709590654,0.10397273533526419
-0.7012231161181578,0.09591121408278512
-0.7154238580642309,0.0719457692412517
-0.6968819031262793,0.12179356323185767
-0.7057840111767507,0.10545145721140578
-0.7067107315126767,0.09752496229419845
-0.6883709109329185,0.1387183794949627
-0.7097497953530714,0.07900933241370353
-0.7170519050151318,0.09428003226046312
-0.7102844026048074,0.09129542013952158
-0.6996720125083911,0.09625907789467177
-0.6943064599821422,0.1312831973365445
-0.7045272152232926,0.10487055457769906
-0.697532265774562,0.09095831462118133
-0.7027792008072179,0.09664439239058172
-0.7032440901792868,0.11324058278946506
-0.7001357298885232,0.13009628387892258
-0.7140281134295666,0.10729672787952677
-0.7009514101246204,0.11728471946178837
-0.7097677749551554,0.06921908296671647
-0.7119169508271371,0.09286216204524105
-0.7108394780001132,0.06649310635372152
-0.6908554484527324,0.15259943116547178
-0.7030111298701999,0.11091658642071026
-0.6911066850927333,0.11866459247447363
-0.6955413742038099,0.11306434823661034
-0.6917006685361201,0.13190845364441695
-0.7005343839718562,0.11446537270018727
-0.690405739526664,0.1153702219005597
-0.6993148676131791,0.1015019026526234
-0.7014169047674738,0.11434490320989653
-0.6936166375733169,0.14456554540232652
-0.698309836879597,0.11026131131158415
-0.7123660321190182,0.08710716779292005
-0.7197234775533248,0.06975586144127904
-0.6931812566836094,0.11309477457370651
-0.7028411814293404,0.10429981355514939
-0.7008287568509686,0.09625014729211473
-0.7228753664670132,0.07076941489316613
-0.7131071811081925,0.0964786749121293
-0.7028301136711744,0.125774946674991
-0.6977759455806636,0.1051460572754397
-0.6858302489894872,0.14406545650072353
-0.7082290292782639,0.12714928625394817
-0.6869033888044751,0.15677831409536805
-0.7049787606289201,0.10535170672947977
-0.7116999068948121,0.10209499051951636
-0.712385484848141,0.0986631559904876
-0.7081586482553125,0.07002786408611314
-0.7016906543176205,0.11863521648457642
-0.7005852836819478,0.13218409836007855
-0.6984245429058988,0.1417334481473047
-0.7185648321909087,0.07278330490504945
-0.7028639187377335,0.12189352515020341
-0.7164184127531436,0.0946181053303421
-0.7012275286222712,0.13669386933312522
-0.6884498347963642,0.14140173285538382
-0.7077322632274292,0.08800755255388612
-0.7107786437629193,0.08046496713233368
-0.7107588877067225,0.0826770713510861
-0.7157764312395629,0.0657109807955988
-0.7070383741046808,0.1242884521979502
-0.7146050825038828,0.09669614457145902
-0.6938584024264265,0.13881884963021085
-0.7053234373982059,0.10212087103095734
-0.6969150680660688,0.1184427077108267
-0.7011358607117663,0.11497257587224124
-0.7179830530317407,0.0897668300608391
-0.7123824626313475,0.10860979576575701
-0.6978292665803579,0.1024776776921169
-0.6868456141076231,0.13429900146051227
-0.7025876159661996,0.10293995268770982
-0.7078001983617888,0.11275268928873042
-0.6853436650903111,0.1420031689048468
-0.6861054622657867,0.1405204777313717
-0.6860123612043459,0.12848092201246983
-0.6998251503330645,0.10636866001167325
-0.7112970618325825,0.10219097641479313
-0.7137650858480666,0.08698983767435663
-0.6957491322619596,0.11806256245683604
-0.7101315138834776,0.08794504022272084
-0.6946874204600937,0.12784500288970974
-0.702217358511702,0.1388907397742087
-0.7009443036555154,0.08538551451148749
-0.7084646966296445,0.1143588862905245
-0.6961680853616935,0.09853252718378287
-0.7066524069900959,0.07257604601958752
-0.7142650122621284,0.10416740191001257
-0.7108968325480689,0.07670715647743825
-0.7070449397440912,0.07246128714085441
-0.6936725020922082,0.12298527541724523
-0.7069691120767821,0.07846231838094012
-0.6992452342553059,0.14593131279459154
-0.7052636859010162,0.10916042419240181
-0.6963613761154538,0.13012990238671754
-0.6946989374970329,0.11660913524329135
-0.6943329085219385,0.15223933988209468
-0.6962031033080726,0.11984326276533541
-0.6894327288832893,0.1333092617044754
-0.711416331600283,0.09839660657004762
-0.7047704793965615,0.10399234307190988
-0.7093375163816877,0.10229228570792603
-0.6972676540384907,0.10935544512696596
-0.7055178733937757,0.12914936031294008
-0.7200876119489668,0.0877570685056399
-0.7013632482075397,0.09226922569197961
-0.6930213563952555,0.12222118819290334
-0.7049510848955722,0.13019931087055975
-0.7020137189543176,0.12314237400640717
-0.7053445760300249,0.10299897028118118
-0.68904053615588,0.13602287657094655
-0.6946879674740573,0.12503532712252946
-0.6820802765919741,0.14295222605913768
-0.7000182417271141,0.10863835310631928
-0.6982485212294327,0.12359678017934617
-0.7086097110636769,0.07311319859582778
-0.7188520470736066,0.06481476869617146
-0.7088532401939539,0.11311901407690857
-0.6946876092512158,0.14089094245783865
-0.6970632579160866,0.1277911472912726
-0.7103991007747948,0.08857784590704898
-0.7095311519800973,0.08725636793894778
-0.7011859156317596,0.10639167895223894
-0.7006090176143105,0.10009721978872428
-0.7100263119599881,0.09472525426118134
-0.7109287798252332,0.09331019236113036
-0.7096103499625868,0.08258720784556424
-0.7134564609870999,0.07133944339543273
-0.7044389274832104,0.0957384973748681
-0.7079240752781479,0.07740034526283052
-0.7219685410076285,0.051997990580124394
-0.7054789229956603,0.08088819112552091
-0.7054675085816862,0.10628483203892829
-0.7055399289172819,0.09008962415582934
-0.7163061276974686,0.10373070375911048
-0.7120940111374937,0.11428921177230184
-0.6868742105881904,0.1563453844776283
-0.7182115770065904,0.08382099224919438
-0.6974622997238105,0.10845471772171324
-0.7016163014100851,0.0839059486203133
-0.7014491261513384,0.1286955001988073
-0.7244982774117832,0.04749431252726518
-0.6958615996187802,0.14735574165088972
-0.7125191513099439,0.08056803873281514
-0.7113725559873866,0.11871309085777842
-0.7141616834380732,0.09846483958651672
-0.7047118142989643,0.10988821302623904
-0.6962906280075578,0.09674209032135568
-0.7245364967669911,0.06930679317785506
-0.7177000418520604,0.07315830137800475
-0.6993569505200394,0.13433318665962246
-0.6992461148362936,0.09623395251476523
-0.6903852166079241,0.11619820430478858
-0.717604404930586,0.055914367997836625
-0.7043789100948175,0.09178851969055217
-0.7108998966711874,0.11402051439941478
-0.6889566446928571,0.13938923921851779
-0.6989720569754092,0.09472849522234268
-0.6986151042944295,0.10472395022267843
-0.6956157421515947,0.1174392716762842
-0.7065584087287736,0.1150677152866946
-0.6879840142434526,0.14788870642343194
-0.7189662308601231,0.09837946993856041
-0.7113303236676665,0.09072480263851598
-0.7105365593698669,0.0826208515318522
-0.6913639208727982,0.13417180328631992
-0.7173568952308133,0.05052266915423278
-0.6863628767877493,0.1263744514318152
-0.7167351478494902,0.08211162613429454
-0.7029672385956326,0.14048788071477183
-0.6861263897613081,0.12057389779843841
-0.7169259660631333,0.08467952845657589
-0.7157052156838274,0.09120392157167415
-0.7090243680588165,0.11926794888866699
-0.690847271610824,0.13289267773123484
-0.7034921083119766,0.12117480263353225
-0.7182195435670133,0.06675375422349124
-0.7040992599362531,0.10084084436406664
-0.6995829001106595,0.10850504489461886
-0.7060551708668793,0.10577315293490058
-0.7035307966381669,0.10555643149308255
-0.7055196233405058,0.0951035550061061
-0.7047712609163735,0.07847178019908387
-0.6970552863993748,0.10463323445201589
-0.6885665830013172,0.12200572304941817
-0.6900518071567753,0.12414998560289758
-0.6974126145945199,0.1078281424869003
-0.7062961545011148,0.12300602342470755
-0.6872557355776645,0.12394594604496353
-0.713246908976285,0.11332573304126801
-0.7045263931449497,0.10261330760075746
-0.7183904741729855,0.08704268666718758
-0.7038364868525295,0.1197617054367678
-0.6881664874640185,0.13873937815696366
-0.709083683133853,0.12123276884138
-0.7010315178291421,0.13591746519953313
-0.7184001733694705,0.057741069809526716
-0.7057165621948729,0.07898016171089459
-0.7036737719185605,0.10215319630489282
-0.7227085946012966,0.06031216067762088
-0.6946702707549185,0.1271971444344024
-0.7078581361460492,0.07639862812240047
-0.7021881431611735,0.122423738814575
-0.7090713820185404,0.08922383969606676
-0.7056064085000574,0.11144962854994217
-0.6931928159398161,0.13787372908642836
-0.7170599246631606,0.07966981058269293
-0.7178810465100789,0.08811697799629775
-0.705355082965464,0.10443815907728865
-0.7206852932796166,0.07576245059770814
-0.70428895227743,0.09534711086011757
-0.6939017093983915,0.11185234443561456
-0.714851729095742,0.07341927257917803
-0.6995868007246564,0.08922919251909187
-0.6929765938161816,0.13485636959204847
-0.7072130348886211,0.09589659648591627
-0.7000778684516654,0.09396758756601542
-0.6923834566324127,0.12699259305363672
-0.6907331066483385,0.11499682221657084
-0.7093772802759072,0.11901558554529015
-0.724957423405824,0.06271122615079597
-0.691542317282671,0.1412483797473934
-0.7096729805822456,0.10023720258922561
-0.6954523387967284,0.10943608091055307
-0.6926060944164885,0.11072788597957058
-0.7092451447997681,0.0810503027936316
-0.695312101873471,0.13475491996322056
-0.7026945305361458,0.11505745460819847
-0.7169048972888219,0.07047883428030151
-0.6828486024000272,0.14989766023251977
-0.6871934093366071,0.1129903014884452
-0.709015552925791,0.11809636061047604
-0.7070097138301288,0.10879388929912986
-0.7064650105976898,0.08322038557420837
-0.6936899409509785,0.12194639629891334
-0.7075589278813406,0.0888960359176833
-0.7160185702801155,0.07194197760503218
-0.6981693369348693,0.11513305738355706
-0.717243088556612,0.06325023798298954
-0.6996835713276807,0.12957290440874242
-0.7016395873209642,0.12665881788584873
-0.7096458879675402,0.09318861709589452
-0.6829937648894316,0.14956069294563232
-0.6998504430436467,0.12703551788941064
-0.7098835945359198,0.09400036227568391
-0.7010384081346701,0.09288057904370085
-0.6928495209327032,0.11259314844687833
-0.7026469898322417,0.10220551373973069
-0.7090144026065898,0.06731773493903082
-0.691742829267672,0.1430884087830252
-0.711490637751668,0.07142273834500684
-0.700216316964526,0.10258788460930715
-0.7211195950752853,0.06499007309883388
-0.7039404744588197,0.12217931276773344
-0.7185247970347673,0.06974646071971186
-0.7249705111694414,0.06512561679583233
-0.7127545199907627,0.11481906056347353
-0.7057472511757857,0.0964843873689961
-0.7196284919058122,0.09143902530916923
-0.7049013780654417,0.09969588943525826
-0.7026531074845598,0.118216837972278
-0.703106638851902,0.12313364451578075
-0.7030639796052905,0.0915552654964868
-0.7049653776166528,0.09890264608716422
-0.6914276907658076,0.1426946050579781
-0.7149860473494074,0.10946986739339243
-0.6954800383843343,0.1128886685411689
-0.7174490734037771,0.05963255791682988
-0.6965641258515652,0.0929446222564075
-0.709278302983307,0.1066785425722392
-0.682699958039335,0.13815594256876176
-0.7159415356329345,0.06070341701052108
-0.7030041240962422,0.13410466648701933
-0.7035040035921908,0.08189534517948827
-0.7001857044243702,0.14528539353387157
-0.695459243793524,0.11141824323328611
-0.7144769822933146,0.10047511853290338
-0.7104388843934357,0.09755218726243593
-0.7085118712186124,0.11380414344034072
-0.7072992526676128,0.0843050958475705
-0.7192913874967807,0.08424279679585503
-0.7063708517895111,0.13293566456340095
-0.7143247231224832,0.10456503476752461
-0.6881687097533915,0.11988693168107843
-0.6874265212453189,0.1153291848607705
-0.7182288094489732,0.08781387537405468
-0.7039635742527085,0.09932062013170516
-0.6900609699028016,0.14733739126032305
-0.7041636851399804,0.08467138750588371
-0.7099737542586252,0.09540817303904703
-0.7040834119607221,0.12889143899695604
-0.7038173110854391,0.12202861454091336
-0.7036989081214455,0.09944191110344054
-0.7035777283799473,0.08279899437435734
-0.709219493453201,0.11067883305994693
-0.6796421077960297,0.1390385095280879
-0.7112828289274866,0.0982075313832854
-0.6819314751800815,0.13820088654654467
-0.6980557132703149,0.12970437469761226
-0.6876636630950868,0.12658579016158797
-0.7020136424980495,0.10433238055681093
-0.688597429937373,0.1455180289964374
-0.6961476983003027,0.12779141156705212
-0.7063944669713164,0.0834406207169355
-0.7079826007197971,0.09684449918559032
-0.7054062304656568,0.12370297899487442
-0.6856315966620585,0.12913608211177297
-0.6826235793623172,0.13128605048618466
-0.7035071610601613,0.13666937354471362
-0.7083579264582835,0.11951782674665032
-0.6974673619837629,0.09705624873522822
-0.6964828040623787,0.12505684858058766
-0.7089895438473188,0.12545957233436883
-0.7027212235650839,0.12108735498209565
-0.6889247993878416,0.12210556781416447
-0.7063899344823743,0.09470818650758137
-0.6929327708823086,0.14155000663278114
-0.7129527448386458,0.07839411308735746
-0.6997024438735925,0.11173690310768722
-0.6833288198337598,0.13700779474954655
-0.6947659409934493,0.12139593716802942
-0.6955921974867805,0.1131611093648698
-0.7148351605853216,0.0842992217463342
-0.6851516367207121,0.15460734274658355
-0.7086179609679337,0.08505690725512757
-0.6913051054946362,0.10567956833300969
-0.7006770326996141,0.14468917219246147
-0.6947017716667929,0.11586409776364955
-0.6852641338409599,0.15465959778875427
-0.6992228952031319,0.11131004142071614
-0.7108937729177403,0.07316796852406621
-0.7109697247458715,0.0830448366630599
-0.6916528329721278,0.10964376838532609
-0.7060892445336875,0.11800663798988394
-0.6955962938393135,0.09927929687532912
-0.7148563719617818,0.06091802131698455
-0.7127854893903499,0.07175074075767024
-0.6873273607167232,0.129749466983147
-0.6993938075669672,0.12126595613582931
-0.6998138220383203,0.1153577159597156
-0.7098402673711064,0.08707167235436475
-0.697413958821578,0.12815421617353728
-0.7154326172382566,0.09472424481248665
-0.700143875305958,0.10004290945019592
-0.7164413616465158,0.09599779796579974
-0.7128975001559119,0.11791269330512723
-0.6950039724883889,0.1480394413670565
-0.7173933171945011,0.06959242372300287
-0.6954574877728543,0.13972124009321263
-0.7027113511774681,0.09368262849196478
-0.7089467028328673,0.11103542725950181
-0.7235832108168575,0.0634899353951947
-0.7058249025633294,0.10989168257991241
-0.685058418606208,0.13249121513674025
-0.704368556446303,0.1131272208011082
-0.6945090633017552,0.11027223032519644
-0.7163318509727651,0.09165980045894527
-0.7020257668381661,0.11945360134090127
-0.7237837355607423,0.06751890644354473
-0.7119443104876255,0.09741923917333913
-0.6925922049991696,0.1275521040153082
-0.7056575401385314,0.11069440017654303
-0.7083901657248431,0.09413416540759023
-0.6889418056738882,0.11235445964659385
-0.6880496081648806,0.12796740676738735
-0.7028215968600956,0.08994159267856232
-0.6908985967874065,0.1377841590456086
-0.7060970111607253,0.11579103919829549
-0.6997755829259296,0.09349118216580081
-0.715423516195879,0.07264529460165171
-0.7004846975907121,0.1258478701088229
-0.6995730383826173,0.10398383795265037
-0.7195222678721244,0.08268475013784081
-0.686754870656278,0.12908931044700958
-0.7181959755690314,0.08382282150764345
-0.6893482232642786,0.12331742561564599
-0.6894702317843175,0.12804065883433058
-0.7078363798581073,0.098742120737658
-0.7145051147034446,0.08356273328157167
-0.7008718291331021,0.10890985203117937
-0.7176913798741554,0.08215095518759838
-0.7078435631028143,0.08771129558508843
-0.710234325894746,0.07815250226743153
-0.685253531141952,0.1424261189991497
-0.6947761364463305,0.13308276698693583
-0.7089041887605683,0.0853449719684003
-0.7129383648590301,0.0696259904588492
-0.7030754882428046,0.11777682246717928
-0.6964008613679136,0.1075300510396212
-0.7152081146438246,0.0970397280085565
-0.7062886244274841,0.11164995344602667
-0.6907256855139753,0.14118805813060115
-0.6931515555436477,0.12088391276354328
-0.6867891430460402,0.12465258396007377
-0.7004518599724042,0.10249572545506909
-0.6907434179581757,0.12479272535584554
-0.6806485283329788,0.13875168726899198
-0.7048628917118237,0.08173784386200653
-0.7062315250367016,0.1140054662048376
-0.7063003107418379,0.12743433200819596
-0.7019533848405662,0.09401704637495037
-0.7135849331259361,0.08662337496998744
-0.7167739091083084,0.06319138740048423
-0.7185140554989499,0.053670027680554365
-0.7025734760008175,0.08134538409342106
-0.7174837262603876,0.09789568353503948
-0.7061982145873421,0.08000810267018539
-0.6987643783024344,0.1188438842429243
-0.6925645037768384,0.1513874262623745
-0.7135751829314531,0.11559043781746063
-0.6956411325541731,0.13245291497423223
-0.6971719979481976,0.09532454640234675
-0.7050761213198303,0.09975087597147152
-0.7138879660638343,0.0644735274606401
-0.6956948672862615,0.10454818234323582
-0.711788693946196,0.10212988524999272
-0.6895334148312284,0.13596405850404222
-0.7094040579096746,0.0785374450675153
-0.7151357171517071,0.10094387847821285
-0.7226775955602291,0.07528983889587303
-0.691078501602672,0.12109651945839225
-0.6978910861790313,0.12363984280533341
-0.702170884194183,0.10809354671351763
-0.6978887073335351,0.1162130454442323
-0.7012395849152039,0.12978342915047988
-0.7086596656314591,0.07874723365921053
-0.6974785730608258,0.129551015435847
-0.6934418289978037,0.1291591926700802
-0.7092128690280252,0.12437626105517438
-0.6928635632919278,0.13287836899790295
-0.7060724212073397,0.08856275956786751
-0.6986204786245963,0.12018562471001315
-0.7167482614131276,0.07042668000955919
-0.7185456689649619,0.0757891537807454
-0.6905029970418072,0.13385407711834293
-0.6890346842192374,0.12395344898725137
-0.7074808720215706,0.08732950354671928
-0.7077674225281247,0.12241702187062865
-0.7099362517770001,0.11891740201544031
-0.7183803070120175,0.0974899411883714
-0.7025586980472294,0.08632091910622909
-0.7110672936635963,0.1087481341027461
-0.721547669034481,0.07800014493923088
-0.7109397771388235,0.09326252744133569
-0.6994769581515721,0.1167320245669755
-0.6897777379323363,0.13789694895733462
-0.6971765752499927,0.11481778145527677
-0.7082242440091736,0.13088089627441368
-0.7032798846391685,0.1012262666131414
-0.7028786677588904,0.12250890238926565
-0.7057457976966983,0.10767732215445915
-0.6981392815697525,0.134661644130081
-0.7136421731457218,0.09792676451647617
-0.7207056611858638,0.07753017734941016
-0.6974900472523776,0.1296144205836767
-0.7175588263309637,0.06665445494223639
-0.697486170094609,0.14276128281492362
-0.6967205562273784,0.10597467221264278
-0.712321517723619,0.0647706116180338
-0.7056673202035441,0.08092093807894075
-0.7140711386483772,0.10011356024273996
-0.6869218359270576,0.1329310321794843
-0.6915973695863075,0.11133040523215394
-0.6853558767659464,0.1622380622978303
-0.7013429414153091,0.11155517956741547
-0.7010082408591395,0.11235640548116763
-0.7040245839168738,0.1399987414386766
-0.7110666293034469,0.10074105718357511
-0.6970398756238357,0.1212619141347413
-0.7033036576216669,0.12127889841335947
-0.7075078418129873,0.1109792142635982
-0.7013354789249849,0.11260393144129723
-0.7146690723979243,0.08505547451132217
-0.7019254924343966,0.11381463026623927
-0.7002526828635034,0.09807756916986532
-0.7133494155846856,0.08223263748458615
-0.7018309329322545,0.12514296277535977
-0.715499919644029,0.09526582831285786
-0.698238251451505,0.11617658274161875
-0.6962629744676669,0.127050828213775
-0.7038183972643398,0.08146867085323503
-0.7204447330482352,0.07500849442577165
-0.7008526004599962,0.09138596138342221
-0.697448579139306,0.12092667349178499
-0.7013372614308445,0.12203808230029621
-0.7086663009526846,0.1114463211486253
-0.7139004290214265,0.09047236753119259
-0.7107932015385225,0.09299978947951049
-0.6994835084909976,0.12030626801471507
-0.7088599557844226,0.07870841944599771
-0.7063075202140915,0.10884673310601851
-0.7069600250774629,0.10102466126376013
-0.7181380786265309,0.07195769762054179
-0.7078696690621846,0.11131135457130457
-0.7100268330069803,0.10869243583572907
-0.7130667332395126,0.09496550020527808
-0.6936399426099555,0.11988345314220081
-0.6905974781102774,0.1226763817965839
-0.6885238240848887,0.14510910411846897
-0.7093587026974517,0.07959521973329974
-0.6955744296569997,0.1105393744633902
-0.7212115558031897,0.07146366271496232
-0.6978827118541157,0.1082041263330527
-0.700676187531489,0.10920404329013746
-0.6988979724033082,0.1269014495786966
-0.7039026130112643,0.12547807447740614
-0.6962306977829387,0.13337364165775079
-0.6966220385972041,0.11766285234855488
-0.6952007153305964,0.11435850899016115
-0.6905554473785862,0.1449551271231904
-0.6958662353222084,0.11497855629885352
-0.7073967760118732,0.10719212314537525
-0.7061736526597356,0.1371444314190656
-0.7045951610561434,0.11164648631336536
-0.7085436012620562,0.1092012660482983
-0.6897627106825696,0.12771939568183216
-0.7147244161188426,0.0973786778065239
-0.7013046938402249,0.11062391070168998
-0.7113269624033735,0.0715864530939674
-0.7115016063918953,0.07484118460198293
-0.709514784333043,0.11285614455632063
-0.6983788253807826,0.13273116251431824
-0.7240417972815628,0.07035128343652165
-0.7097408141034709,0.1179524899155724
-0.6947866213830666,0.1306175154391405
-0.7117878614808628,0.09011071404801234
-0.713437425306618,0.07936462378676172
-0.7136269051082614,0.07744944464745543
-0.7030123599452809,0.09047592464221556
-0.6911228233949188,0.1403743320133094
-0.7085043435943891,0.10379813137913316
-0.6903746737388796,0.11615501980406952
-0.6959609102511539,0.12479585014931896
-0.7063751316414442,0.11556074703870829
-0.7119844007960227,0.09782247209239187
-0.6998256697856567,0.10245210705992176
-0.6966634303803692,0.09614224121846844
-0.7005451691302347,0.09080944619443541
-0.693107182826979,0.14251615782632207
-0.704973551075316,0.09121483040489389
-0.6977574981031682,0.14719763609230388
-0.7010731698761511,0.11890856931521827
-0.7152530578634989,0.07351993460293156
-0.6894916975889188,0.14274605111911337
-0.7054613826965377,0.12119129370483575
-0.7010518604067578,0.10365401971515896
-0.7000336141530554,0.1336641776785444
-0.6839736100067052,0.13322658357392306
-0.7050202118691326,0.11308211915212278
-0.7137682609902192,0.08528368305955293
-0.6988059901293655,0.11761366227603172
-0.7020509540916212,0.09616348163773088
-0.7052379455207242,0.0934841422150796
-0.706673161756964,0.0940135683565815
-0.7063615317084777,0.08826452625390482
-0.6865464127828435,0.13006647925019907
-0.7121445811957998,0.10884003919009638
-0.7126093336964928,0.06472886013448063
-0.7142137150787249,0.10458859728222723
-0.7108751672260962,0.10874410615724606
-0.7170336441631936,0.10734610956685246
-0.6891869630952283,0.1164227800567583
-0.7072178103095269,0.11330196311016745
-0.7160149604752528,0.07103575667562291
-0.7143098856703268,0.06475287529843496
-0.7177535673486092,0.08170281723305249
-0.6963587254950174,0.11614859486464775
-0.6887780105055812,0.1307165587201722
-0.7124480613278283,0.1013752629326363
-0.7157557358850247,0.09025905664016297
-0.7084123124297065,0.10224579421228464
-0.7142340886730929,0.09799518841402632
-0.707530197375943,0.09143426088099939
-0.7086673693381286,0.10570815231791449
-0.6987918247188555,0.129650466568202
-0.6952293462697104,0.13823861672128657
-0.700999359080696,0.10369375538828458
-0.6828346669641224,0.13952616396931944
-0.7113851935058462,0.06959880620490067
-0.7106700560322292,0.11064995332409122
-0.712488808467624,0.07438010937017
-0.703916921962951,0.12180470360385524
-0.723572962644201,0.07614701450110299
-0.7210584466861384,0.07402018131589602
-0.7168925310675114,0.06659463160128941
-0.7009948535606607,0.10272371474871779
-0.7107616057910675,0.0834245617112906
-0.6866073456288166,0.1307993670267381
-0.6995945199067148,0.13318526945306408
-0.6991310355754379,0.12455172359391667
-0.7134317190539824,0.08146223921011381
-0.704033855253794,0.125954548657736
-0.7102411766875741,0.09439490076662761
-0.7227361247133651,0.07565010035411208
-0.6880540671653192,0.13060174370919664
-0.7054203947901976,0.11923918470852625
-0.7066967308740015,0.08887758143691364
-0.7018345042228608,0.1252138546684433
-0.7033973562537604,0.12441785182824895
-0.707179319530985,0.11957392718310188
-0.6984680947823131,0.1209161528176811
-0.7044522732568951,0.11875136966410049
-0.6978791867992965,0.12008748232952898
-0.7004400770164821,0.10658398204198934
-0.7167636255244505,0.0681451135024435
-0.709323998276732,0.1043146186028027
-0.7049524222101837,0.08349978968423596
-0.6870291968169269,0.12400113776997679
-0.7120001385492799,0.0985240913748079
-0.6940277365764734,0.12046167515965626
-0.7218578185761972,0.06855351864869771
-0.6976294178084742,0.11136230696217508
-0.6949242406309939,0.1099662608417549
-0.7124758023777171,0.11888048317077198
-0.7070459654412259,0.1055771943574918
-0.7130271296216224,0.11873239839045037
-0.7241973359433969,0.06433148965885423
-0.6927795820978129,0.11095001513711394
-0.6913152260027341,0.1327556078623096
-0.719372539259768,0.05459498858070243
-0.712987431128405,0.09373631982018864
-0.7079811600575864,0.09960362540353872
-0.7066815148444845,0.11318523712615759
-0.6914079430959511,0.13167736252409976
-0.7047077373426706,0.09342958759355452
-0.7077761186535113,0.10244094428029676
-0.6982993402857652,0.12981445492427193
-0.7018908013884098,0.09778947433567407
-0.7086054857182387,0.08052444086452568
-0.7080491956567805,0.11639150036372901
-0.7050991592444541,0.11840120516223845
-0.7004760434123525,0.09029743825558326
-0.7040760346313002,0.07880152487580527
-0.7030735078810709,0.11040948774628381
-0.6857482205422462,0.14025708969416595
-0.7082963438108877,0.10786592483635583
-0.7167420639953919,0.09093842074873934
-0.7134440988001972,0.07165447932835217
-0.6941438954108823,0.14558807024302411
-0.6999024576068977,0.1273409077864394
-0.7054867770024144,0.11533815805337114
-0.7169173577768212,0.06589540477433521
-0.7140252624542107,0.06962721742231612
-0.7144450783601007,0.08725965076800822
-0.7144020566353728,0.0860477647833876
-0.7011360183941936,0.11927859055177704
-0.691618978216796,0.13496608793110557
-0.7118266713373268,0.092113249493808
-0.7179452260542197,0.06644581474421357
-0.7238695435188359,0.060463086152754954
-0.7005079461197967,0.10821372765388518
-0.6922982835167238,0.14471407375821485
-0.7125109575414966,0.09310544779968503
-0.7098921586892072,0.10247796555298029
-0.7072021597336441,0.13006594256721893
-0.7106069741346871,0.09614492037667924
-0.7150164006226332,0.10101274338404222
-0.6852548835326427,0.14450054602811457
-0.7030829506636948,0.09472030240915531
-0.6977436600433451,0.10769945242330976
-0.6878149304268594,0.14956526267163328
-0.7148210766055618,0.08900269542095027
-0.7026395219156789,0.10976903992953037
-0.6906969059595207,0.13057744263827487
-0.7154895799426012,0.07034570580612398
-0.696599371401577,0.11091864486952539
-0.7195248404084821,0.07390640296863961
-0.7047898382736909,0.09274486825272997
-0.7033495114794448,0.11060295326086891
-0.6935868327053323,0.12153517262947182
-0.7194703355696775,0.06102666137864541
-0.7179935596136886,0.06575091683540303
-0.7113838690203196,0.0787402295691486
-0.7205042490482658,0.06463172888523523
-0.7090868231312728,0.11054205357112437
-0.701919293527749,0.09858156887244066
-0.7036600586658108,0.0873516159720905
-0.7105579159999947,0.08386143859005614
-0.690958982344849,0.12943785931415758
-0.7099892010762899,0.1174294060932186
-0.7224631255300612,0.06529405114847744
-0.7018973889025476,0.10465426363681346
-0.707292805921735,0.11427510352276647
-0.70304054629524,0.11975921630726433
-0.7164865745860112,0.0946683829452402
-0.7116740163268265,0.07321462654805767
-0.6997467793470517,0.11138797308901484
-0.7197246288642827,0.058635821069976446
-0.7053128614680452,0.08800325251242859
-0.6980196107219678,0.10205581607788701
-0.7046790194390802,0.09830718716547464
-0.6974660987257469,0.12114046047051523
-0.7133107194771189,0.08908750187223485
-0.6999335776560139,0.10623782024441139
-0.7048198894862756,0.08006661211221808
-0.7090428858377261,0.09665400033311639
-0.6992669795336521,0.12342217242286163
-0.7144933660817772,0.09298197235005735
-0.692541110817778,0.11693917329188064
-0.7032028515784265,0.11525921348167789
-0.7037529984416507,0.09408263487562035
-0.707821578696415,0.12127677948730328
-0.6828648230191408,0.1415788998229113
-0.6836160327732846,0.1449098843214307
-0.7136072249495111,0.09366689455875754
-0.7222032251332136,0.05339079683008004
-0.7236882815829264,0.06382440433710102
-0.7224745619187778,0.04935705840032583
-0.7128347685309578,0.07021880388621043
-0.6973586441260291,0.13755261629189008
-0.7074594709064488,0.0927050863698773
-0.7164479897196359,0.09595916444766364
-0.7077491445421846,0.08413329210936935
-0.7044273426141305,0.0775931191719596
-0.701425316026535,0.09653704655309872
-0.700372020478716,0.12097018055193609
-0.6987675141727074,0.11593249701387906
-0.7132052799154822,0.06721075344048417
-0.7186153962135925,0.08609071495041304
-0.7220882652005691,0.06801514464593542
-0.6943941389687672,0.13345923679446145
-0.7101596098541605,0.10759397623252805
-0.6943951690186525,0.12152117310788406
-0.7070013234021976,0.11934075716401459
-0.6895492208159564,0.1380195293401319
-0.6967723539916484,0.1333645707708913
-0.7180947095877176,0.08934658597263807
-0.7178516625147106,0.07553599070218148
-0.6964878537558732,0.13861909323750274
-0.7162078555459163,0.10586044524810517
-0.7134104429980712,0.06987081503290438
-0.699801565811587,0.11919268662655223
-0.7063025230335999,0.0946620454798849
-0.7111448745137555,0.09678624996565365
-0.7026157695925676,0.10666389773456554
-0.713804043636391,0.09012121639706389
-0.7170074497889899,0.09145644160864394
-0.7130280668838248,0.08162199923637373
-0.6948850719154895,0.1286175405402247
-0.7011274237926441,0.13247093970701773
-0.7073994684388156,0.10638387296567561
-0.6942321599687334,0.1389635391599796
-0.7215275647568703,0.05470498193818759
-0.6962990488895568,0.12967729952251036
-0.6980870437416439,0.13917715983258572
-0.696851034960221,0.12013926702837416
-0.7075371433044189,0.09271015012506581
-0.7174477737620081,0.07033724211334623
-0.711610253360814,0.09211717769384045
-0.7018617868041994,0.0824345954867394
-0.7033912059405214,0.1149501690019729
-0.7129413715463474,0.06786794931099857
-0.7109778855006194,0.10485473246952608
-0.7068997533121241,0.08285130438991016
-0.7153652887115307,0.06484816443971685
-0.7158316890616438,0.06037435217450583
-0.6928518037138648,0.12515292018674032
-0.7084844645980594,0.06797971792756805
-0.7062087722655433,0.09988073177132467
-0.7061281032628655,0.12016308584778408
-0.7050837995204897,0.12313017591945292
-0.7099339166451724,0.08982904819719653
-0.7141943025806845,0.09745583086360994
-0.7190077185752727,0.0749510644142896
-0.6921549224891246,0.11968614281131174
-0.7037037660877957,0.09612795530124246
-0.6948008524315972,0.13469264478621853
-0.6977117547307763,0.09937718216486936
-0.7074470726396295,0.10504204169129759
-0.7017575738696481,0.10899765061125213
-0.7181802731892827,0.09789036562503382
-0.6915821790967774,0.1434527912002935
-0.7068511242351433,0.08264255413736565
-0.7185643175667336,0.06079595174286004
-0.7169205751245763,0.08153696050014508
-0.7193962957949885,0.054426891359281845
-0.7148707556137468,0.06102959527981146
-0.7179183573409363,0.06825690415449492
-0.7205413920755434,0.06643567402051426
-0.6954546790073964,0.1359270896297545
-0.7201919929993492,0.06100544448663154
-0.6940099616012038,0.11701013576699408
-0.7030912137951846,0.10739231465045201
-0.7018318862930053,0.10581491077874945
-0.708259519123327,0.08539090841615841
-0.6904568101261029,0.10925670734859438
-0.7057674420026733,0.13444282011574346
-0.7188466572747461,0.08074502998786755
-0.691743766199957,0.11948267023733182
-0.7047136743554985,0.12127736809837888
-0.711663804505931,0.08720245914206473
-0.7153760582660239,0.09376022615915225
-0.6879536100460938,0.11776718745501062
-0.7148999409121967,0.08771439109272874
-0.7170510451459084,0.08708298151566847
-0.7062015227878824,0.11630553517476562
-0.7222790703640792,0.06334056398650134
-0.695799221918072,0.13152723196436736
-0.7004840821812222,0.11870134279291501
-0.6910298540164052,0.11333050025499083
-0.7029677422275291,0.123561276446833
-0.7102864456500376,0.11103557958064325
-0.7039623347445018,0.09114912085604454
-0.7097867779596495,0.08097144248591166
-0.7202548524376298,0.09515957609187038
-0.6918005264548279,0.12232775926442756
-0.6985288962867525,0.13256337410848434
-0.6899455004991492,0.1368481005651998
-0.7167199568028232,0.08282155202082661
-0.7032638587228871,0.1092325027729241
-0.6980864362086765,0.10111311302380997
-0.6914100679210927,0.12521149551668473
-0.7085098322468445,0.10057007008054324
-0.7085738709333653,0.10523192931438974
-0.6916485592760161,0.12496307969134503
-0.695906006037231,0.12238074524249234
-0.7098791023005312,0.12435015183524742
-0.7159837155076356,0.09078048858379667
-0.6985118708287986,0.1295451665067823
-0.7063399114956622,0.12458616823489553
-0.715287162304846,0.06061766824166016
-0.7060013274830748,0.09337270608842085
-0.7065459379655274,0.10277316733909533
-0.6884677294944348,0.15338553019852794
-0.7013281728743344,0.10461923989749461
-0.7081607110518267,0.10953366846592393
-0.6892906727581377,0.13467207612243395
-0.7194445030452779,0.08073531838004079
-0.7108808713584239,0.0661871036895677
-0.7081608676418233,0.1134787148577065
-0.7032872722383915,0.08398390148076403
-0.6881276625896249,0.1326143778625001
-0.6852142643578102,0.15007771422658886
-0.7145384896350121,0.07617583837724856
-0.7009011177674254,0.13032742672437603
-0.7144354602601811,0.09587062309476564
-0.7033665896022518,0.11655337378909
-0.7006421279128748,0.09490037285700612
-0.7167156769305904,0.08928263642511688
-0.6955947799467086,0.12254725876941819
-0.6990728004555624,0.14629164771314168
-0.6928699056201004,0.13951409950147178
-0.7185125226662207,0.06180114178315664
-0.7027643994078107,0.12412077426266228
-0.7065484627908084,0.0851134031611563
-0.6935905324238095,0.13047221497867512
-0.7166644781570652,0.08639201830369836
-0.7155448952585116,0.07674015496181905
-0.6854167550124552,0.13284544034291837
-0.7089962129505816,0.10072379982843756
-0.7092317961658415,0.10345930279128594
-0.7108113480864846,0.11508903540025127
-0.7103230023358643,0.08421594685444996
-0.6920268372810054,0.12374384270851502
-0.7187021365798398,0.06990964839998012
-0.7020094221375411,0.12154193830087372
-0.7082960358187581,0.11494160699408323
-0.7053219271812227,0.12597136539279566
-0.719979010777104,0.06140277124647615
-0.6924339180078897,0.1538354962168648
-0.7170421731878159,0.07909032774741621
-0.7067887948791607,0.11694262317144322
-0.7170981317687289,0.09414041720598908
-0.7191194339731298,0.0731351623507915
-0.7188798910410682,0.07464879112734768
-0.7015006323738964,0.10251769971076509
-0.700833926612569,0.11759342805324242
-0.7138829383062973,0.1037793928214436
-0.6991422852630553,0.10955574895777252
-0.7094751255679405,0.08532924282108838
-0.6904993478667263,0.13959764819536338
-0.6916879779481835,0.1523001792442308
-0.7005931231034537,0.09917550669783731
-0.6943029404160544,0.10424018165139293
-0.7239320514107755,0.07013523417490751
-0.7081523582885136,0.08418147070471514
-0.7185679590587437,0.06758122415177013
-0.6998686332872746,0.1395394618961344
-0.7214118978973234,0.06796252750319168
-0.7028687962720924,0.12265984153286404
-0.7067900481117024,0.12457207837471049
-0.7199423616511045,0.08204908096395676
-0.7108848766617799,0.10293714604576322
-0.6862966356956282,0.12494304872670253
-0.720864992838424,0.08496180000927206
-0.7114345612309233,0.11758284442780673
-0.7086453546174118,0.12014891071563069
-0.7044116679990189,0.09322604509577499
-0.7073095125258557,0.1265771394063791
-0.7116012244325044,0.11107200398394461
-0.7053279710302314,0.11840906643406929
-0.6947268869377139,0.11145931456724348
-0.7089389232606443,0.1050664899791856
-0.6965974516745485,0.10652613021098357
-0.6978572189031439,0.09221810497954977
-0.7040727040455246,0.1278043605508389
-0.6911454005598314,0.13060694016773589
-0.711466746858681,0.09260488144397427
-0.6972640393291597,0.11795148011665091
-0.709713334236916,0.1049954554900297
-0.7105526726533687,0.07236154853454672
-0.699374988359705,0.1052856964727865
-0.7188313909110524,0.09073560617221489
-0.7090788096539038,0.07413444322288439
-0.711717283685091,0.1054221761295971
-0.7117521888201386,0.10642484187789822
-0.6933139276227493,0.11660540638153227
-0.725237505219217,0.05933757891825231
-0.7054488806163726,0.11812041459615258
-0.7030119870768777,0.09998507186155106
-0.6919265046505054,0.13511769869713205
-0.7111334401531914,0.06413525787949584
-0.6939982870082829,0.13684019681480958
-0.7134889364614972,0.08153664268661465
-0.7152554976808352,0.06631766872808027
-0.7211595324630021,0.06755527849267345
-0.7039067295178805,0.12050396241871521
-0.6913275478054376,0.12193096580119807
-0.6977363290107929,0.12811799690665804
-0.6988453631053244,0.10901363907858495
-0.7152035745709233,0.07738657791106751
-0.7120803278699799,0.09899416652680405
-0.7082065724541345,0.07795394728621202
-0.6981493283436538,0.12328747603255626
-0.7011212085415921,0.12978192471578878
-0.712103110445873,0.10322473834105711
-0.6993754146499546,0.13259395832368698
-0.7103072086391755,0.11155168758770062
-0.6973271849379938,0.14090156272380083
-0.6989126221463856,0.11366613475873225
-0.6899524109879235,0.12066023544495623
-0.7097268715871193,0.08678832066909258
-0.7070270817472982,0.09531174551464627
-0.6945820775012284,0.11863099452426638
-0.7242604808466867,0.06921955919075719
-0.6912529378619493,0.1305639824596375
-0.698380206776453,0.09319205477496571
-0.7143016887665846,0.07915809011257025
-0.7119045510090029,0.09394824769896629
-0.7094612375642931,0.07137632510669814
-0.7047740811639892,0.09873276112191022
-0.6959962178269148,0.13513829482119755
-0.704899984073643,0.11492779711777658
-0.709709494534029,0.08840147564811823
-0.708357896474493,0.07797122294997329
-0.6973665650203373,0.13727732813775143
-0.6996699070700941,0.10892390491024798
-0.7059406253910647,0.09105480111330233
-0.7122632102178821,0.10146724638753601
-0.6914623295524489,0.15189769533812839
-0.7033192370929223,0.13125275423670968
-0.7150325401709225,0.08065574795745614
-0.6952445669119999,0.13515797074680744
-0.7164504453204635,0.07371070406218518
-0.7038059600661603,0.11095892769092557
-0.6912475703362474,0.11800086605889207
-0.7191497655822003,0.06554539996388829
-0.7176234924202445,0.09835506439465984
-0.7106632156677898,0.09455559039938144
-0.7207310755222543,0.06324992834774319
-0.7039562865040582,0.10085241864199343
-0.6863366356982437,0.12803358306695012
-0.6989023875191068,0.10214133449849523
-0.703202606243147,0.12968000092908807
-0.7044360036520195,0.09447071576525265
-0.7159476245963636,0.0968924319019605
-0.7080735594658555,0.09736718447817483
-0.7199373969995133,0.08378476419751295
-0.6873801982509806,0.12399334781931699
-0.7196038140443535,0.07564705063166444
-0.7159927844052546,0.08743520982433992
-0.693353860967297,0.11782544623575458
-0.6887016116210882,0.1434253699716692
-0.7071584801032418,0.10346968258476955
-0.6976378341550127,0.09975050329266319
-0.7176085558775355,0.08798839889442811
-0.7233639539433924,0.06461858747597299
-0.6930929448189287,0.10870838382992029
-0.689074726325182,0.12103857764723804
-0.7123596667354865,0.09720339738261344
-0.7050553302340323,0.09665733605980216
-0.7210916286738444,0.0758788202122581
-0.6997328341139591,0.09549787541709737
-0.7150216435283573,0.09330228476073994
-0.7066915639902553,0.096025654073664
-0.6930572792974218,0.15299209661673896
-0.7063888539220973,0.09092126515432086
-0.7124038945895903,0.08821505681505609
-0.7067955261432831,0.07302853836311167
-0.7052339543925973,0.10867978890318401
-0.6921790644246641,0.12544385859172252
-0.6994308715971479,0.12878998931961727
-0.7021646315657883,0.09552707945382809
-0.7093115240427083,0.1217794384566817
-0.6944904928623856,0.11632887853214491
-0.7029942114568049,0.08743008166241682
-0.7088454709462618,0.0878539239707668
-0.6896732213986577,0.13630990139866003
-0.6973682904891911,0.12758702910806674
-0.7013594619969699,0.11204995663292022
-0.7045935581284162,0.09015538680535136
-0.686692344615114,0.12802416904575095
-0.7049565182985362,0.11899741879130785
-0.6852140734140025,0.13027952667621895
-0.6966813694378128,0.11557543230437269
-0.7083001592201447,0.07472098165766287
-0.6944667054125997,0.11020585131657432
-0.6907348630586152,0.14922452950055373
-0.713711423094888,0.075803629897108
-0.693997582492418,0.14101035142378254
-0.698328918674044,0.11736557192250836
-0.7149171483158959,0.08086148838986369
-0.7078895829517494,0.10392531907520086
-0.697130370851507,0.12324413507103114
-0.6947067274125822,0.14565689328540632
-0.6974710879920631,0.1139777032355689
-0.6948883102876197,0.09966958698312321
-0.7091998401008481,0.11748372934685437
-0.7072069888751191,0.0877570404807053
-0.7098577963914816,0.08057571125426792
-0.6990880580048784,0.12843060178178284
-0.7138938342141127,0.07572097339743755
-0.7072021198188698,0.08361996392975854
-0.7206403726837239,0.06857469514979175
-0.7103608536237063,0.09698645102228852
-0.7011607935428563,0.09698397020214125
-0.6920907461186184,0.1482901712232128
-0.7134957791090977,0.09032122102492975
-0.6984956758596506,0.11498180729047802
-0.699925316125072,0.12765830099599482
-0.7137557215677627,0.07290381042162529
-0.7174647437463106,0.10145882880637858
-0.6922667822284613,0.13160738359680302
-0.7103195639893721,0.12085434256932721
-0.7130398830285389,0.0864728072239671
-0.6980006387698079,0.10746563302256155
-0.6854126289597663,0.13912399258904334
-0.6972088916615594,0.11117491897716018
-0.6923689721833114,0.14218914981593794
-0.718896013862115,0.06636410147040708
-0.7127776658492693,0.11528534652363243
-0.7037150962471042,0.09275022786137
-0.6934223594188744,0.13273751098825964
-0.7180957174739453,0.09429208653022327
-0.7165460009505296,0.06767650853335191
-0.7152594766165878,0.08906552540160126
-0.70523751237002,0.08395925420107744
-0.7211878734672683,0.06087942887932385
-0.7126471285256011,0.0786822446518209
-0.7054340483265318,0.10005471909342777
-0.6959754625949757,0.116411407708725
-0.7039875972563783,0.11549961506190867
-0.7202551455291835,0.0878382424157816
-0.6966370849782344,0.1115894448165017
-0.7001385848233235,0.10798391903390217
-0.7073004904799417,0.10134863123323194
-0.69389823515648,0.14265680226676097
-0.7007525569448859,0.1114129210307924
-0.6982475190114911,0.09693675309354151
-0.7117070583810862,0.08891865685501019
-0.7054530876221937,0.10154956417358661
-0.6930823841062972,0.10898350088827272
-0.7034168420491376,0.09388233782148139
-0.6969771704345041,0.1298650189214017
-0.6941064302036436,0.11858156905135657
-0.7064899346870205,0.08942417237832648
-0.7004856521079702,0.09393080209899829
-0.6936929602991241,0.12026554655368576
-0.721192886425694,0.06733188380840907
-0.700895257739276,0.1313184109925063
-0.6950307149905122,0.13672063291906306
-0.6994474181980178,0.09482874204304405
-0.6946251038411806,0.141110051197997
-0.7140126725903314,0.07719507686379846
-0.7104364850747938,0.0880136021526198
-0.6949459798853155,0.14580461667024583
-0.7011993268021516,0.13501487089544964
-0.6949044582342672,0.12652153902849853
-0.7069546101763432,0.12014098993888167
-0.7026526880462389,0.11901285578506053
-0.689536949405149,0.11487214997809697
-0.7027087188829441,0.08738321601006607
-0.7188223204299473,0.05998839297522099
-0.6984163334399572,0.10388067187930748
-0.6934272119595801,0.1429694444919659
-0.7003114840679131,0.1306018528794553
-0.7094001257165186,0.11476845201624121
-0.7123067135423181,0.09239552670822836
-0.7106358345436999,0.11661402794240151
-0.717453119208191,0.09826574363489911
-0.7001261785085157,0.1266070480560783
-0.7124730109988985,0.07137419901496717
-0.7055846924392736,0.09228603681280091
-0.6997191179231499,0.11141063910045661
-0.7003047993712144,0.09214737066173904
-0.70038163105091,0.1324058681909626
-0.6880838797964856,0.1478611760633944
-0.7079790279795103,0.09453939264925225
-0.7074463258433035,0.1111349331244049
-0.7032097606561646,0.12888946660296524
-0.705346740554874,0.11488039466246594
-0.6946483059462795,0.13821022031176214
-0.7178016334265204,0.0794987977567452
-0.7060239964893581,0.12508621521676713
-0.7027203613499107,0.08720725525268541
-0.7132734482774845,0.09866920946002104
-0.7171556284007304,0.07679574228866382
-0.7061963626350736,0.07506990340210458
-0.7035436959474283,0.10141067901286101
-0.7183684438617182,0.08018534558739034
-0.6946309329318967,0.13857839797715615
-0.7037367052398785,0.12075054764799943
-0.7048931541254141,0.10438200069354939
-0.7109732983574353,0.08148554269706677
-0.70187055907406,0.09745481980919282
-0.6974888871895237,0.10476268959197667
-0.6952541347816278,0.11299586542808097
-0.7122369838951444,0.10834830581088153
-0.7087029638905449,0.10589492252780038
-0.6948484436755346,0.130736878011253
-0.6986679744472511,0.10486626358202378
-0.7042708669492138,0.1019461123779614
-0.7104961187651249,0.0769609176601167
-0.6994453507532196,0.10759204454466059
-0.7012783050197208,0.09493087042853844
-0.6953072238656993,0.14894756257473774
-0.704893793467852,0.12211546126087505
-0.6927769291087892,0.1327398039391189
-0.71436670438653,0.1050470101491746
-0.7063988517087612,0.13321656156951142
-0.7178086038373628,0.07086374115400386
-0.7006828873269495,0.1041352736931521
-0.6884911141931224,0.12716276230702112
-0.70670056410528,0.08082168936443072
-0.7086151664783712,0.08632868724994544
-0.6867408503011508,0.14426229112434735
-0.7073893748914845,0.10319200865552003
-0.7007498768910625,0.09069995149734443
-0.7013230415709188,0.1348009248032776
-0.6948418897088453,0.11122843103537841
-0.6949914068649217,0.10360963608657511
-0.6877748683339461,0.13558973864107693
-0.6852217073783999,0.13526075092292605
-0.7073333787084803,0.07747087091471944
-0.7179456257031257,0.08393480932467835
-0.6879709557465689,0.11974288958377378
-0.7024840751303808,0.14016084661940081
-0.7208747089195054,0.05158808524154688
-0.7164477200098139,0.0959604522817493
-0.7037516258692816,0.09941571036804166
-0.7129657694142649,0.09059836567772239
-0.7094119102331296,0.09835686518675718
-0.7016702752187618,0.0872684868265069
-0.7148815057435947,0.08790298779818116
-0.6957241110996898,0.10939467010763215
-0.7060725724108015,0.09852993057157955
-0.7162237899799059,0.07874893994368166
-0.6954932217915704,0.1108821709464466
-0.6900609619715806,0.14236901392633824
-0.7031078080192124,0.12768552137804684
-0.7043160311388961,0.11431945355934625
-0.713844028413057,0.11418377220148136
-0.7156452638953714,0.06983794987703731
-0.7088895125198417,0.10967958208651982
-0.7023973149968917,0.13428639539449747
-0.6970224933081423,0.13094733894106886
-0.6888713542070005,0.13062377358275884
-0.6962830469859577,0.11328898285025804
-0.6987447232907044,0.12687245310186956
-0.6870458782250435,0.14687819364823224
-0.702873284613408,0.10935627796216188
-0.7002450931625186,0.12463242405968461
-0.7122667590924784,0.10955942252991746
-0.702210357170805,0.10203644380324324
-0.6982153598968682,0.09780339828481271
-0.7085978039167591,0.09058792886504693
-0.7115627290535734,0.09824884386974586
-0.7056602556959028,0.1164631072229252
-0.6864667729761209,0.1344562491633678
-0.7173853642463283,0.061470769392929295
-0.7127716110043439,0.10289658723328166
-0.7054454113938781,0.12225930002632103
-0.6946203440970273,0.1459469708405687
-0.7160997528674,0.10029070613514814
-0.7014050812367856,0.10020257833386849
-0.6915009420716924,0.12139795976228528
-0.7027732679220835,0.0820298604593824
-0.7085817706061007,0.07692500949256553
-0.708863529461074,0.09061093026955495
-0.7131352209346494,0.08486588645017784
-0.7188237294885679,0.06343579927863215
-0.7137065108979476,0.0792641982297132
-0.706918377481508,0.10699724220215921
-0.6971830672686363,0.11403913855106397
-0.6969586361286562,0.1164163983275815
-0.6937919706790552,0.1363147520926533
-0.7067068918234755,0.08523636212473773
-0.7023856166998911,0.08553011395970415
-0.703441878329821,0.09705977379951788
-0.689520651426858,0.11921155079196569
-0.7119391667115298,0.06992564088515171
-0.6960297506442061,0.10701877859729163
-0.7152858572724967,0.09282515346802293
-0.7070277224369164,0.09354662375720658
-0.694048818965098,0.13381448109284225
-0.7134800646816016,0.08243692965056616
-0.703342039304602,0.09041739222989845
-0.7054971197091592,0.12102165303115889
-0.7086153544633059,0.0822460992220351
-0.718400965958411,0.07485215936307142
-0.7179940399423029,0.09397348421355625
-0.700166022955585,0.11727167697636667
-0.7006127067622072,0.09853585605125305
-0.7020449997732057,0.08740598832661409
-0.6992075538484627,0.1200376600352548
-0.7068938703754477,0.10554823619759948
-0.7086454320077782,0.11501329004784865
-0.6928490285083863,0.10593516226468443
-0.6915734997526685,0.14587481716805561
-0.7041192670437173,0.08478002579190895
-0.6912958310958519,0.11399891236783158
-0.6960458398124159,0.11980109199969874
-0.6895555478602783,0.13514336764634094
-0.6912239215123588,0.11338704172445442
-0.7094916122877976,0.102408957652559
-0.6941097035858471,0.10891930370670609
-0.71073956626288,0.08467999282777684
-0.7184975238702044,0.07632998092027976
-0.7041343034324704,0.12809643883666205
-0.6946011142275798,0.1402042519544072
-0.7162153768699333,0.0947650874531669
-0.6996137638622744,0.11870168653052923
-0.7076248904849902,0.10273171034611965
-0.7113087312075091,0.0804182753783359
-0.718003062788936,0.07093268656576464
-0.7178386466387476,0.07177841448335302
-0.7046479385178619,0.1121254362879713
-0.6987394834970758,0.09433843771189608
-0.7043607249565866,0.09720045493462429
-0.6852110208675826,0.1351569721421915
-0.6940081692366087,0.13728109877113154
-0.714027180907079,0.10482527647698914
-0.6991655616938542,0.0921534282954487
-0.715797651644338,0.09290104523436503
-0.706705302351825,0.12103650699971925
-0.7089453977578224,0.10551239682811539
-0.6896909189079994,0.13246301273558705
-0.7087644644591795,0.09607918981446037
-0.7034753754744859,0.1057447870927199
-0.7073140401652955,0.09733172666900979
-0.7003695138716037,0.10818705662157362
-0.7037709651299252,0.11838745330847536
-0.6965894386374778,0.13702347394192377
-0.7066555389635453,0.0864580560038413
-0.7033431320119349,0.09331423270186517
-0.7102702988102791,0.10780904465727911
-0.6998207506521685,0.13365164325424717
-0.7115893064685539,0.09643040308116213
-0.6900873899384026,0.13395253158390868
-0.7103672456539321,0.08344813017767493
-0.7225954261849609,0.07545796771689767
-0.7045248553961996,0.11467023275651114
-0.7220663698534371,0.07808201364360445
-0.7154857192712085,0.08229952203006316
-0.698811362745101,0.11216889976371913
-0.7182636598763553,0.06895362359631324
-0.6987131069482762,0.13345319337631717
-0.6942872617467478,0.11921667122990615
-0.7106280996696506,0.07785572385645208
-0.7104143962379461,0.08492445562601308
-0.7102383683950924,0.0703416288920263
-0.6990842031962344,0.12303330195504543
-0.7087654611965468,0.07827507016369502
-0.7121221700817473,0.08594609891435037
-0.6867769704562321,0.13556320133699162
-0.695344677915322,0.1366284592341048
-0.7108051058476484,0.10411006158435006
-0.7144628900360293,0.10785872141138175
-0.699433945600748,0.12318491274370094
-0.7037427936401573,0.10417549903658045
-0.6992385211326768,0.1308745916502062
-0.7010103970853176,0.12447538360233631
-0.7042766067782019,0.10175576552844504
-0.718495055318766,0.07807857136379096
-0.7192958131807817,0.07699263123910402
-0.7151944973290519,0.10416381979373371
-0.7144717392880873,0.09000441017568216
-0.7018259698115664,0.10941870472693263
-0.7068804310126563,0.10153575242163754
-0.7092107520389196,0.11895717268100015
-0.6973302182899264,0.13792592679192034
-0.7167304533644446,0.10542687640300043
-0.7200312021750485,0.05920699751795696
-0.7196774919151545,0.07054250336129003
-0.7065616791370184,0.12856520449523368
-0.710613611788959,0.0909125964846627
-0.6982800964421069,0.11355707336398506
-0.69142235881487,0.128870813526118
-0.7100693382526111,0.09447602460662886
-0.6890060654248628,0.12839045156656956
-0.6955193175974808,0.1445176343290519
-0.7206233005643343,0.05292936956518357
-0.7002736360716779,0.1263732333012431
-0.7059627804828791,0.10417187691562306
-0.7156477212367817,0.0779599450815706
-0.713106476060063,0.07571207605630097
-0.6943588756587848,0.12269339237362997
-0.7205616198428897,0.07926004731406747
-0.6835209748942679,0.13381214700100263
-0.716165476880655,0.08881321444681452
-0.7049061830598746,0.10271218694948829
-0.6911126183753169,0.1223972852593763
-0.6919636248513447,0.14665928359659647
-0.7154702146474295,0.09948563840532279
-0.692411377983955,0.11051997147618611
-0.7043525639558461,0.11117198752037716
-0.7138875667815522,0.09727425373553289
-0.703000674018837,0.10166384544720794
-0.713037051143194,0.10596608373099174
-0.7063291095844384,0.08414758073863339
-0.7030130675841767,0.13054529943289594
-0.6990881471523775,0.1334513848319658
-0.7095299777745482,0.08756207649335299
-0.696357181067337,0.11017557831465095
-0.7110763506080926,0.06435626412109664
-0.7114450075833887,0.11207899670330858
-0.6889326166997283,0.13089301379243945
-0.7108741674466276,0.10244119989681663
-0.6917301748089569,0.1304045474187056
-0.7030052682221012,0.09729961910029941
-0.7109772764318147,0.09966926791639952
-0.7096170857271461,0.07893550758133615
-0.6983454760906116,0.10881810225023282
-0.7082413710443113,0.11139069055468531
-0.7037781786648848,0.09193891498111792
-0.7100842238417422,0.10583394169436804
-0.6907863636012131,0.13057671945395838
-0.6936483431137416,0.12389388114540381
-0.7004280133479798,0.09995212967832218
-0.7091769082259377,0.08473480091958929
-0.70964577969927,0.10165579687992435
-0.7062204007282361,0.11687393265726655
-0.7057126343431158,0.1270253718728406
-0.6978793024092795,0.14740275471108916
-0.6944401557315815,0.1164562307962336
-0.7056335919156188,0.08570475118998817
-0.7149802872182156,0.09231146318526717
-0.7029820495183997,0.09199461460194425
-0.7159252879139119,0.06710457617886449
-0.6963471004514121,0.11436087014833142
-0.7061427642296382,0.10387705025387213
-0.7034679959384963,0.1029160399533106
-0.7000123108020652,0.11828226952379495
-0.7123844517826291,0.11306265472550021
-0.7073730975631952,0.07804700988291088
-0.701718570925503,0.10739533985368038
-0.7144283741843077,0.07929617777864567
-0.6981844064100896,0.11396300340829127
-0.699499343325631,0.10890124957864049
-0.6990982321120077,0.1073474646067198
-0.7130470823466577,0.09692736512105879
-0.7115062391262034,0.09817275951840576
-0.7135674438661337,0.08627269230298529
-0.7099997970879617,0.07266676106343761
-0.6951263331186937,0.12073293643669371
-0.7162875277410649,0.08839621223620883
-0.6966433475179304,0.09756875594966434
-0.7131162097613157,0.10317485093512972
-0.7178214563384846,0.078727060959558
-0.7128086089997825,0.10611374136079196
-0.6928747301317915,0.10956001482799885
-0.6936913528148547,0.13713328317578796
-0.7131488300041255,0.07792307994207705
-0.7089340428725841,0.07518914800457399
-0.7014645720876644,0.11768325035697866
-0.7007124138134481,0.1157751113077262
-0.7040545550242826,0.1253252930564803
-0.7081927556644219,0.08838581290742484
-0.6916378671497201,0.12590688127582417
-0.7072830531623309,0.09496615391687449
-0.7009810597535164,0.13085854663271906
-0.7187673439708675,0.07679024385014842
-0.7135994236708366,0.10200173044758336
-0.7047979633487417,0.1019000621966874
-0.6998798036942246,0.11320055383477409
-0.7093350503392927,0.08234597762391993
-0.7093203552172781,0.11740609244075874
-0.7044795680258379,0.11551542599797189
-0.7144391943408485,0.10169631570325163
-0.7043749024989808,0.12032686375169481
-0.7151599321605819,0.10961809608031722
-0.7007442251685752,0.08810100337392676
-0.7050235324286989,0.09540691682423108
-0.7054924162788622,0.08477815498035647
-0.7025069334038062,0.11633440006507148
-0.7147765480758212,0.09375091934528854
-0.6971663005130887,0.13054891511093067
-0.6896426463444605,0.14176033123128812
-0.7021275037515567,0.10690537311979265
-0.6971173799737368,0.12400503497489958
-0.7048371105998836,0.09823837400455344
-0.7142862154458502,0.07237696335656879
-0.7150203467764428,0.07428883130807509
-0.702620118020608,0.09415018855587076
-0.6929336679674606,0.13238476397014315
-0.7083935317963971,0.10825587252355198
-0.7194829062797615,0.07680910982010483
-0.6989840878628085,0.12807499344418544
-0.7095530581279814,0.11804420247112095
-0.7038476091892807,0.09617872913077442
-0.7039126432511775,0.09931432630839827
-0.6899146356919327,0.13121325088778263
-0.7119303456158997,0.08836399504744949
-0.7031919554162831,0.08785413536818473
-0.721361787255293,0.07024680701563804
-0.6930376544434588,0.10740281553212495
-0.7127013610503237,0.09222396475683138
-0.6871219131710367,0.15297820864262987
-0.7047864175298739,0.10925644130838587
-0.7080675976861226,0.10764657019073451
-0.6925554106315803,0.1215324684472517
-0.6849638886492414,0.12727322161714474
-0.7029574189450329,0.11049958283880493
-0.6924448013852212,0.10897686245799795
-0.6975889151271235,0.14528467641219778
-0.6976027902730109,0.11310594614707929
-0.7062928262859538,0.08829858535122721
-0.6884619512219935,0.1260525627876455
-0.7057229990478667,0.12793640109527094
-0.702446174633703,0.09075976128010234
-0.6813906447571106,0.146482863994454
-0.7149624393765484,0.0846795605512892
-0.7089148688048815,0.09311194321705786
-0.7029928867315436,0.09907517029967944
-0.6929871993894988,0.13132690070812347
-0.7143276939068784,0.08215086206068407
-0.6971808289899917,0.09980441111707435
-0.6943774583552825,0.10484184434704831
-0.7074084957829951,0.11261223013530022
-0.7059652086899502,0.09570806368736286
-0.7001264699772095,0.1248483232719085
-0.7126738720981628,0.09736165042349064
-0.7201344841189378,0.06924476716316119
-0.6924867885849335,0.12791185003236175
-0.711754617020769,0.09987847256588488
-0.702210541042593,0.11184348661532406
-0.7065465151511352,0.11244330553308252
-0.7054903125832716,0.12056236666529076
-0.7030727313816996,0.09854830702521616
-0.6964228109005153,0.13362255637733633
-0.714291995012485,0.08358973754071282
-0.7165123877979293,0.0713635280497556
-0.7031503085353651,0.08378902946342635
-0.7013986494825621,0.13297830525190718
-0.71028628365509,0.09655331012490127
-0.7016053160915814,0.13080908126330973
-0.7038162910821212,0.09095863349696358
-0.6900733646032464,0.13312848895505608
-0.7004114163994929,0.11106067724160645
-0.6965665797833135,0.13055758071108806
-0.7188707739513956,0.07991665628183722
-0.7017063956282272,0.09810354627832542
-0.707891150985715,0.11222536105311237
-0.7100420307890905,0.09516518787798803
-0.703264774958837,0.12274021935236074
-0.7062469515819385,0.09874773104254939
-0.6991217898108807,0.12522833709754805
-0.7060886909241525,0.11280791167457832
-0.6978025920260624,0.10470120129853429
-0.7069837731940165,0.10932199477053911
-0.7148434365850186,0.06764995749350151
-0.7169710370536506,0.08956843111574185
-0.7207141333588718,0.08742339931653123
-0.7019847145196247,0.1137778831480991
-0.6915837247772438,0.12783467928522135
-0.7115839163302881,0.10705368406373861
-0.7200362927013436,0.06689034256278725
-0.7092132833435796,0.09650784063228748
-0.7024906969043749,0.11685617815403836
-0.7158492879349532,0.09097225272497157
-0.696853991559006,0.12483991890804652
-0.6934846307593538,0.1251145702392812
-0.6927877727762901,0.15020059290085302
-0.7086691550564482,0.09709304986780447
-0.7043980802564116,0.08566381899784108
-0.6981567706969714,0.12057765302892386
-0.7059973228142724,0.12646527630338808
-0.7023698241839137,0.11362495026228728
-0.6905834286834021,0.11445530563068908
-0.6974481662499907,0.12546690521146778
-0.7137144031112054,0.101493765747802
-0.715142616294378,0.06536170046890201
-0.6885167271866132,0.13135729662832712
-0.7003828420058196,0.12256793943145936
-0.7081787985957944,0.09444594629813857
-0.7101528338425928,0.08713029645185238
-0.7073687158025166,0.0852465156771097
-0.6858589082381903,0.14983334859088693
-0.703425388850234,0.12488146153973857
-0.7078024417805946,0.0763037686650662
-0.7073727667459653,0.11492561150281305
-0.7050108729907614,0.11113249338631798
-0.7126995117866486,0.08144249668174633
-0.7121474079174327,0.07216154061794466
-0.6950722565801861,0.13786726586427028
-0.690835491325,0.14674252415537786
-0.7068708921585805,0.1000013604966039
-0.687491542217535,0.1585454874443692
-0.6909301725551792,0.12436977331593008
-0.7117475587390103,0.11053063859656234
-0.7163800947689261,0.07848425050950786
-0.6929291269447289,0.1416117773859896
-0.7062045756884535,0.08265776836317645
-0.7103184491719898,0.08595317669629196
-0.7038317142275334,0.09952159572986966
-0.7083655749302533,0.0980621822926133
-0.7053790086526041,0.09712030102989239
-0.6992676878469009,0.1252208806472102
-0.7105415591101971,0.11503189922434554
-0.6905645399548934,0.11972213801734301
-0.7140866379989228,0.10828060174861165
-0.7041731281535206,0.11975817247660082
-0.7073196864772381,0.09824748561342722
-0.7094636239955138,0.1052761603221424
-0.6874010257577767,0.13371670531634777
-0.6976763604661301,0.12053072079984603
-0.7090996617266918,0.07790176139975612
-0.7031659947210729,0.11235511577054988
-0.6883438453344787,0.13169248580178222
-0.697559523593671,0.11523324666720983
-0.7125901801321142,0.09650225137696744
-0.6923134294200004,0.11497420028253338
-0.7094154733764827,0.09783154515920266
-0.6923927546704148,0.12686474793037952
-0.7172807404445093,0.08325597126079888
-0.6952911114049241,0.10724249229714237
-0.6825335023239028,0.15334630568163188
-0.7010985901653108,0.10902481635266506
-0.7140133373974173,0.07664316835261556
-0.7177591552758907,0.0694431666891977
-0.6862313038691862,0.12199063300140608
-0.7119703254325491,0.07805772199730142
-0.7134805136951439,0.1002394434835443
-0.7091447716543398,0.09448060903980958
-0.707705548188866,0.09872416816313619
-0.7139536362986239,0.07378684783336427
-0.7065845242697802,0.11610073678506086
-0.7055916594197614,0.12417621583051834
-0.6984266692121489,0.12514759109966053
-0.6985046915858822,0.11719025097979072
-0.7122273459594336,0.10447758868326475
-0.7103899992765421,0.09204925857851531
-0.7036037746113252,0.10074451080466361
-0.6977516685263734,0.12579732197762972
-0.6919827257196575,0.15366162542672224
-0.6932241122190275,0.12482544173997129
-0.6858516227721984,0.14518219416570247
-0.7021824461861265,0.09960268585257723
-0.6900828339625438,0.12014570322389709
-0.7086049342147517,0.09002193288815902
-0.6999403900903923,0.09731963419555369
-0.709682647359682,0.07647067742186867
-0.6930870124976048,0.1487310087297695
-0.6967439632154757,0.11404909917478787
-0.7028528644264537,0.09938287791730402
-0.7119609371506193,0.07180615502957727
-0.7045353713318742,0.11449918410337329
-0.7131323826199003,0.08804665141817489
-0.7003491494022939,0.1203865007540373
-0.701931814089315,0.10073075655443652
-0.7105540609147871,0.08088459613275019
-0.6931451076849242,0.15049334256304164
-0.7180994256571367,0.0825003955379431
-0.7112954536156755,0.07991710261809175
-0.6876893567740777,0.1492966528629397
-0.7019978098059346,0.11096347327779138
-0.7101964167602621,0.10555161679104921
-0.7127924969643799,0.07974352053441686
-0.70363391452291,0.13166739856914053
-0.7165054861083634,0.08191147543028006
-0.7083345111002947,0.09989198944714928
-0.7068929782875158,0.0852815877002126
-0.7030062681663928,0.10837778503291925
-0.7041169667052803,0.13135674784031573
-0.7061014097722401,0.09848776102445678
-0.711251341994429,0.08739054552030844
-0.7012613347316325,0.11123866381735749
-0.7014672491123186,0.10175611785127531
-0.6935789006587508,0.14327063854870237
-0.7100078770138145,0.0818582513496433
-0.7029138369221531,0.1216083582227233
-0.7035589429499641,0.10656909782878776
-0.714085610379786,0.09452682602602926
-0.698310341418363,0.09916670700982234
-0.6999162839080496,0.10828198346284507
-0.7215895757681757,0.07353733998849335
-0.6995879888787384,0.11589496015921864
-0.6953179485915414,0.1262776216765338
-0.705667372671142,0.0924844597187788
-0.6946248611461805,0.13512993448530092
-0.7088638455065531,0.10235561725667527
-0.6890534290741066,0.13518811664326577
-0.7049423693826029,0.1126867004116916
-0.714493358269143,0.08970600696286225
-0.6948325280686511,0.11774145402497818
-0.7096998549131905,0.07573611860777021
-0.7044252311314522,0.10309258371442272
-0.7170870458596903,0.07082148392846994
-0.7015509540879658,0.13448324520242455
-0.7085922266497986,0.09530512729368291
-0.6958416795992164,0.11902770812526287
-0.7129469005005764,0.07976293622444079
-0.7002504338522505,0.08928388307691573
-0.7020544519705111,0.0975412513138292
-0.7021818806880364,0.11470725154470998
-0.6884986265370141,0.12822613063878477
-0.6892457138521534,0.14284406776863348
-0.7081110559341393,0.1047573623883363
-0.7028686696079891,0.10727994004329577
-0.7168083190364607,0.09885125624519314
-0.7178003713870406,0.09729092753029452
-0.7190690639991358,0.06791350187474855
-0.6982799418540576,0.11167336230142245
-0.6989971392418952,0.11257094935110531
-0.7139981588485822,0.07555678130365164
-0.6849714335953792,0.14991616901441984
-0.707708032699788,0.08514419597070932
-0.7009934937742128,0.09299817226693807
-0.7082045732792663,0.09517298013268334
-0.6916895979034269,0.13291289680054907
-0.702506598809872,0.09541265067989754
-0.6949886916254775,0.14227198801473198
-0.6968031783571381,0.13186262947974856
-0.7055384688987887,0.09672618389962286
-0.6876717639827735,0.12393102774776814
-0.7073126399411864,0.08896259428464397
-0.7061109974126438,0.11811965867363432
-0.7038151863325952,0.09802665589948638
-0.6910723366291486,0.14404385893760557
-0.7114225254672587,0.08828425139461561
-0.6975435882208824,0.11945379612773338
-0.7038035629482483,0.11218160056671003
-0.7128315905737075,0.06835031370907418
-0.6983743443628783,0.13602747397354506
-0.6971412034972545,0.13481847060804367
-0.7183182571549145,0.08045433889786753
-0.7097622236519286,0.0959822678999435
-0.6932721697440899,0.12227455086770958
-0.6915427125044075,0.12106797777227676
-0.6900268953784446,0.12595296604122136
-0.6961485450338936,0.11717502671768439
-0.7074167652003517,0.1007880312091622
-0.6941998957949689,0.1285052529913434
-0.7013365142643124,0.09131116652583958
-0.7000346887284195,0.13353976085852112
-0.7092917055475275,0.0759996622511404
-0.6935975031882633,0.11721589280236425
-0.7118352908309009,0.06863262711423206
-0.7190943654838673,0.06747125208115093
-0.7027981737248373,0.0997689021933458
-0.690297467412946,0.13374676702886873
-0.6878018672863052,0.1354490082046275
-0.6952840967974068,0.12115292042598919
-0.6984372674133289,0.11178155345657992
-0.7033016604347436,0.11716114725978471
-0.713911232560548,0.10206733242003121
-0.6999354872629812,0.1129869003324261
-0.7068021665902865,0.0993293358914697
-0.6893682166838058,0.12591018163946763
-0.7075876991146902,0.12101361031021063
-0.7047996299841885,0.09537622941172604
-0.693156730297361,0.12655602021576026
-0.6949795177001141,0.1015694534002428
-0.7143243548299995,0.09531115319340591
-0.6936140817392187,0.11396660126069481
-0.7040232299307048,0.09685066793562887
-0.7081171539301523,0.11357597151530766
-0.7036031534760485,0.12917860249447
-0.6910899420358232,0.14503205651201834
-0.7157162379290815,0.09792834398099244
-0.6907990597255056,0.14096670874246264
-0.7046512454217163,0.10421842943887716
-0.7049692007616097,0.10858449893037336
-0.6987498946767132,0.13351096555123595
-0.7072121925046277,0.09532770572996142
-0.6957698414472612,0.12887680574847818
-0.7087570490119555,0.09540657344895735
-0.7084655058250663,0.08435073906399156
-0.7045506391593205,0.09636199339524086
-0.6938352613537169,0.10990931603610772
-0.697788821038035,0.13037497244311128
-0.6919465329707658,0.12163964165177964
-0.7053776783043488,0.10164209271767698
-0.7056882392215803,0.09136990545978489
-0.7170379495471308,0.0860516204286908
-0.6985952129639733,0.13342967704901476
-0.6979372597794339,0.1205969530555551
-0.7010945282382862,0.13302930557681092
-0.700352178921701,0.10274716219643351
-0.6995517185686597,0.11609309121336497
-0.704157493245823,0.10198270884295202
-0.7083778605563474,0.07326087736377146
-0.7066522057498191,0.09839692107427409
-0.6821894111904674,0.14741460285753727
-0.7046028710069557,0.10651691926914826
-0.7109761904654184,0.08943874362693735
-0.7101547766166936,0.08658378325694133
-0.7040676333361849,0.10154700020409516
-0.688338257536071,0.1336527953989828
-0.6993181453859162,0.09691072782290017
-0.6931406077800272,0.12293224678666168
-0.6823515315861586,0.14012319804191076
-0.6890566585688173,0.14801650678515774
-0.6941181140172793,0.11789175379566035
-0.7099033854690858,0.08534872588353216
-0.7156312131817041,0.09016809827029075
-0.7182221261189723,0.0715031415506422
-0.7148788943341325,0.06225297155020176
-0.6930714832159155,0.1437039364897861
-0.6860132664093676,0.13154428002794968
-0.7109749613220482,0.09487290502910702
-0.6960637064640481,0.12220064847538692
-0.6967631737751162,0.14496329314886716
-0.6990025358324468,0.13468332989612009
-0.6865190377295853,0.13096320887894014
-0.7137805672246906,0.09154384009727852
-0.7084057505521586,0.08238494302292974
-0.6883186358613412,0.1414766610016964
-0.6892729968291192,0.12797716497929265
-0.7164720187280275,0.10138802799425216
-0.7135652128230571,0.09646348171069294
-0.7180515985534,0.07000562315525925
-0.7083272270411326,0.0916036695286443
-0.7018359248939011,0.11574292188382787
-0.6890243212381512,0.1282669272255961
-0.7023397074707771,0.09980864038660625
-0.7039552121686111,0.10387529828544013
-0.7044139217041416,0.09086345353484213
-0.6940993169679255,0.13372841022316406
-0.7147712320007967,0.08283276302881898
-0.6999841433672497,0.11739285594822671
-0.7156921310737858,0.09442874346937268
-0.6973214634695151,0.1213745064744476
-0.7025980146230676,0.09913647350347111
-0.6953806637796086,0.1238981076446872
-0.7043185519578019,0.10441005366203764
-0.6920395998378053,0.14720075586531486
-0.7048085774824521,0.08421149733241043
-0.709026784787219,0.1054419760535367
-0.6914797739746371,0.1369574648517197
-0.7086741128036732,0.08097184233445605
-0.6876952978704632,0.1465087435844691
-0.7102138648144521,0.09067263769568884
-0.690169874769557,0.11964556027247714
-0.7006362882455646,0.10492740322939734
-0.7035670405596275,0.09175620503302523
-0.6925251078949066,0.1436670335020654
-0.7024436116924516,0.12067583577820869
-0.7155912896261217,0.08669935589670255
-0.7122715416293026,0.09619281116650526
-0.6952514292892098,0.12720708832089164
-0.7052036066622533,0.10351600860479089
-0.6866937115817212,0.12947592501888092
-0.6973294868192516,0.12091079026179469
-0.7025865222310604,0.1111095145366861
-0.707060227719292,0.11287137736922315
-0.6925160149497834,0.11273924430838483
-0.7066546985543777,0.10444016464301346
-0.7104991887276265,0.10635783644419387
-0.706285231610056,0.10948509123938127
-0.7139188872398139,0.06293075364004895
-0.7188039410152385,0.090348668176571
-0.7077844637858216,0.09456521020685527
-0.7062648354214874,0.1242222926558558
-0.7121598178619295,0.09263099782816049
-0.7182026637507775,0.07883479729186621
-0.7137881240503413,0.09123311298096073
-0.7138813633092584,0.10350547302013026
-0.7127294182372524,0.09227079615693473
-0.7065547435047208,0.12145217575703905
-0.7135886352017464,0.11279205922096923
-0.7031071193509315,0.09985787790939268
-0.6900545872244742,0.12714371980804398
-0.6982809021859355,0.09435209863598858
-0.7019022033313795,0.13436167122937853
-0.7101408750856717,0.09225454198869626
-0.7031505804832449,0.11313099357670565
-0.7172264796445033,0.07597620231407445
-0.7148874474014315,0.09933232901497804
-0.7000550785107527,0.12699342922169146
-0.7078715838770891,0.12171159643108848
-0.7100667698975536,0.0876679139975018
-0.7146875202571765,0.07762709375328716
-0.7112663303734376,0.10988945874274686
-0.7046524602164304,0.0856551774449208
-0.6975507143268028,0.12059120765691465
-0.6998210805945733,0.10467229121147048
-0.7007306989856298,0.1407873394935792
-0.7035748835194439,0.12417097108827375
-0.7040972768589413,0.10045497133283524
-0.6982781461730845,0.1066992013427976
-0.7209265097466331,0.06887158021566388
-0.7058074197161905,0.0863797778008848
-0.710630438427437,0.10800808522639879
-0.7101083700228761,0.07755911667532955
-0.7034489919400255,0.12163884861072276
-0.7072711490996118,0.10870045758343405
-0.6912569586127034,0.1506023921274334
-0.718677271727401,0.07817356466169319
-0.6974686361376662,0.1419064950527168
-0.7060100289255902,0.1284625408058317
-0.6928078712417065,0.12165686507528992
-0.7055222256330467,0.10301977748025953
-0.702227846733669,0.09016412958085625
-0.691743127278191,0.111435777439965
-0.7192504650376483,0.07539556629949741
-0.695123619717869,0.10285813017995037
-0.7179836172421042,0.08390762501978895
-0.7181742895416805,0.08804406464224393
-0.7112039542159796,0.09876576890224806
-0.696707196611369,0.11712443214775438
-0.7069393818023828,0.11003193371779872
-0.6975977548965165,0.10747906670295883
-0.7110195616089231,0.09553667927509364
-0.7112060382478339,0.08334534486253355
-0.6929418419728991,0.1234348359571848
-0.7046317314941687,0.09614950695725735
-0.7181346265218059,0.0833830464514164
-0.7055507286302531,0.10140762561987944
-0.6959930763885883,0.11878909107565466
-0.6987157721647942,0.10390494016345711
-0.7031763785663959,0.10099777627398475
-0.7060566407335412,0.13055229697639972
-0.7146622667060172,0.068467890240917
-0.7024036586846171,0.10604414183458047
-0.7049660799820964,0.10564819882659313
-0.7038634055878946,0.12097325231358037
-0.7072440623490366,0.10119400775459989
-0.7005443193371823,0.10463936822497638
-0.7069154079627217,0.12602797526037976
-0.7043675908522437,0.10287962880956962
-0.6974831225769657,0.11994256210045079
-0.6962610922497233,0.11273404251615732
-0.7180501520518916,0.08842679486640337
-0.7136942083807528,0.07252511090907754
-0.7183842157536615,0.06472477539122017
-0.6968732029129644,0.11157614667467428
-0.6913925044107262,0.11291802852199388
-0.7085759443388241,0.10700915248523445
-0.6979964265508016,0.10877117609220388
-0.6945603749955989,0.11977217949283503
-0.6941555802258176,0.12608637352854526
-0.7134182767536068,0.09729709744210316
-0.7028661357465922,0.13411427808287626
-0.6973128410810481,0.10507048530842392
-0.7139782876067596,0.09926437499642164
-0.6905446834197968,0.14936379692367438
-0.6946038420581051,0.13814422542092736
-0.7223729846222321,0.061136581125473495
-0.7036639552478865,0.12058246185907176
-0.7122629059269803,0.08539702620233995
-0.6914702177784197,0.11785450512234132
-0.710805161672963,0.0817358511563851
-0.7099966994271318,0.09164934887529391
-0.7029132133341361,0.10782075925163322
-0.7030444614015843,0.11568063905551389
-0.6913607844324423,0.1305809760260127
-0.703009678513758,0.11442769304572606
-0.6975284888180248,0.11932703874744392
-0.7118884045281668,0.07707395308704314
-0.7092169541927962,0.08788883184856532
-0.7074071183311603,0.10321327753067824
-0.7150370460606549,0.10245800319168807
-0.7149155885063901,0.09060460597539152
-0.709805475259513,0.07943026498448917
-0.7121966943861123,0.08324108641574758
-0.7108324764290725,0.08880977762479192
-0.7168421917916015,0.06135772606664279
-0.7162127194103971,0.0636692933364886
-0.6952713466550275,0.14094681677162302
-0.7147384716880608,0.06820582176552516
-0.7144618347647244,0.09211454722689509
-0.6991514040734833,0.14486456830450203
-0.715237619816587,0.09092162070382877
-0.7002149464192294,0.10163024907003863
-0.70380542353427,0.08682935912589751
-0.7109321921861137,0.07938176449419578
-0.7100902717225659,0.08692496432747854
-0.6982858999426017,0.09707832032812902
-0.7086530394128463,0.09413979532142118
-0.6985823877852986,0.11694874327185902
-0.6980213106044358,0.1147695247064576
-0.7018558970077495,0.10040154278945099
-0.7126038321453683,0.09540562066809981
-0.6986444160099621,0.11933360209893767
-0.6854593719965939,0.15393925133548977
-0.693368497924815,0.11436024704316466
-0.7078524424653089,0.10279976829800876
-0.7055150515023141,0.11827823928343698
-0.7173988422645812,0.06797058020920138
-0.6975734363480433,0.11573378229407658
-0.7082627071549217,0.0915011582829681
-0.6883205014204706,0.1268917328165751
-0.6964565840426907,0.1147082436061329
-0.7089137762522562,0.09682111708092543
-0.6986113782941736,0.12023012651095022
-0.7107861906201937,0.11611882416393801
-0.7017546157797988,0.08905251256870331
-0.7099428053916295,0.08709894295612992
-0.6993223240592273,0.09791951988631123
-0.7084020171689828,0.10787886622618822
-0.7107146732597631,0.11148942314112967
-0.7194660485643524,0.07815170585282556
-0.6918923734435141,0.13620942932079214
-0.6957252555844712,0.13531612829898124
-0.6906118393532504,0.12743047573931393
-0.7153058924308944,0.07642091401154769
-0.7066969756785636,0.10828236637382171
-0.7108390040499352,0.10641378375608779
-0.7050206201547496,0.12003078383981931
-0.6931108959963035,0.13170396389981687
-0.6930674315210653,0.12134887466183558
-0.7025364628307265,0.100870050088287
-0.7056984549092398,0.10904612563899772
-0.7053375427114671,0.10617882826939959
-0.6993534510329888,0.13440328591884745
-0.7146684448697721,0.08377464804690574
-0.694149650280762,0.14927462570592673
-0.7134165234625941,0.07074729109530675
-0.6907888235769756,0.13088839814985823
-0.7036404270474517,0.09926552280180873
-0.6981283487058775,0.11117522073524727
-0.6939633594232243,0.11607448208148237
-0.7058290343598277,0.12993773085479962
-0.6991275831288587,0.12614221513979335
-0.7054183121033183,0.08334512503832407
-0.7119869043600592,0.09975126657697049
-0.7095273788198655,0.07816074523386934
-0.7035529518749785,0.08833075236946498
-0.703870983131932,0.0958316108143877
-0.7030892150614926,0.10247141350198896
-0.6884471204169761,0.14061580416955669
-0.7192174311401374,0.07977959196506287
-0.7021409216514662,0.10421387480397526
-0.7135449734753676,0.09384416131924059
-0.7149916636554658,0.07775326023181997
-0.7019175145709994,0.11177169383373245
-0.6890042023996731,0.12114215899992799
-0.7077231571422451,0.08922098051491026
-0.7059076010890438,0.10409808221406221
-0.70906548533245,0.0811220224601689
-0.700936364734149,0.13641111325885125
-0.6980933278236768,0.10465421789826998
-0.7063072760450454,0.10492093850462691
-0.7158888135134581,0.08041916930157257
-0.6931663975701859,0.13983914380221033
-0.7010699320627595,0.09899988328792633
-0.7063358160768194,0.09904626430984104
-0.6907630695730795,0.13106144163879613
-0.704119904899155,0.10803967252232126
-0.6994382054810138,0.11706953343660448
-0.7022214568775652,0.13136020875657411
-0.6941608858494904,0.13620407193251224
-0.7105589151059414,0.10186408722877567
-0.707332332576385,0.10966555566509044
-0.7146978874491696,0.08391203533924728
-0.7035498194270923,0.1009761993029421
-0.7053608201852619,0.10420574947758349
-0.7029125558724187,0.10140037018150201
-0.7035911033712943,0.1147178390102336
-0.70689538238015,0.08741154592193955
-0.696373246155209,0.14040317463246638
-0.70649379827616,0.12157964913345949
-0.6957109515667457,0.13198430492217886
-0.7086254274359509,0.10113277526168236
-0.7086253470742254,0.1113461032647621
-0.7045500333099927,0.13248817514292577
-0.706922351167776,0.11071173025522235
-0.6919864990738998,0.12732622329795001
-0.6973894051999208,0.12478261750831268
-0.717901982210771,0.08442883862129752
-0.7141315292612597,0.07499036821790084
-0.6879514461360904,0.12353864522784008
-0.6950696682504475,0.13074295905796138
-0.6961999319661359,0.12943160201262177
-0.7163480691698285,0.08851529430575941
-0.7159599999430479,0.08955585361359841
-0.6938321045624266,0.12599081288994946
-0.7077134150241023,0.08653654242385214
-0.7022103141200858,0.10671071812986747
-0.7053443807878802,0.0980243515917199
-0.6909560898990516,0.14229761154065473
-0.6953289605446703,0.13350501796591865
-0.711177400493887,0.10519901914294083
-0.7126591517919814,0.06776223910934845
-0.7167280302186798,0.07790592512992278
-0.7016743093584363,0.10058497698758719
-0.7016075177008677,0.11371632091442954
-0.7072190581782825,0.09536051856406629
-0.7189555726077465,0.07338941161612403
-0.7176453642232379,0.09735664360539448
-0.7080509308562142,0.09539231952499748
-0.7059856563056205,0.1035287398072566
-0.6916978992293812,0.12870326939136775
-0.710584856408812,0.11964477725087687
-0.6918499330500972,0.13274520295559872
-0.7117624278586421,0.11457563786580938
-0.7141895402497573,0.09824314621630686
-0.7086534304688908,0.10926934990861477
-0.7111925940467008,0.10596532893427352
-0.7121680042987242,0.09214195376712075
-0.6962599201888527,0.13781481371100504
-0.7097688599414826,0.10105304765550444
-0.711222256297513,0.08370536391041229
-0.7040837983169482,0.1096658752290635
-0.7066510879071759,0.10986206374181952
-0.7053327713759012,0.10245315594497183
-0.701919284538545,0.09867612548828646
-0.7073207151466923,0.09709567515537847
-0.7000940350556346,0.1331830392875918
-0.7206204387426803,0.0717339615777981
-0.7097294623180224,0.08391604691638017
-0.7008054508744023,0.10333474062408703
-0.7103096119390485,0.08247126657429281
-0.6979135160792868,0.1173423489251747
-0.7148155778246014,0.08240548323613807
-0.7173528349206798,0.08131779019146954
-0.6982400601263635,0.11889609043571985
-0.7044505545851005,0.10211879105538746
-0.7093100196742727,0.10088768679577383
-0.6940909091811681,0.11788895114386273
-0.7036825395006233,0.10088845315275446
-0.6842947598042843,0.1473199058488868
-0.7137244374503287,0.07401800332255096
-0.6990089047478826,0.1252715225771086
-0.6949170961432455,0.13608995691352674
-0.7095404591746055,0.08470533104410942
-0.7184303572773594,0.07308849058464173
-0.7157461586463977,0.08992284546841109
-0.7065668305130305,0.11192682103625412
-0.7057146235604675,0.12531211846659737
-0.7205236611928545,0.08002198289477541
-0.7159959554951852,0.0897171531723874
-0.6827130726725558,0.14666234625554594
-0.7003704944074036,0.12612848146596414
-0.6928166571633556,0.1344042378978604
-0.7071581663782867,0.08333127041091523
-0.7065167221902732,0.09671498248760782
-0.709784017778215,0.10355063539866198
-0.708893596260011,0.10132941130094406
-0.6951269112156283,0.1199612904550507
-0.7099046350887601,0.0858820029966365
-0.6990341549731087,0.11688213301496696
-0.695260869367085,0.11395630876874607
-0.7198706915084344,0.07446914971976554
-0.7134388317980579,0.07103510716851062
-0.6935503056175087,0.13607734776890312
-0.7050286410855829,0.10223334805903517
-0.7031031939003597,0.10976580886949977
-0.7131679696531595,0.09042445320101804
-0.7037156605413484,0.09433808255797599
-0.6975505287788291,0.10979970074306604
-0.6950691687817039,0.12454607392017637
-0.7010066846648482,0.10303188275580386
-0.7030497836208792,0.0996215673669184
-0.6939565664306865,0.1312773947778049
-0.6997377461148587,0.11832204327898406
-0.7039411220907171,0.10113322454644451
-0.6996498469468568,0.1444563345894326
-0.7105600772468097,0.08768331445160649
-0.6850170215390461,0.1475581640988783
-0.6940081622705315,0.12221970619184971
-0.7061795492094668,0.1103288800454307
-0.7001070505118837,0.10023510102606122
-0.7041874387343964,0.1017624753770057
-0.7093461496099054,0.11497174026781215
-0.7112560569804893,0.10982364309633881
-0.7004314320480262,0.0999975234071705
-0.6978751881885673,0.10765158200334628
-0.7119360585363896,0.07993961012068343
-0.6898222387968247,0.14265189494027877
-0.71103211021488,0.09449479212650626
-0.6900505472131484,0.13008080562394592
-0.70850460561439,0.0977745921227315
-0.7045825801808551,0.10916421024882685
-0.7001202564453215,0.11918635476714183
-0.7072404208864882,0.11273092617546196
-0.701806793757911,0.10134900554487525
-0.6997881690608865,0.11892371584006789
-0.699174431419944,0.10381767663433418
-0.7036005049980388,0.09885713759649341
-0.7063323896303814,0.09334804664164185
-0.6880101572627422,0.154309516226162
-0.7003600544107311,0.09912566461472883
-0.6946026031596277,0.13126106177216265
-0.6976576045340898,0.11556389825116786
-0.7174344763343062,0.08996197863148019
-0.7082488457582157,0.11622394662584064
-0.7175352890984626,0.09711539216904022
-0.7065753737846703,0.10537260478897027
-0.7128377016088757,0.0796717285902117
-0.714488370518184,0.08795896367339637
-0.7017826018225677,0.12559521859484907
-0.7151066603333616,0.08223492366761606
-0.7054012223817034,0.10506929395504605
-0.7131250213195246,0.07304045121321179
-0.7068246981038886,0.08270539418505513
-0.7037688651197832,0.11225858666927076
-0.7103135394556805,0.09055558741640347
-0.7090163922151634,0.09734638038199267
-0.7154081162333666,0.09323252486745845
-0.70221986009339,0.09234316637806453
-0.7009204049847224,0.12181906136016867
-0.691060884230998,0.13314489963659187
-0.7152290838408143,0.0873418421947978
-0.7113864666260591,0.11601489456925732
-0.6981362476741426,0.10033419876747772
-0.703895718611324,0.08549859903514967
-0.7085129652261931,0.10865463338890168
-0.7014629589567551,0.108011608857101
-0.6985532081573498,0.13685642592619887
-0.7130465998332143,0.09452386709087567
-0.7137434951198062,0.0820816120671512
-0.6942729756852416,0.12183367084641974
-0.702689270637066,0.12845988192437693
-0.6991384013656907,0.12087601100086148
-0.7068189784456538,0.1266692751194629
-0.6886906504180562,0.13382159649230382
-0.7080437176207519,0.07861036647479507
-0.7115399423152842,0.08186237801030502
-0.7217049954211697,0.0609055987535568
-0.6961050012320081,0.12296468001059063
-0.7059836185616373,0.10105236351982014
-0.6943610350437409,0.12588277039577206
-0.6942897587238754,0.11762281328208814
-0.6973952724690781,0.1125037912617299
-0.6900998831716779,0.13496790760030516
-0.6967217763811634,0.1024413738085335
-0.7078408698611032,0.09635059343772574
-0.6891126542265151,0.13587161270825324
-0.6996608792942455,0.10040554603090075
-0.7056453761049941,0.11024679808081655
-0.7066219746615889,0.09598681653203223
-0.6980085039949494,0.11634784575433388
-0.6978091772044374,0.12065248615684106
-0.711159819182328,0.10309140715159994
-0.7032930099401632,0.08892821258156422
-0.7063382337918541,0.12147872342431322
-0.7132278055710425,0.09172291400484288
-0.7053843300099915,0.09532885891241548
-0.6923854830643446,0.11637208884123137
-0.6995921985648412,0.09893343826904731
-0.7040594674888933,0.11911041196299191
-0.7080887171477266,0.1075797144571098
-0.7050309353881762,0.10428215941482195
-0.7113821539137177,0.09271534154145851
-0.7119373157320197,0.09452789064169335
-0.7061444695876332,0.07898826422296897
-0.6967508256991644,0.10973845384682476
-0.6965429828694627,0.10388553028243021
-0.6965142540105356,0.12417821860198411
-0.6983354082729206,0.11647518196840276
-0.7098363714407337,0.10883856148169395
-0.7058146242015643,0.10835584180341688
-0.7076515429899376,0.09715249049820364
-0.7102829267610659,0.08921386502627526
-0.7163054901725913,0.07146952883310224
-0.6979681320988488,0.13166904360465959
-0.7153705473522202,0.09982550841657498
-0.6966961637100813,0.10699904439506985
-0.7058042285428314,0.09587668107635043
-0.6976839701072522,0.11531687033483048
-0.7090851604061824,0.10729646649488497
-0.7116797517504576,0.08833642263265667
-0.7024024934378815,0.11812258074533778
-0.7152135098265742,0.08623807354904373
-0.7004221510714425,0.11101649958395828
-0.7162995149243679,0.07418480922197684
-0.7022318665098768,0.11922838275832164
-0.6847746689009395,0.13950353199679613
-0.7146518740092247,0.10632861134063726
-0.7062700083091634,0.08924052613049174
-0.6969813093212086,0.13511999906765448
-0.7043801362528181,0.13016790832427347
-0.7018709066889622,0.12279849027166628
-0.6986045484280696,0.1267942724830456
-0.6909022648066522,0.12854047699146315
-0.708496454285455,0.10303345366789242
-0.7002801722882976,0.12373910622399284
-0.6995562291251145,0.1054219889818708
-0.7060994537813602,0.09313324568892577
-0.7030805566724085,0.11732038311469534
-0.7071510357296411,0.10228213848055923
-0.6984174389311322,0.12171224676688275
-0.7085958102536255,0.07820348538847191
-0.7052890634398966,0.09720251870524789
-0.7048061839065205,0.09609120829216779
-0.6913155182140827,0.1393429314380935
-0.7042205845606363,0.11109649639372432
-0.70497040067584,0.11236708543707201
-0.7128597037497341,0.08903418681807136
-0.7014686937700998,0.11384049362023868
-0.6979316340143417,0.11456289156811601
-0.7081273989088289,0.09483034882895344
-0.7089779156358581,0.1109264167794315
-0.7059351422566437,0.1144003873454278
-0.703098104886059,0.0996507450222814
-0.7173756716324914,0.08887704634514719
-0.6939157497172215,0.12280925371383121
-0.7099310982832239,0.07885394329152969
-0.6935645667618776,0.14046579870429596
-0.7106726068004146,0.10182326010021266
-0.6943496977819558,0.12494793402561158
-0.7126035966766271,0.08167456204888308
-0.7077800510886266,0.10594334354108961
-0.6943080691895099,0.13936017895778927
-0.6858753662278103,0.14091401631698533
-0.6972986202454277,0.11774070276556858
-0.7001573477981047,0.12010052475873238
-0.7104096353002598,0.08905904113867565
-0.7053038486956834,0.09792263270350095
-0.7077994714036968,0.08588266382866984
-0.6997476216666061,0.1272930446573944
-0.7076782511156986,0.11174314875009513
-0.6842001699185475,0.14765802216876717
-0.697971437233459,0.111942621365642
-0.7056503762181718,0.09122737037383832
-0.7094372097964752,0.0752781504825329
-0.7035421271325457,0.11807361085710381
-0.7166009489198639,0.08120160545538721
-0.7174773229349152,0.0854887622213622
-0.6975438802254013,0.11137020951850135
-0.6974195527396986,0.12900335560430648
-0.7163587292721709,0.0784199718005422
-0.703222640875222,0.10620085993923839
-0.711487794584057,0.09809200541219679
-0.7027923731519721,0.13022237109903384
-0.6947650415599933,0.1262907202503585
-0.6916242414901693,0.14232876224942412
-0.7051731580329634,0.08090688256285562
-0.7074364732679269,0.09396926359918908
-0.6888434498074703,0.11694272081909972
-0.6913882382591168,0.13480218166746968
-0.7144817160592017,0.07893014277616603
-0.7010100315426521,0.11909974222103593
-0.7010293609770197,0.10278809796504264
-0.7111887235869326,0.09696950673771539
-0.6955823425675207,0.10481467907359103
-0.7055588544394996,0.13063614165536008
-0.7129309210739131,0.07942767870454037
-0.6933006917479361,0.11818086696046919
-0.7075075834819039,0.1017803094293975
-0.7020992412544993,0.08934120738953398
-0.7030812401792577,0.10160864858302245
-0.7037271731717817,0.1277338635344756
-0.6993501467100602,0.11354272356323898
-0.6957476070170119,0.10884167605104401
-0.7098469470312676,0.0802691633614409
-0.7141260859027267,0.07955101758791323
-0.7001568450162444,0.10413585148235638
-0.7159121957548762,0.08761035790241124
-0.7097874803898377,0.09691899186996512
-0.6916000174346719,0.13793947138724647
-0.7055092904605037,0.08492169461468009
-0.7075377847033483,0.08920379291849391
-0.7046590802572845,0.0927792403447719
-0.7031159473692198,0.1237849775738303
-0.7180673847513099,0.0944293209229653
-0.7138570897592477,0.09479631303218299
-0.6909400293825473,0.14800066186915287
-0.6947486106438359,0.10347738861216949
-0.707325338518607,0.10656736995416367
-0.6947404054240759,0.14578744288212597
-0.7043343936728282,0.10753454449013751
-0.7014828387655402,0.10357394376286301
-0.7066430211321271,0.11453092589000363
-0.7147217522046764,0.07847088765632318
-0.7057944218868448,0.11865858328103022
-0.7034944519357347,0.08926111004358686
-0.7119848430123208,0.10215607042511932
-0.7031622196896253,0.11249796704297485
-0.6996890743885741,0.11880964835870148
-0.7111224937963901,0.112884747839581
-0.6944908125312971,0.11242856918700572
-0.7025951004140029,0.08836570666877867
-0.6890108427897044,0.14771588371140776
-0.6909938816129076,0.13980346491927303
-0.7037093964144846,0.10391847833753058
-0.7043399340400556,0.08071214960159419
-0.7085789667365548,0.09754903588452028
-0.6949596355913589,0.13740768691764785
-0.7005079757852383,0.10311899193791384
-0.7056884532744059,0.12186310144366089
-0.7100887922537179,0.0807767222776848
-0.7020970607819919,0.11177505806677747
-0.7116884194018122,0.08124581805579774
-0.7106349915481925,0.10607900880498199
-0.6931885396963341,0.1470805623499112
-0.7117060402079274,0.10411236106451875
-0.7049875091204242,0.09890555458352952
-0.6949315827691542,0.12308567058878295
-0.7076300739064101,0.12191909921914543
-0.6947636020396877,0.11612752807328143
-0.7016824055395212,0.0921593722085627
-0.6979753044177802,0.11975137383362791
-0.6947286861125326,0.10714872826844964
-0.7021612970243456,0.10579316706550311
-0.6989875168171377,0.1350520408162151
-0.6965119434829243,0.13725880551879172
-0.7098195599406117,0.10911199367299633
-0.700899466597858,0.12733055188603437
-0.7072107682270362,0.1164244532515893
-0.7030615448791366,0.10289400557015553
-0.6853488786797498,0.14529770839954412
-0.7064683854014459,0.0900877237874185
-0.7044831787154633,0.12300779294168859
-0.706304080392187,0.12324984239940977
-0.7038232536022342,0.11171747000415841
-0.6976078551729341,0.11974872028837208
-0.6917202569398779,0.12475985327652424
-0.6914034915867365,0.14438556227081076
-0.7105746053932903,0.07641537626901655
-0.69508570958755,0.12648494774896155
-0.7102640934062786,0.10154684217652152
-0.7113399822513666,0.08727376269823643
-0.7062756294408146,0.10565966546765566
-0.7152614670297779,0.07300128877389879
-0.7026396525531986,0.09465918918811839
-0.7043337629974464,0.10464250072646668
-0.7097684174245502,0.096104913125371
-0.6910704669219787,0.13487981417112696
-0.7118730412498603,0.0914416683578926
-0.6955157030017162,0.11559148840794753
-0.6994238215520229,0.10415586643834852
-0.6982016825371264,0.11432033391263736
-0.6922347580593866,0.13439844117037933
-0.7068895085000039,0.08395916767146781
-0.6953554138285207,0.1163705613732577
-0.7048195393392436,0.11594727834076471
-0.7042474812753252,0.10331393095260445
-0.708446709042649,0.10363184593386454
-0.7057033535865067,0.12070256572403354
-0.6939998007857172,0.11677328127261016
-0.7003619913696925,0.11335805176541526
-0.7037869859877464,0.10376353820369712
-0.7043103135269377,0.08468531005434791
-0.7033323026345574,0.10739178855278164
-0.7132993993158449,0.10621842010307143
-0.6936178874701618,0.12091843901555514
-0.708602219849385,0.10106495861592293
-0.7043186489037091,0.09866801172269214
-0.7161186065380294,0.07061133072251845
-0.6928064156267295,0.13843032641871714
-0.7074276233969795,0.11715045226369666
-0.7155389689859764,0.08562151277280125
-0.7089631254071419,0.08750463766452443
-0.7089887429842566,0.10462132576680785
-0.6968196397329415,0.14049279462754605
-0.7044801725582668,0.11682571640897955
-0.7012981269040549,0.1025281405274384
-0.68917401567532,0.12987568805575286
-0.7051208025765819,0.11633909095624277
-0.7138108635374982,0.0855456268019077
-0.7078190471305013,0.09280694854553782
-0.7046452590037103,0.09685970348417525
-0.6973107652260307,0.11220336451875146
-0.7038641624368523,0.12811397024413532
-0.7146940158054851,0.08390731265788773
-0.6930892486979844,0.11584823058254844
-0.7003782572500251,0.11147089509957095
-0.690708854946042,0.1224885808910393
-0.70581883960828,0.09625241153725124
-0.6945992802230403,0.13622272640613367
-0.7123035132769934,0.08614084853870821
-0.7066237332492064,0.11293402120860063
-0.7087776435693862,0.09254532008501777
-0.7042978394912016,0.1035138837093011
-0.7158055277361466,0.0741448072870238
-0.7001663488415227,0.11837731367079812
-0.6983669490036379,0.11097269972513686
-0.7046107812569189,0.09718130040329243
-0.7195117708590465,0.06947140236828817
-0.7205805562754068,0.08469949707734946
-0.7169751433920412,0.087598152636651
-0.7078030149830296,0.09184693149584673
-0.6999413943175764,0.11943796243120153
-0.6937031818777949,0.12218231943624219
-0.7138090644724364,0.09098496629990323
-0.7064628123934429,0.08796665267611399
-0.7030288122580334,0.1179568505081995
-0.6999299776280908,0.10597211894891295
-0.7159313611733416,0.09357800261641147
-0.7099748584512361,0.09633110842871621
-0.7088630411459779,0.09167146724043229
-0.7104049531846025,0.1138026943978003
-0.7089780915889001,0.10897329989618734
-0.7037857587869927,0.10893016657136383
-0.7112886288857917,0.09166036760650602
-0.7095074408117451,0.10691580280363967
-0.708729254023287,0.09396158429626655
-0.7001610342094475,0.10794941325287766
-0.7135780494063297,0.07616183080623146
-0.6913901974254536,0.12511477237816096
-0.7108093734132642,0.09225272859355385
-0.6919706248782372,0.12873228548820634
-0.7169660512454845,0.08833014570851042
-0.7118886291099654,0.10242061559280956
-0.7051359059743745,0.09474815074298842
-0.7171781469278061,0.07651839097327066
-0.7074507402552979,0.10098560006975521
-0.6960501724836664,0.12899903932724535
-0.7048783268584228,0.11864830333892057
-0.6882173473768175,0.14656252003563697
-0.7019155748521035,0.08680525084892145
-0.7067902409967773,0.11070517798724691
-0.7031727959979001,0.12178145199523108
-0.7116961807699455,0.09525331166222799
-0.7043469405793921,0.1049650502534939
-0.7137702804091308,0.099357536162692
-0.7096759494629028,0.09804919602755398
-0.6974349500988162,0.1175654610717512
-0.7078040987174737,0.09872039279575674
-0.7036417638198138,0.09130462252047454
-0.7055381220275079,0.1311434653069174
-0.7011849961715099,0.13369200733027792
-0.6958950291502333,0.12261188848817356
-0.6946961456431215,0.10790919923541427
-0.6953939631680017,0.1337555797060417
-0.7119913735023337,0.10733284839120329
-0.7096349811305417,0.0927627684155553
-0.705210978358676,0.11114739996885713
-0.6960681221193329,0.13223802649309765
-0.7000487265580757,0.09566645411877539
-0.6958993208959209,0.13777110610172483
-0.6863377098678091,0.1403245366027209
-0.7011398120492399,0.10617290944574072
-0.6987400782229231,0.1283595125947556
-0.7042144704762962,0.10322729034452077
-0.6981470775105317,0.11902592999131363
-0.7030312512095017,0.08949794111748195
-0.7176657130444708,0.07577316344207871
-0.7008113011658369,0.1082832949825165
-0.7045911820299106,0.12554789242411216
-0.7052454292647553,0.1032977762454833
-0.7052817625024599,0.1263812407169671
-0.699203988246023,0.09700507862873091
-0.7042057792723773,0.10748616039454052
-0.6996158219214809,0.10932672663116631
-0.6904223278718538,0.11700537460456208
-0.6970771130625782,0.11119564148405234
-0.6960117417527428,0.10672257964967645
-0.7187527520433097,0.062368273086079826
-0.6916564070927763,0.13477708848361614
-0.6997297174488594,0.10422069143423032
-0.7167244899455426,0.09119165429480096
-0.7028421317609312,0.09847356073978844
-0.6841390307528102,0.13379577616148383
-0.6997224052001729,0.1066621733426203
-0.6916465342899206,0.13760754821672294
-0.7032584732267343,0.10867657672562686
-0.701214828788458,0.1201516527452291
-0.7070506100309054,0.08873594040268686
-0.713690223764644,0.08872371440539534
-0.6998221564675637,0.11283470021739594
-0.7160121035766791,0.06549423197551825
-0.7043694723155073,0.13006497132074998
-0.6970239307671477,0.11233047212334689
-0.7129355914004647,0.0871595497279629
-0.6975486055118729,0.12252840053697239
-0.6972835587674989,0.1294064696359799
-0.7057541739202897,0.09896803444521012
-0.6991306297751303,0.10386654225319322
-0.6936709687116613,0.13040344087527161
-0.7012758085361569,0.12243593169256452
-0.69377425922405,0.11680946080474715
-0.7141790895965956,0.08455458094198041
-0.7045251922362774,0.0926717269063951
-0.7050441575048049,0.10733597951504262
-0.690922731457426,0.14319581066923576
-0.7004752330311587,0.12034370039746554
-0.6997669536071026,0.11460976398311862
-0.7017397430420579,0.0974113381295762
-0.7176597150146532,0.0745712455574802
-0.6960328243472199,0.1348884216020799
-0.6941976183048583,0.1267850788874182
-0.6852269836509399,0.12885580175205094
-0.701930696883911,0.08622593299180502
-0.7129537835891578,0.1060855684381027
-0.7066938249122889,0.09758574594247156
-0.7017320775878327,0.12212422773841092
-0.6979670087315364,0.10658075563182397
-0.7167062945172726,0.09105548750779618
-0.7072682843961929,0.07552230790460401
-0.6976667591715504,0.10721363281840285
-0.7000260869741972,0.12529128004115084
-0.7004039541414844,0.13380080491559526
-0.6924917745267396,0.13981237841689617
-0.7155270388554837,0.07220959458416132
-0.7011051766166024,0.09675323867697219
-0.7005477503828699,0.11201918036221228
-0.6856699398201686,0.133322690756057
-0.7121870582183392,0.07550463834247065
-0.7133916031996123,0.07056176333091596
-0.6887942386357352,0.13074592896087225
-0.704526640103755,0.10298425683879509
-0.6978983097471485,0.1190827746654048
-0.6952756672384554,0.12102796146638453
-0.7134163418216125,0.07937143486765547
-0.6870597819577674,0.1393765386779503
-0.7029798069498595,0.09473988442772721
-0.6996828240508048,0.11909463243148123
-0.6886899445330803,0.13184386495065142
-0.7037755023191351,0.093554686730563
-0.6904310509819572,0.11747493216975137
-0.7009713541967407,0.11115515597656511
-0.6975166632769558,0.13599313538665367
-0.711147558880712,0.10021992729234669
-0.695976136962831,0.12943450704032727
-0.6967856292212505,0.12331969283300727
-0.6870464915445603,0.13098232201393775
-0.6997932321604077,0.13644584607856536
-0.6883404207235924,0.1235342494502183
-0.7170168402803453,0.08416643460678865
-0.6928842025442431,0.1194287756124914
-0.6958157173470042,0.13585826636065
-0.7173472223524174,0.07445213890380623
-0.6995862773442307,0.10541187835919619
-0.7198170035438141,0.07727002047530555
-0.7055570176199842,0.102382349522655
-0.701753253179403,0.12467374374288914
-0.7011300690603064,0.1327734700706389
-0.7105292487603677,0.11283837996008655
-0.6916773764150415,0.1287322103198667
-0.7044906457991804,0.09226403819947648
-0.70473414285735,0.11757830359289763
-0.7063781014981096,0.11188851963202813
-0.6982302502359665,0.11636715602620969
-0.7056021335677638,0.11418617985060867
-0.7039356518388887,0.09107248379603493
-0.712916534269305,0.08560876495283268
-0.6904102658617508,0.1278770309223022
-0.6957583006674143,0.13536506116665617
-0.7016684759984622,0.12766261531762416
-0.7045200432267635,0.08832549723817751
-0.6919451002137827,0.12734238465800646
-0.7163983651946774,0.0875929093234644
-0.6977468273544485,0.11783040448553424
-0.690528217621374,0.13551655480481897
-0.6935894552432111,0.13002680677671766
-0.6974839264834829,0.11011956921506658
-0.6934550056042785,0.11803627546927303
-0.7081121474441743,0.08795855816221616
-0.7086806335536683,0.11731955584705585
-0.708531138837593,0.09158152290488761
-0.7177427408425207,0.07682251084519678
-0.6992363455324679,0.09542282388532417
-0.686784516046488,0.15057559030539389
-0.6871588975826385,0.14263944744769927
-0.701075509821781,0.11948429804786588
-0.7136833224097281,0.08296862046115439
-0.7029901672729376,0.11505886977104667
-0.7044967036626485,0.11032119147430457
-0.7082836916671704,0.1088480244309862
-0.6937317270083945,0.1312582218150202
-0.7086118240025577,0.09157598297537865
-0.712820282071135,0.08281970560253109
-0.6962174700771329,0.12514958166166543
-0.6920572331442228,0.11834207006534979
-0.6955464734219682,0.12459969609508359
-0.7047295419336489,0.10924907447008174
-0.7063568937456113,0.09207078325601051
-0.7024057282352738,0.09725800534427015
-0.7033484362549413,0.10992805221900505
-0.7026533090584736,0.12480823320847738
-0.7116595466523656,0.09254282390391133
-0.7001624788502177,0.10284771900669458
-0.6996352920553939,0.135497768091652
-0.7045905349743781,0.09293668749651265
-0.6930160581206481,0.13518150083372812
-0.702116444518458,0.11206116630270993
-0.6991739418334061,0.13087902272390695
-0.7024210348828135,0.08556749527196875
-0.7025013105413015,0.0986012731234265
-0.7121463914220371,0.07534024812836912
-0.7108314627663345,0.0769727877260049
-0.7050588294360265,0.11274234466923935
-0.6998813625097511,0.11748588532937923
-0.70656056559804,0.10949517994551713
-0.6952140879652681,0.13262366215327717
-0.6997765152196095,0.10799300269328656
-0.7026479221099646,0.12378416641002951
-0.7029105012475538,0.10382769086134461
-0.6848946773527312,0.13482616409288029
-0.7006742300280369,0.11137283904214851
-0.7090761566740397,0.0788775463862684
-0.7062980858338029,0.11085804010953743
-0.6988142222073831,0.10159727192825274
-0.6948007915473859,0.13416832735079962
-0.7137500053982254,0.10210645863270174
-0.7103313362266249,0.09969144071728141
-0.7076152028101977,0.08183776750177645
-0.6937145025829488,0.11279949283923839
-0.6991940223384742,0.11497466023125134
-0.7062277038297029,0.1211978178422724
-0.7091757248117012,0.09714576725576403
-0.7007995994198749,0.12942704986157658
-0.7004186818088999,0.10414642275850192
-0.7035292368915889,0.122745678958394
-0.706214162849964,0.10761337761012277
-0.7001106715725801,0.11576004477094307
-0.7039500302595227,0.10682272463216055
-0.7204469218852132,0.07719647068575913
-0.7091208883696613,0.10560402855247118
-0.6924529229396563,0.1404975657684467
-0.7074864426766663,0.1060296672868309
-0.6971981508239276,0.12379156510536478
-0.7011111556412993,0.12057095692184076
-0.6950649578733604,0.11928708004730391
-0.7044954627551074,0.11110425008709186
-0.6994451933858,0.10656749936197588
-0.6974348407352907,0.12883317510102774
-0.697382156059361,0.10528231824890252
-0.6914679235098321,0.11705859676638017
-0.7089201987178904,0.11049957998933936
-0.7005182868829085,0.09872052237324769
-0.6991071245968411,0.10710439059300421
-0.6951863128591411,0.10738223301259024
-0.6993172833874098,0.1390562175804422
-0.6912505477093832,0.1360821984219649
-0.714623852822386,0.0799265713934318
-0.7123288368932931,0.06916231704673408
-0.7106669698400316,0.10453882357763794
-0.7084299186642886,0.11872594422811826
-0.7015694651428707,0.10311976750611643
-0.6963977978590901,0.1337155734206834
-0.7088173861608443,0.11399436278880974
-0.699048949701971,0.0954598813450032
-0.7064358897045334,0.10063471365929054
-0.6953745846990806,0.10763537838951684
-0.6954875468048296,0.1236467543271971
-0.6998509193508745,0.12164799116692906
-0.6947049392377601,0.1433957766070477
-0.7069438744397581,0.12359816736778345
-0.7093674320181836,0.10310921395259987
-0.7074102487474798,0.08799794053808865
-0.7031870896150538,0.09267845805909493
-0.7084649772408217,0.10020534393853897
-0.6950403252605819,0.11404659038675993
-0.6993457117857831,0.11850348572896507
-0.6943022276390717,0.12621782860452058
-0.6954005083967448,0.131244660155873
-0.7110933707443915,0.09374477488076463
-0.7137009800718198,0.0888861967793127
-0.6937308133763526,0.13001300664160073
-0.7007414158929635,0.12424946230584172
-0.6979934927570214,0.10860601464334044
-0.7003717565835558,0.10013393566268998
-0.706110456847137,0.08632305326120457
-0.6995225337273124,0.12453598064036973
-0.7000424248657091,0.12414401576751476
-0.6842915409999861,0.14606990731900873
-0.7070319550988535,0.1067652465814137
-0.7071731937034345,0.11597281160692637
-0.7030196039590748,0.10807312947275038
-0.7035059135431987,0.101974239807572
-0.7059307761771831,0.10738123213693007
-0.6955052902976571,0.1268801361093888
-0.7071086470877795,0.09988496406626914
-0.7053705940491543,0.12880911652342097
-0.6984547949455346,0.12217967423336025
-0.7065332551931592,0.12529051121718995
-0.7146525046773675,0.07429746171202772
-0.7131173557563125,0.08093859795506476
-0.6965495200477198,0.11063562981719349
-0.7098093477199119,0.09119871783471974
-0.7076027486288656,0.09044658960157467
-0.68599081002366,0.12898871189906888
-0.7128859833584917,0.09171954470630009
-0.7122475215696404,0.07346790339131279
-0.7099694243800413,0.10122366886021841
-0.7035784472381661,0.1167630234627224
-0.7102304429871181,0.07867426007660552
-0.7129981827168491,0.09735084653939004
-0.7016785928820938,0.10894845635761448
-0.6928446212650251,0.1185034480030411
-0.70847194935474,0.0974565549368604
-0.7088462984299203,0.11367316199458528
-0.7026106230912861,0.12359735801587665
-0.6986132670876083,0.09843236913155809
-0.71084404050731,0.10659845456139354
-0.704286927491022,0.1065348098351395
-0.6960674819390663,0.12704066166521802
-0.7091704665902077,0.10282918120516338
-0.6936626533075192,0.14407468223397107
-0.7021885066867121,0.11182086970552413
-0.7108837106167831,0.10351361564438266
-0.6958480848738003,0.14049132326946973
-0.7055812739849707,0.09339266100359346
-0.6950764715688341,0.13228741075459494
-0.702419190405091,0.11075093690620352
-0.7015112084572982,0.11090206174416307
-0.7086471584220579,0.11924971690069872
-0.7068970808319435,0.11572926451933628
-0.7110090256929534,0.10568668735274275
-0.7033691576059866,0.0981326995886491
-0.7081864611348538,0.09433080981331018
-0.7118266912280864,0.09750811154881917
-0.7131589837838775,0.09024363024677604
-0.7020245854490664,0.09711274205457693
-0.6957262716431903,0.10381496672523108
-0.6956548315392058,0.11872408276615283
-0.7018432437992658,0.09747971158072746
-0.7147571877022783,0.08703471142182216
-0.6953582217737092,0.11997908057834766
-0.7116107745542767,0.0730749962508287
-0.6926043631481827,0.11491436106951561
-0.7042023430218259,0.12972733547531817
-0.7107436502196465,0.09786312652569355
-0.7022403483035218,0.11558946238146972
-0.7113152729909641,0.0852854502707614
-0.7000944786566189,0.12716200892232885
-0.7017244514336964,0.1015255086761059
-0.7008980595023422,0.09510042779215291
-0.7029667484122271,0.1294992553117968
-0.6841713419008411,0.1381728626862724
-0.697163705282753,0.1210420128734461
-0.7194238821335344,0.06613658398621675
-0.6922748418279093,0.12852622549099096
-0.7042381701720493,0.09252536342928881
-0.7085497666344628,0.10030542998228886
-0.7169049733230062,0.08650705851089494
-0.6991434786357655,0.10353679730365958
-0.6876520775483657,0.12645507989194718
-0.6915379397416603,0.15239840526116383
-0.7040428693887449,0.09264782676937022
-0.6917231924296964,0.1299226769425609
-0.7037414623606341,0.13629081750692051
-0.703219892349415,0.11151258316791768
-0.7139095696074691,0.08303464551281456
-0.7137285750766639,0.08063829863057906
-0.6999195427358863,0.1210235590063614
-0.7002035873963214,0.11480581712067363
-0.7018960234864229,0.12172180557635333
-0.7109479999216419,0.09502374334632496
-0.6876635889434782,0.1370815554494781
-0.7000651232595688,0.10001728378858628
-0.6958215554952165,0.1208914123851541
-0.7166994161433864,0.07921869612423361
-0.7056051529446931,0.09988008586647565
-0.6943317378912911,0.11128805874124441
-0.6980649353961861,0.12841090206860675
-0.7115332492733856,0.0832430216840124
-0.71176943834508,0.11346575114273594
-0.701001431620161,0.10887708783045359
-0.69278474684583,0.12431294987107114
-0.7120378896810642,0.08661414207273548
-0.6978200456557774,0.12943506536298113
-0.707666171784103,0.11972460137441696
-0.7037139837056948,0.11092595392490157
-0.7053777505399533,0.10418425281277457
-0.7106140984366843,0.0970935192345974
-0.7091158268005818,0.09129829401513502
-0.6993133659988281,0.13956245994094937
-0.7082160488422411,0.09424335565588811
-0.7107535916750279,0.0913798302954878
-0.7054703098567647,0.1030262447684185
-0.7051185908915134,0.12761861828373816
-0.7046510608636799,0.11612759312481023
-0.7032746911815895,0.11043782639644933
-0.6930700416189837,0.12237424132840743
-0.6909189713442446,0.1441455106488837
-0.7000805289212784,0.10964628016839194
-0.712315545335513,0.09090469167404494
-0.698823282496561,0.12958837007080812
-0.7036221808630223,0.10686077437232244
-0.708707298547427,0.11739578061293791
-0.6913456995931161,0.1280722806615712
-0.7115619522349598,0.09627103492780069
-0.7096770597623039,0.07715515870486013
-0.7000810235625168,0.12535673405355122
-0.6986379791543248,0.1282193941971504
-0.699612793283805,0.12984950631182554
-0.7043365835284295,0.10850313883010866
-0.7087897245380822,0.09762969568834984
-0.6894591003972562,0.1384091420942026
-0.7030518667220077,0.11885897247182062
-0.7001401219231004,0.10058220723574288
-0.704676607280114,0.1016304167551446
-0.7002714215890317,0.11831065388079316
-0.7119549087819634,0.10887408666134624
-0.7152398877931245,0.09040113869633498
-0.7034774200161085,0.12016640245132183
-0.7095802345267234,0.09787146563384934
-0.6888420909445129,0.12977965741339223
-0.6911864950786836,0.1311100741697858
-0.6959470571674432,0.1277316837370401
-0.7090857076249673,0.09403247991860071
-0.7039385379617147,0.10160201149983736
-0.7094058076992295,0.10622423771786099
-0.6921329511734716,0.1303607404513494
-0.6981434861839902,0.10353980267574783
-0.6972269342270476,0.11852728461040042
-0.6940302506436767,0.1360866758256592
-0.7030706893426124,0.10392717120075504
-0.7071212987434524,0.1258339702199913
-0.6972317021532689,0.13413614130052445
-0.7038594085610714,0.0977817482260332
-0.7056207917212656,0.11247577924914838
-0.699064467358181,0.11667030930277034
-0.7005732186494726,0.12794755347565873
-0.688010241465256,0.14212886540810898
-0.6953860322504496,0.11739286588615647
-0.7047328827679984,0.10707024467962169
-0.7080033225540856,0.0910504493163488
-0.7133277465415233,0.0878063652671762
-0.7020729570701763,0.12711274242564427
-0.7135252084414869,0.0929545145619174
-0.7017201228333335,0.10213239270549516
-0.7098534539659948,0.10599273135930008
-0.7189216415299652,0.08496923150338342
-0.6898319328665373,0.12176763201963034
-0.6939426761608294,0.124663853601043
-0.7143180763456455,0.10601679146973847
-0.7059303497517601,0.10206930529740686
-0.70594434561687,0.09830294590450778
-0.7126218815239335,0.09400700001050798
-0.7120246160731769,0.1073344027642807
-0.7097937167605294,0.08052231289684127
-0.7028538420805198,0.0918746190420158
-0.697003536585824,0.13102589528004713
-0.6881599443728772,0.12292713852014092
-0.7035636752185636,0.10293031114172431
-0.7047756217709342,0.09958456966940679
-0.6944585264304646,0.12920272544191239
-0.6908630144795908,0.14355499231206356
-0.6917116953232004,0.1135212509816325
-0.7176262152111367,0.07596114757064586
-0.7070497579754097,0.09960189417988344
-0.6996570515402301,0.12518045017443494
-0.7131553451220954,0.09566827323365229
-0.6908472343060382,0.12233970050349206
-0.6986270325234127,0.10225564315517191
-0.709994710772875,0.08066016278570351
-0.70833101025314,0.12199564288905758
-0.6962922739030166,0.13392841709585657
-0.6980116702212247,0.10014816548867657
-0.6995939839520611,0.09616378566616933
-0.7053162213046898,0.11276564964136461
-0.7106760190311892,0.08900875885952236
-0.7067776499226335,0.10775072532069258
-0.6960806637254383,0.13459254001193996
-0.6999063173738693,0.09966833832330843
-0.7067597924684601,0.08352159012477643
-0.7119481854106303,0.11093780078421896
-0.7074710730173456,0.081817828437841
-0.705573600300422,0.09682091213605813
-0.6994299401447291,0.09630755364086413
-0.7083626720009234,0.0908719600316718
-0.6982855331877448,0.09986912254002239
-0.7112130339397368,0.08620093008564751
-0.7041548059056951,0.1034079234893489
-0.6992956220141655,0.1385709475965025
-0.7018919130276701,0.08943838682608593
-0.6990332368561618,0.12414178319272756
-0.694758989357343,0.12261161292170103
-0.6980813762058778,0.11903399949252985
-0.6988343255530166,0.12029364613781171
-0.7072166750474558,0.10939944107633712
-0.6950050342719434,0.14328202165922763
-0.6986881049685502,0.11486676020256349
-0.7064733922325539,0.08295089944996814
-0.7012167152974264,0.11483344339928378
-0.6972108423322599,0.12456833213618057
-0.7125862675130092,0.11042663095375593
-0.697019417416888,0.12238120621954356
-0.6993965610532238,0.13136797198390476
-0.7014753865225397,0.10997327585140926
-0.712369084527945,0.08637772689837467
-0.7038170047479703,0.08825390819430934
-0.6917914956370115,0.120441146015922
-0.6952781956605943,0.12889132806085282
-0.6998834014827757,0.12358981964448333
-0.6981608446570268,0.1206876736503623
-0.7012115610950069,0.0917148628554374
-0.703761666985037,0.09564545243254365
-0.6967176222272786,0.11727337380642627
-0.7046246046543444,0.1000272048598559
-0.6947645864352371,0.12234907018760563
-0.6972361941174184,0.10478832785336194
-0.68476813375579,0.1355012992313875
-0.7014588138463242,0.13174306259422738
-0.69486761782192,0.14045146529048477
-0.7034077021660927,0.10164780696130955
-0.7017348906910483,0.1343965016993644
-0.7100094785402127,0.11313336171926343
-0.7052831971532956,0.11059412513703602
-0.7017591357231854,0.09382063207328938
-0.7009345385903603,0.12540571287354732
-0.7150901799473074,0.0728643970830618
-0.7126053426585643,0.08609392917022435
-0.7010830209293202,0.10115566174913124
-0.713037239924006,0.08732760993972455
-0.7063981713259724,0.0827272405217876
-0.704869436541117,0.10203155041663699
-0.7034275306489101,0.11456725899594528
-0.6954158283818185,0.13982018472533747
-0.6886258336282279,0.14894395784052228
-0.6961998602467436,0.1076404711633457
-0.6919971245410629,0.14077592931155053
-0.6932540820212704,0.1162040362838889
-0.7174394421398386,0.08296888179382467
-0.7030744013854139,0.10269174678047176
-0.6953952998133642,0.13889585682087555
-0.7170383670406301,0.07490210681725762
-0.7045739966960829,0.09729251350241841
-0.6873271694978724,0.1352689716057598
-0.7109484717900443,0.08141985014354783
-0.7050720363932593,0.11172113362092723
-0.6991614392766027,0.14136207612045928
-0.7098563778972949,0.08876960662597906
-0.7075282592879352,0.08260643065457692
-0.7003948574823055,0.10237970980383973
-0.7048522035957883,0.11490606827453896
-0.6963591882199589,0.13862595680171966
-0.6906480136477716,0.11869282302912948
-0.6940928841586675,0.13736181761089838
-0.6909871334594053,0.12215686789936232
-0.6965654739584048,0.11121294031880277
-0.6974614105671084,0.11388885285654443
-0.713808804996324,0.08269773091434475
-0.695993092207937,0.13510071640757293
-0.6924973808210362,0.12070020211687878
-0.6932559593752237,0.13461684260128004
-0.7078598852704439,0.10178469840184359
-0.7043589531109092,0.11089684090516211
-0.6878633418272654,0.1448512844121102
-0.691189767082478,0.13842459127807377
-0.7043780426456148,0.10563364710325972
-0.6967699234708612,0.13175979635793628
-0.7101130639599996,0.08104899116519447
-0.7046027083079266,0.11726643376746787
-0.7099215141379009,0.08099985888197546
-0.7034528140953281,0.12869707717006765
-0.7078047518538908,0.10333313065956935
-0.7084452095634213,0.10940283411450615
-0.7059476857860291,0.0971137440851509
-0.7093241040012462,0.11593305130664723
-0.6989639283983712,0.11168072798958792
-0.715529465968797,0.08758255397461076
-0.6890158632773006,0.15211104121711108
-0.7001185702370467,0.11039138009488496
-0.712418695816801,0.09168679884898864
-0.703161646081927,0.09907491046725712
-0.6905864889738746,0.1497969975304809
-0.7129365308736727,0.09319988768753312
-0.7145933765301898,0.08630509013500241
-0.7133853006286461,0.08421371574063956
-0.7016454873610353,0.1312404988701961
-0.6966080506669265,0.11721932939425608
-0.7000109827810208,0.11101251170710989
-0.7016896027206172,0.11473432417828953
-0.7048147138926432,0.09953343336598074
-0.7006086994454147,0.10827759129748754
-0.7093914898181076,0.1003905092355539
-0.692222266494025,0.13733185065782777
-0.7048541051503738,0.09024786265043941
-0.7090224158113841,0.11449176615278338
-0.7086542415871855,0.09985255833725556
-0.713262511972574,0.08228115214711691
-0.7035170936179764,0.09393211869256592
-0.696899855158961,0.1284713416784568
-0.705745045548639,0.09976339101317766
-0.6982551497583488,0.11586421278316807
-0.705576228855357,0.10203865136845516
-0.705090310005041,0.10776165478334683
-0.7059071090050605,0.10025886674123267
-0.7057153574648035,0.09321801682413884
-0.7067452279229436,0.10703535966718272
-0.7003910885772646,0.11840331150422752
-0.7014825023651502,0.11170130718206595
-0.7039451807922515,0.10120733939787938
-0.7021089611758651,0.10463932248019829
-0.6968062900796577,0.1357501176702759
-0.6903391726227635,0.12188259336212313
-0.6998777168883185,0.11646852275948744
-0.7119574725050541,0.0759028551902903
-0.6992305187852861,0.10474078527175679
-0.7133586224985716,0.0991223728883539
-0.7178228837790243,0.07607346814943383
-0.6903349154706996,0.11938886424503792
-0.7099253040804026,0.09288124458572111
-0.7065314262994763,0.10384099386973246
-0.7031832999394012,0.10746456364445403
-0.698640485095805,0.10881173412056983
-0.6991715274574976,0.09507368371314222
-0.6936189589777917,0.11242814570495537
-0.6950608181466794,0.11602043732428141
-0.6929081811114677,0.13610488325405168
-0.7148939830836266,0.08215160776062193
-0.7185953657862484,0.07803484713678076
-0.7150692432760903,0.09578413235385683
-0.6972511693083029,0.12298202537025478
-0.7026519821627055,0.11674631594259813
-0.7063845264280824,0.0981357166155193
-0.7012818312005732,0.12103243645724472
-0.7072055381836506,0.1060529403473324
-0.6972587933963922,0.11660268172658728
-0.7131090953445862,0.09086774689164373
-0.7063387221857592,0.11116855000187946
-0.7026444027136125,0.1291948706424267
-0.7000704942297918,0.10436435353027182
-0.7027918268638418,0.12008064463396428
-0.7083570160429452,0.10242868591607061
-0.6907555594018767,0.12685945901855716
-0.7024624357187111,0.10805047483927088
-0.6955836535048577,0.11301266253975416
-0.7079927082224816,0.09739523569443051
-0.7182055704152341,0.07848940258694571
-0.7026380802584998,0.12462267092849084
-0.7088692098921968,0.09178595162624881
-0.7013972158394844,0.10658219126304788
-0.7047902294257208,0.0982950790704213
-0.7117578487333712,0.10250826213019405
-0.7075757944621707,0.08559420283785943
-0.7116694782966314,0.09202529754211934
-0.6953265541411234,0.12758861709124059
-0.7017991045252842,0.10141528478680902
-0.6939334340286633,0.131314061764906
-0.6958535910566691,0.11544406729323146
-0.6907136913240943,0.12661746148848776
-0.7116401751160288,0.10182691006135612
-0.711908927113908,0.11127144994539631
-0.6982508888388399,0.10114036558663361
-0.7065838862036317,0.09643076442828918
-0.6990300812040516,0.11266422162928383
-0.689724808117537,0.12778543797059613
-0.7128086984410874,0.08924249567271227
-0.698330015102874,0.1265048113890414
-0.7022711468842862,0.11256079597250924
-0.6837948609136353,0.13872731482406672
-0.7081189720862169,0.10406962763010658
-0.7106605982410468,0.09402812064796826
-0.6932468105419753,0.1408497963165413
-0.7006585482830595,0.11223184973125723
-0.7152274318939601,0.0750696277212907
-0.7086146031961463,0.11108603106610539
-0.6869525634636856,0.13946043991199725
-0.7120555848778776,0.10986037006671429
-0.702996644620086,0.12125791017504345
-0.70406433756225,0.09475643340947353
-0.7109242834872436,0.09458061979743888
-0.6938939269568245,0.12814468106985186
-0.709603978902169,0.10375463878087433
-0.7074741591013506,0.0973827920484005
-0.6891129316631582,0.1184311506160509
-0.690295653378621,0.1449378805325692
-0.7047934656499892,0.1266629353106142
-0.6890752661800124,0.12428669783224272
-0.7071349954211147,0.09983937776698515
-0.7020427294549656,0.10862159162472407
-0.70603965254624,0.11573839637048446
-0.7006355131840113,0.11859502725356869
-0.7090703483584623,0.10291864659396983
-0.7104080627928258,0.09980291716515086
-0.6871586934167899,0.14740665519128276
-0.7115007016247508,0.07891387773248865
-0.6902037240044517,0.11610333012552276
-0.6971844740792718,0.11231579878934093
-0.6909655987294757,0.13591672026834628
-0.6976624850769683,0.1317283353514179
-0.7090713606957723,0.09061348032807988
-0.704652479711867,0.09972475672294785
-0.7152149084406353,0.08221601265296186
-0.7044604452182818,0.09352120967615962
-0.7010457073813791,0.11865796218119397
-0.702164077218316,0.10246783349063937
-0.7002908228650819,0.1013254463782155
-0.7044155196488802,0.11737748788036544
-0.6912767560502291,0.1284020591901409
-0.6831660942921641,0.13753156023605376
-0.7107417178607681,0.09528747039023432
-0.6871909294579104,0.12455250101007094
-0.7065592899651673,0.10653295080683543
-0.7044991509606806,0.08504988170623132
-0.7196330952558708,0.06684586030521328
-0.7056704096769798,0.11674082102313003
-0.7032495084161704,0.1088045813431887
-0.6951033926702592,0.12717698047396517
-0.6991795805299551,0.10680906042815808
-0.6922118510181728,0.12631133517142962
-0.7011222023624076,0.1369006986059237
-0.7031813131208321,0.1083768552172886
-0.6979454794661505,0.1143406625557067
-0.6970136822029069,0.10412740813365096
-0.7060024655062517,0.08262690177725181
-0.6915750628499135,0.1407192146608779
-0.7063716400577806,0.11859820124103898
-0.6979073665686382,0.10740117006909249
-0.6962082879257565,0.1307850600073418
-0.710570026723695,0.08426447525356176
-0.7113186018522039,0.09094228064566791
-0.7003631620114212,0.11835353061332447
-0.7088359252406534,0.11198630338473217
-0.7149536565861855,0.08077443774926427
-0.6968560640866416,0.12144341824594068
-0.7133354730851483,0.09587268374400144
-0.698231452293553,0.10943703017210149
-0.6981130297309539,0.10681686677547553
-0.7005308055943692,0.11440271240839162
-0.7014005308716783,0.10297854328328679
-0.6978544592008487,0.11158359017465548
-0.7010763470265097,0.10358382404640042
-0.6961658904578167,0.14073680102053612
-0.699530478005986,0.099064267295754
-0.6985866487732109,0.10420620260801447
-0.6985995112837491,0.13250286575502862
-0.6890809016686988,0.1293126727619218
-0.7127008396494221,0.09494188065460504
-0.7125430331565604,0.07394472852254975
-0.6972179805991147,0.1223217133212663
-0.7022843264303117,0.11223236373075078
-0.7165950367307411,0.07355002191903202
-0.6922800585545472,0.1175528538959962
-0.6934178128489857,0.1258389534395585
-0.7190244347675503,0.07864261649425304
-0.7010924490665983,0.11703694077323923
-0.7099991521566439,0.08391316606254183
-0.7176590358408255,0.08937221504406771
-0.6905818451474505,0.12589937760714523
-0.7085837378073909,0.09711345746905581
-0.7122443913190184,0.08914248386286402
-0.7173290370767232,0.08873051290267314
-0.7020572876217315,0.11176586216472283
-0.6937584625791074,0.1254294670222502
-0.7057038453799869,0.12439176595411976
-0.7064876159886551,0.10085626246672745
-0.7047279736311879,0.09327516295863628
-0.6891122914550117,0.12923521814153402
-0.7047968543073779,0.09409140405382029
-0.7112855401205996,0.0911834612603908
-0.7010323362462878,0.09325174846179626
-0.6949159874006622,0.1287663110986777
-0.7006416083764483,0.12250973539128072
-0.7074974097624216,0.11723121486053746
-0.7026521960970812,0.10272179187450607
-0.7084887030056823,0.09162870426712866
-0.7055081167056187,0.09446068230220643
-0.7122190055336975,0.10860327573233729
-0.6959660575723868,0.11903841167764402
-0.7138400274512271,0.07546593486004118
-0.6929347113186435,0.12639381511769363
-0.6892806880578733,0.14276599174409818
-0.6966430021258331,0.13319441685195862
-0.6984079947902955,0.12694416281698231
-0.6949181878365007,0.13679928876490538
-0.6920715258953427,0.13084424707399403
-0.6858987319050331,0.13914507372882967
-0.6959206499532187,0.1214279653882294
-0.7134152713327828,0.09860472059664271
-0.6941175032018915,0.11203068422092685
-0.7099553662860517,0.08916408432635627
-0.6948965868872811,0.11187972967375667
-0.7103639706993701,0.10848702833055121
-0.6860970475726614,0.13938724750388698
-0.7039010980182008,0.10253942289518439
-0.7098978164112939,0.0978121810781996
-0.6867156167332402,0.12778101230740926
-0.6994467389126912,0.11887076584451278
-0.6895555409738934,0.15005006115004735
-0.7112433741741887,0.079036509233574
-0.7174744853206431,0.07568301575509229
-0.6992232962578914,0.1262861357365131
-0.7051083231361839,0.09054654823772602
-0.7116745797057129,0.0885282127761876
-0.6990113704774358,0.12382949765015097
-0.717446011830181,0.07550853454332607
-0.7097015950851345,0.09809409224095382
-0.7161050107549843,0.07923060182230032
-0.6986234895343706,0.1127487977463822
-0.712691459945611,0.07325227845043034
-0.7146596427253084,0.07731682020417888
-0.6997980997422781,0.1049954882404888
-0.7094422194300333,0.0737971209031873
-0.7042864919745093,0.08721559682224013
-0.6945977227392948,0.13343544364985344
-0.6949903006388898,0.10609742323663714
-0.7139213605455004,0.08708408289986344
-0.7147916214496456,0.10162307202547535
-0.7083079349944768,0.11554584167965569
-0.7114272114933522,0.10487937363875807
-0.7169107730601934,0.08202597233989546
-0.7095704483398982,0.1154251018760896
-0.6939992549869838,0.12251468346994135
-0.7037976682186532,0.12963225595235361
-0.6986785158773878,0.11209758351994047
-0.6952332282201056,0.1381665842500616
-0.7079840731592569,0.09025875555779442
-0.7023994690781906,0.11187151803105053
-0.6920373332525327,0.1133855708131914
-0.7065008142920625,0.0959814643086769
-0.687306303509172,0.1448285756053391
-0.7058976608893196,0.10294825086367435
-0.7052644223089619,0.10352582092755773
-0.7117971640263604,0.10239256684340833
-0.7001933898490265,0.13001633811685775
-0.6992745650716854,0.11301360834175869
-0.7005111084238651,0.1297158524323671
-0.70662792861942,0.10945097145136516
-0.6903064551059461,0.12450464333609912
-0.7012904452151217,0.1104595988762278
-0.7059366189136717,0.08822776095179656
-0.7030812332757709,0.10117530541075023
-0.6941665293908469,0.14560546305545707
-0.7085896218128626,0.10701637190896163
-0.7003393059928692,0.10513282209394322
-0.7166702129417749,0.07239438215732177
-0.6988135507898369,0.11508338934016576
-0.703051854779435,0.09378016339819752
-0.6989188792839841,0.115793257977664
-0.7017065144766401,0.09116163311602911
-0.7117604658292401,0.0977290677792721
-0.7019974400778177,0.12260837741008337
-0.7012189118920573,0.12597500069870668
-0.7080588459734959,0.1045026984204536
-0.7158068584788652,0.09919507287142834
-0.7042243636841077,0.10785097422580094
-0.7120423871497916,0.10465436432608353
-0.6959165252034678,0.119534350851484
-0.7172861460621314,0.07637720416529305
-0.6951877407061849,0.14134824019758035
-0.694737676684665,0.1068052619439261
-0.7089023929134677,0.08841259844357306
-0.7063714500365802,0.090070854363557
-0.6940216588647762,0.1361927745133844
-0.696393306145274,0.14170409971430634
-0.7137088242650939,0.07287339752697714
-0.694414806656885,0.10958985800026519
-0.7082233462016528,0.10779938430947057
-0.6998824038670444,0.1340040767401112
-0.7075639345541765,0.08935883290496589
-0.6934408168803906,0.12699014133765885
-0.71072061441158,0.08331291297407935
-0.6986581685376502,0.10047510311133646
-0.7115669807084659,0.09334423361424099
-0.6911457718912692,0.12806218864676805
-0.6908142516991751,0.12360111850252258
-0.7014107479098375,0.09450905513099005
-0.692892666753824,0.12865071739390793
-0.696904184339312,0.12609805848243189
-0.701361096380342,0.12013871555849774
-0.7106881939180146,0.08520975789572455
-0.715328248157801,0.07682878547303622
-0.6937247091930304,0.13573442458929003
-0.7161733407350481,0.07270070327026432
-0.7131016508016238,0.07549048475370058
-0.7055250176228998,0.09777067348619888
-0.7010150271378568,0.12878008944439318
-0.7056939740669874,0.10885978231316386
-0.7019024426026256,0.11281894326202581
-0.7045662673794703,0.10038586784960409
-0.699792306732055,0.12131283938246877
-0.7034168161896073,0.12380933538575396
-0.7120767823079376,0.09843012407971646
-0.715638252527736,0.08835035699660033
-0.7084693950037537,0.08823824175885292
-0.7025017565970815,0.12941557585690908
-0.7141944126556036,0.10050459942138071
-0.6993125172363673,0.1267698198978832
-0.7153967412558988,0.09189796489255975
-0.6920156698694405,0.12130326353947922
-0.7148259653992617,0.09118122991066034
-0.6918883832266051,0.12020940007477397
-0.7138213071284245,0.0919955621806772
-0.6907487260317536,0.12470559686401322
-0.7061093294351556,0.10362259225376994
-0.7139283926164416,0.09641344607301378
-0.7156631874690659,0.07702229603934693
-0.7143614658716898,0.06849345435483538
-0.6959507441567555,0.11473072328536627
-0.6981102823938763,0.12282999755828877
-0.6973148959096348,0.12284534079927721
-0.7052950242772217,0.11495612341681055
-0.7025871413546411,0.11695452904463785
-0.7013990583897756,0.10031789692301524
-0.7085128223143438,0.11963257028109611
-0.6950488824801707,0.11006650619442564
-0.7054443959732486,0.11461129627631203
-0.695502455421739,0.12263260868908434
-0.70072092887261,0.11237170324162982
-0.7068656534985365,0.09186668399539405
-0.700059410200184,0.13477812992654717
-0.6891574487087839,0.1299867885147433
-0.7124898451198545,0.0975839805848309
-0.7028310206897634,0.10553281402457378
-0.6977052174846963,0.12213223053771749
-0.7109960789998485,0.0900683501285268
-0.7071948821865728,0.11961645705008862
-0.7049817723158622,0.09904953621506299
-0.7092707214742413,0.10695845618391997
-0.6951894368301166,0.1251905912549819
-0.6940031006431494,0.1315055912038106
-0.6972435986310881,0.10521035003499057
-0.7042943611967749,0.11431264632729345
-0.7082079059237818,0.10326781414137047
-0.6950059549447646,0.13701332707361086
-0.6945819939217328,0.14598872725708506
-0.6960595527257712,0.11829989586360169
-0.6913945252117272,0.12745306153243877
-0.7121075335379967,0.09797398373599554
-0.7090925958452563,0.1042955576740047
-0.699427953396634,0.10714012845584842
-0.7061203667297297,0.11671452506478665
-0.703767976816991,0.10385481746327681
-0.7068010749663426,0.09556645876366807
-0.6978989740686942,0.10830182158212423
-0.7106905604167141,0.10260388017302066
-0.6941922479095132,0.10861491611983093
-0.7057527342189354,0.11750143441226779
-0.7098063780628251,0.0963763212826981
-0.6980110687319617,0.11730984000163842
-0.7013864740863375,0.13657802732458482
-0.7001933631096315,0.09515062998218762
-0.7030692607118034,0.10481920753401622
-0.7069589621609528,0.12218874966000826
-0.7020895194756778,0.10388174123118264
-0.7147802313799058,0.08834653962526871
-0.7018411165782404,0.12079370730123817
-0.6904156955497421,0.13356255406160958
-0.692457943436704,0.11789012731824786
-0.699191790084489,0.10472685578367726
-0.699326328534885,0.11528569643540236
-0.7098848535934632,0.09582637663868851
-0.7028326129190454,0.11499247340322212
-0.7065953855909173,0.10249920056726171
-0.6907064348605786,0.11772385834359635
-0.7106937992866798,0.09791774551575241
-0.7124688825361515,0.10620555967498502
-0.7053755056707124,0.1197758300977205
-0.712543944179619,0.09608571101050412
-0.7173644590563111,0.07891114076925658
-0.6899170411155463,0.13923678725662275
-0.7034912533348123,0.10473926068702291
-0.6949064689421441,0.14498412355154938
-0.7169269183499267,0.09475680928932088
-0.702232998514966,0.11947257248800397
-0.7033558835866102,0.11391080190202049
-0.6999598583237379,0.12776689399571292
-0.7090387581680946,0.10446285298386523
-0.7051147738272115,0.10064668000948537
-0.7029924773089276,0.12689554871618408
-0.7060578683429599,0.10720842207226067
-0.7004499448021163,0.12193798687274378
-0.7079024437851187,0.1172879074432906
-0.7084495958789019,0.0998146644551496
-0.6896476234290349,0.13429938707385933
-0.7081592543914039,0.07655614424839115
-0.7050438475566372,0.10915152295605611
-0.7020893850628845,0.11215428356056584
-0.7022263764912531,0.0975420370110876
-0.7099025921601892,0.09658411640423181
-0.6998729513727667,0.12027134471599785
-0.7003447197344403,0.11708212892909867
-0.7125009982079935,0.09567980162256733
-0.6920498797834637,0.11554429199989544
-0.7001641652760586,0.09761436385163429
-0.6967992607972125,0.11831396666960498
-0.69997897200369,0.10460995688325724
-0.7108187436143695,0.08997444727324622
-0.7035428955159724,0.12552737045014223
-0.7017499131844116,0.11770831595565294
-0.7159843413175568,0.09175277232212059
-0.6975780813551556,0.10601181927783467
-0.6944531718833369,0.13091462217461505
-0.710841802651186,0.08983653597727352
-0.7059407367627758,0.09495398085655578
-0.7113456871180299,0.08272527602266437
-0.6936550206352192,0.11444406258907444
-0.6911656072033392,0.12250681525116182
-0.7153548319008303,0.09984189694890451
-0.7138917063542187,0.0812716288513303
-0.7054356416394976,0.11894921490525055
-0.70399301915316,0.11823415207603008
-0.6910455375690224,0.12840973822561977
-0.7106267328104148,0.10172858665552653
-0.7121298516244414,0.08983533914850168
-0.7086381115534574,0.09446246006037505
-0.69319750568801,0.11324111973547915
-0.701011168963847,0.10433906314910753
-0.7084458741304772,0.1045776257044265
-0.7056341562234586,0.10003769763515097
-0.7055876605923214,0.1124653427350863
-0.7116929797490229,0.10047479106597797
-0.6943165380915103,0.13727352829653208
-0.7018878948380758,0.10783324929158195
-0.7082131015258449,0.09974292354999935
-0.6999484229677072,0.12411281916748643
-0.7072948945997853,0.09798911889607864
-0.716270365919722,0.0800382646598438
-0.6862412702289079,0.13736251949655398
-0.6946735663986103,0.12901866799864067
-0.6932664799452298,0.11263584255701097
-0.7006302924248533,0.10293205770250013
-0.7012983381119685,0.11120274868096339
-0.7054783578956809,0.094195794023119
-0.7122934224923265,0.07991016715428899
-0.6961859929634783,0.12227929054923911
-0.7105150655892222,0.1013116167906599
-0.7071024242909801,0.09880802309765477
-0.7095433538313091,0.09065167759571087
-0.7059501350512233,0.09580539254393687
-0.6942423759710916,0.13450710827282902
-0.7074923979007235,0.11078223599706036
-0.7009145734312667,0.1259377396393421
-0.6929009064422306,0.13425534800497005
-0.711470800572169,0.09037761909157052
-0.7101937027885032,0.11661307633663859
-0.7021979090761432,0.12030212929672524
-0.7008856856506264,0.1027615917647998
-0.6957935211080295,0.11594389783200208
-0.7119312628838371,0.07596773533539883
-0.6939394458355543,0.13138161373401672
-0.6905416120141418,0.1348266269483844
-0.7119592464454555,0.09124895069728192
-0.6988044797213394,0.11066786055320936
-0.6985558597577491,0.11966378723419416
-0.6921951837542635,0.12321603077601735
-0.7138444590928795,0.09858619829502212
-0.7003376869228745,0.10565220549383891
-0.6998909782597008,0.11281846174945848
-0.6940698502840009,0.14711734696773385
-0.7114820850649383,0.0936490223740562
-0.6950095999464776,0.1265768982484895
-0.7022268462600483,0.11151326601716935
-0.7028125968256133,0.11411522528302193
-0.7110803879710067,0.10668744695698282
-0.7024858648074814,0.11266227865234925
-0.7074341743468116,0.10829101356653463
-0.6989336503506475,0.11871842193724726
-0.6953000720954375,0.11050123720899152
-0.695851861149102,0.12492568529310925
-0.6976725337262705,0.12905274462510558
-0.7053171240703187,0.08617930787115137
-0.7079354030778388,0.0917728707934295
-0.707664978051165,0.09495674688046751
-0.6993352286285932,0.1097750236862108
-0.7054078684466325,0.10241965460403034
-0.6925623196797052,0.1374902143840946
-0.7109753623109534,0.0821411321898282
-0.7047517561746207,0.13155197166613464
-0.7105803120636551,0.10580675239719066
-0.698218713936837,0.13267474596401238
-0.6944481820998474,0.13030262588693278
-0.7092189325550964,0.08741563562281844
-0.709917820500026,0.10429129879890899
-0.7099669556715021,0.0773464451019851
-0.6963316844974772,0.10513151713057262
-0.7008230873422804,0.11725908760575404
-0.7001618383055168,0.11068193444362608
-0.7151902694622787,0.09126439860988436
-0.7000609881210605,0.10529486289767752
-0.7112330175051923,0.10483656046941162
-0.7072592764506973,0.10557373508766756
-0.70983834477537,0.09756013828877691
-0.7135038399029938,0.09584602510959644
-0.7053445732276654,0.11834332541750567
-0.6947050047758999,0.11589620205296165
-0.6984414344309479,0.12240751789139176
-0.7099352636796649,0.09291863509525462
-0.713477800895279,0.08170011566495826
-0.7080188671605346,0.1057517434967681
-0.6983097877308669,0.11358646981627404
-0.6970592930977036,0.11548900228761177
-0.7186358652061065,0.07351627141871304
-0.7111397261177427,0.07853175270468309
-0.7092227597254255,0.08920433298967884
-0.7133727493657019,0.08791150170461544
-0.7022556767368261,0.12700593705765054
-0.6911265333347131,0.1264731881910372
-0.6863507845693949,0.13452001480216652
-0.6894411512905381,0.11690685318883134
-0.7064159546426846,0.12369438169385455
-0.6919206233048696,0.11812070328791198
-0.7093450511922181,0.07888810499995222
-0.7107934615032145,0.10632446229035537
-0.6977975108472994,0.10788467159924477
-0.7064163400685152,0.09218722151543968
-0.7120872672692762,0.08835629841415762
-0.7069999009501858,0.10119087908566406
-0.6894864592282245,0.12601411107360058
-0.6899983783652749,0.1326675697598905
-0.6950108204645538,0.13756918395216963
-0.7080602279341933,0.10788047975184131
-0.6954691580678447,0.1438442431871183
-0.6967629236716054,0.1067480006025373
-0.6991624466562992,0.1092167772582329
-0.7017104916352974,0.11573486033078262
-0.6964507295077487,0.1038079843404876
-0.7150656133464373,0.0759992008758975
-0.6844130277781948,0.1375044014003205
-0.7036839017066553,0.12154249740635031
-0.7131070964880177,0.0920723439613219
-0.7010526156018894,0.0969097876313292
-0.707988691527116,0.09240858277519022
-0.6965254928724771,0.14280268292614343
-0.7023175440794738,0.12557893224183758
-0.7065369870368393,0.09084072032945445
-0.7019955239580568,0.09860648971345815
-0.6985750141354532,0.10272949864639203
-0.7006670273750805,0.12225885350586305
-0.7070513750051249,0.08852723538013348
-0.7033683212624435,0.09465353701407177
-0.7000034321995139,0.10537699415767843
-0.7059319094431808,0.11034064101898491
-0.6960808283297316,0.11273003944700301
-0.7086629487111947,0.09469960682271057
-0.7017117071761833,0.1130721876996582
-0.7136941871247022,0.08491990857284817
-0.7174922709640709,0.08577363852802315
-0.7032106153098109,0.1157691657540663
-0.7010171721539982,0.13095618607692452
-0.7066252984995637,0.12430136299569738
-0.693305568493456,0.12662208621636298
-0.7001323335587025,0.13746367570711227
-0.689604072462134,0.12573796567753254
-0.7041733840045706,0.09740530963586566
-0.6994387686331828,0.12909465305976442
-0.7077690268615743,0.09116009080358048
-0.689637570331782,0.14237783634950005
-0.6918920109234639,0.12600204324908146
-0.7079432763679815,0.08812071152877944
-0.7052394874066862,0.10357638115800437
-0.7129742849503464,0.087319024479209
-0.7055275996041434,0.10487429474174403
-0.6992191540560605,0.11732302577132486
-0.7131239315749264,0.08792905424636036
-0.707126861140901,0.0936981566225784
-0.7015344096770287,0.12321213005536977
-0.7107334040947305,0.08347114385749768
-0.7042245314058952,0.11037469699865621
-0.7012750368158955,0.09878227690407047
-0.7057378843267181,0.10802757660412507
-0.6904818868704583,0.13718694718960714
-0.7017487405029632,0.11269354137240031
-0.7045492432645466,0.10834024823455425
-0.7082180435113393,0.08954670586251116
-0.7063215020911666,0.10414537357194585
-0.7032397805284817,0.12058460984967037
-0.7109307856199576,0.08347168802634906
-0.7076403416826347,0.10231014396652972
-0.694778156421629,0.1188305697864008
-0.7051881563846156,0.08614401822752608
-0.7050004517387677,0.11804550356397292
-0.7120239277540392,0.0865003716371774
-0.6976150128820324,0.13206337678291805
-0.6936479507354772,0.12151855868718793
-0.7094994579788277,0.10377211932451537
-0.7124392935821316,0.10594306648642977
-0.7099526411165098,0.09420682213447862
-0.7082226532600262,0.09723763311267355
-0.7015600014575013,0.11813168618330115
-0.7050401899634267,0.12660771738787763
-0.6984268369361732,0.12805231256591304
-0.703622220830491,0.09435621785096102
-0.7108200678124469,0.10690567866476054
-0.7071409790840233,0.11208907954605812
-0.6899895937989368,0.1331894536547849
-0.7018179608597366,0.10158454283298105
-0.6972350755944215,0.11509164385518957
-0.7022498820214716,0.11737642801026785
-0.7028619489446125,0.126660075129093
-0.693713970182238,0.1220358039221218
-0.7118376798971795,0.08814315110939001
-0.6990507036813819,0.12178185606869833
-0.6881545949920643,0.13283657755931472
-0.6959061158801573,0.10409902869359414
-0.7102586034005095,0.08753387839072914
-0.7143126862251951,0.07655066455857283
-0.7048536206769794,0.1116783139130358
-0.708535301116285,0.0952124875514569
-0.6918968424356831,0.13925311898780232
-0.7074488415986651,0.10099574519004499
-0.6995001848136131,0.11067934047890056
-0.6868021301063053,0.13934997216922468
-0.7006424878279499,0.12002114855309186
-0.7098742633093726,0.09672267960425818
-0.6891770177446844,0.11801073588742765
-0.7035362761362232,0.11828956867501811
-0.7025576830661151,0.1180539827315932
-0.7016635701016497,0.12124293853614286
-0.7086999661902091,0.11362376633481355
-0.7013767316847652,0.09390423149459066
-0.6894638957824583,0.1340320402732398
-0.6955662741247889,0.10400268884446041
-0.6911007617871546,0.1169739380884611
-0.6975087332469772,0.12093700435166449
-0.7183628235772389,0.07087080162180169
-0.7001373550885955,0.09477421242788418
-0.7004874575692349,0.10175994887438648
-0.707870627654856,0.08345609574024286
-0.6922465507509854,0.1324582050474502
-0.6959113194583659,0.13974097394467067
-0.7072130038888949,0.11307399439262983
-0.6985967070353017,0.10249430603168797
-0.7170335578301597,0.08536270587183373
-0.7048868720847883,0.1217766296287554
-0.7112626847637775,0.07648113450503355
-0.7020895117889011,0.11519260385074902
-0.6970987323076238,0.10965910235903077
-0.6920008073497386,0.1164104190897863
-0.7103450580213616,0.09803055010981479
-0.7066016257589555,0.11022339724291595
-0.7162882688096999,0.07296901325633136
-0.693474385484149,0.12101350445314356
-0.7089128746827192,0.07996064427507987
-0.7024981874961059,0.12249141467393389
-0.7061331825204412,0.11300152320295233
-0.7124678979528785,0.10230430316073467
-0.6976113407007686,0.1211109429731669
-0.7033723692491137,0.08894282157034542
-0.6966755810256275,0.11751361562776277
-0.7130697957129176,0.09646643672813661
-0.7030856979771444,0.0949427129779511
-0.6933322765764219,0.12944890165610162
-0.704651269146114,0.10058479628934826
-0.7007340284294827,0.09590199583682986
-0.7082412199090591,0.08646331908903059
-0.7004971151723832,0.12076691392894445
-0.6987147881082351,0.1103822259003347
-0.7035847609904311,0.11123502544242832
-0.7047900527500273,0.10716586339905644
-0.6984209922868414,0.1211922046519054
-0.6977951704087136,0.1127434274615439
-0.6955762233048015,0.11208338404183509
-0.70200164363428,0.11380360361759795
-0.7136850696964782,0.09953338639603077
-0.7157563287702456,0.08766740707427864
-0.6952493606859173,0.11339073943240482
-0.712578263377498,0.07940988263224323
-0.71465628480613,0.09894586521120984
-0.713621813854786,0.07879682594734887
-0.7099036525708581,0.08655147525265798
-0.7051665451962398,0.09798453541006735
-0.7021331109194807,0.1013467846223767
-0.6975286194337342,0.13456015594245938
-0.7109064661631654,0.08985061597176057
-0.6997824461637965,0.1182323874622969
-0.7003302604643337,0.09959188314811254
-0.6896637836017134,0.12232688793935421
-0.7121183211148434,0.0886943775157438
-0.7086635071126333,0.10350317808663781
-0.701943895423144,0.10175832328697501
-0.7006532222026989,0.11738271143308988
-0.6888034081522325,0.1408878275505814
-0.707673944028271,0.10072118009544981
-0.7087479752146508,0.08370573682845703
-0.6919975394827907,0.13081291370898362
-0.7002365860790998,0.10870580965896985
-0.7113486361539102,0.08251866407203463
-0.7104611404753568,0.08062674590652291
-0.7045592993824011,0.10002609087624642
-0.7195518494241875,0.07684030281624397
-0.7119176730412837,0.08131341892859116
-0.6855958341064856,0.14475068879632588
-0.6983122854245376,0.12552175241550392
-0.7057237319930769,0.12634862813838796
-0.7059327657681361,0.10195084689165239
-0.7114934113628655,0.10341363492411743
-0.7012666649938923,0.12097146670780644
-0.7047661237454079,0.10893653106282328
-0.6992989129457368,0.1271855869090728
-0.7006130223859901,0.12776257279215258
-0.6911404155333083,0.14195202729843864
-0.7076690054901602,0.09370038101120302
-0.6972627917295879,0.13194482367631502
-0.7125472496057863,0.08584548311454568
-0.707839185966421,0.10454885585707754
-0.7106306061459937,0.10209152039836891
-0.7102723997831077,0.08374532727010445
-0.6956557466376376,0.12050346386991379
-0.6936634842412015,0.11988098463471647
-0.7132303622402917,0.09027255153041827
-0.6906826040089197,0.13751400643204215
-0.71218005464945,0.0977709110882365
-0.7036455806181344,0.09737637231191508
-0.7062414235561923,0.10731865303159677
-0.6977036542634205,0.10548380120993225
-0.7005858507685598,0.12572592766116503
-0.7025894188769594,0.11537037607913371
-0.6946623227158192,0.12519321500705174
-0.7125512763514488,0.09417880662599735
-0.706365839543619,0.1189101071627039
-0.7026075792826872,0.11292833445592387
-0.6977827285901795,0.12652210388728719
-0.7024360564033952,0.10253743156236593
-0.6923624903631382,0.12414133179790622
-0.6887494627631826,0.12448880843542318
-0.6999283463255538,0.09648469564723174
-0.7016492386829472,0.11842700424812692
-0.699586956930183,0.09909374264211536
-0.6839776768333644,0.14322951633687486
-0.6920028430090686,0.1388171451686512
-0.7119851230486537,0.07474050035308746
-0.7048966184040408,0.11266455361497345
-0.7061594194937822,0.11132541423139862
-0.710188905031752,0.09434157775756331
-0.7094625200820797,0.10356384227115965
-0.6950087877289913,0.11154530114385133
-0.7097399776137484,0.11257834423807432
-0.7122324931489633,0.09147666721818051
-0.7007913144112025,0.13411916756498965
-0.6987831869207494,0.10746205192387623
-0.6977945366257369,0.12052010981119758
-0.7105123700636679,0.10117522226714888
-0.7102745846741929,0.08794191535177956
-0.6932339332617891,0.14176831684356989
-0.7023520520242756,0.1076209229575837
-0.6923027846651829,0.1197015192634983
-0.6970087344123549,0.1168719396906945
-0.7124497297475638,0.08153694830226696
-0.7010693274649578,0.11336429365644016
-0.697558910462928,0.13913005994971497
-0.7078473908289099,0.10196877939092691
-0.7051107298277488,0.11710374078184044
-0.709582755936973,0.09119119529850539
-0.7011368028854918,0.12425710254586766
-0.7071726701196964,0.09045304733414465
-0.7044799056117176,0.10899933077125766
-0.6964661646109447,0.13501647816905366
-0.7126972738929087,0.09467927953650887
-0.6892339725009906,0.11895269673068622
-0.6975373860956129,0.10677201721482536
-0.7123820910093168,0.08057993445117288
-0.69431118780914,0.13187379403062638
-0.7078381315765659,0.09435800068949483
-0.6964624889002711,0.12247369386718159
-0.7067238777288309,0.09805464584883121
-0.7077526735624169,0.10475454293708815
-0.7037193106379999,0.11327868730849519
-0.6993055142901144,0.1283478232635975
-0.6965415813265536,0.12488545893148766
-0.7071074062018992,0.08487154626575492
-0.7160710642564807,0.08163899676288978
-0.7007104824584551,0.11071113922812831
-0.7048395840044408,0.10122773654600135
-0.7010247564883615,0.11561618497293134
-0.7004200550948594,0.12068679825173945
-0.7056250689277943,0.10093194162213422
-0.7092747099403091,0.09116641114935184
-0.697955854823636,0.10302456153231802
-0.7057549993722162,0.09237810609467093
-0.703257794226247,0.11888493307372523
-0.699116628719893,0.13241327900165845
-0.7002499253886411,0.11537377558894253
-0.6951800051300104,0.1297031944874168
-0.7017137463175872,0.12535291342376323
-0.7104069032595073,0.11060631738115065
-0.7083635035580126,0.08960412681725095
-0.6978737417754204,0.12961078805633172
-0.6956551813792624,0.12160795647986763
-0.6986906033629865,0.11511552715473107
-0.703864119254451,0.10709131354835459
-0.7024533118147912,0.10286825002345064
-0.6921719328087215,0.14233627303429736
-0.6958436288432294,0.13800662709089845
-0.7029996571082232,0.11684643862854463
-0.7032423035319044,0.11450089873265727
-0.7031423519084035,0.10133940782866234
-0.7174064126075897,0.0713176311717692
-0.7062187690801905,0.10786856608312598
-0.6873137102041774,0.14712956009091507
-0.6929430115098568,0.12614597012841958
-0.6902455471687376,0.13441442919354696
-0.7019855158216081,0.09692884961390424
-0.7079749848821065,0.10606738473180768
-0.6928804922457562,0.13034599798787094
-0.6981173878715474,0.1105689434470944
-0.7013764041174312,0.1071123379982111
-0.699522267562882,0.10101734234680526
-0.7071360756462032,0.10920955221784556
-0.7016385527269448,0.11933180451641609
-0.7160348147022982,0.08259339779598908
-0.6928668328947951,0.12243708749831012
-0.7091685630642929,0.10294517120174423
-0.7046236970195634,0.09101150440841753
-0.6997683261336533,0.11620676851963486
-0.7120569186366777,0.08880668587422504
-0.7158249195826665,0.09272322740399201
-0.6916805010479234,0.11871094050163554
-0.6925152798157488,0.1276336857080009
-0.7094964061346696,0.09959419161798996
-0.7019041871466962,0.1248893604907159
-0.6979239023121624,0.12506667702853203
-0.7118262184092661,0.07922792403917438
-0.7122047135278783,0.08068058904232361
-0.6904034334719493,0.1207548970123028
-0.708277651960169,0.11478049104355523
-0.6988678256446204,0.13760492766082497
-0.714122967333559,0.09332172823929888
-0.6923340218145787,0.13392568585818648
-0.7056256200957184,0.09315598203975653
-0.6948721429443366,0.12120530606496165
-0.6960746874977369,0.14068123447526
-0.6992750714630859,0.10501930045251542
-0.6939455649552543,0.1127753994906172
-0.7074390357730949,0.09577853176084633
-0.6935723342962761,0.12852758964119043
-0.7016459114526954,0.10421962656934311
-0.6978399640923165,0.10974523622124877
-0.712274042657746,0.08540814959576243
-0.7052512488855105,0.11754333401567384
-0.6916220402578034,0.1455574592312228
-0.7076152379312987,0.10036613123743662
-0.7056106332668253,0.09984608336520305
-0.7143058892004875,0.0758652250286084
-0.703384463015575,0.12014828723928647
-0.6933459881757698,0.13399965090836327
-0.7073451949874356,0.08011822646163924
-0.7023757249173008,0.09831422525608184
-0.7104448092589681,0.08671348717381501
-0.7100183181202383,0.10013737831266777
-0.6976863118656952,0.11625501614854628
-0.6924633429010176,0.11604509584955934
-0.7066114150453757,0.12040044083785287
-0.7034370521474407,0.11018089965787217
-0.7036879863271434,0.1059841384943483
-0.7112936674141216,0.10857892422998836
-0.7075398252895625,0.089872727975217
-0.7110431628182404,0.08930765822354886
-0.7130540442728318,0.08266474783123921
-0.705691139273914,0.11767328422967961
-0.6896395213429123,0.14994352040210454
-0.6962372801195433,0.1424253577471083
-0.7042677411446858,0.11675295891790419
-0.6978657851351763,0.12504611134873467
-0.7094462202157549,0.10141875015824034
-0.7007772874084757,0.11229393079653764
-0.6928628815098307,0.125669734429482
-0.711522342854915,0.0932924975370183
-0.7021510746233814,0.10317628964329874
-0.7058334402922948,0.10290169260166168
-0.7130930634412406,0.09295497506475964
-0.696025890669838,0.12452534725342966
-0.709163672529284,0.09219436961939301
-0.6954083809288486,0.11850752702790958
-0.7067430763137316,0.10015097143054415
-0.698966406635506,0.11944449867646341
-0.6849393345579482,0.1382226022668843
-0.7072856093610975,0.11183133852212701
-0.6877387955735837,0.13538095285055107
-0.6988857812609397,0.12653262869875498
-0.7082940700760934,0.11237053544122565
-0.7031984143396302,0.11184207573980656
-0.7053917862428175,0.09767996052532849
-0.7014300776312513,0.11309563059427609
-0.6957037635304367,0.11689787039871796
-0.6984461271322524,0.11604502638489153
-0.6958037910203655,0.11282036840079476
-0.6960574325148601,0.10956521825421997
-0.6960828529945279,0.10570075191915917
-0.7101384029095195,0.09054774705948058
-0.7083640756554388,0.09460941392008881
-0.7167221971072041,0.07393882035447642
-0.7115147747340901,0.07979445357236147
-0.6886685388367245,0.14094693634807312
-0.6925892888488444,0.12477132065421344
-0.6937546709590612,0.11429180704841427
-0.694810507504086,0.11092892199957967
-0.7141522249232768,0.08199929963819384
-0.7027308443839442,0.10596580825976787
-0.6862431604335469,0.13534553349896292
-0.7014370641719305,0.12575226236504156
-0.7036919517466023,0.12393123522707754
-0.701644140257064,0.10185299689616348
-0.6963679874281969,0.12579307414553145
-0.7022651857534709,0.10593488360699636
-0.716376865075928,0.08724188247051332
-0.7077309515626307,0.10009640078914187
-0.7084800229696028,0.10847641310751142
-0.7151515912334767,0.08809229744845733
-0.7072331784614746,0.09704754158340992
-0.6898879214150495,0.1263671681751147
-0.6958281176640554,0.13982330900273773
-0.7053776993537862,0.10909766079505202
-0.7027149934284289,0.11899431805536348
-0.7065836839148534,0.11676202256980904
-0.7009981106964948,0.11214820087484888
-0.6998326511488331,0.12248785756102339
-0.6948667645836156,0.11394621054724152
-0.7005465592767092,0.12572774465569467
-0.7050186760719047,0.10199663625265588
-0.7006234840693683,0.10846571872169984
-0.688091007742955,0.13293798999369646
-0.6973579063025039,0.12512929929465483
-0.6977200169004438,0.12961391389448412
-0.6930818644342556,0.12171798311626641
-0.6989110251565669,0.11548572419949435
-0.6920092870257253,0.12741555018124667
-0.6985286243713961,0.13644831815747127
-0.6969764469139205,0.1139574540725961
-0.7015709977262955,0.1113007008085683
-0.7051325512508454,0.09825164417602333
-0.6987889994171276,0.12724563096850702
-0.701705518021582,0.11748587758268551
-0.7132590446403092,0.08850135534985869
-0.7159231907644021,0.08401078962852541
-0.6888715436378322,0.13362661152301802
-0.7108390168247876,0.08656392622890445
-0.6933574008137937,0.1258484960830543
-0.7070244363322398,0.12211595202569352
-0.704409949956404,0.10432992800587951
-0.6872074208460001,0.13815292142378044
-0.7015110047998058,0.11804872279913066
-0.7043972719801433,0.10795988042241213
-0.6879727311455085,0.1421776350719431
-0.7080677640914343,0.08567075768942849
-0.7058466539124816,0.11686619675978037
-0.6996918532838604,0.11959661685932758
-0.7089990398451657,0.10151581821516921
-0.7133209862386994,0.08395978034283282
-0.7064159486840493,0.09851171311733484
-0.7031572885372526,0.0959444165185992
-0.7158818800262632,0.08331356790282177
-0.7127349054583685,0.0990777627303017
-0.7099962466006091,0.09847165408231971
-0.7021668381373121,0.11708765115288398
-0.6928627770021228,0.14225619578243753
-0.701384344017976,0.11338785044148551
-0.7150613711563253,0.09516643371624095
-0.7059704232410694,0.10366275283527564
-0.6989436060151082,0.10246420815756366
-0.7135147972960835,0.10189950766298682
-0.6953837562619342,0.1257260272797573
-0.694209387444758,0.13199058868260122
-0.7001247938610962,0.11269731122622109
-0.6996575796760048,0.10034722974593444
-0.7032459899620244,0.10715020253985365
-0.7022762653132419,0.12163139607479743
-0.6965022772852365,0.12156660219083469
-0.7007659138723721,0.11433347411912796
-0.6933061754103661,0.12234172481687348
-0.7034702300148817,0.1132936437392209
-0.6954092948651425,0.11805040997540446
-0.6975266166714843,0.11494772469150667
-0.7052818043275738,0.11943855415391141
-0.7131212888587405,0.08099354539945396
-0.7035581003314346,0.09757788027667466
-0.6891104082136146,0.13110837440734674
-0.7079288029241305,0.08971836100009324
-0.7049355717684695,0.11552137214868666
-0.6931487992462279,0.11621203171456247
-0.7072676955902634,0.1194289687809358
-0.70728988868107,0.11878906613321479
-0.7023096957959977,0.10182022830412937
-0.7120585953517878,0.08260465549738863
-0.6961132760768117,0.10681936022906713
-0.7028491324012559,0.11781690670834456
-0.6954097476333881,0.12540106891577926
-0.6961620356172514,0.11243572099772692
-0.7135857430253545,0.0936233304149239
-0.7048655781530259,0.10013938578997442
-0.7085259658283407,0.103103502619627
-0.691163850244617,0.12418797558219676
-0.7069453318104293,0.08293948866993738
-0.7077360177548486,0.11743178834375043
-0.7024693540762684,0.11856724340363957
-0.7050149603800774,0.12500071296305099
-0.7057601224273614,0.10168587537784762
-0.7005876001339091,0.1353905237278231
-0.7014887336858113,0.12545810564105916
-0.7091884206819564,0.09354087010870622
-0.7076386628883437,0.09850137279491782
-0.6993477408404384,0.10506678241592647
-0.7067963283789588,0.0857516741598225
-0.6956236525717808,0.1223781513571325
-0.6953508979560948,0.13072783305523322
-0.7025882496280226,0.09725326568539097
-0.7072588712256221,0.10078414311299752
-0.6942864895805796,0.12436873669269971
-0.6898746857497036,0.13732216591119661
-0.6997091017411857,0.10917363545697441
-0.7035720239998232,0.12043814463942851
-0.7096009214930179,0.0954878286891628
-0.697613746609039,0.11536733615308316
-0.7069664830906703,0.0950682594722387
-0.7021254756228065,0.09580086651176717
-0.7061116208604987,0.09920311961063565
-0.7125386616410295,0.08350292643960011
-0.6949807486125008,0.13259888385732613
-0.7054047836395699,0.09352963683999099
-0.7107205204314783,0.0973447780448493
-0.7092109722738695,0.09285016648332833
-0.6907379944935487,0.1484186610234674
-0.6937194178661051,0.12165138096980571
-0.7052511520144795,0.09520213225607307
-0.6857796078246681,0.14363181758553037
-0.698899725690812,0.10205275543964942
-0.7069481298068377,0.11331560989925701
-0.6983201349506746,0.12670746542405031
-0.7020643401976076,0.11696975633698521
-0.7002060833221748,0.11588296985218097
-0.7015530651192623,0.10471186561102003
-0.7087758578712059,0.1052626730470556
-0.70323115090458,0.10879601203634671
-0.6926644124099295,0.12042267360677392
-0.6871285701784716,0.13608214191238202
-0.6962093107262224,0.14078966640726182
-0.7007222023656852,0.10060787779115601
-0.7080305517327355,0.09433105458441686
-0.6875491498349723,0.1387028313385937
-0.7057811559554965,0.10670664454134433
-0.7046685928403682,0.09755182167815563
-0.7069885820302882,0.09781783987365247
-0.7066725763784009,0.11010174578500181
-0.7006060061154238,0.10627562665231942
-0.6943539894606137,0.12567136948882557
-0.7092693180185566,0.10152961502821434
-0.6886490723620606,0.1441247063642543
-0.6960523866770542,0.12382284734419975
-0.7064793434785093,0.09355397254525732
-0.6978320057924599,0.11797286138072494
-0.6946873695335057,0.11852876604939681
-0.7058818199318224,0.10932224581553159
-0.7032201912695135,0.1326408903840422
-0.6975698786864126,0.1346466832659117
-0.6888738037809677,0.1290244383949242
-0.712013322536446,0.08803393804200893
-0.7019260599309469,0.11972926453708183
-0.7086847431072707,0.11058460015780612
-0.7101190594009852,0.1089600360957845
-0.6939984583515937,0.12043119740943048
-0.6911190196098445,0.13042857415215747
-0.698991027248087,0.12008120115098314
-0.7040433144265379,0.10445447764238562
-0.7036892420815425,0.10653790273337584
-0.7130068593654894,0.07999049963780688
-0.705048746314096,0.1125786163538791
-0.7059106406149956,0.10613939388513177
-0.7027317492684997,0.09621071914528902
-0.7008414769671119,0.10173469886895387
-0.7152638493823016,0.08947705390872804
-0.6897557926193573,0.14796094722327827
-0.7136731907490654,0.09437626426809732
-0.6992027519907695,0.11027544235077955
-0.7065272215734912,0.11032198481421886
-0.7053283567312375,0.10244322266434996
-0.6990573529563595,0.12523855713317847
-0.7002220531223288,0.13138719273638996
-0.7093611475533579,0.11286817605973685
-0.6987668317962364,0.1070501207041842
-0.704705028022955,0.11298964200185631
-0.7043614068750185,0.10236879875690108
-0.693559586233046,0.11716858622044674
-0.6965110372940565,0.11639468293605244
-0.7011123862151171,0.10634614119091049
-0.691265579403519,0.13063765867272922
-0.7012000423177495,0.1241625754651549
-0.6966179065745993,0.12317992316754608
-0.7087567456539487,0.11091167917303846
-0.7071603788727382,0.1114018759280167
-0.7033453587103294,0.10069344338750083
-0.7067190203340785,0.11819449559557788
-0.7087401952413759,0.10369659292685827
-0.7102585530073774,0.08292416174682238
-0.7086955377813482,0.10981684882855618
-0.6904340491013337,0.13006104074917751
-0.700869223297414,0.1084127548615268
-0.6868490838937664,0.13715925136442592
-0.7053261212680434,0.10538547643951954
-0.7014366446802034,0.11612505616711531
-0.6945820924184898,0.13011160834286054
-0.7071416175249678,0.09725665259134215
-0.7000580025253201,0.11756521459207356
-0.7062587279095826,0.1156709490619143
-0.715305348759176,0.08186106704342823
-0.700195137231402,0.12249900501687253
-0.715934172019924,0.08193991016351915
-0.7012369536467417,0.12332965065435277
-0.6940405177795705,0.13740156033494225
-0.7039736933867098,0.10606529522801302
-0.689134972437236,0.1297977681692177
-0.7170228814693583,0.08698301952634908
-0.7046733771224272,0.09543000947475404
-0.6988594109339823,0.10849076436753598
-0.7024573670612857,0.12443773347326964
-0.7097547582117115,0.0857245927075229
-0.703887669641306,0.12990445948180257
-0.6975656587511815,0.11745114216026717
-0.7063553836529595,0.10535697281519485
-0.6987382881326571,0.1235846319320532
-0.7126174675338165,0.09532929213564115
-0.6988645994396292,0.12319288748388978
-0.7142923707546821,0.08079264288835823
-0.717898995995077,0.08231173428410951
-0.6985891909978145,0.10149923907996838
-0.7054638951991933,0.11577697759821912
-0.6991541523959014,0.10016700379604299
-0.7013035914405606,0.11666136282859786
-0.7052909741505745,0.08504898359959533
-0.7040526874653517,0.11626682234276277
-0.7024339143702132,0.09151129111666836
-0.7146446966073426,0.09073687526109332
-0.7138650598428765,0.0824730303089187
-0.7098243890667243,0.09440807448956721
-0.6865128592369852,0.14652303085117155
-0.6973070909802533,0.11563813976679602
-0.7020699134453959,0.11602072005480628
-0.7050764604758248,0.09159544735869875
-0.7035213770118606,0.11277571203911517
-0.7005911351083952,0.13309122861461045
-0.6956156985074692,0.13350833916313545
-0.7034044153539225,0.12425594076018391
-0.6959553125991033,0.13399004875844578
-0.7037547170990882,0.11656502039265712
-0.6905494331241334,0.14752101950513571
-0.6952415207004274,0.12281167835732286
-0.7052651405509117,0.11922718475680558
-0.6920316573643076,0.12225317327400008
-0.6990461670162765,0.11326003777908772
-0.700447905571172,0.11761933691367779
-0.7145138705057235,0.091616627289558
-0.710493913059069,0.0972042386888759
-0.6997958153709106,0.10540150757080224
-0.6977070565560451,0.11823218880614297
-0.7072935712677259,0.09461849905187789
-0.7074099301972021,0.11061831779758957
-0.7088303315759112,0.10615744907407629
-0.7014691223162662,0.09655735151800174
-0.6916349124221914,0.13520536996524166
-0.7139188182931518,0.08168537317504504
-0.6973252039443046,0.12616419755959135
-0.6992166715925238,0.12158201606813096
-0.7075903410342773,0.09798831416420234
-0.6980870215191571,0.13027835019383924
-0.7033089356710682,0.13193175648038713
-0.6998291105144961,0.13420855269482862
-0.6949631136843003,0.1155644440519571
-0.6919614803934173,0.1351250599106062
-0.7130882588707144,0.09729580180619864
-0.696108254796458,0.11473599873720162
-0.6872876919707699,0.1452816374922232
-0.7051982080164628,0.10241980838359467
-0.7007621175304971,0.11128001096406938
-0.6908305625673232,0.11610444736592054
-0.699636400381424,0.12950244782847484
-0.6925814063454924,0.11229939652756106
-0.6954447135025336,0.13074528084902048
-0.7055781275044707,0.11428080789212573
-0.6999391886533289,0.10603584440001648
-0.7075632377230097,0.10541361330223793
-0.6987855374360364,0.10808117306016302
-0.6994228379175501,0.12625233038484712
-0.6912949153280126,0.12629161818278084
-0.7072645141121365,0.10662537396280829
-0.6949238662433088,0.12540807197896023
-0.6972593022020159,0.12561877908628197
-0.7080201869595303,0.10755936013447036
-0.6994661781419313,0.10532750683074232
-0.712614480233838,0.07676098223287503
-0.6952196639321901,0.12072521696352809
-0.7052276097586787,0.11399486866955497
-0.6902594707702887,0.1230569354159145
-0.6967096833445033,0.12093951061704572
-0.689794770133818,0.137553282931446
-0.7071271282052737,0.09067918539087634
-0.710297133006993,0.110457470454328
-0.7020935848923767,0.11606334440805263
-0.7002661296168695,0.12125543183817519
-0.6983370886237023,0.12437707977426181
-0.7129560656926244,0.07946468012943343
-0.707288123522559,0.09662123014550214
-0.6984725705553279,0.11181342402237343
-0.7012881627009083,0.11834124632864348
-0.7075589538209052,0.10111072956494141
-0.7001047567322314,0.10668672348539028
-0.6985503478052565,0.11579802433238508
-0.704406811142436,0.11632456936365544
-0.7055414485481063,0.09496492938451058
-0.6956566778370923,0.11709140906466685
-0.6946275714691467,0.12122956339945486
-0.7056781312955405,0.10725490738229504
-0.7051376434617304,0.0878030662964461
-0.7007870107509303,0.10627026284481361
-0.6996490395872625,0.1179244433429533
-0.6952996895773976,0.1386475349181959
-0.692299353430545,0.12859363784929453
-0.6913868825638663,0.12760810705479705
-0.7065169010658406,0.10050135491273167
-0.6933151423630785,0.13286050401388316
-0.7082142881172248,0.1041431105070322
-0.7072296118769087,0.0879580041889411
-0.7149214642226404,0.09802413059174664
-0.7068997547288193,0.11585047142580077
-0.7116566299425501,0.0990186516526917
-0.7107922441294624,0.08836887625953116
-0.6875751368778894,0.14179398212706631
-0.7035326560464371,0.10010229455406827
-0.6913014389263757,0.1198326842944148
-0.7068359604896212,0.11181731943230364
-0.6939546753728449,0.1318319549476487
-0.6946345268039713,0.13504170004075622
-0.7047647708656205,0.10168327631558068
-0.693482209583071,0.11463968624756998
-0.6921598869219644,0.12995762253414886
-0.6965273371021719,0.12332513780859429
-0.6958899654529734,0.11397209070668035
-0.7021800980582789,0.10936014949632908
-0.7089895137217439,0.10213108039917934
-0.7033284895507158,0.10650553221573118
-0.6872616378053927,0.13571097323567516
-0.7018449327963652,0.1321435035388351
-0.7024731707754408,0.11253512330089044
-0.698157893958381,0.11907798433556291
-0.6989125764086437,0.11817256497567569
-0.7119383029695012,0.07550638509333
-0.7040582222248357,0.09177895528299203
-0.7020390380806987,0.1294090446969152
-0.6970251299673649,0.11955071472238916
-0.6974672340788433,0.11786096525007396
-0.6986139221297691,0.11494640989445992
-0.715553273365365,0.08812665665800608
-0.7080602231040349,0.10574777327639585
-0.7146489501266298,0.08306646441585165
-0.7024157882389864,0.13383225681232477
-0.7024432117367015,0.10315968270719283
-0.6956360609042133,0.12167403801989551
-0.6937446178370074,0.14051025050167096
-0.6935910002845923,0.13166998847543274
-0.703071381558266,0.1273203104215953
-0.7111867357310437,0.11078172562436488
-0.6984137473200193,0.11476296512708323
-0.7087203669058162,0.08643145181651408
-0.7113662445194051,0.0869231500981633
-0.6981976722276003,0.12506177095261187
-0.7015536247952983,0.09220340245389674
-0.705223380422564,0.10163575056346984
-0.7150732748277636,0.08514171064544787
-0.7080756534188668,0.08375273157563332
-0.6890537967652411,0.1468975592773106
-0.6956261019664123,0.13330878338076915
-0.6953080931310087,0.12727140393827657
-0.6993297165671625,0.12009339787659003
-0.6884036780825817,0.13717812860388717
-0.6955033079917375,0.10877007440444088
-0.707834068815942,0.09870602846952509
-0.695263437889492,0.12059719740849154
-0.713570238590836,0.10208022711983675
-0.6946921003255945,0.12549876267960858
-0.7124080184189651,0.08179519094525614
-0.7009741065115667,0.12466101804404749
-0.6954819564702754,0.12422946867955727
-0.7058957290261442,0.11599060683965899
-0.6956745579148593,0.1098211860363782
-0.6899495752514558,0.12157980613299918
-0.6982895180114522,0.10666046576908435
-0.7014370157187332,0.12558137970581895
-0.7021791482064261,0.12548115188568476
-0.6963851716652553,0.12449515580283868
-0.7031964847677388,0.09716565806398073
-0.7122516555334971,0.08899006627039549
-0.703496461649589,0.10118425792677155
-0.7062261462582183,0.09687803062429816
-0.7049652167153692,0.10581909878505641
-0.7030579741624234,0.12105731583295272
-0.7021242652121624,0.10169106017814031
-0.7038787469192541,0.11466318611936491
-0.7019126011824491,0.10993046304832733
-0.6998954272999044,0.11679890429389725
-0.7033151825878192,0.1092200084359632
-0.7033215003769402,0.12591736285751223
-0.6935116274999266,0.1333695934369707
-0.6963300222503466,0.1157878678534963
-0.7108690132679745,0.09874784595248413
-0.6959427787723111,0.12868633755960462
-0.7020009696040718,0.12835999144658697
-0.7040636922730724,0.10496716925964267
-0.7017497775395662,0.1307389810341785
-0.6953007192790582,0.14033380771873988
-0.7067464264814438,0.08968224467999396
-0.7067604580169911,0.09857570208676511
-0.6971939063191911,0.12972484465347436
-0.6988624941875575,0.11683999222767562
-0.7081557753704106,0.08272253000243472
-0.7117557022439814,0.08002523287335547
-0.6921863699755118,0.142539337391323
-0.7043584644117863,0.12455846175221102
-0.7134531542624101,0.09824261746751
-0.7101382880729277,0.10963440668126229
-0.6974713312702254,0.1067364450862975
-0.7042340661484069,0.10822402018019713
-0.7149742759910038,0.08238181268835748
-0.7076419769875716,0.11099306603269482
-0.7077345630649383,0.10322580427965981
-0.6958913079869511,0.12926283161953708
-0.6978713654942889,0.12201454308587001
-0.7037821415609629,0.10334759505780382
-0.7001968635242828,0.10604899824910853
-0.7134011797411124,0.08727316913358724
-0.7094683479911409,0.09142369183834671
-0.7084767566756759,0.10064341241993555
-0.6955002674225084,0.12443910831647043
-0.6953530059077434,0.12748240852737314
-0.6915106426994594,0.11940521605945734
-0.6964976070329948,0.13942764897840543
-0.710063828840521,0.10411739086768476
-0.6897320090458253,0.14109404177204735
-0.6925869864581529,0.131999259410145
-0.7077973486458111,0.1054553334671494
-0.7080380466562206,0.10248233777674251
-0.6969771320000125,0.12289804181524647
-0.710199282823508,0.10045650245284952
-0.6937484079317053,0.12657999407371232
-0.7101001763111872,0.10201885211164907
-0.712199361185609,0.08646594222326115
-0.7109787870305586,0.09952021735068986
-0.7040781352090306,0.0881212716486168
-0.698646291399973,0.11003408750647228
-0.6981452157772642,0.11793356965248435
-0.7005236791068886,0.10774842433605619
-0.7042819467780832,0.0983555939680785
-0.6983963380011772,0.12719045917839056
-0.692070928296664,0.1176948070584631
-0.714262870777432,0.09187004991522406
-0.7113067237670343,0.09454725691644296
-0.7123480136126618,0.08779502247555465
-0.6961951447998866,0.1079729537372841
-0.6980589499328906,0.11609748309390552
-0.7069876325666998,0.09555790853858838
-0.7029838834310473,0.1050997970501738
-0.696415234875583,0.11369762076147855
-0.707737983799993,0.10761212217554071
-0.705917108883168,0.09729927604981005
-0.6967819614499625,0.10707551310708868
-0.7171908449969686,0.0821344118861991
-0.7053927398036945,0.10303296647172992
-0.6973399282685628,0.13464939679476354
-0.7162680495089462,0.08508519746978552
-0.704802975906866,0.12659209842152466
-0.7057634806344116,0.09274966308350961
-0.7057285207491371,0.11475542807796299
-0.7079954548331999,0.1099424357260265
-0.6937459996675915,0.13845684742462558
-0.6977498151084467,0.11077519992349996
-0.7041508784429451,0.10800792918663422
-0.6989105033485705,0.12526402794554953
-0.6997866151593024,0.1229411023348383
-0.713545669282139,0.088544593502764
-0.7024916485286313,0.11384214872432756
-0.6991931770840635,0.12253356055303996
-0.7049374955851841,0.11684672861856364
-0.6997727554493253,0.11363060875515048
-0.6951597950476737,0.11195870721899022
-0.707633311158746,0.09730932837356349
-0.7110316799199468,0.08850880869976252
-0.7120713114706093,0.08788588722022911
-0.6976012950987905,0.12837709592840366
-0.7016288721216023,0.12991448528311622
-0.6990577484303525,0.12245457996464734
-0.7044234724685856,0.10772552161494994
-0.6920773694546093,0.14031783859398145
-0.7054940580675989,0.11131910324441352
-0.6958101375158366,0.14529762649434613
-0.7067043204926742,0.09885572012468422
-0.7027334648355779,0.1048084225630617
-0.7107849627051249,0.09668028386547142
-0.7005915203399694,0.10874672433888309
-0.701488967675783,0.10941322360163076
-0.6869082308196985,0.1407605233117384
-0.7009638215405168,0.11129362598682017
-0.7110837009135593,0.09227988759253718
-0.6903082145066173,0.14446845585002135
-0.7060093584323206,0.09602267047506076
-0.707596348266418,0.11125027650272847
-0.7061706720471406,0.08923503157685948
-0.7095355769930456,0.09716468472345212
-0.7013785354084955,0.12366692275897187
-0.6991469709901129,0.13085380339311034
-0.7030184515975239,0.10782252006989995
-0.7021210525646576,0.12461567473290511
-0.699233377020869,0.11058567010424551
-0.6989683057722842,0.10925181262219111
-0.7084516525898371,0.10324355686622518
-0.7006821249082223,0.11507421008245124
-0.7090130545020571,0.10179588425405778
-0.7045057561170949,0.10417541230843157
-0.7002342113081848,0.11763566428707614
-0.709719537365494,0.09313159613972277
-0.6966652629641548,0.1151948487844406
-0.7064663027382919,0.11882170864335426
-0.7110663096148833,0.10128156581899123
-0.698635457011671,0.10916720645315556
-0.6985418765169584,0.11367077976153837
-0.7138752886956782,0.0811712529343321
-0.7009703976034946,0.11820805815731435
-0.6969638999417072,0.1319420004479242
-0.7083376678676035,0.11656804515232035
-0.7134835369313438,0.09129757310896518
-0.7083418312722686,0.11197905717868326
-0.7055564022569033,0.10409204206446887
-0.7058833771985183,0.11852644461211215
-0.7066592330508918,0.11841490874373276
-0.7031916020522697,0.10966861692351283
-0.7087491803458051,0.09465841468649377
-0.6875073745056338,0.1297193876677044
-0.6892575888431595,0.1424640878348469
-0.713520499943493,0.09343730428143986
-0.7009987402945269,0.11486939380621512
-0.7057670830744576,0.12137463423929509
-0.7156193475530951,0.08311604687151088
-0.696861283819983,0.1422745244510626
-0.7132873704579201,0.0854192256601664
-0.6939518858443989,0.1321731335968231
-0.7069703391463978,0.11902528200566999
-0.7088830284356782,0.08881275488314475
-0.7025031000534265,0.1049082167943954
-0.6987024055389542,0.13680887258691526
-0.693156745720903,0.13056618147479895
-0.6920968260329453,0.13986337616867098
-0.7088573303733142,0.08473535054293385
-0.7035646841926695,0.09714409494910589
-0.7048338483295622,0.09737179957441656
-0.7087136764877213,0.10902119500586921
-0.6986813923792494,0.11838364902632142
-0.7034974898478875,0.12131267054083908
-0.7008149371639534,0.12517924880943357
-0.7162686086064887,0.08512766097601579
-0.7090882240166981,0.10505730435429378
-0.7083692675798277,0.10065281507211112
-0.7147512054788342,0.08611107970980607
-0.7021446476589421,0.10000317672354872
-0.6955188356259483,0.11324124454550741
-0.7151102036908487,0.0841027101499489
-0.6976139594024529,0.11584573870679224
-0.7127448256808913,0.09480070575403052
-0.7094552000252227,0.07920263938139051
-0.689270562551223,0.12736014995813602
-0.7022072131982785,0.11186437303294632
-0.702531145652269,0.09994942498947187
-0.7033731522141095,0.12205191624915163
-0.6956244919751707,0.13181528981201548
-0.696991166153223,0.1228126077785207
-0.6935902170355908,0.12119411612204763
-0.7156934729792462,0.0852730657865769
-0.7067514839485329,0.10552535092526978
-0.7050006840192881,0.10659020332005667
-0.6957394378038235,0.12333282037032679
-0.6912011206430747,0.12976878396670952
-0.7132009647150888,0.07951347889942978
-0.697612858390761,0.12745522243068982
-0.6968823179353903,0.12241809466540678
-0.6965800174792764,0.12546438070454718
-0.6893574273536102,0.1379899169295181
-0.7119483444043914,0.10249887142667538
-0.7089008299354642,0.08456706012290795
-0.6997542696795388,0.12451893578224087
-0.7029578055134257,0.10755271736022931
-0.6953408870727664,0.11361385925145207
-0.7082840915384697,0.09799696545330253
-0.7128802831421234,0.09269988415254954
-0.7015173383615202,0.10353528117199633
-0.7072187484000337,0.11014003269259873
-0.698212412549221,0.10845658997235125
-0.7039654307278158,0.10024879724070643
-0.7001349911938752,0.10731315338621486
-0.6992848341770395,0.11828894499482084
-0.697658881155168,0.112410935374911
-0.7061113150395463,0.10029738601248864
-0.7016042210232145,0.11215843847597379
-0.6885307616837777,0.13005144889128797
-0.6951251819907718,0.11255103786068003
-0.6942275929205223,0.12675998423581453
-0.709726876831717,0.092609662723356
-0.7036656967709969,0.10941846247850379
-0.7037717483016908,0.09630210317092083
-0.701483839055022,0.1313356092822341
-0.699850815386091,0.12489586562283118
-0.7045517663292191,0.09329076569639658
-0.7128055773830521,0.09362285488420972
-0.7062847699898693,0.10462019217180876
-0.6994681833801987,0.1212594306495651
-0.7046272741202757,0.10620813196340445
-0.6949334427137231,0.13473850194368014
-0.7130157941328534,0.0964459176906377
-0.6869958482806283,0.139195289704743
-0.7044338139695597,0.11311326283630398
-0.6867604818345479,0.1390934002745605
-0.6900159016433454,0.13799140499436702
-0.6920275901600338,0.1460167370578435
-0.6962381380892708,0.12607956049658967
-0.7056759834802275,0.1047482834587575
-0.7071098807563536,0.10406204156424298
-0.7107906328067957,0.10613171653650007
-0.7003332635053351,0.12590040521515258
-0.7099811322339624,0.11248900855162473
-0.7113519637550861,0.09238321742514148
-0.7077893185563546,0.08782476618444106
-0.7078776331383584,0.09706663404369562
-0.6975685651029422,0.1060071946693453
-0.7013161592045983,0.12025813498524839
-0.6958220323530078,0.1102119951351041
-0.6899373677383998,0.13131416964739004
-0.6993488314576446,0.10554735135958676
-0.696375280473422,0.1146205969414536
-0.6947926031427782,0.13311957601493554
-0.6900611926753267,0.11966627347595393
-0.7079822852705326,0.10764721935089297
-0.6929547502938685,0.12128559035819918
-0.698048112079163,0.12275500906338309
-0.7114960798161415,0.09706220401117871
-0.6916560366115004,0.1215544237090082
-0.6995801321556014,0.10992289880500913
-0.6955366209928536,0.10824752883307455
-0.7059024289840837,0.09153302937433311
-0.7143456288903859,0.0880160444267608
-0.70357800883175,0.10427375939177787
-0.6962571805772559,0.10818866608408124
-0.6986515170488612,0.10588082318090211
-0.7076204478256171,0.10962803765003823
-0.7104239820360972,0.09092625381046598
-0.6961880032525868,0.12876344015965985
-0.7122965596443207,0.08608627380730914
-0.6994402927896053,0.11318803468934151
-0.700957168935905,0.10226852960017102
-0.7013018367782448,0.10464607825966342
-0.7099959335094013,0.10017090095847625
-0.7048741007534306,0.10141545042630433
-0.7017374860671438,0.119883212874278
-0.6996743868258708,0.12777354688122927
-0.7093122457188024,0.08897189717453031
-0.7065758354743354,0.10017631869431214
-0.7002245358117715,0.12208057838182741
-0.6959533452474126,0.12371968667966865
-0.7129677575376099,0.09010593435047633
-0.7070022024605825,0.097140691325667
-0.6999547768463779,0.11239735411785995
-0.7037774136663617,0.10668856287572549
-0.6999555468984883,0.12733056550248353
-0.7088827358039749,0.09444008967683822
-0.7052308850061446,0.12447103617632198
-0.7068957356321647,0.12273909849101021
-0.6940452478556731,0.1228687338963271
-0.6993385542512769,0.12650810241950275
-0.7034259029696667,0.11325282246738379
-0.6970165471284537,0.113819038365264
-0.70105950898541,0.10186577051991924
-0.7004695928467108,0.12974506561150986
-0.6990756594506858,0.11878640597312909
-0.693418013755229,0.11787569832676335
-0.7042223128738657,0.10920197481611249
-0.6962004786493742,0.12512251943137798
-0.6960605601750001,0.12225394278066114
-0.6918487597224906,0.12483334370141656
-0.7039025677469474,0.12310145511084838
-0.6906745581790215,0.1259988904531997
-0.7010403378103952,0.12480475915256918
-0.6946551280682911,0.10887184601718285
-0.6919423896095597,0.1240457213695683
-0.706464866203906,0.09761530334917126
-0.689642577979546,0.13093584072435382
-0.6926425213895259,0.1301419565176374
-0.7100380673000483,0.0854999894516635
-0.7000309278734252,0.10167637915386542
-0.6987783408266827,0.11979089663117387
-0.7052090352523156,0.10923583233993023
-0.6994329082814824,0.11732712559132373
-0.7041645373305377,0.110718720850887
-0.6989664087513398,0.1078781120381718
-0.7057560857914127,0.12061353537459915
-0.7052179403850777,0.11373249761395543
-0.709124322506513,0.08762478837275599
-0.7057895374550711,0.1116441367470328
-0.6951618213978029,0.13704757022603672
-0.7007189901922386,0.10322639798691706
-0.703365812216801,0.11058213945400215
-0.6872528377696706,0.146445882233099
-0.7091801626239571,0.10448559694791204
-0.7089230039120785,0.08542000118305206
-0.7155527179631276,0.07941604990048873
-0.7029225605602125,0.10645707283383836
-0.710468573349784,0.09717608725690395
-0.7051041087920429,0.09904531712399818
-0.7055417771693983,0.10204308497909366
-0.7102317914876416,0.08784872842754032
-0.6940665747888519,0.13237059500067197
-0.7013023583298833,0.10037592691360446
-0.6963284765908838,0.12635981789855716
-0.7082851286465526,0.10567135373195967
-0.7016637824520109,0.12878594349883393
-0.6941026776441275,0.13072386907910505
-0.7053580027140165,0.12039708708581423
-0.7045827014050292,0.10900423772399656
-0.6971915289579885,0.13513805600713782
-0.7006932272744124,0.11020654128378868
-0.6934424537749942,0.12355802749011342
-0.6908974781875666,0.14048209614460125
-0.7040516588757171,0.10882357233886729
-0.6956275664465071,0.12703463611963067
-0.7110416130237366,0.09407148647804262
-0.6978983506997651,0.11327494594432086
-0.7128288126518912,0.0939528716097236
-0.7007334341411839,0.12618607804286827
-0.7050867741825747,0.12054502942073665
-0.6985815576818721,0.1161615183624652
-0.6956589866876417,0.13203978825184345
-0.6884589909569804,0.13586902730359443
-0.7024449568820491,0.11361221711640848
-0.7045072153999813,0.11708317692857842
-0.7074450278522173,0.1088008957852112
-0.7002110028600387,0.13188610416359883
-0.6988688393764328,0.12677541971583778
-0.7074573553947877,0.09506470475621266
-0.6954766084872279,0.11925147884745876
-0.7080852210567135,0.0946290403056696
-0.7029800654043161,0.12761290760201296
-0.7142379576874471,0.08073317142133207
-0.702117772476001,0.11385459707742471
-0.6974817747557692,0.11452827333160541
-0.6972764089856747,0.11881256643089105
-0.6963556055233829,0.1268834397447041
-0.6954916110759679,0.11363322270930372
-0.7090794525921386,0.08799891909410902
-0.6954523506002108,0.1142248720474841
-0.7124225349645401,0.08554402664278496
-0.700702033100308,0.09840594440353725
-0.7027058015934627,0.09875021873755228
-0.6986657178154062,0.11387622299512289
-0.7052614819195889,0.10624769305320798
-0.7126821476942198,0.09076318781315608
-0.6912220963978046,0.12762449583359037
-0.7031025129454572,0.11031453060014655
-0.705489294079022,0.09732376518004426
-0.6923292347211174,0.1362171498889438
-0.6909384137544942,0.13506894456863683
-0.7077673987852533,0.10535658149420415
-0.7117849033682054,0.09260791933903821
-0.6953927734485362,0.13502459327054714
-0.6929784892814477,0.12390637993305911
-0.697682252245991,0.1122143470040564
-0.6953040025606958,0.10895172237130592
-0.6929150837906353,0.1409380940679385
-0.6966216119196219,0.13091543080849635
-0.6916754019600009,0.12270445860622435
-0.6975295509142143,0.10772228567574985
-0.6979343281167113,0.12873722965979179
-0.7053316404726183,0.09802754587951619
-0.7075676999620967,0.10254396051514895
-0.6981353389278084,0.10486404287112691
-0.6975354173135672,0.12409226557527421
-0.713431717148743,0.07929366700619661
-0.6954951770021301,0.11230373417729711
-0.7048013341084279,0.11681062016019687
-0.6991023518476996,0.10845186382753
-0.7094047922589501,0.10348404230555247
-0.6918874529846392,0.12184544464991746
-0.6977669587591505,0.10539288946054592
-0.7067719416544097,0.09058954933748767
-0.6956950927484533,0.11264191717211132
-0.696243924059612,0.12528548929258657
-0.6935099733728717,0.12877035750734347
-0.6959747250956847,0.11787279355202303
-0.70430235595207,0.11064373236290583
-0.6979967088087736,0.12640306976265986
-0.7032200893499847,0.10351979364130484
-0.6881363884735113,0.13794871845726187
-0.705288045509928,0.11080649275930565
-0.6907898548157525,0.13693627138999517
-0.6937913640193074,0.12092420594357677
-0.7013687727960118,0.1106312514286279
-0.7079607618803944,0.11412569409174755
-0.7020564929432616,0.12739480749838683
-0.6943240681100232,0.13098418566072847
-0.6925618316721571,0.13195565706005286
-0.708181974651213,0.0989796890673722
-0.6924862173222142,0.12081725302541214
-0.7012218202016604,0.11432998357955435
-0.6992299258089661,0.11227492650845604
-0.6999635088300155,0.11611485815552905
-0.6994643513180422,0.11420003667899571
-0.6967632231184562,0.13495359072234953
-0.7031877726038369,0.1127211619967694
-0.6989913141232724,0.11040396359937445
-0.7063947030261392,0.11240123421168129
-0.7093305504452416,0.10052492980073542
-0.6994481920434695,0.1125897607010978
-0.6999054307226495,0.12004312205518998
-0.6998760688146004,0.11310599951871568
-0.7069615090205137,0.10804298970789339
-0.6885348951505605,0.142850786437623
-0.6985646742390577,0.107905586868605
-0.7030283413856628,0.11943493582235522
-0.7000585356638038,0.11237112557394321
-0.7051131670416015,0.09672984638714721
-0.6986947654261999,0.1096128698915032
-0.6930189550521546,0.1419659391663022
-0.7006287315692376,0.10452687763510983
-0.6984000896366143,0.1285202103344611
-0.7029119461109101,0.11988847236497029
-0.7069894057085877,0.09091730206694987
-0.68779835127024,0.13215052785081474
-0.7054298331750304,0.11638229012949508
-0.7021215511404587,0.11778295863702384
-0.7029415205457813,0.12785314573091594
-0.6968440617305688,0.11150185373781472
-0.695800585762101,0.10813980896929355
-0.7014842476793055,0.1222837261472969
-0.7084503073469935,0.09748905186565986
-0.7072954417742726,0.11982691874830154
-0.6971589593383442,0.11667092407154611
-0.6866921530123661,0.14009502165711765
-0.6907296083070303,0.12820845967896624
-0.6999654900512715,0.11246249868568582
-0.7008157641378262,0.10175116638352245
-0.703682970232529,0.10676159747761511
-0.701936461319477,0.10669803528177252
-0.6987473012008135,0.11505122713497033
-0.7110315039434548,0.09667422883689365
-0.6995256514381106,0.1212825233137819
-0.6997090523881196,0.11384897173797516
-0.7028628662318855,0.1014568804763153
-0.6974314103662518,0.11003035338953591
-0.7083212150505472,0.1138836037948997
-0.711147682464011,0.0916474113773771
-0.7018002598878065,0.10064390826617015
-0.711155763687874,0.09857501081398894
-0.7062303110050657,0.0946696172344488
-0.7006434619792868,0.12350184335803682
-0.7052268970520371,0.11764566965501703
-0.6989745435797775,0.12411851386744364
-0.6940931071812227,0.14128355505497342
-0.6956987715226647,0.1295746835383018
-0.7053717750905424,0.12138606665609251
-0.695590387335134,0.11457584809423808
-0.708254229344873,0.09144089999086069
-0.6902071066886624,0.13784500866193705
-0.7007458468528371,0.11890057926115478
-0.694295934039317,0.11416618694956905
-0.7027005401296029,0.12758188075184346
-0.6990010726902964,0.10519568916145648
-0.6981146439223008,0.12150178641859699
-0.6940988899481,0.13135144839424984
-0.698219657228479,0.13608231899831885
-0.693529610029352,0.1174567583495853
-0.7018477130850431,0.11707261692267347
-0.6927936224034599,0.13408251888908532
-0.6991079275223888,0.10912728097097676
-0.699252469988934,0.11457104697972344
-0.6980604523195295,0.12406627138974131
-0.7097455656474007,0.08404240115135331
-0.6905834458048483,0.13427431735058115
-0.7017132064989918,0.09767355400793575
-0.6875596832543002,0.1446242548171847
-0.7003328157628331,0.11285639346384589
-0.7109853298911604,0.0833575236614332
-0.7018525290230906,0.12499834933473553
-0.7065810364165525,0.10295060435648326
-0.6982424695689528,0.12644610445076498
-0.7007489146542973,0.11755766365486418
-0.7130647328796117,0.0975510678173857
-0.700145386427961,0.12777541976724965
-0.6890368543918751,0.1413428014195319
-0.6958087774410994,0.11999163705389522
-0.7108982718256915,0.10509258865196386
-0.7117544401022551,0.09851287745367752
-0.6969432136780126,0.1127735996463458
-0.7047686760540547,0.0972374618704613
-0.7010243946941742,0.09903003385647838
-0.69098627081531,0.1244077005231266
-0.709148426995334,0.10691516061830202
-0.7072195083666533,0.10409481800088168
-0.6910149212155673,0.1458985983902249
-0.7060516962989674,0.08979357848831056
-0.7032204766339134,0.12007233335218603
-0.7104029979084951,0.09076967233877836
-0.7082965887735302,0.08879585560406902
-0.7025071968788227,0.11195474155624224
-0.7059894921076083,0.11469481194385416
-0.7093800566135421,0.10684235786288847
-0.7072301614540936,0.10189624712668592
-0.6973014922830841,0.1187965833406596
-0.7065366346945158,0.10573062676857112
-0.6998921861238244,0.11444729704085885
-0.7088238971669625,0.09226660931430773
-0.7058525076884739,0.09148293306111661
-0.6962212511548453,0.11845240769547215
-0.69482096949541,0.13023803834558864
-0.7007721527349647,0.10532959260106455
-0.7066491760917484,0.10896503815308732
-0.7008787726571243,0.12753348729839825
-0.7012716732285663,0.12371686850722505
-0.695393263421968,0.12362467720976504
-0.7038054679002892,0.10137828296987993
-0.6952022007407087,0.12032563762775425
-0.7035388122739179,0.09412830647627163
-0.7059110474786903,0.10794225681544885
-0.7110472350568138,0.09332784738260655
-0.6940440161846255,0.11454821142152531
-0.7128244649178255,0.08908944409842072
-0.6881293801133278,0.14299150174086586
-0.7021038750510089,0.12065945765732504
-0.70387278007149,0.11248538001665948
-0.7026107450497509,0.1052763699348417
-0.697257993815382,0.12458864147302187
-0.7076190673810928,0.11311174136581667
-0.7090791257389,0.10457826284067047
-0.6958107876638414,0.1194015292112053
-0.7053553511145421,0.1159261596768334
-0.6933882338029032,0.1365803265185767
-0.7085339224227054,0.08870561382596946
-0.7004770566285751,0.10500463858459871
-0.7083675791949998,0.08790241937952027
-0.701805750148323,0.10651175324462513
-0.6901669285715976,0.13636833708012328
-0.7083841857284622,0.09870527277555452
-0.6936357962482207,0.12613064367525842
-0.6953182427067638,0.11918870259951848
-0.6995178006936674,0.10747070569581102
-0.707338449999223,0.11309711060666293
-0.7134862523317839,0.09426278695153203
-0.7024882226816848,0.12461808584669538
-0.7046562553896534,0.11799661968203276
-0.7019145528020613,0.11391257862096386
-0.7103685380212211,0.09790909566835447
-0.6945513101266205,0.1306817790997845
-0.6921383547097527,0.13057496188131068
-0.7082883842130339,0.10590567470685064
-0.7002287123728702,0.11501155355268065
-0.7107342674399367,0.09004680351528367
-0.7034734857415949,0.117972335441198
-0.6995286776857822,0.1102594873831431
-0.6965228898299208,0.1124125072953278
-0.707924689832408,0.10529626141240199
-0.7075217265536602,0.10280364520900438
-0.7013239720156883,0.11861968994681893
-0.6971780650319647,0.1345805937167541
-0.7128926985588119,0.0889594514715671
-0.6905875475059534,0.12911027769983574
-0.7032097823131993,0.09959727847346622
-0.7058831382703725,0.10336546438241236
-0.7059527045511504,0.10264355596619625
-0.688161885599585,0.14286326542553446
-0.7108294730224626,0.0828705507215363
-0.6993594340928246,0.1275835076959557
-0.70539074031168,0.10699795189530573
-0.7002844861699042,0.12199004084369175
-0.7046691941048163,0.12134310500477573
-0.7059150232809689,0.1138744437834279
-0.7075315515163129,0.09579993848761899
-0.7023029986250943,0.11835695005907544
-0.6958537748782356,0.12353771310043286
-0.6943812258992069,0.1433440786267677
-0.7012975169883743,0.10681208173017213
-0.6973843627727144,0.11410163991143903
-0.6861048427050568,0.14234231403004283
-0.6987207867779883,0.10981943637776492
-0.6936000241525598,0.131810034337927
-0.6968775405936155,0.11430542965167814
-0.7014999776152767,0.10557394604874536
-0.697900064848221,0.11954947071149684
-0.7032875226226544,0.10300158757951235
-0.7058799898067117,0.1048262474780545
-0.7067025350059075,0.11147477165886159
-0.7072670732468649,0.09282800274101634
-0.6902485668388815,0.14356852218657626
-0.7027197113691508,0.10706665226363359
-0.6950507726580372,0.13493956877673594
-0.7037480706709093,0.11037460003837113
-0.6916449105222037,0.13484127496178377
-0.6985904355774983,0.12958552345982538
-0.6985796512537021,0.1346370955283299
-0.7103615060821812,0.09343709584503888
-0.7059252439300565,0.09588107225427667
-0.6958239505255417,0.1301416549805604
-0.7128215008710405,0.0893286483980957
-0.6963880808999764,0.11744936679982014
-0.7055573155427324,0.11833786840682191
-0.6980531778046744,0.12347981070157943
-0.6903677982092677,0.1401867833809444
-0.6955763522119794,0.11602434812512401
-0.7063522003450173,0.11217724237604629
-0.710969675900593,0.08296618438991475
-0.6976516331948961,0.11483153635724169
-0.705506542077616,0.1051252888275146
-0.6914538041945409,0.12108253183691688
-0.6979763729470405,0.1135678738790463
-0.7070067106635924,0.09031573333317598
-0.708335246052559,0.0913190029117084
-0.7051605088705393,0.09595775311951765
-0.6973956799247819,0.1229894409839013
-0.6891386617579799,0.13148971444868213
-0.7014639337712684,0.10372359230719148
-0.6906792729320469,0.12264095159159165
-0.7006972227384367,0.10935676727627693
-0.6981506316919499,0.11984453145854171
-0.6992657880943571,0.11337639921916984
-0.7023773103204517,0.1065899866502466
-0.7012231005854881,0.1158179598287356
-0.7009746959118256,0.10614268334878055
-0.697082445041296,0.12048193793287595
-0.6984751489026483,0.1258862719833184
-0.7023529845184026,0.10023303094310351
-0.6997043356591242,0.11384006612015336
-0.6980772865390332,0.12221054216978679
-0.696189344213945,0.12027107461866418
-0.695899756166207,0.13287778884408885
-0.7032264707762012,0.1123723773539277
-0.6943577523192508,0.11426068321285444
-0.6972963223801709,0.1139804107542084
-0.6944760303975653,0.13756728204387778
-0.7038983538073067,0.09781798125895544
-0.6921296221456601,0.13162596475157134
-0.688798193748714,0.14166380956626784
-0.6951525793283694,0.1101095368211032
-0.7095467734511951,0.10931156021779681
-0.6912752039686875,0.13008290725946445
-0.6986079822498401,0.1109370368495268
-0.6935349862722344,0.13669623293090524
-0.710308287762231,0.10012886574174908
-0.6979964089191657,0.1255704229203602
-0.6938637566358228,0.1204661065821631
-0.7111557775276052,0.09291621697004802
-0.7026294527358027,0.126598995703498
-0.7109889021578202,0.096750320114593
-0.7006188005972184,0.11025393726764925
-0.7022228734849127,0.1252965655122555
-0.6953626364740177,0.1308130773604401
-0.6945790278509973,0.13013410410274084
-0.7021178584823815,0.10849593830163744
-0.693506547170424,0.11349763707929357
-0.6963115092766293,0.12878676352829155
-0.7009598206049866,0.12681361676797734
-0.7112368755246419,0.10295129473091595
-0.7107761098109399,0.09064544456579225
-0.6996832929240788,0.12977237531729627
-0.6983987465477651,0.1201142897554815
-0.7118325429072827,0.09224743958426061
-0.7060124075340687,0.0959595316564256
-0.6903713914145154,0.1240239478678321
-0.7062037389183009,0.10017381539672672
-0.7001198167988194,0.10329529663227531
-0.7016935140544317,0.09978188141544236
-0.7052608160371164,0.10357828601337568
-0.6989208973822647,0.12162769646804862
-0.7007049476558989,0.1058482586341271
-0.6970357926135509,0.12582039166590134
-0.6894456951365665,0.13379856511078786
-0.6934010282734796,0.13182350586637617
-0.6988575550464751,0.1322839312506459
-0.6927811994741037,0.12217725386474317
-0.7030300427809579,0.11833141162923796
-0.7056460308498929,0.11470266897090577
-0.6930929896895133,0.12957467436022532
-0.6952828091082699,0.1352990634755906
-0.7104188348683736,0.09796103916782775
-0.6893690123486506,0.12742501676916815
-0.6993871465134391,0.11798296549328167
-0.7004450673428279,0.11397514799609278
-0.7008372605243547,0.11911453154807643
-0.7050093864969288,0.10581732853300306
-0.706307682180646,0.10321174681273604
-0.7045728367701594,0.11478393504615164
-0.6997431225014917,0.10268763191022384
-0.7032228880298209,0.12868863646852144
-0.7045650606270663,0.10876989100373895
-0.702216450107791,0.1289118887500197
-0.703133592890327,0.11323966325596815
-0.701225640872661,0.10437538004174718
-0.6994723895115131,0.12547059244607786
-0.6962204284605202,0.11475514139754206
-0.7046367808695726,0.09918913752226385
-0.6957755884288513,0.11525936198182651
-0.7045671269536473,0.11794220936965533
-0.6995653138892315,0.11427463682055372
-0.6956374693674038,0.1253357817255448
-0.7059390362458388,0.09590978221250934
-0.6969331138574911,0.10828367128214943
-0.7025109390027096,0.11442702692360812
-0.7087557014695713,0.09454041415716598
-0.7057181693585558,0.10027153421982474
-0.7054478266064881,0.09310066307784041
-0.7063995563124662,0.11042557851484334
-0.6982619414584204,0.10927699134059397
-0.7008041121480165,0.10338624132347611
-0.7026371427786503,0.10896688806170823
-0.7103129179619504,0.10644686858164014
-0.7044152252367086,0.10288926106985062
-0.6967958883753498,0.11717446885176906
-0.7071056140869507,0.10039423644190783
-0.695926085290018,0.12570531309548
-0.7046737454003356,0.0994907410891951
-0.7043200947582205,0.11392278546035947
-0.6991388405762484,0.12092401559018622
-0.699967650683003,0.1037816566530135
-0.7007446247494267,0.10786079272537831
-0.7076094374403775,0.10565813760648929
-0.7083780375897325,0.09056486027165908
-0.6937840291959967,0.13184903108548607
-0.7060183563030445,0.09739003353909612
-0.6978910766644394,0.11372106776910441
-0.7041162553846645,0.1138181006870672
-0.7125065063672709,0.08376545381755307
-0.6970888703706377,0.11864387639185803
-0.6992305487128039,0.11881709996580447
-0.7003483088110348,0.1036405548350163
-0.711068949642029,0.09294297291215291
-0.7096151578673274,0.0888898200783836
-0.7068438504821543,0.11606268715886879
-0.7056457209769168,0.0930444945474297
-0.7058248757136053,0.10800023941016282
-0.7025837757995771,0.11773846234051305
-0.6960519447169432,0.11565148003439985
-0.7033885517351373,0.12330184489002662
-0.7041830438295004,0.12672083326889558
-0.7034535261999517,0.10867522791528204
-0.7062094616705601,0.09857950529644545
-0.7041217052797438,0.10342418483037484
-0.694619544302618,0.11277837367731336
-0.7087477720090722,0.09064543026446333
-0.7042744957889522,0.10756039335140866
-0.7007858289791692,0.10933005723489451
-0.7046440771410917,0.11920007679513514
-0.7000088848574485,0.1112605748531781
-0.6959660829503956,0.12174267783886983
-0.6952624655775366,0.1293630846968016
-0.6979949293184123,0.12324006238433437
-0.7079906733434334,0.10383031497956756
-0.6954804319946464,0.1258328628520189
-0.6946616570931533,0.1284665931982835
-0.7092804048084801,0.09136747503655926
-0.6948827758508127,0.1330571400128345
-0.7039077586892547,0.10794927713991835
-0.7072815235606376,0.1079227025176642
-0.6916334302374957,0.12892770366318387
-0.6927883967010864,0.13689213810107997
-0.710287662313808,0.10484933200944617
-0.7054584418143666,0.11021818478016786
-0.7105945934306324,0.09648612084390958
-0.69756935093069,0.113609777792543
-0.6972308030257796,0.12735404671441092
-0.6911776462004519,0.1447225506580877
-0.71289268883629,0.09163460301813103
-0.7037893309690073,0.10393581981453952
-0.7068955760163452,0.11490395317956897
-0.7010869579898158,0.09711694913624795
-0.7026233251347322,0.11555167828111731
-0.6972230695633153,0.11182734554064609
-0.6909124412242387,0.13699707755974747
-0.6998790014652084,0.12166879854400645
-0.7070265611965529,0.11427511700557663
-0.7042243902332754,0.11014553957501376
-0.6903141953137825,0.13790590158877963
-0.7109110127653847,0.09939715844331902
-0.7087357824956756,0.09221702828730001
-0.699944904185317,0.10646793800332177
-0.7067363529470848,0.11048656023111088
-0.6898177835492812,0.1348979110789626
-0.6964786123711965,0.12035282843375099
-0.7033812711002203,0.11940504043940883
-0.7000074369092272,0.10204089821912392
-0.7026595745066889,0.12355151980475432
-0.6941401934489181,0.128883360057837
-0.7030986525222339,0.10662341168252633
-0.6980885095042346,0.13568663793155558
-0.7042426474919234,0.09515477697112516
-0.7005520405058383,0.11659699301825587
-0.7098833471153045,0.09906888451953914
-0.7044776709577818,0.09688293176395867
-0.6968044541612672,0.10750923029254435
-0.7046151900477484,0.11969521229668095
-0.6973530408591978,0.10748165013527342
-0.7095579620745508,0.10361509684779831
-0.7064823076722361,0.09891071106329961
-0.6996810596422661,0.11485676896134625
-0.7020173797398733,0.11031163663118557
-0.7049016320316152,0.09909273581695108
-0.7131905258028199,0.09532005553951765
-0.7057642192681757,0.106389439107351
-0.7011050872953368,0.12904913745316646
-0.6915251099295097,0.13024819607978216
-0.6996604943693423,0.11050437173244897
-0.7037075429378858,0.09905999078989196
-0.6974685490686077,0.12268810372102529
-0.7037448749072431,0.10476939845059775
-0.7008266401787311,0.1105613045637958
-0.7076364198142232,0.0970041962728228
-0.6985644963728561,0.11661916383710308
-0.7011691570525452,0.13164132821614993
-0.710895076057221,0.10543012787981047
-0.7018827518502538,0.11763716117561046
-0.6986250569392162,0.12906114794462645
-0.696026495141291,0.12847910266906198
-0.7043882000958196,0.1097832942125611
-0.7073116653056617,0.10606822387437886
-0.702693544432727,0.12424488562283724
-0.7011174377877564,0.10722298579642947
-0.6996041358234034,0.1186323581403624
-0.7060297193701209,0.11138741189777351
-0.7056581734608363,0.11055401740958691
-0.7040245566644431,0.10342069930517404
-0.7139298988923813,0.0908284666211912
-0.7092514130031,0.08921940946507918
-0.7064013097651751,0.09479451596483628
-0.7020509419645853,0.10469121439343046
-0.7031723834355932,0.10270354746621228
-0.7107541408143432,0.102101714381899
-0.6954096672542271,0.1274524598855683
-0.7075420566789546,0.10428757631999645
-0.70786169436333,0.09302908327277266
-0.6966949304044129,0.11632799618963532
-0.7037906849561572,0.10881804978062304
-0.6999681839061003,0.11595158336296855
-0.7064992237508038,0.10487646161175508
-0.7008523208650006,0.11692590726728126
-0.701648286374129,0.10991762402789944
-0.7004546529607802,0.12956850399366904
-0.6978331980095179,0.1251693373229227
-0.6968615727326333,0.10886315864616959
-0.6940052866522075,0.13460439963099433
-0.6903881336150758,0.13183727482637012
-0.6986741064071998,0.12722100749768944
-0.6936180576001716,0.12493411759393976
-0.6967180635224763,0.13752582219920992
-0.7006835515839124,0.11732109914423133
-0.7126596083542773,0.08963642788449341
-0.6993478434480567,0.12225666370344286
-0.6935909583844372,0.12422960636405975
-0.69890171352918,0.12439776684270784
-0.7118416584829623,0.09734439246864639
-0.6989570088814001,0.11875477155727164
-0.7050170037401605,0.10019727795249195
-0.6959386125425722,0.12798102929204283
-0.7018810681884484,0.12027400619588123
-0.6924142399217629,0.13459684114386639
-0.7076412018698985,0.0973704759376964
-0.7035916262430766,0.11426054028925654
-0.7011405227394002,0.1254807566541343
-0.6985049438489371,0.11757351183861466
-0.7091350085301825,0.09521464378636127
-0.70295110708859,0.10886926568338032
-0.7047148954884709,0.10629714634456972
-0.7009346239651634,0.12832892278150893
-0.6996143621905025,0.1286668044995119
-0.7007157359729702,0.11480439730388577
-0.6935266036108704,0.1362623347181736
-0.7022750649343846,0.10901769731083781
-0.6988966229332201,0.11515859511885693
-0.7024831470704772,0.10833554552324694
-0.7024282705552614,0.11888650794446956
-0.6993710724382524,0.12799590359855495
-0.7042463953166346,0.09910316512207945
-0.7079494162037305,0.09524992385544616
-0.6923234043343849,0.1309092835473481
-0.6954589540549697,0.13352635114867542
-0.6999146297192363,0.11122492711227658
-0.705153385347693,0.0979062050136849
-0.6946612562345481,0.12754238235344775
-0.696762113151201,0.11665041819477459
-0.7041555383926625,0.09186331277412847
-0.6988556773760325,0.12786145121151674
-0.6953016466445417,0.12789326558432443
-0.7048999798762882,0.10805388179121495
-0.7094677443258017,0.1000562164160877
-0.6952725265748431,0.12652704180203542
-0.6921081691512871,0.1360448047705037
-0.6981512194926606,0.11953319783438845
-0.6942525764006129,0.12644752893265312
-0.6981291017661413,0.11353727417887288
-0.7026856517285914,0.11508496175994239
-0.699220637731248,0.12585595174868502
-0.6996444030952716,0.12316953120355795
-0.7025967434515112,0.12093454921274868
-0.7005348909759093,0.12948256172670436
-0.7013157014468536,0.10445610001922656
-0.6972589343192687,0.11185840858225558
-0.6957307859993846,0.12957691415170677
-0.696487713718794,0.12459959032141893
-0.6995673826479082,0.11714466584099074
-0.7103826190352377,0.09596583947573227
-0.6927496711467062,0.13481875558379405
-0.698095130795616,0.11558436485184734
-0.7032552573813385,0.10893932733489864
-0.7071090821135528,0.10428944781244624
-0.7092973539646732,0.10626286096170959
-0.688057127191829,0.13807391039154882
-0.7015729937899664,0.10976889866510814
-0.7027555082160469,0.12315206057138366
-0.6979063892823677,0.12033300397488894
-0.6941037680378915,0.12156592522688357
-0.6997177407069499,0.12161762851990846
-0.6935192495949365,0.12108983933036681
-0.6930304934441505,0.1380766592314717
-0.6933591041647462,0.13639786881282995
-0.6954058398111873,0.1164216194962103
-0.689835840191529,0.1390176793335169
-0.6997333151992668,0.11184884335636876
-0.6936245069756877,0.12986526962651096
-0.7052754343358825,0.11283879960694307
-0.7052912747062499,0.10670939672826961
-0.6947056112380712,0.12760528667462173
-0.7036172493335873,0.11549142867926582
-0.7020336750706669,0.11733798467557345
-0.6946083162057172,0.13057556588215397
-0.7084120328831054,0.09850455697032233
-0.7031041403980749,0.11884684076816719
-0.7073253577487529,0.10383516885556726
-0.7013276346300961,0.10793753872600328
-0.6930342089502731,0.11621738771843747
-0.7063244740436665,0.09689063851883067
-0.696597241660876,0.11949499485874994
-0.706955810709239,0.1032782508003942
-0.7006353873147388,0.1237565269181162
-0.6985869280364425,0.11680189007255022
-0.6978688694744798,0.11980649194709457
-0.6960659257635566,0.12838973995158717
-0.7069738896656896,0.10786733567606038
-0.7013693938924634,0.1208837669366523
-0.70710808044858,0.10523567621071497
-0.7002403081623129,0.11838683099570675
-0.703832950246072,0.10592259370534687
-0.700367857760989,0.12273604035333693
-0.7072898793661672,0.11037928719259547
-0.6946612970882874,0.1273335579680815
-0.6930695760124373,0.1302213830409255
-0.6986289042922603,0.10800400974757848
-0.6962857112146514,0.13028724214289863
-0.692798187081893,0.12709409804377556
-0.6923529061963356,0.12333424908320795
-0.699871969154573,0.13399488465667006
-0.7027110730151601,0.10408807440502767
-0.7005152371543157,0.12966618251756237
-0.6940027034400633,0.12224693542348797
-0.6921355271645914,0.13619271198412172
-0.7003087614951531,0.10419528383921364
-0.6977737324798278,0.12192667763286127
-0.7095226538162092,0.10207785363394674
-0.6912289588366028,0.12941639537537875
-0.6967435320420858,0.11025068042527632
-0.6994945570207701,0.1231735213534554
-0.6973964764724604,0.12377253204595329
-0.6970981563752034,0.1188689118210052
-0.6958195097351992,0.11489463940165953
-0.7019250004738924,0.11594225335757079
-0.703916231316685,0.11112840091775886
-0.7021943695875361,0.10796491370678471
-0.6989705344670726,0.11263833372952721
-0.7057249889481474,0.11152153335178441
-0.7035333781328117,0.1018252526520397
-0.6887285172546801,0.13059380358163056
-0.6879304328057494,0.13372257766439644
-0.7056388927265879,0.11578632513444917
-0.6988106175632643,0.12255379709176012
-0.6970771283072075,0.1250512646479215
-0.6949299409701973,0.14117710379908285
-0.7076691778517177,0.10047282387924122
-0.7078365596804794,0.09556197027655107
-0.7042295438757916,0.11228979525830145
-0.6916509124537719,0.12719686595687307
-0.7013143860964854,0.1033997806149617
-0.6983391395899771,0.1310648788419396
-0.7074310896911239,0.11155524304261183
-0.6993503145428543,0.12554109801888647
-0.6929429943175284,0.12152481212990267
-0.7031482107413279,0.10798923704285354
-0.7058356056964298,0.10485132052505756
-0.6999902512588994,0.119511107519858
-0.7067524558003606,0.10495457417840239
-0.6957025682021483,0.1205970816226436
-0.6980060186900173,0.12613449181598652
-0.6968681649841216,0.1341409255585784
-0.6938998583030431,0.12514392903928526
-0.7038580534344522,0.10733288929123483
-0.7071332716154846,0.10056786847522925
-0.6957564612043113,0.11571794646842616
-0.698011797632468,0.12034282036123624
-0.7018552880138723,0.10919785269015307
-0.697825125660523,0.13735835258038345
-0.7014398856299585,0.11676622616421777
-0.7085382101545964,0.10305310083239606
-0.7065489023770202,0.09659870972871454
-0.6983094481596662,0.11310669853474856
-0.7055325745995286,0.0998063930679886
-0.7048803698929847,0.120739975791746
-0.7076013528072271,0.09254072815919193
-0.6996524567325114,0.1124489751167866
-0.6934120678181857,0.12316383552295464
-0.7011726903474826,0.1144252205415156
-0.7023555560638769,0.10587093923950822
-0.6955566307026647,0.1217704388590489
-0.6971647743602837,0.12141575837875071
-0.7050845546382231,0.10626665697235958
-0.6999474662819427,0.12566374579848816
-0.7009503000931907,0.1305177546166676
-0.7094884051273741,0.1019940042251812
-0.6995576917620282,0.11575635380140904
-0.7049681549649505,0.1108619293815102
-0.7051268531989059,0.10446788385770395
-0.6931932250045596,0.12310831631351256
-0.6986492391340108,0.12438925139467227
-0.6956179202358972,0.1329031915606839
-0.7011064637439313,0.11852915204184862
-0.70230664695494,0.10641880080113998
-0.6983521511657558,0.1201234121992922
-0.6954792973382058,0.11519494407205831
-0.7053678990048509,0.11547236571529709
-0.7084145722270138,0.09757710269137938
-0.7000590717291725,0.1237243507393484
-0.6992481840794453,0.11451233581105828
-0.6997468056084294,0.10836445910402726
-0.7059962031958351,0.10440977513092191
-0.703858725172676,0.10359288091320262
-0.6960670633147154,0.1343435901366063
-0.7060051499924305,0.10120131087282841
-0.7023027611725646,0.10480075144232304
-0.7044387789767992,0.09969084878400537
-0.7082056159134519,0.0937783228412796
-0.7089041940534357,0.09694308036919314
-0.6983616342359666,0.12334140860434542
-0.7066171194134457,0.10726591803488426
-0.6935213564746191,0.11615228348035705
-0.7036072966541019,0.11875320218762055
-0.705439004840888,0.11948894090329179
-0.6972048079296547,0.12180849223405102
-0.7017218128532826,0.1163441023460122
-0.7061894083554906,0.099181393866152
-0.6921692361857277,0.13884845639435928
-0.7007643933625497,0.10811951820318787
-0.6920345143136595,0.13415737231997155
-0.7011310227143932,0.12244331165205864
-0.6951580766483245,0.11266465976671275
-0.7013603001618723,0.10167793200435236
-0.6939514065414665,0.131291085961695
-0.6965251193716279,0.12935255630862824
-0.6927528803347099,0.14217160429946904
-0.7026905168269317,0.10859423047393232
-0.6977326657595552,0.10879381603728008
-0.7046024172531097,0.11397127001117133
-0.6937544305864977,0.12007560029296442
-0.6944093146500574,0.11735584192286799
-0.7060681778043246,0.10085160606721887
-0.7044156005489369,0.10119567719134392
-0.708278737253486,0.09813465521736589
-0.7037740340293787,0.11171708023601797
-0.6987423603608527,0.1238058730162635
-0.7023517653876108,0.11347258409054857
-0.6997695092651648,0.11863027540763367
-0.7075795048299087,0.10388791056490133
-0.711389223725697,0.08752712100801978
-0.7092081368843265,0.0954244477901935
-0.694112656707533,0.12398154794072302
-0.7036050766210263,0.10549585961111453
-0.7042841610253692,0.11088384142010273
-0.6935900707324535,0.12287370005323214
-0.6899257008259038,0.13402867896063336
-0.6993166274371101,0.12978403179005
-0.6994601852562072,0.12807490556444548
-0.702192995816993,0.12014012848174214
-0.7013101126814179,0.12931176135322486
-0.696498715523988,0.1185286860463687
-0.7067225022666307,0.11249907460064723
-0.7062000185569814,0.10015159891031013
-0.6915847771711975,0.14057010328672187
-0.6970937446792245,0.11556046078775434
-0.704187966420323,0.12136073729725935
-0.6969755648868663,0.13482447819886154
-0.7073269129351349,0.10340875389689129
-0.7047032253090103,0.10469821593718136
-0.6930864436188133,0.12943537705226918
-0.7030089541299523,0.10982855736939721
-0.6946310252836523,0.13460032128411054
-0.689255937291331,0.1442098675648661
-0.7024516956986988,0.11525575255823944
-0.701327366657032,0.109635822292083
-0.6909208478816479,0.12729659290282921
-0.7035866270290376,0.10518147801262262
-0.6995842161612691,0.1316433635615542
-0.7064541477815489,0.11292927658730524
-0.7085918798579433,0.1030547455448484
-0.6938460045816037,0.12237004206506863
-0.6987360668645187,0.11014700928364295
-0.7088478323756979,0.0928279786393561
-0.701524380095333,0.10462769571178585
-0.7014530564755577,0.10757041359166904
-0.6937051505284002,0.12278815862873566
-0.6967181883006466,0.11939309221738317
-0.7046273082010424,0.11539899819012774
-0.7064810367603055,0.09735667807352127
-0.6959251796749455,0.12672105869940922
-0.7006076753361911,0.10531738682613913
-0.6935009144193999,0.12519032046692724
-0.7042954886651268,0.11846206409013614
-0.6994008312974261,0.13574973691610953
-0.6944021374819667,0.12737957625090812
-0.6937311940499655,0.12835580995272403
-0.6943835424113893,0.12630132427196414
-0.7060890926306543,0.11224395670554431
-0.7073199089519921,0.09591377730191476
-0.6986116500420555,0.12992118166659533
-0.6970427524990023,0.13069750588301313
-0.6892514296403914,0.12714700032781595
-0.6973256846093159,0.12892325252787099
-0.7067864567309408,0.10436825691449211
-0.7024557224973473,0.09960776191597819
-0.7033080039386501,0.11342626373745865
-0.7019659393336614,0.1196254839797997
-0.7034536390580218,0.10071098592907861
-0.7017082650835325,0.1092166236968574
-0.6997553552230097,0.12547555353868425
-0.6970504150678508,0.12197793804029776
-0.6993976791271451,0.12783492266976354
-0.7002185951887522,0.11652502922687645
-0.6952628169793846,0.11914808428460186
-0.6991910999861344,0.10726262789653364
-0.6980613610623404,0.10688675540795767
-0.7051024108377547,0.1054971011453328
-0.7072751019417023,0.11135638864837186
-0.6920766349678182,0.13445712084559727
-0.6976050107368321,0.1139021392277917
-0.6982884292161673,0.10825981010982035
-0.7015727509006505,0.1170311976046836
-0.7068208010551451,0.10167460565111772
-0.6991341958598271,0.10781053601022549
-0.7053860679967757,0.09931628982468475
-0.7057076944959004,0.10512568085824826
-0.7057361183418321,0.10951322997287347
-0.7038353217701442,0.10232902724595432
-0.699691273772729,0.13027856741440547
-0.7064303742838811,0.1033272783321483
-0.6965895175887573,0.13268314926414804
-0.704383392158677,0.10379821514321458
-0.7028988738391975,0.11162035437778438
-0.7045999057474287,0.10303900216777674
-0.6919597035047313,0.13847949891176536
-0.7023983867054515,0.1162787133482734
-0.6981897835158359,0.11151806558847382
-0.6971906427367618,0.12135709379217058
-0.7051698957193563,0.10562350397331313
-0.6994209994907326,0.13015682406438694
-0.7035947741264922,0.10697512198556862
-0.704130338223497,0.11107801195159159
-0.7001276965529263,0.11248339835862338
-0.6954241380051519,0.12200611849512871
-0.6992340051594508,0.12369490421220669
-0.7004481234506977,0.12019301136277374
-0.7024881070375636,0.10901095768939292
-0.6971388441106251,0.13019775483411927
-0.6968848554314871,0.12327781264626274
-0.7000735277478652,0.10668126673575472
-0.7043708193622762,0.1120194070395847
-0.7020681378950423,0.10587755826166102
-0.7044140839851364,0.11631237468699912
-0.701996990910771,0.11996571532727636
-0.697684428097255,0.11986193060323842
-0.6959913077004946,0.1277643181222138
-0.6952388125601753,0.11601797127480584
-0.6960506535958997,0.11639156882060345
-0.7022804781392294,0.12771593694558153
-0.6939420787744401,0.12745257339340604
-0.7071496856793604,0.09964680915797794
-0.706610504174447,0.11369326566786093
-0.7052557573349099,0.10182141353084467
-0.6982935818501268,0.1076183269041709
-0.7003495503240276,0.11965073806722541
-0.7066483456056087,0.10544480246390114
-0.6881745823915552,0.13582145565266301
-0.7034500639793478,0.11258928563264063
-0.7005812174320128,0.11675616196808472
-0.6955600158157351,0.1315296984341437
-0.6999700375107067,0.12281553395173116
-0.6986593095882138,0.11617116818300154
-0.6975676030466827,0.13431970826326797
-0.7046940978149288,0.11620172504514928
-0.6984654432521001,0.12074354745617487
-0.7010513970959279,0.11143782868254071
-0.7071029142519648,0.10647056411421991
-0.7034883497505805,0.1132960502412345
-0.6913463526842527,0.1248210709798836
-0.6940246785353621,0.11951769059610533
-0.6940200335629838,0.12094740347905406
-0.7066726183675097,0.09654576413813351
-0.6987050053888166,0.11148550684123129
-0.6953823871903588,0.12487408865930771
-0.6980537900394136,0.12504464911306182
-0.6963192133445231,0.12314497650541162
-0.7011854580271248,0.11893149936494112
-0.7069762896642339,0.10701900506167092
-0.6968044794190934,0.1163333843161877
-0.6914268386277671,0.13780974651073244
-0.6962288631379073,0.1215454271417506
-0.7096090922583095,0.10169781388634204
-0.6995174562982839,0.11369533754650327
-0.7033189061226152,0.10843246447660783
-0.7049689512398193,0.11992095093862278
-0.6975301722771401,0.12876780577064975
-0.70267986259819,0.12009899931959142
-0.7083985620461721,0.10277573250198978
-0.6984989974970774,0.1290873716523646
-0.6988837525429118,0.11057314406989203
-0.7016557241669178,0.12574807583227327
-0.7027629864516346,0.10026298865026713
-0.7032312618775157,0.11476503152070211
-0.694274158819573,0.11922048613245909
-0.7023446200596187,0.12725628057816143
-0.7081407890537551,0.10407489497516813
-0.7093883770298525,0.10656603652684317
-0.7069941770950955,0.10943340640296317
-0.70100494569446,0.11999929171439906
-0.6974180643719798,0.11428530727023874
-0.6905808701566549,0.13936028828557567
-0.7020529550587806,0.10462303135431493
-0.6987615326060755,0.11614194824385282
-0.6982622428399725,0.1253599330244555
-0.6925499515257671,0.13260532093336744
-0.6976391418008603,0.13091930631035503
-0.7078171639922737,0.1068370388651519
-0.700125850904111,0.11815712742494447
-0.7003949234576835,0.11831776214007975
-0.7006008169013973,0.1147870198551583
-0.7008670729607535,0.1258986450996627
-0.6954628485890457,0.13481436205939984
-0.6995427952084006,0.10709861448761303
-0.7005369094165865,0.11312329044195923
-0.7062001110884275,0.11286881967239074
-0.7021349450548727,0.10470783309308761
-0.6993798709900121,0.12461396147365732
-0.6998258458895524,0.11437474911320059
-0.7041666071013792,0.11388185697641116
-0.6981185721412595,0.12699422315366324
-0.7091506133908381,0.09857483635643526
-0.701291603816933,0.10131517882842028
-0.7099495548961269,0.09231645089412267
-0.7014630632281899,0.11735135747564528
-0.6958516725955096,0.1278984794743309
-0.6929235323344114,0.14125612301536777
-0.6936861218955567,0.13096224820925575
-0.700709058324277,0.11005804551518737
-0.6980180882488627,0.11702630238841398
-0.7004780981920337,0.1072306348799912
-0.7027393445802524,0.11210323964545083
-0.6979187601685525,0.11110921289922861
-0.7077974477672444,0.10963934504347891
-0.6998867299367293,0.10541782880294617
-0.6981970317130306,0.12757748286143022
-0.7010796723580178,0.11267577471265779
-0.6925379757050253,0.13388433431377258
-0.6991830019536598,0.12535484076567027
-0.6940370184709199,0.12133639135121875
-0.6959185548911118,0.12870304211865247
-0.7044121339478493,0.10756314101802639
-0.6954934607312022,0.11699925879579523
-0.6957958284488033,0.1160649050203556
-0.7057003424423328,0.10411110175836975
-0.6997205757073135,0.12354864422209394
-0.6990276043315198,0.1248417450331597
-0.6971194313473337,0.12356660267849391
-0.6977851484112577,0.11425599526474546
-0.6921474276392985,0.12588776217609754
-0.7057242392101256,0.11335643018468322
-0.696090393769771,0.13339548972698542
-0.7003874602192229,0.10424925998636604
-0.6994319057765183,0.12325767786519684
-0.6995990461488081,0.1239812930915749
-0.7044835698587704,0.11281739201445384
-0.7021714644328828,0.11516621746524644
-0.7032199609812583,0.1149950130954515
-0.6965639776632101,0.12345301235974335
-0.7091048697195003,0.10036842296963358
-0.7065099223412755,0.10122317188544507
-0.6985294569858472,0.12210278584950747
-0.6966186403354262,0.11696763208737795
-0.6968354625320495,0.12287194126227946
-0.6992112853876479,0.12504711822965112
-0.7015969240537779,0.11871312830079146
-0.6986737730199822,0.1117485334064841
-0.6993819674390359,0.113481000932468
-0.6957012503670807,0.13311241928559964
-0.7058802532253042,0.11147370900394385
-0.6966553472900983,0.1209652805799561
-0.7013079509323074,0.1105061601587844
-0.705580454792712,0.1058123220617215
-0.6975192445638713,0.11918480727975511
-0.6998106329734439,0.11042941423491329
-0.7076913297362221,0.09412165712498595
-0.6978669353131227,0.1266288504954179
-0.7016866994815975,0.10132943200726148
-0.7041549918950787,0.10631683343089478
-0.7010557886591788,0.11019363913035404
-0.6910438908598967,0.1387649820231503
-0.7005579910385745,0.11681517773839774
-0.7065811565868083,0.09640526324860513
-0.7027998842169054,0.11098131581104892
-0.7015808791244482,0.11019990135238712
-0.697676318478123,0.11119282696438032
-0.6999665269729254,0.11990617966630207
-0.6945264833364108,0.12976308082630145
-0.702477742196721,0.11897896611961792
-0.7013913876936534,0.12118799671839968
-0.6932254236810382,0.13255346175734617
-0.707995598324767,0.09233571558150148
-0.7103690486497858,0.0897824619714072
-0.6995218329896388,0.11232637870127357
-0.7067196113408879,0.10070073135418484
-0.7021446763499433,0.10229958654047576
-0.7009533684926502,0.1257906893140816
-0.6916092718020689,0.13365899880882726
-0.7021368307340202,0.1189775243754699
-0.7094224012539204,0.10503644158796353
-0.7053554514157757,0.09545639814760698
-0.697889377852869,0.11741686677193826
-0.6964410535772447,0.12412128067999116
-0.7011063711852411,0.11989002371412258
-0.7039570670716144,0.10678793263095492
-0.70139650088336,0.10603637623897472
-0.6974305471721332,0.127680268529383
-0.7010192195695275,0.12584239606695996
-0.7019493521730795,0.11019498681872704
-0.6908677241912272,0.13322945973411546
-0.6945957448142627,0.12235681341858777
-0.7027709757870698,0.10711865613160483
-0.6893515533130758,0.13420828226384787
-0.7006404741282123,0.10583252492814268
-0.692871230996508,0.13647370985830945
-0.6984394344580783,0.1154442716700954
-0.6954226075695171,0.12446370026886931
-0.7094842942089853,0.10150832242886941
-0.7035477079045511,0.12024748423952519
-0.7041528377737368,0.10539518510631118
-0.6963483431568067,0.11893176595560616
-0.6971857035587545,0.13457851513890157
-0.6962820318902888,0.12426170808716404
-0.7019174083434725,0.11234956298058414
-0.7022081979333026,0.11673589026399668
-0.7016346327439772,0.11459611694590885
-0.7011161921589129,0.10588533515557517
-0.6976950618979091,0.12294893917281907
-0.6996908201005277,0.11058854474444957
-0.6994252721493261,0.11260325911502138
-0.7009653445777407,0.12438597028882678
-0.6998268821586741,0.10437098657394858
-0.6999116373118613,0.12006731250666812
-0.7009379576013466,0.11627357053534365
-0.6946737471187848,0.13249706988604507
-0.6937537220887315,0.1284312964787596
-0.6995332393914001,0.12295916690858907
-0.7073549440200467,0.09213294615322583
-0.6991856188533139,0.11134834644096668
-0.7040786356462142,0.1049581741327322
-0.7048667422573232,0.10885750124262865
-0.6985551900150669,0.1160770331585853
-0.6972871817455939,0.11945715133653964
-0.7004065549623744,0.11128648341956397
-0.7026454843799378,0.11473404864694674
-0.7046491754048232,0.11422510675093607
-0.6954653710649242,0.13425600510362412
-0.7021290975731627,0.11517049716084772
-0.6967737835913965,0.11480158936088201
-0.7033961647063528,0.11886764973847522
-0.6928958801638756,0.13027750159452936
-0.7021042978956066,0.10961594758733276
-0.7021498049817263,0.11182782376859904
-0.7010626461469903,0.11890742090826523
-0.6962090723656608,0.12201993371100193
-0.7006644386229662,0.10866409676139378
-0.7034909650177537,0.11771845112438643
-0.7014489225160367,0.11577031615834449
-0.7031978130774548,0.1137044921717889
-0.7037487707118105,0.11039297910817372
-0.6991717440440238,0.11581411963769693
-0.6983098399390735,0.12000427763982441
-0.6988501525362292,0.11007159959125035
-0.6945233690718536,0.12620849127451497
-0.6920641738016174,0.12940272656114787
-0.6997798062006991,0.11352628438724942
-0.7037147517026366,0.11268249412219904
-0.699470170485119,0.12082292812502726
-0.6913229725427296,0.1290135429815423
-0.6938461840878511,0.12498018445243676
-0.7018829778541313,0.1109672329573679
-0.709006876735932,0.0984215913014775
-0.6960853379997317,0.11487662300295629
-0.6956511485046925,0.13567934399344728
-0.6957024743049371,0.1178540650939081
-0.6957784770571529,0.1208436783635126
-0.7034636059460144,0.11693512284584867
-0.7024728129061606,0.1167487829888352
-0.7057983639705694,0.10173365360478659
-0.7013255120451466,0.10872616573916578
-0.7024431353494301,0.11804705717210529
-0.703142906885283,0.10531825039491938
-0.6981514911969198,0.13066698518200448
-0.6996233606992746,0.12388936993428867
-0.697955366665052,0.12189056791848266
-0.7054463109030862,0.11456276230207174
-0.7032249667318811,0.113294978167811
-0.6910450453756857,0.12635985581570428
-0.7017443008920055,0.10228704382349911
-0.6939749623071005,0.13730221138327
-0.6977089661293333,0.11964622066848313
-0.6939520714225331,0.13002395583073217
-0.6983294914390311,0.1212394789822047
-0.702019894930205,0.10740264428468911
-0.698469945915326,0.11733120187894217
-0.7044090377271109,0.10577749553141262
-0.7007942272520993,0.11580088947427739
-0.7014393088846009,0.12011224518244595
-0.7004869857872014,0.10968728466311517
-0.6961134139816428,0.13330676455999682
-0.6888306315270829,0.1350612760948201
-0.6976120114224122,0.12493157449455089
-0.6983305175920685,0.11984779051600122
-0.7018818399954551,0.12465168114240166
-0.6953382957733993,0.12773406921547323
-0.7018364918912174,0.11402758143464088
-0.6963525008428885,0.12912498155594987
-0.7036736190983726,0.10526438699602311
-0.6931643276041184,0.12686605215261346
-0.7002378116549256,0.11202109531778909
-0.7060402700550624,0.11243606008493721
-0.6907980683654489,0.13216241671271564
-0.6996492035231345,0.1129247894465826
-0.7007318659984023,0.12060874017929955
-0.6953875713879294,0.1232233212505412
-0.7030667718312682,0.11658120726164592
-0.701600770918907,0.11557842446979781
-0.6962693311463574,0.11829457061019102
-0.7001031722350312,0.12256450541124696
-0.7071248042862894,0.0990367322186002
-0.6984020574964989,0.11431025410291416
-0.7027414022086881,0.11424894884423913
-0.7041953542823057,0.10634083024866363
-0.7025878180094928,0.10921104855418085
-0.694624309759296,0.1270048033812056
-0.6953583002173911,0.13061954738125092
-0.7007351222731851,0.10932990566111198
-0.6974759015051649,0.12362424264361394
-0.6956886367680677,0.12398658604156539
-0.6967795975218126,0.11933904216390949
-0.7035052151917734,0.10410515926336746
-0.6966715678196326,0.11435076170104655
-0.7020476711630247,0.10141312335617267
-0.7078893203860793,0.0960848087080249
-0.7083545574675107,0.10494292337696126
-0.701265055374858,0.1094137426597655
-0.699793742478956,0.1227668191020501
-0.6983745588970263,0.1294006500613991
-0.7065842764149413,0.11187407607482948
-0.697312170588017,0.1098457838204658
-0.7037417264438507,0.11261395422760535
-0.708141315905667,0.09835287524422548
-0.6905837859219783,0.13536712667763018
-0.7022310144609909,0.1220771695672581
-0.691242565661749,0.1344155976879854
-0.7018833092939476,0.12133102071631643
-0.6954651316873478,0.11590167060217178
-0.700732672859389,0.11976479730074868
-0.6967785869658737,0.11578023129100332
-0.6975049467048794,0.12083877194515764
-0.7007431878202197,0.11417588336138881
-0.7010117619111345,0.1075816579002211
-0.6986684913042103,0.11970527242241873
-0.6951352268985977,0.12497492841793127
-0.7082897240288817,0.10012866568355278
-0.7054500936800744,0.11585901976733082
-0.7061227316163197,0.10386510510443372
-0.6924536210664215,0.1363957833013341
-0.6978742639726568,0.12862120999007487
-0.7017460818557294,0.10894909561933581
-0.6938807893645903,0.1178312802269844
-0.7067982882109785,0.1042543817679702
-0.706334915542819,0.10095858393939908
-0.7042290095364314,0.10666405823882295
-0.7006577228997577,0.12080893412808874
-0.7042923683925308,0.11107134148605513
-0.6936057108871412,0.12928714584598527
-0.6924091475271335,0.13057640797335435
-0.7013560778696315,0.1171359795399533
-0.7021209498663753,0.10734842054576804
-0.7048962028814999,0.10538846440611144
-0.7040194810555909,0.1136524996790342
-0.6941911056815653,0.1218096004838546
-0.6981402438520669,0.11490945308351659
-0.6968722891277757,0.12359187896938602
-0.6987645771924352,0.11421509441557881
-0.6999270439779537,0.11593944569827515
-0.6935217104449655,0.13478751169854286
-0.6994603604143743,0.12306329040479042
-0.7039298280619646,0.1198087499762892
-0.7007093675703178,0.11197677796556839
-0.6969381425925064,0.12714962772050833
-0.6908550910362276,0.12696579916032993
-0.6997161096233016,0.11499500972022814
-0.6971106818104629,0.12150936600453748
-0.6950863945532096,0.13033323010027245
-0.6984248726840434,0.11590299031962406
-0.7042827833560614,0.11673988615066476
-0.6981288545904263,0.12119058893453435
-0.6945887249060055,0.12396914336901294
-0.7061512979287676,0.1119529976538157
-0.7026809040948618,0.12006795786801952
-0.7033924380014814,0.11349682452357227
-0.694164184425323,0.12068510769159008
-0.7056741305187887,0.10753965086139496
-0.700530321038334,0.1053331109280943
-0.6914666684366407,0.1321425809889527
-0.6923831666242601,0.13553932168644603
-0.7031615441794976,0.10952869983254507
-0.6970117232537935,0.12233761662425255
-0.7056347927284018,0.11595898995886895
-0.6924621712487575,0.13024332305668446
-0.6988490130805805,0.12689041157359413
-0.698859923391611,0.13035703389270512
-0.6978692036630968,0.11987634780760985
-0.7013496136792651,0.10870662996718686
-0.6928769559251039,0.12065645408025508
-0.7047583935417577,0.11140440584177136
-0.6911376539298582,0.1281977013575121
-0.7091873670802388,0.09431826941422987
-0.7073786171995187,0.10948305680045961
-0.6995742464739122,0.11633141916125574
-0.6998868197003341,0.10784500603074944
-0.6969510699627245,0.11501194549752458
-0.7033723533799042,0.11248652458020986
-0.6999742484642301,0.1286797890751526
-0.7036182208304627,0.10846628960846906
-0.6985419359195834,0.11513918638679009
-0.7056614256160124,0.09971425422432134
-0.7048049080799392,0.10351275384301413
-0.7018141779029334,0.11085400582486722
-0.7041378783214478,0.11571203805401101
-0.7062959508650497,0.09834873416336998
-0.6999137019918943,0.11027431742387452
-0.7011786791390889,0.10921495302689717
-0.6931814047778779,0.1305048635273502
-0.6951015670952092,0.12067099673251033
-0.6975754677523918,0.12984391828957295
-0.6991369695704208,0.12161523471805638
-0.7002706806005119,0.12334788856071091
-0.6983882704711543,0.12304276924950365
-0.6966856756411447,0.11495851672512933
-0.6942183432300276,0.13221128094015333
-0.6968825269693049,0.12349518745347318
-0.6976411287986884,0.12689374970299913
-0.6916866562214363,0.12612836934127458
-0.7052389439871889,0.09884262774467308
-0.6997401646968959,0.12260500292450306
-0.6952928842227049,0.13234912459903603
-0.7016731098460686,0.10770048157741105
-0.7051643308124165,0.11259413370910137
-0.7075213981569446,0.10213600242742828
-0.7001633412644899,0.11053771873323659
-0.6962148150074157,0.11772511310406521
-0.700845262298089,0.10954412377380278
-0.6991332242844249,0.11941492100332687
-0.7069959320102286,0.10339495491156116
-0.7036919245778555,0.10527322348746374
-0.6942529582362301,0.13077750850382924
-0.7012940716534914,0.11696147653950285
-0.6954109977661079,0.13744321683178284
-0.7033753384016753,0.10668401501396547
-0.7018082350611332,0.11427884159776036
-0.6980021526111551,0.11631191110443559
-0.7003619388240322,0.11745799534793333
-0.6906701467938762,0.13882106314592016
-0.6987904852707794,0.11852340759465335
-0.6950722712988914,0.12734031633597376
-0.7005045709209302,0.1150695597504226
-0.7036707214955341,0.11651540714432605
-0.69529244421182,0.1324564586944967
-0.6944580411642615,0.13684810332310052
-0.6953827403222099,0.1341742732170102
-0.6998505990092422,0.1208142939440428
-0.693354869412199,0.1312950425075207
-0.6967437096389821,0.13350781842355536
-0.6986938074710193,0.12073724545902877
-0.699977486854983,0.12630075857993953
-0.6937625491550121,0.13320602290364225
-0.6976127406684997,0.1299255277904429
-0.700713182665996,0.11219850655234047
-0.6974687353607806,0.12316581153566039
-0.6999111668243422,0.1154119419742527
-0.6924033977638018,0.13016728582015766
-0.6971845839055165,0.12390692809066846
-0.6923001487066757,0.12283272435350905
-0.6957187491563149,0.1237156037031587
-0.6953771707982065,0.12419760241382834
-0.7057044643624826,0.10917947149514273
-0.7001302269922587,0.11925009098469012
-0.7018577976304097,0.10925869937902928
-0.7018837013769013,0.10911834529101039
-0.6968182730002416,0.11815435443690239
-0.6986294710261466,0.1197627888097619
-0.6996008842458261,0.1182262068104065
-0.6913221892113751,0.1335329055704681
-0.6989407376473202,0.11281784547643946
-0.69901003726075,0.10998807665216481
-0.6999849837378378,0.12150833640603205
-0.6984566570130296,0.12266982971751679
-0.7020743522425733,0.12018341138481127
-0.6968648964512835,0.13122068046879445
-0.6969040804665374,0.12761617254730348
-0.7009127790398382,0.11448608858120833
-0.6982716755463458,0.11462396172952627
-0.70253054416524,0.10987096657458056
-0.7002184931723374,0.12736673118770275
-0.7022497083532322,0.11083099851775015
-0.6981197560852009,0.12774507076451966
-0.6982152040881981,0.12429148280626236
-0.6940138376135572,0.1314158647149701
-0.7051119091153023,0.11071063652249677
-0.7053577661927495,0.10792873179318709
-0.701247140044366,0.11897887994609944
-0.6942486954696055,0.12255820643688875
-0.6938953615412857,0.12954751388143887
-0.7071841403742155,0.10132849060566987
-0.7013380794084997,0.10814040603141803
-0.6938436399332144,0.13037590853582945
-0.6930546785909185,0.13209978186576837
-0.6994303304462586,0.11442267351686372
-0.7035737840140366,0.10747486392205391
-0.6992588956857857,0.11362801035625396
-0.7075522972554458,0.09809954611863582
-0.6937755250160523,0.12430042346209572
-0.7020187551600697,0.12166284186829057
-0.7010766279544033,0.11457335235757383
-0.7043532924660866,0.101136464282709
-0.6944188769508973,0.13472848731783324
-0.6999308063116063,0.11200488715445611
-0.7024513570411537,0.10973070591543728
-0.7024584579604458,0.12065953822299645
-0.7009520980008649,0.11932508401898637
-0.7012240955038862,0.12135440185329936
-0.7064268640561986,0.10454081320762237
-0.6944031568454524,0.12080546282229764
-0.6943699240782278,0.12205606393925042
-0.7029159662979604,0.10647251216082661
-0.7054669363579741,0.10897422380171369
-0.7022594523989033,0.11247190085169192
-0.6946037879148449,0.12149038147904237
-0.6950849989518905,0.12845187951534662
-0.6938037128334748,0.13895213483701357
-0.6992053482117085,0.11786391317687954
-0.7016915907349817,0.12378937850508903
-0.7033212487082575,0.11712013848388907
-0.7068357230945871,0.10768123367609538
-0.6962405070523858,0.12619154016814785
-0.7060208967971976,0.10687654181706172
-0.7008505283690761,0.11993534032118597
-0.6987090583201508,0.12406666154293783
-0.7022281364919044,0.11504821244635
-0.6979815219743121,0.12381787806891839
-0.7075699466013379,0.1038120755930175
-0.6955758379532119,0.12718567713647888
-0.6961639811232162,0.12371504894258326
-0.699541693284623,0.12246371122353279
-0.7053296371955702,0.11454934441681268
-0.6955552423941562,0.12393151361452148
-0.6996245658569474,0.11340917151826518
-0.6966637680802922,0.13513931402091892
-0.6950843212418161,0.12384821708558807
-0.693410046139884,0.13369284781637034
-0.69327185523855,0.12853275909964154
-0.6940321835568298,0.13077185127674304
-0.6999300458368358,0.11378486685716291
-0.7040455238730634,0.10340900200922452
-0.7051224448135973,0.1145257707879593
-0.6996109127658731,0.11310967646666013
-0.689800267648392,0.1300938959500264
-0.6995094020019402,0.12372595804383849
-0.7013580215078329,0.12090847655924078
-0.7000732767892025,0.11917096805954842
-0.7052807989654151,0.10138629071070936
-0.7041651776688105,0.1079043845353852
-0.6959547833867978,0.1273650771278165
-0.7036899589578872,0.10325781689376998
-0.696368541146431,0.11900343280040424
-0.7003586295231201,0.12132329864954884
-0.7012333489570467,0.11273004343997595
-0.6951953005407818,0.12044725554789094
-0.7008954570200071,0.11582355335167253
-0.7012258166633046,0.11758126832191422
-0.6921697180684934,0.13370254147302912
-0.6948392828387993,0.13816904778907935
-0.6993612262890461,0.11223934059682904
-0.7054291038487066,0.11033381302826131
-0.6961380948375263,0.11598155346611423
-0.7031683694922438,0.10702277541225358
-0.6989326960804296,0.12528409859294207
-0.701071158453038,0.12375734932023745
-0.7006376220469273,0.11563090467804545
-0.702880378669834,0.11237318160129012
-0.7029801912658117,0.11680576195956893
-0.6925328509693777,0.13516436366177798
-0.6929710920352983,0.124540176971834
-0.7046138124822824,0.11397182007058407
-0.6972178858507111,0.12790664663775425
-0.7035116976321013,0.11036501374257314
-0.7040357585405529,0.1081646655968253
-0.6968026649163438,0.12180130504985648
-0.6949891866517705,0.1327086091391287
-0.7038945580158152,0.10648520030794736
-0.7030415202695682,0.10530995936854153
-0.7030012195175155,0.11027834418909246
-0.6916512687408761,0.13456366711405138
-0.7045729907830429,0.11055006965332069
-0.7022870675954747,0.11141672435694135
-0.6966379602600375,0.12400953883135869
-0.7039527804619,0.1047742559366174
-0.6999448870437781,0.11062572564686841
-0.6977955906633174,0.11523967109331759
-0.7047456044599953,0.10908478085896957
-0.6958900529174747,0.11890918677970873
-0.7012734376192693,0.11628651701971249
-0.6994857456900155,0.11392066342442264
-0.6952089945485768,0.12657906411992165
-0.7052045980330346,0.10819933038376295
-0.6957003304770009,0.13059326658389292
-0.6965783364279116,0.13354912274701072
-0.6956534201700443,0.11541200153348499
-0.695964667964488,0.11923691435967473
-0.7044160106934229,0.1142825931448084
-0.6942463599206602,0.13132975367319458
-0.697738055280066,0.11823721514221328
-0.697835273650258,0.11876467041351305
-0.6957411323821763,0.12310684206014413
-0.7013637700793228,0.11451561036652817
-0.6996036914581676,0.11079064587788696
-0.6960181188663795,0.1296565844927331
-0.6981516410921561,0.1234589814825687
-0.6971920215497669,0.12360916738182225
-0.6956366610238421,0.11804739083512011
-0.6983859774392915,0.1253616243797276
-0.701358315001569,0.11567940179408188
-0.7020230865983562,0.10880891666402441
-0.7051268119985857,0.10612753169957372
-0.6955919647736222,0.12093812545880664
-0.6980568622493866,0.13070617320262556
-0.6994221525189359,0.11716882116653157
-0.6973056038202984,0.12283495320439225
-0.7057930097032048,0.11161776953246227
-0.704009182568976,0.11048697560506797
-0.7002401962531062,0.1106348250559
-0.6937245836788393,0.1288169121948728
-0.6996655000276312,0.12053859574795389
-0.6997623008139873,0.11600831922633165
-0.7002272932862648,0.11883089061183134
-0.7020363893859495,0.11861508375292983
-0.6981634217908408,0.12827271240582053
-0.6989009574893505,0.12303140540881227
-0.6983472496978623,0.13112642546067907
-0.6994078631509489,0.12080426910426717
-0.7044408575229072,0.11119195580545713
-0.6947623770497333,0.11713849594268569
-0.6943680955869866,0.12779108101682532
-0.6975491067807619,0.12737915283625426
-0.7016394870438414,0.11571156136164265
-0.6976870775241065,0.12046431730703844
-0.700643587256326,0.12064132716575764
-0.6981763726802956,0.12407245203074349
-0.6981568256670283,0.1265077348905825
-0.703047335417638,0.10978041522442156
-0.6962758336494146,0.13240199730218175
-0.7007893224193597,0.1222123920428094
-0.706716573067015,0.1041373164844701
-0.6995478521813044,0.13019888846175978
-0.693861311292446,0.12318532537812277
-0.7001483658196951,0.11428970825430211
-0.7034715095084354,0.11000689961875093
-0.6966348597759444,0.12386514037427224
-0.6985223540641544,0.13111124550248612
-0.6952697211879022,0.13175603269002178
-0.6930569665154716,0.1322321577193196
-0.6972950338121444,0.12420704114825964
-0.699476430080371,0.11366775445757746
-0.6996231658530347,0.1301092168370382
-0.6984905194534922,0.11489539635009313
-0.6950505492353214,0.1207727829197587
-0.7021537086896895,0.11661506906858034
-0.697729438831944,0.13009345269660963
-0.6975434028084567,0.1154501003027717
-0.7001612590005419,0.1121614431036529
-0.6999576676282266,0.11532586623681232
-0.6958072190204394,0.13197546102757043
-0.7010235969689889,0.1127645042268543
-0.6981652914967624,0.1231335552863053
-0.6908899368190948,0.1273758224785029
-0.7013197537338626,0.12416820381750042
-0.7034435316078783,0.10804800616981677
-0.6975046825213806,0.11999047216042627
-0.7003410322277551,0.10861406265614051
-0.7054082379933836,0.10672283011359715
-0.6996558945985144,0.11408542407400352
-0.6977948725093923,0.12071056858354288
-0.6929300918628849,0.13853996079545633
-0.7024979294068728,0.11384737548230803
-0.7029749305797246,0.113941564128412
-0.6974628835518909,0.13105785015234994
-0.7013755002688873,0.11311134254407511
-0.7003151582627497,0.11987955796984132
-0.6934597881393005,0.1306683115352389
-0.6996972185374066,0.11787814920556242
-0.6949192495293571,0.12426119870336425
-0.6948638978628398,0.12705153849444606
-0.6981132750408816,0.11674417166345151
-0.7047597146412784,0.10681468440261466
-0.6939723016120573,0.12674271600648923
-0.6925926229371325,0.13269769786385013
-0.7046295818723858,0.10873142550244179
-0.7005749774169768,0.1268712236803308
-0.6995078901759083,0.12558502152450923
-0.6922899756462045,0.12752546731310102
-0.698137096993569,0.1283936148518547
-0.6947272089140043,0.11987832006045288
-0.6974164148973542,0.11718449411920905
-0.6957482047347381,0.12266876992727757
-0.7008909602690566,0.12381452231608706
-0.7038614121308964,0.11089263611448073
-0.6980134054126823,0.12643984068005637
-0.6994383424609399,0.12672891144060353
-0.7042025408782908,0.1182638035593312
-0.7054504628165075,0.10661484219228026
-0.7034999349971806,0.11274082602342363
-0.6915453509391607,0.1279506417902035
-0.699527113716075,0.12779253272586663
-0.6974253147229018,0.12884258535353132
-0.6977610689552355,0.11712429436742526
-0.6981154078270208,0.11504241738203184
-0.6983710738718132,0.11786908472446433
-0.7004493182691145,0.11292110406655853
-0.6991312474700976,0.11970193996352448
-0.701807154699024,0.12176469554111921
-0.7036886121810969,0.11029949646789218
-0.6996272684462217,0.1143927753684845
-0.6909631835956226,0.1370150609429373
-0.6974107946037968,0.12511309346843924
-0.7034787892278299,0.11201126063123354
-0.6918500054873341,0.13589660384619284
-0.6986087136759703,0.11390585387772542
-0.7015137701108698,0.11527700255822439
-0.7024181597715926,0.11174055309863559
-0.701581365023843,0.10982747712970028
-0.6998981478388521,0.11120402107941862
-0.7028939582462339,0.11595312917701292
-0.6970755382987595,0.1288390908578118
-0.6996069290129533,0.11919134306333562
-0.7026311575698219,0.11833323746222545
-0.6966387772556983,0.12611703951107614
-0.6951561884965596,0.12376631643344992
-0.7025017488643299,0.1120397757097485
-0.6915053723983345,0.13647568270940927
-0.6975258183793629,0.11360970481461104
-0.6988737651894394,0.12244731313155584
-0.7003227302990801,0.11379390596914492
-0.7003535748039588,0.1178644456703271
-0.700136934675613,0.11313566914459858
-0.6955799424174102,0.13303418564405992
-0.6991007405327,0.12551482936526623
-0.7002941508880324,0.12037614568871616
-0.7011868261301267,0.11291708091217081
-0.6958788833006699,0.13485051582929294
-0.7000349456524669,0.11900629196354527
-0.7005912670674237,0.11172453564819337
-0.7001096148879289,0.12286977874285304
-0.6990346540390142,0.12089439523727837
-0.7001309453263995,0.11150098233183661
-0.6968026231132503,0.12553548487155367
-0.6997024589302634,0.11888872955051144
-0.6972886757903326,0.1288776264507687
-0.7027309791607528,0.10771821504365864
-0.7054309146834209,0.10394150130064705
-0.6938679119375856,0.1277703870049471
-0.6962420645495202,0.12147969648850826
-0.702255312195826,0.11874681000244218
-0.7030279881243808,0.10978043996958158
-0.7049027429395338,0.10474422712666379
-0.6995617334208256,0.11786687300260373
-0.6952424399168854,0.12548325178958764
-0.7005050211303632,0.11250069099430093
-0.6989684961319867,0.11738893806980526
-0.6965859678218916,0.12299064133478702
-0.700332764580628,0.11664549888773243
-0.695751535279983,0.13243373085832624
-0.698087711706653,0.11672280665752698
-0.705453007164801,0.10768349631228821
-0.7027113113434428,0.11566495847795177
-0.7039859673415074,0.11247618650442698
-0.6995075377047978,0.11589039237084908
-0.6970569430332025,0.1221289334269386
-0.6901462365170451,0.13206190268482645
-0.6941251672003494,0.12233565506094506
-0.7025671245162293,0.11669699806508438
-0.7041211575503188,0.10930176317743924
-0.6969089372985734,0.12030704189869348
-0.696335587980388,0.13079081323032424
-0.6995973424356733,0.11268859812003987
-0.699778129542181,0.12744914832463797
-0.6987639187210992,0.12473004770273466
-0.7025823624463451,0.11757072051132113
-0.7021261776799543,0.11667831629032624
-0.7011690749269037,0.11411232861036491
-0.7026766017017375,0.11047237970172993
-0.6997054671703257,0.12393813067217625
-0.7006634820584441,0.10867925932675043
-0.7007525296117131,0.11788132400404644
-0.7014688658534847,0.1238718392252767
-0.7036063105234439,0.11456026380451566
-0.6942440225044404,0.12639477488101877
-0.6961033040298289,0.12172630043888634
-0.7000100785217258,0.11448865214133612
-0.702181409443963,0.10859272615909527
-0.7034498365436771,0.11086002899901873
-0.704865785789458,0.10839902010914033
-0.6935855251021409,0.12257041638885213
-0.7031805493859673,0.11164718602552916
-0.7005844286640788,0.12357089958680918
-0.6962997746345412,0.12405236360003785
-0.6985984984557382,0.12032431091167681
-0.7003637420469574,0.12476469289340714
-0.6952290410698175,0.12723138581386118
-0.6928377096338545,0.13233696826043062
-0.696808735849371,0.12849160648296518
-0.7047875828677896,0.11248920829324957
-0.7028079710451632,0.11730859719600108
-0.7052432343109525,0.10632835591114326
-0.6934084863908468,0.13438040510982352
-0.6950367522279514,0.12244179410400542
-0.702196958370873,0.11883488137039319
-0.691441806719335,0.13326508139359974
-0.7015500089606419,0.1167084532660748
-0.6985834450389075,0.11586284639080742
-0.7047087865222635,0.10903448917675973
-0.6961779656382712,0.12147803810138022
-0.6911237019462645,0.13379047696337248
-0.7021969242735348,0.11540208331344594
-0.7036647836097806,0.10513727594889219
-0.7019593892807561,0.12125025283519444
-0.6957681807235889,0.13061350724147344
-0.6951820797182215,0.13251033066688886
-0.6937935000055102,0.133525925191274
-0.6998511201020002,0.11357977309291709
-0.6963472634377497,0.12883909824777176
-0.699385265585185,0.12788176196617937
-0.7013940517403946,0.11965098842889788
-0.6932191246456288,0.13467323833857542
-0.7042195684616389,0.11167677571444651
-0.7027696170777171,0.10935937299864326
-0.7027386790164322,0.10917845194962385
-0.7005065065552706,0.12132555448525406
-0.705465089255293,0.1110730278347828
-0.7005945066543418,0.12307457897628372
-0.706218708087392,0.10669370859860576
-0.6941196554862563,0.12716448576571798
-0.6952689710820689,0.12337565773432291
-0.701374012525809,0.10772856379981109
-0.6958282092073288,0.11814330518930985
-0.7054368061446044,0.10481712750610166
-0.7036305111384732,0.11430786748925863
-0.6994381289875784,0.12738861582530908
-0.6979585960983733,0.11612586501180071
-0.6982725254484344,0.12642431974140778
-0.7025593007302007,0.11630005566770352
-0.6955064270647814,0.12081539964039302
-0.6984487641572872,0.11359527375782273
-0.6960671707290986,0.12289358758133881
-0.6995442534134378,0.1254521828797566
-0.6927095467147614,0.12897008590242923
-0.7012107668319721,0.11645149064168961
-0.6935259773361548,0.12935511243002087
-0.6930573449834864,0.12809036210429361
-0.700193745432843,0.1265683142642726
-0.6995323842232531,0.12009343088913045
-0.693518992429231,0.12360581653047988
-0.697314830236933,0.12107608178557529
-0.6961879476810571,0.12003013603858818
-0.6977094257837726,0.13161950425154031
-0.6976216627352398,0.11879103105726813
-0.7023267763673232,0.11912926838724454
-0.7028074977696664,0.11183790533337044
-0.6977132524170526,0.128263311260503
-0.7012963472076393,0.12044564744521898
-0.6959811589673169,0.11871280496716585
-0.7008382949998431,0.11217659877027823
-0.6979896547198815,0.1219277417150902
-0.7023601560487138,0.11731210022669573
-0.7014433605127505,0.11678371811468075
-0.6996704331340684,0.12036926815431546
-0.7006025336449876,0.11856388438755405
-0.6938849165520588,0.12886725585344722
-0.6988475278835481,0.12559317553350943
-0.7002378952688871,0.11630879426835458
-0.6981947375754934,0.12036083758462031
-0.7019027171169209,0.1124595700554697
-0.7022994995684797,0.1124003369725763
-0.7011593388621182,0.12353832579701154
-0.6988393929654255,0.11425335669356376
-0.6946107439518981,0.13269085780893475
-0.6935118102027987,0.1380114052178845
-0.7012472319494706,0.1204351925181605
-0.6948599419460845,0.13091457194497305
-0.7005272819807301,0.11593080722178098
-0.6992422837103125,0.12662655145395463
-0.6990635385220322,0.12002658712391732
-0.6961203804274013,0.12200203708077688
-0.6937971244794684,0.12610441615867207
-0.7052501666922809,0.10558805758033687
-0.7039962246828563,0.11080022432848503
-0.7015636026918519,0.11324970714931375
-0.6966003606099604,0.12539732505957374
-0.6953487817301867,0.1267157768004314
-0.7003494697433668,0.11374711933305545
-0.6970127042592069,0.12514867937814655
-0.6981302093980325,0.1136639493710875
-0.7009768751491976,0.1169036675411266
-0.6929500827168444,0.13384545904120573
-0.6991197126322664,0.12126052124889046
-0.702172664390323,0.11317804779129825
-0.694406992030885,0.13442702646483431
-0.6953465746542623,0.12436842988291602
-0.7005016522878305,0.11615662211151477
-0.7014650975459256,0.12076282958112157
-0.6988671895897086,0.1211768739195135
-0.6943961487424829,0.12257018491407873
-0.693150087940815,0.12444761606918596
-0.6945031217105196,0.12941920321939307
-0.6945866951246707,0.12282562964478354
-0.7000022335708055,0.11651150130662018
-0.6962498448660447,0.12512689091116133
-0.6983927611200801,0.12899055442178786
-0.6943665595149447,0.12544219139378396
-0.6961427732327266,0.1296970461840355
-0.6971100426616911,0.12635496004504262
-0.6943077690535981,0.1311229908776612
-0.7006994674924784,0.11765645608709922
-0.7042206888693646,0.11239460549095572
-0.6977284828094533,0.11638282944216946
-0.6974758502345896,0.12403058027878239
-0.7028529366282567,0.10614100751052909
-0.6972501372694256,0.12928699976760397
-0.7034297812826389,0.11002860063976058
-0.7004454948700496,0.1126804123652893
-0.6949703883556622,0.1307433146435038
-0.698934467260614,0.1256147992743349
-0.6976613667104742,0.1264592586377211
-0.6997584823524577,0.11575899365705777
-0.6984854941870571,0.12094747377261962
-0.6943939075975449,0.13035814980412122
-0.6932816251759129,0.13424908071402541
-0.6982497238545728,0.12974045855721822
-0.7038643216275384,0.11405513926043342
-0.7031250671943027,0.11731671640004868
-0.6975716222969794,0.12619903881331293
-0.6983516966442169,0.12212958570070931
-0.7007689817232525,0.10844220713595759
-0.6990282787842557,0.11651835677584876
-0.6963699235077013,0.12078577485016045
-0.6962841326732022,0.12807477658611796
-0.6968134353041299,0.1281368301501913
-0.6968788393490098,0.11823137677044875
-0.6958184176099215,0.12238999514539574
-0.7022770035706295,0.1101531123384243
-0.6997153827898163,0.11942324860435528
-0.6957438528332286,0.1194341524535629
-0.693578450623988,0.13117225656202774
-0.6933819403537241,0.13621820222099915
-0.6982347933465335,0.12195904653220481
-0.6995438242904758,0.11352986652307186
-0.7009398371260046,0.11365820706303849
-0.6961501558992451,0.12592863189635028
-0.7003478656715046,0.11196727516071198
-0.6993063654532492,0.11754881615564258
-0.7022461086387314,0.11327962486550866
-0.6965536697320781,0.13197477640245564
-0.7019573250913848,0.11195878978104677
-0.6968917845661498,0.12833095526239804
-0.6943101898800886,0.1309523792195265
-0.6967638723134879,0.131438033282057
-0.6980184456976798,0.12161698976732473
-0.6985778978782634,0.12845502930890648
-0.7038663840088591,0.11341553948486968
-0.6985829173173369,0.12288329493883554
-0.6952361777037628,0.12839754372228424
-0.7005892421354813,0.11630207256999375
-0.6969564253728396,0.12049185077705447
-0.6989337036466173,0.12026849548822008
-0.6956043285519043,0.13230862088538362
-0.6945609863462121,0.12541550159468487
-0.7003290388589868,0.11918440056674055
-0.6938439452659236,0.1255773440982038
-0.7037608341758228,0.1074390767075509
-0.6976275490840997,0.12205294265802626
-0.6999679249964993,0.11308860742628388
-0.6975225831524575,0.12470644898118706
-0.6919978605481408,0.1296801317131666
-0.6983925600568445,0.12049553849929232
-0.6991252229484478,0.11281868259219335
-0.6954619947428342,0.12276665981554612
-0.6962844531976845,0.12172340214939971
-0.7033156687620246,0.11181955407557993
-0.6997545360277322,0.11736993841913257
-0.701447477427981,0.11698093823591561
-0.697679474554814,0.12747861492852897
-0.6963221342040876,0.12461053760872523
-0.7009566910747084,0.11409696778397918
-0.6968785492687914,0.12206586892656177
-0.6957579114609577,0.1274200529897703
-0.6963682033435291,0.1276262131653652
-0.6945738519584875,0.1261254915252037
-0.6995388614464096,0.1181978778294222
-0.7004086899186969,0.11854411358592684
-0.6965420393589655,0.12662844166380788
-0.6996591018521598,0.12200967604247225
-0.6965245178451309,0.12507169234900448
-0.7008603105800313,0.11026921706343885
-0.6986168402319921,0.12669267384771896
-0.6960573753572187,0.11844284619203664
-0.6962692720128999,0.12708035280871138
-0.7004707421856505,0.1124261583467759
-0.7031791934230041,0.11290420648544322
-0.6969723005094219,0.12349891100912629
-0.704107149164036,0.1109839976565849
-0.6954784826790537,0.1215875195273416
-0.6964263767966069,0.12570442185679626
-0.695359262807091,0.1241497821552029
-0.695395613982906,0.12576654499592574
-0.6972474100397413,0.12415594262721452
-0.7008898871348408,0.1162713811456872
-0.7020860386556033,0.11222696936365407
-0.7000058394198598,0.11740080545660116
-0.6972502589162444,0.12325557248178083
-0.6948300983805437,0.12745913445160978
-0.6989341310994835,0.11972662478768094
-0.7013539846345357,0.11901302581808734
-0.6945559096665908,0.12350580400057379
-0.7034113509188026,0.11336191979953666
-0.7001040773517067,0.12320468089761907
-0.7013972661198314,0.11379721861516012
-0.6936203091202721,0.13323593917859242
-0.6995558149221013,0.12290921792738049
-0.6970878968875643,0.1247048469849885
-0.7028502053518118,0.10883971401224805
-0.6940071420957165,0.12901176788540875
-0.6969657426075194,0.12057389254434842
-0.6940317162711968,0.12444578881848009
-0.6989739868284086,0.11981111482320139
-0.6935021489493314,0.12763331029309274
-0.699323861429308,0.1160425810824734
-0.6937017824778201,0.13342939079910573
-0.6980386171521773,0.11602617884470477
-0.6982240613250708,0.1229429176649145
-0.6978974712154326,0.12392644457877952
-0.6979607232439167,0.11870360801635796
-0.6983100545590205,0.11772871526302206
-0.6941971823273599,0.12201190287853321
-0.6941607247428208,0.1274017757028318
-0.6985541588067175,0.12269929359321509
-0.6978839970288938,0.12236416618497208
-0.6979919424429266,0.11668487200210095
-0.7016978645073544,0.11974320677594481
-0.7004521305421212,0.12177419474297713
-0.6941157441389291,0.1261417671163665
-0.6977722064531213,0.1299514616020107
-0.6936147807638618,0.12322803232832188
-0.7016309360637251,0.11599911757277787
-0.699065387644865,0.11282261638115447
-0.6981259096242481,0.12196026883283553
-0.701368135142937,0.11690777113362497
-0.7030517675847627,0.11344670578426007
-0.699261833275798,0.12285025666980184
-0.6945787708672968,0.13071217460849796
-0.7000871412673842,0.12029457956334477
-0.6981071494002167,0.119574198604849
-0.6962415688143598,0.12148855726540234
-0.700486303736335,0.11425634895884448
-0.6959055044239888,0.11970026410117335
-0.6935108597078243,0.12298086491892511
-0.6971667004158736,0.12255747633680027
-0.6985560071490506,0.124840246578991
-0.7002875994948067,0.12315925313700853
-0.7007666804390438,0.12237850913175632
-0.6965452912037325,0.12551380004455853
-0.6998003339709865,0.11653091476789267
-0.6920493336184281,0.13056934826446281
-0.6969745219893615,0.13125726604225693
-0.6974993595409914,0.1188605423282938
-0.6974856327869725,0.1225328054365842
-0.6994859388669605,0.11744607184583815
-0.6980503717905775,0.11982489253998276
-0.6958905274856453,0.13044281002292518
-0.7019127550532411,0.11545711629994604
-0.7029236681763101,0.1111161397327158
-0.6973578155166511,0.12309516034691584
-0.7016217185534372,0.1175102719020354
-0.6992941065134692,0.11832186729473493
-0.6981776504606645,0.12487550608722801
-0.7020870092809287,0.11514069847495405
-0.694576484245558,0.12821543123737428
-0.7017753352282985,0.10940956283906528
-0.7006928088065759,0.12319005682083319
-0.6959206825972003,0.1299179166909348
-0.6976561379396645,0.11522395813409865
-0.6979699134664061,0.12566932858944577
-0.6933546389914551,0.13018352320106605
-0.6948150230172278,0.127787643625625
-0.6954071809928035,0.13090718068931792
-0.6993419456920178,0.1178731973663041
-0.6989802202036121,0.11877780161687315
-0.6945721650103385,0.12877433998244192
-0.6981030382424618,0.11973808099140201
-0.697928015039001,0.12928928743609305
-0.6961939573791522,0.12378184391939409
-0.6947973291731272,0.1319959610398621
-0.6950217808551629,0.12532645898144296
-0.7012241946282795,0.11690834493591346
-0.6985479201252495,0.11305621024852158
-0.7005908472942894,0.11440844436625314
-0.7007330873318637,0.11844899780451781
-0.7011560595971101,0.11349815543774602
-0.7022808200634062,0.11517077022161326
-0.6941442141057318,0.1319351378392086
-0.6945488044862382,0.1290130994718822
-0.7003814506469227,0.12436568637336731
-0.6992405378732193,0.12035576485174924
-0.6986818106478735,0.11492686252318422
-0.6978573387050553,0.1280405426679966
-0.6980798466315611,0.12183612139848884
-0.6963365792914761,0.11980693758836924
-0.7005144959395706,0.1227005737384046
-0.6965805309258136,0.12863849291695723
-0.6952037340592774,0.13177207711893055
-0.69628643382966,0.13046486974045998
-0.7028963302860208,0.11658538928055512
-0.6947800590478145,0.12460077666866844
-0.6981019315271533,0.11574103246687484
-0.69557659358742,0.12185667841327974
-0.6981921457352567,0.11979600652732275
-0.7029301682686281,0.10994773576357411
-0.6977110499863105,0.12491335228298348
-0.7008770348586488,0.11523842976117693
-0.702453402141416,0.11793122808590671
-0.6958151302908824,0.13178490114888633
-0.6994881182408244,0.11826714747073602
-0.6972459247554484,0.12086288427411966
-0.7020946516201662,0.11751059073753176
-0.7039605681279911,0.1124615343188011
-0.7030153444391444,0.111192480018812
-0.696312468245563,0.11840408826771347
-0.6962878611541662,0.126469745231478
-0.7023263116927221,0.11060426661078565
-0.6966664012317936,0.1267552430425043
-0.6966936101627599,0.12047429488664423
-0.6970373476944934,0.12492489331248934
-0.6983251613061986,0.12656582990574905
-0.6927599661341989,0.12861204283232533
-0.6959219425692997,0.12387327378152403
-0.6983452453412098,0.11866010550466177
-0.6951857392898356,0.12815402108117158
-0.7018301722663602,0.1194501205067945
-0.6969414563406731,0.11819478277840309
-0.6991582257539511,0.12019118496240304
-0.698096625015246,0.1183165323421938
-0.6964374204896461,0.12534921555524192
-0.6983950076515946,0.11922091021639777
-0.6946808190859601,0.1272948735710829
-0.6959029944374908,0.12424591878708904
-0.7000964075777634,0.11529757188070097
-0.6967666694696372,0.12215977884694229
-0.7002055524603333,0.1157990412365905
-0.6966024663883474,0.12516432589863
-0.6963167179960283,0.13017247394839165
-0.6984871880585203,0.12705655173034786
-0.6979119974903885,0.12235653246562875
-0.6987172162057993,0.12159421334906406
-0.69314561480226,0.13046303475786153
-0.7007221968309129,0.11780702777054047
-0.6949468806290945,0.13396158990441978
-0.6999598676255876,0.12258090064513477
-0.6957891473688835,0.12685631484918142
-0.6985438383314289,0.12078013558885729
-0.6994150137172704,0.11997298571463728
-0.6989379931424072,0.1190660199497185
-0.6988427852863968,0.12424418079786788
-0.696632097725159,0.11898687531949496
-0.6956772111817715,0.1236840619374609
-0.6985403761853022,0.12154881657698946
-0.700577449993858,0.11508997961182718
-0.6955077349969849,0.12186694559863377
-0.6989319537505486,0.11851612891862542
-0.7021856501546546,0.11215287446656491
-0.6998867168526336,0.12443944103579346
-0.6994290664956194,0.11887200748232835
-0.6988064218814353,0.12013249757227301
-0.6990074279729706,0.12574956361827225
-0.6951042483494645,0.12606581189158114
-0.6985552832613782,0.12287476389181114
-0.6969537938798774,0.11753370635450128
-0.6959548698555915,0.12374005070917854
-0.6999648964767098,0.117304257808265
-0.696280630834553,0.12355885864991509
-0.6957345228831876,0.12256130883133483
-0.7030120670323974,0.11348591760141406
-0.6933038833042394,0.1251718328595811
-0.6964206472220839,0.12318018645073121
-0.7002564312604308,0.12312372825437655
-0.6983701648472012,0.11636504447687947
-0.6991613588853077,0.12377984631648987
-0.6981717912110371,0.12307355413808292
-0.7017886876131859,0.11770147118378192
-0.6985170382590552,0.11937422078281167
-0.6992106904825234,0.11783279403540504
-0.7011186394120388,0.11401693153470102
-0.6956786222125856,0.12738359923341744
-0.6958343748448858,0.12758190641338468
-0.6991564546727337,0.12065762155536171
-0.6993171280070649,0.11332992767022136
-0.6991246633585518,0.11745673422145902
-0.6989298104166457,0.11855228892482941
-0.6972768796990939,0.1288387635393014
-0.6971212400304022,0.1298345636897903
-0.6997020563958108,0.125885224745094
-0.6986598968071913,0.11547047551953558
-0.6964622953366756,0.12461461284158325
-0.6944205568749735,0.1333788028948137
-0.6980258236632358,0.124160283909083
-0.6997497909600627,0.12217970557480974
-0.7006018603470813,0.12126609422145489
-0.6991236555830319,0.11838189231738312
-0.7020280556223661,0.11415712899088643
-0.6952953519608419,0.1227915983233641
-0.697130797705871,0.11765946836575049
-0.6989488232630227,0.12216092951956785
-0.7019076401573389,0.11583601341939825
-0.7027000886140832,0.10986806176281494
-0.6947721020196669,0.12879103113635815
-0.6956545068558627,0.12847237383970248
-0.6975085607263886,0.12293980972449069
-0.6974330888704935,0.12012974001327627
-0.6946893852634379,0.13191192055658715
-0.6986980930777829,0.1184250036167132
-0.7004901743640786,0.12001207128015196
-0.7005364339094416,0.1216510996952902
-0.6987177003915029,0.1201301776920359
-0.700646933772782,0.11794449561643579
-0.6947590030087013,0.13015833665683033
-0.7011497936714789,0.11684377958571389
-0.6969982865803193,0.12273420496089735
-0.7018500506942886,0.11149739678742476
-0.6997844343898435,0.12034390958802428
-0.6959360820882112,0.1254724191980909
-0.6928906081125479,0.1282232855974936
-0.6996466289793749,0.11568675470311895
-0.701605295187858,0.11211161073524527
-0.6964841202764899,0.12652183257082564
-0.6964301395768016,0.12064892591079164
-0.6997224871855355,0.11782048278532296
-0.6929295727334455,0.12952780946609918
-0.6961092122131188,0.126156997018376
-0.6965913191929037,0.12458171531005983
-0.6976512289999117,0.12833884684098132
-0.7008842419764314,0.11882060951830395
-0.6980604566540357,0.12056583275896317
-0.6966941316907359,0.12615416196139026
-0.6986534924940215,0.12740641759226776
-0.6977281016587079,0.12052869643368772
-0.6977657595631802,0.12543305646513628
-0.6978298851348829,0.1230771786751553
-0.6977618396724901,0.11994229155661186
-0.6974589995294221,0.12019606027636094
-0.6964531905903258,0.12770170348893842
-0.69773776281461,0.12093361541486386
-0.6938544141148041,0.12698498967233604
-0.6997357519291021,0.11479206987755987
-0.698252339263875,0.12218809764529613
-0.6985466793707696,0.12151158006047363
-0.6962163074290755,0.12528679475396085
-0.7012976287013406,0.11648551702142561
-0.6973683887282351,0.1241522519280323
-0.696322942563822,0.1242535093311588
-0.7001806933880805,0.11933651437186185
-0.6969014693214104,0.12315737506005055
-0.6982198337995047,0.12514684829177702
-0.6980868680328458,0.12230882341949909
-0.7006103068006075,0.11504833865662575
-0.6990777734181236,0.12291830134828288
-0.698470870918996,0.11958436707345686
-0.6953466187902837,0.12764449394326852
-0.6966665995278409,0.12229011455892781
-0.699052997183857,0.12297962359434618
-0.6944242810691841,0.12891485996533553
-0.6983996278364746,0.12589599456291453
-0.6955613526636214,0.12531934451087953
-0.6979671303579502,0.11823787209687296
-0.6982521690990986,0.1224134763205629
-0.6952687983713525,0.1267647919357232
-0.6953512832504909,0.1269715442567469
-0.6984681950442909,0.12113879319479792
-0.6980194128089783,0.12494465074601313
-0.6959996493633694,0.12659141533661292
-0.6963130642647626,0.12818149199334405
-0.6949248787240202,0.1294084878827578
